count,link,ts_recv,e2r_ns,w_recv,pgen_effective,bit_success
1,A,1791307089352396921,208115,1.000000,0.043755232479,0
2,B,1791307089352621748,177814,1.000000,0.117768731071,0
3,A,1791307089352888815,165791,1.000000,0.043755232479,0
4,B,1791307089353294089,183492,1.000000,0.117768731071,0
5,A,1791307089353320929,134657,1.000000,0.043755232479,0
6,A,1791307089353730334,139826,1.000000,0.043755232479,1
7,B,1791307089353757743,105793,1.000000,0.117768731071,1
8,B,1791307089354045349,79127,1.000000,0.117768731071,0
9,A,1791307089354160908,117883,1.000000,0.043755232479,0
10,B,1791307089354284066,50193,1.000000,0.117768731071,0
11,B,1791307089354492214,49590,1.000000,0.117768731071,1
12,A,1791307089354547773,113712,1.000000,0.043755232479,0
13,A,1791307089354924138,109491,1.000000,0.043755232479,0
14,A,1791307089355302313,111511,1.000000,0.043755232479,0
15,A,1791307089355682098,112880,1.000000,0.043755232479,1
16,A,1791307092357354701,339876,1.000000,0.043755232479,0
17,A,1791307092358175360,384091,1.000000,0.043755232479,0
18,B,1791307092358234469,443715,1.000000,0.117768731071,0
19,A,1791307092358833141,272948,1.000000,0.043755232479,0
20,B,1791307092358852931,268167,1.000000,0.117768731071,1
21,A,1791307092359295295,170009,1.000000,0.043755232479,0
22,A,1791307092359745019,160191,1.000000,0.043755232479,0
23,A,1791307092360168574,147673,1.000000,0.043755232479,0
24,A,1791307092360557089,119966,1.000000,0.043755232479,0
25,A,1791307092360936484,118489,1.000000,0.043755232479,0
26,A,1791307092361325228,120451,1.000000,0.043755232479,0
27,A,1791307092361705093,116414,1.000000,0.043755232479,0
28,A,1791307092362085298,117817,1.000000,0.043755232479,0
29,A,1791307092362466263,116370,1.000000,0.043755232479,0
30,A,1791307092362845608,116963,1.000000,0.043755232479,0
31,A,1791307092363230853,121786,1.000000,0.043755232479,0
32,A,1791307092363609168,116039,1.000000,0.043755232479,0
33,A,1791307092363987973,117042,1.000000,0.043755232479,1
34,B,1791307095362649349,315242,1.000000,0.117768731071,0
35,B,1791307095363613297,434023,1.000000,0.117768731071,0
36,B,1791307095364320597,343557,1.000000,0.117768731071,0
37,B,1791307095364890120,249993,1.000000,0.117768731071,0
38,B,1791307095365313184,224429,1.000000,0.117768731071,0
39,B,1791307095365565931,91018,1.000000,0.117768731071,0
40,B,1791307095365802008,81136,1.000000,0.117768731071,0
41,B,1791307095366045254,81003,1.000000,0.117768731071,0
42,B,1791307095366278861,80110,1.000000,0.117768731071,0
43,B,1791307095366496028,57878,1.000000,0.117768731071,0
44,B,1791307095366681066,39757,1.000000,0.117768731071,0
45,B,1791307095366837454,45486,1.000000,0.117768731071,0
46,B,1791307095366984962,40404,1.000000,0.117768731071,0
47,B,1791307095367127460,37373,1.000000,0.117768731071,0
48,B,1791307095367270188,37312,1.000000,0.117768731071,0
49,B,1791307095367415446,39780,1.000000,0.117768731071,0
50,A,1791307095367551265,205932,1.000000,0.043755232479,0
51,B,1791307095367561234,40689,1.000000,0.117768731071,0
52,B,1791307095367699033,36619,1.000000,0.117768731071,0
53,B,1791307095367843841,40717,1.000000,0.117768731071,0
54,B,1791307095367988999,37896,1.000000,0.117768731071,0
55,A,1791307095368058038,134636,1.000000,0.043755232479,0
56,B,1791307095368127657,33865,1.000000,0.117768731071,0
57,B,1791307095368265025,33773,1.000000,0.117768731071,0
58,B,1791307095368401523,33562,1.000000,0.117768731071,0
59,A,1791307095368448213,123646,1.000000,0.043755232479,0
60,B,1791307095368543181,35531,1.000000,0.117768731071,0
61,B,1791307095368678870,33310,1.000000,0.117768731071,0
62,B,1791307095368826268,45399,1.000000,0.117768731071,1
63,A,1791307095368837087,129914,1.000000,0.043755232479,0
64,A,1791307095369218572,124504,1.000000,0.043755232479,1
65,B,1791307095369376050,38403,1.000000,0.117768731071,0
66,B,1791307095369521068,36911,1.000000,0.117768731071,0
67,A,1791307095369627697,124893,1.000000,0.043755232479,0
68,B,1791307095369670666,42930,1.000000,0.117768731071,0
69,B,1791307095369809235,34380,1.000000,0.117768731071,0
70,B,1791307095369957713,38468,1.000000,0.117768731071,0
71,A,1791307095370002772,120943,1.000000,0.043755232479,0
72,B,1791307095370098561,36127,1.000000,0.117768731071,0
73,B,1791307095370235969,33756,1.000000,0.117768731071,0
74,B,1791307095370377587,37724,1.000000,0.117768731071,0
75,A,1791307095370386567,129292,1.000000,0.043755232479,0
76,B,1791307095370516245,33753,1.000000,0.117768731071,0
77,B,1791307095370655463,34291,1.000000,0.117768731071,0
78,A,1791307095370753732,120682,1.000000,0.043755232479,0
79,B,1791307095370795052,35761,1.000000,0.117768731071,0
80,B,1791307095370934430,36950,1.000000,0.117768731071,0
81,B,1791307095371072068,34128,1.000000,0.117768731071,1
82,A,1791307095371125037,119232,1.000000,0.043755232479,0
83,A,1791307095371495242,117981,1.000000,0.043755232479,0
84,A,1791307095371868057,121841,1.000000,0.043755232479,0
85,A,1791307095372250022,120541,1.000000,0.043755232479,0
86,A,1791307095372627267,120070,1.000000,0.043755232479,0
87,A,1791307095373002972,124110,1.000000,0.043755232479,0
88,A,1791307095373384927,122800,1.000000,0.043755232479,0
89,A,1791307095373761862,120499,1.000000,0.043755232479,0
90,A,1791307095374139287,121489,1.000000,0.043755232479,0
91,A,1791307095374515392,119819,1.000000,0.043755232479,0
92,A,1791307095374892527,121428,1.000000,0.043755232479,0
93,A,1791307095375269222,120178,1.000000,0.043755232479,0
94,A,1791307095375646227,119877,1.000000,0.043755232479,0
95,A,1791307095376020772,120227,1.000000,0.043755232479,0
96,A,1791307095376396007,120257,1.000000,0.043755232479,0
97,A,1791307095376771113,121338,1.000000,0.043755232479,0
98,A,1791307095377147778,122027,1.000000,0.043755232479,0
99,A,1791307095377525193,118887,1.000000,0.043755232479,0
100,A,1791307095377904328,126467,1.000000,0.043755232479,0
101,A,1791307095378285942,122605,1.000000,0.043755232479,0
102,A,1791307095378666437,120145,1.000000,0.043755232479,0
103,A,1791307095379048032,123514,1.000000,0.043755232479,0
104,A,1791307095379426687,120344,1.000000,0.043755232479,1
105,B,1791307098374793127,442389,1.000000,0.117768731071,1
106,A,1791307098381377949,375927,1.000000,0.043755232479,0
107,A,1791307098382022021,279207,1.000000,0.043755232479,0
108,A,1791307098382621183,291599,1.000000,0.043755232479,0
109,A,1791307098383073537,168043,1.000000,0.043755232479,0
110,A,1791307098383527661,169560,1.000000,0.043755232479,0
111,A,1791307098383942706,139208,1.000000,0.043755232479,0
112,A,1791307098384332230,120725,1.000000,0.043755232479,0
113,A,1791307098384709615,117374,1.000000,0.043755232479,0
114,A,1791307098385093310,121022,1.000000,0.043755232479,1
115,B,1791307101378918630,410030,1.000000,0.117768731071,0
116,B,1791307101379880147,428139,1.000000,0.117768731071,0
117,B,1791307101380502749,241603,1.000000,0.117768731071,0
118,B,1791307101380913724,228319,1.000000,0.117768731071,0
119,B,1791307101381296279,218855,1.000000,0.117768731071,0
120,B,1791307101381540015,80522,1.000000,0.117768731071,1
121,A,1791307101388881308,399201,1.000000,0.043755232479,0
122,A,1791307101389431611,160328,1.000000,0.043755232479,0
123,A,1791307101389864515,144494,1.000000,0.043755232479,0
124,A,1791307101390297650,143160,1.000000,0.043755232479,0
125,A,1791307101390690294,114606,1.000000,0.043755232479,0
126,A,1791307101391073769,111713,1.000000,0.043755232479,0
127,A,1791307101391455694,110411,1.000000,0.043755232479,0
128,A,1791307101391832399,107289,1.000000,0.043755232479,0
129,A,1791307101392233604,128426,1.000000,0.043755232479,0
130,A,1791307101392612989,108113,1.000000,0.043755232479,0
131,A,1791307101392989734,108691,1.000000,0.043755232479,0
132,A,1791307101393374519,107488,1.000000,0.043755232479,0
133,A,1791307101393752554,107776,1.000000,0.043755232479,0
134,A,1791307101394131209,108124,1.000000,0.043755232479,0
135,A,1791307101394507794,107051,1.000000,0.043755232479,0
136,A,1791307101394887249,109129,1.000000,0.043755232479,1
137,B,1791307104385266103,409495,1.000000,0.117768731071,1
138,A,1791307104398768434,487927,1.000000,0.043755232479,0
139,A,1791307104399619533,397316,1.000000,0.043755232479,0
140,A,1791307104400336774,324770,1.000000,0.043755232479,0
141,A,1791307104400812017,172926,1.000000,0.043755232479,0
142,A,1791307104401268861,161116,1.000000,0.043755232479,0
143,A,1791307104401704935,140865,1.000000,0.043755232479,0
144,A,1791307104402126650,144136,1.000000,0.043755232479,1
145,B,1791307107389252450,354636,1.000000,0.117768731071,0
146,B,1791307107390007840,319925,1.000000,0.117768731071,0
147,B,1791307107390814980,305883,1.000000,0.117768731071,0
148,B,1791307107391244604,231536,1.000000,0.117768731071,0
149,B,1791307107391637199,225330,1.000000,0.117768731071,0
150,B,1791307107392024334,221294,1.000000,0.117768731071,0
151,B,1791307107392281500,104759,1.000000,0.117768731071,0
152,B,1791307107392533017,104056,1.000000,0.117768731071,0
153,B,1791307107392784344,106102,1.000000,0.117768731071,0
154,B,1791307107393044020,104608,1.000000,0.117768731071,0
155,B,1791307107393262687,72644,1.000000,0.117768731071,0
156,B,1791307107393449725,45302,1.000000,0.117768731071,0
157,B,1791307107393609363,40560,1.000000,0.117768731071,1
158,A,1791307107405262748,235025,1.000000,0.043755232479,0
159,A,1791307107405803681,187528,1.000000,0.043755232479,0
160,A,1791307107406282335,186423,1.000000,0.043755232479,0
161,A,1791307107406723959,168099,1.000000,0.043755232479,0
162,A,1791307107407116754,119486,1.000000,0.043755232479,1
163,B,1791307110397058364,180998,1.000000,0.117768731071,0
164,B,1791307110397788175,321966,1.000000,0.117768731071,0
165,B,1791307110398454236,291373,1.000000,0.117768731071,0
166,B,1791307110398840051,222333,1.000000,0.117768731071,0
167,B,1791307110399116927,118703,1.000000,0.117768731071,0
168,B,1791307110399382144,100554,1.000000,0.117768731071,0
169,B,1791307110399593551,71913,1.000000,0.117768731071,0
170,B,1791307110399797118,70992,1.000000,0.117768731071,0
171,B,1791307110399986996,60373,1.000000,0.117768731071,0
172,B,1791307110400158043,38742,1.000000,0.117768731071,0
173,B,1791307110400321921,34061,1.000000,0.117768731071,0
174,B,1791307110400484979,34431,1.000000,0.117768731071,0
175,B,1791307110400646467,32850,1.000000,0.117768731071,0
176,B,1791307110400809435,33990,1.000000,0.117768731071,0
177,B,1791307110400975333,37740,1.000000,0.117768731071,0
178,B,1791307110401151170,46908,1.000000,0.117768731071,0
179,B,1791307110401316738,36788,1.000000,0.117768731071,0
180,B,1791307110401478066,32498,1.000000,0.117768731071,0
181,B,1791307110401639574,32298,1.000000,0.117768731071,0
182,B,1791307110401803292,33938,1.000000,0.117768731071,0
183,B,1791307110401965409,33366,1.000000,0.117768731071,0
184,B,1791307110402128807,33836,1.000000,0.117768731071,0
185,B,1791307110402289245,31456,1.000000,0.117768731071,0
186,B,1791307110402448463,31976,1.000000,0.117768731071,0
187,B,1791307110402616641,32895,1.000000,0.117768731071,0
188,B,1791307110402785369,33155,1.000000,0.117768731071,0
189,B,1791307110402948836,34634,1.000000,0.117768731071,0
190,B,1791307110403108574,32934,1.000000,0.117768731071,0
191,B,1791307110403266212,30914,1.000000,0.117768731071,0
192,B,1791307110403423760,31593,1.000000,0.117768731071,0
193,B,1791307110403584038,34812,1.000000,0.117768731071,0
194,B,1791307110403745406,32762,1.000000,0.117768731071,0
195,B,1791307110403912594,38762,1.000000,0.117768731071,0
196,B,1791307110404074982,33411,1.000000,0.117768731071,0
197,B,1791307110404232939,31420,1.000000,0.117768731071,0
198,B,1791307110404393117,33250,1.000000,0.117768731071,0
199,B,1791307110404551405,31490,1.000000,0.117768731071,0
200,B,1791307110404715593,33499,1.000000,0.117768731071,0
201,B,1791307110404881681,34179,1.000000,0.117768731071,0
202,B,1791307110405051109,35379,1.000000,0.117768731071,0
203,B,1791307110405210137,31929,1.000000,0.117768731071,0
204,B,1791307110405369634,32708,1.000000,0.117768731071,0
205,B,1791307110405527932,31357,1.000000,0.117768731071,1
206,A,1791307110409233253,217773,1.000000,0.043755232479,0
207,A,1791307110409757836,148563,1.000000,0.043755232479,0
208,A,1791307110410170161,134367,1.000000,0.043755232479,0
209,A,1791307110410566326,133180,1.000000,0.043755232479,0
210,A,1791307110410965860,142582,1.000000,0.043755232479,0
211,A,1791307110411364465,133566,1.000000,0.043755232479,0
212,A,1791307110411748800,128549,1.000000,0.043755232479,0
213,A,1791307110412131655,128433,1.000000,0.043755232479,0
214,A,1791307110412520580,131606,1.000000,0.043755232479,0
215,A,1791307110412909635,135060,1.000000,0.043755232479,0
216,A,1791307110413309359,131112,1.000000,0.043755232479,0
217,A,1791307110413695414,127725,1.000000,0.043755232479,0
218,A,1791307110414079509,130559,1.000000,0.043755232479,0
219,A,1791307110414467404,130562,1.000000,0.043755232479,0
220,A,1791307110414853579,130446,1.000000,0.043755232479,0
221,A,1791307110415243194,130899,1.000000,0.043755232479,0
222,A,1791307110415634939,131733,1.000000,0.043755232479,0
223,A,1791307110416027133,132615,1.000000,0.043755232479,0
224,A,1791307110416423498,132579,1.000000,0.043755232479,0
225,A,1791307110416818063,133422,1.000000,0.043755232479,0
226,A,1791307110417212558,133696,1.000000,0.043755232479,0
227,A,1791307110417601953,130419,1.000000,0.043755232479,0
228,A,1791307110417995127,132491,1.000000,0.043755232479,0
229,A,1791307110418383382,128905,1.000000,0.043755232479,0
230,A,1791307110418784697,131538,1.000000,0.043755232479,0
231,A,1791307110419170782,127732,1.000000,0.043755232479,1
232,B,1791307113409093204,270311,1.000000,0.117768731071,0
233,B,1791307113409998042,456006,1.000000,0.117768731071,1
234,A,1791307113421465930,434994,1.000000,0.043755232479,0
235,A,1791307113422167201,306045,1.000000,0.043755232479,0
236,A,1791307113422806712,351010,1.000000,0.043755232479,0
237,A,1791307113423413204,325395,1.000000,0.043755232479,0
238,A,1791307113424021006,328860,1.000000,0.043755232479,0
239,A,1791307113424470300,166667,1.000000,0.043755232479,0
240,A,1791307113424884845,160857,1.000000,0.043755232479,0
241,A,1791307113425296419,160647,1.000000,0.043755232479,0
242,A,1791307113425706324,157457,1.000000,0.043755232479,0
243,A,1791307113426116398,160246,1.000000,0.043755232479,0
244,A,1791307113426525043,157447,1.000000,0.043755232479,0
245,A,1791307113426934978,160427,1.000000,0.043755232479,0
246,A,1791307113427334872,138747,1.000000,0.043755232479,0
247,A,1791307113427722527,135207,1.000000,0.043755232479,0
248,A,1791307113428107982,137938,1.000000,0.043755232479,0
249,A,1791307113428498577,137759,1.000000,0.043755232479,0
250,A,1791307113428893882,140649,1.000000,0.043755232479,0
251,A,1791307113429299246,149899,1.000000,0.043755232479,0
252,A,1791307113429692871,147029,1.000000,0.043755232479,0
253,A,1791307113430094836,153450,1.000000,0.043755232479,0
254,A,1791307113430497460,150949,1.000000,0.043755232479,0
255,A,1791307113430897965,147550,1.000000,0.043755232479,0
256,A,1791307113431307180,153380,1.000000,0.043755232479,1
257,B,1791307116414090692,412628,1.000000,0.117768731071,1
258,A,1791307116435142623,497568,1.000000,0.043755232479,0
259,A,1791307116436095461,528366,1.000000,0.043755232479,0
260,A,1791307116436825421,356666,1.000000,0.043755232479,0
261,A,1791307116437451973,335931,1.000000,0.043755232479,0
262,A,1791307116438051605,328657,1.000000,0.043755232479,0
263,A,1791307116438529568,210103,1.000000,0.043755232479,1
264,B,1791307119418043924,433456,1.000000,0.117768731071,0
265,B,1791307119418786874,428351,1.000000,0.117768731071,0
266,B,1791307119419341316,261237,1.000000,0.117768731071,0
267,B,1791307119419764761,242023,1.000000,0.117768731071,0
268,B,1791307119420181065,250440,1.000000,0.117768731071,0
269,B,1791307119420444392,92979,1.000000,0.117768731071,1
270,A,1791307119441275766,270200,1.000000,0.043755232479,0
271,A,1791307119441861398,225122,1.000000,0.043755232479,0
272,A,1791307119442347542,212729,1.000000,0.043755232479,0
273,A,1791307119442781166,177226,1.000000,0.043755232479,0
274,A,1791307119443191360,164564,1.000000,0.043755232479,0
275,A,1791307119443610905,172743,1.000000,0.043755232479,0
276,A,1791307119444011820,155372,1.000000,0.043755232479,0
277,A,1791307119444420864,162070,1.000000,0.043755232479,1
278,B,1791307122424170031,426939,1.000000,0.117768731071,0
279,B,1791307122425129078,514747,1.000000,0.117768731071,0
280,B,1791307122425775380,261370,1.000000,0.117768731071,0
281,B,1791307122426327732,271483,1.000000,0.117768731071,0
282,B,1791307122426754017,244789,1.000000,0.117768731071,1
283,A,1791307122448303971,552802,1.000000,0.043755232479,0
284,A,1791307122449193389,465650,1.000000,0.043755232479,0
285,A,1791307122449900300,367682,1.000000,0.043755232479,0
286,A,1791307122450546231,356326,1.000000,0.043755232479,0
287,A,1791307122451153473,333142,1.000000,0.043755232479,0
288,A,1791307122451622907,196989,1.000000,0.043755232479,0
289,A,1791307122452071611,193549,1.000000,0.043755232479,0
290,A,1791307122452519575,192858,1.000000,0.043755232479,0
291,A,1791307122452972029,200487,1.000000,0.043755232479,1
292,B,1791307125430519594,410875,1.000000,0.117768731071,0
293,B,1791307125431330853,349928,1.000000,0.117768731071,0
294,B,1791307125431936305,254423,1.000000,0.117768731071,0
295,B,1791307125432514397,265577,1.000000,0.117768731071,0
296,B,1791307125432947791,239293,1.000000,0.117768731071,1
297,A,1791307125456880094,540957,1.000000,0.043755232479,0
298,A,1791307125457807732,471864,1.000000,0.043755232479,0
299,A,1791307125458534502,323486,1.000000,0.043755232479,0
300,A,1791307125459162294,316225,1.000000,0.043755232479,0
301,A,1791307125459766496,313624,1.000000,0.043755232479,0
302,A,1791307125460234600,181045,1.000000,0.043755232479,0
303,A,1791307125460681494,175390,1.000000,0.043755232479,0
304,A,1791307125461130398,178075,1.000000,0.043755232479,0
305,A,1791307125461578662,176049,1.000000,0.043755232479,0
306,A,1791307125462024826,176134,1.000000,0.043755232479,0
307,A,1791307125462472580,180499,1.000000,0.043755232479,0
308,A,1791307125462899294,156193,1.000000,0.043755232479,0
309,A,1791307125463300319,131199,1.000000,0.043755232479,0
310,A,1791307125463694814,129026,1.000000,0.043755232479,0
311,A,1791307125464084309,124963,1.000000,0.043755232479,0
312,A,1791307125464477674,127480,1.000000,0.043755232479,0
313,A,1791307125464867258,126666,1.000000,0.043755232479,0
314,A,1791307125465258553,126423,1.000000,0.043755232479,0
315,A,1791307125465646848,126349,1.000000,0.043755232479,0
316,A,1791307125466040883,126716,1.000000,0.043755232479,1
317,B,1791307128436706898,442399,1.000000,0.117768731071,0
318,B,1791307128437657585,469577,1.000000,0.117768731071,0
319,B,1791307128438242207,347186,1.000000,0.117768731071,1
320,A,1791307128469402004,392220,1.000000,0.043755232479,0
321,A,1791307128470089385,315664,1.000000,0.043755232479,0
322,A,1791307128470696337,308082,1.000000,0.043755232479,0
323,A,1791307128471215380,220400,1.000000,0.043755232479,0
324,A,1791307128471816362,309788,1.000000,0.043755232479,0
325,A,1791307128472269536,170507,1.000000,0.043755232479,0
326,A,1791307128472685680,151637,1.000000,0.043755232479,0
327,A,1791307128473102575,138119,1.000000,0.043755232479,0
328,A,1791307128473491890,129461,1.000000,0.043755232479,0
329,A,1791307128473875465,126263,1.000000,0.043755232479,0
330,A,1791307128474263150,127325,1.000000,0.043755232479,0
331,A,1791307128474646154,126646,1.000000,0.043755232479,0
332,A,1791307128475033459,131477,1.000000,0.043755232479,0
333,A,1791307128475422144,126289,1.000000,0.043755232479,0
334,A,1791307128475804119,124861,1.000000,0.043755232479,0
335,A,1791307128476186304,125943,1.000000,0.043755232479,0
336,A,1791307128476568789,126135,1.000000,0.043755232479,0
337,A,1791307128476951954,127317,1.000000,0.043755232479,0
338,A,1791307128477331509,123519,1.000000,0.043755232479,0
339,A,1791307128477719774,128811,1.000000,0.043755232479,0
340,A,1791307128478109499,136753,1.000000,0.043755232479,1
341,B,1791307131442165864,439995,1.000000,0.117768731071,0
342,B,1791307131443085052,487977,1.000000,0.117768731071,0
343,B,1791307131443759153,281272,1.000000,0.117768731071,0
344,B,1791307131444321656,279437,1.000000,0.117768731071,0
345,B,1791307131444751680,263193,1.000000,0.117768731071,0
346,B,1791307131445011587,114461,1.000000,0.117768731071,0
347,B,1791307131445219744,106159,1.000000,0.117768731071,0
348,B,1791307131445413651,104377,1.000000,0.117768731071,0
349,B,1791307131445604419,103786,1.000000,0.117768731071,0
350,B,1791307131445801636,104503,1.000000,0.117768731071,0
351,B,1791307131445978704,88752,1.000000,0.117768731071,0
352,B,1791307131446138982,74621,1.000000,0.117768731071,0
353,B,1791307131446288500,64820,1.000000,0.117768731071,0
354,B,1791307131446437298,65248,1.000000,0.117768731071,0
355,B,1791307131446584756,64157,1.000000,0.117768731071,1
356,A,1791307131481994197,513148,1.000000,0.043755232479,0
357,A,1791307131482762326,301420,1.000000,0.043755232479,0
358,A,1791307131483337529,185312,1.000000,0.043755232479,0
359,A,1791307131483790393,169278,1.000000,0.043755232479,0
360,A,1791307131484229477,167215,1.000000,0.043755232479,0
361,A,1791307131484669851,168071,1.000000,0.043755232479,0
362,A,1791307131485108315,156438,1.000000,0.043755232479,0
363,A,1791307131485525580,150286,1.000000,0.043755232479,0
364,A,1791307131485943304,149242,1.000000,0.043755232479,0
365,A,1791307131486344629,140541,1.000000,0.043755232479,0
366,A,1791307131486741384,131199,1.000000,0.043755232479,0
367,A,1791307131487128949,126927,1.000000,0.043755232479,0
368,A,1791307131487524233,129955,1.000000,0.043755232479,0
369,A,1791307131487913028,126123,1.000000,0.043755232479,0
370,A,1791307131488307513,126961,1.000000,0.043755232479,0
371,A,1791307131488699438,128590,1.000000,0.043755232479,0
372,A,1791307131489092753,129968,1.000000,0.043755232479,0
373,A,1791307131489490887,128725,1.000000,0.043755232479,0
374,A,1791307131489882472,128464,1.000000,0.043755232479,0
375,A,1791307131490273727,128772,1.000000,0.043755232479,0
376,A,1791307131490675112,134811,1.000000,0.043755232479,0
377,A,1791307131491074726,137298,1.000000,0.043755232479,0
378,A,1791307131491467761,132136,1.000000,0.043755232479,0
379,A,1791307131491854846,125715,1.000000,0.043755232479,0
380,A,1791307131492242881,127263,1.000000,0.043755232479,0
381,A,1791307131492631516,126532,1.000000,0.043755232479,0
382,A,1791307131493029701,136230,1.000000,0.043755232479,0
383,A,1791307131493419275,127347,1.000000,0.043755232479,0
384,A,1791307131493808420,127626,1.000000,0.043755232479,1
385,B,1791307134450210504,436209,1.000000,0.117768731071,0
386,B,1791307134450964344,371227,1.000000,0.117768731071,0
387,B,1791307134451719934,342832,1.000000,0.117768731071,0
388,B,1791307134452140239,256738,1.000000,0.117768731071,0
389,B,1791307134452412715,138892,1.000000,0.117768731071,0
390,B,1791307134452648652,123934,1.000000,0.117768731071,0
391,B,1791307134452866209,110626,1.000000,0.117768731071,1
392,A,1791307134497675025,491635,1.000000,0.043755232479,0
393,A,1791307134498560293,437145,1.000000,0.043755232479,0
394,A,1791307134499286564,317169,1.000000,0.043755232479,0
395,A,1791307134499772467,173057,1.000000,0.043755232479,0
396,A,1791307134500231111,183487,1.000000,0.043755232479,0
397,A,1791307134500656146,154198,1.000000,0.043755232479,0
398,A,1791307134501077790,155128,1.000000,0.043755232479,0
399,A,1791307134501492474,150539,1.000000,0.043755232479,1
400,B,1791307137456497251,383208,1.000000,0.117768731071,0
401,B,1791307137457310221,400831,1.000000,0.117768731071,0
402,B,1791307137457901093,302854,1.000000,0.117768731071,0
403,B,1791307137458487415,301708,1.000000,0.117768731071,0
404,B,1791307137458923379,266773,1.000000,0.117768731071,0
405,B,1791307137459180536,121152,1.000000,0.117768731071,0
406,B,1791307137459384753,115829,1.000000,0.117768731071,0
407,B,1791307137459576201,109798,1.000000,0.117768731071,0
408,B,1791307137459764838,109516,1.000000,0.117768731071,1
409,A,1791307137505182536,324885,1.000000,0.043755232479,0
410,A,1791307137505918776,291093,1.000000,0.043755232479,0
411,A,1791307137506467749,172984,1.000000,0.043755232479,0
412,A,1791307137506919273,169881,1.000000,0.043755232479,0
413,A,1791307137507344718,154819,1.000000,0.043755232479,0
414,A,1791307137507760782,149495,1.000000,0.043755232479,0
415,A,1791307137508199966,164942,1.000000,0.043755232479,0
416,A,1791307137508613571,148930,1.000000,0.043755232479,0
417,A,1791307137509016905,132367,1.000000,0.043755232479,0
418,A,1791307137509414640,133776,1.000000,0.043755232479,0
419,A,1791307137509810485,130464,1.000000,0.043755232479,0
420,A,1791307137510206480,131092,1.000000,0.043755232479,1
421,B,1791307140463475667,455607,1.000000,0.117768731071,1
422,A,1791307140513375516,356614,1.000000,0.043755232479,0
423,A,1791307140514118836,300543,1.000000,0.043755232479,0
424,A,1791307140514628449,194148,1.000000,0.043755232479,0
425,A,1791307140515084523,179185,1.000000,0.043755232479,0
426,A,1791307140515534087,178863,1.000000,0.043755232479,0
427,A,1791307140515951412,147572,1.000000,0.043755232479,0
428,A,1791307140516365476,148681,1.000000,0.043755232479,0
429,A,1791307140516777981,146080,1.000000,0.043755232479,0
430,A,1791307140517170876,128219,1.000000,0.043755232479,0
431,A,1791307140517563151,126809,1.000000,0.043755232479,0
432,A,1791307140517955255,126358,1.000000,0.043755232479,0
433,A,1791307140518357000,125667,1.000000,0.043755232479,0
434,A,1791307140518748425,126067,1.000000,0.043755232479,0
435,A,1791307140519149700,137007,1.000000,0.043755232479,0
436,A,1791307140519539744,128075,1.000000,0.043755232479,0
437,A,1791307140519929709,126495,1.000000,0.043755232479,0
438,A,1791307140520320544,127515,1.000000,0.043755232479,0
439,A,1791307140520708979,125624,1.000000,0.043755232479,0
440,A,1791307140521103594,132544,1.000000,0.043755232479,0
441,A,1791307140521492449,123654,1.000000,0.043755232479,0
442,A,1791307140521884563,128012,1.000000,0.043755232479,0
443,A,1791307140522274148,126132,1.000000,0.043755232479,0
444,A,1791307140522664313,124532,1.000000,0.043755232479,0
445,A,1791307140523057668,131411,1.000000,0.043755232479,0
446,A,1791307140523450442,125640,1.000000,0.043755232479,0
447,A,1791307140523841257,124660,1.000000,0.043755232479,0
448,A,1791307140524229132,124029,1.000000,0.043755232479,0
449,A,1791307140524624527,125629,1.000000,0.043755232479,0
450,A,1791307140525013732,125679,1.000000,0.043755232479,0
451,A,1791307140525402226,124697,1.000000,0.043755232479,0
452,A,1791307140525795591,125677,1.000000,0.043755232479,0
453,A,1791307140526188706,126457,1.000000,0.043755232479,0
454,A,1791307140526581141,125476,1.000000,0.043755232479,0
455,A,1791307140527011115,135205,1.000000,0.043755232479,1
456,B,1791307143467446745,314652,1.000000,0.117768731071,0
457,B,1791307143468098456,357330,1.000000,0.117768731071,0
458,B,1791307143468719668,337040,1.000000,0.117768731071,0
459,B,1791307143469201002,209210,1.000000,0.117768731071,0
460,B,1791307143469514338,174080,1.000000,0.117768731071,0
461,B,1791307143469758204,134570,1.000000,0.117768731071,0
462,B,1791307143469963012,119619,1.000000,0.117768731071,0
463,B,1791307143470162009,120488,1.000000,0.117768731071,0
464,B,1791307143470354567,117899,1.000000,0.117768731071,0
465,B,1791307143470530154,98158,1.000000,0.117768731071,0
466,B,1791307143470685732,82908,1.000000,0.117768731071,0
467,B,1791307143470836070,79688,1.000000,0.117768731071,0
468,B,1791307143470989078,76877,1.000000,0.117768731071,1
469,A,1791307143530900744,507171,1.000000,0.043755232479,1
470,B,1791307146474436130,397092,1.000000,0.117768731071,0
471,B,1791307146475232320,408878,1.000000,0.117768731071,0
472,B,1791307146475813012,299864,1.000000,0.117768731071,0
473,B,1791307146476392825,302917,1.000000,0.117768731071,0
474,B,1791307146476834859,281301,1.000000,0.117768731071,0
475,B,1791307146477118245,159345,1.000000,0.117768731071,0
476,B,1791307146477347982,147207,1.000000,0.117768731071,0
477,B,1791307146477572079,147488,1.000000,0.117768731071,0
478,B,1791307146477794316,144560,1.000000,0.117768731071,0
479,B,1791307146478002253,124182,1.000000,0.117768731071,0
480,B,1791307146478191501,119074,1.000000,0.117768731071,1
481,A,1791307146533363600,360753,1.000000,0.043755232479,0
482,A,1791307146534057710,309686,1.000000,0.043755232479,0
483,A,1791307146534664192,301203,1.000000,0.043755232479,0
484,A,1791307146535248664,291239,1.000000,0.043755232479,0
485,A,1791307146535833157,293447,1.000000,0.043755232479,0
486,A,1791307146536265971,152225,1.000000,0.043755232479,0
487,A,1791307146536678505,145605,1.000000,0.043755232479,0
488,A,1791307146537119529,152885,1.000000,0.043755232479,0
489,A,1791307146537576933,128641,1.000000,0.043755232479,0
490,A,1791307146537966498,120567,1.000000,0.043755232479,0
491,A,1791307146538350953,120523,1.000000,0.043755232479,0
492,A,1791307146538733248,118470,1.000000,0.043755232479,0
493,A,1791307146539117223,121106,1.000000,0.043755232479,1
494,B,1791307149481879056,454120,1.000000,0.117768731071,0
495,B,1791307149482808144,471943,1.000000,0.117768731071,1
496,A,1791307149541371588,391031,1.000000,0.043755232479,0
497,A,1791307149542062329,348536,1.000000,0.043755232479,0
498,A,1791307149542699840,323601,1.000000,0.043755232479,0
499,A,1791307149543297282,302998,1.000000,0.043755232479,0
500,A,1791307149543893844,302705,1.000000,0.043755232479,0
501,A,1791307149544362198,173964,1.000000,0.043755232479,0
502,A,1791307149544818402,178724,1.000000,0.043755232479,0
503,A,1791307149545239977,143865,1.000000,0.043755232479,0
504,A,1791307149545651711,140536,1.000000,0.043755232479,0
505,A,1791307149546061066,137557,1.000000,0.043755232479,0
506,A,1791307149546465670,137178,1.000000,0.043755232479,0
507,A,1791307149546862125,120790,1.000000,0.043755232479,0
508,A,1791307149547246280,118031,1.000000,0.043755232479,0
509,A,1791307149547633095,116933,1.000000,0.043755232479,0
510,A,1791307149548017590,116555,1.000000,0.043755232479,0
511,A,1791307149548401515,117177,1.000000,0.043755232479,0
512,A,1791307149548784480,115329,1.000000,0.043755232479,0
513,A,1791307149549171455,121790,1.000000,0.043755232479,0
514,A,1791307149549555259,116751,1.000000,0.043755232479,0
515,A,1791307149549935934,115423,1.000000,0.043755232479,0
516,A,1791307149550316419,115275,1.000000,0.043755232479,0
517,A,1791307149550699724,114977,1.000000,0.043755232479,0
518,A,1791307149551079239,115038,1.000000,0.043755232479,0
519,A,1791307149551459284,115570,1.000000,0.043755232479,1
520,B,1791307152486651109,450332,1.000000,0.117768731071,0
521,B,1791307152487486168,380439,1.000000,0.117768731071,0
522,B,1791307152488170899,366054,1.000000,0.117768731071,0
523,B,1791307152488737782,297330,1.000000,0.117768731071,0
524,B,1791307152489173596,279392,1.000000,0.117768731071,0
525,B,1791307152489455702,157276,1.000000,0.117768731071,0
526,B,1791307152489688949,153698,1.000000,0.117768731071,0
527,B,1791307152489914526,152139,1.000000,0.117768731071,1
528,A,1791307152555293669,491032,1.000000,0.043755232479,0
529,A,1791307152556127248,442185,1.000000,0.043755232479,0
530,A,1791307152556865318,324370,1.000000,0.043755232479,0
531,A,1791307152557489090,315741,1.000000,0.043755232479,0
532,A,1791307152558094572,312832,1.000000,0.043755232479,0
533,A,1791307152558572446,184186,1.000000,0.043755232479,0
534,A,1791307152559020890,176222,1.000000,0.043755232479,0
535,A,1791307152559467524,177268,1.000000,0.043755232479,1
536,B,1791307155493555087,393050,1.000000,0.117768731071,0
537,B,1791307155494483184,444854,1.000000,0.117768731071,0
538,B,1791307155495168225,349002,1.000000,0.117768731071,0
539,B,1791307155495728488,284092,1.000000,0.117768731071,0
540,B,1791307155496169372,272875,1.000000,0.117768731071,0
541,B,1791307155496431278,138850,1.000000,0.117768731071,0
542,B,1791307155496681045,135196,1.000000,0.117768731071,0
543,B,1791307155496906552,134082,1.000000,0.117768731071,0
544,B,1791307155497127179,133169,1.000000,0.117768731071,0
545,B,1791307155497332316,112445,1.000000,0.117768731071,0
546,B,1791307155497524404,108982,1.000000,0.117768731071,1
547,A,1791307155563332962,509655,1.000000,0.043755232479,0
548,A,1791307155564135831,374218,1.000000,0.043755232479,0
549,A,1791307155564819942,315013,1.000000,0.043755232479,0
550,A,1791307155565415034,309181,1.000000,0.043755232479,0
551,A,1791307155565901938,195030,1.000000,0.043755232479,0
552,A,1791307155566371901,178670,1.000000,0.043755232479,1
553,B,1791307158501104045,323530,1.000000,0.117768731071,1
554,A,1791307158570190479,446176,1.000000,0.043755232479,0
555,A,1791307158570911529,332577,1.000000,0.043755232479,0
556,A,1791307158571572951,322073,1.000000,0.043755232479,0
557,A,1791307158572173723,320771,1.000000,0.043755232479,0
558,A,1791307158572774835,312049,1.000000,0.043755232479,0
559,A,1791307158573254658,189648,1.000000,0.043755232479,0
560,A,1791307158573706072,177951,1.000000,0.043755232479,0
561,A,1791307158574153537,177986,1.000000,0.043755232479,1
562,B,1791307161505080400,364889,1.000000,0.117768731071,1
563,A,1791307161578008294,494975,1.000000,0.043755232479,0
564,A,1791307161578904252,474502,1.000000,0.043755232479,0
565,A,1791307161579648482,333421,1.000000,0.043755232479,0
566,A,1791307161580284264,318505,1.000000,0.043755232479,0
567,A,1791307161580886766,304930,1.000000,0.043755232479,0
568,A,1791307161581380500,193416,1.000000,0.043755232479,0
569,A,1791307161581841663,171993,1.000000,0.043755232479,0
570,A,1791307161582295227,172822,1.000000,0.043755232479,0
571,A,1791307161582756251,175760,1.000000,0.043755232479,1
572,B,1791307164508000613,438311,1.000000,0.117768731071,0
573,B,1791307164508703934,416261,1.000000,0.117768731071,0
574,B,1791307164509327165,257053,1.000000,0.117768731071,0
575,B,1791307164509870968,242493,1.000000,0.117768731071,0
576,B,1791307164510297822,236404,1.000000,0.117768731071,0
577,B,1791307164510563959,113446,1.000000,0.117768731071,0
578,B,1791307164510799406,110646,1.000000,0.117768731071,1
579,A,1791307164585359028,365725,1.000000,0.043755232479,0
580,A,1791307164586008809,313743,1.000000,0.043755232479,0
581,A,1791307164586622371,309365,1.000000,0.043755232479,0
582,A,1791307164587232433,316187,1.000000,0.043755232479,0
583,A,1791307164587689097,172200,1.000000,0.043755232479,0
584,A,1791307164588129541,158026,1.000000,0.043755232479,0
585,A,1791307164588544476,143264,1.000000,0.043755232479,0
586,A,1791307164588959140,142871,1.000000,0.043755232479,0
587,A,1791307164589350515,123299,1.000000,0.043755232479,0
588,A,1791307164589742480,117717,1.000000,0.043755232479,0
589,A,1791307164590130955,121475,1.000000,0.043755232479,0
590,A,1791307164590514520,119284,1.000000,0.043755232479,0
591,A,1791307164590907214,120271,1.000000,0.043755232479,0
592,A,1791307164591289089,116509,1.000000,0.043755232479,0
593,A,1791307164591672954,118958,1.000000,0.043755232479,0
594,A,1791307164592057129,118716,1.000000,0.043755232479,1
595,B,1791307167514428354,341191,1.000000,0.117768731071,0
596,B,1791307167515231914,370609,1.000000,0.117768731071,0
597,B,1791307167515825436,256320,1.000000,0.117768731071,0
598,B,1791307167516417328,258592,1.000000,0.117768731071,0
599,B,1791307167516720514,90847,1.000000,0.117768731071,0
600,B,1791307167516985900,76713,1.000000,0.117768731071,0
601,B,1791307167517191368,65350,1.000000,0.117768731071,0
602,B,1791307167517386635,64957,1.000000,0.117768731071,1
603,A,1791307167595969633,556151,1.000000,0.043755232479,0
604,A,1791307167596700304,312421,1.000000,0.043755232479,0
605,A,1791307167597373635,311675,1.000000,0.043755232479,0
606,A,1791307167597982967,301150,1.000000,0.043755232479,0
607,A,1791307167598592348,303154,1.000000,0.043755232479,0
608,A,1791307167599077802,184002,1.000000,0.043755232479,0
609,A,1791307167599533386,167810,1.000000,0.043755232479,0
610,A,1791307167599983100,163099,1.000000,0.043755232479,0
611,A,1791307167600431544,164458,1.000000,0.043755232479,0
612,A,1791307167600856028,141297,1.000000,0.043755232479,0
613,A,1791307167601273023,135978,1.000000,0.043755232479,0
614,A,1791307167601697027,139567,1.000000,0.043755232479,0
615,A,1791307167602091332,117077,1.000000,0.043755232479,0
616,A,1791307167602478917,114228,1.000000,0.043755232479,0
617,A,1791307167602868252,113869,1.000000,0.043755232479,0
618,A,1791307167603252816,113028,1.000000,0.043755232479,0
619,A,1791307167603637271,112729,1.000000,0.043755232479,0
620,A,1791307167604024346,112810,1.000000,0.043755232479,0
621,A,1791307167604409351,112311,1.000000,0.043755232479,0
622,A,1791307167604808486,123941,1.000000,0.043755232479,0
623,A,1791307167605198611,115412,1.000000,0.043755232479,0
624,A,1791307167605596715,118522,1.000000,0.043755232479,0
625,A,1791307167605986000,112762,1.000000,0.043755232479,0
626,A,1791307167606372355,113613,1.000000,0.043755232479,0
627,A,1791307167606769130,115384,1.000000,0.043755232479,0
628,A,1791307167607157955,113594,1.000000,0.043755232479,0
629,A,1791307167607550800,114815,1.000000,0.043755232479,0
630,A,1791307167607944984,118385,1.000000,0.043755232479,0
631,A,1791307167608332219,113665,1.000000,0.043755232479,0
632,A,1791307167608718824,114736,1.000000,0.043755232479,1
633,B,1791307170521069441,385053,1.000000,0.117768731071,0
634,B,1791307170521875390,393639,1.000000,0.117768731071,0
635,B,1791307170522400843,232756,1.000000,0.117768731071,0
636,B,1791307170522972176,234381,1.000000,0.117768731071,0
637,B,1791307170523401230,215725,1.000000,0.117768731071,0
638,B,1791307170523678196,90038,1.000000,0.117768731071,1
639,A,1791307170612461980,397674,1.000000,0.043755232479,1
640,B,1791307173527340668,334269,1.000000,0.117768731071,0
641,B,1791307173527956710,249283,1.000000,0.117768731071,0
642,B,1791307173528503042,215906,1.000000,0.117768731071,0
643,B,1791307173528926447,190543,1.000000,0.117768731071,0
644,B,1791307173529212203,63330,1.000000,0.117768731071,0
645,B,1791307173529440540,55418,1.000000,0.117768731071,0
646,B,1791307173529639317,50375,1.000000,0.117768731071,0
647,B,1791307173529828965,48663,1.000000,0.117768731071,0
648,B,1791307173530001112,29680,1.000000,0.117768731071,0
649,B,1791307173530158420,13389,1.000000,0.117768731071,0
650,B,1791307173530308238,11747,1.000000,0.117768731071,0
651,B,1791307173530459666,12316,1.000000,0.117768731071,0
652,B,1791307173530609704,9634,1.000000,0.117768731071,0
653,B,1791307173530759382,12752,1.000000,0.117768731071,0
654,B,1791307173530913990,12321,1.000000,0.117768731071,0
655,B,1791307173531063248,12359,1.000000,0.117768731071,0
656,B,1791307173531215936,11108,1.000000,0.117768731071,0
657,B,1791307173531369884,14256,1.000000,0.117768731071,0
658,B,1791307173531522842,12565,1.000000,0.117768731071,0
659,B,1791307173531674020,10493,1.000000,0.117768731071,1
660,A,1791307173616455826,441553,1.000000,0.043755232479,1
661,B,1791307176535396781,410688,1.000000,0.117768731071,0
662,B,1791307176536288899,411060,1.000000,0.117768731071,0
663,B,1791307176536771933,110234,1.000000,0.117768731071,0
664,B,1791307176537146588,129909,1.000000,0.117768731071,0
665,B,1791307176537428164,93768,1.000000,0.117768731071,0
666,B,1791307176537658151,83877,1.000000,0.117768731071,0
667,B,1791307176537856598,59215,1.000000,0.117768731071,0
668,B,1791307176538054536,56594,1.000000,0.117768731071,0
669,B,1791307176538248973,56662,1.000000,0.117768731071,0
670,B,1791307176538440870,56701,1.000000,0.117768731071,0
671,B,1791307176538598348,21930,1.000000,0.117768731071,0
672,B,1791307176538748206,16719,1.000000,0.117768731071,0
673,B,1791307176538900894,17847,1.000000,0.117768731071,0
674,B,1791307176539049662,15045,1.000000,0.117768731071,0
675,B,1791307176539200970,17464,1.000000,0.117768731071,0
676,B,1791307176539350818,16603,1.000000,0.117768731071,0
677,B,1791307176539502476,17582,1.000000,0.117768731071,0
678,B,1791307176539651504,14901,1.000000,0.117768731071,0
679,B,1791307176539800852,15840,1.000000,0.117768731071,0
680,B,1791307176539951540,15499,1.000000,0.117768731071,0
681,B,1791307176540103268,19177,1.000000,0.117768731071,0
682,B,1791307176540258866,16046,1.000000,0.117768731071,1
683,A,1791307176620480664,508116,1.000000,0.043755232479,0
684,A,1791307176621414211,450216,1.000000,0.043755232479,0
685,A,1791307176622130712,314052,1.000000,0.043755232479,0
686,A,1791307176622751064,302842,1.000000,0.043755232479,0
687,A,1791307176623241927,188705,1.000000,0.043755232479,0
688,A,1791307176623722841,181630,1.000000,0.043755232479,0
689,A,1791307176624187275,177246,1.000000,0.043755232479,0
690,A,1791307176624636789,169072,1.000000,0.043755232479,0
691,A,1791307176625083173,165918,1.000000,0.043755232479,0
692,A,1791307176625503587,141304,1.000000,0.043755232479,0
693,A,1791307176625907562,123152,1.000000,0.043755232479,0
694,A,1791307176626297547,116870,1.000000,0.043755232479,0
695,A,1791307176626682872,113348,1.000000,0.043755232479,0
696,A,1791307176627073256,116495,1.000000,0.043755232479,0
697,A,1791307176627462611,116253,1.000000,0.043755232479,0
698,A,1791307176627854786,116831,1.000000,0.043755232479,0
699,A,1791307176628240371,114069,1.000000,0.043755232479,0
700,A,1791307176628628386,115127,1.000000,0.043755232479,0
701,A,1791307176629022261,116025,1.000000,0.043755232479,0
702,A,1791307176629410525,115883,1.000000,0.043755232479,0
703,A,1791307176629809760,120801,1.000000,0.043755232479,0
704,A,1791307176630195825,114429,1.000000,0.043755232479,0
705,A,1791307176630582320,114947,1.000000,0.043755232479,0
706,A,1791307176630970925,115735,1.000000,0.043755232479,0
707,A,1791307176631354380,113623,1.000000,0.043755232479,0
708,A,1791307176631738325,113081,1.000000,0.043755232479,0
709,A,1791307176632127110,114600,1.000000,0.043755232479,0
710,A,1791307176632511734,114197,1.000000,0.043755232479,0
711,A,1791307176632898569,114675,1.000000,0.043755232479,0
712,A,1791307176633291614,120323,1.000000,0.043755232479,0
713,A,1791307176633679319,114731,1.000000,0.043755232479,0
714,A,1791307176634063464,112479,1.000000,0.043755232479,0
715,A,1791307176634448769,114308,1.000000,0.043755232479,0
716,A,1791307176634839424,114496,1.000000,0.043755232479,0
717,A,1791307176635225639,113154,1.000000,0.043755232479,0
718,A,1791307176635616163,115021,1.000000,0.043755232479,0
719,A,1791307176636004268,115029,1.000000,0.043755232479,0
720,A,1791307176636389663,114107,1.000000,0.043755232479,0
721,A,1791307176636777208,113546,1.000000,0.043755232479,0
722,A,1791307176637171683,123694,1.000000,0.043755232479,0
723,A,1791307176637556298,115532,1.000000,0.043755232479,1
724,B,1791307179542364898,411821,1.000000,0.117768731071,0
725,B,1791307179543139437,404697,1.000000,0.117768731071,0
726,B,1791307179543557172,167428,1.000000,0.117768731071,0
727,B,1791307179544018896,250825,1.000000,0.117768731071,1
728,A,1791307179641498474,523022,1.000000,0.043755232479,0
729,A,1791307179642381082,430330,1.000000,0.043755232479,0
730,A,1791307179643116223,331943,1.000000,0.043755232479,0
731,A,1791307179643737034,307638,1.000000,0.043755232479,0
732,A,1791307179644345256,311724,1.000000,0.043755232479,0
733,A,1791307179644834600,189642,1.000000,0.043755232479,0
734,A,1791307179645295264,178071,1.000000,0.043755232479,0
735,A,1791307179645743778,167241,1.000000,0.043755232479,0
736,A,1791307179646187882,167100,1.000000,0.043755232479,0
737,A,1791307179646629226,165870,1.000000,0.043755232479,0
738,A,1791307179647056140,149630,1.000000,0.043755232479,1
739,B,1791307182547665963,364166,1.000000,0.117768731071,0
740,B,1791307182548390594,352643,1.000000,0.117768731071,0
741,B,1791307182549053185,288638,1.000000,0.117768731071,0
742,B,1791307182549470599,222206,1.000000,0.117768731071,1
743,A,1791307182650979385,538469,1.000000,0.043755232479,0
744,A,1791307182651911932,475837,1.000000,0.043755232479,0
745,A,1791307182652616443,325112,1.000000,0.043755232479,0
746,A,1791307182653224245,307752,1.000000,0.043755232479,0
747,A,1791307182653714709,196944,1.000000,0.043755232479,0
748,A,1791307182654195112,187498,1.000000,0.043755232479,0
749,A,1791307182654650256,174053,1.000000,0.043755232479,0
750,A,1791307182655099710,171619,1.000000,0.043755232479,0
751,A,1791307182655561534,183644,1.000000,0.043755232479,0
752,A,1791307182656008398,169149,1.000000,0.043755232479,0
753,A,1791307182656451552,169145,1.000000,0.043755232479,0
754,A,1791307182656857897,131071,1.000000,0.043755232479,0
755,A,1791307182657254511,125228,1.000000,0.043755232479,0
756,A,1791307182657646246,124005,1.000000,0.043755232479,0
757,A,1791307182658041471,119583,1.000000,0.043755232479,0
758,A,1791307182658428756,121731,1.000000,0.043755232479,1
759,B,1791307185550462355,413610,1.000000,0.117768731071,0
760,B,1791307185551396563,438966,1.000000,0.117768731071,1
761,A,1791307185661520393,506689,1.000000,0.043755232479,0
762,A,1791307185662288723,321158,1.000000,0.043755232479,0
763,A,1791307185662974004,319080,1.000000,0.043755232479,0
764,A,1791307185663592126,307315,1.000000,0.043755232479,0
765,A,1791307185664088069,190630,1.000000,0.043755232479,0
766,A,1791307185664568693,182108,1.000000,0.043755232479,0
767,A,1791307185665019997,167937,1.000000,0.043755232479,1
768,B,1791307188555379291,435258,1.000000,0.117768731071,0
769,B,1791307188556277509,438059,1.000000,0.117768731071,0
770,B,1791307188556989809,363082,1.000000,0.117768731071,0
771,B,1791307188557560902,256217,1.000000,0.117768731071,1
772,A,1791307188668890246,484575,1.000000,0.043755232479,0
773,A,1791307188669721835,384063,1.000000,0.043755232479,0
774,A,1791307188670526975,402863,1.000000,0.043755232479,0
775,A,1791307188671146526,303846,1.000000,0.043755232479,0
776,A,1791307188671752868,305301,1.000000,0.043755232479,0
777,A,1791307188672354540,304036,1.000000,0.043755232479,0
778,A,1791307188672824754,184213,1.000000,0.043755232479,0
779,A,1791307188673250889,145662,1.000000,0.043755232479,0
780,A,1791307188673664303,141221,1.000000,0.043755232479,0
781,A,1791307188674077658,139101,1.000000,0.043755232479,0
782,A,1791307188674489112,142280,1.000000,0.043755232479,0
783,A,1791307188674873717,117761,1.000000,0.043755232479,0
784,A,1791307188675257832,115631,1.000000,0.043755232479,0
785,A,1791307188675656737,130292,1.000000,0.043755232479,0
786,A,1791307188676039692,115792,1.000000,0.043755232479,0
787,A,1791307188676424187,118752,1.000000,0.043755232479,0
788,A,1791307188676806492,114913,1.000000,0.043755232479,0
789,A,1791307188677196526,119172,1.000000,0.043755232479,0
790,A,1791307188677582641,118453,1.000000,0.043755232479,0
791,A,1791307188677971686,117713,1.000000,0.043755232479,0
792,A,1791307188678356961,119854,1.000000,0.043755232479,0
793,A,1791307188678740646,117224,1.000000,0.043755232479,0
794,A,1791307188679123151,116124,1.000000,0.043755232479,0
795,A,1791307188679504836,116085,1.000000,0.043755232479,0
796,A,1791307188679900591,116355,1.000000,0.043755232479,0
797,A,1791307188680285236,115306,1.000000,0.043755232479,0
798,A,1791307188680671150,119105,1.000000,0.043755232479,0
799,A,1791307188681078245,118225,1.000000,0.043755232479,0
800,A,1791307188681461360,116036,1.000000,0.043755232479,0
801,A,1791307188681847125,116486,1.000000,0.043755232479,0
802,A,1791307188682231100,116357,1.000000,0.043755232479,0
803,A,1791307188682615095,116797,1.000000,0.043755232479,0
804,A,1791307188683012479,124957,1.000000,0.043755232479,0
805,A,1791307188683399274,117617,1.000000,0.043755232479,0
806,A,1791307188683785299,116547,1.000000,0.043755232479,0
807,A,1791307188684176054,115798,1.000000,0.043755232479,0
808,A,1791307188684559659,115908,1.000000,0.043755232479,0
809,A,1791307188684953614,121089,1.000000,0.043755232479,0
810,A,1791307188685349789,124919,1.000000,0.043755232479,1
811,B,1791307191558388909,343485,1.000000,0.117768731071,0
812,B,1791307191559267037,428804,1.000000,0.117768731071,0
813,B,1791307191559974448,351976,1.000000,0.117768731071,0
814,B,1791307191560540201,249339,1.000000,0.117768731071,0
815,B,1791307191560957615,224340,1.000000,0.117768731071,0
816,B,1791307191561243941,108672,1.000000,0.117768731071,0
817,B,1791307191561478058,104092,1.000000,0.117768731071,0
818,B,1791307191561701195,99921,1.000000,0.117768731071,0
819,B,1791307191561922142,100392,1.000000,0.117768731071,0
820,B,1791307191562148139,102262,1.000000,0.117768731071,0
821,B,1791307191562339317,66453,1.000000,0.117768731071,0
822,B,1791307191562509534,42393,1.000000,0.117768731071,0
823,B,1791307191562661382,37553,1.000000,0.117768731071,0
824,B,1791307191562811770,36844,1.000000,0.117768731071,0
825,B,1791307191562955888,33414,1.000000,0.117768731071,0
826,B,1791307191563104576,33604,1.000000,0.117768731071,0
827,B,1791307191563249424,32474,1.000000,0.117768731071,0
828,B,1791307191563396952,34754,1.000000,0.117768731071,0
829,B,1791307191563544380,34554,1.000000,0.117768731071,0
830,B,1791307191563689009,33816,1.000000,0.117768731071,0
831,B,1791307191563832987,33416,1.000000,0.117768731071,0
832,B,1791307191563976025,32686,1.000000,0.117768731071,0
833,B,1791307191564120723,33136,1.000000,0.117768731071,0
834,B,1791307191564264381,33166,1.000000,0.117768731071,0
835,B,1791307191564407129,34666,1.000000,0.117768731071,0
836,B,1791307191564551747,34365,1.000000,0.117768731071,0
837,B,1791307191564698545,38325,1.000000,0.117768731071,0
838,B,1791307191564859043,47935,1.000000,0.117768731071,0
839,B,1791307191565000881,32166,1.000000,0.117768731071,0
840,B,1791307191565143879,33306,1.000000,0.117768731071,0
841,B,1791307191565285447,31596,1.000000,0.117768731071,0
842,B,1791307191565429205,34546,1.000000,0.117768731071,0
843,B,1791307191565579073,38756,1.000000,0.117768731071,0
844,B,1791307191565723921,34636,1.000000,0.117768731071,0
845,B,1791307191565866560,31077,1.000000,0.117768731071,0
846,B,1791307191566017638,33898,1.000000,0.117768731071,0
847,B,1791307191566166616,32858,1.000000,0.117768731071,0
848,B,1791307191566316324,34088,1.000000,0.117768731071,0
849,B,1791307191566466472,34238,1.000000,0.117768731071,0
850,B,1791307191566611920,31118,1.000000,0.117768731071,0
851,B,1791307191566759358,33789,1.000000,0.117768731071,0
852,B,1791307191566908086,33769,1.000000,0.117768731071,0
853,B,1791307191567055804,32859,1.000000,0.117768731071,0
854,B,1791307191567202062,32029,1.000000,0.117768731071,0
855,B,1791307191567362310,39139,1.000000,0.117768731071,0
856,B,1791307191567513588,34689,1.000000,0.117768731071,0
857,B,1791307191567665576,36589,1.000000,0.117768731071,1
858,A,1791307191689114697,395394,1.000000,0.043755232479,0
859,A,1791307191689882047,352419,1.000000,0.043755232479,0
860,A,1791307191690534878,340176,1.000000,0.043755232479,0
861,A,1791307191691148800,310184,1.000000,0.043755232479,0
862,A,1791307191691649353,211003,1.000000,0.043755232479,0
863,A,1791307191692105657,168964,1.000000,0.043755232479,0
864,A,1791307191692529442,150136,1.000000,0.043755232479,0
865,A,1791307191692926227,135469,1.000000,0.043755232479,0
866,A,1791307191693317251,130400,1.000000,0.043755232479,0
867,A,1791307191693702346,126073,1.000000,0.043755232479,0
868,A,1791307191694096131,133296,1.000000,0.043755232479,0
869,A,1791307191694477576,123078,1.000000,0.043755232479,0
870,A,1791307191694862321,126401,1.000000,0.043755232479,0
871,A,1791307191695244796,123744,1.000000,0.043755232479,0
872,A,1791307191695636341,130776,1.000000,0.043755232479,0
873,A,1791307191696018466,123109,1.000000,0.043755232479,0
874,A,1791307191696400681,123372,1.000000,0.043755232479,0
875,A,1791307191696785325,122743,1.000000,0.043755232479,0
876,A,1791307191697171170,124706,1.000000,0.043755232479,0
877,A,1791307191697557195,124649,1.000000,0.043755232479,0
878,A,1791307191697943390,127141,1.000000,0.043755232479,0
879,A,1791307191698321355,120874,1.000000,0.043755232479,0
880,A,1791307191698702560,124357,1.000000,0.043755232479,0
881,A,1791307191699094735,132559,1.000000,0.043755232479,0
882,A,1791307191699479629,125911,1.000000,0.043755232479,0
883,A,1791307191699861144,120934,1.000000,0.043755232479,0
884,A,1791307191700239129,119806,1.000000,0.043755232479,0
885,A,1791307191700624134,123879,1.000000,0.043755232479,0
886,A,1791307191701009099,125672,1.000000,0.043755232479,0
887,A,1791307191701393654,123914,1.000000,0.043755232479,0
888,A,1791307191701780399,123797,1.000000,0.043755232479,0
889,A,1791307191702170284,123709,1.000000,0.043755232479,0
890,A,1791307191702559699,125232,1.000000,0.043755232479,0
891,A,1791307191702948213,126524,1.000000,0.043755232479,0
892,A,1791307191703333258,124076,1.000000,0.043755232479,0
893,A,1791307191703724663,129599,1.000000,0.043755232479,0
894,A,1791307191704112778,124012,1.000000,0.043755232479,0
895,A,1791307191704500153,122704,1.000000,0.043755232479,0
896,A,1791307191704883888,122997,1.000000,0.043755232479,0
897,A,1791307191705278593,135110,1.000000,0.043755232479,0
898,A,1791307191705666167,124311,1.000000,0.043755232479,0
899,A,1791307191706045342,120834,1.000000,0.043755232479,0
900,A,1791307191706424657,121717,1.000000,0.043755232479,0
901,A,1791307191706804702,123029,1.000000,0.043755232479,1
902,B,1791307194571377956,421835,1.000000,0.117768731071,0
903,B,1791307194572241345,405896,1.000000,0.117768731071,0
904,B,1791307194572927296,408369,1.000000,0.117768731071,0
905,B,1791307194573524738,242872,1.000000,0.117768731071,0
906,B,1791307194573942062,223527,1.000000,0.117768731071,0
907,B,1791307194574254898,119153,1.000000,0.117768731071,0
908,B,1791307194574486985,99761,1.000000,0.117768731071,0
909,B,1791307194574703822,96098,1.000000,0.117768731071,0
910,B,1791307194574915069,94506,1.000000,0.117768731071,1
911,A,1791307194710635571,478740,1.000000,0.043755232479,0
912,A,1791307194711533289,484494,1.000000,0.043755232479,0
913,A,1791307194712255850,320822,1.000000,0.043755232479,0
914,A,1791307194712865912,317485,1.000000,0.043755232479,0
915,A,1791307194713463134,317088,1.000000,0.043755232479,0
916,A,1791307194713959737,209112,1.000000,0.043755232479,0
917,A,1791307194714403031,179259,1.000000,0.043755232479,0
918,A,1791307194714837746,177377,1.000000,0.043755232479,0
919,A,1791307194715273140,175274,1.000000,0.043755232479,0
920,A,1791307194715701324,167902,1.000000,0.043755232479,0
921,A,1791307194716116479,156551,1.000000,0.043755232479,0
922,A,1791307194716506214,133179,1.000000,0.043755232479,0
923,A,1791307194716892659,132039,1.000000,0.043755232479,0
924,A,1791307194717274453,128137,1.000000,0.043755232479,0
925,A,1791307194717656538,129316,1.000000,0.043755232479,0
926,A,1791307194718031813,126065,1.000000,0.043755232479,0
927,A,1791307194718406469,125836,1.000000,0.043755232479,0
928,A,1791307194718781554,126435,1.000000,0.043755232479,0
929,A,1791307194719159509,125934,1.000000,0.043755232479,0
930,A,1791307194719532354,126284,1.000000,0.043755232479,0
931,A,1791307194719905589,125353,1.000000,0.043755232479,0
932,A,1791307194720279344,125043,1.000000,0.043755232479,0
933,A,1791307194720651809,125292,1.000000,0.043755232479,0
934,A,1791307194721028374,126721,1.000000,0.043755232479,0
935,A,1791307194721407469,128671,1.000000,0.043755232479,0
936,A,1791307194721790624,129510,1.000000,0.043755232479,0
937,A,1791307194722170499,125899,1.000000,0.043755232479,0
938,A,1791307194722549034,127468,1.000000,0.043755232479,0
939,A,1791307194722937869,129758,1.000000,0.043755232479,0
940,A,1791307194723318084,127067,1.000000,0.043755232479,0
941,A,1791307194723709138,138215,1.000000,0.043755232479,0
942,A,1791307194724090463,126514,1.000000,0.043755232479,0
943,A,1791307194724471138,127084,1.000000,0.043755232479,1
944,B,1791307197578618967,415734,1.000000,0.117768731071,0
945,B,1791307197579612844,482631,1.000000,0.117768731071,1
946,A,1791307197728243274,422204,1.000000,0.043755232479,0
947,A,1791307197729083613,439037,1.000000,0.043755232479,0
948,A,1791307197729953231,456948,1.000000,0.043755232479,0
949,A,1791307197730576303,315564,1.000000,0.043755232479,0
950,A,1791307197731168505,308941,1.000000,0.043755232479,0
951,A,1791307197731648069,193380,1.000000,0.043755232479,0
952,A,1791307197732091693,174860,1.000000,0.043755232479,0
953,A,1791307197732532147,176231,1.000000,0.043755232479,0
954,A,1791307197732959222,153622,1.000000,0.043755232479,0
955,A,1791307197733406246,182143,1.000000,0.043755232479,0
956,A,1791307197733814620,149103,1.000000,0.043755232479,0
957,A,1791307197734196875,129145,1.000000,0.043755232479,0
958,A,1791307197734574300,126457,1.000000,0.043755232479,0
959,A,1791307197734958515,133159,1.000000,0.043755232479,1
960,B,1791307200582445068,395990,1.000000,0.117768731071,0
961,B,1791307200583301817,415303,1.000000,0.117768731071,0
962,B,1791307200583970468,313227,1.000000,0.117768731071,0
963,B,1791307200584503681,223254,1.000000,0.117768731071,0
964,B,1791307200584786367,102502,1.000000,0.117768731071,0
965,B,1791307200585040094,75020,1.000000,0.117768731071,0
966,B,1791307200585221701,64968,1.000000,0.117768731071,0
967,B,1791307200585394459,63097,1.000000,0.117768731071,0
968,B,1791307200585572417,64006,1.000000,0.117768731071,0
969,B,1791307200585727434,47794,1.000000,0.117768731071,0
970,B,1791307200585878073,45144,1.000000,0.117768731071,0
971,B,1791307200586029750,45072,1.000000,0.117768731071,0
972,B,1791307200586179129,44571,1.000000,0.117768731071,0
973,B,1791307200586330787,44850,1.000000,0.117768731071,0
974,B,1791307200586483954,48107,1.000000,0.117768731071,0
975,B,1791307200586645422,54846,1.000000,0.117768731071,0
976,B,1791307200586795080,44735,1.000000,0.117768731071,0
977,B,1791307200586945808,45214,1.000000,0.117768731071,0
978,B,1791307200587092456,42912,1.000000,0.117768731071,0
979,B,1791307200587239484,43561,1.000000,0.117768731071,0
980,B,1791307200587392122,44800,1.000000,0.117768731071,0
981,B,1791307200587546220,46849,1.000000,0.117768731071,1
982,A,1791307200738674629,370889,1.000000,0.043755232479,0
983,A,1791307200739502088,406626,1.000000,0.043755232479,0
984,A,1791307200740137499,312566,1.000000,0.043755232479,0
985,A,1791307200740727651,309199,1.000000,0.043755232479,0
986,A,1791307200741164216,175315,1.000000,0.043755232479,0
987,A,1791307200741600190,164542,1.000000,0.043755232479,0
988,A,1791307200742008144,141789,1.000000,0.043755232479,0
989,A,1791307200742398329,140338,1.000000,0.043755232479,0
990,A,1791307200742798324,141097,1.000000,0.043755232479,0
991,A,1791307200743187349,138706,1.000000,0.043755232479,0
992,A,1791307200743573334,139735,1.000000,0.043755232479,0
993,A,1791307200743959669,139364,1.000000,0.043755232479,0
994,A,1791307200744348733,139162,1.000000,0.043755232479,0
995,A,1791307200744736708,141061,1.000000,0.043755232479,0
996,A,1791307200745123323,140260,1.000000,0.043755232479,0
997,A,1791307200745510098,140129,1.000000,0.043755232479,0
998,A,1791307200745893023,138408,1.000000,0.043755232479,0
999,A,1791307200746277048,138537,1.000000,0.043755232479,0
1000,A,1791307200746657913,137666,1.000000,0.043755232479,0
1001,A,1791307200747042508,137585,1.000000,0.043755232479,0
1002,A,1791307200747430753,143024,1.000000,0.043755232479,0
1003,A,1791307200747819807,138932,1.000000,0.043755232479,0
1004,A,1791307200748210982,139041,1.000000,0.043755232479,0
1005,A,1791307200748596507,139910,1.000000,0.043755232479,0
1006,A,1791307200748984832,139539,1.000000,0.043755232479,0
1007,A,1791307200749382347,141328,1.000000,0.043755232479,0
1008,A,1791307200749778532,149967,1.000000,0.043755232479,1
1009,B,1791307203590359392,304064,1.000000,0.117768731071,0
1010,B,1791307203591239410,428278,1.000000,0.117768731071,0
1011,B,1791307203591800083,316716,1.000000,0.117768731071,0
1012,B,1791307203592400505,233513,1.000000,0.117768731071,0
1013,B,1791307203592682181,101169,1.000000,0.117768731071,0
1014,B,1791307203592891878,69130,1.000000,0.117768731071,0
1015,B,1791307203593076986,74452,1.000000,0.117768731071,0
1016,B,1791307203593252454,71884,1.000000,0.117768731071,0
1017,B,1791307203593412262,55236,1.000000,0.117768731071,0
1018,B,1791307203593576549,52726,1.000000,0.117768731071,0
1019,B,1791307203593723657,43918,1.000000,0.117768731071,0
1020,B,1791307203593860416,34170,1.000000,0.117768731071,1
1021,A,1791307203753598089,487855,1.000000,0.043755232479,0
1022,A,1791307203754479008,488897,1.000000,0.043755232479,0
1023,A,1791307203755223768,334189,1.000000,0.043755232479,0
1024,A,1791307203755838880,320225,1.000000,0.043755232479,0
1025,A,1791307203756435562,319752,1.000000,0.043755232479,0
1026,A,1791307203756907236,196511,1.000000,0.043755232479,0
1027,A,1791307203757356000,186001,1.000000,0.043755232479,0
1028,A,1791307203757799344,185871,1.000000,0.043755232479,0
1029,A,1791307203758235408,178781,1.000000,0.043755232479,0
1030,A,1791307203758668232,178291,1.000000,0.043755232479,0
1031,A,1791307203759080517,155322,1.000000,0.043755232479,0
1032,A,1791307203759463832,134224,1.000000,0.043755232479,0
1033,A,1791307203759841157,128895,1.000000,0.043755232479,0
1034,A,1791307203760216112,127667,1.000000,0.043755232479,0
1035,A,1791307203760592207,127879,1.000000,0.043755232479,0
1036,A,1791307203760967682,128460,1.000000,0.043755232479,0
1037,A,1791307203761349987,130102,1.000000,0.043755232479,0
1038,A,1791307203761729572,128394,1.000000,0.043755232479,0
1039,A,1791307203762109497,129235,1.000000,0.043755232479,0
1040,A,1791307203762490152,128027,1.000000,0.043755232479,0
1041,A,1791307203762867217,128068,1.000000,0.043755232479,0
1042,A,1791307203763245482,127600,1.000000,0.043755232479,0
1043,A,1791307203763623487,131342,1.000000,0.043755232479,0
1044,A,1791307203764000532,128813,1.000000,0.043755232479,0
1045,A,1791307203764376277,127355,1.000000,0.043755232479,0
1046,A,1791307203764754112,130356,1.000000,0.043755232479,0
1047,A,1791307203765141457,129278,1.000000,0.043755232479,0
1048,A,1791307203765516512,128160,1.000000,0.043755232479,0
1049,A,1791307203765887837,126441,1.000000,0.043755232479,0
1050,A,1791307203766263202,127403,1.000000,0.043755232479,0
1051,A,1791307203766639497,127845,1.000000,0.043755232479,0
1052,A,1791307203767014442,127546,1.000000,0.043755232479,0
1053,A,1791307203767394317,126648,1.000000,0.043755232479,0
1054,A,1791307203767774932,132580,1.000000,0.043755232479,0
1055,A,1791307203768154097,128621,1.000000,0.043755232479,0
1056,A,1791307203768527582,127913,1.000000,0.043755232479,0
1057,A,1791307203768902637,127265,1.000000,0.043755232479,0
1058,A,1791307203769281542,129076,1.000000,0.043755232479,0
1059,A,1791307203769656827,127708,1.000000,0.043755232479,0
1060,A,1791307203770043902,138510,1.000000,0.043755232479,0
1061,A,1791307203770423177,131481,1.000000,0.043755232479,0
1062,A,1791307203770798412,127423,1.000000,0.043755232479,0
1063,A,1791307203771172167,126525,1.000000,0.043755232479,0
1064,A,1791307203771544142,126326,1.000000,0.043755232479,0
1065,A,1791307203771914027,125808,1.000000,0.043755232479,0
1066,A,1791307203772295842,130130,1.000000,0.043755232479,0
1067,A,1791307203772672157,128471,1.000000,0.043755232479,0
1068,A,1791307203773051612,129253,1.000000,0.043755232479,0
1069,A,1791307203773436087,132224,1.000000,0.043755232479,0
1070,A,1791307203773813552,128696,1.000000,0.043755232479,0
1071,A,1791307203774188707,127658,1.000000,0.043755232479,0
1072,A,1791307203774562822,128219,1.000000,0.043755232479,1
1073,B,1791307206597615465,471529,1.000000,0.117768731071,0
1074,B,1791307206598456994,334325,1.000000,0.117768731071,0
1075,B,1791307206599008237,260156,1.000000,0.117768731071,0
1076,B,1791307206599565589,254856,1.000000,0.117768731071,0
1077,B,1791307206599860675,112720,1.000000,0.117768731071,0
1078,B,1791307206600082652,88397,1.000000,0.117768731071,0
1079,B,1791307206600273400,86164,1.000000,0.117768731071,0
1080,B,1791307206600472737,96440,1.000000,0.117768731071,0
1081,B,1791307206600655375,83948,1.000000,0.117768731071,0
1082,B,1791307206600818253,65675,1.000000,0.117768731071,0
1083,B,1791307206600963141,48793,1.000000,0.117768731071,0
1084,B,1791307206601103169,45740,1.000000,0.117768731071,0
1085,B,1791307206601245277,46608,1.000000,0.117768731071,0
1086,B,1791307206601388685,46175,1.000000,0.117768731071,0
1087,B,1791307206601532533,48483,1.000000,0.117768731071,0
1088,B,1791307206601674491,46281,1.000000,0.117768731071,0
1089,B,1791307206601813409,44868,1.000000,0.117768731071,1
1090,A,1791307206778499258,570881,1.000000,0.043755232479,0
1091,A,1791307206779467855,505005,1.000000,0.043755232479,0
1092,A,1791307206780190986,330067,1.000000,0.043755232479,0
1093,A,1791307206780812797,330564,1.000000,0.043755232479,0
1094,A,1791307206781408370,318144,1.000000,0.043755232479,0
1095,A,1791307206781873863,186744,1.000000,0.043755232479,0
1096,A,1791307206782324627,182698,1.000000,0.043755232479,0
1097,A,1791307206782762072,182404,1.000000,0.043755232479,0
1098,A,1791307206783177386,158058,1.000000,0.043755232479,0
1099,A,1791307206783584991,158435,1.000000,0.043755232479,0
1100,A,1791307206783982896,151761,1.000000,0.043755232479,0
1101,A,1791307206784385900,153416,1.000000,0.043755232479,0
1102,A,1791307206784770175,135152,1.000000,0.043755232479,0
1103,A,1791307206785149110,130149,1.000000,0.043755232479,0
1104,A,1791307206785523585,129796,1.000000,0.043755232479,0
1105,A,1791307206785903330,135383,1.000000,0.043755232479,0
1106,A,1791307206786279865,130640,1.000000,0.043755232479,0
1107,A,1791307206786655560,130896,1.000000,0.043755232479,0
1108,A,1791307206787032025,129853,1.000000,0.043755232479,1
1109,B,1791307209605474875,388366,1.000000,0.117768731071,1
1110,A,1791307209790873827,502444,1.000000,0.043755232479,0
1111,A,1791307209791821095,505780,1.000000,0.043755232479,0
1112,A,1791307209792543065,327889,1.000000,0.043755232479,0
1113,A,1791307209793152457,307913,1.000000,0.043755232479,0
1114,A,1791307209793748339,309758,1.000000,0.043755232479,0
1115,A,1791307209794213753,177984,1.000000,0.043755232479,0
1116,A,1791307209794651117,172443,1.000000,0.043755232479,0
1117,A,1791307209795086522,171402,1.000000,0.043755232479,0
1118,A,1791307209795524746,171071,1.000000,0.043755232479,0
1119,A,1791307209795961000,170809,1.000000,0.043755232479,0
1120,A,1791307209796394404,168398,1.000000,0.043755232479,0
1121,A,1791307209796784779,127847,1.000000,0.043755232479,0
1122,A,1791307209797175694,130008,1.000000,0.043755232479,0
1123,A,1791307209797554469,121268,1.000000,0.043755232479,0
1124,A,1791307209797933074,120998,1.000000,0.043755232479,0
1125,A,1791307209798311489,120948,1.000000,0.043755232479,0
1126,A,1791307209798709114,120948,1.000000,0.043755232479,0
1127,A,1791307209799093819,128758,1.000000,0.043755232479,0
1128,A,1791307209799474284,125589,1.000000,0.043755232479,0
1129,A,1791307209799850149,120759,1.000000,0.043755232479,0
1130,A,1791307209800228484,121519,1.000000,0.043755232479,0
1131,A,1791307209800610939,122079,1.000000,0.043755232479,1
1132,B,1791307212609591463,394895,1.000000,0.117768731071,0
1133,B,1791307212610540001,436041,1.000000,0.117768731071,0
1134,B,1791307212611147103,219890,1.000000,0.117768731071,0
1135,B,1791307212611690295,221107,1.000000,0.117768731071,0
1136,B,1791307212611969382,77896,1.000000,0.117768731071,1
1137,A,1791307212801396772,376920,1.000000,0.043755232479,0
1138,A,1791307212802105672,314598,1.000000,0.043755232479,0
1139,A,1791307212802700634,297110,1.000000,0.043755232479,0
1140,A,1791307212803277567,289933,1.000000,0.043755232479,0
1141,A,1791307212803727581,156708,1.000000,0.043755232479,0
1142,A,1791307212804143515,142284,1.000000,0.043755232479,0
1143,A,1791307212804536830,124603,1.000000,0.043755232479,1
1144,B,1791307215615708302,402307,1.000000,0.117768731071,0
1145,B,1791307215616714569,471905,1.000000,0.117768731071,0
1146,B,1791307215617331341,229315,1.000000,0.117768731071,1
1147,A,1791307215805399948,388348,1.000000,0.043755232479,0
1148,A,1791307215806116588,319818,1.000000,0.043755232479,0
1149,A,1791307215806597392,168645,1.000000,0.043755232479,0
1150,A,1791307215807080726,167143,1.000000,0.043755232479,0
1151,A,1791307215807524490,173111,1.000000,0.043755232479,0
1152,A,1791307215807927355,133031,1.000000,0.043755232479,0
1153,A,1791307215808323249,130810,1.000000,0.043755232479,0
1154,A,1791307215808717604,130620,1.000000,0.043755232479,0
1155,A,1791307215809101789,118970,1.000000,0.043755232479,0
1156,A,1791307215809491594,117820,1.000000,0.043755232479,0
1157,A,1791307215809867979,110150,1.000000,0.043755232479,1
1158,B,1791307218618445613,395708,1.000000,0.117768731071,1
1159,A,1791307218813747525,503199,1.000000,0.043755232479,0
1160,A,1791307218814689553,478582,1.000000,0.043755232479,0
1161,A,1791307218815425083,308458,1.000000,0.043755232479,0
1162,A,1791307218816035745,297700,1.000000,0.043755232479,0
1163,A,1791307218816639617,295112,1.000000,0.043755232479,0
1164,A,1791307218817122481,176317,1.000000,0.043755232479,0
1165,A,1791307218817570275,165194,1.000000,0.043755232479,0
1166,A,1791307218818011489,164141,1.000000,0.043755232479,0
1167,A,1791307218818448403,159058,1.000000,0.043755232479,0
1168,A,1791307218818883567,159465,1.000000,0.043755232479,0
1169,A,1791307218819318192,157123,1.000000,0.043755232479,0
1170,A,1791307218819729536,122580,1.000000,0.043755232479,0
1171,A,1791307218820112751,112779,1.000000,0.043755232479,0
1172,A,1791307218820491046,108458,1.000000,0.043755232479,0
1173,A,1791307218820870781,109257,1.000000,0.043755232479,0
1174,A,1791307218821250926,107606,1.000000,0.043755232479,0
1175,A,1791307218821626051,107056,1.000000,0.043755232479,0
1176,A,1791307218822001076,107395,1.000000,0.043755232479,0
1177,A,1791307218822376541,108304,1.000000,0.043755232479,0
1178,A,1791307218822758736,114353,1.000000,0.043755232479,0
1179,A,1791307218823133431,107282,1.000000,0.043755232479,0
1180,A,1791307218823514756,112571,1.000000,0.043755232479,0
1181,A,1791307218823893591,106630,1.000000,0.043755232479,0
1182,A,1791307218824269176,106459,1.000000,0.043755232479,0
1183,A,1791307218824644771,107538,1.000000,0.043755232479,0
1184,A,1791307218825022166,109238,1.000000,0.043755232479,0
1185,A,1791307218825400731,108967,1.000000,0.043755232479,0
1186,A,1791307218825775426,107946,1.000000,0.043755232479,0
1187,A,1791307218826149351,107445,1.000000,0.043755232479,0
1188,A,1791307218826530316,109314,1.000000,0.043755232479,0
1189,A,1791307218826904971,106363,1.000000,0.043755232479,0
1190,A,1791307218827283226,107522,1.000000,0.043755232479,0
1191,A,1791307218827657311,107381,1.000000,0.043755232479,0
1192,A,1791307218828030046,106041,1.000000,0.043755232479,0
1193,A,1791307218828407371,107990,1.000000,0.043755232479,0
1194,A,1791307218828780836,106239,1.000000,0.043755232479,1
1195,B,1791307221622597299,452930,1.000000,0.117768731071,1
1196,A,1791307221832748395,583502,1.000000,0.043755232479,0
1197,A,1791307221833485135,300123,1.000000,0.043755232479,0
1198,A,1791307221834116767,295429,1.000000,0.043755232479,0
1199,A,1791307221834710889,294016,1.000000,0.043755232479,0
1200,A,1791307221835183003,174214,1.000000,0.043755232479,0
1201,A,1791307221835629117,162654,1.000000,0.043755232479,0
1202,A,1791307221836054361,141464,1.000000,0.043755232479,0
1203,A,1791307221836466026,131855,1.000000,0.043755232479,0
1204,A,1791307221836864180,126816,1.000000,0.043755232479,0
1205,A,1791307221837245245,108467,1.000000,0.043755232479,0
1206,A,1791307221837619310,103819,1.000000,0.043755232479,0
1207,A,1791307221837990695,102691,1.000000,0.043755232479,0
1208,A,1791307221838361531,102033,1.000000,0.043755232479,0
1209,A,1791307221838730886,102145,1.000000,0.043755232479,0
1210,A,1791307221839100611,102127,1.000000,0.043755232479,0
1211,A,1791307221839469326,100758,1.000000,0.043755232479,0
1212,A,1791307221839836331,101170,1.000000,0.043755232479,0
1213,A,1791307221840214726,101292,1.000000,0.043755232479,0
1214,A,1791307221840586241,102833,1.000000,0.043755232479,0
1215,A,1791307221840960036,107125,1.000000,0.043755232479,0
1216,A,1791307221841337481,105747,1.000000,0.043755232479,0
1217,A,1791307221841718806,113278,1.000000,0.043755232479,0
1218,A,1791307221842090991,103670,1.000000,0.043755232479,0
1219,A,1791307221842462746,104092,1.000000,0.043755232479,0
1220,A,1791307221842845141,104243,1.000000,0.043755232479,0
1221,A,1791307221843218856,104645,1.000000,0.043755232479,0
1222,A,1791307221843596371,105686,1.000000,0.043755232479,1
1223,B,1791307224626648662,307973,1.000000,0.117768731071,0
1224,B,1791307224627479191,320576,1.000000,0.117768731071,0
1225,B,1791307224627945574,234630,1.000000,0.117768731071,0
1226,B,1791307224628509877,229586,1.000000,0.117768731071,0
1227,B,1791307224628945761,214422,1.000000,0.117768731071,0
1228,B,1791307224629257007,94281,1.000000,0.117768731071,0
1229,B,1791307224629560453,104868,1.000000,0.117768731071,0
1230,B,1791307224629827380,90386,1.000000,0.117768731071,0
1231,B,1791307224630087936,85294,1.000000,0.117768731071,0
1232,B,1791307224630315973,60092,1.000000,0.117768731071,0
1233,B,1791307224630520470,43190,1.000000,0.117768731071,0
1234,B,1791307224630679158,26169,1.000000,0.117768731071,0
1235,B,1791307224630825016,19937,1.000000,0.117768731071,0
1236,B,1791307224630960705,17396,1.000000,0.117768731071,1
1237,A,1791307224847462356,505959,1.000000,0.043755232479,0
1238,A,1791307224848372123,448069,1.000000,0.043755232479,0
1239,A,1791307224849104434,310875,1.000000,0.043755232479,0
1240,A,1791307224849722036,303025,1.000000,0.043755232479,1
1241,B,1791307227634563266,305852,1.000000,0.117768731071,0
1242,B,1791307227635266057,322236,1.000000,0.117768731071,0
1243,B,1791307227635758541,131192,1.000000,0.117768731071,0
1244,B,1791307227636321563,219123,1.000000,0.117768731071,0
1245,B,1791307227636738998,183046,1.000000,0.117768731071,0
1246,B,1791307227637002704,82789,1.000000,0.117768731071,1
1247,A,1791307227853627054,507890,1.000000,0.043755232479,0
1248,A,1791307227854589021,486516,1.000000,0.043755232479,0
1249,A,1791307227855314601,303257,1.000000,0.043755232479,0
1250,A,1791307227855930163,294552,1.000000,0.043755232479,0
1251,A,1791307227856523985,290398,1.000000,0.043755232479,0
1252,A,1791307227856999359,173266,1.000000,0.043755232479,0
1253,A,1791307227857451543,157905,1.000000,0.043755232479,0
1254,A,1791307227857897067,158884,1.000000,0.043755232479,0
1255,A,1791307227858354981,158563,1.000000,0.043755232479,0
1256,A,1791307227858802945,161643,1.000000,0.043755232479,1
1257,B,1791307230640748009,388009,1.000000,0.117768731071,0
1258,B,1791307230641729696,404412,1.000000,0.117768731071,0
1259,B,1791307230642360508,226609,1.000000,0.117768731071,0
1260,B,1791307230642927080,222615,1.000000,0.117768731071,0
1261,B,1791307230643232526,74654,1.000000,0.117768731071,1
1262,A,1791307230862631940,444207,1.000000,0.043755232479,0
1263,A,1791307230863611467,508482,1.000000,0.043755232479,0
1264,A,1791307230864333047,310519,1.000000,0.043755232479,0
1265,A,1791307230864947299,297853,1.000000,0.043755232479,0
1266,A,1791307230865440822,190827,1.000000,0.043755232479,0
1267,A,1791307230865915236,180115,1.000000,0.043755232479,0
1268,A,1791307230866358640,162913,1.000000,0.043755232479,0
1269,A,1791307230866796384,161871,1.000000,0.043755232479,0
1270,A,1791307230867231719,160660,1.000000,0.043755232479,0
1271,A,1791307230867645913,139778,1.000000,0.043755232479,0
1272,A,1791307230868055538,135097,1.000000,0.043755232479,0
1273,A,1791307230868434773,113587,1.000000,0.043755232479,0
1274,A,1791307230868824708,124967,1.000000,0.043755232479,0
1275,A,1791307230869208393,113136,1.000000,0.043755232479,0
1276,A,1791307230869590777,115935,1.000000,0.043755232479,0
1277,A,1791307230869968092,111145,1.000000,0.043755232479,0
1278,A,1791307230870341478,109596,1.000000,0.043755232479,0
1279,A,1791307230870724472,110365,1.000000,0.043755232479,0
1280,A,1791307230871098888,108405,1.000000,0.043755232479,0
1281,A,1791307230871470453,109295,1.000000,0.043755232479,0
1282,A,1791307230871844058,109785,1.000000,0.043755232479,0
1283,A,1791307230872220533,110035,1.000000,0.043755232479,0
1284,A,1791307230872602368,113635,1.000000,0.043755232479,0
1285,A,1791307230872977843,110465,1.000000,0.043755232479,0
1286,A,1791307230873356488,110965,1.000000,0.043755232479,0
1287,A,1791307230873729463,110155,1.000000,0.043755232479,0
1288,A,1791307230874103748,108595,1.000000,0.043755232479,0
1289,A,1791307230874474403,107255,1.000000,0.043755232479,0
1290,A,1791307230874844838,108215,1.000000,0.043755232479,0
1291,A,1791307230875216483,107675,1.000000,0.043755232479,0
1292,A,1791307230875590858,111225,1.000000,0.043755232479,0
1293,A,1791307230875961523,108485,1.000000,0.043755232479,0
1294,A,1791307230876338188,111255,1.000000,0.043755232479,0
1295,A,1791307230876710783,109285,1.000000,0.043755232479,0
1296,A,1791307230877091888,112765,1.000000,0.043755232479,0
1297,A,1791307230877469153,110074,1.000000,0.043755232479,0
1298,A,1791307230877846468,112224,1.000000,0.043755232479,0
1299,A,1791307230878226003,112014,1.000000,0.043755232479,0
1300,A,1791307230878602338,110134,1.000000,0.043755232479,0
1301,A,1791307230878980253,111254,1.000000,0.043755232479,0
1302,A,1791307230879357698,109794,1.000000,0.043755232479,0
1303,A,1791307230879730753,107934,1.000000,0.043755232479,0
1304,A,1791307230880107428,108313,1.000000,0.043755232479,0
1305,A,1791307230880481643,107733,1.000000,0.043755232479,0
1306,A,1791307230880859208,110953,1.000000,0.043755232479,0
1307,A,1791307230881246263,115283,1.000000,0.043755232479,0
1308,A,1791307230881634148,119403,1.000000,0.043755232479,0
1309,A,1791307230882009023,108373,1.000000,0.043755232479,0
1310,A,1791307230882383328,107023,1.000000,0.043755232479,0
1311,A,1791307230882757593,107842,1.000000,0.043755232479,0
1312,A,1791307230883138988,108692,1.000000,0.043755232479,1
1313,B,1791307233646915622,287790,1.000000,0.117768731071,1
1314,A,1791307233886788784,277955,1.000000,0.043755232479,0
1315,A,1791307233887522295,311112,1.000000,0.043755232479,1
1316,B,1791307236650841370,297560,1.000000,0.117768731071,0
1317,B,1791307236651527370,232609,1.000000,0.117768731071,0
1318,B,1791307236652015314,243213,1.000000,0.117768731071,0
1319,B,1791307236652566347,241405,1.000000,0.117768731071,1
1320,A,1791307236891429322,501916,1.000000,0.043755232479,0
1321,A,1791307236892317710,455766,1.000000,0.043755232479,0
1322,A,1791307236893051820,320260,1.000000,0.043755232479,0
1323,A,1791307236893675492,319210,1.000000,0.043755232479,0
1324,A,1791307236894265464,302460,1.000000,0.043755232479,0
1325,A,1791307236894748338,185632,1.000000,0.043755232479,0
1326,A,1791307236895190372,169177,1.000000,0.043755232479,0
1327,A,1791307236895634366,174863,1.000000,0.043755232479,0
1328,A,1791307236896072390,169538,1.000000,0.043755232479,0
1329,A,1791307236896511554,167434,1.000000,0.043755232479,0
1330,A,1791307236896955158,174909,1.000000,0.043755232479,0
1331,A,1791307236897356812,126815,1.000000,0.043755232479,0
1332,A,1791307236897737577,119912,1.000000,0.043755232479,0
1333,A,1791307236898116642,118920,1.000000,0.043755232479,0
1334,A,1791307236898496217,118018,1.000000,0.043755232479,0
1335,A,1791307236898877892,118205,1.000000,0.043755232479,1
1336,B,1791307239656384145,395766,1.000000,0.117768731071,0
1337,B,1791307239657217264,406742,1.000000,0.117768731071,0
1338,B,1791307239657897205,272191,1.000000,0.117768731071,0
1339,B,1791307239658456738,227630,1.000000,0.117768731071,0
1340,B,1791307239658874282,201568,1.000000,0.117768731071,0
1341,B,1791307239659177108,86868,1.000000,0.117768731071,0
1342,B,1791307239659407385,78936,1.000000,0.117768731071,0
1343,B,1791307239659639502,88515,1.000000,0.117768731071,0
1344,B,1791307239659860509,76544,1.000000,0.117768731071,0
1345,B,1791307239660079456,76733,1.000000,0.117768731071,0
1346,B,1791307239660270734,50503,1.000000,0.117768731071,0
1347,B,1791307239660426772,20363,1.000000,0.117768731071,0
1348,B,1791307239660574640,10783,1.000000,0.117768731071,1
1349,A,1791307239902754400,513882,1.000000,0.043755232479,0
1350,A,1791307239903688418,501723,1.000000,0.043755232479,0
1351,A,1791307239904426828,318375,1.000000,0.043755232479,0
1352,A,1791307239905039810,307943,1.000000,0.043755232479,0
1353,A,1791307239905642972,304980,1.000000,0.043755232479,0
1354,A,1791307239906094766,171679,1.000000,0.043755232479,0
1355,A,1791307239906535110,169990,1.000000,0.043755232479,0
1356,A,1791307239906976634,169990,1.000000,0.043755232479,0
1357,A,1791307239907416579,169802,1.000000,0.043755232479,0
1358,A,1791307239907853693,169473,1.000000,0.043755232479,0
1359,A,1791307239908262617,143563,1.000000,0.043755232479,0
1360,A,1791307239908649632,125255,1.000000,0.043755232479,0
1361,A,1791307239909037237,123807,1.000000,0.043755232479,0
1362,A,1791307239909415812,118069,1.000000,0.043755232479,0
1363,A,1791307239909794497,118191,1.000000,0.043755232479,0
1364,A,1791307239910171422,118563,1.000000,0.043755232479,0
1365,A,1791307239910548967,119005,1.000000,0.043755232479,0
1366,A,1791307239910926462,118437,1.000000,0.043755232479,0
1367,A,1791307239911301837,116690,1.000000,0.043755232479,0
1368,A,1791307239911679632,118292,1.000000,0.043755232479,0
1369,A,1791307239912058247,118534,1.000000,0.043755232479,0
1370,A,1791307239912436972,117886,1.000000,0.043755232479,0
1371,A,1791307239912815277,118678,1.000000,0.043755232479,0
1372,A,1791307239913191442,116930,1.000000,0.043755232479,0
1373,A,1791307239913571547,120672,1.000000,0.043755232479,0
1374,A,1791307239913954512,126564,1.000000,0.043755232479,0
1375,A,1791307239914338157,119136,1.000000,0.043755232479,0
1376,A,1791307239914714732,117228,1.000000,0.043755232479,0
1377,A,1791307239915090997,116970,1.000000,0.043755232479,0
1378,A,1791307239915476272,125963,1.000000,0.043755232479,0
1379,A,1791307239915854157,120205,1.000000,0.043755232479,0
1380,A,1791307239916228832,118077,1.000000,0.043755232479,0
1381,A,1791307239916608377,120249,1.000000,0.043755232479,0
1382,A,1791307239916995592,122701,1.000000,0.043755232479,0
1383,A,1791307239917378807,117723,1.000000,0.043755232479,0
1384,A,1791307239917754892,118815,1.000000,0.043755232479,0
1385,A,1791307239918128987,116487,1.000000,0.043755232479,1
1386,B,1791307242664272893,391650,1.000000,0.117768731071,0
1387,B,1791307242665175761,415294,1.000000,0.117768731071,1
1388,A,1791307242921993119,504316,1.000000,0.043755232479,0
1389,A,1791307242922841498,401241,1.000000,0.043755232479,0
1390,A,1791307242923499279,322221,1.000000,0.043755232479,0
1391,A,1791307242924103571,314804,1.000000,0.043755232479,0
1392,A,1791307242924704183,319817,1.000000,0.043755232479,0
1393,A,1791307242925293725,304300,1.000000,0.043755232479,0
1394,A,1791307242925747699,182065,1.000000,0.043755232479,0
1395,A,1791307242926184294,175624,1.000000,0.043755232479,1
1396,B,1791307245669031933,307289,1.000000,0.117768731071,0
1397,B,1791307245669848822,390044,1.000000,0.117768731071,0
1398,B,1791307245670562753,241666,1.000000,0.117768731071,0
1399,B,1791307245671122785,236681,1.000000,0.117768731071,0
1400,B,1791307245671541690,220867,1.000000,0.117768731071,0
1401,B,1791307245671938255,214461,1.000000,0.117768731071,0
1402,B,1791307245672167882,93706,1.000000,0.117768731071,0
1403,B,1791307245672382749,92018,1.000000,0.117768731071,0
1404,B,1791307245672594446,91360,1.000000,0.117768731071,0
1405,B,1791307245672784584,68283,1.000000,0.117768731071,1
1406,A,1791307245929983765,421398,1.000000,0.043755232479,0
1407,A,1791307245930736805,345309,1.000000,0.043755232479,0
1408,A,1791307245931391436,316363,1.000000,0.043755232479,0
1409,A,1791307245931997918,313198,1.000000,0.043755232479,0
1410,A,1791307245932480151,198165,1.000000,0.043755232479,0
1411,A,1791307245932951415,190764,1.000000,0.043755232479,0
1412,A,1791307245933396119,174003,1.000000,0.043755232479,0
1413,A,1791307245933832953,174072,1.000000,0.043755232479,0
1414,A,1791307245934268278,173363,1.000000,0.043755232479,0
1415,A,1791307245934699122,167722,1.000000,0.043755232479,0
1416,A,1791307245935112776,149831,1.000000,0.043755232479,0
1417,A,1791307245935514241,126432,1.000000,0.043755232479,0
1418,A,1791307245935896616,124753,1.000000,0.043755232479,0
1419,A,1791307245936277171,124803,1.000000,0.043755232479,0
1420,A,1791307245936660246,126694,1.000000,0.043755232479,0
1421,A,1791307245937039171,123875,1.000000,0.043755232479,0
1422,A,1791307245937415546,121426,1.000000,0.043755232479,0
1423,A,1791307245937792791,122427,1.000000,0.043755232479,0
1424,A,1791307245938179805,122547,1.000000,0.043755232479,0
1425,A,1791307245938557750,121848,1.000000,0.043755232479,0
1426,A,1791307245938933026,121620,1.000000,0.043755232479,0
1427,A,1791307245939309811,120681,1.000000,0.043755232479,0
1428,A,1791307245939689486,121372,1.000000,0.043755232479,0
1429,A,1791307245940067860,121772,1.000000,0.043755232479,0
1430,A,1791307245940444156,120664,1.000000,0.043755232479,0
1431,A,1791307245940817291,120835,1.000000,0.043755232479,0
1432,A,1791307245941192776,120846,1.000000,0.043755232479,0
1433,A,1791307245941569911,121757,1.000000,0.043755232479,0
1434,A,1791307245941947086,122538,1.000000,0.043755232479,0
1435,A,1791307245942322041,121409,1.000000,0.043755232479,0
1436,A,1791307245942698016,122020,1.000000,0.043755232479,0
1437,A,1791307245943073491,121541,1.000000,0.043755232479,0
1438,A,1791307245943449136,120221,1.000000,0.043755232479,0
1439,A,1791307245943823091,120782,1.000000,0.043755232479,0
1440,A,1791307245944201696,127223,1.000000,0.043755232479,0
1441,A,1791307245944582921,121954,1.000000,0.043755232479,0
1442,A,1791307245944959036,122595,1.000000,0.043755232479,0
1443,A,1791307245945333311,120316,1.000000,0.043755232479,0
1444,A,1791307245945711816,121727,1.000000,0.043755232479,0
1445,A,1791307245946090521,120278,1.000000,0.043755232479,0
1446,A,1791307245946481926,133979,1.000000,0.043755232479,0
1447,A,1791307245946876110,128179,1.000000,0.043755232479,0
1448,A,1791307245947247445,120380,1.000000,0.043755232479,0
1449,A,1791307245947619031,119632,1.000000,0.043755232479,0
1450,A,1791307245947990746,121773,1.000000,0.043755232479,1
1451,B,1791307248676510062,423944,1.000000,0.117768731071,0
1452,B,1791307248677501059,488186,1.000000,0.117768731071,0
1453,B,1791307248678092881,247532,1.000000,0.117768731071,0
1454,B,1791307248678644094,245537,1.000000,0.117768731071,0
1455,B,1791307248679064348,229754,1.000000,0.117768731071,0
1456,B,1791307248679369264,111092,1.000000,0.117768731071,0
1457,B,1791307248679623771,107351,1.000000,0.117768731071,1
1458,A,1791307248949398447,387892,1.000000,0.043755232479,0
1459,A,1791307248950140027,333909,1.000000,0.043755232479,0
1460,A,1791307248950762729,316081,1.000000,0.043755232479,0
1461,A,1791307248951355281,303343,1.000000,0.043755232479,0
1462,A,1791307248951948653,302975,1.000000,0.043755232479,0
1463,A,1791307248952422477,185279,1.000000,0.043755232479,0
1464,A,1791307248952870011,172236,1.000000,0.043755232479,0
1465,A,1791307248953307915,167843,1.000000,0.043755232479,0
1466,A,1791307248953746660,165811,1.000000,0.043755232479,0
1467,A,1791307248954184844,166377,1.000000,0.043755232479,0
1468,A,1791307248954577889,124145,1.000000,0.043755232479,0
1469,A,1791307248954960914,119864,1.000000,0.043755232479,0
1470,A,1791307248955337639,116223,1.000000,0.043755232479,0
1471,A,1791307248955718674,117942,1.000000,0.043755232479,0
1472,A,1791307248956099138,118080,1.000000,0.043755232479,0
1473,A,1791307248956477173,115728,1.000000,0.043755232479,0
1474,A,1791307248956854728,117637,1.000000,0.043755232479,0
1475,A,1791307248957238013,116016,1.000000,0.043755232479,0
1476,A,1791307248957617148,117665,1.000000,0.043755232479,0
1477,A,1791307248957994103,117944,1.000000,0.043755232479,0
1478,A,1791307248958370208,116503,1.000000,0.043755232479,0
1479,A,1791307248958747053,117522,1.000000,0.043755232479,0
1480,A,1791307248959124948,117660,1.000000,0.043755232479,0
1481,A,1791307248959503523,115329,1.000000,0.043755232479,0
1482,A,1791307248959883348,118518,1.000000,0.043755232479,0
1483,A,1791307248960262073,115467,1.000000,0.043755232479,0
1484,A,1791307248960639608,116846,1.000000,0.043755232479,1
1485,B,1791307251683234335,313250,1.000000,0.117768731071,0
1486,B,1791307251683929236,294393,1.000000,0.117768731071,1
1487,A,1791307251964565088,569108,1.000000,0.043755232479,0
1488,A,1791307251965359858,314205,1.000000,0.043755232479,0
1489,A,1791307251966029189,315288,1.000000,0.043755232479,0
1490,A,1791307251966658781,302393,1.000000,0.043755232479,0
1491,A,1791307251967260943,294508,1.000000,0.043755232479,0
1492,A,1791307251967716167,176595,1.000000,0.043755232479,0
1493,A,1791307251968157411,166554,1.000000,0.043755232479,0
1494,A,1791307251968593885,163802,1.000000,0.043755232479,0
1495,A,1791307251969033049,166831,1.000000,0.043755232479,0
1496,A,1791307251969448924,143951,1.000000,0.043755232479,0
1497,A,1791307251969842018,126990,1.000000,0.043755232479,0
1498,A,1791307251970228153,118851,1.000000,0.043755232479,0
1499,A,1791307251970616018,122711,1.000000,0.043755232479,0
1500,A,1791307251970998473,115231,1.000000,0.043755232479,0
1501,A,1791307251971378548,114642,1.000000,0.043755232479,0
1502,A,1791307251971760903,114422,1.000000,0.043755232479,0
1503,A,1791307251972137158,112663,1.000000,0.043755232479,0
1504,A,1791307251972512693,112204,1.000000,0.043755232479,0
1505,A,1791307251972890908,113704,1.000000,0.043755232479,0
1506,A,1791307251973269713,114095,1.000000,0.043755232479,0
1507,A,1791307251973648488,112935,1.000000,0.043755232479,0
1508,A,1791307251974024963,112616,1.000000,0.043755232479,0
1509,A,1791307251974405818,117576,1.000000,0.043755232479,0
1510,A,1791307251974790652,120276,1.000000,0.043755232479,0
1511,A,1791307251975168007,113506,1.000000,0.043755232479,0
1512,A,1791307251975544642,113037,1.000000,0.043755232479,0
1513,A,1791307251975921578,113168,1.000000,0.043755232479,0
1514,A,1791307251976296453,112119,1.000000,0.043755232479,0
1515,A,1791307251976669748,111909,1.000000,0.043755232479,0
1516,A,1791307251977056872,125549,1.000000,0.043755232479,0
1517,A,1791307251977440357,114289,1.000000,0.043755232479,1
1518,B,1791307254686293680,326036,1.000000,0.117768731071,1
1519,A,1791307254981349911,516298,1.000000,0.043755232479,0
1520,A,1791307254982263679,455397,1.000000,0.043755232479,0
1521,A,1791307254983006139,328321,1.000000,0.043755232479,0
1522,A,1791307254983616821,305401,1.000000,0.043755232479,0
1523,A,1791307254984218893,312972,1.000000,0.043755232479,0
1524,A,1791307254984695157,188964,1.000000,0.043755232479,0
1525,A,1791307254985151261,171649,1.000000,0.043755232479,0
1526,A,1791307254985589655,169095,1.000000,0.043755232479,0
1527,A,1791307254986028879,170321,1.000000,0.043755232479,0
1528,A,1791307254986468304,167698,1.000000,0.043755232479,0
1529,A,1791307254986894528,157023,1.000000,0.043755232479,0
1530,A,1791307254987286693,125930,1.000000,0.043755232479,0
1531,A,1791307254987671768,121508,1.000000,0.043755232479,0
1532,A,1791307254988051803,119886,1.000000,0.043755232479,0
1533,A,1791307254988427748,117304,1.000000,0.043755232479,0
1534,A,1791307254988817783,119321,1.000000,0.043755232479,0
1535,A,1791307254989193938,117139,1.000000,0.043755232479,0
1536,A,1791307254989570253,117917,1.000000,0.043755232479,0
1537,A,1791307254989946678,118265,1.000000,0.043755232479,0
1538,A,1791307254990322273,116813,1.000000,0.043755232479,0
1539,A,1791307254990699248,117051,1.000000,0.043755232479,0
1540,A,1791307254991082743,119789,1.000000,0.043755232479,0
1541,A,1791307254991473107,116825,1.000000,0.043755232479,0
1542,A,1791307254991850402,117253,1.000000,0.043755232479,0
1543,A,1791307254992228327,118861,1.000000,0.043755232479,0
1544,A,1791307254992607842,117719,1.000000,0.043755232479,0
1545,A,1791307254992984457,116117,1.000000,0.043755232479,0
1546,A,1791307254993358422,117605,1.000000,0.043755232479,0
1547,A,1791307254993738637,120373,1.000000,0.043755232479,0
1548,A,1791307254994112922,116161,1.000000,0.043755232479,0
1549,A,1791307254994491237,118559,1.000000,0.043755232479,0
1550,A,1791307254994870472,119036,1.000000,0.043755232479,0
1551,A,1791307254995246477,116054,1.000000,0.043755232479,0
1552,A,1791307254995622982,117212,1.000000,0.043755232479,0
1553,A,1791307254995998787,117950,1.000000,0.043755232479,0
1554,A,1791307254996374213,116729,1.000000,0.043755232479,0
1555,A,1791307254996751658,115737,1.000000,0.043755232479,0
1556,A,1791307254997132162,121714,1.000000,0.043755232479,0
1557,A,1791307254997508838,117963,1.000000,0.043755232479,0
1558,A,1791307254997885763,118151,1.000000,0.043755232479,0
1559,A,1791307254998262478,117168,1.000000,0.043755232479,0
1560,A,1791307254998643242,116835,1.000000,0.043755232479,0
1561,A,1791307254999020188,118224,1.000000,0.043755232479,0
1562,A,1791307254999402372,118021,1.000000,0.043755232479,0
1563,A,1791307254999780717,118429,1.000000,0.043755232479,1
1564,B,1791307257689908800,216175,1.000000,0.117768731071,0
1565,B,1791307257690502053,171020,1.000000,0.117768731071,0
1566,B,1791307257691115084,184592,1.000000,0.117768731071,1
1567,A,1791307258001405114,392569,1.000000,0.043755232479,0
1568,A,1791307258002131544,332512,1.000000,0.043755232479,0
1569,A,1791307258002789895,326488,1.000000,0.043755232479,0
1570,A,1791307258003381298,309385,1.000000,0.043755232479,0
1571,A,1791307258003929320,269202,1.000000,0.043755232479,0
1572,A,1791307258004386524,180632,1.000000,0.043755232479,0
1573,A,1791307258004788229,141313,1.000000,0.043755232479,0
1574,A,1791307258005183954,127305,1.000000,0.043755232479,0
1575,A,1791307258005565129,121456,1.000000,0.043755232479,0
1576,A,1791307258005939164,121628,1.000000,0.043755232479,0
1577,A,1791307258006309549,120170,1.000000,0.043755232479,0
1578,A,1791307258006680194,118592,1.000000,0.043755232479,0
1579,A,1791307258007053499,120094,1.000000,0.043755232479,0
1580,A,1791307258007429694,118195,1.000000,0.043755232479,0
1581,A,1791307258007802129,121387,1.000000,0.043755232479,0
1582,A,1791307258008170914,118699,1.000000,0.043755232479,0
1583,A,1791307258008539079,117841,1.000000,0.043755232479,0
1584,A,1791307258008911704,124233,1.000000,0.043755232479,0
1585,A,1791307258009296899,124625,1.000000,0.043755232479,0
1586,A,1791307258009675674,122197,1.000000,0.043755232479,0
1587,A,1791307258010054139,122718,1.000000,0.043755232479,0
1588,A,1791307258010430184,121170,1.000000,0.043755232479,0
1589,A,1791307258010808559,121872,1.000000,0.043755232479,0
1590,A,1791307258011185214,121664,1.000000,0.043755232479,0
1591,A,1791307258011563119,121016,1.000000,0.043755232479,0
1592,A,1791307258011946314,122687,1.000000,0.043755232479,0
1593,A,1791307258012322099,121639,1.000000,0.043755232479,0
1594,A,1791307258012698894,119381,1.000000,0.043755232479,0
1595,A,1791307258013079469,123673,1.000000,0.043755232479,0
1596,A,1791307258013452474,119925,1.000000,0.043755232479,0
1597,A,1791307258013830609,121306,1.000000,0.043755232479,0
1598,A,1791307258014207814,123088,1.000000,0.043755232479,0
1599,A,1791307258014584839,121080,1.000000,0.043755232479,0
1600,A,1791307258014963224,124612,1.000000,0.043755232479,0
1601,A,1791307258015340349,120944,1.000000,0.043755232479,0
1602,A,1791307258015717444,120755,1.000000,0.043755232479,0
1603,A,1791307258016096429,120317,1.000000,0.043755232479,0
1604,A,1791307258016474044,125609,1.000000,0.043755232479,0
1605,A,1791307258016850429,121961,1.000000,0.043755232479,0
1606,A,1791307258017226874,121203,1.000000,0.043755232479,0
1607,A,1791307258017597919,120634,1.000000,0.043755232479,0
1608,A,1791307258017969564,120216,1.000000,0.043755232479,0
1609,A,1791307258018339959,122338,1.000000,0.043755232479,0
1610,A,1791307258018709114,119060,1.000000,0.043755232479,0
1611,A,1791307258019089329,125332,1.000000,0.043755232479,0
1612,A,1791307258019462904,123584,1.000000,0.043755232479,0
1613,A,1791307258019838299,121195,1.000000,0.043755232479,0
1614,A,1791307258020207294,120747,1.000000,0.043755232479,0
1615,A,1791307258020579740,122080,1.000000,0.043755232479,0
1616,A,1791307258020951855,123232,1.000000,0.043755232479,1
1617,B,1791307260694870554,283336,1.000000,0.117768731071,0
1618,B,1791307260695551985,241249,1.000000,0.117768731071,0
1619,B,1791307260696117918,233054,1.000000,0.117768731071,1
1620,A,1791307261024789474,468368,1.000000,0.043755232479,0
1621,A,1791307261025703702,480482,1.000000,0.043755232479,0
1622,A,1791307261026391893,330719,1.000000,0.043755232479,0
1623,A,1791307261027016954,324170,1.000000,0.043755232479,0
1624,A,1791307261027608776,307753,1.000000,0.043755232479,0
1625,A,1791307261028089240,193607,1.000000,0.043755232479,0
1626,A,1791307261028533334,175564,1.000000,0.043755232479,0
1627,A,1791307261028973508,176321,1.000000,0.043755232479,0
1628,A,1791307261029411193,173859,1.000000,0.043755232479,0
1629,A,1791307261029814347,141226,1.000000,0.043755232479,0
1630,A,1791307261030206082,127685,1.000000,0.043755232479,0
1631,A,1791307261030590517,123813,1.000000,0.043755232479,0
1632,A,1791307261030973622,128002,1.000000,0.043755232479,0
1633,A,1791307261031354837,125081,1.000000,0.043755232479,0
1634,A,1791307261031742982,132780,1.000000,0.043755232479,0
1635,A,1791307261032118817,122689,1.000000,0.043755232479,0
1636,A,1791307261032498462,126418,1.000000,0.043755232479,0
1637,A,1791307261032878747,124787,1.000000,0.043755232479,0
1638,A,1791307261033255482,121836,1.000000,0.043755232479,0
1639,A,1791307261033633897,123695,1.000000,0.043755232479,0
1640,A,1791307261034010022,123394,1.000000,0.043755232479,0
1641,A,1791307261034386777,122503,1.000000,0.043755232479,0
1642,A,1791307261034766732,124682,1.000000,0.043755232479,0
1643,A,1791307261035145657,123981,1.000000,0.043755232479,0
1644,A,1791307261035522722,123770,1.000000,0.043755232479,0
1645,A,1791307261035901307,124269,1.000000,0.043755232479,0
1646,A,1791307261036279312,123698,1.000000,0.043755232479,0
1647,A,1791307261036657477,123277,1.000000,0.043755232479,0
1648,A,1791307261037032822,123296,1.000000,0.043755232479,0
1649,A,1791307261037413267,128835,1.000000,0.043755232479,0
1650,A,1791307261037790752,122764,1.000000,0.043755232479,0
1651,A,1791307261038169637,124023,1.000000,0.043755232479,0
1652,A,1791307261038553211,129141,1.000000,0.043755232479,0
1653,A,1791307261038931416,123510,1.000000,0.043755232479,0
1654,A,1791307261039309111,122939,1.000000,0.043755232479,0
1655,A,1791307261039686786,121798,1.000000,0.043755232479,0
1656,A,1791307261040061341,123047,1.000000,0.043755232479,0
1657,A,1791307261040438936,123386,1.000000,0.043755232479,1
1658,B,1791307263699894794,277308,1.000000,0.117768731071,0
1659,B,1791307263700462856,117417,1.000000,0.117768731071,0
1660,B,1791307263700925470,117660,1.000000,0.117768731071,0
1661,B,1791307263701256705,118883,1.000000,0.117768731071,0
1662,B,1791307263701570371,115006,1.000000,0.117768731071,0
1663,B,1791307263701870487,82810,1.000000,0.117768731071,0
1664,B,1791307263702137734,89123,1.000000,0.117768731071,0
1665,B,1791307263702404660,88395,1.000000,0.117768731071,0
1666,B,1791307263702647407,64808,1.000000,0.117768731071,0
1667,B,1791307263702858104,33120,1.000000,0.117768731071,0
1668,B,1791307263703039152,28013,1.000000,0.117768731071,1
1669,A,1791307264044334230,528657,1.000000,0.043755232479,0
1670,A,1791307264045123289,338370,1.000000,0.043755232479,0
1671,A,1791307264045868669,335316,1.000000,0.043755232479,0
1672,A,1791307264046468881,318364,1.000000,0.043755232479,0
1673,A,1791307264047064383,320232,1.000000,0.043755232479,0
1674,A,1791307264047540367,202402,1.000000,0.043755232479,0
1675,A,1791307264047995881,189614,1.000000,0.043755232479,0
1676,A,1791307264048435905,183195,1.000000,0.043755232479,0
1677,A,1791307264048873979,182706,1.000000,0.043755232479,1
1678,B,1791307266706724555,370317,1.000000,0.117768731071,0
1679,B,1791307266707599024,349931,1.000000,0.117768731071,0
1680,B,1791307266708221016,233757,1.000000,0.117768731071,0
1681,B,1791307266708634470,224184,1.000000,0.117768731071,1
1682,A,1791307267052708210,466241,1.000000,0.043755232479,0
1683,A,1791307267053651937,499025,1.000000,0.043755232479,0
1684,A,1791307267054357558,331404,1.000000,0.043755232479,0
1685,A,1791307267054973720,317518,1.000000,0.043755232479,0
1686,A,1791307267055564722,313451,1.000000,0.043755232479,0
1687,A,1791307267056025236,185807,1.000000,0.043755232479,0
1688,A,1791307267056464710,181325,1.000000,0.043755232479,0
1689,A,1791307267056905244,181443,1.000000,0.043755232479,0
1690,A,1791307267057344988,180221,1.000000,0.043755232479,0
1691,A,1791307267057790583,189560,1.000000,0.043755232479,0
1692,A,1791307267058204907,155718,1.000000,0.043755232479,0
1693,A,1791307267058609462,153927,1.000000,0.043755232479,0
1694,A,1791307267058992617,133616,1.000000,0.043755232479,0
1695,A,1791307267059371212,130816,1.000000,0.043755232479,0
1696,A,1791307267059751667,130776,1.000000,0.043755232479,0
1697,A,1791307267060130552,131626,1.000000,0.043755232479,0
1698,A,1791307267060510167,128675,1.000000,0.043755232479,0
1699,A,1791307267060889122,129745,1.000000,0.043755232479,0
1700,A,1791307267061267047,129725,1.000000,0.043755232479,0
1701,A,1791307267061642912,128055,1.000000,0.043755232479,0
1702,A,1791307267062015477,127485,1.000000,0.043755232479,0
1703,A,1791307267062389732,126854,1.000000,0.043755232479,1
1704,B,1791307269712439427,446035,1.000000,0.117768731071,0
1705,B,1791307269713266666,327307,1.000000,0.117768731071,0
1706,B,1791307269713811149,235009,1.000000,0.117768731071,1
1707,A,1791307270065563076,537535,1.000000,0.043755232479,0
1708,A,1791307270066318706,315354,1.000000,0.043755232479,0
1709,A,1791307270066970748,317278,1.000000,0.043755232479,0
1710,A,1791307270067431172,181535,1.000000,0.043755232479,0
1711,A,1791307270067867036,159644,1.000000,0.043755232479,0
1712,A,1791307270068286040,161353,1.000000,0.043755232479,0
1713,A,1791307270068698945,156094,1.000000,0.043755232479,0
1714,A,1791307270069125779,159813,1.000000,0.043755232479,0
1715,A,1791307270069540174,155303,1.000000,0.043755232479,0
1716,A,1791307270069954688,154902,1.000000,0.043755232479,0
1717,A,1791307270070342513,130053,1.000000,0.043755232479,0
1718,A,1791307270070720448,127443,1.000000,0.043755232479,0
1719,A,1791307270071092943,125594,1.000000,0.043755232479,0
1720,A,1791307270071464058,124455,1.000000,0.043755232479,0
1721,A,1791307270071836193,125925,1.000000,0.043755232479,0
1722,A,1791307270072207918,124496,1.000000,0.043755232479,0
1723,A,1791307270072580853,122907,1.000000,0.043755232479,0
1724,A,1791307270072955428,128268,1.000000,0.043755232479,0
1725,A,1791307270073327744,125529,1.000000,0.043755232479,0
1726,A,1791307270073700469,124820,1.000000,0.043755232479,0
1727,A,1791307270074073174,126091,1.000000,0.043755232479,0
1728,A,1791307270074444819,124932,1.000000,0.043755232479,0
1729,A,1791307270074828254,136852,1.000000,0.043755232479,0
1730,A,1791307270075202309,126323,1.000000,0.043755232479,0
1731,A,1791307270075582084,126054,1.000000,0.043755232479,0
1732,A,1791307270075955439,126164,1.000000,0.043755232479,0
1733,A,1791307270076326244,122925,1.000000,0.043755232479,0
1734,A,1791307270076708209,123896,1.000000,0.043755232479,0
1735,A,1791307270077089954,130416,1.000000,0.043755232479,0
1736,A,1791307270077465789,126807,1.000000,0.043755232479,0
1737,A,1791307270077839884,125448,1.000000,0.043755232479,0
1738,A,1791307270078212499,126168,1.000000,0.043755232479,0
1739,A,1791307270078590904,126179,1.000000,0.043755232479,0
1740,A,1791307270078963429,124660,1.000000,0.043755232479,0
1741,A,1791307270079334614,125111,1.000000,0.043755232479,0
1742,A,1791307270079707759,125241,1.000000,0.043755232479,0
1743,A,1791307270080081344,126892,1.000000,0.043755232479,0
1744,A,1791307270080453579,125073,1.000000,0.043755232479,0
1745,A,1791307270080828564,121013,1.000000,0.043755232479,0
1746,A,1791307270081214829,128144,1.000000,0.043755232479,1
1747,B,1791307272717546237,409716,1.000000,0.117768731071,0
1748,B,1791307272718517084,474319,1.000000,0.117768731071,0
1749,B,1791307272719144005,248656,1.000000,0.117768731071,1
1750,A,1791307273084900947,316798,1.000000,0.043755232479,0
1751,A,1791307273085519529,227250,1.000000,0.043755232479,0
1752,A,1791307273086032382,214186,1.000000,0.043755232479,0
1753,A,1791307273086499996,184713,1.000000,0.043755232479,0
1754,A,1791307273086959760,183790,1.000000,0.043755232479,0
1755,A,1791307273087398564,163168,1.000000,0.043755232479,0
1756,A,1791307273087825898,168576,1.000000,0.043755232479,0
1757,A,1791307273088253513,159065,1.000000,0.043755232479,0
1758,A,1791307273088667737,156953,1.000000,0.043755232479,0
1759,A,1791307273089078022,154853,1.000000,0.043755232479,0
1760,A,1791307273089467357,133432,1.000000,0.043755232479,0
1761,A,1791307273089851832,132702,1.000000,0.043755232479,0
1762,A,1791307273090232747,130382,1.000000,0.043755232479,0
1763,A,1791307273090618192,129991,1.000000,0.043755232479,0
1764,A,1791307273091000476,131200,1.000000,0.043755232479,0
1765,A,1791307273091375772,127411,1.000000,0.043755232479,0
1766,A,1791307273091756116,131610,1.000000,0.043755232479,0
1767,A,1791307273092133591,130610,1.000000,0.043755232479,0
1768,A,1791307273092518736,136099,1.000000,0.043755232479,0
1769,A,1791307273092896931,130129,1.000000,0.043755232479,0
1770,A,1791307273093274086,127639,1.000000,0.043755232479,0
1771,A,1791307273093650711,128639,1.000000,0.043755232479,0
1772,A,1791307273094026506,129178,1.000000,0.043755232479,0
1773,A,1791307273094418971,133978,1.000000,0.043755232479,1
1774,B,1791307275722941579,322617,1.000000,0.117768731071,1
1775,A,1791307276098191776,417428,1.000000,0.043755232479,0
1776,A,1791307276098913967,322143,1.000000,0.043755232479,0
1777,A,1791307276099534859,303191,1.000000,0.043755232479,0
1778,A,1791307276099993333,175651,1.000000,0.043755232479,0
1779,A,1791307276100447597,171672,1.000000,0.043755232479,0
1780,A,1791307276100879151,147512,1.000000,0.043755232479,0
1781,A,1791307276101297795,160554,1.000000,0.043755232479,0
1782,A,1791307276101692010,135276,1.000000,0.043755232479,0
1783,A,1791307276102079555,135098,1.000000,0.043755232479,0
1784,A,1791307276102465740,137270,1.000000,0.043755232479,0
1785,A,1791307276102847245,132363,1.000000,0.043755232479,0
1786,A,1791307276103230440,131635,1.000000,0.043755232479,0
1787,A,1791307276103610895,133797,1.000000,0.043755232479,0
1788,A,1791307276103999630,136490,1.000000,0.043755232479,1
1789,B,1791307278726516901,478038,1.000000,0.117768731071,0
1790,B,1791307278727391009,371132,1.000000,0.117768731071,1
1791,A,1791307279107739389,371461,1.000000,0.043755232479,0
1792,A,1791307279108635807,459294,1.000000,0.043755232479,0
1793,A,1791307279109281498,309001,1.000000,0.043755232479,0
1794,A,1791307279109743282,177615,1.000000,0.043755232479,0
1795,A,1791307279110200776,174010,1.000000,0.043755232479,0
1796,A,1791307279110654850,172526,1.000000,0.043755232479,0
1797,A,1791307279111077265,156573,1.000000,0.043755232479,0
1798,A,1791307279111492209,156700,1.000000,0.043755232479,0
1799,A,1791307279111896104,146017,1.000000,0.043755232479,0
1800,A,1791307279112289858,134304,1.000000,0.043755232479,0
1801,A,1791307279112680913,137822,1.000000,0.043755232479,0
1802,A,1791307279113093268,159180,1.000000,0.043755232479,0
1803,A,1791307279113485783,134218,1.000000,0.043755232479,0
1804,A,1791307279113872608,132696,1.000000,0.043755232479,0
1805,A,1791307279114260672,135903,1.000000,0.043755232479,0
1806,A,1791307279114649937,130461,1.000000,0.043755232479,0
1807,A,1791307279115033742,130139,1.000000,0.043755232479,0
1808,A,1791307279115414497,128117,1.000000,0.043755232479,0
1809,A,1791307279115797402,128435,1.000000,0.043755232479,0
1810,A,1791307279116175937,127524,1.000000,0.043755232479,0
1811,A,1791307279116556952,127222,1.000000,0.043755232479,0
1812,A,1791307279116935667,129600,1.000000,0.043755232479,0
1813,A,1791307279117310402,127388,1.000000,0.043755232479,0
1814,A,1791307279117687967,129527,1.000000,0.043755232479,0
1815,A,1791307279118064282,129265,1.000000,0.043755232479,0
1816,A,1791307279118448757,127963,1.000000,0.043755232479,0
1817,A,1791307279118829482,129171,1.000000,0.043755232479,1
1818,B,1791307281731208244,364586,1.000000,0.117768731071,0
1819,B,1791307281731949015,355555,1.000000,0.117768731071,1
1820,A,1791307282122671967,488230,1.000000,0.043755232479,0
1821,A,1791307282123391357,321632,1.000000,0.043755232479,0
1822,A,1791307282124016519,312147,1.000000,0.043755232479,0
1823,A,1791307282124480123,176215,1.000000,0.043755232479,0
1824,A,1791307282124952117,190685,1.000000,0.043755232479,0
1825,A,1791307282125413281,183554,1.000000,0.043755232479,0
1826,A,1791307282125838405,159853,1.000000,0.043755232479,0
1827,A,1791307282126246380,137074,1.000000,0.043755232479,0
1828,A,1791307282126633024,136334,1.000000,0.043755232479,1
1829,B,1791307284735867168,448026,1.000000,0.117768731071,0
1830,B,1791307284736664467,386405,1.000000,0.117768731071,0
1831,B,1791307284737265239,312378,1.000000,0.117768731071,1
1832,A,1791307285130418299,412668,1.000000,0.043755232479,0
1833,A,1791307285131088850,273825,1.000000,0.043755232479,0
1834,A,1791307285131691962,303497,1.000000,0.043755232479,0
1835,A,1791307285132155446,184030,1.000000,0.043755232479,0
1836,A,1791307285132614050,178626,1.000000,0.043755232479,0
1837,A,1791307285133055804,161232,1.000000,0.043755232479,0
1838,A,1791307285133476998,158839,1.000000,0.043755232479,0
1839,A,1791307285133901573,163186,1.000000,0.043755232479,0
1840,A,1791307285134324987,162223,1.000000,0.043755232479,0
1841,A,1791307285134743761,156139,1.000000,0.043755232479,0
1842,A,1791307285135140656,134887,1.000000,0.043755232479,0
1843,A,1791307285135523781,129995,1.000000,0.043755232479,0
1844,A,1791307285135905966,131553,1.000000,0.043755232479,0
1845,A,1791307285136299101,130591,1.000000,0.043755232479,0
1846,A,1791307285136685636,136320,1.000000,0.043755232479,0
1847,A,1791307285137094910,131046,1.000000,0.043755232479,0
1848,A,1791307285137478625,130704,1.000000,0.043755232479,0
1849,A,1791307285137857800,127903,1.000000,0.043755232479,0
1850,A,1791307285138243845,133801,1.000000,0.043755232479,0
1851,A,1791307285138623460,128499,1.000000,0.043755232479,0
1852,A,1791307285139013145,129917,1.000000,0.043755232479,0
1853,A,1791307285139398630,133106,1.000000,0.043755232479,0
1854,A,1791307285139782194,131113,1.000000,0.043755232479,0
1855,A,1791307285140157069,129421,1.000000,0.043755232479,0
1856,A,1791307285140529825,126991,1.000000,0.043755232479,0
1857,A,1791307285140911989,134198,1.000000,0.043755232479,0
1858,A,1791307285141292404,131646,1.000000,0.043755232479,0
1859,A,1791307285141666429,127364,1.000000,0.043755232479,0
1860,A,1791307285142046284,132443,1.000000,0.043755232479,0
1861,A,1791307285142418919,127481,1.000000,0.043755232479,0
1862,A,1791307285142791435,127391,1.000000,0.043755232479,0
1863,A,1791307285143165020,129689,1.000000,0.043755232479,0
1864,A,1791307285143539365,128257,1.000000,0.043755232479,0
1865,A,1791307285143914400,128546,1.000000,0.043755232479,0
1866,A,1791307285144286555,127114,1.000000,0.043755232479,0
1867,A,1791307285144659250,128293,1.000000,0.043755232479,0
1868,A,1791307285145043365,132731,1.000000,0.043755232479,0
1869,A,1791307285145421730,131539,1.000000,0.043755232479,0
1870,A,1791307285145797015,129118,1.000000,0.043755232479,0
1871,A,1791307285146172530,129766,1.000000,0.043755232479,0
1872,A,1791307285146546625,128694,1.000000,0.043755232479,0
1873,A,1791307285146923500,128313,1.000000,0.043755232479,0
1874,A,1791307285147302025,129421,1.000000,0.043755232479,0
1875,A,1791307285147680980,130589,1.000000,0.043755232479,0
1876,A,1791307285148061215,130818,1.000000,0.043755232479,0
1877,A,1791307285148440170,133696,1.000000,0.043755232479,1
1878,B,1791307287741185795,462307,1.000000,0.117768731071,0
1879,B,1791307287741990255,364507,1.000000,0.117768731071,0
1880,B,1791307287742497848,277462,1.000000,0.117768731071,1
1881,A,1791307288152349567,546840,1.000000,0.043755232479,0
1882,A,1791307288153114346,299989,1.000000,0.043755232479,0
1883,A,1791307288153778368,314894,1.000000,0.043755232479,0
1884,A,1791307288154369810,304810,1.000000,0.043755232479,0
1885,A,1791307288154829364,179198,1.000000,0.043755232479,0
1886,A,1791307288155282338,173477,1.000000,0.043755232479,0
1887,A,1791307288155707762,155866,1.000000,0.043755232479,0
1888,A,1791307288156126107,157407,1.000000,0.043755232479,0
1889,A,1791307288156541681,155937,1.000000,0.043755232479,0
1890,A,1791307288156953636,150997,1.000000,0.043755232479,0
1891,A,1791307288157345430,131587,1.000000,0.043755232479,0
1892,A,1791307288157732785,129048,1.000000,0.043755232479,0
1893,A,1791307288158112860,129509,1.000000,0.043755232479,0
1894,A,1791307288158487255,127750,1.000000,0.043755232479,0
1895,A,1791307288158863750,128101,1.000000,0.043755232479,0
1896,A,1791307288159244535,130042,1.000000,0.043755232479,0
1897,A,1791307288159619860,126943,1.000000,0.043755232479,0
1898,A,1791307288159998685,132034,1.000000,0.043755232479,0
1899,A,1791307288160378580,129255,1.000000,0.043755232479,1
1900,B,1791307290746222956,258253,1.000000,0.117768731071,0
1901,B,1791307290746969636,369505,1.000000,0.117768731071,0
1902,B,1791307290747531949,287600,1.000000,0.117768731071,0
1903,B,1791307290748086671,275373,1.000000,0.117768731071,0
1904,B,1791307290748388307,132800,1.000000,0.117768731071,0
1905,B,1791307290748625874,116707,1.000000,0.117768731071,0
1906,B,1791307290748853511,115045,1.000000,0.117768731071,0
1907,B,1791307290749063418,117933,1.000000,0.117768731071,0
1908,B,1791307290749262386,113971,1.000000,0.117768731071,0
1909,B,1791307290749436283,91799,1.000000,0.117768731071,0
1910,B,1791307290749593021,73047,1.000000,0.117768731071,0
1911,B,1791307290749736059,69436,1.000000,0.117768731071,0
1912,B,1791307290749877058,69905,1.000000,0.117768731071,0
1913,B,1791307290750033315,74343,1.000000,0.117768731071,0
1914,B,1791307290750178194,69922,1.000000,0.117768731071,0
1915,B,1791307290750324242,70451,1.000000,0.117768731071,0
1916,B,1791307290750462190,67489,1.000000,0.117768731071,0
1917,B,1791307290750601518,68877,1.000000,0.117768731071,0
1918,B,1791307290750739246,68026,1.000000,0.117768731071,0
1919,B,1791307290750878954,68004,1.000000,0.117768731071,0
1920,B,1791307290751026472,70143,1.000000,0.117768731071,0
1921,B,1791307290751168800,69020,1.000000,0.117768731071,0
1922,B,1791307290751309959,68849,1.000000,0.117768731071,0
1923,B,1791307290751449697,68918,1.000000,0.117768731071,0
1924,B,1791307290751592695,69456,1.000000,0.117768731071,0
1925,B,1791307290751734683,70915,1.000000,0.117768731071,0
1926,B,1791307290751874241,67693,1.000000,0.117768731071,0
1927,B,1791307290752017169,69521,1.000000,0.117768731071,1
1928,A,1791307291164190818,477845,1.000000,0.043755232479,0
1929,A,1791307291164954698,279587,1.000000,0.043755232479,1
1930,B,1791307293755618058,343199,1.000000,0.117768731071,0
1931,B,1791307293756406128,355692,1.000000,0.117768731071,0
1932,B,1791307293756992590,296755,1.000000,0.117768731071,0
1933,B,1791307293757548973,272228,1.000000,0.117768731071,0
1934,B,1791307293757977587,266128,1.000000,0.117768731071,0
1935,B,1791307293758279533,139142,1.000000,0.117768731071,1
1936,A,1791307294168882231,471321,1.000000,0.043755232479,0
1937,A,1791307294169680571,353290,1.000000,0.043755232479,0
1938,A,1791307294170341532,302843,1.000000,0.043755232479,0
1939,A,1791307294170941054,303327,1.000000,0.043755232479,0
1940,A,1791307294171528106,288852,1.000000,0.043755232479,0
1941,A,1791307294171975840,156159,1.000000,0.043755232479,0
1942,A,1791307294172410784,146578,1.000000,0.043755232479,0
1943,A,1791307294172829639,144608,1.000000,0.043755232479,0
1944,A,1791307294173253003,149147,1.000000,0.043755232479,0
1945,A,1791307294173669778,143677,1.000000,0.043755232479,0
1946,A,1791307294174066273,119577,1.000000,0.043755232479,0
1947,A,1791307294174451237,117016,1.000000,0.043755232479,0
1948,A,1791307294174834502,115267,1.000000,0.043755232479,0
1949,A,1791307294175219797,117977,1.000000,0.043755232479,0
1950,A,1791307294175597752,113607,1.000000,0.043755232479,0
1951,A,1791307294175978587,115918,1.000000,0.043755232479,0
1952,A,1791307294176359652,115308,1.000000,0.043755232479,0
1953,A,1791307294176741707,114379,1.000000,0.043755232479,1
1954,B,1791307296762027260,454766,1.000000,0.117768731071,0
1955,B,1791307296762725811,416466,1.000000,0.117768731071,0
1956,B,1791307296763633799,426661,1.000000,0.117768731071,0
1957,B,1791307296764041794,238624,1.000000,0.117768731071,0
1958,B,1791307296764437348,252417,1.000000,0.117768731071,0
1959,B,1791307296764680935,130983,1.000000,0.117768731071,0
1960,B,1791307296764887932,116360,1.000000,0.117768731071,0
1961,B,1791307296765093870,112837,1.000000,0.117768731071,0
1962,B,1791307296765268827,87874,1.000000,0.117768731071,0
1963,B,1791307296765430705,80131,1.000000,0.117768731071,1
1964,A,1791307297180540084,461998,1.000000,0.043755232479,0
1965,A,1791307297181414533,447172,1.000000,0.043755232479,0
1966,A,1791307297182092564,307029,1.000000,0.043755232479,0
1967,A,1791307297182689176,291410,1.000000,0.043755232479,0
1968,A,1791307297183145350,168504,1.000000,0.043755232479,0
1969,A,1791307297183590074,157700,1.000000,0.043755232479,0
1970,A,1791307297184007208,142357,1.000000,0.043755232479,0
1971,A,1791307297184418683,142425,1.000000,0.043755232479,0
1972,A,1791307297184811198,119513,1.000000,0.043755232479,0
1973,A,1791307297185198473,117641,1.000000,0.043755232479,0
1974,A,1791307297185580988,113839,1.000000,0.043755232479,0
1975,A,1791307297185963513,115938,1.000000,0.043755232479,0
1976,A,1791307297186346047,115725,1.000000,0.043755232479,0
1977,A,1791307297186725422,113263,1.000000,0.043755232479,0
1978,A,1791307297187104217,114052,1.000000,0.043755232479,0
1979,A,1791307297187483012,113630,1.000000,0.043755232479,1
1980,B,1791307299768888849,295877,1.000000,0.117768731071,0
1981,B,1791307299769262064,160199,1.000000,0.117768731071,0
1982,B,1791307299769590760,155139,1.000000,0.117768731071,0
1983,B,1791307299769892046,136259,1.000000,0.117768731071,0
1984,B,1791307299770176142,133108,1.000000,0.117768731071,0
1985,B,1791307299770382759,89968,1.000000,0.117768731071,0
1986,B,1791307299770577227,88259,1.000000,0.117768731071,0
1987,B,1791307299770765744,86128,1.000000,0.117768731071,0
1988,B,1791307299770961662,94078,1.000000,0.117768731071,0
1989,B,1791307299771117790,50419,1.000000,0.117768731071,0
1990,B,1791307299771260838,43249,1.000000,0.117768731071,0
1991,B,1791307299771408856,42049,1.000000,0.117768731071,0
1992,B,1791307299771553524,44189,1.000000,0.117768731071,0
1993,B,1791307299771697702,43919,1.000000,0.117768731071,0
1994,B,1791307299771841240,46408,1.000000,0.117768731071,0
1995,B,1791307299771989868,50168,1.000000,0.117768731071,0
1996,B,1791307299772138626,45138,1.000000,0.117768731071,0
1997,B,1791307299772285054,44218,1.000000,0.117768731071,0
1998,B,1791307299772425802,41478,1.000000,0.117768731071,0
1999,B,1791307299772566590,41688,1.000000,0.117768731071,0
2000,B,1791307299772710879,41929,1.000000,0.117768731071,0
2001,B,1791307299772856037,47748,1.000000,0.117768731071,0
2002,B,1791307299772994985,43378,1.000000,0.117768731071,0
2003,B,1791307299773138483,42067,1.000000,0.117768731071,0
2004,B,1791307299773280871,41567,1.000000,0.117768731071,0
2005,B,1791307299773421959,39917,1.000000,0.117768731071,0
2006,B,1791307299773559417,38737,1.000000,0.117768731071,0
2007,B,1791307299773699495,41406,1.000000,0.117768731071,0
2008,B,1791307299773846734,47727,1.000000,0.117768731071,0
2009,B,1791307299773991062,46097,1.000000,0.117768731071,0
2010,B,1791307299774132800,40607,1.000000,0.117768731071,0
2011,B,1791307299774272078,39837,1.000000,0.117768731071,0
2012,B,1791307299774412946,41137,1.000000,0.117768731071,0
2013,B,1791307299774550134,38746,1.000000,0.117768731071,0
2014,B,1791307299774689492,41756,1.000000,0.117768731071,0
2015,B,1791307299774827701,41067,1.000000,0.117768731071,0
2016,B,1791307299774968289,42497,1.000000,0.117768731071,0
2017,B,1791307299775112117,43497,1.000000,0.117768731071,0
2018,B,1791307299775253255,41916,1.000000,0.117768731071,0
2019,B,1791307299775393683,41526,1.000000,0.117768731071,0
2020,B,1791307299775533131,40416,1.000000,0.117768731071,0
2021,B,1791307299775671929,40536,1.000000,0.117768731071,0
2022,B,1791307299775812438,42737,1.000000,0.117768731071,1
2023,A,1791307300191315541,456870,1.000000,0.043755232479,0
2024,A,1791307300192117711,328531,1.000000,0.043755232479,1
2025,B,1791307302779558875,437764,1.000000,0.117768731071,0
2026,B,1791307302780345874,425160,1.000000,0.117768731071,0
2027,B,1791307302780977896,270379,1.000000,0.117768731071,0
2028,B,1791307302781538479,258321,1.000000,0.117768731071,0
2029,B,1791307302781957013,241813,1.000000,0.117768731071,0
2030,B,1791307302782328748,231687,1.000000,0.117768731071,0
2031,B,1791307302782566675,118452,1.000000,0.117768731071,0
2032,B,1791307302782785422,113378,1.000000,0.117768731071,0
2033,B,1791307302783003469,113585,1.000000,0.117768731071,0
2034,B,1791307302783201757,90662,1.000000,0.117768731071,0
2035,B,1791307302783366565,66609,1.000000,0.117768731071,0
2036,B,1791307302783513433,50737,1.000000,0.117768731071,0
2037,B,1791307302783657531,48284,1.000000,0.117768731071,0
2038,B,1791307302783801239,48172,1.000000,0.117768731071,1
2039,A,1791307303196051707,478756,1.000000,0.043755232479,0
2040,A,1791307303196826327,308550,1.000000,0.043755232479,0
2041,A,1791307303197425829,286921,1.000000,0.043755232479,0
2042,A,1791307303198031111,290612,1.000000,0.043755232479,0
2043,A,1791307303198507564,162975,1.000000,0.043755232479,0
2044,A,1791307303198958778,153331,1.000000,0.043755232479,0
2045,A,1791307303199389553,139128,1.000000,0.043755232479,0
2046,A,1791307303199805647,137004,1.000000,0.043755232479,0
2047,A,1791307303200226382,139892,1.000000,0.043755232479,0
2048,A,1791307303200622046,113949,1.000000,0.043755232479,0
2049,A,1791307303201011211,113817,1.000000,0.043755232479,0
2050,A,1791307303201403436,111395,1.000000,0.043755232479,0
2051,A,1791307303201785541,109743,1.000000,0.043755232479,0
2052,A,1791307303202168446,110332,1.000000,0.043755232479,0
2053,A,1791307303202554811,115500,1.000000,0.043755232479,0
2054,A,1791307303202937916,112078,1.000000,0.043755232479,0
2055,A,1791307303203321171,108557,1.000000,0.043755232479,0
2056,A,1791307303203701116,107215,1.000000,0.043755232479,0
2057,A,1791307303204083051,109413,1.000000,0.043755232479,0
2058,A,1791307303204464336,109222,1.000000,0.043755232479,0
2059,A,1791307303204849881,110020,1.000000,0.043755232479,0
2060,A,1791307303205234975,112657,1.000000,0.043755232479,0
2061,A,1791307303205615040,107646,1.000000,0.043755232479,0
2062,A,1791307303205996695,114874,1.000000,0.043755232479,0
2063,A,1791307303206373020,109173,1.000000,0.043755232479,1
2064,B,1791307305787505968,420827,1.000000,0.117768731071,0
2065,B,1791307305788284948,423381,1.000000,0.117768731071,1
2066,A,1791307306210251447,492519,1.000000,0.043755232479,0
2067,A,1791307306211157415,457551,1.000000,0.043755232479,0
2068,A,1791307306211884925,304335,1.000000,0.043755232479,0
2069,A,1791307306212488407,290593,1.000000,0.043755232479,0
2070,A,1791307306213008761,227683,1.000000,0.043755232479,1
2071,B,1791307308792245818,415293,1.000000,0.117768731071,0
2072,B,1791307308793170936,457429,1.000000,0.117768731071,1
2073,A,1791307309216810722,412816,1.000000,0.043755232479,0
2074,A,1791307309217522542,315503,1.000000,0.043755232479,0
2075,A,1791307309218159874,307525,1.000000,0.043755232479,0
2076,A,1791307309218745026,291258,1.000000,0.043755232479,0
2077,A,1791307309219327678,292211,1.000000,0.043755232479,0
2078,A,1791307309219770493,152417,1.000000,0.043755232479,0
2079,A,1791307309220193207,149304,1.000000,0.043755232479,0
2080,A,1791307309220622381,146531,1.000000,0.043755232479,0
2081,A,1791307309221045296,147719,1.000000,0.043755232479,0
2082,A,1791307309221445090,122917,1.000000,0.043755232479,0
2083,A,1791307309221833245,118446,1.000000,0.043755232479,0
2084,A,1791307309222218190,120144,1.000000,0.043755232479,0
2085,A,1791307309222601415,117843,1.000000,0.043755232479,0
2086,A,1791307309222995280,120572,1.000000,0.043755232479,1
2087,B,1791307311797050231,320653,1.000000,0.117768731071,0
2088,B,1791307311797781491,318827,1.000000,0.117768731071,0
2089,B,1791307311798467372,232231,1.000000,0.117768731071,0
2090,B,1791307311799032565,252004,1.000000,0.117768731071,0
2091,B,1791307311799454069,223377,1.000000,0.117768731071,0
2092,B,1791307311799868654,217959,1.000000,0.117768731071,0
2093,B,1791307311800104471,98153,1.000000,0.117768731071,0
2094,B,1791307311800329758,96304,1.000000,0.117768731071,1
2095,A,1791307312226844375,478889,1.000000,0.043755232479,0
2096,A,1791307312227625445,354050,1.000000,0.043755232479,1
2097,B,1791307314803942037,319479,1.000000,0.117768731071,0
2098,B,1791307314804821915,403757,1.000000,0.117768731071,0
2099,B,1791307314805466096,273967,1.000000,0.117768731071,0
2100,B,1791307314806082528,248940,1.000000,0.117768731071,0
2101,B,1791307314806369465,81077,1.000000,0.117768731071,0
2102,B,1791307314806579032,52824,1.000000,0.117768731071,0
2103,B,1791307314806777199,47841,1.000000,0.117768731071,0
2104,B,1791307314806949387,47299,1.000000,0.117768731071,0
2105,B,1791307314807120525,50787,1.000000,0.117768731071,0
2106,B,1791307314807292462,51154,1.000000,0.117768731071,0
2107,B,1791307314807447440,34202,1.000000,0.117768731071,0
2108,B,1791307314807598258,29729,1.000000,0.117768731071,0
2109,B,1791307314807746026,28767,1.000000,0.117768731071,0
2110,B,1791307314807894264,29445,1.000000,0.117768731071,0
2111,B,1791307314808048352,36723,1.000000,0.117768731071,0
2112,B,1791307314808210180,34501,1.000000,0.117768731071,0
2113,B,1791307314808361768,30639,1.000000,0.117768731071,0
2114,B,1791307314808510216,29657,1.000000,0.117768731071,0
2115,B,1791307314808659174,29875,1.000000,0.117768731071,0
2116,B,1791307314808809712,31363,1.000000,0.117768731071,0
2117,B,1791307314808956270,29911,1.000000,0.117768731071,1
2118,A,1791307315231409552,392016,1.000000,0.043755232479,0
2119,A,1791307315232188832,300312,1.000000,0.043755232479,0
2120,A,1791307315232829853,286802,1.000000,0.043755232479,0
2121,A,1791307315233418925,281835,1.000000,0.043755232479,0
2122,A,1791307315234002868,282618,1.000000,0.043755232479,0
2123,A,1791307315234420882,132643,1.000000,0.043755232479,0
2124,A,1791307315234826667,128831,1.000000,0.043755232479,0
2125,A,1791307315235232581,129108,1.000000,0.043755232479,0
2126,A,1791307315235636186,128307,1.000000,0.043755232479,0
2127,A,1791307315236045180,133544,1.000000,0.043755232479,1
2128,B,1791307317809974505,310126,1.000000,0.117768731071,0
2129,B,1791307317810738995,371648,1.000000,0.117768731071,0
2130,B,1791307317811558274,306490,1.000000,0.117768731071,1
2131,A,1791307318239821390,400140,1.000000,0.043755232479,0
2132,A,1791307318240559770,330014,1.000000,0.043755232479,0
2133,A,1791307318241226681,320679,1.000000,0.043755232479,0
2134,A,1791307318241843153,313395,1.000000,0.043755232479,0
2135,A,1791307318242445575,302882,1.000000,0.043755232479,0
2136,A,1791307318242921189,180391,1.000000,0.043755232479,0
2137,A,1791307318243390482,182010,1.000000,0.043755232479,0
2138,A,1791307318243846246,180490,1.000000,0.043755232479,0
2139,A,1791307318244275641,155841,1.000000,0.043755232479,0
2140,A,1791307318244707185,154371,1.000000,0.043755232479,0
2141,A,1791307318245130279,151192,1.000000,0.043755232479,0
2142,A,1791307318245515964,116833,1.000000,0.043755232479,0
2143,A,1791307318245897549,113845,1.000000,0.043755232479,0
2144,A,1791307318246278684,114167,1.000000,0.043755232479,0
2145,A,1791307318246658329,113098,1.000000,0.043755232479,0
2146,A,1791307318247034704,111510,1.000000,0.043755232479,0
2147,A,1791307318247421439,115082,1.000000,0.043755232479,0
2148,A,1791307318247799444,111604,1.000000,0.043755232479,0
2149,A,1791307318248178109,111165,1.000000,0.043755232479,0
2150,A,1791307318248558524,113397,1.000000,0.043755232479,0
2151,A,1791307318248938329,113109,1.000000,0.043755232479,0
2152,A,1791307318249320874,112970,1.000000,0.043755232479,0
2153,A,1791307318249700049,112122,1.000000,0.043755232479,0
2154,A,1791307318250084554,115944,1.000000,0.043755232479,0
2155,A,1791307318250465619,112876,1.000000,0.043755232479,0
2156,A,1791307318250842844,111987,1.000000,0.043755232479,0
2157,A,1791307318251226919,113669,1.000000,0.043755232479,0
2158,A,1791307318251603804,111461,1.000000,0.043755232479,0
2159,A,1791307318251988339,116933,1.000000,0.043755232479,0
2160,A,1791307318252367884,113124,1.000000,0.043755232479,1
2161,B,1791307320815438867,383975,1.000000,0.117768731071,1
2162,A,1791307321256090578,383029,1.000000,0.043755232479,0
2163,A,1791307321256766879,314017,1.000000,0.043755232479,0
2164,A,1791307321257280082,201599,1.000000,0.043755232479,0
2165,A,1791307321257811865,231483,1.000000,0.043755232479,0
2166,A,1791307321258276139,174428,1.000000,0.043755232479,0
2167,A,1791307321258701913,155015,1.000000,0.043755232479,0
2168,A,1791307321259116618,151603,1.000000,0.043755232479,0
2169,A,1791307321259533562,152169,1.000000,0.043755232479,0
2170,A,1791307321259926497,128667,1.000000,0.043755232479,0
2171,A,1791307321260318872,131136,1.000000,0.043755232479,0
2172,A,1791307321260708676,126793,1.000000,0.043755232479,1
2173,B,1791307323819522163,370134,1.000000,0.117768731071,0
2174,B,1791307323820309612,307401,1.000000,0.117768731071,0
2175,B,1791307323820785636,227005,1.000000,0.117768731071,0
2176,B,1791307323821346818,213169,1.000000,0.117768731071,0
2177,B,1791307323821772183,200613,1.000000,0.117768731071,0
2178,B,1791307323822071739,82718,1.000000,0.117768731071,1
2179,A,1791307324264589855,522499,1.000000,0.043755232479,0
2180,A,1791307324265467063,431733,1.000000,0.043755232479,0
2181,A,1791307324266157744,338100,1.000000,0.043755232479,0
2182,A,1791307324266779766,318190,1.000000,0.043755232479,1
2183,B,1791307326825773311,373818,1.000000,0.117768731071,1
2184,A,1791307327269569208,552229,1.000000,0.043755232479,1
2185,B,1791307329829651976,242500,1.000000,0.117768731071,0
2186,B,1791307329830494175,456252,1.000000,0.117768731071,0
2187,B,1791307329831059667,204548,1.000000,0.117768731071,1
2188,A,1791307330273489464,398274,1.000000,0.043755232479,0
2189,A,1791307330274211174,317784,1.000000,0.043755232479,0
2190,A,1791307330274858526,311787,1.000000,0.043755232479,0
2191,A,1791307330275454288,303182,1.000000,0.043755232479,0
2192,A,1791307330276037080,300526,1.000000,0.043755232479,0
2193,A,1791307330276481674,162863,1.000000,0.043755232479,0
2194,A,1791307330276904859,156453,1.000000,0.043755232479,0
2195,A,1791307330277343433,163691,1.000000,0.043755232479,0
2196,A,1791307330277762877,154700,1.000000,0.043755232479,0
2197,A,1791307330278186792,158879,1.000000,0.043755232479,0
2198,A,1791307330278615596,161468,1.000000,0.043755232479,0
2199,A,1791307330279011701,129928,1.000000,0.043755232479,0
2200,A,1791307330279405226,132778,1.000000,0.043755232479,0
2201,A,1791307330279789861,125028,1.000000,0.043755232479,0
2202,A,1791307330280171956,126298,1.000000,0.043755232479,0
2203,A,1791307330280554230,126287,1.000000,0.043755232479,0
2204,A,1791307330280940105,126867,1.000000,0.043755232479,0
2205,A,1791307330281322420,125407,1.000000,0.043755232479,0
2206,A,1791307330281703765,124418,1.000000,0.043755232479,0
2207,A,1791307330282084170,126438,1.000000,0.043755232479,0
2208,A,1791307330282464825,125828,1.000000,0.043755232479,0
2209,A,1791307330282845970,124738,1.000000,0.043755232479,0
2210,A,1791307330283224685,123978,1.000000,0.043755232479,0
2211,A,1791307330283608340,126548,1.000000,0.043755232479,0
2212,A,1791307330283992075,125879,1.000000,0.043755232479,0
2213,A,1791307330284381370,129869,1.000000,0.043755232479,0
2214,A,1791307330284768105,126239,1.000000,0.043755232479,0
2215,A,1791307330285159710,128689,1.000000,0.043755232479,0
2216,A,1791307330285544264,125898,1.000000,0.043755232479,0
2217,A,1791307330285926069,124908,1.000000,0.043755232479,0
2218,A,1791307330286315494,126038,1.000000,0.043755232479,0
2219,A,1791307330286698449,123809,1.000000,0.043755232479,0
2220,A,1791307330287078884,125319,1.000000,0.043755232479,0
2221,A,1791307330287464009,124919,1.000000,0.043755232479,0
2222,A,1791307330287845704,126169,1.000000,0.043755232479,0
2223,A,1791307330288226789,126209,1.000000,0.043755232479,0
2224,A,1791307330288606744,126130,1.000000,0.043755232479,0
2225,A,1791307330288987329,127220,1.000000,0.043755232479,0
2226,A,1791307330289367994,125110,1.000000,0.043755232479,0
2227,A,1791307330289748139,124520,1.000000,0.043755232479,0
2228,A,1791307330290154193,139289,1.000000,0.043755232479,0
2229,A,1791307330290544248,130109,1.000000,0.043755232479,0
2230,A,1791307330290925453,123149,1.000000,0.043755232479,0
2231,A,1791307330291309818,127040,1.000000,0.043755232479,0
2232,A,1791307330291693333,127780,1.000000,0.043755232479,1
2233,B,1791307332834860182,279745,1.000000,0.117768731071,0
2234,B,1791307332835701791,378087,1.000000,0.117768731071,0
2235,B,1791307332836552120,307781,1.000000,0.117768731071,0
2236,B,1791307332837114062,210405,1.000000,0.117768731071,0
2237,B,1791307332837554427,195013,1.000000,0.117768731071,0
2238,B,1791307332837831853,68271,1.000000,0.117768731071,0
2239,B,1791307332838061040,62509,1.000000,0.117768731071,0
2240,B,1791307332838278347,60187,1.000000,0.117768731071,0
2241,B,1791307332838498484,61165,1.000000,0.117768731071,0
2242,B,1791307332838714401,58313,1.000000,0.117768731071,0
2243,B,1791307332838894059,22553,1.000000,0.117768731071,0
2244,B,1791307332839060107,16171,1.000000,0.117768731071,0
2245,B,1791307332839206605,0,1.000000,0.117768731071,0
2246,B,1791307332839364573,0,1.000000,0.117768731071,0
2247,B,1791307332839510391,0,1.000000,0.117768731071,0
2248,B,1791307332839653679,0,1.000000,0.117768731071,0
2249,B,1791307332839796257,0,1.000000,0.117768731071,0
2250,B,1791307332839938755,0,1.000000,0.117768731071,0
2251,B,1791307332840086163,0,1.000000,0.117768731071,1
2252,A,1791307333293273629,257268,1.000000,0.043755232479,0
2253,A,1791307333293848621,192379,1.000000,0.043755232479,0
2254,A,1791307333294298085,169095,1.000000,0.043755232479,0
2255,A,1791307333294742460,168193,1.000000,0.043755232479,0
2256,A,1791307333295153504,154010,1.000000,0.043755232479,1
2257,B,1791307335843805122,376914,1.000000,0.117768731071,1
2258,A,1791307336297434162,406825,1.000000,0.043755232479,0
2259,A,1791307336298132053,313177,1.000000,0.043755232479,0
2260,A,1791307336298716515,300933,1.000000,0.043755232479,0
2261,A,1791307336299305118,309350,1.000000,0.043755232479,0
2262,A,1791307336299878580,299036,1.000000,0.043755232479,0
2263,A,1791307336300314974,161173,1.000000,0.043755232479,0
2264,A,1791307336300726819,153984,1.000000,0.043755232479,0
2265,A,1791307336301146913,159983,1.000000,0.043755232479,0
2266,A,1791307336301586177,156693,1.000000,0.043755232479,0
2267,A,1791307336301976752,129903,1.000000,0.043755232479,0
2268,A,1791307336302356777,129414,1.000000,0.043755232479,0
2269,A,1791307336302732692,126875,1.000000,0.043755232479,0
2270,A,1791307336303114097,129596,1.000000,0.043755232479,0
2271,A,1791307336303494802,126857,1.000000,0.043755232479,0
2272,A,1791307336303879727,125528,1.000000,0.043755232479,0
2273,A,1791307336304255422,127289,1.000000,0.043755232479,0
2274,A,1791307336304632387,125910,1.000000,0.043755232479,0
2275,A,1791307336305006882,125671,1.000000,0.043755232479,0
2276,A,1791307336305387207,127502,1.000000,0.043755232479,0
2277,A,1791307336305760342,125072,1.000000,0.043755232479,0
2278,A,1791307336306135427,125243,1.000000,0.043755232479,0
2279,A,1791307336306511582,126694,1.000000,0.043755232479,0
2280,A,1791307336306883967,124305,1.000000,0.043755232479,0
2281,A,1791307336307259742,127656,1.000000,0.043755232479,0
2282,A,1791307336307636687,125317,1.000000,0.043755232479,0
2283,A,1791307336308012912,124878,1.000000,0.043755232479,0
2284,A,1791307336308388967,126679,1.000000,0.043755232479,0
2285,A,1791307336308762052,124900,1.000000,0.043755232479,0
2286,A,1791307336309144877,126591,1.000000,0.043755232479,0
2287,A,1791307336309535602,131622,1.000000,0.043755232479,0
2288,A,1791307336309917687,125273,1.000000,0.043755232479,0
2289,A,1791307336310297982,126373,1.000000,0.043755232479,0
2290,A,1791307336310685227,127254,1.000000,0.043755232479,0
2291,A,1791307336311066692,127585,1.000000,0.043755232479,0
2292,A,1791307336311445537,125576,1.000000,0.043755232479,0
2293,A,1791307336311823882,124807,1.000000,0.043755232479,0
2294,A,1791307336312206707,129378,1.000000,0.043755232479,0
2295,A,1791307336312583921,125448,1.000000,0.043755232479,0
2296,A,1791307336312962716,126889,1.000000,0.043755232479,0
2297,A,1791307336313344871,127470,1.000000,0.043755232479,0
2298,A,1791307336313723876,125101,1.000000,0.043755232479,0
2299,A,1791307336314110281,125432,1.000000,0.043755232479,0
2300,A,1791307336314490286,125422,1.000000,0.043755232479,0
2301,A,1791307336314866051,123253,1.000000,0.043755232479,0
2302,A,1791307336315247346,126274,1.000000,0.043755232479,0
2303,A,1791307336315625191,125415,1.000000,0.043755232479,0
2304,A,1791307336316001476,124266,1.000000,0.043755232479,1
2305,B,1791307338847819257,379994,1.000000,0.117768731071,0
2306,B,1791307338848506738,233373,1.000000,0.117768731071,0
2307,B,1791307338849080610,229509,1.000000,0.117768731071,0
2308,B,1791307338849653083,225587,1.000000,0.117768731071,0
2309,B,1791307338850091657,207975,1.000000,0.117768731071,0
2310,B,1791307338850461252,204723,1.000000,0.117768731071,0
2311,B,1791307338850691389,82223,1.000000,0.117768731071,0
2312,B,1791307338850911646,80422,1.000000,0.117768731071,0
2313,B,1791307338851131353,78811,1.000000,0.117768731071,0
2314,B,1791307338851350530,80460,1.000000,0.117768731071,1
2315,A,1791307339319653815,303325,1.000000,0.043755232479,1
2316,B,1791307341854434176,394105,1.000000,0.117768731071,0
2317,B,1791307341855220336,306219,1.000000,0.117768731071,0
2318,B,1791307341855780218,241617,1.000000,0.117768731071,0
2319,B,1791307341856410130,311874,1.000000,0.117768731071,0
2320,B,1791307341856827135,216022,1.000000,0.117768731071,0
2321,B,1791307341857112791,99569,1.000000,0.117768731071,0
2322,B,1791307341857370067,100342,1.000000,0.117768731071,0
2323,B,1791307341857603094,100715,1.000000,0.117768731071,0
2324,B,1791307341857823971,91519,1.000000,0.117768731071,0
2325,B,1791307341858018179,67703,1.000000,0.117768731071,0
2326,B,1791307341858205026,66164,1.000000,0.117768731071,0
2327,B,1791307341858357584,32657,1.000000,0.117768731071,0
2328,B,1791307341858506622,29869,1.000000,0.117768731071,0
2329,B,1791307341858649920,25771,1.000000,0.117768731071,0
2330,B,1791307341858793519,25984,1.000000,0.117768731071,0
2331,B,1791307341858933647,24595,1.000000,0.117768731071,0
2332,B,1791307341859074365,26047,1.000000,0.117768731071,0
2333,B,1791307341859223153,32909,1.000000,0.117768731071,0
2334,B,1791307341859365301,26871,1.000000,0.117768731071,0
2335,B,1791307341859508439,25923,1.000000,0.117768731071,0
2336,B,1791307341859654097,25245,1.000000,0.117768731071,0
2337,B,1791307341859795305,25067,1.000000,0.117768731071,0
2338,B,1791307341859934153,24808,1.000000,0.117768731071,0
2339,B,1791307341860073892,25721,1.000000,0.117768731071,0
2340,B,1791307341860219080,28933,1.000000,0.117768731071,0
2341,B,1791307341860369958,37325,1.000000,0.117768731071,0
2342,B,1791307341860528166,30097,1.000000,0.117768731071,1
2343,A,1791307342323593679,432164,1.000000,0.043755232479,0
2344,A,1791307342324389108,417198,1.000000,0.043755232479,1
2345,B,1791307344864241279,414246,1.000000,0.117768731071,0
2346,B,1791307344865085068,399765,1.000000,0.117768731071,0
2347,B,1791307344865637371,235439,1.000000,0.117768731071,0
2348,B,1791307344866049435,113914,1.000000,0.117768731071,0
2349,B,1791307344866311662,89941,1.000000,0.117768731071,0
2350,B,1791307344866541579,81948,1.000000,0.117768731071,1
2351,A,1791307345328291011,505110,1.000000,0.043755232479,0
2352,A,1791307345328920453,180582,1.000000,0.043755232479,0
2353,A,1791307345329359067,160167,1.000000,0.043755232479,0
2354,A,1791307345329787202,154963,1.000000,0.043755232479,0
2355,A,1791307345330220496,161417,1.000000,0.043755232479,0
2356,A,1791307345330624060,135342,1.000000,0.043755232479,0
2357,A,1791307345331023465,135699,1.000000,0.043755232479,0
2358,A,1791307345331419350,132716,1.000000,0.043755232479,0
2359,A,1791307345331809885,127932,1.000000,0.043755232479,0
2360,A,1791307345332211629,133628,1.000000,0.043755232479,0
2361,A,1791307345332617724,130914,1.000000,0.043755232479,0
2362,A,1791307345333010029,128631,1.000000,0.043755232479,0
2363,A,1791307345333401904,127938,1.000000,0.043755232479,0
2364,A,1791307345333790699,125844,1.000000,0.043755232479,0
2365,A,1791307345334182613,127850,1.000000,0.043755232479,0
2366,A,1791307345334574018,130647,1.000000,0.043755232479,0
2367,A,1791307345334962873,125624,1.000000,0.043755232479,0
2368,A,1791307345335351638,127771,1.000000,0.043755232479,0
2369,A,1791307345335740483,127337,1.000000,0.043755232479,0
2370,A,1791307345336129968,126604,1.000000,0.043755232479,0
2371,A,1791307345336521602,128370,1.000000,0.043755232479,0
2372,A,1791307345336911277,127477,1.000000,0.043755232479,0
2373,A,1791307345337309052,134973,1.000000,0.043755232479,0
2374,A,1791307345337699637,126670,1.000000,0.043755232479,0
2375,A,1791307345338086672,124627,1.000000,0.043755232479,0
2376,A,1791307345338478857,128014,1.000000,0.043755232479,0
2377,A,1791307345338875551,126779,1.000000,0.043755232479,0
2378,A,1791307345339271896,130756,1.000000,0.043755232479,0
2379,A,1791307345339666961,128642,1.000000,0.043755232479,0
2380,A,1791307345340054876,126689,1.000000,0.043755232479,0
2381,A,1791307345340446160,128705,1.000000,0.043755232479,0
2382,A,1791307345340837015,128232,1.000000,0.043755232479,0
2383,A,1791307345341239180,137789,1.000000,0.043755232479,0
2384,A,1791307345341632775,128455,1.000000,0.043755232479,0
2385,A,1791307345342020410,126322,1.000000,0.043755232479,0
2386,A,1791307345342414874,129348,1.000000,0.043755232479,0
2387,A,1791307345342804109,127654,1.000000,0.043755232479,0
2388,A,1791307345343193614,126521,1.000000,0.043755232479,0
2389,A,1791307345343593649,131978,1.000000,0.043755232479,0
2390,A,1791307345343979484,125175,1.000000,0.043755232479,0
2391,A,1791307345344369939,127562,1.000000,0.043755232479,0
2392,A,1791307345344762013,127337,1.000000,0.043755232479,0
2393,A,1791307345345151508,127274,1.000000,0.043755232479,0
2394,A,1791307345345544573,128701,1.000000,0.043755232479,0
2395,A,1791307345345936388,127548,1.000000,0.043755232479,0
2396,A,1791307345346329013,127644,1.000000,0.043755232479,0
2397,A,1791307345346718667,126970,1.000000,0.043755232479,0
2398,A,1791307345347105592,125497,1.000000,0.043755232479,0
2399,A,1791307345347494917,126704,1.000000,0.043755232479,0
2400,A,1791307345347885802,128011,1.000000,0.043755232479,0
2401,A,1791307345348278597,129627,1.000000,0.043755232479,0
2402,A,1791307345348669742,127974,1.000000,0.043755232479,0
2403,A,1791307345349055477,130111,1.000000,0.043755232479,0
2404,A,1791307345349442731,128437,1.000000,0.043755232479,0
2405,A,1791307345349825706,125454,1.000000,0.043755232479,0
2406,A,1791307345350213491,131481,1.000000,0.043755232479,0
2407,A,1791307345350597306,126427,1.000000,0.043755232479,0
2408,A,1791307345350977751,123414,1.000000,0.043755232479,0
2409,A,1791307345351362056,123771,1.000000,0.043755232479,0
2410,A,1791307345351741281,122038,1.000000,0.043755232479,0
2411,A,1791307345352119996,122865,1.000000,0.043755232479,0
2412,A,1791307345352498021,124343,1.000000,0.043755232479,0
2413,A,1791307345352883086,128030,1.000000,0.043755232479,0
2414,A,1791307345353272731,128336,1.000000,0.043755232479,0
2415,A,1791307345353661096,126013,1.000000,0.043755232479,0
2416,A,1791307345354042700,125419,1.000000,0.043755232479,0
2417,A,1791307345354428015,127086,1.000000,0.043755232479,0
2418,A,1791307345354814400,125483,1.000000,0.043755232479,0
2419,A,1791307345355196175,125230,1.000000,0.043755232479,0
2420,A,1791307345355585990,131887,1.000000,0.043755232479,0
2421,A,1791307345355972665,132003,1.000000,0.043755232479,0
2422,A,1791307345356357050,127140,1.000000,0.043755232479,0
2423,A,1791307345356741344,126436,1.000000,0.043755232479,0
2424,A,1791307345357131639,129023,1.000000,0.043755232479,0
2425,A,1791307345357526274,128930,1.000000,0.043755232479,0
2426,A,1791307345357915209,126876,1.000000,0.043755232479,0
2427,A,1791307345358301434,128653,1.000000,0.043755232479,0
2428,A,1791307345358685529,126890,1.000000,0.043755232479,0
2429,A,1791307345359065734,124757,1.000000,0.043755232479,0
2430,A,1791307345359450899,128434,1.000000,0.043755232479,0
2431,A,1791307345359833573,125470,1.000000,0.043755232479,0
2432,A,1791307345360220808,129617,1.000000,0.043755232479,0
2433,A,1791307345360610123,127634,1.000000,0.043755232479,0
2434,A,1791307345360993628,126921,1.000000,0.043755232479,0
2435,A,1791307345361386223,129948,1.000000,0.043755232479,0
2436,A,1791307345361780168,130184,1.000000,0.043755232479,0
2437,A,1791307345362170753,130921,1.000000,0.043755232479,0
2438,A,1791307345362571287,135517,1.000000,0.043755232479,0
2439,A,1791307345362963782,129313,1.000000,0.043755232479,0
2440,A,1791307345363358637,127450,1.000000,0.043755232479,0
2441,A,1791307345363754472,127977,1.000000,0.043755232479,0
2442,A,1791307345364146326,126552,1.000000,0.043755232479,0
2443,A,1791307345364536881,126899,1.000000,0.043755232479,0
2444,A,1791307345364924876,126696,1.000000,0.043755232479,0
2445,A,1791307345365319391,128923,1.000000,0.043755232479,0
2446,A,1791307345365710626,127419,1.000000,0.043755232479,0
2447,A,1791307345366098161,125786,1.000000,0.043755232479,0
2448,A,1791307345366487555,128592,1.000000,0.043755232479,0
2449,A,1791307345366877290,128419,1.000000,0.043755232479,0
2450,A,1791307345367269245,128996,1.000000,0.043755232479,0
2451,A,1791307345367657590,127482,1.000000,0.043755232479,0
2452,A,1791307345368044115,127919,1.000000,0.043755232479,0
2453,A,1791307345368436550,128966,1.000000,0.043755232479,0
2454,A,1791307345368827474,128282,1.000000,0.043755232479,0
2455,A,1791307345369226579,135648,1.000000,0.043755232479,0
2456,A,1791307345369623554,128885,1.000000,0.043755232479,0
2457,A,1791307345370014249,127712,1.000000,0.043755232479,0
2458,A,1791307345370405424,127948,1.000000,0.043755232479,0
2459,A,1791307345370796738,129164,1.000000,0.043755232479,0
2460,A,1791307345371189013,128451,1.000000,0.043755232479,0
2461,A,1791307345371587058,131618,1.000000,0.043755232479,0
2462,A,1791307345371975013,127035,1.000000,0.043755232479,0
2463,A,1791307345372368348,129731,1.000000,0.043755232479,0
2464,A,1791307345372758322,126817,1.000000,0.043755232479,0
2465,A,1791307345373147677,127684,1.000000,0.043755232479,0
2466,A,1791307345373535122,127541,1.000000,0.043755232479,0
2467,A,1791307345373925307,127478,1.000000,0.043755232479,0
2468,A,1791307345374317742,130344,1.000000,0.043755232479,0
2469,A,1791307345374703047,126521,1.000000,0.043755232479,0
2470,A,1791307345375093812,126868,1.000000,0.043755232479,0
2471,A,1791307345375487006,131744,1.000000,0.043755232479,0
2472,A,1791307345375878931,126180,1.000000,0.043755232479,0
2473,A,1791307345376272576,130057,1.000000,0.043755232479,0
2474,A,1791307345376662931,127304,1.000000,0.043755232479,0
2475,A,1791307345377074065,140289,1.000000,0.043755232479,0
2476,A,1791307345377465970,129406,1.000000,0.043755232479,0
2477,A,1791307345377854415,126223,1.000000,0.043755232479,0
2478,A,1791307345378248910,129529,1.000000,0.043755232479,0
2479,A,1791307345378642214,126425,1.000000,0.043755232479,0
2480,A,1791307345379030879,126402,1.000000,0.043755232479,0
2481,A,1791307345379426884,128329,1.000000,0.043755232479,0
2482,A,1791307345379816009,127066,1.000000,0.043755232479,0
2483,A,1791307345380205584,127222,1.000000,0.043755232479,0
2484,A,1791307345380607588,130818,1.000000,0.043755232479,0
2485,A,1791307345381005623,136855,1.000000,0.043755232479,0
2486,A,1791307345381401998,129171,1.000000,0.043755232479,0
2487,A,1791307345381789042,125907,1.000000,0.043755232479,0
2488,A,1791307345382185317,126264,1.000000,0.043755232479,0
2489,A,1791307345382591252,132030,1.000000,0.043755232479,0
2490,A,1791307345382978197,127027,1.000000,0.043755232479,0
2491,A,1791307345383376021,130673,1.000000,0.043755232479,0
2492,A,1791307345383773756,130119,1.000000,0.043755232479,0
2493,A,1791307345384170821,131926,1.000000,0.043755232479,0
2494,A,1791307345384568596,131553,1.000000,0.043755232479,0
2495,A,1791307345384968210,129828,1.000000,0.043755232479,1
2496,B,1791307347870216622,387047,1.000000,0.117768731071,0
2497,B,1791307347871108610,452494,1.000000,0.117768731071,0
2498,B,1791307347871711562,238034,1.000000,0.117768731071,0
2499,B,1791307347872100137,97111,1.000000,0.117768731071,0
2500,B,1791307347872362023,92533,1.000000,0.117768731071,0
2501,B,1791307347872607450,89596,1.000000,0.117768731071,0
2502,B,1791307347872813327,85628,1.000000,0.117768731071,0
2503,B,1791307347873011855,86080,1.000000,0.117768731071,0
2504,B,1791307347873184862,62942,1.000000,0.117768731071,0
2505,B,1791307347873364790,64024,1.000000,0.117768731071,0
2506,B,1791307347873525168,46586,1.000000,0.117768731071,0
2507,B,1791307347873678946,44587,1.000000,0.117768731071,1
2508,A,1791307348388636841,306560,1.000000,0.043755232479,0
2509,A,1791307348389341332,277772,1.000000,0.043755232479,0
2510,A,1791307348389824075,153217,1.000000,0.043755232479,0
2511,A,1791307348390255740,152557,1.000000,0.043755232479,0
2512,A,1791307348390681254,151155,1.000000,0.043755232479,0
2513,A,1791307348391100368,147354,1.000000,0.043755232479,0
2514,A,1791307348391499693,127523,1.000000,0.043755232479,0
2515,A,1791307348391893238,123973,1.000000,0.043755232479,0
2516,A,1791307348392288803,126973,1.000000,0.043755232479,0
2517,A,1791307348392694847,123522,1.000000,0.043755232479,0
2518,A,1791307348393088012,125062,1.000000,0.043755232479,0
2519,A,1791307348393475887,122942,1.000000,0.043755232479,0
2520,A,1791307348393861642,122593,1.000000,0.043755232479,0
2521,A,1791307348394246997,122453,1.000000,0.043755232479,0
2522,A,1791307348394639962,121833,1.000000,0.043755232479,0
2523,A,1791307348395022926,119842,1.000000,0.043755232479,0
2524,A,1791307348395407631,122312,1.000000,0.043755232479,0
2525,A,1791307348395791126,119092,1.000000,0.043755232479,1
2526,B,1791307350877342802,391028,1.000000,0.117768731071,0
2527,B,1791307350878270200,469189,1.000000,0.117768731071,0
2528,B,1791307350878736114,118797,1.000000,0.117768731071,1
2529,A,1791307351399563042,408087,1.000000,0.043755232479,0
2530,A,1791307351400395211,399882,1.000000,0.043755232479,0
2531,A,1791307351401005113,281642,1.000000,0.043755232479,0
2532,A,1791307351401577255,280324,1.000000,0.043755232479,0
2533,A,1791307351402008830,146010,1.000000,0.043755232479,0
2534,A,1791307351402408714,122697,1.000000,0.043755232479,0
2535,A,1791307351402809699,121095,1.000000,0.043755232479,0
2536,A,1791307351403203054,116883,1.000000,0.043755232479,0
2537,A,1791307351403597379,116781,1.000000,0.043755232479,0
2538,A,1791307351403988833,114189,1.000000,0.043755232479,0
2539,A,1791307351404382638,118867,1.000000,0.043755232479,0
2540,A,1791307351404770353,114386,1.000000,0.043755232479,0
2541,A,1791307351405164188,116634,1.000000,0.043755232479,0
2542,A,1791307351405556853,117413,1.000000,0.043755232479,0
2543,A,1791307351405946498,113841,1.000000,0.043755232479,0
2544,A,1791307351406338332,115488,1.000000,0.043755232479,0
2545,A,1791307351406729077,114297,1.000000,0.043755232479,0
2546,A,1791307351407118802,117315,1.000000,0.043755232479,0
2547,A,1791307351407510887,117923,1.000000,0.043755232479,0
2548,A,1791307351407904382,114682,1.000000,0.043755232479,1
2549,B,1791307353882578600,390131,1.000000,0.117768731071,1
2550,A,1791307354409393660,373050,1.000000,0.043755232479,0
2551,A,1791307354410072931,304875,1.000000,0.043755232479,0
2552,A,1791307354410657613,289613,1.000000,0.043755232479,0
2553,A,1791307354411101877,178902,1.000000,0.043755232479,0
2554,A,1791307354411516472,156944,1.000000,0.043755232479,0
2555,A,1791307354411926696,152765,1.000000,0.043755232479,0
2556,A,1791307354412344911,157667,1.000000,0.043755232479,0
2557,A,1791307354412757315,152828,1.000000,0.043755232479,0
2558,A,1791307354413169100,153240,1.000000,0.043755232479,0
2559,A,1791307354413557705,129812,1.000000,0.043755232479,0
2560,A,1791307354413937630,128354,1.000000,0.043755232479,0
2561,A,1791307354414312475,123396,1.000000,0.043755232479,0
2562,A,1791307354414685320,123689,1.000000,0.043755232479,0
2563,A,1791307354415057115,123641,1.000000,0.043755232479,0
2564,A,1791307354415428480,123183,1.000000,0.043755232479,0
2565,A,1791307354415798725,122485,1.000000,0.043755232479,0
2566,A,1791307354416177450,121988,1.000000,0.043755232479,0
2567,A,1791307354416549035,122410,1.000000,0.043755232479,0
2568,A,1791307354416923820,124512,1.000000,0.043755232479,0
2569,A,1791307354417296515,123284,1.000000,0.043755232479,0
2570,A,1791307354417676210,121266,1.000000,0.043755232479,0
2571,A,1791307354418044445,121939,1.000000,0.043755232479,0
2572,A,1791307354418414390,121761,1.000000,0.043755232479,0
2573,A,1791307354418782986,121024,1.000000,0.043755232479,0
2574,A,1791307354419151311,121157,1.000000,0.043755232479,0
2575,A,1791307354419520476,121029,1.000000,0.043755232479,0
2576,A,1791307354419890971,121971,1.000000,0.043755232479,1
2577,B,1791307356886606367,336861,1.000000,0.117768731071,0
2578,B,1791307356887406597,373031,1.000000,0.117768731071,1
2579,A,1791307357423758129,497051,1.000000,0.043755232479,0
2580,A,1791307357424480419,280417,1.000000,0.043755232479,0
2581,A,1791307357425009252,190691,1.000000,0.043755232479,0
2582,A,1791307357425619234,309765,1.000000,0.043755232479,0
2583,A,1791307357426203167,304309,1.000000,0.043755232479,0
2584,A,1791307357426660711,179344,1.000000,0.043755232479,0
2585,A,1791307357427084425,159631,1.000000,0.043755232479,0
2586,A,1791307357427504829,160419,1.000000,0.043755232479,0
2587,A,1791307357427932504,158417,1.000000,0.043755232479,0
2588,A,1791307357428349778,159185,1.000000,0.043755232479,0
2589,A,1791307357428742993,134674,1.000000,0.043755232479,0
2590,A,1791307357429128888,130163,1.000000,0.043755232479,0
2591,A,1791307357429511913,130722,1.000000,0.043755232479,0
2592,A,1791307357429891888,129051,1.000000,0.043755232479,1
2593,B,1791307359891348852,494974,1.000000,0.117768731071,0
2594,B,1791307359892095622,463431,1.000000,0.117768731071,0
2595,B,1791307359892485057,211251,1.000000,0.117768731071,0
2596,B,1791307359892887432,295053,1.000000,0.117768731071,0
2597,B,1791307359893162558,166577,1.000000,0.117768731071,1
2598,A,1791307360433536798,285153,1.000000,0.043755232479,0
2599,A,1791307360434109470,176458,1.000000,0.043755232479,0
2600,A,1791307360434537404,155238,1.000000,0.043755232479,0
2601,A,1791307360434945109,152339,1.000000,0.043755232479,0
2602,A,1791307360435345104,149820,1.000000,0.043755232479,0
2603,A,1791307360435732408,136870,1.000000,0.043755232479,0
2604,A,1791307360436111383,133892,1.000000,0.043755232479,0
2605,A,1791307360436492258,135363,1.000000,0.043755232479,0
2606,A,1791307360436875483,137404,1.000000,0.043755232479,0
2607,A,1791307360437251998,133676,1.000000,0.043755232479,0
2608,A,1791307360437633843,134357,1.000000,0.043755232479,0
2609,A,1791307360438016708,135348,1.000000,0.043755232479,0
2610,A,1791307360438396193,134380,1.000000,0.043755232479,0
2611,A,1791307360438776408,133961,1.000000,0.043755232479,0
2612,A,1791307360439153523,133192,1.000000,0.043755232479,0
2613,A,1791307360439533248,134054,1.000000,0.043755232479,0
2614,A,1791307360439908873,133925,1.000000,0.043755232479,0
2615,A,1791307360440284358,135266,1.000000,0.043755232479,0
2616,A,1791307360440674693,139418,1.000000,0.043755232479,0
2617,A,1791307360441057138,135259,1.000000,0.043755232479,0
2618,A,1791307360441441673,140770,1.000000,0.043755232479,0
2619,A,1791307360441820838,134362,1.000000,0.043755232479,0
2620,A,1791307360442203663,132413,1.000000,0.043755232479,0
2621,A,1791307360442581208,133894,1.000000,0.043755232479,0
2622,A,1791307360442957033,134306,1.000000,0.043755232479,0
2623,A,1791307360443334638,133907,1.000000,0.043755232479,0
2624,A,1791307360443709153,131368,1.000000,0.043755232479,0
2625,A,1791307360444081438,130960,1.000000,0.043755232479,0
2626,A,1791307360444461123,135081,1.000000,0.043755232479,0
2627,A,1791307360444842918,134532,1.000000,0.043755232479,1
2628,B,1791307362896769648,348722,1.000000,0.117768731071,0
2629,B,1791307362897523508,398775,1.000000,0.117768731071,0
2630,B,1791307362898272878,441397,1.000000,0.117768731071,0
2631,B,1791307362898760042,279473,1.000000,0.117768731071,0
2632,B,1791307362899162117,271659,1.000000,0.117768731071,0
2633,B,1791307362899440403,153306,1.000000,0.117768731071,0
2634,B,1791307362899680260,150913,1.000000,0.117768731071,0
2635,B,1791307362899912197,149671,1.000000,0.117768731071,0
2636,B,1791307362900140794,147579,1.000000,0.117768731071,1
2637,A,1791307363448639805,420045,1.000000,0.043755232479,0
2638,A,1791307363449382195,343241,1.000000,0.043755232479,0
2639,A,1791307363449977777,314913,1.000000,0.043755232479,0
2640,A,1791307363450565970,312916,1.000000,0.043755232479,0
2641,A,1791307363451153732,306719,1.000000,0.043755232479,0
2642,A,1791307363451619676,189633,1.000000,0.043755232479,0
2643,A,1791307363452043080,164690,1.000000,0.043755232479,0
2644,A,1791307363452465685,164628,1.000000,0.043755232479,0
2645,A,1791307363452886779,161485,1.000000,0.043755232479,0
2646,A,1791307363453303123,160112,1.000000,0.043755232479,0
2647,A,1791307363453729288,161340,1.000000,0.043755232479,0
2648,A,1791307363454120323,134958,1.000000,0.043755232479,0
2649,A,1791307363454503588,131947,1.000000,0.043755232479,0
2650,A,1791307363454887253,133036,1.000000,0.043755232479,0
2651,A,1791307363455264688,130815,1.000000,0.043755232479,0
2652,A,1791307363455646592,132002,1.000000,0.043755232479,1
2653,B,1791307365903816803,424367,1.000000,0.117768731071,0
2654,B,1791307365904575073,391448,1.000000,0.117768731071,0
2655,B,1791307365905350693,449478,1.000000,0.117768731071,0
2656,B,1791307365905785917,272599,1.000000,0.117768731071,0
2657,B,1791307365906194171,262829,1.000000,0.117768731071,0
2658,B,1791307365906472918,142632,1.000000,0.117768731071,0
2659,B,1791307365906728124,143611,1.000000,0.117768731071,0
2660,B,1791307365906960701,138541,1.000000,0.117768731071,0
2661,B,1791307365907190698,137172,1.000000,0.117768731071,0
2662,B,1791307365907422375,137582,1.000000,0.117768731071,0
2663,B,1791307365907634492,118492,1.000000,0.117768731071,0
2664,B,1791307365907816160,94393,1.000000,0.117768731071,0
2665,B,1791307365907974718,74963,1.000000,0.117768731071,0
2666,B,1791307365908131786,71864,1.000000,0.117768731071,0
2667,B,1791307365908292914,77084,1.000000,0.117768731071,0
2668,B,1791307365908453962,76194,1.000000,0.117768731071,0
2669,B,1791307365908617979,73142,1.000000,0.117768731071,0
2670,B,1791307365908776387,72193,1.000000,0.117768731071,0
2671,B,1791307365908932745,72553,1.000000,0.117768731071,0
2672,B,1791307365909086583,71513,1.000000,0.117768731071,0
2673,B,1791307365909243561,72363,1.000000,0.117768731071,0
2674,B,1791307365909397349,71673,1.000000,0.117768731071,1
2675,A,1791307366459491079,507986,1.000000,0.043755232479,0
2676,A,1791307366460370428,421435,1.000000,0.043755232479,0
2677,A,1791307366461008389,308499,1.000000,0.043755232479,0
2678,A,1791307366461596502,309646,1.000000,0.043755232479,0
2679,A,1791307366462179134,308153,1.000000,0.043755232479,0
2680,A,1791307366462625138,169621,1.000000,0.043755232479,0
2681,A,1791307366463050212,169321,1.000000,0.043755232479,0
2682,A,1791307366463469707,164652,1.000000,0.043755232479,0
2683,A,1791307366463888771,162712,1.000000,0.043755232479,0
2684,A,1791307366464304116,162043,1.000000,0.043755232479,1
2685,B,1791307368913016580,359895,1.000000,0.117768731071,0
2686,B,1791307368913704311,275756,1.000000,0.117768731071,0
2687,B,1791307368914423771,317076,1.000000,0.117768731071,0
2688,B,1791307368914688588,109703,1.000000,0.117768731071,0
2689,B,1791307368914926635,104669,1.000000,0.117768731071,0
2690,B,1791307368915158922,102196,1.000000,0.117768731071,0
2691,B,1791307368915376119,109103,1.000000,0.117768731071,0
2692,B,1791307368915585116,102650,1.000000,0.117768731071,0
2693,B,1791307368915791443,101016,1.000000,0.117768731071,1
2694,A,1791307369465891524,557403,1.000000,0.043755232479,0
2695,A,1791307369466539735,309508,1.000000,0.043755232479,0
2696,A,1791307369467167297,297708,1.000000,0.043755232479,0
2697,A,1791307369467617431,165161,1.000000,0.043755232479,0
2698,A,1791307369468041975,161258,1.000000,0.043755232479,0
2699,A,1791307369468448600,139795,1.000000,0.043755232479,0
2700,A,1791307369468842255,134123,1.000000,0.043755232479,0
2701,A,1791307369469239220,137460,1.000000,0.043755232479,0
2702,A,1791307369469632424,132257,1.000000,0.043755232479,1
2703,B,1791307371919455345,391425,1.000000,0.117768731071,0
2704,B,1791307371920349273,428712,1.000000,0.117768731071,1
2705,A,1791307372473236156,249739,1.000000,0.043755232479,0
2706,A,1791307372473786798,181794,1.000000,0.043755232479,0
2707,A,1791307372474241682,162323,1.000000,0.043755232479,0
2708,A,1791307372474677827,165363,1.000000,0.043755232479,0
2709,A,1791307372475080641,136942,1.000000,0.043755232479,0
2710,A,1791307372475477956,136193,1.000000,0.043755232479,0
2711,A,1791307372475868741,130174,1.000000,0.043755232479,0
2712,A,1791307372476258486,129284,1.000000,0.043755232479,0
2713,A,1791307372476653240,134204,1.000000,0.043755232479,0
2714,A,1791307372477047835,132975,1.000000,0.043755232479,0
2715,A,1791307372477442330,133505,1.000000,0.043755232479,0
2716,A,1791307372477835975,131346,1.000000,0.043755232479,0
2717,A,1791307372478226590,129787,1.000000,0.043755232479,0
2718,A,1791307372478620114,130937,1.000000,0.043755232479,0
2719,A,1791307372479009249,128117,1.000000,0.043755232479,0
2720,A,1791307372479411904,133128,1.000000,0.043755232479,0
2721,A,1791307372479810129,133619,1.000000,0.043755232479,0
2722,A,1791307372480201914,129979,1.000000,0.043755232479,0
2723,A,1791307372480599238,133879,1.000000,0.043755232479,0
2724,A,1791307372480996863,131510,1.000000,0.043755232479,0
2725,A,1791307372481405108,135010,1.000000,0.043755232479,0
2726,A,1791307372481811972,134150,1.000000,0.043755232479,0
2727,A,1791307372482209927,130411,1.000000,0.043755232479,0
2728,A,1791307372482614261,133420,1.000000,0.043755232479,0
2729,A,1791307372483010406,131251,1.000000,0.043755232479,0
2730,A,1791307372483409651,131502,1.000000,0.043755232479,0
2731,A,1791307372483802846,129652,1.000000,0.043755232479,0
2732,A,1791307372484196810,128842,1.000000,0.043755232479,0
2733,A,1791307372484595465,132313,1.000000,0.043755232479,0
2734,A,1791307372484992980,131903,1.000000,0.043755232479,0
2735,A,1791307372485396374,132053,1.000000,0.043755232479,0
2736,A,1791307372485802359,134534,1.000000,0.043755232479,0
2737,A,1791307372486199664,130764,1.000000,0.043755232479,0
2738,A,1791307372486607078,131004,1.000000,0.043755232479,0
2739,A,1791307372487004503,130274,1.000000,0.043755232479,0
2740,A,1791307372487407298,130685,1.000000,0.043755232479,0
2741,A,1791307372487809362,133455,1.000000,0.043755232479,0
2742,A,1791307372488204657,129925,1.000000,0.043755232479,0
2743,A,1791307372488604182,136786,1.000000,0.043755232479,0
2744,A,1791307372488999757,131657,1.000000,0.043755232479,0
2745,A,1791307372489399511,131426,1.000000,0.043755232479,0
2746,A,1791307372489792676,128747,1.000000,0.043755232479,0
2747,A,1791307372490183371,128268,1.000000,0.043755232479,0
2748,A,1791307372490578266,130698,1.000000,0.043755232479,1
2749,B,1791307374924237205,396798,1.000000,0.117768731071,0
2750,B,1791307374925141783,449321,1.000000,0.117768731071,0
2751,B,1791307374925734746,248409,1.000000,0.117768731071,0
2752,B,1791307374926264888,247285,1.000000,0.117768731071,0
2753,B,1791307374926538205,106205,1.000000,0.117768731071,1
2754,A,1791307375494431970,484766,1.000000,0.043755232479,0
2755,A,1791307375495298499,425252,1.000000,0.043755232479,0
2756,A,1791307375495942740,301791,1.000000,0.043755232479,0
2757,A,1791307375496406894,166136,1.000000,0.043755232479,0
2758,A,1791307375496819939,134844,1.000000,0.043755232479,1
2759,B,1791307377930308658,443648,1.000000,0.117768731071,0
2760,B,1791307377931266055,466331,1.000000,0.117768731071,0
2761,B,1791307377931884587,293227,1.000000,0.117768731071,0
2762,B,1791307377932285382,133341,1.000000,0.117768731071,0
2763,B,1791307377932555008,122892,1.000000,0.117768731071,1
2764,A,1791307378500656820,468238,1.000000,0.043755232479,0
2765,A,1791307378501488579,405889,1.000000,0.043755232479,0
2766,A,1791307378502311558,420051,1.000000,0.043755232479,0
2767,A,1791307378502913710,288536,1.000000,0.043755232479,0
2768,A,1791307378503352264,157755,1.000000,0.043755232479,0
2769,A,1791307378503760089,134176,1.000000,0.043755232479,0
2770,A,1791307378504160713,129556,1.000000,0.043755232479,0
2771,A,1791307378504574548,132097,1.000000,0.043755232479,0
2772,A,1791307378504983353,130459,1.000000,0.043755232479,0
2773,A,1791307378505383537,128169,1.000000,0.043755232479,0
2774,A,1791307378505790092,130000,1.000000,0.043755232479,0
2775,A,1791307378506194347,133091,1.000000,0.043755232479,0
2776,A,1791307378506592871,128032,1.000000,0.043755232479,0
2777,A,1791307378506993606,127003,1.000000,0.043755232479,0
2778,A,1791307378507403741,131474,1.000000,0.043755232479,0
2779,A,1791307378507804495,129864,1.000000,0.043755232479,0
2780,A,1791307378508196200,125016,1.000000,0.043755232479,0
2781,A,1791307378508594985,131217,1.000000,0.043755232479,0
2782,A,1791307378508991450,126658,1.000000,0.043755232479,0
2783,A,1791307378509386484,127489,1.000000,0.043755232479,0
2784,A,1791307378509791369,130400,1.000000,0.043755232479,0
2785,A,1791307378510191064,129791,1.000000,0.043755232479,0
2786,A,1791307378510586208,128032,1.000000,0.043755232479,0
2787,A,1791307378510982333,128003,1.000000,0.043755232479,0
2788,A,1791307378511371018,125764,1.000000,0.043755232479,0
2789,A,1791307378511770163,132306,1.000000,0.043755232479,0
2790,A,1791307378512162108,126457,1.000000,0.043755232479,0
2791,A,1791307378512553662,127768,1.000000,0.043755232479,0
2792,A,1791307378512946587,130489,1.000000,0.043755232479,0
2793,A,1791307378513341952,127660,1.000000,0.043755232479,0
2794,A,1791307378513738697,129602,1.000000,0.043755232479,0
2795,A,1791307378514129452,126303,1.000000,0.043755232479,1
2796,B,1791307380936261604,385374,1.000000,0.117768731071,0
2797,B,1791307380937195071,465525,1.000000,0.117768731071,0
2798,B,1791307380937799953,276059,1.000000,0.117768731071,0
2799,B,1791307380938096159,138627,1.000000,0.117768731071,0
2800,B,1791307380938339466,114785,1.000000,0.117768731071,0
2801,B,1791307380938578433,112234,1.000000,0.117768731071,1
2802,A,1791307381517878705,385761,1.000000,0.043755232479,0
2803,A,1791307381518587376,295448,1.000000,0.043755232479,0
2804,A,1791307381519177088,275149,1.000000,0.043755232479,0
2805,A,1791307381519635012,154213,1.000000,0.043755232479,0
2806,A,1791307381520060576,145599,1.000000,0.043755232479,0
2807,A,1791307381520489551,150966,1.000000,0.043755232479,0
2808,A,1791307381520894595,123233,1.000000,0.043755232479,0
2809,A,1791307381521296040,120621,1.000000,0.043755232479,0
2810,A,1791307381521692395,119239,1.000000,0.043755232479,0
2811,A,1791307381522087120,117547,1.000000,0.043755232479,0
2812,A,1791307381522485784,118004,1.000000,0.043755232479,0
2813,A,1791307381522878999,115512,1.000000,0.043755232479,0
2814,A,1791307381523273434,118250,1.000000,0.043755232479,0
2815,A,1791307381523671349,119638,1.000000,0.043755232479,0
2816,A,1791307381524069223,117955,1.000000,0.043755232479,0
2817,A,1791307381524471048,119263,1.000000,0.043755232479,0
2818,A,1791307381524869473,118371,1.000000,0.043755232479,1
2819,B,1791307383942321623,422754,1.000000,0.117768731071,0
2820,B,1791307383943109793,403631,1.000000,0.117768731071,0
2821,B,1791307383943792093,341895,1.000000,0.117768731071,0
2822,B,1791307383944377886,258722,1.000000,0.117768731071,0
2823,B,1791307383944656472,117227,1.000000,0.117768731071,0
2824,B,1791307383944897789,109769,1.000000,0.117768731071,0
2825,B,1791307383945111456,105860,1.000000,0.117768731071,1
2826,A,1791307384528668614,428357,1.000000,0.043755232479,0
2827,A,1791307384529416734,289138,1.000000,0.043755232479,1
2828,B,1791307386948719350,336843,1.000000,0.117768731071,0
2829,B,1791307386949288723,183114,1.000000,0.117768731071,0
2830,B,1791307386949789096,177184,1.000000,0.117768731071,0
2831,B,1791307386950191191,135378,1.000000,0.117768731071,0
2832,B,1791307386950477857,133463,1.000000,0.117768731071,1
2833,A,1791307387533334863,458482,1.000000,0.043755232479,0
2834,A,1791307387534190812,406715,1.000000,0.043755232479,0
2835,A,1791307387534876492,278560,1.000000,0.043755232479,0
2836,A,1791307387535468185,271862,1.000000,0.043755232479,0
2837,A,1791307387535907819,139056,1.000000,0.043755232479,0
2838,A,1791307387536313493,114432,1.000000,0.043755232479,0
2839,A,1791307387536712748,111790,1.000000,0.043755232479,0
2840,A,1791307387537116743,114768,1.000000,0.043755232479,0
2841,A,1791307387537773284,117626,1.000000,0.043755232479,0
2842,A,1791307387538177099,113152,1.000000,0.043755232479,0
2843,A,1791307387538583753,110967,1.000000,0.043755232479,0
2844,A,1791307387538992888,124564,1.000000,0.043755232479,1
2845,B,1791307389953996376,194370,1.000000,0.117768731071,0
2846,B,1791307389954574269,170673,1.000000,0.117768731071,1
2847,A,1791307390541316454,313974,1.000000,0.043755232479,0
2848,A,1791307390541909066,172435,1.000000,0.043755232479,0
2849,A,1791307390542364450,133112,1.000000,0.043755232479,0
2850,A,1791307390542793794,129069,1.000000,0.043755232479,0
2851,A,1791307390543194349,105857,1.000000,0.043755232479,0
2852,A,1791307390543587714,100386,1.000000,0.043755232479,0
2853,A,1791307390543975068,97814,1.000000,0.043755232479,0
2854,A,1791307390544360453,97263,1.000000,0.043755232479,0
2855,A,1791307390544754908,98212,1.000000,0.043755232479,0
2856,A,1791307390545151203,102221,1.000000,0.043755232479,0
2857,A,1791307390545558997,104499,1.000000,0.043755232479,0
2858,A,1791307390545945942,97658,1.000000,0.043755232479,0
2859,A,1791307390546334257,98767,1.000000,0.043755232479,0
2860,A,1791307390546727332,103226,1.000000,0.043755232479,0
2861,A,1791307390547113137,98595,1.000000,0.043755232479,0
2862,A,1791307390547506562,104204,1.000000,0.043755232479,0
2863,A,1791307390547899896,100562,1.000000,0.043755232479,0
2864,A,1791307390548294001,100620,1.000000,0.043755232479,0
2865,A,1791307390548688176,104139,1.000000,0.043755232479,0
2866,A,1791307390549080161,101998,1.000000,0.043755232479,0
2867,A,1791307390549475176,103387,1.000000,0.043755232479,0
2868,A,1791307390549873530,106885,1.000000,0.043755232479,0
2869,A,1791307390550260765,97534,1.000000,0.043755232479,0
2870,A,1791307390550649060,99653,1.000000,0.043755232479,0
2871,A,1791307390551037455,98042,1.000000,0.043755232479,0
2872,A,1791307390551425840,98451,1.000000,0.043755232479,0
2873,A,1791307390551823015,105540,1.000000,0.043755232479,0
2874,A,1791307390552210239,97958,1.000000,0.043755232479,0
2875,A,1791307390552599954,100757,1.000000,0.043755232479,0
2876,A,1791307390552995039,103396,1.000000,0.043755232479,0
2877,A,1791307390553394054,102404,1.000000,0.043755232479,0
2878,A,1791307390553795498,105242,1.000000,0.043755232479,0
2879,A,1791307390554190223,98871,1.000000,0.043755232479,0
2880,A,1791307390554591108,104880,1.000000,0.043755232479,0
2881,A,1791307390554991213,99799,1.000000,0.043755232479,1
2882,B,1791307392958346099,220303,1.000000,0.117768731071,0
2883,B,1791307392958845742,133107,1.000000,0.117768731071,1
2884,A,1791307393557335023,331637,1.000000,0.043755232479,0
2885,A,1791307393557866516,153065,1.000000,0.043755232479,0
2886,A,1791307393558301730,136005,1.000000,0.043755232479,0
2887,A,1791307393558730555,135007,1.000000,0.043755232479,0
2888,A,1791307393559124869,104548,1.000000,0.043755232479,0
2889,A,1791307393559518104,104710,1.000000,0.043755232479,0
2890,A,1791307393559913909,101062,1.000000,0.043755232479,0
2891,A,1791307393560302354,98944,1.000000,0.043755232479,0
2892,A,1791307393560692379,101286,1.000000,0.043755232479,0
2893,A,1791307393561086093,102127,1.000000,0.043755232479,0
2894,A,1791307393561472538,98150,1.000000,0.043755232479,0
2895,A,1791307393561874083,103752,1.000000,0.043755232479,0
2896,A,1791307393562259768,98554,1.000000,0.043755232479,0
2897,A,1791307393562648413,99926,1.000000,0.043755232479,0
2898,A,1791307393563035038,98938,1.000000,0.043755232479,0
2899,A,1791307393563418642,97179,1.000000,0.043755232479,0
2900,A,1791307393563803977,98401,1.000000,0.043755232479,0
2901,A,1791307393564187182,97074,1.000000,0.043755232479,0
2902,A,1791307393564572117,97376,1.000000,0.043755232479,0
2903,A,1791307393564962022,100438,1.000000,0.043755232479,0
2904,A,1791307393565347357,98270,1.000000,0.043755232479,0
2905,A,1791307393565744402,100582,1.000000,0.043755232479,0
2906,A,1791307393566134477,99134,1.000000,0.043755232479,0
2907,A,1791307393566534851,106835,1.000000,0.043755232479,0
2908,A,1791307393566920946,97977,1.000000,0.043755232479,0
2909,A,1791307393567305351,97319,1.000000,0.043755232479,0
2910,A,1791307393567694526,100082,1.000000,0.043755232479,0
2911,A,1791307393568080301,98114,1.000000,0.043755232479,0
2912,A,1791307393568464106,96866,1.000000,0.043755232479,0
2913,A,1791307393568855001,100798,1.000000,0.043755232479,0
2914,A,1791307393569244295,100549,1.000000,0.043755232479,0
2915,A,1791307393569633350,100541,1.000000,0.043755232479,0
2916,A,1791307393570024935,103393,1.000000,0.043755232479,0
2917,A,1791307393570411550,99316,1.000000,0.043755232479,0
2918,A,1791307393570798415,99388,1.000000,0.043755232479,0
2919,A,1791307393571182820,98030,1.000000,0.043755232479,0
2920,A,1791307393571571835,98382,1.000000,0.043755232479,0
2921,A,1791307393571958919,97683,1.000000,0.043755232479,0
2922,A,1791307393572346614,97985,1.000000,0.043755232479,0
2923,A,1791307393572734939,99807,1.000000,0.043755232479,0
2924,A,1791307393573127974,101999,1.000000,0.043755232479,0
2925,A,1791307393573516319,99382,1.000000,0.043755232479,0
2926,A,1791307393573912864,100154,1.000000,0.043755232479,0
2927,A,1791307393574298938,98895,1.000000,0.043755232479,0
2928,A,1791307393574691783,99777,1.000000,0.043755232479,0
2929,A,1791307393575078728,99209,1.000000,0.043755232479,0
2930,A,1791307393575460433,96291,1.000000,0.043755232479,0
2931,A,1791307393575854018,103513,1.000000,0.043755232479,0
2932,A,1791307393576238663,97005,1.000000,0.043755232479,0
2933,A,1791307393576626728,100608,1.000000,0.043755232479,0
2934,A,1791307393577013953,99790,1.000000,0.043755232479,0
2935,A,1791307393577412447,99751,1.000000,0.043755232479,0
2936,A,1791307393577807212,101033,1.000000,0.043755232479,0
2937,A,1791307393578201987,99935,1.000000,0.043755232479,0
2938,A,1791307393578609051,101866,1.000000,0.043755232479,1
2939,B,1791307395962745929,414797,1.000000,0.117768731071,0
2940,B,1791307395963554798,366093,1.000000,0.117768731071,1
2941,A,1791307396582438027,442214,1.000000,0.043755232479,0
2942,A,1791307396583259776,361129,1.000000,0.043755232479,0
2943,A,1791307396583898178,278150,1.000000,0.043755232479,0
2944,A,1791307396584340242,138425,1.000000,0.043755232479,0
2945,A,1791307396584772576,137713,1.000000,0.043755232479,0
2946,A,1791307396585175341,113541,1.000000,0.043755232479,0
2947,A,1791307396585575346,112330,1.000000,0.043755232479,0
2948,A,1791307396585971550,108208,1.000000,0.043755232479,0
2949,A,1791307396586366125,107087,1.000000,0.043755232479,0
2950,A,1791307396586761050,108286,1.000000,0.043755232479,0
2951,A,1791307396587155595,107895,1.000000,0.043755232479,0
2952,A,1791307396587550029,107243,1.000000,0.043755232479,0
2953,A,1791307396587945644,108192,1.000000,0.043755232479,0
2954,A,1791307396588345179,106861,1.000000,0.043755232479,0
2955,A,1791307396588737154,106740,1.000000,0.043755232479,0
2956,A,1791307396589146088,109848,1.000000,0.043755232479,0
2957,A,1791307396589539633,107367,1.000000,0.043755232479,0
2958,A,1791307396589934788,108176,1.000000,0.043755232479,0
2959,A,1791307396590326613,106675,1.000000,0.043755232479,0
2960,A,1791307396590721888,107744,1.000000,0.043755232479,0
2961,A,1791307396591120152,107222,1.000000,0.043755232479,0
2962,A,1791307396591518717,112771,1.000000,0.043755232479,1
2963,B,1791307398967411196,303025,1.000000,0.117768731071,0
2964,B,1791307398968191216,299975,1.000000,0.117768731071,0
2965,B,1791307398968771708,244388,1.000000,0.117768731071,0
2966,B,1791307398969201783,126202,1.000000,0.117768731071,0
2967,B,1791307398969482949,100038,1.000000,0.117768731071,1
2968,A,1791307399595246817,356881,1.000000,0.043755232479,0
2969,A,1791307399595930148,273686,1.000000,0.043755232479,0
2970,A,1791307399596519120,270883,1.000000,0.043755232479,0
2971,A,1791307399596968944,135663,1.000000,0.043755232479,1
2972,B,1791307401973256251,411398,1.000000,0.117768731071,0
2973,B,1791307401974187999,459683,1.000000,0.117768731071,0
2974,B,1791307401974830190,266309,1.000000,0.117768731071,0
2975,B,1791307401975369873,247012,1.000000,0.117768731071,0
2976,B,1791307401975659399,111866,1.000000,0.117768731071,0
2977,B,1791307401975910646,104748,1.000000,0.117768731071,0
2978,B,1791307401976162262,108088,1.000000,0.117768731071,0
2979,B,1791307401976403029,99230,1.000000,0.117768731071,0
2980,B,1791307401976641616,99572,1.000000,0.117768731071,1
2981,A,1791307402600840435,461187,1.000000,0.043755232479,0
2982,A,1791307402601677044,372632,1.000000,0.043755232479,0
2983,A,1791307402602383235,278831,1.000000,0.043755232479,0
2984,A,1791307402602968807,269564,1.000000,0.043755232479,0
2985,A,1791307402603410221,140340,1.000000,0.043755232479,0
2986,A,1791307402603818056,118599,1.000000,0.043755232479,0
2987,A,1791307402604223110,112596,1.000000,0.043755232479,0
2988,A,1791307402604623365,114396,1.000000,0.043755232479,0
2989,A,1791307402605030380,111645,1.000000,0.043755232479,0
2990,A,1791307402605421785,107344,1.000000,0.043755232479,0
2991,A,1791307402605821309,112212,1.000000,0.043755232479,0
2992,A,1791307402606217104,110641,1.000000,0.043755232479,0
2993,A,1791307402606616209,113880,1.000000,0.043755232479,0
2994,A,1791307402607015354,111419,1.000000,0.043755232479,0
2995,A,1791307402607412228,110327,1.000000,0.043755232479,0
2996,A,1791307402607810373,111696,1.000000,0.043755232479,0
2997,A,1791307402608207208,110216,1.000000,0.043755232479,0
2998,A,1791307402608603173,111875,1.000000,0.043755232479,0
2999,A,1791307402608999687,111253,1.000000,0.043755232479,0
3000,A,1791307402609397282,111202,1.000000,0.043755232479,0
3001,A,1791307402609798857,111241,1.000000,0.043755232479,0
3002,A,1791307402610196711,110629,1.000000,0.043755232479,0
3003,A,1791307402610592016,108578,1.000000,0.043755232479,0
3004,A,1791307402610983481,109047,1.000000,0.043755232479,0
3005,A,1791307402611375126,108197,1.000000,0.043755232479,0
3006,A,1791307402611770971,111896,1.000000,0.043755232479,0
3007,A,1791307402612168835,111554,1.000000,0.043755232479,0
3008,A,1791307402612565150,110463,1.000000,0.043755232479,0
3009,A,1791307402612963655,111352,1.000000,0.043755232479,0
3010,A,1791307402613358660,110431,1.000000,0.043755232479,0
3011,A,1791307402613752674,110350,1.000000,0.043755232479,0
3012,A,1791307402614145369,109359,1.000000,0.043755232479,0
3013,A,1791307402614547174,117738,1.000000,0.043755232479,0
3014,A,1791307402614942779,110057,1.000000,0.043755232479,0
3015,A,1791307402615335783,109185,1.000000,0.043755232479,0
3016,A,1791307402615731148,109825,1.000000,0.043755232479,0
3017,A,1791307402616125583,109924,1.000000,0.043755232479,0
3018,A,1791307402616517438,108753,1.000000,0.043755232479,0
3019,A,1791307402616924192,110761,1.000000,0.043755232479,0
3020,A,1791307402617321817,109740,1.000000,0.043755232479,0
3021,A,1791307402617728122,111149,1.000000,0.043755232479,0
3022,A,1791307402618117626,108478,1.000000,0.043755232479,0
3023,A,1791307402618502961,109547,1.000000,0.043755232479,0
3024,A,1791307402618895766,113476,1.000000,0.043755232479,0
3025,A,1791307402619281971,108596,1.000000,0.043755232479,0
3026,A,1791307402619670046,110105,1.000000,0.043755232479,0
3027,A,1791307402620054391,107094,1.000000,0.043755232479,0
3028,A,1791307402620437156,106994,1.000000,0.043755232479,0
3029,A,1791307402620837540,122172,1.000000,0.043755232479,0
3030,A,1791307402621236705,118631,1.000000,0.043755232479,0
3031,A,1791307402621628920,114790,1.000000,0.043755232479,0
3032,A,1791307402622017525,108889,1.000000,0.043755232479,0
3033,A,1791307402622402709,108138,1.000000,0.043755232479,0
3034,A,1791307402622790474,111197,1.000000,0.043755232479,0
3035,A,1791307402623180769,108626,1.000000,0.043755232479,0
3036,A,1791307402623566244,109056,1.000000,0.043755232479,0
3037,A,1791307402623955579,108505,1.000000,0.043755232479,0
3038,A,1791307402624341734,108464,1.000000,0.043755232479,0
3039,A,1791307402624730099,110144,1.000000,0.043755232479,0
3040,A,1791307402625123273,111132,1.000000,0.043755232479,0
3041,A,1791307402625521298,120201,1.000000,0.043755232479,1
3042,B,1791307404980332545,379748,1.000000,0.117768731071,0
3043,B,1791307404981178853,337264,1.000000,0.117768731071,0
3044,B,1791307404981807105,249134,1.000000,0.117768731071,0
3045,B,1791307404982229679,118947,1.000000,0.117768731071,0
3046,B,1791307404982509166,98243,1.000000,0.117768731071,0
3047,B,1791307404982759122,95569,1.000000,0.117768731071,0
3048,B,1791307404983004349,90985,1.000000,0.117768731071,0
3049,B,1791307404983245296,89042,1.000000,0.117768731071,0
3050,B,1791307404983486673,92208,1.000000,0.117768731071,0
3051,B,1791307404983727269,91394,1.000000,0.117768731071,0
3052,B,1791307404983944506,76010,1.000000,0.117768731071,0
3053,B,1791307404984116514,54068,1.000000,0.117768731071,1
3054,A,1791307405629344304,449362,1.000000,0.043755232479,0
3055,A,1791307405630038205,242959,1.000000,0.043755232479,0
3056,A,1791307405630573048,162299,1.000000,0.043755232479,0
3057,A,1791307405631006602,143321,1.000000,0.043755232479,1
3058,B,1791307407987792724,386783,1.000000,0.117768731071,0
3059,B,1791307407988628493,380304,1.000000,0.117768731071,0
3060,B,1791307407989352003,248578,1.000000,0.117768731071,0
3061,B,1791307407989924896,237930,1.000000,0.117768731071,0
3062,B,1791307407990218662,95443,1.000000,0.117768731071,0
3063,B,1791307407990495348,90074,1.000000,0.117768731071,0
3064,B,1791307407990743355,85904,1.000000,0.117768731071,0
3065,B,1791307407991008031,106034,1.000000,0.117768731071,0
3066,B,1791307407991257688,87305,1.000000,0.117768731071,0
3067,B,1791307407991468285,66446,1.000000,0.117768731071,0
3068,B,1791307407991663243,51767,1.000000,0.117768731071,0
3069,B,1791307407991830740,45347,1.000000,0.117768731071,0
3070,B,1791307407992025278,44268,1.000000,0.117768731071,0
3071,B,1791307407992195716,44678,1.000000,0.117768731071,0
3072,B,1791307407992386373,43918,1.000000,0.117768731071,1
3073,A,1791307408634931438,518849,1.000000,0.043755232479,0
3074,A,1791307408635704598,302725,1.000000,0.043755232479,0
3075,A,1791307408636332679,283986,1.000000,0.043755232479,0
3076,A,1791307408636913132,279591,1.000000,0.043755232479,0
3077,A,1791307408637359296,149047,1.000000,0.043755232479,0
3078,A,1791307408637790020,146245,1.000000,0.043755232479,0
3079,A,1791307408638197445,122813,1.000000,0.043755232479,0
3080,A,1791307408638599429,119412,1.000000,0.043755232479,0
3081,A,1791307408639005304,119661,1.000000,0.043755232479,0
3082,A,1791307408639399569,116830,1.000000,0.043755232479,0
3083,A,1791307408639797683,119678,1.000000,0.043755232479,0
3084,A,1791307408640197168,119058,1.000000,0.043755232479,0
3085,A,1791307408640596443,117427,1.000000,0.043755232479,0
3086,A,1791307408640996688,118176,1.000000,0.043755232479,0
3087,A,1791307408641393472,116425,1.000000,0.043755232479,0
3088,A,1791307408641791487,118374,1.000000,0.043755232479,0
3089,A,1791307408642190552,117703,1.000000,0.043755232479,0
3090,A,1791307408642589706,118381,1.000000,0.043755232479,0
3091,A,1791307408642986851,116311,1.000000,0.043755232479,0
3092,A,1791307408643383816,119430,1.000000,0.043755232479,0
3093,A,1791307408643779591,118169,1.000000,0.043755232479,0
3094,A,1791307408644175425,115157,1.000000,0.043755232479,0
3095,A,1791307408644577370,125267,1.000000,0.043755232479,0
3096,A,1791307408644981125,118666,1.000000,0.043755232479,0
3097,A,1791307408645376750,115645,1.000000,0.043755232479,0
3098,A,1791307408645772594,117883,1.000000,0.043755232479,0
3099,A,1791307408646167669,117513,1.000000,0.043755232479,0
3100,A,1791307408646567334,122702,1.000000,0.043755232479,0
3101,A,1791307408646968509,119331,1.000000,0.043755232479,0
3102,A,1791307408647366973,116719,1.000000,0.043755232479,0
3103,A,1791307408647764018,118589,1.000000,0.043755232479,0
3104,A,1791307408648161353,117268,1.000000,0.043755232479,0
3105,A,1791307408648554308,116887,1.000000,0.043755232479,0
3106,A,1791307408648976062,119265,1.000000,0.043755232479,0
3107,A,1791307408649372857,117364,1.000000,0.043755232479,0
3108,A,1791307408649769881,119393,1.000000,0.043755232479,0
3109,A,1791307408650167876,116022,1.000000,0.043755232479,0
3110,A,1791307408650566611,121571,1.000000,0.043755232479,0
3111,A,1791307408650963076,117081,1.000000,0.043755232479,0
3112,A,1791307408651357050,115009,1.000000,0.043755232479,0
3113,A,1791307408651753475,117498,1.000000,0.043755232479,0
3114,A,1791307408652146870,116097,1.000000,0.043755232479,0
3115,A,1791307408652538055,114237,1.000000,0.043755232479,0
3116,A,1791307408652936180,122436,1.000000,0.043755232479,0
3117,A,1791307408653325524,113024,1.000000,0.043755232479,0
3118,A,1791307408653714949,114724,1.000000,0.043755232479,0
3119,A,1791307408654113244,114293,1.000000,0.043755232479,0
3120,A,1791307408654506859,114772,1.000000,0.043755232479,0
3121,A,1791307408654899554,114092,1.000000,0.043755232479,0
3122,A,1791307408655285378,112670,1.000000,0.043755232479,0
3123,A,1791307408655676583,121100,1.000000,0.043755232479,0
3124,A,1791307408656060698,112629,1.000000,0.043755232479,0
3125,A,1791307408656441813,109748,1.000000,0.043755232479,0
3126,A,1791307408656841378,130408,1.000000,0.043755232479,0
3127,A,1791307408657241233,123317,1.000000,0.043755232479,1
3128,B,1791307410996108315,432034,1.000000,0.117768731071,0
3129,B,1791307410996821275,266621,1.000000,0.117768731071,0
3130,B,1791307410997532006,345139,1.000000,0.117768731071,0
3131,B,1791307410997941420,101701,1.000000,0.117768731071,1
3132,A,1791307411661100782,466168,1.000000,0.043755232479,0
3133,A,1791307411661898411,366880,1.000000,0.043755232479,0
3134,A,1791307411662561252,283305,1.000000,0.043755232479,0
3135,A,1791307411663000796,151595,1.000000,0.043755232479,0
3136,A,1791307411663426901,147596,1.000000,0.043755232479,0
3137,A,1791307411663849225,146397,1.000000,0.043755232479,0
3138,A,1791307411664248790,124039,1.000000,0.043755232479,0
3139,A,1791307411664642025,120931,1.000000,0.043755232479,0
3140,A,1791307411665041679,121572,1.000000,0.043755232479,1
3141,B,1791307414001698946,393347,1.000000,0.117768731071,0
3142,B,1791307414002417847,252246,1.000000,0.117768731071,0
3143,B,1791307414002966050,225701,1.000000,0.117768731071,0
3144,B,1791307414003378554,99316,1.000000,0.117768731071,0
3145,B,1791307414003649971,82349,1.000000,0.117768731071,0
3146,B,1791307414003908087,79940,1.000000,0.117768731071,0
3147,B,1791307414004141924,76762,1.000000,0.117768731071,0
3148,B,1791307414004364241,70734,1.000000,0.117768731071,1
3149,A,1791307414668771167,335334,1.000000,0.043755232479,0
3150,A,1791307414669443358,229015,1.000000,0.043755232479,0
3151,A,1791307414669910892,153431,1.000000,0.043755232479,0
3152,A,1791307414670339766,149059,1.000000,0.043755232479,0
3153,A,1791307414670767561,148568,1.000000,0.043755232479,1
3154,B,1791307417008052090,365854,1.000000,0.117768731071,1
3155,A,1791307417673361833,361240,1.000000,0.043755232479,1
3156,B,1791307420012077074,381612,1.000000,0.117768731071,0
3157,B,1791307420012972982,422165,1.000000,0.117768731071,0
3158,B,1791307420013565624,218831,1.000000,0.117768731071,0
3159,B,1791307420014105887,219257,1.000000,0.117768731071,0
3160,B,1791307420014381883,76436,1.000000,0.117768731071,0
3161,B,1791307420014620610,67465,1.000000,0.117768731071,0
3162,B,1791307420014857887,67663,1.000000,0.117768731071,0
3163,B,1791307420015089244,64422,1.000000,0.117768731071,0
3164,B,1791307420015311161,63980,1.000000,0.117768731071,0
3165,B,1791307420015534948,66288,1.000000,0.117768731071,1
3166,A,1791307420677154161,336785,1.000000,0.043755232479,0
3167,A,1791307420677950371,395440,1.000000,0.043755232479,0
3168,A,1791307420678468394,159029,1.000000,0.043755232479,0
3169,A,1791307420678899688,145694,1.000000,0.043755232479,0
3170,A,1791307420679326293,141771,1.000000,0.043755232479,0
3171,A,1791307420679722267,121797,1.000000,0.043755232479,0
3172,A,1791307420680113892,116704,1.000000,0.043755232479,0
3173,A,1791307420680502127,115752,1.000000,0.043755232479,0
3174,A,1791307420680895852,119929,1.000000,0.043755232479,0
3175,A,1791307420681294097,117197,1.000000,0.043755232479,0
3176,A,1791307420681687781,115723,1.000000,0.043755232479,0
3177,A,1791307420682084006,116560,1.000000,0.043755232479,0
3178,A,1791307420682487201,115937,1.000000,0.043755232479,0
3179,A,1791307420682889275,119204,1.000000,0.043755232479,0
3180,A,1791307420683285980,117251,1.000000,0.043755232479,0
3181,A,1791307420683680125,116428,1.000000,0.043755232479,0
3182,A,1791307420684075489,118045,1.000000,0.043755232479,0
3183,A,1791307420684471974,115672,1.000000,0.043755232479,0
3184,A,1791307420684868759,117799,1.000000,0.043755232479,0
3185,A,1791307420685264714,115897,1.000000,0.043755232479,1
3186,B,1791307423019177778,296419,1.000000,0.117768731071,1
3187,A,1791307423689068792,443770,1.000000,0.043755232479,0
3188,A,1791307423689928761,419390,1.000000,0.043755232479,0
3189,A,1791307423690497233,149043,1.000000,0.043755232479,0
3190,A,1791307423690935917,137342,1.000000,0.043755232479,0
3191,A,1791307423691364462,138763,1.000000,0.043755232479,0
3192,A,1791307423691786786,132552,1.000000,0.043755232479,0
3193,A,1791307423692193071,117323,1.000000,0.043755232479,0
3194,A,1791307423692588995,106323,1.000000,0.043755232479,0
3195,A,1791307423692984080,107224,1.000000,0.043755232479,0
3196,A,1791307423693380915,106224,1.000000,0.043755232479,0
3197,A,1791307423693773760,106255,1.000000,0.043755232479,0
3198,A,1791307423694167974,105975,1.000000,0.043755232479,0
3199,A,1791307423694560069,104556,1.000000,0.043755232479,0
3200,A,1791307423694954524,106307,1.000000,0.043755232479,0
3201,A,1791307423695351219,106378,1.000000,0.043755232479,0
3202,A,1791307423695745024,104679,1.000000,0.043755232479,0
3203,A,1791307423696140018,104708,1.000000,0.043755232479,0
3204,A,1791307423696533763,105299,1.000000,0.043755232479,0
3205,A,1791307423696928138,107130,1.000000,0.043755232479,0
3206,A,1791307423697319473,106751,1.000000,0.043755232479,0
3207,A,1791307423697709398,105042,1.000000,0.043755232479,0
3208,A,1791307423698104172,105522,1.000000,0.043755232479,0
3209,A,1791307423698495097,104533,1.000000,0.043755232479,0
3210,A,1791307423698889952,105644,1.000000,0.043755232479,0
3211,A,1791307423699282297,103785,1.000000,0.043755232479,0
3212,A,1791307423699683401,111264,1.000000,0.043755232479,0
3213,A,1791307423700076996,104845,1.000000,0.043755232479,0
3214,A,1791307423700466991,103086,1.000000,0.043755232479,0
3215,A,1791307423700861336,106137,1.000000,0.043755232479,0
3216,A,1791307423701255081,104058,1.000000,0.043755232479,0
3217,A,1791307423701652945,109518,1.000000,0.043755232479,0
3218,A,1791307423702049710,105888,1.000000,0.043755232479,0
3219,A,1791307423702451155,104989,1.000000,0.043755232479,0
3220,A,1791307423702844910,106180,1.000000,0.043755232479,0
3221,A,1791307423703237314,103620,1.000000,0.043755232479,0
3222,A,1791307423703627819,104341,1.000000,0.043755232479,0
3223,A,1791307423704033014,110692,1.000000,0.043755232479,0
3224,A,1791307423704424819,105183,1.000000,0.043755232479,0
3225,A,1791307423704818084,106343,1.000000,0.043755232479,0
3226,A,1791307423705214198,107423,1.000000,0.043755232479,0
3227,A,1791307423705606083,104534,1.000000,0.043755232479,0
3228,A,1791307423706005518,105555,1.000000,0.043755232479,0
3229,A,1791307423706394073,103496,1.000000,0.043755232479,0
3230,A,1791307423706786168,106887,1.000000,0.043755232479,0
3231,A,1791307423707177342,104557,1.000000,0.043755232479,0
3232,A,1791307423707566017,103098,1.000000,0.043755232479,0
3233,A,1791307423707958012,106109,1.000000,0.043755232479,0
3234,A,1791307423708349617,104069,1.000000,0.043755232479,0
3235,A,1791307423708742732,104550,1.000000,0.043755232479,0
3236,A,1791307423709143316,106370,1.000000,0.043755232479,0
3237,A,1791307423709534301,104281,1.000000,0.043755232479,0
3238,A,1791307423709926046,103762,1.000000,0.043755232479,0
3239,A,1791307423710319781,108083,1.000000,0.043755232479,0
3240,A,1791307423710711746,106034,1.000000,0.043755232479,0
3241,A,1791307423711107040,105293,1.000000,0.043755232479,0
3242,A,1791307423711497965,104154,1.000000,0.043755232479,0
3243,A,1791307423711894640,105675,1.000000,0.043755232479,0
3244,A,1791307423712291465,105336,1.000000,0.043755232479,0
3245,A,1791307423712683469,104076,1.000000,0.043755232479,0
3246,A,1791307423713082944,107427,1.000000,0.043755232479,0
3247,A,1791307423713475419,106038,1.000000,0.043755232479,0
3248,A,1791307423713868184,105179,1.000000,0.043755232479,0
3249,A,1791307423714264928,105448,1.000000,0.043755232479,0
3250,A,1791307423714660423,107249,1.000000,0.043755232479,0
3251,A,1791307423715060968,105880,1.000000,0.043755232479,0
3252,A,1791307423715462272,104200,1.000000,0.043755232479,0
3253,A,1791307423715858217,107551,1.000000,0.043755232479,0
3254,A,1791307423716251082,104782,1.000000,0.043755232479,0
3255,A,1791307423716656436,116442,1.000000,0.043755232479,0
3256,A,1791307423717053621,107113,1.000000,0.043755232479,0
3257,A,1791307423717444276,104683,1.000000,0.043755232479,0
3258,A,1791307423717838321,105744,1.000000,0.043755232479,0
3259,A,1791307423718229906,104695,1.000000,0.043755232479,0
3260,A,1791307423718623830,105055,1.000000,0.043755232479,0
3261,A,1791307423719025125,108116,1.000000,0.043755232479,0
3262,A,1791307423719414590,103157,1.000000,0.043755232479,0
3263,A,1791307423719811155,106468,1.000000,0.043755232479,0
3264,A,1791307423720205739,104817,1.000000,0.043755232479,1
3265,B,1791307426022364553,292068,1.000000,0.117768731071,0
3266,B,1791307426022877546,165378,1.000000,0.117768731071,0
3267,B,1791307426023440099,253474,1.000000,0.117768731071,0
3268,B,1791307426023977912,228362,1.000000,0.117768731071,0
3269,B,1791307426024260418,87150,1.000000,0.117768731071,0
3270,B,1791307426024499135,78054,1.000000,0.117768731071,0
3271,B,1791307426024733952,77358,1.000000,0.117768731071,0
3272,B,1791307426024965348,75920,1.000000,0.117768731071,0
3273,B,1791307426025200645,79413,1.000000,0.117768731071,0
3274,B,1791307426025428722,73956,1.000000,0.117768731071,0
3275,B,1791307426025665339,79729,1.000000,0.117768731071,0
3276,B,1791307426025838497,42143,1.000000,0.117768731071,0
3277,B,1791307426026007315,39026,1.000000,0.117768731071,0
3278,B,1791307426026201702,35768,1.000000,0.117768731071,0
3279,B,1791307426026368700,36791,1.000000,0.117768731071,0
3280,B,1791307426026567857,35553,1.000000,0.117768731071,0
3281,B,1791307426026729995,36256,1.000000,0.117768731071,1
3282,A,1791307426724125595,511233,1.000000,0.043755232479,0
3283,A,1791307426725005463,484806,1.000000,0.043755232479,0
3284,A,1791307426725647845,281495,1.000000,0.043755232479,0
3285,A,1791307426726123358,144628,1.000000,0.043755232479,0
3286,A,1791307426726543473,141156,1.000000,0.043755232479,0
3287,A,1791307426726960877,141563,1.000000,0.043755232479,0
3288,A,1791307426727354102,117141,1.000000,0.043755232479,0
3289,A,1791307426727745687,117020,1.000000,0.043755232479,1
3290,B,1791307429030496216,404067,1.000000,0.117768731071,0
3291,B,1791307429031191017,348875,1.000000,0.117768731071,0
3292,B,1791307429031740520,251114,1.000000,0.117768731071,0
3293,B,1791307429032151004,124542,1.000000,0.117768731071,0
3294,B,1791307429032387201,95581,1.000000,0.117768731071,0
3295,B,1791307429032613098,93590,1.000000,0.117768731071,0
3296,B,1791307429032840645,94439,1.000000,0.117768731071,0
3297,B,1791307429033061762,89218,1.000000,0.117768731071,0
3298,B,1791307429033284649,91227,1.000000,0.117768731071,0
3299,B,1791307429033505936,90296,1.000000,0.117768731071,1
3300,A,1791307429731480498,367634,1.000000,0.043755232479,0
3301,A,1791307429732259328,378118,1.000000,0.043755232479,0
3302,A,1791307429732893219,247213,1.000000,0.043755232479,0
3303,A,1791307429733369933,153212,1.000000,0.043755232479,0
3304,A,1791307429733794787,145262,1.000000,0.043755232479,1
3305,B,1791307432037200763,398041,1.000000,0.117768731071,0
3306,B,1791307432038060652,420609,1.000000,0.117768731071,0
3307,B,1791307432038653314,253247,1.000000,0.117768731071,0
3308,B,1791307432039057499,122825,1.000000,0.117768731071,0
3309,B,1791307432039321725,104107,1.000000,0.117768731071,0
3310,B,1791307432039586402,101330,1.000000,0.117768731071,0
3311,B,1791307432039816489,98233,1.000000,0.117768731071,0
3312,B,1791307432040051475,99904,1.000000,0.117768731071,0
3313,B,1791307432040275593,94277,1.000000,0.117768731071,0
3314,B,1791307432040475880,92119,1.000000,0.117768731071,0
3315,B,1791307432040670397,90340,1.000000,0.117768731071,0
3316,B,1791307432040843855,65483,1.000000,0.117768731071,0
3317,B,1791307432041010493,58254,1.000000,0.117768731071,0
3318,B,1791307432041209160,56106,1.000000,0.117768731071,0
3319,B,1791307432041369168,55247,1.000000,0.117768731071,0
3320,B,1791307432041570285,54749,1.000000,0.117768731071,0
3321,B,1791307432041729993,56871,1.000000,0.117768731071,0
3322,B,1791307432041938011,57593,1.000000,0.117768731071,0
3323,B,1791307432042097848,55134,1.000000,0.117768731071,0
3324,B,1791307432042307396,55767,1.000000,0.117768731071,0
3325,B,1791307432042465454,53779,1.000000,0.117768731071,0
3326,B,1791307432042674171,54100,1.000000,0.117768731071,0
3327,B,1791307432042839729,58242,1.000000,0.117768731071,0
3328,B,1791307432043050006,55854,1.000000,0.117768731071,0
3329,B,1791307432043209104,55856,1.000000,0.117768731071,0
3330,B,1791307432043420671,53858,1.000000,0.117768731071,1
3331,A,1791307432737458775,260434,1.000000,0.043755232479,0
3332,A,1791307432738117957,276295,1.000000,0.043755232479,0
3333,A,1791307432738730528,282535,1.000000,0.043755232479,0
3334,A,1791307432739277741,229908,1.000000,0.043755232479,0
3335,A,1791307432739747015,169593,1.000000,0.043755232479,0
3336,A,1791307432740143290,125980,1.000000,0.043755232479,0
3337,A,1791307432740534365,121088,1.000000,0.043755232479,0
3338,A,1791307432740927989,121055,1.000000,0.043755232479,0
3339,A,1791307432741325504,121263,1.000000,0.043755232479,0
3340,A,1791307432741729969,129871,1.000000,0.043755232479,0
3341,A,1791307432742130183,120648,1.000000,0.043755232479,0
3342,A,1791307432742524298,120636,1.000000,0.043755232479,0
3343,A,1791307432742920433,120814,1.000000,0.043755232479,0
3344,A,1791307432743311898,119153,1.000000,0.043755232479,0
3345,A,1791307432743709063,124651,1.000000,0.043755232479,1
3346,B,1791307435047104592,402648,1.000000,0.117768731071,0
3347,B,1791307435048006380,465846,1.000000,0.117768731071,0
3348,B,1791307435048687781,336458,1.000000,0.117768731071,0
3349,B,1791307435049136615,126554,1.000000,0.117768731071,0
3350,B,1791307435049401802,107251,1.000000,0.117768731071,0
3351,B,1791307435049631879,100408,1.000000,0.117768731071,0
3352,B,1791307435049859556,102546,1.000000,0.117768731071,0
3353,B,1791307435050083233,97533,1.000000,0.117768731071,0
3354,B,1791307435050305590,96300,1.000000,0.117768731071,0
3355,B,1791307435050525387,96147,1.000000,0.117768731071,0
3356,B,1791307435050748684,101644,1.000000,0.117768731071,0
3357,B,1791307435050938231,63052,1.000000,0.117768731071,0
3358,B,1791307435051105199,63050,1.000000,0.117768731071,0
3359,B,1791307435051306056,62847,1.000000,0.117768731071,0
3360,B,1791307435051472394,59986,1.000000,0.117768731071,0
3361,B,1791307435051675062,58344,1.000000,0.117768731071,0
3362,B,1791307435051840929,64721,1.000000,0.117768731071,0
3363,B,1791307435052039737,59920,1.000000,0.117768731071,1
3364,A,1791307435747446931,367043,1.000000,0.043755232479,0
3365,A,1791307435748209711,369897,1.000000,0.043755232479,0
3366,A,1791307435748992450,418111,1.000000,0.043755232479,0
3367,A,1791307435749512764,156789,1.000000,0.043755232479,0
3368,A,1791307435749973447,159769,1.000000,0.043755232479,0
3369,A,1791307435750373832,124421,1.000000,0.043755232479,0
3370,A,1791307435750766547,120973,1.000000,0.043755232479,0
3371,A,1791307435751157762,119645,1.000000,0.043755232479,0
3372,A,1791307435751549047,118847,1.000000,0.043755232479,0
3373,A,1791307435751940261,119698,1.000000,0.043755232479,0
3374,A,1791307435752332806,118600,1.000000,0.043755232479,0
3375,A,1791307435752728951,123312,1.000000,0.043755232479,0
3376,A,1791307435753123956,120314,1.000000,0.043755232479,0
3377,A,1791307435753521121,125147,1.000000,0.043755232479,0
3378,A,1791307435753920055,120698,1.000000,0.043755232479,1
3379,B,1791307438055713413,396110,1.000000,0.117768731071,0
3380,B,1791307438056330425,193636,1.000000,0.117768731071,0
3381,B,1791307438056880148,210887,1.000000,0.117768731071,0
3382,B,1791307438057294712,107789,1.000000,0.117768731071,0
3383,B,1791307438057521629,91510,1.000000,0.117768731071,0
3384,B,1791307438057739457,90292,1.000000,0.117768731071,0
3385,B,1791307438057968774,102973,1.000000,0.117768731071,0
3386,B,1791307438058191251,90474,1.000000,0.117768731071,0
3387,B,1791307438058408118,88994,1.000000,0.117768731071,1
3388,A,1791307438757271765,252511,1.000000,0.043755232479,0
3389,A,1791307438757796128,165614,1.000000,0.043755232479,0
3390,A,1791307438758230232,148920,1.000000,0.043755232479,0
3391,A,1791307438758646496,145107,1.000000,0.043755232479,0
3392,A,1791307438759043721,125165,1.000000,0.043755232479,0
3393,A,1791307438759433516,119144,1.000000,0.043755232479,0
3394,A,1791307438759838211,120062,1.000000,0.043755232479,0
3395,A,1791307438760226795,117019,1.000000,0.043755232479,0
3396,A,1791307438760609740,115498,1.000000,0.043755232479,0
3397,A,1791307438760999505,121357,1.000000,0.043755232479,0
3398,A,1791307438761388140,118295,1.000000,0.043755232479,0
3399,A,1791307438761775795,118704,1.000000,0.043755232479,0
3400,A,1791307438762170080,123402,1.000000,0.043755232479,0
3401,A,1791307438762556585,118091,1.000000,0.043755232479,1
3402,B,1791307441061959146,240584,1.000000,0.117768731071,0
3403,B,1791307441062481819,258937,1.000000,0.117768731071,0
3404,B,1791307441062937603,152130,1.000000,0.117768731071,0
3405,B,1791307441063344358,102695,1.000000,0.117768731071,0
3406,B,1791307441063607664,82592,1.000000,0.117768731071,0
3407,B,1791307441063867421,83729,1.000000,0.117768731071,0
3408,B,1791307441064099328,77986,1.000000,0.117768731071,0
3409,B,1791307441064313035,74033,1.000000,0.117768731071,0
3410,B,1791307441064532212,72900,1.000000,0.117768731071,0
3411,B,1791307441064715139,54847,1.000000,0.117768731071,0
3412,B,1791307441064883317,41105,1.000000,0.117768731071,0
3413,B,1791307441065075305,37533,1.000000,0.117768731071,0
3414,B,1791307441065236873,35691,1.000000,0.117768731071,1
3415,A,1791307441766386562,466277,1.000000,0.043755232479,0
3416,A,1791307441767073413,283475,1.000000,0.043755232479,0
3417,A,1791307441767698095,287479,1.000000,0.043755232479,0
3418,A,1791307441768260447,269503,1.000000,0.043755232479,0
3419,A,1791307441768692472,143290,1.000000,0.043755232479,0
3420,A,1791307441769094536,121348,1.000000,0.043755232479,0
3421,A,1791307441769491851,115227,1.000000,0.043755232479,0
3422,A,1791307441769886066,115837,1.000000,0.043755232479,0
3423,A,1791307441770281571,114266,1.000000,0.043755232479,0
3424,A,1791307441770678395,114295,1.000000,0.043755232479,0
3425,A,1791307441771074960,115214,1.000000,0.043755232479,0
3426,A,1791307441771481875,115574,1.000000,0.043755232479,0
3427,A,1791307441771875519,113132,1.000000,0.043755232479,1
3428,B,1791307444068831013,243988,1.000000,0.117768731071,1
3429,A,1791307444775703556,446266,1.000000,0.043755232479,0
3430,A,1791307444776489295,371079,1.000000,0.043755232479,0
3431,A,1791307444777134947,271348,1.000000,0.043755232479,0
3432,A,1791307444777578571,143692,1.000000,0.043755232479,0
3433,A,1791307444777984786,121909,1.000000,0.043755232479,0
3434,A,1791307444778373560,114416,1.000000,0.043755232479,0
3435,A,1791307444778761285,114894,1.000000,0.043755232479,0
3436,A,1791307444779162670,114032,1.000000,0.043755232479,0
3437,A,1791307444779548665,112980,1.000000,0.043755232479,0
3438,A,1791307444779940559,114828,1.000000,0.043755232479,0
3439,A,1791307444780326714,112486,1.000000,0.043755232479,0
3440,A,1791307444780715919,117334,1.000000,0.043755232479,0
3441,A,1791307444781128474,120062,1.000000,0.043755232479,1
3442,B,1791307447072837070,410699,1.000000,0.117768731071,0
3443,B,1791307447073731508,424451,1.000000,0.117768731071,0
3444,B,1791307447074369110,234937,1.000000,0.117768731071,0
3445,B,1791307447074773074,107993,1.000000,0.117768731071,0
3446,B,1791307447075050761,92822,1.000000,0.117768731071,0
3447,B,1791307447075282428,83220,1.000000,0.117768731071,0
3448,B,1791307447075504485,80927,1.000000,0.117768731071,0
3449,B,1791307447075723582,78675,1.000000,0.117768731071,0
3450,B,1791307447075940569,79553,1.000000,0.117768731071,0
3451,B,1791307447076158386,79401,1.000000,0.117768731071,1
3452,A,1791307447784927723,434886,1.000000,0.043755232479,0
3453,A,1791307447785504685,205732,1.000000,0.043755232479,0
3454,A,1791307447786102197,275089,1.000000,0.043755232479,0
3455,A,1791307447786534802,137410,1.000000,0.043755232479,1
3456,B,1791307450079943763,473400,1.000000,0.117768731071,0
3457,B,1791307450080700703,301831,1.000000,0.117768731071,0
3458,B,1791307450081305015,243308,1.000000,0.117768731071,0
3459,B,1791307450081714270,119165,1.000000,0.117768731071,0
3460,B,1791307450081989916,101916,1.000000,0.117768731071,0
3461,B,1791307450082219783,92998,1.000000,0.117768731071,0
3462,B,1791307450082446400,91461,1.000000,0.117768731071,0
3463,B,1791307450082669847,89693,1.000000,0.117768731071,0
3464,B,1791307450082890414,89325,1.000000,0.117768731071,0
3465,B,1791307450083112421,89286,1.000000,0.117768731071,0
3466,B,1791307450083325779,76589,1.000000,0.117768731071,0
3467,B,1791307450083501606,54821,1.000000,0.117768731071,0
3468,B,1791307450083662684,51863,1.000000,0.117768731071,0
3469,B,1791307450083865972,52975,1.000000,0.117768731071,0
3470,B,1791307450084026929,52856,1.000000,0.117768731071,0
3471,B,1791307450084229107,51628,1.000000,0.117768731071,0
3472,B,1791307450084390125,51620,1.000000,0.117768731071,0
3473,B,1791307450084597252,52871,1.000000,0.117768731071,0
3474,B,1791307450084756520,50872,1.000000,0.117768731071,0
3475,B,1791307450084968227,55364,1.000000,0.117768731071,0
3476,B,1791307450085139035,50355,1.000000,0.117768731071,0
3477,B,1791307450085335902,49857,1.000000,0.117768731071,1
3478,A,1791307450789370833,361194,1.000000,0.043755232479,0
3479,A,1791307450789888666,148524,1.000000,0.043755232479,0
3480,A,1791307450790332560,145311,1.000000,0.043755232479,0
3481,A,1791307450790757735,136059,1.000000,0.043755232479,0
3482,A,1791307450791340197,298773,1.000000,0.043755232479,0
3483,A,1791307450791734942,111589,1.000000,0.043755232479,0
3484,A,1791307450792129206,111846,1.000000,0.043755232479,0
3485,A,1791307450792520541,109954,1.000000,0.043755232479,0
3486,A,1791307450792908416,109643,1.000000,0.043755232479,0
3487,A,1791307450793302061,110891,1.000000,0.043755232479,0
3488,A,1791307450793687276,109630,1.000000,0.043755232479,0
3489,A,1791307450794072531,110258,1.000000,0.043755232479,0
3490,A,1791307450794456296,108227,1.000000,0.043755232479,0
3491,A,1791307450794840290,109354,1.000000,0.043755232479,0
3492,A,1791307450795224365,109163,1.000000,0.043755232479,0
3493,A,1791307450795610540,109082,1.000000,0.043755232479,0
3494,A,1791307450795998745,114180,1.000000,0.043755232479,0
3495,A,1791307450796389520,109758,1.000000,0.043755232479,0
3496,A,1791307450796777925,107937,1.000000,0.043755232479,0
3497,A,1791307450797178230,116295,1.000000,0.043755232479,0
3498,A,1791307450797566834,109443,1.000000,0.043755232479,0
3499,A,1791307450797954369,110051,1.000000,0.043755232479,0
3500,A,1791307450798344274,108220,1.000000,0.043755232479,0
3501,A,1791307450798737069,110668,1.000000,0.043755232479,0
3502,A,1791307450799125404,109256,1.000000,0.043755232479,1
3503,B,1791307453088827084,205306,1.000000,0.117768731071,0
3504,B,1791307453089420906,205271,1.000000,0.117768731071,0
3505,B,1791307453089999609,170547,1.000000,0.117768731071,0
3506,B,1791307453090419153,130154,1.000000,0.117768731071,0
3507,B,1791307453090654920,96562,1.000000,0.117768731071,0
3508,B,1791307453090880467,94240,1.000000,0.117768731071,0
3509,B,1791307453091102264,91597,1.000000,0.117768731071,0
3510,B,1791307453091332111,91846,1.000000,0.117768731071,0
3511,B,1791307453091515779,75075,1.000000,0.117768731071,0
3512,B,1791307453091705106,69013,1.000000,0.117768731071,0
3513,B,1791307453091872604,54772,1.000000,0.117768731071,0
3514,B,1791307453092066541,54730,1.000000,0.117768731071,0
3515,B,1791307453092226549,52699,1.000000,0.117768731071,0
3516,B,1791307453092428456,53467,1.000000,0.117768731071,1
3517,A,1791307453802987650,457425,1.000000,0.043755232479,0
3518,A,1791307453803800730,403886,1.000000,0.043755232479,0
3519,A,1791307453804476791,273018,1.000000,0.043755232479,0
3520,A,1791307453804915965,147786,1.000000,0.043755232479,0
3521,A,1791307453805333629,136136,1.000000,0.043755232479,0
3522,A,1791307453805725834,114106,1.000000,0.043755232479,0
3523,A,1791307453806115069,112167,1.000000,0.043755232479,0
3524,A,1791307453806500034,109678,1.000000,0.043755232479,0
3525,A,1791307453806884539,108899,1.000000,0.043755232479,0
3526,A,1791307453807273314,108460,1.000000,0.043755232479,0
3527,A,1791307453807654779,107761,1.000000,0.043755232479,0
3528,A,1791307453808045913,110211,1.000000,0.043755232479,0
3529,A,1791307453808431188,108561,1.000000,0.043755232479,1
3530,B,1791307456096099287,398089,1.000000,0.117768731071,0
3531,B,1791307456097004115,461045,1.000000,0.117768731071,0
3532,B,1791307456097589447,247982,1.000000,0.117768731071,0
3533,B,1791307456098003761,124458,1.000000,0.117768731071,0
3534,B,1791307456098269998,109270,1.000000,0.117768731071,0
3535,B,1791307456098500075,97283,1.000000,0.117768731071,0
3536,B,1791307456098725212,98204,1.000000,0.117768731071,0
3537,B,1791307456098944349,95346,1.000000,0.117768731071,0
3538,B,1791307456099161586,93507,1.000000,0.117768731071,1
3539,A,1791307456812067600,261066,1.000000,0.043755232479,0
3540,A,1791307456812680682,278009,1.000000,0.043755232479,0
3541,A,1791307456813147776,150655,1.000000,0.043755232479,0
3542,A,1791307456813560940,142322,1.000000,0.043755232479,0
3543,A,1791307456813949805,122922,1.000000,0.043755232479,0
3544,A,1791307456814338310,117861,1.000000,0.043755232479,0
3545,A,1791307456814718315,115310,1.000000,0.043755232479,0
3546,A,1791307456815098990,116520,1.000000,0.043755232479,0
3547,A,1791307456815491235,115709,1.000000,0.043755232479,0
3548,A,1791307456815871910,115478,1.000000,0.043755232479,0
3549,A,1791307456816253825,116698,1.000000,0.043755232479,0
3550,A,1791307456816633240,114987,1.000000,0.043755232479,0
3551,A,1791307456817014844,117286,1.000000,0.043755232479,0
3552,A,1791307456817399089,117385,1.000000,0.043755232479,0
3553,A,1791307456817779744,115775,1.000000,0.043755232479,0
3554,A,1791307456818164739,117224,1.000000,0.043755232479,0
3555,A,1791307456818548144,116064,1.000000,0.043755232479,1
3556,B,1791307459102890491,427861,1.000000,0.117768731071,0
3557,B,1791307459103777339,432671,1.000000,0.117768731071,0
3558,B,1791307459104267443,130287,1.000000,0.117768731071,0
3559,B,1791307459104672438,124853,1.000000,0.117768731071,0
3560,B,1791307459104949614,110150,1.000000,0.117768731071,0
3561,B,1791307459105182181,98267,1.000000,0.117768731071,0
3562,B,1791307459105411198,95835,1.000000,0.117768731071,0
3563,B,1791307459105633435,95873,1.000000,0.117768731071,0
3564,B,1791307459105855612,98010,1.000000,0.117768731071,0
3565,B,1791307459106078389,94798,1.000000,0.117768731071,0
3566,B,1791307459106261887,61556,1.000000,0.117768731071,0
3567,B,1791307459106438324,58184,1.000000,0.117768731071,0
3568,B,1791307459106595792,55751,1.000000,0.117768731071,0
3569,B,1791307459106795970,57780,1.000000,0.117768731071,0
3570,B,1791307459106953207,57117,1.000000,0.117768731071,0
3571,B,1791307459107155315,56476,1.000000,0.117768731071,1
3572,A,1791307459822471925,514638,1.000000,0.043755232479,0
3573,A,1791307459823194166,307760,1.000000,0.043755232479,0
3574,A,1791307459823905186,349074,1.000000,0.043755232479,0
3575,A,1791307459824475659,193110,1.000000,0.043755232479,0
3576,A,1791307459824958472,190579,1.000000,0.043755232479,1
3577,B,1791307462110761971,333666,1.000000,0.117768731071,0
3578,B,1791307462111328713,191075,1.000000,0.117768731071,0
3579,B,1791307462111912806,181131,1.000000,0.117768731071,0
3580,B,1791307462112363350,128257,1.000000,0.117768731071,0
3581,B,1791307462112661856,111560,1.000000,0.117768731071,0
3582,B,1791307462112900772,118151,1.000000,0.117768731071,0
3583,B,1791307462113128179,106323,1.000000,0.117768731071,0
3584,B,1791307462113352156,105905,1.000000,0.117768731071,0
3585,B,1791307462113575823,105677,1.000000,0.117768731071,0
3586,B,1791307462113783401,90280,1.000000,0.117768731071,0
3587,B,1791307462113972278,71012,1.000000,0.117768731071,0
3588,B,1791307462114165736,68404,1.000000,0.117768731071,0
3589,B,1791307462114330033,66455,1.000000,0.117768731071,0
3590,B,1791307462114534481,70448,1.000000,0.117768731071,0
3591,B,1791307462114707228,73379,1.000000,0.117768731071,0
3592,B,1791307462114899956,69081,1.000000,0.117768731071,0
3593,B,1791307462115060044,66533,1.000000,0.117768731071,0
3594,B,1791307462115264351,66525,1.000000,0.117768731071,1
3595,A,1791307462828890695,518079,1.000000,0.043755232479,0
3596,A,1791307462829561426,289377,1.000000,0.043755232479,0
3597,A,1791307462829992160,152793,1.000000,0.043755232479,0
3598,A,1791307462830405515,147952,1.000000,0.043755232479,0
3599,A,1791307462830816819,148680,1.000000,0.043755232479,0
3600,A,1791307462831210144,126259,1.000000,0.043755232479,0
3601,A,1791307462831597779,122629,1.000000,0.043755232479,0
3602,A,1791307462831987674,122348,1.000000,0.043755232479,0
3603,A,1791307462832377079,123257,1.000000,0.043755232479,0
3604,A,1791307462832766184,119797,1.000000,0.043755232479,0
3605,A,1791307462833155748,123455,1.000000,0.043755232479,0
3606,A,1791307462833546283,122625,1.000000,0.043755232479,0
3607,A,1791307462833933748,123054,1.000000,0.043755232479,0
3608,A,1791307462834326883,121533,1.000000,0.043755232479,0
3609,A,1791307462834713388,119813,1.000000,0.043755232479,0
3610,A,1791307462835106603,123202,1.000000,0.043755232479,0
3611,A,1791307462835494207,120461,1.000000,0.043755232479,0
3612,A,1791307462835887652,128640,1.000000,0.043755232479,0
3613,A,1791307462836278307,122040,1.000000,0.043755232479,1
3614,B,1791307465118398746,343651,1.000000,0.117768731071,0
3615,B,1791307465119076017,253065,1.000000,0.117768731071,0
3616,B,1791307465119600540,224690,1.000000,0.117768731071,0
3617,B,1791307465120079643,187395,1.000000,0.117768731071,0
3618,B,1791307465120347600,124603,1.000000,0.117768731071,0
3619,B,1791307465120613306,123271,1.000000,0.117768731071,0
3620,B,1791307465120865033,138469,1.000000,0.117768731071,0
3621,B,1791307465121095220,118057,1.000000,0.117768731071,0
3622,B,1791307465121327687,116185,1.000000,0.117768731071,0
3623,B,1791307465121524404,94203,1.000000,0.117768731071,0
3624,B,1791307465121696122,81331,1.000000,0.117768731071,0
3625,B,1791307465121890969,79459,1.000000,0.117768731071,0
3626,B,1791307465122056667,75878,1.000000,0.117768731071,0
3627,B,1791307465122256884,75005,1.000000,0.117768731071,0
3628,B,1791307465122418772,74193,1.000000,0.117768731071,0
3629,B,1791307465122622949,74161,1.000000,0.117768731071,0
3630,B,1791307465122782937,73500,1.000000,0.117768731071,0
3631,B,1791307465122994954,75568,1.000000,0.117768731071,0
3632,B,1791307465123156392,74347,1.000000,0.117768731071,0
3633,B,1791307465123370340,82645,1.000000,0.117768731071,0
3634,B,1791307465123529617,71533,1.000000,0.117768731071,0
3635,B,1791307465123736125,70562,1.000000,0.117768731071,1
3636,A,1791307465840051383,415473,1.000000,0.043755232479,0
3637,A,1791307465840860242,418586,1.000000,0.043755232479,0
3638,A,1791307465841576343,302810,1.000000,0.043755232479,0
3639,A,1791307465842022327,150340,1.000000,0.043755232479,0
3640,A,1791307465842444981,145820,1.000000,0.043755232479,1
3641,B,1791307468127339124,369959,1.000000,0.117768731071,1
3642,A,1791307468845501678,458778,1.000000,0.043755232479,0
3643,A,1791307468846185799,276854,1.000000,0.043755232479,0
3644,A,1791307468846977338,426422,1.000000,0.043755232479,0
3645,A,1791307468847467512,151493,1.000000,0.043755232479,0
3646,A,1791307468847886656,145459,1.000000,0.043755232479,0
3647,A,1791307468848283891,124377,1.000000,0.043755232479,0
3648,A,1791307468848674576,120195,1.000000,0.043755232479,0
3649,A,1791307468849076631,122923,1.000000,0.043755232479,0
3650,A,1791307468849465955,119240,1.000000,0.043755232479,0
3651,A,1791307468849854200,118858,1.000000,0.043755232479,0
3652,A,1791307468850247015,122837,1.000000,0.043755232479,0
3653,A,1791307468850636210,119135,1.000000,0.043755232479,0
3654,A,1791307468851025105,119363,1.000000,0.043755232479,0
3655,A,1791307468851435439,126210,1.000000,0.043755232479,0
3656,A,1791307468851826094,118848,1.000000,0.043755232479,0
3657,A,1791307468852217239,118666,1.000000,0.043755232479,0
3658,A,1791307468852608493,118763,1.000000,0.043755232479,0
3659,A,1791307468852996518,118452,1.000000,0.043755232479,0
3660,A,1791307468853385363,117250,1.000000,0.043755232479,0
3661,A,1791307468853771288,118548,1.000000,0.043755232479,0
3662,A,1791307468854164683,120856,1.000000,0.043755232479,1
3663,B,1791307471131282988,431393,1.000000,0.117768731071,0
3664,B,1791307471132002408,406616,1.000000,0.117768731071,0
3665,B,1791307471132566311,284130,1.000000,0.117768731071,0
3666,B,1791307471132978135,143856,1.000000,0.117768731071,0
3667,B,1791307471133226132,104874,1.000000,0.117768731071,0
3668,B,1791307471133454499,111262,1.000000,0.117768731071,0
3669,B,1791307471133660296,90470,1.000000,0.117768731071,0
3670,B,1791307471133861214,88079,1.000000,0.117768731071,0
3671,B,1791307471134066351,89797,1.000000,0.117768731071,0
3672,B,1791307471134266058,88024,1.000000,0.117768731071,0
3673,B,1791307471134460636,74073,1.000000,0.117768731071,0
3674,B,1791307471134627323,71191,1.000000,0.117768731071,0
3675,B,1791307471134787061,72259,1.000000,0.117768731071,1
3676,A,1791307471858027797,498423,1.000000,0.043755232479,0
3677,A,1791307471858942975,474714,1.000000,0.043755232479,0
3678,A,1791307471859600056,288679,1.000000,0.043755232479,0
3679,A,1791307471860042610,155759,1.000000,0.043755232479,0
3680,A,1791307471860474324,154500,1.000000,0.043755232479,0
3681,A,1791307471860880149,130781,1.000000,0.043755232479,0
3682,A,1791307471861289504,130263,1.000000,0.043755232479,1
3683,B,1791307474138561485,471324,1.000000,0.117768731071,1
3684,A,1791307474865019019,367861,1.000000,0.043755232479,0
3685,A,1791307474865695430,321989,1.000000,0.043755232479,0
3686,A,1791307474866226963,233450,1.000000,0.043755232479,0
3687,A,1791307474866696976,189873,1.000000,0.043755232479,0
3688,A,1791307474867129371,169809,1.000000,0.043755232479,0
3689,A,1791307474867561965,168235,1.000000,0.043755232479,0
3690,A,1791307474867993939,168251,1.000000,0.043755232479,0
3691,A,1791307474868422054,165338,1.000000,0.043755232479,0
3692,A,1791307474868873188,190684,1.000000,0.043755232479,0
3693,A,1791307474869317692,169269,1.000000,0.043755232479,1
3694,B,1791307477142333832,239117,1.000000,0.117768731071,0
3695,B,1791307477143015683,294878,1.000000,0.117768731071,0
3696,B,1791307477143639115,268581,1.000000,0.117768731071,0
3697,B,1791307477144077009,154255,1.000000,0.117768731071,0
3698,B,1791307477144325776,119272,1.000000,0.117768731071,0
3699,B,1791307477144529383,96398,1.000000,0.117768731071,0
3700,B,1791307477144724650,94395,1.000000,0.117768731071,0
3701,B,1791307477144918958,94233,1.000000,0.117768731071,0
3702,B,1791307477145110435,94370,1.000000,0.117768731071,0
3703,B,1791307477145292823,78228,1.000000,0.117768731071,0
3704,B,1791307477145478390,76325,1.000000,0.117768731071,0
3705,B,1791307477145645178,77183,1.000000,0.117768731071,0
3706,B,1791307477145794606,75621,1.000000,0.117768731071,0
3707,B,1791307477146004763,79348,1.000000,0.117768731071,0
3708,B,1791307477146157381,75467,1.000000,0.117768731071,0
3709,B,1791307477146359359,75395,1.000000,0.117768731071,0
3710,B,1791307477146512537,76873,1.000000,0.117768731071,0
3711,B,1791307477146718504,76420,1.000000,0.117768731071,0
3712,B,1791307477146870192,75948,1.000000,0.117768731071,0
3713,B,1791307477147077549,76535,1.000000,0.117768731071,0
3714,B,1791307477147233767,79213,1.000000,0.117768731071,0
3715,B,1791307477147439334,74769,1.000000,0.117768731071,0
3716,B,1791307477147594912,77857,1.000000,0.117768731071,0
3717,B,1791307477147804880,76415,1.000000,0.117768731071,1
3718,A,1791307477873203168,525453,1.000000,0.043755232479,0
3719,A,1791307477874029427,417345,1.000000,0.043755232479,0
3720,A,1791307477874694218,322990,1.000000,0.043755232479,0
3721,A,1791307477875300090,313977,1.000000,0.043755232479,0
3722,A,1791307477875895902,307704,1.000000,0.043755232479,0
3723,A,1791307477876354656,175223,1.000000,0.043755232479,0
3724,A,1791307477876792361,172294,1.000000,0.043755232479,0
3725,A,1791307477877241725,169545,1.000000,0.043755232479,0
3726,A,1791307477877678879,168545,1.000000,0.043755232479,0
3727,A,1791307477878121903,168956,1.000000,0.043755232479,0
3728,A,1791307477878564567,168006,1.000000,0.043755232479,0
3729,A,1791307477878967062,140168,1.000000,0.043755232479,0
3730,A,1791307477879355987,130089,1.000000,0.043755232479,0
3731,A,1791307477879745012,128941,1.000000,0.043755232479,0
3732,A,1791307477880130656,131532,1.000000,0.043755232479,0
3733,A,1791307477880516361,128204,1.000000,0.043755232479,0
3734,A,1791307477880906256,134446,1.000000,0.043755232479,0
3735,A,1791307477881291391,129348,1.000000,0.043755232479,0
3736,A,1791307477881676596,127729,1.000000,0.043755232479,0
3737,A,1791307477882060161,129231,1.000000,0.043755232479,0
3738,A,1791307477882442826,127483,1.000000,0.043755232479,0
3739,A,1791307477882823681,126855,1.000000,0.043755232479,0
3740,A,1791307477883205346,128127,1.000000,0.043755232479,0
3741,A,1791307477883587111,126489,1.000000,0.043755232479,0
3742,A,1791307477883982305,135950,1.000000,0.043755232479,0
3743,A,1791307477884368580,128612,1.000000,0.043755232479,0
3744,A,1791307477884751135,126794,1.000000,0.043755232479,0
3745,A,1791307477885136610,131085,1.000000,0.043755232479,0
3746,A,1791307477885519315,126547,1.000000,0.043755232479,0
3747,A,1791307477885904950,127009,1.000000,0.043755232479,0
3748,A,1791307477886292005,131641,1.000000,0.043755232479,0
3749,A,1791307477886674090,128083,1.000000,0.043755232479,0
3750,A,1791307477887057435,129645,1.000000,0.043755232479,0
3751,A,1791307477887438590,127257,1.000000,0.043755232479,0
3752,A,1791307477887817065,125149,1.000000,0.043755232479,0
3753,A,1791307477888200410,128711,1.000000,0.043755232479,0
3754,A,1791307477888584705,128882,1.000000,0.043755232479,0
3755,A,1791307477888974219,135273,1.000000,0.043755232479,0
3756,A,1791307477889364504,130065,1.000000,0.043755232479,0
3757,A,1791307477889748819,128167,1.000000,0.043755232479,0
3758,A,1791307477890141924,137759,1.000000,0.043755232479,0
3759,A,1791307477890523619,126781,1.000000,0.043755232479,0
3760,A,1791307477890904114,126543,1.000000,0.043755232479,0
3761,A,1791307477891290369,127855,1.000000,0.043755232479,0
3762,A,1791307477891670664,126586,1.000000,0.043755232479,0
3763,A,1791307477892053469,126788,1.000000,0.043755232479,0
3764,A,1791307477892437134,128060,1.000000,0.043755232479,0
3765,A,1791307477892820549,129222,1.000000,0.043755232479,0
3766,A,1791307477893204363,130243,1.000000,0.043755232479,0
3767,A,1791307477893587278,128945,1.000000,0.043755232479,0
3768,A,1791307477893974763,132427,1.000000,0.043755232479,0
3769,A,1791307477894357938,128779,1.000000,0.043755232479,0
3770,A,1791307477894740033,127261,1.000000,0.043755232479,0
3771,A,1791307477895123448,129212,1.000000,0.043755232479,0
3772,A,1791307477895508723,128674,1.000000,0.043755232479,0
3773,A,1791307477895890178,127406,1.000000,0.043755232479,0
3774,A,1791307477896271742,127497,1.000000,0.043755232479,0
3775,A,1791307477896654507,127879,1.000000,0.043755232479,0
3776,A,1791307477897039092,128711,1.000000,0.043755232479,0
3777,A,1791307477897422347,127653,1.000000,0.043755232479,0
3778,A,1791307477897803632,126945,1.000000,0.043755232479,0
3779,A,1791307477898186537,126957,1.000000,0.043755232479,0
3780,A,1791307477898570182,128659,1.000000,0.043755232479,0
3781,A,1791307477898964007,138730,1.000000,0.043755232479,0
3782,A,1791307477899350922,131332,1.000000,0.043755232479,0
3783,A,1791307477899732137,128184,1.000000,0.043755232479,0
3784,A,1791307477900113722,128026,1.000000,0.043755232479,0
3785,A,1791307477900500076,129257,1.000000,0.043755232479,0
3786,A,1791307477900886401,129969,1.000000,0.043755232479,0
3787,A,1791307477901268086,127071,1.000000,0.043755232479,0
3788,A,1791307477901650191,127843,1.000000,0.043755232479,0
3789,A,1791307477902032776,128604,1.000000,0.043755232479,0
3790,A,1791307477902415941,125736,1.000000,0.043755232479,0
3791,A,1791307477902795476,127288,1.000000,0.043755232479,1
3792,B,1791307480151291751,227822,1.000000,0.117768731071,0
3793,B,1791307480151767015,138819,1.000000,0.117768731071,0
3794,B,1791307480152172100,136293,1.000000,0.117768731071,0
3795,B,1791307480152564484,117246,1.000000,0.117768731071,0
3796,B,1791307480152805121,116988,1.000000,0.117768731071,0
3797,B,1791307480153021178,95800,1.000000,0.117768731071,0
3798,B,1791307480153229696,91133,1.000000,0.117768731071,0
3799,B,1791307480153432143,89444,1.000000,0.117768731071,1
3800,A,1791307480906669994,516911,1.000000,0.043755232479,0
3801,A,1791307480907522593,442159,1.000000,0.043755232479,0
3802,A,1791307480908239533,318600,1.000000,0.043755232479,0
3803,A,1791307480908842975,306188,1.000000,0.043755232479,0
3804,A,1791307480909446847,304746,1.000000,0.043755232479,0
3805,A,1791307480909916211,179276,1.000000,0.043755232479,1
3806,B,1791307483156988905,267269,1.000000,0.117768731071,0
3807,B,1791307483157659896,261467,1.000000,0.117768731071,0
3808,B,1791307483158229548,212447,1.000000,0.117768731071,0
3809,B,1791307483158643083,112668,1.000000,0.117768731071,0
3810,B,1791307483158886570,104058,1.000000,0.117768731071,0
3811,B,1791307483159105587,106788,1.000000,0.117768731071,0
3812,B,1791307483159315284,97917,1.000000,0.117768731071,0
3813,B,1791307483159523021,100087,1.000000,0.117768731071,0
3814,B,1791307483159719729,92627,1.000000,0.117768731071,1
3815,A,1791307483913819810,486193,1.000000,0.043755232479,0
3816,A,1791307483914678348,423959,1.000000,0.043755232479,0
3817,A,1791307483915379259,292169,1.000000,0.043755232479,0
3818,A,1791307483915964881,277953,1.000000,0.043755232479,0
3819,A,1791307483916550953,278807,1.000000,0.043755232479,0
3820,A,1791307483917003847,148463,1.000000,0.043755232479,0
3821,A,1791307483917431862,140723,1.000000,0.043755232479,0
3822,A,1791307483917851026,135271,1.000000,0.043755232479,0
3823,A,1791307483918275571,135750,1.000000,0.043755232479,0
3824,A,1791307483918673855,112969,1.000000,0.043755232479,0
3825,A,1791307483919067800,112958,1.000000,0.043755232479,0
3826,A,1791307483919456365,109228,1.000000,0.043755232479,0
3827,A,1791307483919840510,108358,1.000000,0.043755232479,0
3828,A,1791307483920224445,108768,1.000000,0.043755232479,0
3829,A,1791307483920611910,108118,1.000000,0.043755232479,0
3830,A,1791307483920996505,109288,1.000000,0.043755232479,0
3831,A,1791307483921379440,107057,1.000000,0.043755232479,0
3832,A,1791307483921763354,108476,1.000000,0.043755232479,0
3833,A,1791307483922142829,105766,1.000000,0.043755232479,0
3834,A,1791307483922532834,114796,1.000000,0.043755232479,0
3835,A,1791307483922916399,106626,1.000000,0.043755232479,0
3836,A,1791307483923299104,106826,1.000000,0.043755232479,0
3837,A,1791307483923682789,108956,1.000000,0.043755232479,0
3838,A,1791307483924070704,107746,1.000000,0.043755232479,0
3839,A,1791307483924454099,107115,1.000000,0.043755232479,0
3840,A,1791307483924837274,107955,1.000000,0.043755232479,0
3841,A,1791307483925221599,106855,1.000000,0.043755232479,0
3842,A,1791307483925605024,106145,1.000000,0.043755232479,0
3843,A,1791307483925992348,111964,1.000000,0.043755232479,0
3844,A,1791307483926373973,106664,1.000000,0.043755232479,0
3845,A,1791307483926752738,105944,1.000000,0.043755232479,0
3846,A,1791307483927131143,106514,1.000000,0.043755232479,0
3847,A,1791307483927512178,107054,1.000000,0.043755232479,0
3848,A,1791307483927890823,105874,1.000000,0.043755232479,0
3849,A,1791307483928277208,108783,1.000000,0.043755232479,0
3850,A,1791307483928666683,113783,1.000000,0.043755232479,0
3851,A,1791307483929063898,109733,1.000000,0.043755232479,0
3852,A,1791307483929447153,107263,1.000000,0.043755232479,0
3853,A,1791307483929831638,109303,1.000000,0.043755232479,0
3854,A,1791307483930210323,106643,1.000000,0.043755232479,0
3855,A,1791307483930592217,107351,1.000000,0.043755232479,0
3856,A,1791307483930970962,104501,1.000000,0.043755232479,0
3857,A,1791307483931358007,108361,1.000000,0.043755232479,0
3858,A,1791307483931738672,104721,1.000000,0.043755232479,0
3859,A,1791307483932120557,108151,1.000000,0.043755232479,0
3860,A,1791307483932502532,106791,1.000000,0.043755232479,0
3861,A,1791307483932885117,107491,1.000000,0.043755232479,0
3862,A,1791307483933273302,113781,1.000000,0.043755232479,0
3863,A,1791307483933656917,106821,1.000000,0.043755232479,0
3864,A,1791307483934038012,106760,1.000000,0.043755232479,0
3865,A,1791307483934424826,107679,1.000000,0.043755232479,0
3866,A,1791307483934804671,106069,1.000000,0.043755232479,0
3867,A,1791307483935188546,108479,1.000000,0.043755232479,0
3868,A,1791307483935570711,107139,1.000000,0.043755232479,0
3869,A,1791307483935954996,109039,1.000000,0.043755232479,0
3870,A,1791307483936343611,107839,1.000000,0.043755232479,0
3871,A,1791307483936730936,105798,1.000000,0.043755232479,0
3872,A,1791307483937116091,108798,1.000000,0.043755232479,0
3873,A,1791307483937504086,108608,1.000000,0.043755232479,0
3874,A,1791307483937883961,106538,1.000000,0.043755232479,0
3875,A,1791307483938268716,111508,1.000000,0.043755232479,0
3876,A,1791307483938649611,106208,1.000000,0.043755232479,0
3877,A,1791307483939027266,105688,1.000000,0.043755232479,0
3878,A,1791307483939409580,107237,1.000000,0.043755232479,0
3879,A,1791307483939792805,107517,1.000000,0.043755232479,0
3880,A,1791307483940176430,107687,1.000000,0.043755232479,0
3881,A,1791307483940557925,105676,1.000000,0.043755232479,0
3882,A,1791307483940938060,106496,1.000000,0.043755232479,0
3883,A,1791307483941326195,111246,1.000000,0.043755232479,0
3884,A,1791307483941712130,107266,1.000000,0.043755232479,0
3885,A,1791307483942095605,108946,1.000000,0.043755232479,0
3886,A,1791307483942480790,106196,1.000000,0.043755232479,0
3887,A,1791307483942862015,106246,1.000000,0.043755232479,0
3888,A,1791307483943240910,105586,1.000000,0.043755232479,0
3889,A,1791307483943624025,106375,1.000000,0.043755232479,0
3890,A,1791307483944009820,113015,1.000000,0.043755232479,0
3891,A,1791307483944394974,108394,1.000000,0.043755232479,0
3892,A,1791307483944775439,105824,1.000000,0.043755232479,0
3893,A,1791307483945159824,107204,1.000000,0.043755232479,0
3894,A,1791307483945540109,107074,1.000000,0.043755232479,0
3895,A,1791307483945917684,106044,1.000000,0.043755232479,0
3896,A,1791307483946294709,106344,1.000000,0.043755232479,0
3897,A,1791307483946674564,108964,1.000000,0.043755232479,0
3898,A,1791307483947060469,115264,1.000000,0.043755232479,0
3899,A,1791307483947444854,108923,1.000000,0.043755232479,0
3900,A,1791307483947824589,107723,1.000000,0.043755232479,0
3901,A,1791307483948205764,110923,1.000000,0.043755232479,0
3902,A,1791307483948581869,106913,1.000000,0.043755232479,1
3903,B,1791307486162644871,539989,1.000000,0.117768731071,0
3904,B,1791307486163322472,328917,1.000000,0.117768731071,0
3905,B,1791307486164066042,380679,1.000000,0.117768731071,0
3906,B,1791307486164675524,287515,1.000000,0.117768731071,0
3907,B,1791307486165105639,278038,1.000000,0.117768731071,0
3908,B,1791307486165400125,159362,1.000000,0.117768731071,0
3909,B,1791307486165691531,159884,1.000000,0.117768731071,0
3910,B,1791307486165952507,153025,1.000000,0.117768731071,0
3911,B,1791307486166210424,153227,1.000000,0.117768731071,0
3912,B,1791307486166460071,150608,1.000000,0.117768731071,0
3913,B,1791307486166693318,132010,1.000000,0.117768731071,1
3914,A,1791307486952465516,471841,1.000000,0.043755232479,0
3915,A,1791307486953293695,381270,1.000000,0.043755232479,0
3916,A,1791307486954043375,344833,1.000000,0.043755232479,0
3917,A,1791307486954633757,267501,1.000000,0.043755232479,0
3918,A,1791307486955215099,267150,1.000000,0.043755232479,0
3919,A,1791307486955672593,145362,1.000000,0.043755232479,0
3920,A,1791307486956100047,127066,1.000000,0.043755232479,0
3921,A,1791307486956521312,125392,1.000000,0.043755232479,0
3922,A,1791307486956943736,125817,1.000000,0.043755232479,0
3923,A,1791307486957368421,128383,1.000000,0.043755232479,0
3924,A,1791307486957786655,123818,1.000000,0.043755232479,0
3925,A,1791307486958196890,115724,1.000000,0.043755232479,0
3926,A,1791307486958608204,103009,1.000000,0.043755232479,0
3927,A,1791307486959003639,105235,1.000000,0.043755232479,0
3928,A,1791307486959393114,101062,1.000000,0.043755232479,0
3929,A,1791307486959775759,97648,1.000000,0.043755232479,0
3930,A,1791307486960160394,97405,1.000000,0.043755232479,0
3931,A,1791307486960557198,98410,1.000000,0.043755232479,0
3932,A,1791307486960939373,97517,1.000000,0.043755232479,0
3933,A,1791307486961326738,97394,1.000000,0.043755232479,0
3934,A,1791307486961707843,96150,1.000000,0.043755232479,0
3935,A,1791307486962090298,97317,1.000000,0.043755232479,0
3936,A,1791307486962473133,97294,1.000000,0.043755232479,0
3937,A,1791307486962859708,100751,1.000000,0.043755232479,0
3938,A,1791307486963242133,97647,1.000000,0.043755232479,0
3939,A,1791307486963629757,100503,1.000000,0.043755232479,0
3940,A,1791307486964015922,100190,1.000000,0.043755232479,0
3941,A,1791307486964403217,98756,1.000000,0.043755232479,0
3942,A,1791307486964786922,97593,1.000000,0.043755232479,0
3943,A,1791307486965174457,99290,1.000000,0.043755232479,0
3944,A,1791307486965562802,99636,1.000000,0.043755232479,0
3945,A,1791307486965946057,96533,1.000000,0.043755232479,0
3946,A,1791307486966330932,97480,1.000000,0.043755232479,0
3947,A,1791307486966719256,98005,1.000000,0.043755232479,0
3948,A,1791307486967106211,98062,1.000000,0.043755232479,0
3949,A,1791307486967493096,96769,1.000000,0.043755232479,0
3950,A,1791307486967876571,97245,1.000000,0.043755232479,0
3951,A,1791307486968258266,96932,1.000000,0.043755232479,0
3952,A,1791307486968639961,95959,1.000000,0.043755232479,0
3953,A,1791307486969025736,100086,1.000000,0.043755232479,0
3954,A,1791307486969410141,97602,1.000000,0.043755232479,0
3955,A,1791307486969799796,99739,1.000000,0.043755232479,0
3956,A,1791307486970183501,97746,1.000000,0.043755232479,0
3957,A,1791307486970567396,94582,1.000000,0.043755232479,0
3958,A,1791307486970950920,97008,1.000000,0.043755232479,0
3959,A,1791307486971334895,97255,1.000000,0.043755232479,0
3960,A,1791307486971724910,98511,1.000000,0.043755232479,0
3961,A,1791307486972118355,99978,1.000000,0.043755232479,1
3962,B,1791307489170318644,456929,1.000000,0.117768731071,0
3963,B,1791307489170951575,411758,1.000000,0.117768731071,1
3964,A,1791307489975957399,454875,1.000000,0.043755232479,0
3965,A,1791307489976675240,284812,1.000000,0.043755232479,0
3966,A,1791307489977313541,283399,1.000000,0.043755232479,0
3967,A,1791307489977901364,263039,1.000000,0.043755232479,0
3968,A,1791307489978494476,275918,1.000000,0.043755232479,0
3969,A,1791307489978930830,130929,1.000000,0.043755232479,0
3970,A,1791307489979361464,125100,1.000000,0.043755232479,0
3971,A,1791307489979782209,120173,1.000000,0.043755232479,0
3972,A,1791307489980200113,120995,1.000000,0.043755232479,0
3973,A,1791307489980618918,120798,1.000000,0.043755232479,0
3974,A,1791307489981047262,131279,1.000000,0.043755232479,0
3975,A,1791307489981446057,99422,1.000000,0.043755232479,0
3976,A,1791307489981831692,93185,1.000000,0.043755232479,0
3977,A,1791307489982218096,95737,1.000000,0.043755232479,0
3978,A,1791307489982605681,95580,1.000000,0.043755232479,0
3979,A,1791307489982995896,100983,1.000000,0.043755232479,0
3980,A,1791307489983381821,94896,1.000000,0.043755232479,0
3981,A,1791307489983763696,92729,1.000000,0.043755232479,0
3982,A,1791307489984149101,95022,1.000000,0.043755232479,0
3983,A,1791307489984533926,93945,1.000000,0.043755232479,1
3984,B,1791307492174708524,376530,1.000000,0.117768731071,0
3985,B,1791307492175333225,228173,1.000000,0.117768731071,0
3986,B,1791307492175911548,262864,1.000000,0.117768731071,0
3987,B,1791307492176238754,132786,1.000000,0.117768731071,0
3988,B,1791307492176543799,129516,1.000000,0.117768731071,0
3989,B,1791307492176857175,138587,1.000000,0.117768731071,0
3990,B,1791307492177137932,127739,1.000000,0.117768731071,1
3991,A,1791307492988402812,428414,1.000000,0.043755232479,0
3992,A,1791307492989119813,270178,1.000000,0.043755232479,0
3993,A,1791307492989921552,407614,1.000000,0.043755232479,0
3994,A,1791307492990557394,269060,1.000000,0.043755232479,0
3995,A,1791307492991140266,263161,1.000000,0.043755232479,0
3996,A,1791307492991587960,127163,1.000000,0.043755232479,0
3997,A,1791307492992010824,122319,1.000000,0.043755232479,0
3998,A,1791307492992438089,122845,1.000000,0.043755232479,0
3999,A,1791307492992862813,125231,1.000000,0.043755232479,0
4000,A,1791307492993287057,123776,1.000000,0.043755232479,0
4001,A,1791307492993688622,98983,1.000000,0.043755232479,0
4002,A,1791307492994076867,96420,1.000000,0.043755232479,0
4003,A,1791307492994465592,95047,1.000000,0.043755232479,0
4004,A,1791307492994850977,94965,1.000000,0.043755232479,0
4005,A,1791307492995235552,93492,1.000000,0.043755232479,0
4006,A,1791307492995619747,93700,1.000000,0.043755232479,0
4007,A,1791307492996004212,92897,1.000000,0.043755232479,0
4008,A,1791307492996391486,96053,1.000000,0.043755232479,0
4009,A,1791307492996772041,92561,1.000000,0.043755232479,0
4010,A,1791307492997156716,94298,1.000000,0.043755232479,0
4011,A,1791307492997552341,94725,1.000000,0.043755232479,1
4012,B,1791307495180864374,414305,1.000000,0.117768731071,0
4013,B,1791307495181785442,456096,1.000000,0.117768731071,1
4014,A,1791307496001412550,459565,1.000000,0.043755232479,0
4015,A,1791307496002235039,381518,1.000000,0.043755232479,0
4016,A,1791307496002994069,347952,1.000000,0.043755232479,0
4017,A,1791307496003581971,262210,1.000000,0.043755232479,0
4018,A,1791307496004164713,262087,1.000000,0.043755232479,0
4019,A,1791307496004625327,141277,1.000000,0.043755232479,0
4020,A,1791307496005071191,140348,1.000000,0.043755232479,0
4021,A,1791307496005509496,122210,1.000000,0.043755232479,0
4022,A,1791307496005932970,121811,1.000000,0.043755232479,0
4023,A,1791307496006356374,121402,1.000000,0.043755232479,0
4024,A,1791307496006775739,119234,1.000000,0.043755232479,0
4025,A,1791307496007172453,97375,1.000000,0.043755232479,0
4026,A,1791307496007565128,93757,1.000000,0.043755232479,0
4027,A,1791307496007952173,93209,1.000000,0.043755232479,0
4028,A,1791307496008334728,92571,1.000000,0.043755232479,0
4029,A,1791307496008719343,93084,1.000000,0.043755232479,0
4030,A,1791307496009103398,92856,1.000000,0.043755232479,0
4031,A,1791307496009487803,92038,1.000000,0.043755232479,0
4032,A,1791307496009868548,90950,1.000000,0.043755232479,0
4033,A,1791307496010259592,92382,1.000000,0.043755232479,0
4034,A,1791307496010645287,92004,1.000000,0.043755232479,0
4035,A,1791307496011027592,91196,1.000000,0.043755232479,0
4036,A,1791307496011413007,92118,1.000000,0.043755232479,0
4037,A,1791307496011799342,95291,1.000000,0.043755232479,0
4038,A,1791307496012189697,100893,1.000000,0.043755232479,0
4039,A,1791307496012575752,93525,1.000000,0.043755232479,0
4040,A,1791307496012961607,92837,1.000000,0.043755232479,0
4041,A,1791307496013346032,93189,1.000000,0.043755232479,0
4042,A,1791307496013731796,90661,1.000000,0.043755232479,0
4043,A,1791307496014114731,91943,1.000000,0.043755232479,0
4044,A,1791307496014496096,90705,1.000000,0.043755232479,0
4045,A,1791307496014878331,90948,1.000000,0.043755232479,0
4046,A,1791307496015258216,90740,1.000000,0.043755232479,0
4047,A,1791307496015641321,92552,1.000000,0.043755232479,0
4048,A,1791307496016022896,91324,1.000000,0.043755232479,0
4049,A,1791307496016409261,93957,1.000000,0.043755232479,0
4050,A,1791307496016805466,100839,1.000000,0.043755232479,0
4051,A,1791307496017192721,94341,1.000000,0.043755232479,0
4052,A,1791307496017575896,91283,1.000000,0.043755232479,0
4053,A,1791307496017957631,91136,1.000000,0.043755232479,0
4054,A,1791307496018341255,93137,1.000000,0.043755232479,0
4055,A,1791307496018725880,91649,1.000000,0.043755232479,0
4056,A,1791307496019119905,92391,1.000000,0.043755232479,0
4057,A,1791307496019503020,91814,1.000000,0.043755232479,0
4058,A,1791307496019885575,90236,1.000000,0.043755232479,0
4059,A,1791307496020267200,92518,1.000000,0.043755232479,0
4060,A,1791307496020649245,90441,1.000000,0.043755232479,0
4061,A,1791307496021043490,92853,1.000000,0.043755232479,0
4062,A,1791307496021435314,92994,1.000000,0.043755232479,0
4063,A,1791307496021814639,89616,1.000000,0.043755232479,0
4064,A,1791307496022197924,92439,1.000000,0.043755232479,0
4065,A,1791307496022583769,91921,1.000000,0.043755232479,0
4066,A,1791307496022972894,91433,1.000000,0.043755232479,0
4067,A,1791307496023358209,97325,1.000000,0.043755232479,0
4068,A,1791307496023741554,91898,1.000000,0.043755232479,0
4069,A,1791307496024123499,90840,1.000000,0.043755232479,0
4070,A,1791307496024517434,100282,1.000000,0.043755232479,0
4071,A,1791307496024902849,93184,1.000000,0.043755232479,0
4072,A,1791307496025287514,93397,1.000000,0.043755232479,0
4073,A,1791307496025670358,90968,1.000000,0.043755232479,0
4074,A,1791307496026060843,97460,1.000000,0.043755232479,0
4075,A,1791307496026448668,93252,1.000000,0.043755232479,0
4076,A,1791307496026831863,91404,1.000000,0.043755232479,0
4077,A,1791307496027213398,91027,1.000000,0.043755232479,0
4078,A,1791307496027599203,92679,1.000000,0.043755232479,0
4079,A,1791307496027979108,91381,1.000000,0.043755232479,0
4080,A,1791307496028367053,97834,1.000000,0.043755232479,0
4081,A,1791307496028749928,91276,1.000000,0.043755232479,0
4082,A,1791307496029134733,93668,1.000000,0.043755232479,0
4083,A,1791307496029519898,93240,1.000000,0.043755232479,0
4084,A,1791307496029901502,89692,1.000000,0.043755232479,0
4085,A,1791307496030282747,90714,1.000000,0.043755232479,0
4086,A,1791307496030673092,96486,1.000000,0.043755232479,0
4087,A,1791307496031062917,97968,1.000000,0.043755232479,0
4088,A,1791307496031448212,92530,1.000000,0.043755232479,0
4089,A,1791307496031830997,90753,1.000000,0.043755232479,0
4090,A,1791307496032218172,95405,1.000000,0.043755232479,0
4091,A,1791307496032602267,90897,1.000000,0.043755232479,0
4092,A,1791307496032985102,90859,1.000000,0.043755232479,0
4093,A,1791307496033370796,92171,1.000000,0.043755232479,0
4094,A,1791307496033753261,91663,1.000000,0.043755232479,0
4095,A,1791307496034136236,92235,1.000000,0.043755232479,0
4096,A,1791307496034519801,92008,1.000000,0.043755232479,0
4097,A,1791307496034902446,89330,1.000000,0.043755232479,0
4098,A,1791307496035289461,91522,1.000000,0.043755232479,0
4099,A,1791307496035673616,92495,1.000000,0.043755232479,0
4100,A,1791307496036063051,95537,1.000000,0.043755232479,0
4101,A,1791307496036448065,92018,1.000000,0.043755232479,0
4102,A,1791307496036841520,103120,1.000000,0.043755232479,0
4103,A,1791307496037230645,97233,1.000000,0.043755232479,0
4104,A,1791307496037615740,92675,1.000000,0.043755232479,0
4105,A,1791307496037999945,91037,1.000000,0.043755232479,0
4106,A,1791307496038397450,94579,1.000000,0.043755232479,0
4107,A,1791307496038781544,91840,1.000000,0.043755232479,0
4108,A,1791307496039162779,91073,1.000000,0.043755232479,0
4109,A,1791307496039549314,92345,1.000000,0.043755232479,0
4110,A,1791307496039937709,91907,1.000000,0.043755232479,0
4111,A,1791307496040322064,92439,1.000000,0.043755232479,0
4112,A,1791307496040710129,92712,1.000000,0.043755232479,0
4113,A,1791307496041097964,93474,1.000000,0.043755232479,0
4114,A,1791307496041482379,92776,1.000000,0.043755232479,0
4115,A,1791307496041864004,92288,1.000000,0.043755232479,0
4116,A,1791307496042244599,91971,1.000000,0.043755232479,0
4117,A,1791307496042630264,91603,1.000000,0.043755232479,0
4118,A,1791307496043014798,93654,1.000000,0.043755232479,1
4119,B,1791307498185751107,423831,1.000000,0.117768731071,0
4120,B,1791307498186653765,453449,1.000000,0.117768731071,0
4121,B,1791307498187327306,266740,1.000000,0.117768731071,0
4122,B,1791307498187900029,264307,1.000000,0.117768731071,0
4123,B,1791307498188337683,250692,1.000000,0.117768731071,0
4124,B,1791307498188769957,247775,1.000000,0.117768731071,0
4125,B,1791307498189049673,128810,1.000000,0.117768731071,0
4126,B,1791307498189330610,127724,1.000000,0.117768731071,0
4127,B,1791307498189605646,125317,1.000000,0.117768731071,1
4128,A,1791307499046882545,470325,1.000000,0.043755232479,0
4129,A,1791307499047674175,350757,1.000000,0.043755232479,0
4130,A,1791307499048401275,336432,1.000000,0.043755232479,0
4131,A,1791307499049016567,268120,1.000000,0.043755232479,0
4132,A,1791307499049601229,266311,1.000000,0.043755232479,0
4133,A,1791307499050034864,130404,1.000000,0.043755232479,0
4134,A,1791307499050463828,129080,1.000000,0.043755232479,0
4135,A,1791307499050890872,125505,1.000000,0.043755232479,0
4136,A,1791307499051317897,126842,1.000000,0.043755232479,0
4137,A,1791307499051719081,102267,1.000000,0.043755232479,0
4138,A,1791307499052112626,102284,1.000000,0.043755232479,0
4139,A,1791307499052506171,98881,1.000000,0.043755232479,0
4140,A,1791307499052895826,99078,1.000000,0.043755232479,0
4141,A,1791307499053284191,98736,1.000000,0.043755232479,0
4142,A,1791307499053669635,96172,1.000000,0.043755232479,0
4143,A,1791307499054053600,95779,1.000000,0.043755232479,0
4144,A,1791307499054450495,97306,1.000000,0.043755232479,0
4145,A,1791307499054834320,96453,1.000000,0.043755232479,0
4146,A,1791307499055217655,97161,1.000000,0.043755232479,0
4147,A,1791307499055599070,95688,1.000000,0.043755232479,0
4148,A,1791307499055984135,94975,1.000000,0.043755232479,1
4149,B,1791307501193225019,308053,1.000000,0.117768731071,0
4150,B,1791307501194043528,359973,1.000000,0.117768731071,0
4151,B,1791307501194659120,253275,1.000000,0.117768731071,0
4152,B,1791307501195219602,236107,1.000000,0.117768731071,0
4153,B,1791307501195658586,229061,1.000000,0.117768731071,0
4154,B,1791307501195986672,118268,1.000000,0.117768731071,0
4155,B,1791307501196262378,108794,1.000000,0.117768731071,0
4156,B,1791307501196532915,105751,1.000000,0.117768731071,0
4157,B,1791307501196792751,104308,1.000000,0.117768731071,0
4158,B,1791307501197011378,63385,1.000000,0.117768731071,0
4159,B,1791307501197194046,47543,1.000000,0.117768731071,0
4160,B,1791307501197357274,42501,1.000000,0.117768731071,0
4161,B,1791307501197519582,42099,1.000000,0.117768731071,0
4162,B,1791307501197685700,41527,1.000000,0.117768731071,0
4163,B,1791307501197848587,44174,1.000000,0.117768731071,0
4164,B,1791307501198018375,40792,1.000000,0.117768731071,0
4165,B,1791307501198178403,41660,1.000000,0.117768731071,0
4166,B,1791307501198337171,40308,1.000000,0.117768731071,0
4167,B,1791307501198495319,40106,1.000000,0.117768731071,0
4168,B,1791307501198660187,48444,1.000000,0.117768731071,0
4169,B,1791307501198822954,40992,1.000000,0.117768731071,0
4170,B,1791307501198982292,41350,1.000000,0.117768731071,0
4171,B,1791307501199141540,40808,1.000000,0.117768731071,0
4172,B,1791307501199302438,42956,1.000000,0.117768731071,0
4173,B,1791307501199460746,40534,1.000000,0.117768731071,0
4174,B,1791307501199616594,38702,1.000000,0.117768731071,0
4175,B,1791307501199777012,41341,1.000000,0.117768731071,0
4176,B,1791307501199934890,39849,1.000000,0.117768731071,1
4177,A,1791307502059835853,461662,1.000000,0.043755232479,0
4178,A,1791307502060681052,414806,1.000000,0.043755232479,0
4179,A,1791307502061364643,280822,1.000000,0.043755232479,0
4180,A,1791307502061950855,270250,1.000000,0.043755232479,0
4181,A,1791307502062535928,268810,1.000000,0.043755232479,0
4182,A,1791307502062996842,147370,1.000000,0.043755232479,0
4183,A,1791307502063424466,129201,1.000000,0.043755232479,0
4184,A,1791307502063846280,127773,1.000000,0.043755232479,0
4185,A,1791307502064271665,128345,1.000000,0.043755232479,0
4186,A,1791307502064699169,128737,1.000000,0.043755232479,0
4187,A,1791307502065131153,134338,1.000000,0.043755232479,0
4188,A,1791307502065553438,127731,1.000000,0.043755232479,1
4189,B,1791307504203575436,341079,1.000000,0.117768731071,0
4190,B,1791307504204368386,339431,1.000000,0.117768731071,0
4191,B,1791307504204990098,250816,1.000000,0.117768731071,0
4192,B,1791307504205573300,251308,1.000000,0.117768731071,0
4193,B,1791307504206019014,232000,1.000000,0.117768731071,1
4194,A,1791307505069378575,422388,1.000000,0.043755232479,0
4195,A,1791307505070190114,372702,1.000000,0.043755232479,0
4196,A,1791307505070950644,368719,1.000000,0.043755232479,0
4197,A,1791307505071539866,266029,1.000000,0.043755232479,0
4198,A,1791307505072135489,267132,1.000000,0.043755232479,0
4199,A,1791307505072594302,142765,1.000000,0.043755232479,0
4200,A,1791307505073023617,125602,1.000000,0.043755232479,0
4201,A,1791307505073455711,127729,1.000000,0.043755232479,0
4202,A,1791307505073880205,123186,1.000000,0.043755232479,0
4203,A,1791307505074307450,123223,1.000000,0.043755232479,0
4204,A,1791307505074726004,121100,1.000000,0.043755232479,0
4205,A,1791307505075149859,117958,1.000000,0.043755232479,0
4206,A,1791307505075549193,98405,1.000000,0.043755232479,0
4207,A,1791307505075936328,94913,1.000000,0.043755232479,0
4208,A,1791307505076326163,100081,1.000000,0.043755232479,0
4209,A,1791307505076711158,95700,1.000000,0.043755232479,0
4210,A,1791307505077104613,100528,1.000000,0.043755232479,0
4211,A,1791307505077497828,95856,1.000000,0.043755232479,0
4212,A,1791307505077876232,91753,1.000000,0.043755232479,0
4213,A,1791307505078257977,93432,1.000000,0.043755232479,0
4214,A,1791307505078639832,94840,1.000000,0.043755232479,0
4215,A,1791307505079019907,93299,1.000000,0.043755232479,0
4216,A,1791307505079398662,93327,1.000000,0.043755232479,0
4217,A,1791307505079781257,93206,1.000000,0.043755232479,0
4218,A,1791307505080161072,92874,1.000000,0.043755232479,0
4219,A,1791307505080546307,93833,1.000000,0.043755232479,0
4220,A,1791307505080926192,93041,1.000000,0.043755232479,0
4221,A,1791307505081309317,95240,1.000000,0.043755232479,0
4222,A,1791307505081688382,92318,1.000000,0.043755232479,0
4223,A,1791307505082068847,93017,1.000000,0.043755232479,0
4224,A,1791307505082456932,97245,1.000000,0.043755232479,0
4225,A,1791307505082840226,94172,1.000000,0.043755232479,0
4226,A,1791307505083221191,93471,1.000000,0.043755232479,0
4227,A,1791307505083605826,93839,1.000000,0.043755232479,0
4228,A,1791307505083988511,93708,1.000000,0.043755232479,0
4229,A,1791307505084374386,94496,1.000000,0.043755232479,0
4230,A,1791307505084762821,97634,1.000000,0.043755232479,0
4231,A,1791307505085156376,98603,1.000000,0.043755232479,0
4232,A,1791307505085537641,90941,1.000000,0.043755232479,0
4233,A,1791307505085921636,90989,1.000000,0.043755232479,0
4234,A,1791307505086303691,92478,1.000000,0.043755232479,0
4235,A,1791307505086686606,90196,1.000000,0.043755232479,0
4236,A,1791307505087063901,89355,1.000000,0.043755232479,0
4237,A,1791307505087451695,93512,1.000000,0.043755232479,0
4238,A,1791307505087830810,91481,1.000000,0.043755232479,0
4239,A,1791307505088210485,91669,1.000000,0.043755232479,0
4240,A,1791307505088590530,90658,1.000000,0.043755232479,0
4241,A,1791307505088980545,101746,1.000000,0.043755232479,0
4242,A,1791307505089366920,95094,1.000000,0.043755232479,0
4243,A,1791307505089754255,93903,1.000000,0.043755232479,1
4244,B,1791307507209830750,447565,1.000000,0.117768731071,0
4245,B,1791307507210641319,325425,1.000000,0.117768731071,0
4246,B,1791307507211143542,143639,1.000000,0.117768731071,0
4247,B,1791307507211589107,135195,1.000000,0.117768731071,0
4248,B,1791307507211900042,118541,1.000000,0.117768731071,0
4249,B,1791307507212178089,113729,1.000000,0.117768731071,1
4250,A,1791307508093366852,351254,1.000000,0.043755232479,0
4251,A,1791307508094089712,336280,1.000000,0.043755232479,0
4252,A,1791307508094689694,283146,1.000000,0.043755232479,0
4253,A,1791307508095257936,277172,1.000000,0.043755232479,0
4254,A,1791307508095706491,167481,1.000000,0.043755232479,0
4255,A,1791307508096132745,151819,1.000000,0.043755232479,0
4256,A,1791307508096550949,143216,1.000000,0.043755232479,0
4257,A,1791307508096975404,149704,1.000000,0.043755232479,0
4258,A,1791307508097393628,143151,1.000000,0.043755232479,0
4259,A,1791307508097788983,119169,1.000000,0.043755232479,0
4260,A,1791307508098171208,114157,1.000000,0.043755232479,0
4261,A,1791307508098554543,113794,1.000000,0.043755232479,0
4262,A,1791307508098938628,118902,1.000000,0.043755232479,0
4263,A,1791307508099316173,113230,1.000000,0.043755232479,0
4264,A,1791307508099695038,111437,1.000000,0.043755232479,0
4265,A,1791307508100070123,110135,1.000000,0.043755232479,0
4266,A,1791307508100454598,117913,1.000000,0.043755232479,0
4267,A,1791307508100832523,112261,1.000000,0.043755232479,1
4268,B,1791307510215886750,564555,1.000000,0.117768731071,1
4269,A,1791307511104640825,454492,1.000000,0.043755232479,0
4270,A,1791307511105455425,416985,1.000000,0.043755232479,0
4271,A,1791307511106167365,311220,1.000000,0.043755232479,0
4272,A,1791307511106760277,288850,1.000000,0.043755232479,0
4273,A,1791307511107341080,288602,1.000000,0.043755232479,0
4274,A,1791307511107801134,168724,1.000000,0.043755232479,0
4275,A,1791307511108226838,147900,1.000000,0.043755232479,0
4276,A,1791307511108656062,146356,1.000000,0.043755232479,0
4277,A,1791307511109076577,147763,1.000000,0.043755232479,0
4278,A,1791307511109505531,151688,1.000000,0.043755232479,0
4279,A,1791307511109924425,145154,1.000000,0.043755232479,0
4280,A,1791307511110321480,123001,1.000000,0.043755232479,0
4281,A,1791307511110706445,117199,1.000000,0.043755232479,0
4282,A,1791307511111092920,120596,1.000000,0.043755232479,0
4283,A,1791307511111474415,119664,1.000000,0.043755232479,0
4284,A,1791307511111859320,118512,1.000000,0.043755232479,0
4285,A,1791307511112242425,118469,1.000000,0.043755232479,0
4286,A,1791307511112621770,115807,1.000000,0.043755232479,0
4287,A,1791307511113002285,116795,1.000000,0.043755232479,1
4288,B,1791307513218391029,339123,1.000000,0.117768731071,1
4289,A,1791307514116904014,491102,1.000000,0.043755232479,0
4290,A,1791307514117772133,440132,1.000000,0.043755232479,0
4291,A,1791307514118484564,317576,1.000000,0.043755232479,0
4292,A,1791307514119078386,299053,1.000000,0.043755232479,0
4293,A,1791307514119661128,294960,1.000000,0.043755232479,0
4294,A,1791307514120114812,165118,1.000000,0.043755232479,0
4295,A,1791307514120548246,154528,1.000000,0.043755232479,0
4296,A,1791307514120970221,152160,1.000000,0.043755232479,0
4297,A,1791307514121392445,153570,1.000000,0.043755232479,0
4298,A,1791307514121806959,149910,1.000000,0.043755232479,0
4299,A,1791307514122198644,128472,1.000000,0.043755232479,0
4300,A,1791307514122585999,128653,1.000000,0.043755232479,0
4301,A,1791307514122967834,122745,1.000000,0.043755232479,0
4302,A,1791307514123348969,126577,1.000000,0.043755232479,0
4303,A,1791307514123733684,125238,1.000000,0.043755232479,0
4304,A,1791307514124111519,123390,1.000000,0.043755232479,0
4305,A,1791307514124489474,123871,1.000000,0.043755232479,0
4306,A,1791307514124873719,124763,1.000000,0.043755232479,0
4307,A,1791307514125257503,122094,1.000000,0.043755232479,0
4308,A,1791307514125642068,123725,1.000000,0.043755232479,0
4309,A,1791307514126024973,122437,1.000000,0.043755232479,0
4310,A,1791307514126406668,122849,1.000000,0.043755232479,0
4311,A,1791307514126790583,123240,1.000000,0.043755232479,0
4312,A,1791307514127178838,123552,1.000000,0.043755232479,0
4313,A,1791307514127565633,124483,1.000000,0.043755232479,0
4314,A,1791307514127948848,123815,1.000000,0.043755232479,0
4315,A,1791307514128330823,123297,1.000000,0.043755232479,0
4316,A,1791307514128715888,125628,1.000000,0.043755232479,0
4317,A,1791307514129102303,122580,1.000000,0.043755232479,0
4318,A,1791307514129483868,123841,1.000000,0.043755232479,0
4319,A,1791307514129870042,122532,1.000000,0.043755232479,0
4320,A,1791307514130253587,122234,1.000000,0.043755232479,0
4321,A,1791307514130635832,122265,1.000000,0.043755232479,0
4322,A,1791307514131024857,130037,1.000000,0.043755232479,0
4323,A,1791307514131406352,122878,1.000000,0.043755232479,0
4324,A,1791307514131789497,122730,1.000000,0.043755232479,0
4325,A,1791307514132178102,132522,1.000000,0.043755232479,0
4326,A,1791307514132562827,123513,1.000000,0.043755232479,0
4327,A,1791307514132952392,124675,1.000000,0.043755232479,0
4328,A,1791307514133336477,123706,1.000000,0.043755232479,0
4329,A,1791307514133718631,121427,1.000000,0.043755232479,0
4330,A,1791307514134103086,121859,1.000000,0.043755232479,0
4331,A,1791307514134484501,123130,1.000000,0.043755232479,0
4332,A,1791307514134869866,125492,1.000000,0.043755232479,0
4333,A,1791307514135255021,122693,1.000000,0.043755232479,0
4334,A,1791307514135635936,121525,1.000000,0.043755232479,0
4335,A,1791307514136018821,122267,1.000000,0.043755232479,0
4336,A,1791307514136400476,123588,1.000000,0.043755232479,0
4337,A,1791307514136780531,121040,1.000000,0.043755232479,0
4338,A,1791307514137165866,126412,1.000000,0.043755232479,0
4339,A,1791307514137548131,122143,1.000000,0.043755232479,0
4340,A,1791307514137928736,122375,1.000000,0.043755232479,0
4341,A,1791307514138313841,124436,1.000000,0.043755232479,0
4342,A,1791307514138697506,122678,1.000000,0.043755232479,0
4343,A,1791307514139075511,120890,1.000000,0.043755232479,0
4344,A,1791307514139455316,122741,1.000000,0.043755232479,0
4345,A,1791307514139844510,123222,1.000000,0.043755232479,0
4346,A,1791307514140226905,122734,1.000000,0.043755232479,0
4347,A,1791307514140608870,122445,1.000000,0.043755232479,0
4348,A,1791307514140988465,121477,1.000000,0.043755232479,0
4349,A,1791307514141369920,119788,1.000000,0.043755232479,0
4350,A,1791307514141748565,118800,1.000000,0.043755232479,0
4351,A,1791307514142126860,118292,1.000000,0.043755232479,0
4352,A,1791307514142510925,122583,1.000000,0.043755232479,0
4353,A,1791307514142891510,119625,1.000000,0.043755232479,0
4354,A,1791307514143269075,118897,1.000000,0.043755232479,0
4355,A,1791307514143658270,129418,1.000000,0.043755232479,0
4356,A,1791307514144041545,120820,1.000000,0.043755232479,0
4357,A,1791307514144426080,122542,1.000000,0.043755232479,1
4358,B,1791307516222431723,377711,1.000000,0.117768731071,0
4359,B,1791307516223279172,386367,1.000000,0.117768731071,0
4360,B,1791307516223865034,263731,1.000000,0.117768731071,0
4361,B,1791307516224307028,245804,1.000000,0.117768731071,0
4362,B,1791307516224745512,245007,1.000000,0.117768731071,0
4363,B,1791307516225042408,127551,1.000000,0.117768731071,0
4364,B,1791307516225315585,123984,1.000000,0.117768731071,0
4365,B,1791307516225586531,121375,1.000000,0.117768731071,1
4366,A,1791307517148314865,498189,1.000000,0.043755232479,0
4367,A,1791307517149069875,340872,1.000000,0.043755232479,0
4368,A,1791307517149885264,437187,1.000000,0.043755232479,0
4369,A,1791307517150541145,333233,1.000000,0.043755232479,0
4370,A,1791307517151193547,348983,1.000000,0.043755232479,0
4371,A,1791307517151637231,154604,1.000000,0.043755232479,0
4372,A,1791307517152057935,152420,1.000000,0.043755232479,0
4373,A,1791307517152453930,130807,1.000000,0.043755232479,0
4374,A,1791307517152844735,128124,1.000000,0.043755232479,0
4375,A,1791307517153232520,124612,1.000000,0.043755232479,0
4376,A,1791307517153615765,124149,1.000000,0.043755232479,0
4377,A,1791307517153998589,124666,1.000000,0.043755232479,0
4378,A,1791307517154378664,124083,1.000000,0.043755232479,0
4379,A,1791307517154757699,122641,1.000000,0.043755232479,0
4380,A,1791307517155142874,126668,1.000000,0.043755232479,0
4381,A,1791307517155534529,134436,1.000000,0.043755232479,0
4382,A,1791307517155921064,125233,1.000000,0.043755232479,0
4383,A,1791307517156301809,123461,1.000000,0.043755232479,0
4384,A,1791307517156683684,123358,1.000000,0.043755232479,0
4385,A,1791307517157090628,130295,1.000000,0.043755232479,0
4386,A,1791307517157477533,125872,1.000000,0.043755232479,0
4387,A,1791307517157859568,124890,1.000000,0.043755232479,0
4388,A,1791307517158244713,129627,1.000000,0.043755232479,0
4389,A,1791307517158627788,125915,1.000000,0.043755232479,0
4390,A,1791307517159009723,125202,1.000000,0.043755232479,0
4391,A,1791307517159404338,133840,1.000000,0.043755232479,0
4392,A,1791307517159787872,126146,1.000000,0.043755232479,0
4393,A,1791307517160175377,131804,1.000000,0.043755232479,0
4394,A,1791307517160569512,132501,1.000000,0.043755232479,0
4395,A,1791307517160955477,127859,1.000000,0.043755232479,0
4396,A,1791307517161339352,127646,1.000000,0.043755232479,0
4397,A,1791307517161727207,127534,1.000000,0.043755232479,0
4398,A,1791307517162107312,125111,1.000000,0.043755232479,0
4399,A,1791307517162487867,126069,1.000000,0.043755232479,0
4400,A,1791307517162875342,125666,1.000000,0.043755232479,0
4401,A,1791307517163258747,126674,1.000000,0.043755232479,0
4402,A,1791307517163648091,125700,1.000000,0.043755232479,0
4403,A,1791307517164030216,123878,1.000000,0.043755232479,0
4404,A,1791307517164419931,129145,1.000000,0.043755232479,0
4405,A,1791307517164805466,126293,1.000000,0.043755232479,0
4406,A,1791307517165195541,132610,1.000000,0.043755232479,0
4407,A,1791307517165583186,126938,1.000000,0.043755232479,0
4408,A,1791307517165965171,124545,1.000000,0.043755232479,0
4409,A,1791307517166351116,128233,1.000000,0.043755232479,1
4410,B,1791307519229317435,393923,1.000000,0.117768731071,0
4411,B,1791307519230161704,338160,1.000000,0.117768731071,0
4412,B,1791307519230950013,300759,1.000000,0.117768731071,0
4413,B,1791307519231395197,237723,1.000000,0.117768731071,0
4414,B,1791307519231806002,231228,1.000000,0.117768731071,0
4415,B,1791307519232210987,226203,1.000000,0.117768731071,0
4416,B,1791307519232486893,110229,1.000000,0.117768731071,0
4417,B,1791307519232761409,109074,1.000000,0.117768731071,0
4418,B,1791307519233033836,110891,1.000000,0.117768731071,0
4419,B,1791307519233282232,89767,1.000000,0.117768731071,0
4420,B,1791307519233492980,70735,1.000000,0.117768731071,0
4421,B,1791307519233697757,67812,1.000000,0.117768731071,0
4422,B,1791307519233865145,48939,1.000000,0.117768731071,0
4423,B,1791307519234032103,50117,1.000000,0.117768731071,0
4424,B,1791307519234196720,51704,1.000000,0.117768731071,0
4425,B,1791307519234358248,44612,1.000000,0.117768731071,0
4426,B,1791307519234515146,43740,1.000000,0.117768731071,0
4427,B,1791307519234672004,43828,1.000000,0.117768731071,0
4428,B,1791307519234835182,45186,1.000000,0.117768731071,0
4429,B,1791307519234992680,42724,1.000000,0.117768731071,0
4430,B,1791307519235161388,42812,1.000000,0.117768731071,0
4431,B,1791307519235320805,43999,1.000000,0.117768731071,1
4432,A,1791307520170219507,517085,1.000000,0.043755232479,0
4433,A,1791307520170999357,368359,1.000000,0.043755232479,0
4434,A,1791307520171665548,315376,1.000000,0.043755232479,0
4435,A,1791307520172262160,307035,1.000000,0.043755232479,0
4436,A,1791307520172843972,302723,1.000000,0.043755232479,0
4437,A,1791307520173304366,181724,1.000000,0.043755232479,0
4438,A,1791307520173732820,163515,1.000000,0.043755232479,0
4439,A,1791307520174164935,161258,1.000000,0.043755232479,0
4440,A,1791307520174599169,162749,1.000000,0.043755232479,0
4441,A,1791307520175026443,163181,1.000000,0.043755232479,0
4442,A,1791307520175424588,139603,1.000000,0.043755232479,0
4443,A,1791307520175818423,137526,1.000000,0.043755232479,0
4444,A,1791307520176210678,139699,1.000000,0.043755232479,0
4445,A,1791307520176596652,133880,1.000000,0.043755232479,0
4446,A,1791307520176980877,133933,1.000000,0.043755232479,0
4447,A,1791307520177370332,134326,1.000000,0.043755232479,0
4448,A,1791307520177756337,134429,1.000000,0.043755232479,0
4449,A,1791307520178140462,134591,1.000000,0.043755232479,0
4450,A,1791307520178522077,132484,1.000000,0.043755232479,0
4451,A,1791307520178908102,134827,1.000000,0.043755232479,0
4452,A,1791307520179290477,133610,1.000000,0.043755232479,0
4453,A,1791307520179674892,132802,1.000000,0.043755232479,0
4454,A,1791307520180054427,130825,1.000000,0.043755232479,0
4455,A,1791307520180437982,134168,1.000000,0.043755232479,0
4456,A,1791307520180824757,136291,1.000000,0.043755232479,0
4457,A,1791307520181212211,135272,1.000000,0.043755232479,0
4458,A,1791307520181596376,131135,1.000000,0.043755232479,0
4459,A,1791307520181976901,129898,1.000000,0.043755232479,0
4460,A,1791307520182354556,128401,1.000000,0.043755232479,0
4461,A,1791307520182735241,129814,1.000000,0.043755232479,0
4462,A,1791307520183112006,128756,1.000000,0.043755232479,0
4463,A,1791307520183491401,129659,1.000000,0.043755232479,0
4464,A,1791307520183877686,134412,1.000000,0.043755232479,0
4465,A,1791307520184262781,132105,1.000000,0.043755232479,0
4466,A,1791307520184648276,130447,1.000000,0.043755232479,0
4467,A,1791307520185036781,137970,1.000000,0.043755232479,0
4468,A,1791307520185422946,135603,1.000000,0.043755232479,0
4469,A,1791307520185807651,132076,1.000000,0.043755232479,0
4470,A,1791307520186199395,140907,1.000000,0.043755232479,0
4471,A,1791307520186586780,135110,1.000000,0.043755232479,0
4472,A,1791307520186974755,132053,1.000000,0.043755232479,0
4473,A,1791307520187372730,146136,1.000000,0.043755232479,0
4474,A,1791307520187755005,131948,1.000000,0.043755232479,0
4475,A,1791307520188135800,131501,1.000000,0.043755232479,0
4476,A,1791307520188517455,133404,1.000000,0.043755232479,0
4477,A,1791307520188902210,132837,1.000000,0.043755232479,0
4478,A,1791307520189285825,132629,1.000000,0.043755232479,0
4479,A,1791307520189672099,133091,1.000000,0.043755232479,0
4480,A,1791307520190057144,132794,1.000000,0.043755232479,0
4481,A,1791307520190443719,134677,1.000000,0.043755232479,0
4482,A,1791307520190828854,133089,1.000000,0.043755232479,0
4483,A,1791307520191212379,135472,1.000000,0.043755232479,0
4484,A,1791307520191604544,138235,1.000000,0.043755232479,0
4485,A,1791307520191986589,130368,1.000000,0.043755232479,0
4486,A,1791307520192370824,133440,1.000000,0.043755232479,0
4487,A,1791307520192756419,134563,1.000000,0.043755232479,0
4488,A,1791307520193142554,134466,1.000000,0.043755232479,0
4489,A,1791307520193532988,137008,1.000000,0.043755232479,0
4490,A,1791307520193915753,132870,1.000000,0.043755232479,0
4491,A,1791307520194298088,132723,1.000000,0.043755232479,0
4492,A,1791307520194680983,133116,1.000000,0.043755232479,0
4493,A,1791307520195059868,130359,1.000000,0.043755232479,0
4494,A,1791307520195446193,134221,1.000000,0.043755232479,0
4495,A,1791307520195831708,133354,1.000000,0.043755232479,0
4496,A,1791307520196216753,134837,1.000000,0.043755232479,0
4497,A,1791307520196604408,137850,1.000000,0.043755232479,0
4498,A,1791307520196989963,134132,1.000000,0.043755232479,0
4499,A,1791307520197378917,135074,1.000000,0.043755232479,0
4500,A,1791307520197767562,133897,1.000000,0.043755232479,0
4501,A,1791307520198146087,131110,1.000000,0.043755232479,0
4502,A,1791307520198526032,132732,1.000000,0.043755232479,0
4503,A,1791307520198912857,134225,1.000000,0.043755232479,0
4504,A,1791307520199297442,133658,1.000000,0.043755232479,0
4505,A,1791307520199694137,135731,1.000000,0.043755232479,0
4506,A,1791307520200082422,134913,1.000000,0.043755232479,0
4507,A,1791307520200464297,132036,1.000000,0.043755232479,0
4508,A,1791307520200848382,134079,1.000000,0.043755232479,0
4509,A,1791307520201234046,135041,1.000000,0.043755232479,0
4510,A,1791307520201616761,133333,1.000000,0.043755232479,0
4511,A,1791307520202004616,135296,1.000000,0.043755232479,0
4512,A,1791307520202387911,132339,1.000000,0.043755232479,0
4513,A,1791307520202768796,131962,1.000000,0.043755232479,0
4514,A,1791307520203150341,132974,1.000000,0.043755232479,1
4515,B,1791307522239017795,408426,1.000000,0.117768731071,0
4516,B,1791307522239924183,417101,1.000000,0.117768731071,1
4517,A,1791307523207012199,499028,1.000000,0.043755232479,0
4518,A,1791307523207853998,435500,1.000000,0.043755232479,0
4519,A,1791307523208507949,315686,1.000000,0.043755232479,0
4520,A,1791307523209096591,306807,1.000000,0.043755232479,0
4521,A,1791307523209683294,304349,1.000000,0.043755232479,0
4522,A,1791307523210146878,183222,1.000000,0.043755232479,0
4523,A,1791307523210576562,165398,1.000000,0.043755232479,0
4524,A,1791307523210999456,164104,1.000000,0.043755232479,0
4525,A,1791307523211431531,165571,1.000000,0.043755232479,0
4526,A,1791307523211853195,162087,1.000000,0.043755232479,0
4527,A,1791307523212264320,153634,1.000000,0.043755232479,0
4528,A,1791307523212674664,138980,1.000000,0.043755232479,0
4529,A,1791307523213064769,138037,1.000000,0.043755232479,0
4530,A,1791307523213451834,136575,1.000000,0.043755232479,0
4531,A,1791307523213835959,134913,1.000000,0.043755232479,0
4532,A,1791307523214227054,141511,1.000000,0.043755232479,0
4533,A,1791307523214611929,135508,1.000000,0.043755232479,0
4534,A,1791307523214998763,139025,1.000000,0.043755232479,0
4535,A,1791307523215383268,135183,1.000000,0.043755232479,1
4536,B,1791307525243737900,335003,1.000000,0.117768731071,1
4537,A,1791307526219185397,463919,1.000000,0.043755232479,0
4538,A,1791307526219958977,380440,1.000000,0.043755232479,0
4539,A,1791307526220603439,305854,1.000000,0.043755232479,0
4540,A,1791307526221191951,299469,1.000000,0.043755232479,0
4541,A,1791307526221668315,196347,1.000000,0.043755232479,0
4542,A,1791307526222097589,159576,1.000000,0.043755232479,0
4543,A,1791307526222519653,156296,1.000000,0.043755232479,0
4544,A,1791307526222939998,155216,1.000000,0.043755232479,0
4545,A,1791307526223360342,155485,1.000000,0.043755232479,0
4546,A,1791307526223779607,153866,1.000000,0.043755232479,0
4547,A,1791307526224179471,130615,1.000000,0.043755232479,0
4548,A,1791307526224571256,130046,1.000000,0.043755232479,1
4549,B,1791307528247729968,405638,1.000000,0.117768731071,0
4550,B,1791307528248581747,360606,1.000000,0.117768731071,0
4551,B,1791307528249271017,228032,1.000000,0.117768731071,0
4552,B,1791307528249742281,122558,1.000000,0.117768731071,0
4553,B,1791307528250057797,106761,1.000000,0.117768731071,0
4554,B,1791307528250337023,100723,1.000000,0.117768731071,0
4555,B,1791307528250610440,96586,1.000000,0.117768731071,0
4556,B,1791307528250881286,95728,1.000000,0.117768731071,0
4557,B,1791307528251153473,96210,1.000000,0.117768731071,1
4558,A,1791307529225543852,526627,1.000000,0.043755232479,0
4559,A,1791307529226313012,357634,1.000000,0.043755232479,0
4560,A,1791307529226965153,310405,1.000000,0.043755232479,0
4561,A,1791307529227426647,188711,1.000000,0.043755232479,0
4562,A,1791307529227878801,184279,1.000000,0.043755232479,0
4563,A,1791307529228307156,164178,1.000000,0.043755232479,0
4564,A,1791307529228728810,158686,1.000000,0.043755232479,0
4565,A,1791307529229151984,159004,1.000000,0.043755232479,0
4566,A,1791307529229573199,159324,1.000000,0.043755232479,0
4567,A,1791307529229992083,156802,1.000000,0.043755232479,0
4568,A,1791307529230408748,156721,1.000000,0.043755232479,0
4569,A,1791307529230807292,134959,1.000000,0.043755232479,0
4570,A,1791307529231193177,130939,1.000000,0.043755232479,0
4571,A,1791307529231580862,132649,1.000000,0.043755232479,0
4572,A,1791307529231964837,129448,1.000000,0.043755232479,0
4573,A,1791307529232347532,130518,1.000000,0.043755232479,0
4574,A,1791307529232743847,130578,1.000000,0.043755232479,0
4575,A,1791307529233131402,134547,1.000000,0.043755232479,0
4576,A,1791307529233513127,129857,1.000000,0.043755232479,0
4577,A,1791307529233895222,128777,1.000000,0.043755232479,0
4578,A,1791307529234280827,131277,1.000000,0.043755232479,0
4579,A,1791307529234668561,130995,1.000000,0.043755232479,0
4580,A,1791307529235047766,127545,1.000000,0.043755232479,0
4581,A,1791307529235429281,130015,1.000000,0.043755232479,0
4582,A,1791307529235818366,134175,1.000000,0.043755232479,0
4583,A,1791307529236203591,128704,1.000000,0.043755232479,0
4584,A,1791307529236586166,131794,1.000000,0.043755232479,0
4585,A,1791307529236974801,131824,1.000000,0.043755232479,0
4586,A,1791307529237358556,129993,1.000000,0.043755232479,0
4587,A,1791307529237742911,129553,1.000000,0.043755232479,0
4588,A,1791307529238131186,129423,1.000000,0.043755232479,0
4589,A,1791307529238511891,129153,1.000000,0.043755232479,0
4590,A,1791307529238893505,128821,1.000000,0.043755232479,0
4591,A,1791307529239276800,132831,1.000000,0.043755232479,0
4592,A,1791307529239664225,136461,1.000000,0.043755232479,1
4593,B,1791307531254852661,346415,1.000000,0.117768731071,0
4594,B,1791307531255526072,301912,1.000000,0.117768731071,0
4595,B,1791307531256222893,229951,1.000000,0.117768731071,0
4596,B,1791307531256793735,208998,1.000000,0.117768731071,0
4597,B,1791307531257113811,94009,1.000000,0.117768731071,0
4598,B,1791307531257418527,92578,1.000000,0.117768731071,0
4599,B,1791307531257688903,83945,1.000000,0.117768731071,0
4600,B,1791307531257983910,92175,1.000000,0.117768731071,0
4601,B,1791307531258264706,91594,1.000000,0.117768731071,0
4602,B,1791307531258519612,65413,1.000000,0.117768731071,0
4603,B,1791307531258756519,53032,1.000000,0.117768731071,0
4604,B,1791307531258933847,22822,1.000000,0.117768731071,0
4605,B,1791307531259099015,18502,1.000000,0.117768731071,1
4606,A,1791307532243508032,496602,1.000000,0.043755232479,0
4607,A,1791307532244332991,423612,1.000000,0.043755232479,0
4608,A,1791307532245031932,308666,1.000000,0.043755232479,0
4609,A,1791307532245620404,299462,1.000000,0.043755232479,0
4610,A,1791307532246076208,184421,1.000000,0.043755232479,0
4611,A,1791307532246507552,162250,1.000000,0.043755232479,0
4612,A,1791307532246931887,158171,1.000000,0.043755232479,0
4613,A,1791307532247355001,158941,1.000000,0.043755232479,0
4614,A,1791307532247780585,158551,1.000000,0.043755232479,0
4615,A,1791307532248201040,156902,1.000000,0.043755232479,0
4616,A,1791307532248604035,135223,1.000000,0.043755232479,0
4617,A,1791307532248997059,133614,1.000000,0.043755232479,0
4618,A,1791307532249385304,130165,1.000000,0.043755232479,0
4619,A,1791307532249779709,129466,1.000000,0.043755232479,0
4620,A,1791307532250167184,130848,1.000000,0.043755232479,0
4621,A,1791307532250552549,128949,1.000000,0.043755232479,0
4622,A,1791307532250935804,128230,1.000000,0.043755232479,0
4623,A,1791307532251319339,129412,1.000000,0.043755232479,0
4624,A,1791307532251703264,129013,1.000000,0.043755232479,0
4625,A,1791307532252086118,128594,1.000000,0.043755232479,0
4626,A,1791307532252472343,130745,1.000000,0.043755232479,0
4627,A,1791307532252860238,129486,1.000000,0.043755232479,0
4628,A,1791307532253243603,129668,1.000000,0.043755232479,0
4629,A,1791307532253632318,129569,1.000000,0.043755232479,0
4630,A,1791307532254023683,131440,1.000000,0.043755232479,0
4631,A,1791307532254409948,130972,1.000000,0.043755232479,0
4632,A,1791307532254795243,130413,1.000000,0.043755232479,0
4633,A,1791307532255177808,129414,1.000000,0.043755232479,0
4634,A,1791307532255563202,130325,1.000000,0.043755232479,0
4635,A,1791307532255950887,128146,1.000000,0.043755232479,0
4636,A,1791307532256338742,132088,1.000000,0.043755232479,0
4637,A,1791307532256729087,133399,1.000000,0.043755232479,0
4638,A,1791307532257115042,130490,1.000000,0.043755232479,0
4639,A,1791307532257500497,131282,1.000000,0.043755232479,0
4640,A,1791307532257881462,126873,1.000000,0.043755232479,0
4641,A,1791307532258267177,132264,1.000000,0.043755232479,0
4642,A,1791307532258656592,129676,1.000000,0.043755232479,0
4643,A,1791307532259039946,125196,1.000000,0.043755232479,0
4644,A,1791307532259420501,127877,1.000000,0.043755232479,0
4645,A,1791307532259804056,128039,1.000000,0.043755232479,0
4646,A,1791307532260187651,129290,1.000000,0.043755232479,0
4647,A,1791307532260572816,130682,1.000000,0.043755232479,0
4648,A,1791307532260957911,130753,1.000000,0.043755232479,0
4649,A,1791307532261346126,129144,1.000000,0.043755232479,0
4650,A,1791307532261729611,128796,1.000000,0.043755232479,0
4651,A,1791307532262111846,127087,1.000000,0.043755232479,0
4652,A,1791307532262500120,129318,1.000000,0.043755232479,0
4653,A,1791307532262884075,128109,1.000000,0.043755232479,0
4654,A,1791307532263269060,131310,1.000000,0.043755232479,0
4655,A,1791307532263659025,130792,1.000000,0.043755232479,0
4656,A,1791307532264043710,128983,1.000000,0.043755232479,0
4657,A,1791307532264426865,128904,1.000000,0.043755232479,0
4658,A,1791307532264812280,130376,1.000000,0.043755232479,0
4659,A,1791307532265196505,127927,1.000000,0.043755232479,0
4660,A,1791307532265574170,128739,1.000000,0.043755232479,0
4661,A,1791307532265956894,130379,1.000000,0.043755232479,0
4662,A,1791307532266340409,131960,1.000000,0.043755232479,0
4663,A,1791307532266720454,128142,1.000000,0.043755232479,0
4664,A,1791307532267098139,128733,1.000000,0.043755232479,0
4665,A,1791307532267475744,128935,1.000000,0.043755232479,0
4666,A,1791307532267854469,128746,1.000000,0.043755232479,0
4667,A,1791307532268226234,125158,1.000000,0.043755232479,0
4668,A,1791307532268605579,132429,1.000000,0.043755232479,0
4669,A,1791307532268988784,131200,1.000000,0.043755232479,0
4670,A,1791307532269378089,134712,1.000000,0.043755232479,0
4671,A,1791307532269772314,137833,1.000000,0.043755232479,0
4672,A,1791307532270158299,130584,1.000000,0.043755232479,0
4673,A,1791307532270542754,130356,1.000000,0.043755232479,0
4674,A,1791307532270925239,127957,1.000000,0.043755232479,0
4675,A,1791307532271312424,127939,1.000000,0.043755232479,0
4676,A,1791307532271693939,127690,1.000000,0.043755232479,0
4677,A,1791307532272075763,128160,1.000000,0.043755232479,0
4678,A,1791307532272459438,131342,1.000000,0.043755232479,0
4679,A,1791307532272842433,129773,1.000000,0.043755232479,0
4680,A,1791307532273231778,130404,1.000000,0.043755232479,0
4681,A,1791307532273614783,130536,1.000000,0.043755232479,0
4682,A,1791307532273995538,126237,1.000000,0.043755232479,0
4683,A,1791307532274375353,127119,1.000000,0.043755232479,0
4684,A,1791307532274757078,129550,1.000000,0.043755232479,0
4685,A,1791307532275144643,129211,1.000000,0.043755232479,0
4686,A,1791307532275525448,129973,1.000000,0.043755232479,0
4687,A,1791307532275907633,128604,1.000000,0.043755232479,0
4688,A,1791307532276292958,132556,1.000000,0.043755232479,0
4689,A,1791307532276679263,130677,1.000000,0.043755232479,0
4690,A,1791307532277079647,130017,1.000000,0.043755232479,0
4691,A,1791307532277467002,129399,1.000000,0.043755232479,0
4692,A,1791307532277851887,129830,1.000000,0.043755232479,0
4693,A,1791307532278233832,129101,1.000000,0.043755232479,0
4694,A,1791307532278623067,131693,1.000000,0.043755232479,0
4695,A,1791307532279006342,127734,1.000000,0.043755232479,0
4696,A,1791307532279390427,129935,1.000000,0.043755232479,0
4697,A,1791307532279777742,130007,1.000000,0.043755232479,0
4698,A,1791307532280159557,127528,1.000000,0.043755232479,0
4699,A,1791307532280540051,128499,1.000000,0.043755232479,0
4700,A,1791307532280924256,130490,1.000000,0.043755232479,0
4701,A,1791307532281309651,129751,1.000000,0.043755232479,0
4702,A,1791307532281691636,129103,1.000000,0.043755232479,0
4703,A,1791307532282080501,132884,1.000000,0.043755232479,0
4704,A,1791307532282464476,130596,1.000000,0.043755232479,0
4705,A,1791307532282848811,129697,1.000000,0.043755232479,0
4706,A,1791307532283229976,127858,1.000000,0.043755232479,0
4707,A,1791307532283611341,131270,1.000000,0.043755232479,0
4708,A,1791307532283991446,128631,1.000000,0.043755232479,0
4709,A,1791307532284374701,130973,1.000000,0.043755232479,0
4710,A,1791307532284758966,129594,1.000000,0.043755232479,0
4711,A,1791307532285142381,132345,1.000000,0.043755232479,0
4712,A,1791307532285529475,131726,1.000000,0.043755232479,0
4713,A,1791307532285914010,128907,1.000000,0.043755232479,0
4714,A,1791307532286293715,127478,1.000000,0.043755232479,0
4715,A,1791307532286687190,131230,1.000000,0.043755232479,0
4716,A,1791307532287067815,128171,1.000000,0.043755232479,0
4717,A,1791307532287457040,130862,1.000000,0.043755232479,0
4718,A,1791307532287839035,128004,1.000000,0.043755232479,0
4719,A,1791307532288218240,127975,1.000000,0.043755232479,1
4720,B,1791307534262746728,321214,1.000000,0.117768731071,0
4721,B,1791307534263432709,299865,1.000000,0.117768731071,0
4722,B,1791307534264017401,237204,1.000000,0.117768731071,0
4723,B,1791307534264492465,128663,1.000000,0.117768731071,0
4724,B,1791307534264816971,116918,1.000000,0.117768731071,0
4725,B,1791307534265095777,102322,1.000000,0.117768731071,0
4726,B,1791307534265369593,102045,1.000000,0.117768731071,0
4727,B,1791307534265622190,81060,1.000000,0.117768731071,0
4728,B,1791307534265865897,74263,1.000000,0.117768731071,0
4729,B,1791307534266078614,54787,1.000000,0.117768731071,0
4730,B,1791307534266260852,49610,1.000000,0.117768731071,0
4731,B,1791307534266435129,36272,1.000000,0.117768731071,0
4732,B,1791307534266597097,33414,1.000000,0.117768731071,0
4733,B,1791307534266757095,33017,1.000000,0.117768731071,0
4734,B,1791307534266931303,34968,1.000000,0.117768731071,1
4735,A,1791307535289571574,550904,1.000000,0.043755232479,0
4736,A,1791307535290368524,378927,1.000000,0.043755232479,0
4737,A,1791307535291011225,317066,1.000000,0.043755232479,0
4738,A,1791307535291611477,314888,1.000000,0.043755232479,0
4739,A,1791307535292092901,201192,1.000000,0.043755232479,0
4740,A,1791307535292546545,192208,1.000000,0.043755232479,0
4741,A,1791307535293000029,193154,1.000000,0.043755232479,0
4742,A,1791307535293437353,175760,1.000000,0.043755232479,0
4743,A,1791307535293876227,176227,1.000000,0.043755232479,0
4744,A,1791307535294309832,174524,1.000000,0.043755232479,0
4745,A,1791307535294750296,170551,1.000000,0.043755232479,0
4746,A,1791307535295169230,158737,1.000000,0.043755232479,0
4747,A,1791307535295565805,136935,1.000000,0.043755232479,0
4748,A,1791307535295950200,130794,1.000000,0.043755232479,0
4749,A,1791307535296332975,129772,1.000000,0.043755232479,0
4750,A,1791307535296714859,129380,1.000000,0.043755232479,0
4751,A,1791307535297097094,130988,1.000000,0.043755232479,0
4752,A,1791307535297483149,130337,1.000000,0.043755232479,0
4753,A,1791307535297865904,130335,1.000000,0.043755232479,0
4754,A,1791307535298254489,138494,1.000000,0.043755232479,0
4755,A,1791307535298642694,130592,1.000000,0.043755232479,0
4756,A,1791307535299024529,128740,1.000000,0.043755232479,0
4757,A,1791307535299405464,128959,1.000000,0.043755232479,0
4758,A,1791307535299788989,130317,1.000000,0.043755232479,0
4759,A,1791307535300169824,128516,1.000000,0.043755232479,0
4760,A,1791307535300548859,128764,1.000000,0.043755232479,0
4761,A,1791307535300933544,130903,1.000000,0.043755232479,0
4762,A,1791307535301322148,133010,1.000000,0.043755232479,0
4763,A,1791307535301710843,131108,1.000000,0.043755232479,0
4764,A,1791307535302093968,128407,1.000000,0.043755232479,0
4765,A,1791307535302476253,128975,1.000000,0.043755232479,0
4766,A,1791307535302860588,128494,1.000000,0.043755232479,0
4767,A,1791307535303242823,128212,1.000000,0.043755232479,0
4768,A,1791307535303632068,130751,1.000000,0.043755232479,0
4769,A,1791307535304018333,130019,1.000000,0.043755232479,0
4770,A,1791307535304404498,129068,1.000000,0.043755232479,0
4771,A,1791307535304792713,130266,1.000000,0.043755232479,0
4772,A,1791307535305198897,130173,1.000000,0.043755232479,0
4773,A,1791307535305591042,132431,1.000000,0.043755232479,0
4774,A,1791307535305978777,129350,1.000000,0.043755232479,0
4775,A,1791307535306368462,129998,1.000000,0.043755232479,0
4776,A,1791307535306763346,132075,1.000000,0.043755232479,0
4777,A,1791307535307149461,129794,1.000000,0.043755232479,0
4778,A,1791307535307547046,131402,1.000000,0.043755232479,0
4779,A,1791307535307931161,128410,1.000000,0.043755232479,0
4780,A,1791307535308314736,128669,1.000000,0.043755232479,0
4781,A,1791307535308701251,128307,1.000000,0.043755232479,0
4782,A,1791307535309086036,130266,1.000000,0.043755232479,0
4783,A,1791307535309465141,127994,1.000000,0.043755232479,0
4784,A,1791307535309851446,128233,1.000000,0.043755232479,0
4785,A,1791307535310234071,127331,1.000000,0.043755232479,0
4786,A,1791307535310617655,128909,1.000000,0.043755232479,0
4787,A,1791307535311005550,131647,1.000000,0.043755232479,0
4788,A,1791307535311386065,128536,1.000000,0.043755232479,0
4789,A,1791307535311774380,132204,1.000000,0.043755232479,0
4790,A,1791307535312157895,129012,1.000000,0.043755232479,0
4791,A,1791307535312538900,127791,1.000000,0.043755232479,0
4792,A,1791307535312927765,132039,1.000000,0.043755232479,0
4793,A,1791307535313316090,130478,1.000000,0.043755232479,1
4794,B,1791307537270674494,448146,1.000000,0.117768731071,0
4795,B,1791307537271537572,354750,1.000000,0.117768731071,0
4796,B,1791307537272233203,246886,1.000000,0.117768731071,0
4797,B,1791307537272706497,131743,1.000000,0.117768731071,0
4798,B,1791307537273027383,113801,1.000000,0.117768731071,1
4799,A,1791307538317198385,519775,1.000000,0.043755232479,0
4800,A,1791307538318078083,436861,1.000000,0.043755232479,0
4801,A,1791307538318873673,413312,1.000000,0.043755232479,0
4802,A,1791307538319372146,203216,1.000000,0.043755232479,0
4803,A,1791307538319837210,191015,1.000000,0.043755232479,0
4804,A,1791307538320301224,197313,1.000000,0.043755232479,0
4805,A,1791307538320762298,193822,1.000000,0.043755232479,0
4806,A,1791307538321226102,192140,1.000000,0.043755232479,0
4807,A,1791307538321688405,197018,1.000000,0.043755232479,0
4808,A,1791307538322141369,185606,1.000000,0.043755232479,0
4809,A,1791307538322567364,164456,1.000000,0.043755232479,0
4810,A,1791307538322955719,131376,1.000000,0.043755232479,0
4811,A,1791307538323339314,128447,1.000000,0.043755232479,0
4812,A,1791307538323727319,126557,1.000000,0.043755232479,0
4813,A,1791307538324110663,126466,1.000000,0.043755232479,0
4814,A,1791307538324494258,127437,1.000000,0.043755232479,0
4815,A,1791307538324879133,128197,1.000000,0.043755232479,0
4816,A,1791307538325270328,128738,1.000000,0.043755232479,0
4817,A,1791307538325667993,127868,1.000000,0.043755232479,0
4818,A,1791307538326055658,127528,1.000000,0.043755232479,0
4819,A,1791307538326445102,126858,1.000000,0.043755232479,0
4820,A,1791307538326834307,125328,1.000000,0.043755232479,0
4821,A,1791307538327226672,125799,1.000000,0.043755232479,0
4822,A,1791307538327611997,125029,1.000000,0.043755232479,0
4823,A,1791307538327996532,125540,1.000000,0.043755232479,0
4824,A,1791307538328379017,125280,1.000000,0.043755232479,0
4825,A,1791307538328761701,126490,1.000000,0.043755232479,0
4826,A,1791307538329157076,126270,1.000000,0.043755232479,0
4827,A,1791307538329541101,127190,1.000000,0.043755232479,0
4828,A,1791307538329933706,131351,1.000000,0.043755232479,0
4829,A,1791307538330319331,127161,1.000000,0.043755232479,0
4830,A,1791307538330709826,126472,1.000000,0.043755232479,0
4831,A,1791307538331093571,124412,1.000000,0.043755232479,0
4832,A,1791307538331480215,128601,1.000000,0.043755232479,0
4833,A,1791307538331868400,126162,1.000000,0.043755232479,0
4834,A,1791307538332251135,125622,1.000000,0.043755232479,0
4835,A,1791307538332632090,125893,1.000000,0.043755232479,0
4836,A,1791307538333017215,125783,1.000000,0.043755232479,0
4837,A,1791307538333399630,123534,1.000000,0.043755232479,0
4838,A,1791307538333782995,125264,1.000000,0.043755232479,0
4839,A,1791307538334165810,126015,1.000000,0.043755232479,0
4840,A,1791307538334546035,122915,1.000000,0.043755232479,0
4841,A,1791307538334929500,125126,1.000000,0.043755232479,0
4842,A,1791307538335312215,125856,1.000000,0.043755232479,0
4843,A,1791307538335699030,130247,1.000000,0.043755232479,0
4844,A,1791307538336083314,122996,1.000000,0.043755232479,0
4845,A,1791307538336465089,125207,1.000000,0.043755232479,0
4846,A,1791307538336848554,124917,1.000000,0.043755232479,0
4847,A,1791307538337229659,123128,1.000000,0.043755232479,0
4848,A,1791307538337611164,125438,1.000000,0.043755232479,0
4849,A,1791307538337992979,124449,1.000000,0.043755232479,0
4850,A,1791307538338375144,126059,1.000000,0.043755232479,0
4851,A,1791307538338761279,127260,1.000000,0.043755232479,0
4852,A,1791307538339140634,123350,1.000000,0.043755232479,0
4853,A,1791307538339528039,125860,1.000000,0.043755232479,0
4854,A,1791307538339908474,125191,1.000000,0.043755232479,0
4855,A,1791307538340295339,133141,1.000000,0.043755232479,0
4856,A,1791307538340674804,125902,1.000000,0.043755232479,0
4857,A,1791307538341056249,128722,1.000000,0.043755232479,0
4858,A,1791307538341433574,123653,1.000000,0.043755232479,0
4859,A,1791307538341810709,122153,1.000000,0.043755232479,0
4860,A,1791307538342189904,126754,1.000000,0.043755232479,0
4861,A,1791307538342563839,121895,1.000000,0.043755232479,0
4862,A,1791307538342942434,121245,1.000000,0.043755232479,0
4863,A,1791307538343319279,124236,1.000000,0.043755232479,0
4864,A,1791307538343702154,121256,1.000000,0.043755232479,0
4865,A,1791307538344080989,124087,1.000000,0.043755232479,0
4866,A,1791307538344455034,122087,1.000000,0.043755232479,1
4867,B,1791307540274442360,387314,1.000000,0.117768731071,0
4868,B,1791307540275344308,403324,1.000000,0.117768731071,0
4869,B,1791307540275989699,263443,1.000000,0.117768731071,0
4870,B,1791307540276579001,260800,1.000000,0.117768731071,0
4871,B,1791307540276862908,125676,1.000000,0.117768731071,0
4872,B,1791307540277136904,121238,1.000000,0.117768731071,0
4873,B,1791307540277411210,121471,1.000000,0.117768731071,0
4874,B,1791307540277657927,97384,1.000000,0.117768731071,0
4875,B,1791307540277895154,93267,1.000000,0.117768731071,0
4876,B,1791307540278132441,93990,1.000000,0.117768731071,0
4877,B,1791307540278350958,78302,1.000000,0.117768731071,0
4878,B,1791307540278536706,58685,1.000000,0.117768731071,0
4879,B,1791307540278703113,58726,1.000000,0.117768731071,0
4880,B,1791307540278863801,55888,1.000000,0.117768731071,0
4881,B,1791307540279022439,54900,1.000000,0.117768731071,0
4882,B,1791307540279180797,55622,1.000000,0.117768731071,0
4883,B,1791307540279337985,53904,1.000000,0.117768731071,0
4884,B,1791307540279493723,53185,1.000000,0.117768731071,0
4885,B,1791307540279649011,53506,1.000000,0.117768731071,0
4886,B,1791307540279802819,52458,1.000000,0.117768731071,0
4887,B,1791307540279962327,59699,1.000000,0.117768731071,0
4888,B,1791307540280119255,53771,1.000000,0.117768731071,0
4889,B,1791307540280278512,58222,1.000000,0.117768731071,0
4890,B,1791307540280441450,54804,1.000000,0.117768731071,0
4891,B,1791307540280597208,52836,1.000000,0.117768731071,0
4892,B,1791307540280753696,52908,1.000000,0.117768731071,0
4893,B,1791307540280920994,54850,1.000000,0.117768731071,1
4894,A,1791307541345492819,469568,1.000000,0.043755232479,0
4895,A,1791307541346258958,365028,1.000000,0.043755232479,0
4896,A,1791307541346937929,307002,1.000000,0.043755232479,0
4897,A,1791307541347543531,303550,1.000000,0.043755232479,0
4898,A,1791307541348017765,184081,1.000000,0.043755232479,0
4899,A,1791307541348478129,183614,1.000000,0.043755232479,0
4900,A,1791307541348936813,183228,1.000000,0.043755232479,1
4901,B,1791307543284614274,420160,1.000000,0.117768731071,0
4902,B,1791307543285474273,423845,1.000000,0.117768731071,0
4903,B,1791307543286179164,285761,1.000000,0.117768731071,1
4904,A,1791307544352849452,490486,1.000000,0.043755232479,0
4905,A,1791307544353663181,384654,1.000000,0.043755232479,0
4906,A,1791307544354364832,296026,1.000000,0.043755232479,0
4907,A,1791307544354952414,286601,1.000000,0.043755232479,0
4908,A,1791307544355408208,170838,1.000000,0.043755232479,0
4909,A,1791307544355836802,148617,1.000000,0.043755232479,0
4910,A,1791307544356259826,144856,1.000000,0.043755232479,0
4911,A,1791307544356692071,152666,1.000000,0.043755232479,1
4912,B,1791307546290075073,381219,1.000000,0.117768731071,0
4913,B,1791307546290937972,386738,1.000000,0.117768731071,0
4914,B,1791307546291451285,264066,1.000000,0.117768731071,0
4915,B,1791307546292028058,271892,1.000000,0.117768731071,0
4916,B,1791307546292354143,143416,1.000000,0.117768731071,0
4917,B,1791307546292663919,133120,1.000000,0.117768731071,0
4918,B,1791307546292941125,127012,1.000000,0.117768731071,0
4919,B,1791307546293215882,125316,1.000000,0.117768731071,0
4920,B,1791307546293487818,125208,1.000000,0.117768731071,0
4921,B,1791307546293759545,124791,1.000000,0.117768731071,0
4922,B,1791307546293994312,88615,1.000000,0.117768731071,0
4923,B,1791307546294188739,70347,1.000000,0.117768731071,0
4924,B,1791307546294368237,74519,1.000000,0.117768731071,1
4925,A,1791307547360638527,531413,1.000000,0.043755232479,0
4926,A,1791307547361474336,386833,1.000000,0.043755232479,0
4927,A,1791307547362128727,298120,1.000000,0.043755232479,0
4928,A,1791307547362727809,291391,1.000000,0.043755232479,0
4929,A,1791307547363196193,173214,1.000000,0.043755232479,0
4930,A,1791307547363659287,174659,1.000000,0.043755232479,0
4931,A,1791307547364122321,173654,1.000000,0.043755232479,0
4932,A,1791307547364590874,174829,1.000000,0.043755232479,0
4933,A,1791307547365051438,173944,1.000000,0.043755232479,0
4934,A,1791307547365477673,140190,1.000000,0.043755232479,0
4935,A,1791307547365879637,115936,1.000000,0.043755232479,0
4936,A,1791307547366268912,109384,1.000000,0.043755232479,0
4937,A,1791307547366659167,110851,1.000000,0.043755232479,0
4938,A,1791307547367044762,108289,1.000000,0.043755232479,0
4939,A,1791307547367436957,115307,1.000000,0.043755232479,0
4940,A,1791307547367824692,108314,1.000000,0.043755232479,0
4941,A,1791307547368212626,107291,1.000000,0.043755232479,0
4942,A,1791307547368599941,108509,1.000000,0.043755232479,0
4943,A,1791307547368983946,107447,1.000000,0.043755232479,0
4944,A,1791307547369370301,109094,1.000000,0.043755232479,0
4945,A,1791307547369762976,113672,1.000000,0.043755232479,0
4946,A,1791307547370146791,108050,1.000000,0.043755232479,0
4947,A,1791307547370532306,108947,1.000000,0.043755232479,0
4948,A,1791307547370920760,107934,1.000000,0.043755232479,0
4949,A,1791307547371303755,107402,1.000000,0.043755232479,0
4950,A,1791307547371687410,108990,1.000000,0.043755232479,0
4951,A,1791307547372077085,109537,1.000000,0.043755232479,0
4952,A,1791307547372459620,107145,1.000000,0.043755232479,0
4953,A,1791307547372845075,109713,1.000000,0.043755232479,0
4954,A,1791307547373237580,107220,1.000000,0.043755232479,0
4955,A,1791307547373620684,108047,1.000000,0.043755232479,0
4956,A,1791307547374005999,106495,1.000000,0.043755232479,0
4957,A,1791307547374390784,107693,1.000000,0.043755232479,0
4958,A,1791307547374777909,107470,1.000000,0.043755232479,0
4959,A,1791307547375160884,106878,1.000000,0.043755232479,0
4960,A,1791307547375542759,106326,1.000000,0.043755232479,1
4961,B,1791307549298064201,421787,1.000000,0.117768731071,1
4962,A,1791307550379377141,461796,1.000000,0.043755232479,0
4963,A,1791307550380219060,387145,1.000000,0.043755232479,0
4964,A,1791307550380891741,279038,1.000000,0.043755232479,0
4965,A,1791307550381369575,175725,1.000000,0.043755232479,0
4966,A,1791307550381820349,159554,1.000000,0.043755232479,0
4967,A,1791307550382247653,137933,1.000000,0.043755232479,0
4968,A,1791307550382674388,135873,1.000000,0.043755232479,0
4969,A,1791307550383099912,133683,1.000000,0.043755232479,0
4970,A,1791307550383533846,133592,1.000000,0.043755232479,1
4971,B,1791307552302251937,467542,1.000000,0.117768731071,0
4972,B,1791307552303178795,432282,1.000000,0.117768731071,0
4973,B,1791307552303862256,329030,1.000000,0.117768731071,0
4974,B,1791307552304315750,161198,1.000000,0.117768731071,0
4975,B,1791307552304617476,140931,1.000000,0.117768731071,0
4976,B,1791307552304880682,135372,1.000000,0.117768731071,0
4977,B,1791307552305155158,141264,1.000000,0.117768731071,0
4978,B,1791307552305409935,131387,1.000000,0.117768731071,0
4979,B,1791307552305664642,131240,1.000000,0.117768731071,0
4980,B,1791307552305918268,131971,1.000000,0.117768731071,0
4981,B,1791307552306132576,99335,1.000000,0.117768731071,0
4982,B,1791307552306301433,71866,1.000000,0.117768731071,1
4983,A,1791307553387437666,494616,1.000000,0.043755232479,0
4984,A,1791307553388285675,396394,1.000000,0.043755232479,0
4985,A,1791307553389014385,282945,1.000000,0.043755232479,0
4986,A,1791307553389489149,160536,1.000000,0.043755232479,0
4987,A,1791307553389937723,154560,1.000000,0.043755232479,0
4988,A,1791307553390365938,135105,1.000000,0.043755232479,0
4989,A,1791307553390795112,129539,1.000000,0.043755232479,0
4990,A,1791307553391215196,129314,1.000000,0.043755232479,0
4991,A,1791307553391613661,106590,1.000000,0.043755232479,0
4992,A,1791307553392003536,103616,1.000000,0.043755232479,0
4993,A,1791307553392391961,105193,1.000000,0.043755232479,0
4994,A,1791307553392779856,103459,1.000000,0.043755232479,0
4995,A,1791307553393165450,101195,1.000000,0.043755232479,0
4996,A,1791307553393552385,103791,1.000000,0.043755232479,0
4997,A,1791307553393933390,98898,1.000000,0.043755232479,0
4998,A,1791307553394317395,101964,1.000000,0.043755232479,0
4999,A,1791307553394700820,101581,1.000000,0.043755232479,0
5000,A,1791307553395085985,102057,1.000000,0.043755232479,0
5001,A,1791307553395471830,100844,1.000000,0.043755232479,0
5002,A,1791307553395853635,100131,1.000000,0.043755232479,0
5003,A,1791307553396232940,98827,1.000000,0.043755232479,0
5004,A,1791307553396617465,103334,1.000000,0.043755232479,0
5005,A,1791307553397007930,100620,1.000000,0.043755232479,0
5006,A,1791307553397398314,107906,1.000000,0.043755232479,0
5007,A,1791307553397783899,101772,1.000000,0.043755232479,0
5008,A,1791307553398164834,99399,1.000000,0.043755232479,0
5009,A,1791307553398552789,106596,1.000000,0.043755232479,0
5010,A,1791307553398941714,102542,1.000000,0.043755232479,0
5011,A,1791307553399321039,98558,1.000000,0.043755232479,0
5012,A,1791307553399706544,102585,1.000000,0.043755232479,0
5013,A,1791307553400094029,101282,1.000000,0.043755232479,0
5014,A,1791307553400476244,101638,1.000000,0.043755232479,0
5015,A,1791307553400861219,102225,1.000000,0.043755232479,0
5016,A,1791307553401244404,101081,1.000000,0.043755232479,0
5017,A,1791307553401632948,102077,1.000000,0.043755232479,0
5018,A,1791307553402016033,100853,1.000000,0.043755232479,0
5019,A,1791307553402394408,100260,1.000000,0.043755232479,1
5020,B,1791307555310007352,421026,1.000000,0.117768731071,0
5021,B,1791307555310780672,357643,1.000000,0.117768731071,0
5022,B,1791307555311412893,344428,1.000000,0.117768731071,0
5023,B,1791307555311867557,299765,1.000000,0.117768731071,1
5024,A,1791307556405441008,426514,1.000000,0.043755232479,0
5025,A,1791307556406174208,335240,1.000000,0.043755232479,0
5026,A,1791307556406811910,286239,1.000000,0.043755232479,0
5027,A,1791307556407402942,288628,1.000000,0.043755232479,0
5028,A,1791307556407830836,140610,1.000000,0.043755232479,0
5029,A,1791307556408250750,136502,1.000000,0.043755232479,0
5030,A,1791307556408665475,134435,1.000000,0.043755232479,0
5031,A,1791307556409104429,140677,1.000000,0.043755232479,0
5032,A,1791307556409527484,137870,1.000000,0.043755232479,0
5033,A,1791307556409946548,136132,1.000000,0.043755232479,0
5034,A,1791307556410338363,110315,1.000000,0.043755232479,0
5035,A,1791307556410723938,110778,1.000000,0.043755232479,0
5036,A,1791307556411115983,114931,1.000000,0.043755232479,1
5037,B,1791307558315621847,431663,1.000000,0.117768731071,0
5038,B,1791307558316492775,485389,1.000000,0.117768731071,0
5039,B,1791307558317044448,165532,1.000000,0.117768731071,0
5040,B,1791307558317318084,154924,1.000000,0.117768731071,0
5041,B,1791307558317582451,154386,1.000000,0.117768731071,0
5042,B,1791307558317842947,151498,1.000000,0.117768731071,0
5043,B,1791307558318101124,150500,1.000000,0.117768731071,0
5044,B,1791307558318359360,150732,1.000000,0.117768731071,0
5045,B,1791307558318618007,151435,1.000000,0.117768731071,0
5046,B,1791307558318854374,130268,1.000000,0.117768731071,0
5047,B,1791307558319050021,94900,1.000000,0.117768731071,0
5048,B,1791307558319226349,88482,1.000000,0.117768731071,0
5049,B,1791307558319391236,87402,1.000000,0.117768731071,0
5050,B,1791307558319593774,87695,1.000000,0.117768731071,0
5051,B,1791307558319759901,88846,1.000000,0.117768731071,0
5052,B,1791307558319959269,85538,1.000000,0.117768731071,0
5053,B,1791307558320123067,85800,1.000000,0.117768731071,0
5054,B,1791307558320322664,83670,1.000000,0.117768731071,0
5055,B,1791307558320494222,89012,1.000000,0.117768731071,1
5056,A,1791307559414951187,469810,1.000000,0.043755232479,0
5057,A,1791307559415719386,395901,1.000000,0.043755232479,0
5058,A,1791307559416313788,273918,1.000000,0.043755232479,0
5059,A,1791307559416773682,154450,1.000000,0.043755232479,0
5060,A,1791307559417207857,135036,1.000000,0.043755232479,0
5061,A,1791307559417633591,133031,1.000000,0.043755232479,0
5062,A,1791307559418051915,128396,1.000000,0.043755232479,0
5063,A,1791307559418468040,129302,1.000000,0.043755232479,0
5064,A,1791307559418888694,132587,1.000000,0.043755232479,0
5065,A,1791307559419302459,127184,1.000000,0.043755232479,0
5066,A,1791307559419696413,106529,1.000000,0.043755232479,0
5067,A,1791307559420081298,101426,1.000000,0.043755232479,0
5068,A,1791307559420462793,101353,1.000000,0.043755232479,0
5069,A,1791307559420850768,104420,1.000000,0.043755232479,0
5070,A,1791307559421236243,100937,1.000000,0.043755232479,0
5071,A,1791307559421615098,101534,1.000000,0.043755232479,0
5072,A,1791307559421991973,98571,1.000000,0.043755232479,0
5073,A,1791307559422370618,100198,1.000000,0.043755232479,1
5074,B,1791307561324233559,445887,1.000000,0.117768731071,1
5075,A,1791307562426096525,338691,1.000000,0.043755232479,0
5076,A,1791307562426869455,344004,1.000000,0.043755232479,0
5077,A,1791307562427517056,284099,1.000000,0.043755232479,0
5078,A,1791307562428009879,178076,1.000000,0.043755232479,0
5079,A,1791307562428464423,157966,1.000000,0.043755232479,0
5080,A,1791307562428891428,137897,1.000000,0.043755232479,0
5081,A,1791307562429313572,131967,1.000000,0.043755232479,0
5082,A,1791307562429733696,132907,1.000000,0.043755232479,0
5083,A,1791307562430153421,130918,1.000000,0.043755232479,0
5084,A,1791307562430564605,121618,1.000000,0.043755232479,0
5085,A,1791307562430960290,108210,1.000000,0.043755232479,0
5086,A,1791307562431344805,104341,1.000000,0.043755232479,0
5087,A,1791307562431732990,105583,1.000000,0.043755232479,0
5088,A,1791307562432118355,105794,1.000000,0.043755232479,0
5089,A,1791307562432507379,108414,1.000000,0.043755232479,0
5090,A,1791307562432897564,107686,1.000000,0.043755232479,0
5091,A,1791307562433283329,103057,1.000000,0.043755232479,0
5092,A,1791307562433665814,103759,1.000000,0.043755232479,0
5093,A,1791307562434048889,103680,1.000000,0.043755232479,0
5094,A,1791307562434439094,110612,1.000000,0.043755232479,0
5095,A,1791307562434832689,103823,1.000000,0.043755232479,0
5096,A,1791307562435216404,104285,1.000000,0.043755232479,0
5097,A,1791307562435596679,102266,1.000000,0.043755232479,0
5098,A,1791307562435979393,104287,1.000000,0.043755232479,0
5099,A,1791307562436358458,101808,1.000000,0.043755232479,0
5100,A,1791307562436744593,104500,1.000000,0.043755232479,0
5101,A,1791307562437134588,105991,1.000000,0.043755232479,0
5102,A,1791307562437517093,105412,1.000000,0.043755232479,0
5103,A,1791307562437903298,103674,1.000000,0.043755232479,0
5104,A,1791307562438284633,104495,1.000000,0.043755232479,0
5105,A,1791307562438668778,104267,1.000000,0.043755232479,0
5106,A,1791307562439051953,103688,1.000000,0.043755232479,0
5107,A,1791307562439439098,108230,1.000000,0.043755232479,0
5108,A,1791307562439820413,102381,1.000000,0.043755232479,0
5109,A,1791307562440210467,106042,1.000000,0.043755232479,0
5110,A,1791307562440590502,104803,1.000000,0.043755232479,0
5111,A,1791307562440971947,106265,1.000000,0.043755232479,0
5112,A,1791307562441354442,105216,1.000000,0.043755232479,0
5113,A,1791307562441733877,102898,1.000000,0.043755232479,0
5114,A,1791307562442121622,111459,1.000000,0.043755232479,0
5115,A,1791307562442500777,104571,1.000000,0.043755232479,0
5116,A,1791307562442889112,107652,1.000000,0.043755232479,1
5117,B,1791307564328323269,445983,1.000000,0.117768731071,0
5118,B,1791307564329075198,294157,1.000000,0.117768731071,0
5119,B,1791307564329527772,163551,1.000000,0.117768731071,1
5120,A,1791307565445526825,510590,1.000000,0.043755232479,0
5121,A,1791307565446291305,319385,1.000000,0.043755232479,0
5122,A,1791307565446934276,281815,1.000000,0.043755232479,0
5123,A,1791307565447521739,273489,1.000000,0.043755232479,0
5124,A,1791307565447966653,134494,1.000000,0.043755232479,0
5125,A,1791307565448390557,128681,1.000000,0.043755232479,0
5126,A,1791307565448822031,140518,1.000000,0.043755232479,0
5127,A,1791307565449242016,126277,1.000000,0.043755232479,0
5128,A,1791307565449660900,129184,1.000000,0.043755232479,0
5129,A,1791307565450080605,129552,1.000000,0.043755232479,0
5130,A,1791307565450480439,108400,1.000000,0.043755232479,0
5131,A,1791307565450865574,102369,1.000000,0.043755232479,0
5132,A,1791307565451254789,101808,1.000000,0.043755232479,0
5133,A,1791307565451639764,101677,1.000000,0.043755232479,0
5134,A,1791307565452027739,104476,1.000000,0.043755232479,0
5135,A,1791307565452410324,100195,1.000000,0.043755232479,0
5136,A,1791307565452807629,105914,1.000000,0.043755232479,0
5137,A,1791307565453192684,100182,1.000000,0.043755232479,1
5138,B,1791307567333305876,441461,1.000000,0.117768731071,0
5139,B,1791307567334156155,389292,1.000000,0.117768731071,0
5140,B,1791307567334719407,247187,1.000000,0.117768731071,0
5141,B,1791307567335002424,131515,1.000000,0.117768731071,1
5142,A,1791307568456932906,367295,1.000000,0.043755232479,0
5143,A,1791307568457727446,364059,1.000000,0.043755232479,0
5144,A,1791307568458357018,284595,1.000000,0.043755232479,0
5145,A,1791307568458951880,283133,1.000000,0.043755232479,0
5146,A,1791307568459412694,161922,1.000000,0.043755232479,0
5147,A,1791307568459859918,160122,1.000000,0.043755232479,0
5148,A,1791307568460284282,137673,1.000000,0.043755232479,0
5149,A,1791307568460715466,134483,1.000000,0.043755232479,0
5150,A,1791307568461136501,134805,1.000000,0.043755232479,0
5151,A,1791307568461559875,132585,1.000000,0.043755232479,0
5152,A,1791307568461984979,132856,1.000000,0.043755232479,0
5153,A,1791307568462378704,109418,1.000000,0.043755232479,0
5154,A,1791307568462769379,109500,1.000000,0.043755232479,0
5155,A,1791307568463154654,105422,1.000000,0.043755232479,0
5156,A,1791307568463536249,105073,1.000000,0.043755232479,0
5157,A,1791307568463917544,104445,1.000000,0.043755232479,0
5158,A,1791307568464302498,106476,1.000000,0.043755232479,0
5159,A,1791307568464690803,107628,1.000000,0.043755232479,0
5160,A,1791307568465072158,106810,1.000000,0.043755232479,0
5161,A,1791307568465457613,112352,1.000000,0.043755232479,0
5162,A,1791307568465840148,109324,1.000000,0.043755232479,0
5163,A,1791307568466217743,104106,1.000000,0.043755232479,0
5164,A,1791307568466594718,105138,1.000000,0.043755232479,0
5165,A,1791307568466973563,104780,1.000000,0.043755232479,0
5166,A,1791307568467352178,106032,1.000000,0.043755232479,0
5167,A,1791307568467735413,105984,1.000000,0.043755232479,0
5168,A,1791307568468116998,105996,1.000000,0.043755232479,0
5169,A,1791307568468508673,106778,1.000000,0.043755232479,1
5170,B,1791307570338612684,278839,1.000000,0.117768731071,0
5171,B,1791307570339502592,463783,1.000000,0.117768731071,0
5172,B,1791307570340153853,242129,1.000000,0.117768731071,0
5173,B,1791307570340559988,232187,1.000000,0.117768731071,0
5174,B,1791307570340953783,233175,1.000000,0.117768731071,0
5175,B,1791307570341239059,118294,1.000000,0.117768731071,0
5176,B,1791307570341503845,115542,1.000000,0.117768731071,0
5177,B,1791307570341733762,109951,1.000000,0.117768731071,1
5178,A,1791307571472362100,477604,1.000000,0.043755232479,0
5179,A,1791307571473204938,404892,1.000000,0.043755232479,0
5180,A,1791307571473908989,288344,1.000000,0.043755232479,0
5181,A,1791307571474507951,280199,1.000000,0.043755232479,0
5182,A,1791307571474968635,154047,1.000000,0.043755232479,0
5183,A,1791307571475425989,151346,1.000000,0.043755232479,0
5184,A,1791307571475853473,135025,1.000000,0.043755232479,0
5185,A,1791307571476280068,140045,1.000000,0.043755232479,0
5186,A,1791307571476703432,136644,1.000000,0.043755232479,0
5187,A,1791307571477126206,135634,1.000000,0.043755232479,0
5188,A,1791307571477537041,124754,1.000000,0.043755232479,0
5189,A,1791307571477937216,113754,1.000000,0.043755232479,0
5190,A,1791307571478328761,110335,1.000000,0.043755232479,0
5191,A,1791307571478713435,108205,1.000000,0.043755232479,0
5192,A,1791307571479106550,107535,1.000000,0.043755232479,0
5193,A,1791307571479504185,118716,1.000000,0.043755232479,0
5194,A,1791307571479888600,106887,1.000000,0.043755232479,0
5195,A,1791307571480271205,105867,1.000000,0.043755232479,0
5196,A,1791307571480654040,107068,1.000000,0.043755232479,0
5197,A,1791307571481053784,119878,1.000000,0.043755232479,0
5198,A,1791307571481437969,106458,1.000000,0.043755232479,0
5199,A,1791307571481821964,107959,1.000000,0.043755232479,0
5200,A,1791307571482210679,105460,1.000000,0.043755232479,0
5201,A,1791307571482590964,105721,1.000000,0.043755232479,0
5202,A,1791307571482975679,106242,1.000000,0.043755232479,0
5203,A,1791307571483356764,106132,1.000000,0.043755232479,0
5204,A,1791307571483739899,106463,1.000000,0.043755232479,0
5205,A,1791307571484125414,109024,1.000000,0.043755232479,0
5206,A,1791307571484511309,108105,1.000000,0.043755232479,0
5207,A,1791307571484893224,105206,1.000000,0.043755232479,0
5208,A,1791307571485276869,105426,1.000000,0.043755232479,0
5209,A,1791307571485661083,106276,1.000000,0.043755232479,0
5210,A,1791307571486046278,107367,1.000000,0.043755232479,0
5211,A,1791307571486429013,105418,1.000000,0.043755232479,0
5212,A,1791307571486814448,105068,1.000000,0.043755232479,0
5213,A,1791307571487198053,105939,1.000000,0.043755232479,0
5214,A,1791307571487577868,105620,1.000000,0.043755232479,0
5215,A,1791307571487963403,106441,1.000000,0.043755232479,0
5216,A,1791307571488343858,104801,1.000000,0.043755232479,0
5217,A,1791307571488726983,107682,1.000000,0.043755232479,0
5218,A,1791307571489116388,110703,1.000000,0.043755232479,1
5219,B,1791307573345474570,446282,1.000000,0.117768731071,0
5220,B,1791307573346222570,302730,1.000000,0.117768731071,0
5221,B,1791307573346786042,223531,1.000000,0.117768731071,0
5222,B,1791307573347181697,218666,1.000000,0.117768731071,1
5223,A,1791307574492962189,443994,1.000000,0.043755232479,0
5224,A,1791307574493717739,343058,1.000000,0.043755232479,0
5225,A,1791307574494367010,295774,1.000000,0.043755232479,0
5226,A,1791307574494964132,288882,1.000000,0.043755232479,0
5227,A,1791307574495553314,286510,1.000000,0.043755232479,0
5228,A,1791307574495997218,147040,1.000000,0.043755232479,0
5229,A,1791307574496423793,143742,1.000000,0.043755232479,0
5230,A,1791307574496850247,144743,1.000000,0.043755232479,0
5231,A,1791307574497272172,140655,1.000000,0.043755232479,0
5232,A,1791307574497699416,147796,1.000000,0.043755232479,0
5233,A,1791307574498124550,141177,1.000000,0.043755232479,0
5234,A,1791307574498534865,133559,1.000000,0.043755232479,0
5235,A,1791307574498934100,119681,1.000000,0.043755232479,0
5236,A,1791307574499327514,120603,1.000000,0.043755232479,0
5237,A,1791307574499713689,116085,1.000000,0.043755232479,0
5238,A,1791307574500101644,116967,1.000000,0.043755232479,0
5239,A,1791307574500485239,113820,1.000000,0.043755232479,0
5240,A,1791307574500884414,115522,1.000000,0.043755232479,0
5241,A,1791307574501269269,113104,1.000000,0.043755232479,0
5242,A,1791307574501652773,115446,1.000000,0.043755232479,0
5243,A,1791307574502042498,121118,1.000000,0.043755232479,0
5244,A,1791307574502424563,113310,1.000000,0.043755232479,0
5245,A,1791307574502809828,114243,1.000000,0.043755232479,0
5246,A,1791307574503192923,112445,1.000000,0.043755232479,0
5247,A,1791307574503575598,114357,1.000000,0.043755232479,0
5248,A,1791307574503959693,113930,1.000000,0.043755232479,0
5249,A,1791307574504345528,112922,1.000000,0.043755232479,0
5250,A,1791307574504730142,115913,1.000000,0.043755232479,0
5251,A,1791307574505119757,117006,1.000000,0.043755232479,0
5252,A,1791307574505504622,116778,1.000000,0.043755232479,0
5253,A,1791307574505887897,114570,1.000000,0.043755232479,0
5254,A,1791307574506273152,116613,1.000000,0.043755232479,0
5255,A,1791307574506655867,114305,1.000000,0.043755232479,0
5256,A,1791307574507039952,114357,1.000000,0.043755232479,0
5257,A,1791307574507422177,112810,1.000000,0.043755232479,0
5258,A,1791307574507805412,114952,1.000000,0.043755232479,0
5259,A,1791307574508187717,113314,1.000000,0.043755232479,0
5260,A,1791307574508571281,113136,1.000000,0.043755232479,0
5261,A,1791307574508955176,113768,1.000000,0.043755232479,1
5262,B,1791307576350788767,262929,1.000000,0.117768731071,0
5263,B,1791307576351659965,418053,1.000000,0.117768731071,0
5264,B,1791307576352212938,227932,1.000000,0.117768731071,0
5265,B,1791307576352614602,224455,1.000000,0.117768731071,0
5266,B,1791307576353015707,225578,1.000000,0.117768731071,0
5267,B,1791307576353306813,117693,1.000000,0.117768731071,0
5268,B,1791307576353571610,107316,1.000000,0.117768731071,0
5269,B,1791307576353807106,102367,1.000000,0.117768731071,0
5270,B,1791307576354034583,98520,1.000000,0.117768731071,0
5271,B,1791307576354248491,83373,1.000000,0.117768731071,0
5272,B,1791307576354420348,41574,1.000000,0.117768731071,0
5273,B,1791307576354613046,37167,1.000000,0.117768731071,0
5274,B,1791307576354774034,35178,1.000000,0.117768731071,0
5275,B,1791307576354970271,31420,1.000000,0.117768731071,0
5276,B,1791307576355121119,32650,1.000000,0.117768731071,1
5277,A,1791307577512849679,487602,1.000000,0.043755232479,1
5278,B,1791307579358856057,395391,1.000000,0.117768731071,0
5279,B,1791307579359720296,423484,1.000000,0.117768731071,0
5280,B,1791307579360257078,225729,1.000000,0.117768731071,0
5281,B,1791307579360667963,226576,1.000000,0.117768731071,0
5282,B,1791307579361070358,223332,1.000000,0.117768731071,1
5283,A,1791307580516883963,489251,1.000000,0.043755232479,0
5284,A,1791307580517689712,375194,1.000000,0.043755232479,0
5285,A,1791307580518341594,293942,1.000000,0.043755232479,0
5286,A,1791307580518947366,287860,1.000000,0.043755232479,0
5287,A,1791307580519410720,169570,1.000000,0.043755232479,0
5288,A,1791307580519858004,147641,1.000000,0.043755232479,0
5289,A,1791307580520285648,141403,1.000000,0.043755232479,0
5290,A,1791307580520720222,145984,1.000000,0.043755232479,0
5291,A,1791307580521142877,140326,1.000000,0.043755232479,0
5292,A,1791307580521567941,143738,1.000000,0.043755232479,0
5293,A,1791307580522001205,142559,1.000000,0.043755232479,0
5294,A,1791307580522396350,116421,1.000000,0.043755232479,0
5295,A,1791307580522786915,117164,1.000000,0.043755232479,0
5296,A,1791307580523168520,111667,1.000000,0.043755232479,0
5297,A,1791307580523550225,113829,1.000000,0.043755232479,0
5298,A,1791307580523931040,113842,1.000000,0.043755232479,0
5299,A,1791307580524317925,117435,1.000000,0.043755232479,0
5300,A,1791307580524707680,112997,1.000000,0.043755232479,0
5301,A,1791307580525089894,116919,1.000000,0.043755232479,0
5302,A,1791307580525471559,111371,1.000000,0.043755232479,0
5303,A,1791307580525857534,116914,1.000000,0.043755232479,0
5304,A,1791307580526239989,111306,1.000000,0.043755232479,0
5305,A,1791307580526620044,113549,1.000000,0.043755232479,0
5306,A,1791307580527004499,113332,1.000000,0.043755232479,0
5307,A,1791307580527385734,112064,1.000000,0.043755232479,0
5308,A,1791307580527764899,112127,1.000000,0.043755232479,0
5309,A,1791307580528148724,112679,1.000000,0.043755232479,0
5310,A,1791307580528529259,113012,1.000000,0.043755232479,0
5311,A,1791307580528907434,110855,1.000000,0.043755232479,0
5312,A,1791307580529287209,110787,1.000000,0.043755232479,0
5313,A,1791307580529665734,111620,1.000000,0.043755232479,0
5314,A,1791307580530049699,112393,1.000000,0.043755232479,0
5315,A,1791307580530432354,110155,1.000000,0.043755232479,0
5316,A,1791307580530809279,110988,1.000000,0.043755232479,0
5317,A,1791307580531190554,112080,1.000000,0.043755232479,0
5318,A,1791307580531567359,109663,1.000000,0.043755232479,0
5319,A,1791307580531943014,110076,1.000000,0.043755232479,0
5320,A,1791307580532338109,119918,1.000000,0.043755232479,0
5321,A,1791307580532719184,113581,1.000000,0.043755232479,0
5322,A,1791307580533098059,111814,1.000000,0.043755232479,0
5323,A,1791307580533473164,108946,1.000000,0.043755232479,0
5324,A,1791307580533847889,109549,1.000000,0.043755232479,0
5325,A,1791307580534225374,107911,1.000000,0.043755232479,1
5326,B,1791307582364795400,393005,1.000000,0.117768731071,0
5327,B,1791307582365668478,381384,1.000000,0.117768731071,1
5328,A,1791307583538009965,456786,1.000000,0.043755232479,0
5329,A,1791307583538747985,376440,1.000000,0.043755232479,0
5330,A,1791307583539351967,298277,1.000000,0.043755232479,0
5331,A,1791307583539838161,182887,1.000000,0.043755232479,0
5332,A,1791307583540306875,175638,1.000000,0.043755232479,0
5333,A,1791307583540769188,178498,1.000000,0.043755232479,0
5334,A,1791307583541234032,176009,1.000000,0.043755232479,0
5335,A,1791307583541698686,178210,1.000000,0.043755232479,0
5336,A,1791307583542154060,170581,1.000000,0.043755232479,0
5337,A,1791307583542605304,170273,1.000000,0.043755232479,0
5338,A,1791307583543036248,150204,1.000000,0.043755232479,0
5339,A,1791307583543457143,146256,1.000000,0.043755232479,0
5340,A,1791307583543841118,113938,1.000000,0.043755232479,0
5341,A,1791307583544222083,109451,1.000000,0.043755232479,0
5342,A,1791307583544603018,111093,1.000000,0.043755232479,0
5343,A,1791307583544983583,110856,1.000000,0.043755232479,0
5344,A,1791307583545366278,108628,1.000000,0.043755232479,0
5345,A,1791307583545746513,109131,1.000000,0.043755232479,0
5346,A,1791307583546128777,109893,1.000000,0.043755232479,1
5347,B,1791307585369379724,231445,1.000000,0.117768731071,0
5348,B,1791307585370045026,245090,1.000000,0.117768731071,0
5349,B,1791307585370460220,108576,1.000000,0.117768731071,0
5350,B,1791307585370723957,103825,1.000000,0.117768731071,0
5351,B,1791307585370982083,104411,1.000000,0.117768731071,0
5352,B,1791307585371208490,96829,1.000000,0.117768731071,1
5353,A,1791307586549955412,481656,1.000000,0.043755232479,0
5354,A,1791307586550768311,409413,1.000000,0.043755232479,0
5355,A,1791307586551436042,302403,1.000000,0.043755232479,0
5356,A,1791307586552034204,297477,1.000000,0.043755232479,0
5357,A,1791307586552627426,290941,1.000000,0.043755232479,0
5358,A,1791307586553137019,187706,1.000000,0.043755232479,0
5359,A,1791307586553596773,176683,1.000000,0.043755232479,0
5360,A,1791307586554056947,177551,1.000000,0.043755232479,0
5361,A,1791307586554525201,173658,1.000000,0.043755232479,0
5362,A,1791307586554964125,158076,1.000000,0.043755232479,0
5363,A,1791307586555391699,151434,1.000000,0.043755232479,0
5364,A,1791307586555794194,129793,1.000000,0.043755232479,0
5365,A,1791307586556176539,114193,1.000000,0.043755232479,0
5366,A,1791307586556563384,118643,1.000000,0.043755232479,0
5367,A,1791307586556946869,114312,1.000000,0.043755232479,0
5368,A,1791307586557328884,112992,1.000000,0.043755232479,0
5369,A,1791307586557707709,111622,1.000000,0.043755232479,0
5370,A,1791307586558095973,117621,1.000000,0.043755232479,0
5371,A,1791307586558474588,111630,1.000000,0.043755232479,0
5372,A,1791307586558861093,115230,1.000000,0.043755232479,0
5373,A,1791307586559243868,112590,1.000000,0.043755232479,0
5374,A,1791307586559628633,118220,1.000000,0.043755232479,0
5375,A,1791307586560013728,115089,1.000000,0.043755232479,0
5376,A,1791307586560397833,113479,1.000000,0.043755232479,0
5377,A,1791307586560780518,113609,1.000000,0.043755232479,0
5378,A,1791307586561173753,113918,1.000000,0.043755232479,0
5379,A,1791307586561562798,118878,1.000000,0.043755232479,0
5380,A,1791307586561947822,112917,1.000000,0.043755232479,0
5381,A,1791307586562326857,112857,1.000000,0.043755232479,0
5382,A,1791307586562705242,109126,1.000000,0.043755232479,0
5383,A,1791307586563090177,112226,1.000000,0.043755232479,0
5384,A,1791307586563466552,110676,1.000000,0.043755232479,0
5385,A,1791307586563852037,120146,1.000000,0.043755232479,0
5386,A,1791307586564229842,111465,1.000000,0.043755232479,0
5387,A,1791307586564606557,111055,1.000000,0.043755232479,0
5388,A,1791307586564984062,111285,1.000000,0.043755232479,0
5389,A,1791307586565366587,112835,1.000000,0.043755232479,0
5390,A,1791307586565754222,114945,1.000000,0.043755232479,0
5391,A,1791307586566133377,111454,1.000000,0.043755232479,0
5392,A,1791307586566512832,111864,1.000000,0.043755232479,0
5393,A,1791307586566891607,111104,1.000000,0.043755232479,0
5394,A,1791307586567273052,111184,1.000000,0.043755232479,0
5395,A,1791307586567648847,111504,1.000000,0.043755232479,0
5396,A,1791307586568026592,110323,1.000000,0.043755232479,0
5397,A,1791307586568403327,110863,1.000000,0.043755232479,0
5398,A,1791307586568780132,111603,1.000000,0.043755232479,0
5399,A,1791307586569159867,110693,1.000000,0.043755232479,0
5400,A,1791307586569542072,111343,1.000000,0.043755232479,0
5401,A,1791307586569924037,111772,1.000000,0.043755232479,0
5402,A,1791307586570303412,109702,1.000000,0.043755232479,0
5403,A,1791307586570688057,117442,1.000000,0.043755232479,0
5404,A,1791307586571073392,116052,1.000000,0.043755232479,0
5405,A,1791307586571455897,111211,1.000000,0.043755232479,0
5406,A,1791307586571841381,116190,1.000000,0.043755232479,0
5407,A,1791307586572226866,112830,1.000000,0.043755232479,0
5408,A,1791307586572612421,112850,1.000000,0.043755232479,0
5409,A,1791307586572995906,113929,1.000000,0.043755232479,0
5410,A,1791307586573383471,111209,1.000000,0.043755232479,0
5411,A,1791307586573767836,115169,1.000000,0.043755232479,0
5412,A,1791307586574149281,111388,1.000000,0.043755232479,0
5413,A,1791307586574529356,110538,1.000000,0.043755232479,1
5414,B,1791307588374932627,417725,1.000000,0.117768731071,0
5415,B,1791307588375767156,406934,1.000000,0.117768731071,0
5416,B,1791307588376320448,250842,1.000000,0.117768731071,0
5417,B,1791307588376719203,237786,1.000000,0.117768731071,0
5418,B,1791307588377014799,138321,1.000000,0.117768731071,0
5419,B,1791307588377283955,123313,1.000000,0.117768731071,0
5420,B,1791307588377517992,116206,1.000000,0.117768731071,1
5421,A,1791307589578394069,495613,1.000000,0.043755232479,0
5422,A,1791307589579253818,447425,1.000000,0.043755232479,0
5423,A,1791307589579980138,311098,1.000000,0.043755232479,0
5424,A,1791307589580594940,307176,1.000000,0.043755232479,0
5425,A,1791307589581185782,298063,1.000000,0.043755232479,0
5426,A,1791307589581790034,300241,1.000000,0.043755232479,0
5427,A,1791307589582255717,181129,1.000000,0.043755232479,0
5428,A,1791307589582722891,182260,1.000000,0.043755232479,0
5429,A,1791307589583184505,179280,1.000000,0.043755232479,0
5430,A,1791307589583636909,174011,1.000000,0.043755232479,0
5431,A,1791307589584068043,155052,1.000000,0.043755232479,0
5432,A,1791307589584482808,140223,1.000000,0.043755232479,0
5433,A,1791307589584876173,122995,1.000000,0.043755232479,1
5434,B,1791307591381231760,437351,1.000000,0.117768731071,0
5435,B,1791307591382100068,399603,1.000000,0.117768731071,1
5436,A,1791307592588707558,456764,1.000000,0.043755232479,0
5437,A,1791307592589404118,323030,1.000000,0.043755232479,1
5438,B,1791307594386011351,419425,1.000000,0.117768731071,0
5439,B,1791307594386946239,462100,1.000000,0.117768731071,0
5440,B,1791307594387511151,247566,1.000000,0.117768731071,0
5441,B,1791307594387907266,241069,1.000000,0.117768731071,0
5442,B,1791307594388298301,238162,1.000000,0.117768731071,0
5443,B,1791307594388564167,125415,1.000000,0.117768731071,0
5444,B,1791307594388794654,120287,1.000000,0.117768731071,0
5445,B,1791307594389009332,96509,1.000000,0.117768731071,0
5446,B,1791307594389201159,91690,1.000000,0.117768731071,0
5447,B,1791307594389376537,71372,1.000000,0.117768731071,0
5448,B,1791307594389552634,74182,1.000000,0.117768731071,0
5449,B,1791307594389730862,57604,1.000000,0.117768731071,0
5450,B,1791307594389882500,54624,1.000000,0.117768731071,1
5451,A,1791307595593254525,436728,1.000000,0.043755232479,0
5452,A,1791307595593904486,262419,1.000000,0.043755232479,0
5453,A,1791307595594530408,299544,1.000000,0.043755232479,0
5454,A,1791307595595118510,297409,1.000000,0.043755232479,0
5455,A,1791307595595700942,298384,1.000000,0.043755232479,0
5456,A,1791307595596181706,184391,1.000000,0.043755232479,0
5457,A,1791307595596645720,182519,1.000000,0.043755232479,0
5458,A,1791307595597096624,179978,1.000000,0.043755232479,0
5459,A,1791307595597548808,180016,1.000000,0.043755232479,0
5460,A,1791307595597987482,168695,1.000000,0.043755232479,1
5461,B,1791307597393602902,402213,1.000000,0.117768731071,0
5462,B,1791307597394326862,336392,1.000000,0.117768731071,1
5463,A,1791307598601415558,403676,1.000000,0.043755232479,0
5464,A,1791307598602100938,322815,1.000000,0.043755232479,0
5465,A,1791307598602693841,301470,1.000000,0.043755232479,0
5466,A,1791307598603152335,184216,1.000000,0.043755232479,0
5467,A,1791307598603604249,181964,1.000000,0.043755232479,0
5468,A,1791307598604055043,183432,1.000000,0.043755232479,0
5469,A,1791307598604504947,180170,1.000000,0.043755232479,0
5470,A,1791307598604941371,169158,1.000000,0.043755232479,0
5471,A,1791307598605349705,139826,1.000000,0.043755232479,0
5472,A,1791307598605751690,133646,1.000000,0.043755232479,0
5473,A,1791307598606134635,122695,1.000000,0.043755232479,0
5474,A,1791307598606517890,119595,1.000000,0.043755232479,0
5475,A,1791307598606895375,119335,1.000000,0.043755232479,1
5476,B,1791307600398312496,370778,1.000000,0.117768731071,0
5477,B,1791307600399049766,262005,1.000000,0.117768731071,0
5478,B,1791307600399621079,236190,1.000000,0.117768731071,0
5479,B,1791307600399898535,105504,1.000000,0.117768731071,0
5480,B,1791307600400156092,101336,1.000000,0.117768731071,0
5481,B,1791307600400411268,100447,1.000000,0.117768731071,0
5482,B,1791307600400661705,93140,1.000000,0.117768731071,0
5483,B,1791307600400880852,65312,1.000000,0.117768731071,0
5484,B,1791307600401088439,60163,1.000000,0.117768731071,0
5485,B,1791307600401298367,61055,1.000000,0.117768731071,0
5486,B,1791307600401488424,41557,1.000000,0.117768731071,0
5487,B,1791307600401670662,41538,1.000000,0.117768731071,1
5488,A,1791307601610681351,412826,1.000000,0.043755232479,0
5489,A,1791307601611378871,322438,1.000000,0.043755232479,0
5490,A,1791307601611982704,305854,1.000000,0.043755232479,0
5491,A,1791307601612574396,299499,1.000000,0.043755232479,0
5492,A,1791307601613163488,297885,1.000000,0.043755232479,0
5493,A,1791307601613647691,193751,1.000000,0.043755232479,0
5494,A,1791307601614105505,183140,1.000000,0.043755232479,0
5495,A,1791307601614559629,180699,1.000000,0.043755232479,0
5496,A,1791307601615009883,178848,1.000000,0.043755232479,0
5497,A,1791307601615425908,142038,1.000000,0.043755232479,0
5498,A,1791307601615813883,121339,1.000000,0.043755232479,0
5499,A,1791307601616213078,119469,1.000000,0.043755232479,0
5500,A,1791307601616612362,124169,1.000000,0.043755232479,0
5501,A,1791307601616998067,123390,1.000000,0.043755232479,0
5502,A,1791307601617384502,118760,1.000000,0.043755232479,0
5503,A,1791307601617766157,117741,1.000000,0.043755232479,0
5504,A,1791307601618146672,117112,1.000000,0.043755232479,0
5505,A,1791307601618528407,117953,1.000000,0.043755232479,0
5506,A,1791307601618917842,119624,1.000000,0.043755232479,0
5507,A,1791307601619298457,117924,1.000000,0.043755232479,0
5508,A,1791307601619680732,118025,1.000000,0.043755232479,0
5509,A,1791307601620062477,117816,1.000000,0.043755232479,0
5510,A,1791307601620444352,117187,1.000000,0.043755232479,0
5511,A,1791307601620828096,119697,1.000000,0.043755232479,0
5512,A,1791307601621209721,115907,1.000000,0.043755232479,0
5513,A,1791307601621588256,114078,1.000000,0.043755232479,0
5514,A,1791307601621968721,115579,1.000000,0.043755232479,0
5515,A,1791307601622346006,113490,1.000000,0.043755232479,0
5516,A,1791307601622722951,114661,1.000000,0.043755232479,0
5517,A,1791307601623101966,116582,1.000000,0.043755232479,0
5518,A,1791307601623482301,115703,1.000000,0.043755232479,0
5519,A,1791307601623860746,115763,1.000000,0.043755232479,0
5520,A,1791307601624240131,114904,1.000000,0.043755232479,0
5521,A,1791307601624619196,115435,1.000000,0.043755232479,0
5522,A,1791307601625009541,125376,1.000000,0.043755232479,0
5523,A,1791307601625393426,114997,1.000000,0.043755232479,0
5524,A,1791307601625772811,116637,1.000000,0.043755232479,0
5525,A,1791307601626151466,114568,1.000000,0.043755232479,0
5526,A,1791307601626528771,113619,1.000000,0.043755232479,0
5527,A,1791307601626906726,115470,1.000000,0.043755232479,0
5528,A,1791307601627286651,115071,1.000000,0.043755232479,0
5529,A,1791307601627667166,117242,1.000000,0.043755232479,0
5530,A,1791307601628045301,115142,1.000000,0.043755232479,1
5531,B,1791307603405184543,217854,1.000000,0.117768731071,0
5532,B,1791307603405835884,194834,1.000000,0.117768731071,0
5533,B,1791307603406190390,138960,1.000000,0.117768731071,0
5534,B,1791307603406479036,96337,1.000000,0.117768731071,0
5535,B,1791307603406744532,95043,1.000000,0.117768731071,0
5536,B,1791307603407002799,87640,1.000000,0.117768731071,0
5537,B,1791307603407257275,86196,1.000000,0.117768731071,1
5538,A,1791307604629457390,445777,1.000000,0.043755232479,0
5539,A,1791307604630156721,351934,1.000000,0.043755232479,0
5540,A,1791307604630733563,295655,1.000000,0.043755232479,0
5541,A,1791307604631314735,298907,1.000000,0.043755232479,0
5542,A,1791307604631779719,185931,1.000000,0.043755232479,0
5543,A,1791307604632223883,183657,1.000000,0.043755232479,0
5544,A,1791307604632674217,190353,1.000000,0.043755232479,0
5545,A,1791307604633112612,166809,1.000000,0.043755232479,0
5546,A,1791307604633533316,163536,1.000000,0.043755232479,0
5547,A,1791307604633928661,140513,1.000000,0.043755232479,0
5548,A,1791307604634310276,130531,1.000000,0.043755232479,0
5549,A,1791307604634688511,127840,1.000000,0.043755232479,0
5550,A,1791307604635063476,123118,1.000000,0.043755232479,0
5551,A,1791307604635452331,126236,1.000000,0.043755232479,0
5552,A,1791307604635824306,121324,1.000000,0.043755232479,0
5553,A,1791307604636199281,122843,1.000000,0.043755232479,0
5554,A,1791307604636573416,121821,1.000000,0.043755232479,0
5555,A,1791307604636954041,131159,1.000000,0.043755232479,0
5556,A,1791307604637334626,126527,1.000000,0.043755232479,0
5557,A,1791307604637709681,125346,1.000000,0.043755232479,0
5558,A,1791307604638083146,123144,1.000000,0.043755232479,0
5559,A,1791307604638459511,125812,1.000000,0.043755232479,0
5560,A,1791307604638834156,124410,1.000000,0.043755232479,0
5561,A,1791307604639212831,128849,1.000000,0.043755232479,0
5562,A,1791307604639590016,125587,1.000000,0.043755232479,0
5563,A,1791307604639972880,131834,1.000000,0.043755232479,0
5564,A,1791307604640351695,126122,1.000000,0.043755232479,0
5565,A,1791307604640727120,124721,1.000000,0.043755232479,0
5566,A,1791307604641111635,126849,1.000000,0.043755232479,0
5567,A,1791307604641500350,129667,1.000000,0.043755232479,0
5568,A,1791307604641883535,125835,1.000000,0.043755232479,0
5569,A,1791307604642266950,124523,1.000000,0.043755232479,0
5570,A,1791307604642652755,125951,1.000000,0.043755232479,0
5571,A,1791307604643044480,126559,1.000000,0.043755232479,0
5572,A,1791307604643426165,125537,1.000000,0.043755232479,0
5573,A,1791307604643805770,124386,1.000000,0.043755232479,0
5574,A,1791307604644184115,122934,1.000000,0.043755232479,0
5575,A,1791307604644566950,124902,1.000000,0.043755232479,0
5576,A,1791307604644948335,126390,1.000000,0.043755232479,0
5577,A,1791307604645330259,125307,1.000000,0.043755232479,0
5578,A,1791307604645712174,126216,1.000000,0.043755232479,0
5579,A,1791307604646092079,124754,1.000000,0.043755232479,0
5580,A,1791307604646471684,123342,1.000000,0.043755232479,0
5581,A,1791307604646856809,130970,1.000000,0.043755232479,0
5582,A,1791307604647240674,124988,1.000000,0.043755232479,0
5583,A,1791307604647625229,129077,1.000000,0.043755232479,0
5584,A,1791307604648009674,125475,1.000000,0.043755232479,0
5585,A,1791307604648392619,123753,1.000000,0.043755232479,0
5586,A,1791307604648774464,125871,1.000000,0.043755232479,0
5587,A,1791307604649156499,125469,1.000000,0.043755232479,0
5588,A,1791307604649537384,122247,1.000000,0.043755232479,0
5589,A,1791307604649917219,124616,1.000000,0.043755232479,0
5590,A,1791307604650296224,123184,1.000000,0.043755232479,0
5591,A,1791307604650684989,127972,1.000000,0.043755232479,0
5592,A,1791307604651074203,127559,1.000000,0.043755232479,0
5593,A,1791307604651455718,125277,1.000000,0.043755232479,0
5594,A,1791307604651836593,125855,1.000000,0.043755232479,0
5595,A,1791307604652222718,125483,1.000000,0.043755232479,1
5596,B,1791307606410985951,380952,1.000000,0.117768731071,0
5597,B,1791307606411799420,326612,1.000000,0.117768731071,0
5598,B,1791307606412338273,229490,1.000000,0.117768731071,0
5599,B,1791307606412739398,228155,1.000000,0.117768731071,0
5600,B,1791307606413132472,225978,1.000000,0.117768731071,1
5601,A,1791307607656040692,472769,1.000000,0.043755232479,0
5602,A,1791307607656882991,430191,1.000000,0.043755232479,0
5603,A,1791307607657660501,394745,1.000000,0.043755232479,0
5604,A,1791307607658266923,307782,1.000000,0.043755232479,0
5605,A,1791307607658860335,302990,1.000000,0.043755232479,0
5606,A,1791307607659447997,302338,1.000000,0.043755232479,0
5607,A,1791307607659910211,188478,1.000000,0.043755232479,0
5608,A,1791307607660368105,188478,1.000000,0.043755232479,0
5609,A,1791307607660827819,190389,1.000000,0.043755232479,0
5610,A,1791307607661276893,180350,1.000000,0.043755232479,1
5611,B,1791307609416769762,391138,1.000000,0.117768731071,0
5612,B,1791307609417615611,409991,1.000000,0.117768731071,0
5613,B,1791307609418176233,234466,1.000000,0.117768731071,0
5614,B,1791307609418584798,225292,1.000000,0.117768731071,0
5615,B,1791307609418994912,229168,1.000000,0.117768731071,0
5616,B,1791307609419283368,109156,1.000000,0.117768731071,0
5617,B,1791307609419542665,105184,1.000000,0.117768731071,0
5618,B,1791307609419808861,110381,1.000000,0.117768731071,0
5619,B,1791307609420068558,107660,1.000000,0.117768731071,0
5620,B,1791307609420328774,105217,1.000000,0.117768731071,0
5621,B,1791307609420539632,51606,1.000000,0.117768731071,0
5622,B,1791307609420720769,53784,1.000000,0.117768731071,0
5623,B,1791307609420886397,43663,1.000000,0.117768731071,0
5624,B,1791307609421083664,42391,1.000000,0.117768731071,0
5625,B,1791307609421245102,41488,1.000000,0.117768731071,0
5626,B,1791307609421446560,39177,1.000000,0.117768731071,1
5627,A,1791307610665190979,521610,1.000000,0.043755232479,0
5628,A,1791307610666000468,384582,1.000000,0.043755232479,0
5629,A,1791307610666710859,319819,1.000000,0.043755232479,0
5630,A,1791307610667285211,296410,1.000000,0.043755232479,0
5631,A,1791307610667871304,300132,1.000000,0.043755232479,0
5632,A,1791307610668340577,172794,1.000000,0.043755232479,0
5633,A,1791307610668772492,157211,1.000000,0.043755232479,0
5634,A,1791307610669192386,154107,1.000000,0.043755232479,0
5635,A,1791307610669611251,153144,1.000000,0.043755232479,0
5636,A,1791307610670008765,132890,1.000000,0.043755232479,0
5637,A,1791307610670391700,124988,1.000000,0.043755232479,0
5638,A,1791307610670780935,133696,1.000000,0.043755232479,0
5639,A,1791307610671165090,127684,1.000000,0.043755232479,0
5640,A,1791307610671550065,126591,1.000000,0.043755232479,0
5641,A,1791307610671933210,126279,1.000000,0.043755232479,0
5642,A,1791307610672315385,125977,1.000000,0.043755232479,0
5643,A,1791307610672704880,130105,1.000000,0.043755232479,0
5644,A,1791307610673094625,130873,1.000000,0.043755232479,0
5645,A,1791307610673475089,123910,1.000000,0.043755232479,0
5646,A,1791307610673856874,125678,1.000000,0.043755232479,0
5647,A,1791307610674238609,126735,1.000000,0.043755232479,0
5648,A,1791307610674618264,123853,1.000000,0.043755232479,0
5649,A,1791307610675000779,125251,1.000000,0.043755232479,0
5650,A,1791307610675381454,125639,1.000000,0.043755232479,0
5651,A,1791307610675762939,126147,1.000000,0.043755232479,0
5652,A,1791307610676145894,126765,1.000000,0.043755232479,0
5653,A,1791307610676527639,123393,1.000000,0.043755232479,0
5654,A,1791307610676913574,125031,1.000000,0.043755232479,0
5655,A,1791307610677297238,125728,1.000000,0.043755232479,0
5656,A,1791307610677676003,123486,1.000000,0.043755232479,0
5657,A,1791307610678060998,126084,1.000000,0.043755232479,0
5658,A,1791307610678438453,122802,1.000000,0.043755232479,0
5659,A,1791307610678818028,123970,1.000000,0.043755232479,0
5660,A,1791307610679203003,127438,1.000000,0.043755232479,0
5661,A,1791307610679585428,125056,1.000000,0.043755232479,0
5662,A,1791307610679967543,124294,1.000000,0.043755232479,0
5663,A,1791307610680348508,125682,1.000000,0.043755232479,0
5664,A,1791307610680732983,125029,1.000000,0.043755232479,0
5665,A,1791307610681119687,129436,1.000000,0.043755232479,0
5666,A,1791307610681503552,127044,1.000000,0.043755232479,0
5667,A,1791307610681883507,125702,1.000000,0.043755232479,0
5668,A,1791307610682272282,125630,1.000000,0.043755232479,0
5669,A,1791307610682656287,125558,1.000000,0.043755232479,0
5670,A,1791307610683037602,125386,1.000000,0.043755232479,0
5671,A,1791307610683422827,128924,1.000000,0.043755232479,0
5672,A,1791307610683803002,125111,1.000000,0.043755232479,0
5673,A,1791307610684181957,124829,1.000000,0.043755232479,0
5674,A,1791307610684566322,126647,1.000000,0.043755232479,0
5675,A,1791307610684948147,125325,1.000000,0.043755232479,0
5676,A,1791307610685329952,126173,1.000000,0.043755232479,0
5677,A,1791307610685717927,131971,1.000000,0.043755232479,0
5678,A,1791307610686099042,125219,1.000000,0.043755232479,1
5679,B,1791307612425066850,343435,1.000000,0.117768731071,0
5680,B,1791307612425899849,352885,1.000000,0.117768731071,0
5681,B,1791307612426431322,248034,1.000000,0.117768731071,0
5682,B,1791307612426829437,242269,1.000000,0.117768731071,0
5683,B,1791307612427229841,243194,1.000000,0.117768731071,0
5684,B,1791307612427623676,241509,1.000000,0.117768731071,0
5685,B,1791307612427890633,126744,1.000000,0.117768731071,0
5686,B,1791307612428150559,124387,1.000000,0.117768731071,0
5687,B,1791307612428407666,123111,1.000000,0.117768731071,0
5688,B,1791307612428667732,124533,1.000000,0.117768731071,0
5689,B,1791307612428904119,103517,1.000000,0.117768731071,0
5690,B,1791307612429083147,69550,1.000000,0.117768731071,0
5691,B,1791307612429246565,59282,1.000000,0.117768731071,0
5692,B,1791307612429448972,62325,1.000000,0.117768731071,0
5693,B,1791307612429611360,59907,1.000000,0.117768731071,0
5694,B,1791307612429816397,59969,1.000000,0.117768731071,0
5695,B,1791307612429980145,58341,1.000000,0.117768731071,0
5696,B,1791307612430188302,58413,1.000000,0.117768731071,0
5697,B,1791307612430347280,57315,1.000000,0.117768731071,0
5698,B,1791307612430563177,61597,1.000000,0.117768731071,0
5699,B,1791307612430728615,62409,1.000000,0.117768731071,0
5700,B,1791307612430934442,60311,1.000000,0.117768731071,0
5701,B,1791307612431095430,56523,1.000000,0.117768731071,0
5702,B,1791307612431305947,56216,1.000000,0.117768731071,0
5703,B,1791307612431464265,56738,1.000000,0.117768731071,0
5704,B,1791307612431680312,57680,1.000000,0.117768731071,0
5705,B,1791307612431842980,60972,1.000000,0.117768731071,0
5706,B,1791307612432052917,58125,1.000000,0.117768731071,1
5707,A,1791307613689444298,422464,1.000000,0.043755232479,0
5708,A,1791307613690144469,317039,1.000000,0.043755232479,0
5709,A,1791307613690738921,295596,1.000000,0.043755232479,0
5710,A,1791307613691187485,168626,1.000000,0.043755232479,0
5711,A,1791307613691608260,147878,1.000000,0.043755232479,0
5712,A,1791307613692024354,146149,1.000000,0.043755232479,0
5713,A,1791307613692437559,142630,1.000000,0.043755232479,0
5714,A,1791307613692860183,152351,1.000000,0.043755232479,0
5715,A,1791307613693279818,144293,1.000000,0.043755232479,0
5716,A,1791307613693693562,141934,1.000000,0.043755232479,0
5717,A,1791307613694095867,120046,1.000000,0.043755232479,0
5718,A,1791307613694476242,115608,1.000000,0.043755232479,0
5719,A,1791307613694860187,117620,1.000000,0.043755232479,0
5720,A,1791307613695243902,120712,1.000000,0.043755232479,0
5721,A,1791307613695620247,114084,1.000000,0.043755232479,0
5722,A,1791307613695998222,116126,1.000000,0.043755232479,0
5723,A,1791307613696376667,115469,1.000000,0.043755232479,0
5724,A,1791307613696752792,115121,1.000000,0.043755232479,0
5725,A,1791307613697147636,129242,1.000000,0.043755232479,0
5726,A,1791307613697532261,114274,1.000000,0.043755232479,0
5727,A,1791307613697910086,115606,1.000000,0.043755232479,0
5728,A,1791307613698297121,126028,1.000000,0.043755232479,0
5729,A,1791307613698671526,113800,1.000000,0.043755232479,0
5730,A,1791307613699048271,114893,1.000000,0.043755232479,0
5731,A,1791307613699427256,114885,1.000000,0.043755232479,0
5732,A,1791307613699805011,116687,1.000000,0.043755232479,0
5733,A,1791307613700188286,115959,1.000000,0.043755232479,0
5734,A,1791307613700563301,114911,1.000000,0.043755232479,0
5735,A,1791307613700942726,117303,1.000000,0.043755232479,0
5736,A,1791307613701328401,116915,1.000000,0.043755232479,0
5737,A,1791307613701715916,120528,1.000000,0.043755232479,0
5738,A,1791307613702100521,116030,1.000000,0.043755232479,0
5739,A,1791307613702483216,115732,1.000000,0.043755232479,0
5740,A,1791307613702864581,114484,1.000000,0.043755232479,0
5741,A,1791307613703246306,115266,1.000000,0.043755232479,0
5742,A,1791307613703626911,115408,1.000000,0.043755232479,0
5743,A,1791307613704010346,117200,1.000000,0.043755232479,0
5744,A,1791307613704391331,115082,1.000000,0.043755232479,0
5745,A,1791307613704770816,114355,1.000000,0.043755232479,0
5746,A,1791307613705153320,114666,1.000000,0.043755232479,0
5747,A,1791307613705535405,114638,1.000000,0.043755232479,0
5748,A,1791307613705914920,114000,1.000000,0.043755232479,0
5749,A,1791307613706304395,114922,1.000000,0.043755232479,0
5750,A,1791307613706683250,112744,1.000000,0.043755232479,0
5751,A,1791307613707064325,114787,1.000000,0.043755232479,0
5752,A,1791307613707446460,115609,1.000000,0.043755232479,0
5753,A,1791307613707832345,120401,1.000000,0.043755232479,0
5754,A,1791307613708211770,113753,1.000000,0.043755232479,0
5755,A,1791307613708593455,116265,1.000000,0.043755232479,0
5756,A,1791307613708975620,117087,1.000000,0.043755232479,0
5757,A,1791307613709357485,115430,1.000000,0.043755232479,0
5758,A,1791307613709742600,119482,1.000000,0.043755232479,0
5759,A,1791307613710138154,117103,1.000000,0.043755232479,0
5760,A,1791307613710520659,114865,1.000000,0.043755232479,1
5761,B,1791307615435738908,420163,1.000000,0.117768731071,0
5762,B,1791307615436584037,424035,1.000000,0.117768731071,0
5763,B,1791307615437181729,282239,1.000000,0.117768731071,0
5764,B,1791307615437587764,246616,1.000000,0.117768731071,0
5765,B,1791307615437987289,243093,1.000000,0.117768731071,0
5766,B,1791307615438382874,238500,1.000000,0.117768731071,0
5767,B,1791307615438659380,126537,1.000000,0.117768731071,0
5768,B,1791307615438919566,127294,1.000000,0.117768731071,0
5769,B,1791307615439176223,123662,1.000000,0.117768731071,0
5770,B,1791307615439434470,125671,1.000000,0.117768731071,0
5771,B,1791307615439657257,87949,1.000000,0.117768731071,0
5772,B,1791307615439830694,67756,1.000000,0.117768731071,1
5773,A,1791307616714282648,418204,1.000000,0.043755232479,0
5774,A,1791307616714942209,319071,1.000000,0.043755232479,0
5775,A,1791307616715533311,284971,1.000000,0.043755232479,0
5776,A,1791307616715997555,178915,1.000000,0.043755232479,0
5777,A,1791307616716419260,148191,1.000000,0.043755232479,0
5778,A,1791307616716832854,145397,1.000000,0.043755232479,0
5779,A,1791307616717254319,149205,1.000000,0.043755232479,0
5780,A,1791307616717673063,145111,1.000000,0.043755232479,0
5781,A,1791307616718088648,148108,1.000000,0.043755232479,0
5782,A,1791307616718479972,124184,1.000000,0.043755232479,0
5783,A,1791307616718861027,119432,1.000000,0.043755232479,0
5784,A,1791307616719241002,119190,1.000000,0.043755232479,0
5785,A,1791307616719626757,117448,1.000000,0.043755232479,0
5786,A,1791307616720003092,117846,1.000000,0.043755232479,0
5787,A,1791307616720380097,117134,1.000000,0.043755232479,0
5788,A,1791307616720761412,116612,1.000000,0.043755232479,0
5789,A,1791307616721140367,119610,1.000000,0.043755232479,0
5790,A,1791307616721517982,116398,1.000000,0.043755232479,0
5791,A,1791307616721894327,118396,1.000000,0.043755232479,0
5792,A,1791307616722269032,116314,1.000000,0.043755232479,0
5793,A,1791307616722645367,116752,1.000000,0.043755232479,0
5794,A,1791307616723023242,118040,1.000000,0.043755232479,1
5795,B,1791307618443596430,460401,1.000000,0.117768731071,0
5796,B,1791307618444504888,458021,1.000000,0.117768731071,0
5797,B,1791307618445157190,276624,1.000000,0.117768731071,0
5798,B,1791307618445715012,271789,1.000000,0.117768731071,0
5799,B,1791307618446149537,255555,1.000000,0.117768731071,0
5800,B,1791307618446458152,139680,1.000000,0.117768731071,0
5801,B,1791307618446721639,133053,1.000000,0.117768731071,1
5802,A,1791307619726868308,495417,1.000000,0.043755232479,0
5803,A,1791307619727568509,301558,1.000000,0.043755232479,0
5804,A,1791307619728119831,223383,1.000000,0.043755232479,0
5805,A,1791307619728642424,215870,1.000000,0.043755232479,0
5806,A,1791307619729121248,188748,1.000000,0.043755232479,0
5807,A,1791307619729544922,149807,1.000000,0.043755232479,0
5808,A,1791307619729965987,145937,1.000000,0.043755232479,0
5809,A,1791307619730382381,144976,1.000000,0.043755232479,0
5810,A,1791307619730787876,135017,1.000000,0.043755232479,0
5811,A,1791307619731199691,142317,1.000000,0.043755232479,0
5812,A,1791307619731616695,143537,1.000000,0.043755232479,0
5813,A,1791307619732009370,120667,1.000000,0.043755232479,0
5814,A,1791307619732391195,116658,1.000000,0.043755232479,0
5815,A,1791307619732776030,119348,1.000000,0.043755232479,0
5816,A,1791307619733157845,118949,1.000000,0.043755232479,0
5817,A,1791307619733539080,116680,1.000000,0.043755232479,0
5818,A,1791307619733916965,117240,1.000000,0.043755232479,0
5819,A,1791307619734296150,117691,1.000000,0.043755232479,0
5820,A,1791307619734681594,116901,1.000000,0.043755232479,0
5821,A,1791307619735060399,117011,1.000000,0.043755232479,0
5822,A,1791307619735441374,117882,1.000000,0.043755232479,0
5823,A,1791307619735820749,117583,1.000000,0.043755232479,0
5824,A,1791307619736197184,114634,1.000000,0.043755232479,0
5825,A,1791307619736567850,113885,1.000000,0.043755232479,0
5826,A,1791307619736945315,118086,1.000000,0.043755232479,0
5827,A,1791307619737318830,114887,1.000000,0.043755232479,0
5828,A,1791307619737691455,114668,1.000000,0.043755232479,0
5829,A,1791307619738074160,117248,1.000000,0.043755232479,0
5830,A,1791307619738449125,115199,1.000000,0.043755232479,0
5831,A,1791307619738824080,116700,1.000000,0.043755232479,0
5832,A,1791307619739197865,115561,1.000000,0.043755232479,0
5833,A,1791307619739571110,114752,1.000000,0.043755232479,0
5834,A,1791307619739947515,119172,1.000000,0.043755232479,0
5835,A,1791307619740325260,117513,1.000000,0.043755232479,0
5836,A,1791307619740699625,114694,1.000000,0.043755232479,0
5837,A,1791307619741094840,118615,1.000000,0.043755232479,0
5838,A,1791307619741471135,116495,1.000000,0.043755232479,0
5839,A,1791307619741844710,115386,1.000000,0.043755232479,0
5840,A,1791307619742222945,116087,1.000000,0.043755232479,0
5841,A,1791307619742595300,114358,1.000000,0.043755232479,0
5842,A,1791307619742977045,125108,1.000000,0.043755232479,0
5843,A,1791307619743353170,116069,1.000000,0.043755232479,0
5844,A,1791307619743723705,113120,1.000000,0.043755232479,0
5845,A,1791307619744101040,116191,1.000000,0.043755232479,0
5846,A,1791307619744472035,113181,1.000000,0.043755232479,0
5847,A,1791307619744845020,116662,1.000000,0.043755232479,0
5848,A,1791307619745219065,116283,1.000000,0.043755232479,0
5849,A,1791307619745591950,114704,1.000000,0.043755232479,0
5850,A,1791307619745967235,117965,1.000000,0.043755232479,0
5851,A,1791307619746347960,116095,1.000000,0.043755232479,0
5852,A,1791307619746717865,112456,1.000000,0.043755232479,0
5853,A,1791307619747092900,116237,1.000000,0.043755232479,0
5854,A,1791307619747468575,118238,1.000000,0.043755232479,0
5855,A,1791307619747841850,115959,1.000000,0.043755232479,0
5856,A,1791307619748217345,114419,1.000000,0.043755232479,0
5857,A,1791307619748591610,115810,1.000000,0.043755232479,0
5858,A,1791307619748966225,116521,1.000000,0.043755232479,1
5859,B,1791307621450343411,294094,1.000000,0.117768731071,0
5860,B,1791307621451140691,316773,1.000000,0.117768731071,0
5861,B,1791307621451757843,273963,1.000000,0.117768731071,0
5862,B,1791307621452319975,267552,1.000000,0.117768731071,0
5863,B,1791307621452744589,249891,1.000000,0.117768731071,0
5864,B,1791307621453065595,138862,1.000000,0.117768731071,0
5865,B,1791307621453329492,130723,1.000000,0.117768731071,0
5866,B,1791307621453590768,127552,1.000000,0.117768731071,0
5867,B,1791307621453827025,107342,1.000000,0.117768731071,0
5868,B,1791307621454055262,101792,1.000000,0.117768731071,0
5869,B,1791307621454262829,86882,1.000000,0.117768731071,0
5870,B,1791307621454467927,86652,1.000000,0.117768731071,0
5871,B,1791307621454636664,66061,1.000000,0.117768731071,0
5872,B,1791307621454828872,63442,1.000000,0.117768731071,0
5873,B,1791307621454989260,63032,1.000000,0.117768731071,0
5874,B,1791307621455193117,63801,1.000000,0.117768731071,0
5875,B,1791307621455347925,60181,1.000000,0.117768731071,0
5876,B,1791307621455554442,59170,1.000000,0.117768731071,0
5877,B,1791307621455710160,59000,1.000000,0.117768731071,0
5878,B,1791307621455921357,60739,1.000000,0.117768731071,0
5879,B,1791307621456080955,61169,1.000000,0.117768731071,0
5880,B,1791307621456288133,59910,1.000000,0.117768731071,0
5881,B,1791307621456444531,61620,1.000000,0.117768731071,1
5882,A,1791307622752838285,513224,1.000000,0.043755232479,0
5883,A,1791307622753665894,399319,1.000000,0.043755232479,0
5884,A,1791307622754338595,312688,1.000000,0.043755232479,0
5885,A,1791307622754938837,305291,1.000000,0.043755232479,0
5886,A,1791307622755533529,304844,1.000000,0.043755232479,0
5887,A,1791307622756014452,188388,1.000000,0.043755232479,1
5888,B,1791307624458513304,463546,1.000000,0.117768731071,0
5889,B,1791307624459218555,310844,1.000000,0.117768731071,0
5890,B,1791307624459863796,289208,1.000000,0.117768731071,0
5891,B,1791307624460488838,282573,1.000000,0.117768731071,0
5892,B,1791307624460915182,264116,1.000000,0.117768731071,0
5893,B,1791307624461310107,258769,1.000000,0.117768731071,0
5894,B,1791307624461574004,139643,1.000000,0.117768731071,0
5895,B,1791307624461833110,140174,1.000000,0.117768731071,0
5896,B,1791307624462093577,138776,1.000000,0.117768731071,0
5897,B,1791307624462357823,146387,1.000000,0.117768731071,0
5898,B,1791307624462576750,104949,1.000000,0.117768731071,0
5899,B,1791307624462780338,87712,1.000000,0.117768731071,0
5900,B,1791307624462972575,78043,1.000000,0.117768731071,0
5901,B,1791307624463144083,73104,1.000000,0.117768731071,0
5902,B,1791307624463301911,72346,1.000000,0.117768731071,0
5903,B,1791307624463502918,72457,1.000000,0.117768731071,0
5904,B,1791307624463660656,73708,1.000000,0.117768731071,0
5905,B,1791307624463865793,74479,1.000000,0.117768731071,0
5906,B,1791307624464021611,72740,1.000000,0.117768731071,0
5907,B,1791307624464234278,72551,1.000000,0.117768731071,0
5908,B,1791307624464391166,73043,1.000000,0.117768731071,0
5909,B,1791307624464596664,71985,1.000000,0.117768731071,0
5910,B,1791307624464759132,73425,1.000000,0.117768731071,0
5911,B,1791307624464968439,75316,1.000000,0.117768731071,1
5912,A,1791307625759861813,473772,1.000000,0.043755232479,0
5913,A,1791307625760655312,358632,1.000000,0.043755232479,0
5914,A,1791307625761307084,289726,1.000000,0.043755232479,0
5915,A,1791307625761894656,284282,1.000000,0.043755232479,0
5916,A,1791307625762474188,279908,1.000000,0.043755232479,0
5917,A,1791307625762921552,149466,1.000000,0.043755232479,0
5918,A,1791307625763344187,140516,1.000000,0.043755232479,1
5919,B,1791307627468587033,364836,1.000000,0.117768731071,0
5920,B,1791307627469481771,462735,1.000000,0.117768731071,0
5921,B,1791307627470120443,277229,1.000000,0.117768731071,1
5922,A,1791307628767247744,482063,1.000000,0.043755232479,0
5923,A,1791307628768097062,418736,1.000000,0.043755232479,0
5924,A,1791307628768821293,301713,1.000000,0.043755232479,0
5925,A,1791307628769399595,278625,1.000000,0.043755232479,0
5926,A,1791307628769984197,278238,1.000000,0.043755232479,0
5927,A,1791307628770446421,157922,1.000000,0.043755232479,0
5928,A,1791307628770875946,135920,1.000000,0.043755232479,0
5929,A,1791307628771296180,134117,1.000000,0.043755232479,0
5930,A,1791307628771714394,132354,1.000000,0.043755232479,0
5931,A,1791307628772131239,133672,1.000000,0.043755232479,0
5932,A,1791307628772525374,110160,1.000000,0.043755232479,0
5933,A,1791307628772915759,110389,1.000000,0.043755232479,0
5934,A,1791307628773299183,105766,1.000000,0.043755232479,0
5935,A,1791307628773682178,106445,1.000000,0.043755232479,0
5936,A,1791307628774068403,107074,1.000000,0.043755232479,0
5937,A,1791307628774458808,113612,1.000000,0.043755232479,0
5938,A,1791307628774839893,105551,1.000000,0.043755232479,0
5939,A,1791307628775221468,106410,1.000000,0.043755232479,0
5940,A,1791307628775605843,104698,1.000000,0.043755232479,0
5941,A,1791307628775985218,104007,1.000000,0.043755232479,0
5942,A,1791307628776363083,104656,1.000000,0.043755232479,0
5943,A,1791307628776751478,111915,1.000000,0.043755232479,0
5944,A,1791307628777134173,107213,1.000000,0.043755232479,0
5945,A,1791307628777522028,105372,1.000000,0.043755232479,0
5946,A,1791307628777902743,105371,1.000000,0.043755232479,0
5947,A,1791307628778285857,105538,1.000000,0.043755232479,0
5948,A,1791307628778663922,103177,1.000000,0.043755232479,0
5949,A,1791307628779039817,104556,1.000000,0.043755232479,0
5950,A,1791307628779423842,106655,1.000000,0.043755232479,0
5951,A,1791307628779804267,108863,1.000000,0.043755232479,0
5952,A,1791307628780184162,104102,1.000000,0.043755232479,0
5953,A,1791307628780560187,104981,1.000000,0.043755232479,0
5954,A,1791307628780939642,108530,1.000000,0.043755232479,0
5955,A,1791307628781321907,106028,1.000000,0.043755232479,0
5956,A,1791307628781700582,103387,1.000000,0.043755232479,0
5957,A,1791307628782076167,104856,1.000000,0.043755232479,0
5958,A,1791307628782457942,109705,1.000000,0.043755232479,0
5959,A,1791307628782836307,106683,1.000000,0.043755232479,0
5960,A,1791307628783211902,102932,1.000000,0.043755232479,0
5961,A,1791307628783587047,103371,1.000000,0.043755232479,0
5962,A,1791307628783961182,103240,1.000000,0.043755232479,0
5963,A,1791307628784334687,102999,1.000000,0.043755232479,0
5964,A,1791307628784714172,103637,1.000000,0.043755232479,0
5965,A,1791307628785094127,107426,1.000000,0.043755232479,0
5966,A,1791307628785472172,105785,1.000000,0.043755232479,0
5967,A,1791307628785847747,105374,1.000000,0.043755232479,0
5968,A,1791307628786228052,105363,1.000000,0.043755232479,0
5969,A,1791307628786605027,104261,1.000000,0.043755232479,0
5970,A,1791307628786979812,103970,1.000000,0.043755232479,0
5971,A,1791307628787356457,103079,1.000000,0.043755232479,0
5972,A,1791307628787732972,104418,1.000000,0.043755232479,0
5973,A,1791307628788113747,104627,1.000000,0.043755232479,0
5974,A,1791307628788486982,102215,1.000000,0.043755232479,0
5975,A,1791307628788868727,110244,1.000000,0.043755232479,0
5976,A,1791307628789247722,105613,1.000000,0.043755232479,0
5977,A,1791307628789628817,103302,1.000000,0.043755232479,0
5978,A,1791307628790002972,103330,1.000000,0.043755232479,1
5979,B,1791307630473932447,348809,1.000000,0.117768731071,0
5980,B,1791307630474563739,370346,1.000000,0.117768731071,1
5981,A,1791307631793871904,465964,1.000000,0.043755232479,0
5982,A,1791307631794657213,344381,1.000000,0.043755232479,0
5983,A,1791307631795306115,286683,1.000000,0.043755232479,0
5984,A,1791307631795897137,278707,1.000000,0.043755232479,0
5985,A,1791307631796476989,272741,1.000000,0.043755232479,1
5986,B,1791307633478486802,415995,1.000000,0.117768731071,0
5987,B,1791307633479179503,269019,1.000000,0.117768731071,0
5988,B,1791307633479902013,293481,1.000000,0.117768731071,0
5989,B,1791307633480526905,256615,1.000000,0.117768731071,0
5990,B,1791307633480848861,129361,1.000000,0.117768731071,0
5991,B,1791307633481120227,123488,1.000000,0.117768731071,0
5992,B,1791307633481380384,114286,1.000000,0.117768731071,0
5993,B,1791307633481635760,113993,1.000000,0.117768731071,1
5994,A,1791307634800393626,487590,1.000000,0.043755232479,0
5995,A,1791307634801108697,278251,1.000000,0.043755232479,0
5996,A,1791307634801802367,293183,1.000000,0.043755232479,0
5997,A,1791307634802398620,279159,1.000000,0.043755232479,0
5998,A,1791307634802986722,285304,1.000000,0.043755232479,0
5999,A,1791307634803436256,155682,1.000000,0.043755232479,0
6000,A,1791307634803865290,137581,1.000000,0.043755232479,0
6001,A,1791307634804286995,135981,1.000000,0.043755232479,0
6002,A,1791307634804706739,135680,1.000000,0.043755232479,0
6003,A,1791307634805129593,137879,1.000000,0.043755232479,1
6004,B,1791307636485299709,431495,1.000000,0.117768731071,0
6005,B,1791307636485917140,378273,1.000000,0.117768731071,0
6006,B,1791307636486527252,363180,1.000000,0.117768731071,0
6007,B,1791307636486942057,249928,1.000000,0.117768731071,0
6008,B,1791307636487330402,245362,1.000000,0.117768731071,0
6009,B,1791307636487616388,138807,1.000000,0.117768731071,0
6010,B,1791307636487872385,129441,1.000000,0.117768731071,0
6011,B,1791307636488129341,128953,1.000000,0.117768731071,1
6012,A,1791307637808884408,357096,1.000000,0.043755232479,0
6013,A,1791307637809641288,355541,1.000000,0.043755232479,0
6014,A,1791307637810298829,303058,1.000000,0.043755232479,0
6015,A,1791307637810898381,298977,1.000000,0.043755232479,0
6016,A,1791307637811360005,164717,1.000000,0.043755232479,0
6017,A,1791307637811800710,148690,1.000000,0.043755232479,0
6018,A,1791307637812224034,147451,1.000000,0.043755232479,0
6019,A,1791307637812643438,144353,1.000000,0.043755232479,0
6020,A,1791307637813065913,148365,1.000000,0.043755232479,0
6021,A,1791307637813485997,144497,1.000000,0.043755232479,0
6022,A,1791307637813889622,124149,1.000000,0.043755232479,0
6023,A,1791307637814282597,124352,1.000000,0.043755232479,0
6024,A,1791307637814670872,119375,1.000000,0.043755232479,1
6025,B,1791307639491814009,389925,1.000000,0.117768731071,0
6026,B,1791307639492618679,397369,1.000000,0.117768731071,0
6027,B,1791307639493121352,169024,1.000000,0.117768731071,0
6028,B,1791307639493680674,271667,1.000000,0.117768731071,0
6029,B,1791307639494105939,252334,1.000000,0.117768731071,0
6030,B,1791307639494372945,130921,1.000000,0.117768731071,0
6031,B,1791307639494631992,128419,1.000000,0.117768731071,0
6032,B,1791307639494871249,110258,1.000000,0.117768731071,0
6033,B,1791307639495101905,110234,1.000000,0.117768731071,0
6034,B,1791307639495321623,100263,1.000000,0.117768731071,0
6035,B,1791307639495505080,65681,1.000000,0.117768731071,0
6036,B,1791307639495681418,61250,1.000000,0.117768731071,0
6037,B,1791307639495837536,61858,1.000000,0.117768731071,0
6038,B,1791307639496041063,65286,1.000000,0.117768731071,0
6039,B,1791307639496199711,63914,1.000000,0.117768731071,0
6040,B,1791307639496397758,60752,1.000000,0.117768731071,0
6041,B,1791307639496552756,59520,1.000000,0.117768731071,0
6042,B,1791307639496761973,62488,1.000000,0.117768731071,0
6043,B,1791307639496922131,63727,1.000000,0.117768731071,0
6044,B,1791307639497127668,63545,1.000000,0.117768731071,0
6045,B,1791307639497281476,60343,1.000000,0.117768731071,0
6046,B,1791307639497489164,58612,1.000000,0.117768731071,0
6047,B,1791307639497643612,59211,1.000000,0.117768731071,0
6048,B,1791307639497862289,66678,1.000000,0.117768731071,0
6049,B,1791307639498022947,64797,1.000000,0.117768731071,0
6050,B,1791307639498231264,60505,1.000000,0.117768731071,0
6051,B,1791307639498392862,60304,1.000000,0.117768731071,0
6052,B,1791307639498605459,58841,1.000000,0.117768731071,0
6053,B,1791307639498776397,61380,1.000000,0.117768731071,0
6054,B,1791307639498980414,63428,1.000000,0.117768731071,0
6055,B,1791307639499138452,64636,1.000000,0.117768731071,0
6056,B,1791307639499358759,59523,1.000000,0.117768731071,0
6057,B,1791307639499512077,59402,1.000000,0.117768731071,0
6058,B,1791307639499739254,59890,1.000000,0.117768731071,0
6059,B,1791307639499895472,62018,1.000000,0.117768731071,1
6060,A,1791307640818528791,485087,1.000000,0.043755232479,0
6061,A,1791307640819143012,219865,1.000000,0.043755232479,0
6062,A,1791307640819740095,305531,1.000000,0.043755232479,0
6063,A,1791307640820337267,308484,1.000000,0.043755232479,0
6064,A,1791307640820931209,306967,1.000000,0.043755232479,0
6065,A,1791307640821526781,305980,1.000000,0.043755232479,0
6066,A,1791307640821993015,191265,1.000000,0.043755232479,0
6067,A,1791307640822458599,187332,1.000000,0.043755232479,0
6068,A,1791307640822917953,193770,1.000000,0.043755232479,1
6069,B,1791307642503673741,445360,1.000000,0.117768731071,0
6070,B,1791307642504521080,431837,1.000000,0.117768731071,0
6071,B,1791307642505139552,292235,1.000000,0.117768731071,0
6072,B,1791307642505702544,285858,1.000000,0.117768731071,0
6073,B,1791307642506148289,282362,1.000000,0.117768731071,0
6074,B,1791307642506439195,154487,1.000000,0.117768731071,0
6075,B,1791307642506704571,148169,1.000000,0.117768731071,1
6076,A,1791307643825340819,339375,1.000000,0.043755232479,1
6077,B,1791307645510424297,433812,1.000000,0.117768731071,0
6078,B,1791307645511272716,443852,1.000000,0.117768731071,1
6079,A,1791307646829307873,526368,1.000000,0.043755232479,0
6080,A,1791307646830209571,490461,1.000000,0.043755232479,0
6081,A,1791307646830923182,323138,1.000000,0.043755232479,0
6082,A,1791307646831509064,307230,1.000000,0.043755232479,0
6083,A,1791307646832100086,307503,1.000000,0.043755232479,0
6084,A,1791307646832577930,197138,1.000000,0.043755232479,0
6085,A,1791307646833042994,200344,1.000000,0.043755232479,0
6086,A,1791307646833491898,186481,1.000000,0.043755232479,0
6087,A,1791307646833959112,200898,1.000000,0.043755232479,0
6088,A,1791307646834409106,183194,1.000000,0.043755232479,0
6089,A,1791307646834859240,183131,1.000000,0.043755232479,0
6090,A,1791307646835270534,144758,1.000000,0.043755232479,0
6091,A,1791307646835657359,126036,1.000000,0.043755232479,1
6092,B,1791307648515249063,442068,1.000000,0.117768731071,0
6093,B,1791307648515988654,413415,1.000000,0.117768731071,0
6094,B,1791307648516608355,280433,1.000000,0.117768731071,0
6095,B,1791307648517049110,162404,1.000000,0.117768731071,0
6096,B,1791307648517342976,144702,1.000000,0.117768731071,0
6097,B,1791307648517609252,138791,1.000000,0.117768731071,0
6098,B,1791307648517872599,143691,1.000000,0.117768731071,0
6099,B,1791307648518121805,138088,1.000000,0.117768731071,0
6100,B,1791307648518376542,135037,1.000000,0.117768731071,0
6101,B,1791307648518577769,99527,1.000000,0.117768731071,0
6102,B,1791307648518741027,72897,1.000000,0.117768731071,0
6103,B,1791307648518942115,73666,1.000000,0.117768731071,0
6104,B,1791307648519104252,73405,1.000000,0.117768731071,0
6105,B,1791307648519302090,70675,1.000000,0.117768731071,1
6106,A,1791307649837518024,482557,1.000000,0.043755232479,0
6107,A,1791307649838140076,216114,1.000000,0.043755232479,0
6108,A,1791307649838755888,314598,1.000000,0.043755232479,0
6109,A,1791307649839351520,301660,1.000000,0.043755232479,0
6110,A,1791307649839947382,304002,1.000000,0.043755232479,0
6111,A,1791307649840533974,297524,1.000000,0.043755232479,0
6112,A,1791307649841003648,188559,1.000000,0.043755232479,0
6113,A,1791307649841458002,181635,1.000000,0.043755232479,0
6114,A,1791307649841918696,189892,1.000000,0.043755232479,1
6115,B,1791307651522935452,452042,1.000000,0.117768731071,0
6116,B,1791307651523665912,381292,1.000000,0.117768731071,0
6117,B,1791307651524324363,417593,1.000000,0.117768731071,1
6118,A,1791307652845812582,507498,1.000000,0.043755232479,1
6119,B,1791307654528147447,396496,1.000000,0.117768731071,0
6120,B,1791307654528980266,443312,1.000000,0.117768731071,0
6121,B,1791307654529612968,257873,1.000000,0.117768731071,0
6122,B,1791307654530149761,246268,1.000000,0.117768731071,0
6123,B,1791307654530447127,125903,1.000000,0.117768731071,0
6124,B,1791307654530712603,121984,1.000000,0.117768731071,0
6125,B,1791307654530973320,119687,1.000000,0.117768731071,0
6126,B,1791307654531230117,117730,1.000000,0.117768731071,0
6127,B,1791307654531465393,96692,1.000000,0.117768731071,0
6128,B,1791307654531685780,79634,1.000000,0.117768731071,0
6129,B,1791307654531867268,57086,1.000000,0.117768731071,0
6130,B,1791307654532060376,58199,1.000000,0.117768731071,0
6131,B,1791307654532225563,52680,1.000000,0.117768731071,0
6132,B,1791307654532418111,51232,1.000000,0.117768731071,0
6133,B,1791307654532573049,50423,1.000000,0.117768731071,0
6134,B,1791307654532778846,52395,1.000000,0.117768731071,0
6135,B,1791307654532946954,60176,1.000000,0.117768731071,0
6136,B,1791307654533139211,50048,1.000000,0.117768731071,0
6137,B,1791307654533295299,49489,1.000000,0.117768731071,0
6138,B,1791307654533496747,47742,1.000000,0.117768731071,0
6139,B,1791307654533650894,49521,1.000000,0.117768731071,0
6140,B,1791307654533862792,49754,1.000000,0.117768731071,0
6141,B,1791307654534021470,50736,1.000000,0.117768731071,0
6142,B,1791307654534228267,47587,1.000000,0.117768731071,0
6143,B,1791307654534380885,47919,1.000000,0.117768731071,0
6144,B,1791307654534596672,47491,1.000000,0.117768731071,0
6145,B,1791307654534854509,50493,1.000000,0.117768731071,0
6146,B,1791307654535067786,50455,1.000000,0.117768731071,0
6147,B,1791307654535222804,48856,1.000000,0.117768731071,0
6148,B,1791307654535438101,49258,1.000000,0.117768731071,0
6149,B,1791307654535591569,48430,1.000000,0.117768731071,0
6150,B,1791307654535809706,48912,1.000000,0.117768731071,0
6151,B,1791307654535971964,56123,1.000000,0.117768731071,0
6152,B,1791307654536188041,48415,1.000000,0.117768731071,1
6153,B,1791307657538351339,436538,1.000000,0.117768731071,1
