round,gen_attempts,t_gen_total_ns,gen_rtt_ns,ts_gen_success_ns,ts_swap_ns,swap_to_recv_ns,t_exp_ns,werner,pgen_success_bit,pswap_success_bit
0,1,560645,611305,1790185681488558393,1790185681488423765,134708,0,0.000000,1,0
1,2,633864,318777,1790185681489288366,1790185681489181075,138810,0,0.734375,1,1
2,1,227587,284167,1790185681489580042,1790185681489628929,121102,48887,0.830094,1,1
3,1,209278,235008,1790185681490015948,1790185681490045934,100153,29986,0.865136,1,1
4,1,165929,186438,1790185681490336515,1790185681490457628,84754,121113,0.000000,1,0
5,1,154169,174178,1790185681490719691,1790185681490878453,84425,158762,0.000000,1,0
6,2,321356,166588,1790185681491306254,1790185681491277258,91456,0,0.942499,1,1
7,1,134090,152760,1790185681491523373,1790185681491675482,85769,152109,0.000000,1,0
8,4,601594,150179,1790185681492386464,1790185681492470382,83390,83918,0.841122,1,1
9,1,138679,157498,1790185681492713191,1790185681493267671,82853,554480,0.525602,1,1
10,1,133858,152268,1790185681493505482,1790185681493657096,88164,151614,0.787315,1,1
11,1,137688,156778,1790185681493904688,1790185681494078221,86684,173533,0.768737,1,1
12,1,136039,155159,1790185681494322544,1790185681494470895,82327,148351,0.000000,1,0
13,1,135959,155218,1790185681494709621,1790185681494855760,82178,146139,0.000000,1,0
14,1,135179,153668,1790185681495093367,1790185681495247865,83139,154498,0.000000,1,0
15,1,131889,150348,1790185681495483723,1790185681495665869,81161,182146,0.000000,1,0
16,1,136628,154838,1790185681495905008,1790185681496053844,81962,148836,0.000000,1,0
17,1,132579,151469,1790185681496289104,1790185681496438769,82383,149665,0.000000,1,0
18,1,133349,152269,1790185681496675870,1790185681496830224,81384,154354,0.000000,1,0
19,2,289967,149548,1790185681497221734,1790185681497227249,80984,5515,0.910074,1,1
20,1,130200,148580,1790185681497459453,1790185681497611594,84436,152141,0.000000,1,0
21,1,145629,165428,1790185681497864739,1790185681497996139,82447,131400,0.000000,1,0
22,1,139719,159528,1790185681498241025,1790185681498381124,81658,140099,0.792782,1,1
23,1,135219,155828,1790185681498622691,1790185681499147323,86491,524632,0.541327,1,1
24,1,134709,154118,1790185681499389803,1790185681499533608,82502,143805,0.793218,1,1
25,2,298007,153449,1790185681499936317,1790185681499916813,83813,0,0.000000,1,0
26,1,132909,151508,1790185681500153955,1790185681500301658,83904,147703,0.790621,1,1
27,2,290598,154109,1790185681500696840,1790185681500685513,84316,0,0.927392,1,1
28,1,138718,157018,1790185681500929557,1790185681501070748,83157,141191,0.794989,1,1
29,1,132048,150588,1790185681501306463,1790185681501495582,82239,189119,0.759537,1,1
30,1,134789,153839,1790185681501737959,1790185681501891637,84259,153678,0.785090,1,1
31,1,132919,151209,1790185681502129905,1790185681502283192,80750,153287,0.000000,1,0
32,3,437686,150958,1790185681502821878,1790185681502749986,135501,0,0.000000,1,0
33,1,131768,152728,1790185681503038355,1790185681503131681,80422,93326,0.000000,1,0
34,1,132019,150349,1790185681503364912,1790185681503517926,82524,153014,0.787213,1,1
35,1,132229,151189,1790185681503753329,1790185681503905410,83186,152081,0.000000,1,0
36,1,133569,152198,1790185681504143095,1790185681504295805,85037,152710,0.000000,1,0
37,1,131329,149808,1790185681504532771,1790185681504721450,86208,188679,0.000000,1,0
38,1,137759,156369,1790185681504968126,1790185681505524819,81850,556693,0.524483,1,1
39,1,131799,150679,1790185681505759668,1790185681505944273,83082,184605,0.000000,1,0
40,1,134568,153068,1790185681506183413,1790185681506339588,82004,156175,0.000000,1,0
41,1,133598,157088,1790185681506576290,1790185681507115228,83246,538938,0.000000,1,0
42,1,132969,151359,1790185681507352982,1790185681507502903,84687,149921,0.000000,1,0
43,1,132379,150869,1790185681507741208,1790185681507925617,81988,184409,0.000000,1,0
44,1,134379,152898,1790185681508163394,1790185681508313312,81719,149918,0.000000,1,0
45,1,130279,147478,1790185681508545370,1790185681508704647,89700,159277,0.000000,1,0
46,1,141658,161908,1790185681508958255,1790185681509116632,82431,158377,0.781456,1,1
47,1,133549,152539,1790185681509354071,1790185681509506866,86654,152795,0.786677,1,1
48,3,442806,154738,1790185681510057855,1790185681509982830,136334,0,0.000000,1,0
49,1,128728,148288,1790185681510269372,1790185681510363045,79266,93673,0.836032,1,1
50,1,132319,152019,1790185681510595649,1790185681510754320,82466,158671,0.000000,1,0
51,1,135879,155609,1790185681510993395,1790185681511919334,84230,925939,0.362393,1,1
52,1,142279,161228,1790185681512167923,1790185681512309289,86291,141366,0.000000,1,0
53,2,294047,158319,1790185681512710438,1790185681512706634,82853,0,0.000000,1,0
54,1,138918,157458,1790185681512951935,1790185681513096909,83244,144974,0.000000,1,0
55,1,136068,154578,1790185681513337381,1790185681513497004,83755,159623,0.000000,1,0
56,2,292017,157628,1790185681513896875,1790185681513889318,81497,0,0.918155,1,1
57,1,131319,150229,1790185681514123603,1790185681514656148,82529,532545,0.000000,1,0
58,1,136019,154689,1790185681514896315,1790185681515430518,81771,534203,0.000000,1,0
59,2,289347,156508,1790185681515823076,1790185681515853422,80093,30346,0.000000,1,0
60,1,130668,149078,1790185681516085073,1790185681516245647,80724,160574,0.782456,1,1
61,1,129988,148518,1790185681516477209,1790185681517396812,83387,919603,0.000000,1,0
62,2,293956,158098,1790185681517796125,1790185681517790357,82178,0,0.918449,1,1
63,1,137849,156479,1790185681518031373,1790185681518562517,87421,531144,0.000000,1,0
64,3,442646,148078,1790185681519114343,1790185681519361006,80903,246663,0.000000,1,0
65,1,131519,151928,1790185681519595338,1790185681520132766,90115,537428,0.000000,1,0
66,1,138708,159058,1790185681520383359,1790185681520521801,82586,138442,0.000000,1,0
67,2,290147,155179,1790185681520916364,1790185681520908795,80168,0,0.000000,1,0
68,3,433956,145339,1790185681521444369,1790185681521375199,135390,0,0.000000,1,0
69,1,129529,150219,1790185681521660907,1790185681521757684,81141,96777,0.000000,1,0
70,1,134228,153628,1790185681521994693,1790185681522148979,82332,154286,0.000000,1,0
71,1,132728,151018,1790185681522384289,1790185681522925499,85374,541210,0.533369,1,1
72,1,136178,155738,1790185681523169281,1790185681523343633,80655,174352,0.000000,1,0
73,1,132019,154209,1790185681523577527,1790185681524140743,92967,563216,0.000000,1,0
74,1,146458,166109,1790185681524401988,1790185681524567797,82760,165809,0.773904,1,1
75,1,136459,155129,1790185681524808835,1790185681524961012,83120,152177,0.000000,1,0
76,1,132689,150839,1790185681525197121,1790185681525357637,81181,160516,0.000000,1,0
77,1,135529,154528,1790185681525595237,1790185681525752101,82993,156864,0.000000,1,0
78,1,135148,154538,1790185681525992312,1790185681526142256,82054,149944,0.788008,1,1
79,1,132598,151368,1790185681526377498,1790185681526916056,84366,538558,0.000000,1,0
80,1,138578,157548,1790185681527160620,1790185681528063901,89070,903281,0.000000,1,0
81,1,136978,155518,1790185681528311939,1790185681528455186,82201,143247,0.000000,1,0
82,1,132288,151948,1790185681528689955,1790185681528880650,81752,190695,0.000000,1,0
83,1,134969,153678,1790185681529118761,1790185681529271045,82993,152284,0.000000,1,0
84,1,131499,149748,1790185681529506087,1790185681529663810,82344,157723,0.000000,1,0
85,1,136578,156118,1790185681529904262,1790185681530444389,83108,540127,0.532991,1,1
86,1,136348,157398,1790185681530689055,1790185681530841714,81219,152659,0.000000,1,0
87,1,138178,157468,1790185681531083891,1790185681531280098,82080,196207,0.000000,1,0
88,1,132179,150558,1790185681531514967,1790185681531681543,81171,166576,0.000000,1,0
89,1,137058,157018,1790185681531921902,1790185681532079778,82692,157876,0.781518,1,1
90,2,290656,156638,1790185681532475006,1790185681532478772,82144,3766,0.000000,1,0
91,1,140699,153279,1790185681532721934,1790185681532904317,81274,182383,0.000000,1,0
92,2,286957,149429,1790185681533293718,1790185681533301691,81286,7973,0.000000,1,0
93,1,131279,149819,1790185681533535726,1790185681533706396,82918,170670,0.000000,1,0
94,1,136169,155989,1790185681533947842,1790185681534097971,82959,150129,0.000000,1,0
95,1,134709,153489,1790185681534337498,1790185681534490816,84119,153318,0.000000,1,0
96,1,137129,155949,1790185681534736834,1790185681534884781,81540,147947,0.785758,1,1
97,1,133139,151919,1790185681535119890,1790185681535272825,81342,152935,0.000000,1,0
98,2,282147,151419,1790185681535656564,1790185681535660460,80643,3896,0.000000,1,0
99,1,135199,153628,1790185681535897362,1790185681536443440,81426,546078,0.530555,1,1
100,1,133368,152428,1790185681536679014,1790185681537222760,82498,543746,0.000000,1,0
101,1,132708,151118,1790185681537458866,1790185681537614624,82250,155758,0.000000,1,0
102,2,290157,152618,1790185681538008760,1790185681538386564,83272,377804,0.626871,1,1
103,2,281517,149208,1790185681538769602,1790185681538779909,81952,10307,0.000000,1,0
104,3,425196,143929,1790185681539304117,1790185681539231383,134213,0,0.936647,1,1
105,1,126350,141150,1790185681539509926,1790185681539994143,83067,484217,0.000000,1,0
106,1,135208,149958,1790185681540230128,1790185681540383658,80668,153530,0.785066,1,1
107,2,279638,144918,1790185681540762093,1790185681540809272,81879,47179,0.875029,1,1
108,1,134959,149948,1790185681541043230,1790185681541199197,81680,155967,0.782159,1,1
109,1,128419,143218,1790185681541426266,1790185681541979317,88072,553051,0.527856,1,1
110,1,137908,157568,1790185681542230457,1790185681542371831,80975,141374,0.000000,1,0
111,1,134938,155198,1790185681542610194,1790185681542763716,82996,153522,0.784290,1,1
112,5,733563,150039,1790185681543602824,1790185681543529486,135177,0,0.000000,1,0
113,1,135618,155338,1790185681543822401,1790185681543913801,80629,91400,0.000000,1,0
114,1,134349,152839,1790185681544150128,1790185681545105565,83472,955437,0.000000,1,0
115,1,136268,155378,1790185681545348255,1790185681545871555,84465,523300,0.000000,1,0
116,2,287897,149689,1790185681546266487,1790185681546260960,80656,0,0.000000,1,0
117,1,134448,152898,1790185681546497164,1790185681546646865,81697,149701,0.000000,1,0
118,1,135928,154998,1790185681546890330,1790185681547048380,81168,158050,0.781166,1,1
119,1,131998,150498,1790185681547282096,1790185681547861729,86440,579633,0.513035,1,1
120,1,135739,154218,1790185681548105778,1790185681548281033,84932,175255,0.000000,1,0
121,2,285848,152738,1790185681548672273,1790185681548666568,81064,0,0.919202,1,1
122,1,135218,154178,1790185681548903900,1790185681549057173,81635,153273,0.784964,1,1
123,1,134069,152889,1790185681549293516,1790185681549446968,81666,153452,0.783192,1,1
124,1,132659,151579,1790185681549681592,1790185681549835953,84036,154361,0.000000,1,0
125,2,288087,150469,1790185681550242176,1790185681550256697,80548,14521,0.903554,1,1
126,1,133468,151898,1790185681550491523,1790185681550644732,82149,153209,0.000000,1,0
127,2,289377,152539,1790185681551037298,1790185681551042977,81920,5679,0.910657,1,1
128,1,132418,150748,1790185681551277565,1790185681551428872,81942,151307,0.787055,1,1
129,3,432665,148549,1790185681551963869,1790185681552192532,80984,228663,0.000000,1,0
130,2,282717,151638,1790185681552576563,1790185681552960341,83777,383778,0.000000,1,0
131,3,431466,145419,1790185681553497033,1790185681553426505,136127,0,0.913905,1,1
132,1,132429,151838,1790185681553729741,1790185681553811370,81269,81629,0.845060,1,1
133,1,133878,152728,1790185681554047517,1790185681554204455,86220,156938,0.782895,1,1
134,1,130580,149200,1790185681554441534,1790185681554599580,81782,158046,0.000000,1,0
135,1,136509,155869,1790185681554840220,1790185681554990594,82043,150374,0.000000,1,0
136,1,138879,158709,1790185681555233446,1790185681555382879,80944,149433,0.000000,1,0
137,2,288507,157219,1790185681555772950,1790185681555776204,82405,3254,0.909492,1,1
138,1,132739,151428,1790185681556013418,1790185681556169619,81256,156201,0.000000,1,0
139,1,131428,150338,1790185681556402603,1790185681556559544,80987,156941,0.000000,1,0
140,2,291417,151768,1790185681556953138,1790185681556945839,82668,0,0.000000,1,0
141,1,130658,150148,1790185681557179825,1790185681557337903,81460,158078,0.783280,1,1
142,1,131398,156618,1790185681557571762,1790185681557725498,82792,153736,0.000000,1,0
143,3,437445,148439,1790185681558266705,1790185681558194052,134212,0,0.905889,1,1
144,2,274797,146958,1790185681558623521,1790185681558933692,80355,310171,0.672526,1,1
145,1,131348,149938,1790185681559165775,1790185681559318257,81366,152482,0.000000,1,0
146,2,1580922,638017,1790185702589311788,1790185702589974031,263673,662243,0.000000,1,0
147,1,499257,544547,1790185702590800021,1790185702590557623,242488,0,0.968353,1,1
148,1,411398,431898,1790185702591276709,1790185702591125206,151583,0,0.000000,1,0
149,1,258358,277528,1790185702591565817,1790185702591582960,141997,17143,0.000000,1,0
150,1,269579,289219,1790185702592018875,1790185702592034753,125871,15878,0.841612,1,1
151,2,416479,213300,1790185702592595423,1790185702592499887,107466,0,0.000000,1,0
152,1,164469,180099,1790185702592781972,1790185702592917672,112279,135700,0.778780,1,1
153,2,307708,157229,1790185702593354579,1790185702593329136,106133,0,0.000000,1,0
154,1,143119,158109,1790185702593595278,1790185702593741981,106346,146703,0.772968,1,1
155,1,134429,149559,1790185702593999796,1790185702594145775,105460,145979,0.000000,1,0
156,2,275548,144029,1790185702594543213,1790185702594556010,111293,12797,0.000000,1,0
157,2,274109,144319,1790185702594958471,1790185702594982534,104796,24063,0.000000,1,0
158,1,129370,144160,1790185702595233550,1790185702595373449,104749,139899,0.000000,1,0
159,1,126420,141330,1790185702595621289,1790185702595766384,106243,145095,0.775066,1,1
160,2,276339,142179,1790185702596166306,1790185702596153949,104686,0,0.000000,1,0
161,1,132080,146290,1790185702596406795,1790185702596543594,105579,136799,0.777309,1,1
162,1,128390,143330,1790185702596793513,1790185702596934989,105542,141476,0.776307,1,1
163,3,418488,137819,1790185702597475549,1790185702597382363,156846,0,0.934466,1,1
164,2,265328,140079,1790185702597821127,1790185702597763688,120479,0,0.000000,1,0
165,1,131129,146859,1790185702598035046,1790185702598156992,109083,121946,0.000000,1,0
166,1,129979,144849,1790185702598413054,1790185702598548317,106177,135263,0.781463,1,1
167,1,129659,144689,1790185702598800683,1790185702598947512,107230,146829,0.000000,1,0
168,1,133629,147999,1790185702599205481,1790185702599338587,106253,133106,0.000000,1,0
169,2,274389,143269,1790185702599735259,1790185702599728272,110806,0,0.900983,1,1
170,1,139089,154069,1790185702599996257,1790185702600114946,107650,118689,0.793489,1,1
171,1,131689,146509,1790185702600370925,1790185702600515331,105953,144406,0.000000,1,0
172,1,130949,146099,1790185702600768693,1790185702600906476,106676,137783,0.000000,1,0
173,1,132389,147809,1790185702601162411,1790185702601331290,106170,168879,0.000000,1,0
174,1,130420,145630,1790185702601584360,1790185702602101760,110627,517400,0.532889,1,1
175,1,133739,148719,1790185702602363576,1790185702602489685,105570,126109,0.000000,1,0
176,2,283268,145009,1790185702602894763,1790185702602871300,106733,0,0.000000,1,0
177,2,277008,143009,1790185702603271371,1790185702603254425,104926,0,0.000000,1,0
178,3,404528,140790,1790185702603779719,1790185702604009975,107232,230256,0.000000,1,0
179,1,128409,143099,1790185702604261946,1790185702604767965,111339,506019,0.000000,1,0
180,2,279039,144740,1790185702605175573,1790185702605532035,104745,356462,0.000000,1,0
181,1,128340,143989,1790185702605784160,1790185702605928470,107908,144310,0.774144,1,1
182,1,130849,145399,1790185702606183607,1790185702606322744,106762,139137,0.778555,1,1
183,1,132599,146639,1790185702606578505,1790185702606712919,106095,134414,0.779434,1,1
184,1,131209,145469,1790185702606966423,1790185702607101504,106308,135081,0.000000,1,0
185,3,416079,139179,1790185702607639891,1790185702607544538,159683,0,0.000000,1,0
186,1,125539,140559,1790185702607845750,1790185702608310798,108889,465048,0.000000,1,0
187,2,271909,141269,1790185702608707736,1790185702608700363,105032,0,0.000000,1,0
188,1,132929,147269,1790185702608954604,1790185702609087068,106625,132464,0.781878,1,1
189,1,129579,143849,1790185702609338852,1790185702609478472,107089,139620,0.777746,1,1
190,2,1485012,707816,1790185708618495102,1790185708619149298,270599,654196,0.384571,1,1
191,1,494228,538997,1790185708619972014,1790185708619746320,225784,0,0.000000,1,0
192,1,263400,307679,1790185708620299423,1790185708620196814,138558,0,0.000000,1,0
193,1,224489,268739,1790185708620586221,1790185708620639838,139342,53617,0.000000,1,0
194,1,191229,209228,1790185708621009969,1790185708621072743,107385,62774,0.000000,1,0
195,1,149800,165149,1790185708621348357,1790185708621481427,105868,133070,0.000000,1,0
196,1,149839,165119,1790185708621754954,1790185708621888732,109021,133778,0.000000,1,0
197,4,596916,138479,1790185708622612759,1790185708622522813,153446,0,0.789878,1,1
198,2,279638,145259,1790185708622973327,1790185708622922378,118579,0,0.000000,1,0
199,2,270279,140399,1790185708623328376,1790185708623329932,104193,1556,0.897487,1,1
200,1,125930,140149,1790185708623577095,1790185708624100182,107349,523087,0.000000,1,0
201,1,131489,146569,1790185708624356570,1790185708624492507,106692,135937,0.000000,1,0
202,1,132970,147740,1790185708624748718,1790185708624887892,104084,139174,0.780214,1,1
203,1,136909,152009,1790185708625146245,1790185708625285756,106008,139511,0.000000,1,0
204,1,129109,144019,1790185708625537373,1790185708625679671,102821,142298,0.000000,1,0
205,1,128679,144849,1790185708625932661,1790185708626460791,106867,528130,0.000000,1,0
206,1,129869,144419,1790185708626714617,1790185708626861836,106260,147219,0.000000,1,0
207,1,135039,150389,1790185708627119955,1790185708627651415,108546,531460,0.527196,1,1
208,1,129489,144489,1790185708627905660,1790185708628052350,103049,146690,0.000000,1,0
209,1,135139,149309,1790185708628307238,1790185708628831999,107335,524761,0.000000,1,0
210,1,133210,148350,1790185708629091084,1790185708629606129,107642,515045,0.000000,1,0
211,1,131229,146359,1790185708629862050,1790185708629997504,105104,135454,0.000000,1,0
212,1,130140,145609,1790185708630249628,1790185708630775364,108380,525736,0.000000,1,0
213,1,134489,149659,1790185708631038053,1790185708631169879,107303,131826,0.000000,1,0
214,1,129940,144970,1790185708631424361,1790185708631573953,106576,149592,0.772706,1,1
215,1,129529,144649,1790185708631826968,1790185708631964628,107120,137660,0.780620,1,1
216,1,136889,151469,1790185708632225157,1790185708632358853,105483,133696,0.784188,1,1
217,2,273668,142649,1790185708632754394,1790185708633506778,110651,752384,0.000000,1,0
218,1,129849,145109,1790185708633768398,1790185708633899712,107565,131314,0.787465,1,1
219,1,134519,149519,1790185708634159286,1790185708634292267,103097,132981,0.000000,1,0
220,1,129219,143499,1790185708634542093,1790185708634683052,106900,140959,0.000000,1,0
221,4,565208,139770,1790185708635375340,1790185708635283244,154785,0,0.802224,1,1
222,1,123919,138749,1790185708635578848,1790185708636041264,106691,462416,0.000000,1,0
223,1,131239,145449,1790185708636295704,1790185708636430249,109594,134545,0.784086,1,1
224,1,129639,143869,1790185708636686072,1790185708636817814,103627,131742,0.000000,1,0
225,1,133300,147570,1790185708637071900,1790185708637214469,110409,142569,0.776532,1,1
226,2,273449,141589,1790185708637614277,1790185708637634553,107643,20276,0.000000,1,0
227,1,128529,143189,1790185708637886705,1790185708638029058,106166,142353,0.000000,1,0
228,1,131410,145640,1790185708638282944,1790185708638421073,106389,138129,0.780573,1,1
229,1,129229,143929,1790185708638672701,1790185708638806967,107103,134266,0.000000,1,0
230,1,137519,152629,1790185708639069629,1790185708639194592,108416,124963,0.000000,1,0
231,1,131919,147029,1790185708639450907,1790185708639590127,106139,139220,0.000000,1,0
232,1,129260,144710,1790185708639841915,1790185708639979632,106121,137717,0.781393,1,1
233,1,132439,147289,1790185708640235142,1790185708640373727,111514,138585,0.000000,1,0
234,1,131459,146979,1790185708640633390,1790185708640759272,107177,125882,0.000000,1,0
235,1,132039,146639,1790185708641016278,1790185708641153926,102372,137648,0.780981,1,1
236,2,273928,143339,1790185708641546256,1790185708641541881,104914,0,0.901750,1,1
237,1,126490,146849,1790185708641789475,1790185708641933276,106237,143801,0.000000,1,0
238,1,129129,143249,1790185708642185262,1790185708642354621,111920,169359,0.000000,1,0
239,2,273788,141649,1790185708642755989,1790185708642740325,104903,0,0.000000,1,0
240,1,130800,145129,1790185708642994238,1790185708643160320,107736,166082,0.000000,1,0
241,1,129459,143669,1790185708643413275,1790185708643550905,105939,137630,0.781612,1,1
242,1,129809,145369,1790185708643802573,1790185708644319415,107815,516842,0.000000,1,0
243,2,279118,146909,1790185708644723098,1790185708644709489,105659,0,0.909648,1,1
244,1,137459,152309,1790185708644973297,1790185708645510659,105324,537362,0.000000,1,0
245,1,129679,144299,1790185708645763522,1790185708645898044,105827,134522,0.784815,1,1
246,1,129929,144089,1790185708646151780,1790185708646296598,105641,144818,0.776075,1,1
247,2,274448,140789,1790185708646692347,1790185708647441053,110480,748706,0.000000,1,0
248,1,136039,150359,1790185708647705552,1790185708647828898,106733,123346,0.788394,1,1
249,1,134589,149139,1790185708648087470,1790185708648218393,102826,130923,0.786009,1,1
250,2,272808,141779,1790185708648610047,1790185708648604908,105329,0,0.000000,1,0
251,2,275009,145539,1790185708649001525,1790185708648988633,104261,0,0.907267,1,1
252,1,128979,143239,1790185708649238383,1790185708649785332,107718,546949,0.000000,1,0
253,1,135759,151099,1790185708650046769,1790185708650173397,103472,126628,0.000000,1,0
254,1,130650,145610,1790185708650424978,1790185708650565342,106824,140364,0.000000,1,0
255,1,129329,144449,1790185708650817655,1790185708651338791,103541,521136,0.532469,1,1
256,3,419677,142439,1790185708651879329,1790185708652103571,108566,224242,0.716902,1,1
257,1,131040,146100,1790185708652361457,1790185708652491086,106589,129629,0.000000,1,0
258,1,130889,145069,1790185708652745424,1790185708652883971,104352,138547,0.780690,1,1
259,1,134010,149180,1790185708653140033,1790185708653274016,102686,133983,0.783608,1,1
260,2,273378,141489,1790185708653667330,1790185708653660480,106500,0,0.904234,1,1
261,1,128830,143780,1790185708653911979,1790185708654049805,106902,137826,0.781651,1,1
262,2,279069,143030,1790185708654452246,1790185708654443030,108405,0,0.000000,1,0
263,1,128719,142769,1790185708654696434,1790185708655211810,108171,515376,0.535201,1,1
264,1,129870,144380,1790185708655466570,1790185708655603935,106703,137365,0.000000,1,0
265,2,274789,144929,1790185708656001277,1790185708656023669,105438,22392,0.000000,1,0
266,2,269928,140349,1790185708656415355,1790185708656415454,105351,99,0.897045,1,1
267,1,127450,141570,1790185708656664954,1790185708656820549,103523,155595,0.000000,1,0
268,1,143979,158429,1790185708657085081,1790185708657620158,105730,535077,0.524913,1,1
269,1,129430,144110,1790185708657872417,1790185708658010073,103852,137656,0.781346,1,1
270,1,137049,151279,1790185708658267334,1790185708658402688,106075,135354,0.000000,1,0
271,1,128609,142999,1790185708658653902,1790185708658794993,103518,141091,0.000000,1,0
272,3,416048,138989,1790185708659331119,1790185708659238497,156212,0,0.000000,1,0
273,1,124629,139119,1790185708659535608,1790185708660372572,107851,836964,0.000000,1,0
274,1,129959,144569,1790185708660627072,1790185708660759177,106003,132105,0.000000,1,0
275,1,135050,149790,1790185708661018550,1790185708661148821,103117,130271,0.000000,1,0
276,1,135139,149729,1790185708661402987,1790185708661539636,103340,136649,0.778764,1,1
277,3,427108,141020,1790185708662090404,1790185708661995730,157954,0,0.926094,1,1
278,1,125839,136139,1790185708662292283,1790185708662383165,105147,90882,0.820824,1,1
279,1,130309,140819,1790185708662630841,1790185708662767430,103280,136589,0.000000,1,0
280,1,131119,141479,1790185708663015019,1790185708663537540,107516,522521,0.000000,1,0
281,1,131129,147269,1790185708663788395,1790185708663930965,103328,142570,0.000000,1,0
282,1,132010,142329,1790185708664178793,1790185708664319859,102202,141066,0.778447,1,1
283,1,129309,139539,1790185708664563680,1790185708664704834,106465,141154,0.000000,1,0
284,1,138679,149089,1790185708664963408,1790185708665091779,103819,128371,0.786654,1,1
285,1,130589,140949,1790185708665338447,1790185708665488564,102231,150117,0.771841,1,1
286,2,272829,139479,1790185708665875714,1790185708665875809,103654,95,0.895504,1,1
287,1,132529,148469,1790185708666130732,1790185708667058463,104573,927731,0.000000,1,0
288,2,273449,140960,1790185708667454735,1790185708667824433,106629,369698,0.620311,1,1
289,1,131130,145380,1790185708668080202,1790185708668211218,103373,131016,0.786520,1,1
290,1,129320,143790,1790185708668462460,1790185708668598963,108505,136503,0.000000,1,0
291,1,129659,144679,1790185708668853127,1790185708669022287,103319,169160,0.756619,1,1
292,1,130459,144789,1790185708669272785,1790185708669789677,105754,516892,0.534880,1,1
293,1,132639,147679,1790185708670044970,1790185708670934992,107753,890022,0.367608,1,1
294,1,134410,148850,1790185708671194025,1790185708671323697,104567,129672,0.000000,1,0
295,2,274749,143849,1790185708671719012,1790185708672098016,104953,379004,0.000000,1,0
296,1,132409,146869,1790185708672353938,1790185708672490151,103196,136213,0.000000,1,0
297,1,130029,144599,1790185708672739526,1790185708672885736,104609,146210,0.000000,1,0
298,2,282338,145259,1790185708673290563,1790185708673280011,106401,0,0.000000,1,0
299,2,271349,140540,1790185708673674661,1790185708673660776,106354,0,0.000000,1,0
300,1,129149,144389,1790185708673912539,1790185708674044701,108648,132162,0.000000,1,0
301,1,131329,146179,1790185708674301388,1790185708674435006,105941,133618,0.784242,1,1
302,1,129319,143549,1790185708674686226,1790185708674822750,102995,136524,0.782881,1,1
303,1,138150,152440,1790185708675080514,1790185708675209125,102977,128611,0.782660,1,1
304,2,277489,141150,1790185708675606231,1790185708675597750,105400,0,0.000000,1,0
305,2,281758,145969,1790185708676001118,1790185708675986465,106073,0,0.000000,1,0
306,2,271598,144259,1790185708676380976,1790185708676745015,104119,364039,0.000000,1,0
307,1,134700,150050,1790185708677001813,1790185708677128850,109642,127037,0.000000,1,0
308,1,130889,145869,1790185708677388101,1790185708677549664,107346,161563,0.763780,1,1
309,2,279158,148519,1790185708677952608,1790185708677946879,102379,0,0.000000,1,0
310,1,129889,143939,1790185708678195787,1790185708678338234,106341,142447,0.000000,1,0
311,1,129130,143519,1790185708678590255,1790185708678728119,108134,137864,0.000000,1,0
312,1,135219,149719,1790185708678988102,1790185708679116753,105918,128651,0.787772,1,1
313,1,129909,144389,1790185708679369280,1790185708679888963,105873,519683,0.000000,1,0
314,1,132340,146580,1790185708680144386,1790185708680282448,107167,138062,0.000000,1,0
315,1,130699,145819,1790185708680536444,1790185708680668913,106280,132469,0.000000,1,0
316,1,135089,149829,1790185708680926342,1790185708681060327,102963,133985,0.000000,1,0
317,1,130540,144690,1790185708681310000,1790185708681449392,105276,139392,0.000000,1,0
318,1,128549,142759,1790185708681699327,1790185708681877207,109629,177880,0.000000,1,0
319,1,131659,145869,1790185708682135915,1790185708682643326,108365,507411,0.540268,1,1
320,1,134689,150849,1790185708682903780,1790185708683045851,104019,142071,0.774137,1,1
321,1,134299,149399,1790185708683301289,1790185708683434926,103262,133637,0.784956,1,1
322,1,128629,143899,1790185708683683877,1790185708683820141,110485,136264,0.782840,1,1
323,1,134080,149330,1790185708684081905,1790185708684964056,107153,882151,0.370476,1,1
324,1,132409,147289,1790185708685221128,1790185708685354801,106896,133673,0.000000,1,0
325,3,416377,141269,1790185708685894934,1790185708685802945,157089,0,0.000000,1,0
326,1,129580,144640,1790185708686106894,1790185708686183850,107103,76956,0.000000,1,0
327,1,128599,142839,1790185708686436352,1790185708686575774,105607,139422,0.780434,1,1
328,1,129129,144779,1790185708686826640,1790185708687344104,103742,517464,0.000000,1,0
329,1,130140,145189,1790185708687594846,1790185708688102164,106208,507318,0.000000,1,0
330,3,421708,143679,1790185708688648110,1790185708688870584,104234,222474,0.000000,1,0
331,1,130380,145420,1790185708689123338,1790185708689261109,106017,137771,0.000000,1,0
332,1,130990,145160,1790185708689514176,1790185708689657124,103300,142948,0.777185,1,1
333,1,130969,149829,1790185708689907463,1790185708690046039,108703,138576,0.000000,1,0
334,2,279578,145959,1790185708690451930,1790185708690441163,105507,0,0.903067,1,1
335,1,127099,141559,1790185708690690079,1790185708690823458,108699,133379,0.786489,1,1
336,1,137629,152369,1790185708691087056,1790185708691206643,106382,119587,0.792663,1,1
337,1,127979,142239,1790185708691457254,1790185708691599028,107005,141774,0.000000,1,0
338,1,128599,143459,1790185708691850722,1790185708691991213,106919,140491,0.000000,1,0
339,1,131980,146310,1790185708692247021,1790185708692381978,108501,134957,0.000000,1,0
340,1,137009,151199,1790185708692645888,1790185708692769572,106545,123684,0.792228,1,1
341,1,137949,152429,1790185708693031156,1790185708693171557,103648,140401,0.000000,1,0
342,1,129769,144119,1790185708693421404,1790185708693936807,108943,515403,0.535523,1,1
343,1,132509,148149,1790185708694196299,1790185708694330342,107356,134043,0.000000,1,0
344,2,273238,141119,1790185708694728106,1790185708695129541,109403,401435,0.600428,1,1
345,1,131240,146289,1790185708695388904,1790185708695515246,114016,126342,0.790123,1,1
346,1,129629,144609,1790185708695775571,1790185708695940761,104909,165190,0.000000,1,0
347,1,134509,149899,1790185708696197659,1790185708696326315,106463,128656,0.000000,1,0
348,1,128850,143040,1790185708696578637,1790185708696714300,106215,135663,0.783318,1,1
349,1,139369,154249,1790185708696977004,1790185708697102475,111658,125471,0.790052,1,1
350,2,273488,141299,1790185708697504561,1790185708697492030,106211,0,0.000000,1,0
351,2,270938,141259,1790185708697885309,1790185708697888255,108324,2946,0.894868,1,1
352,2,271330,140529,1790185708698284928,1790185708698272140,105607,0,0.000000,1,0
353,2,264109,137359,1790185708698658586,1790185708698651805,106820,0,0.905237,1,1
354,1,127439,142349,1790185708698902214,1790185708699035360,103583,133146,0.784392,1,1
355,1,130279,147199,1790185708699285302,1790185708700174035,104292,888733,0.368319,1,1
356,1,132070,146270,1790185708700427656,1790185708700564249,106815,136593,0.000000,1,0
357,1,130039,144529,1790185708700817233,1790185708700951944,106188,134711,0.000000,1,0
358,1,127609,141919,1790185708701201922,1790185708701739444,109025,537522,0.000000,1,0
359,1,130930,145650,1790185708701996308,1790185708702125989,102967,129681,0.000000,1,0
360,1,127160,141769,1790185708702372026,1790185708702511303,106281,139277,0.000000,1,0
361,2,267298,139539,1790185708702901502,1790185708702895458,106534,0,0.901813,1,1
362,2,266878,138209,1790185708703285230,1790185708703281233,106177,0,0.000000,1,0
363,1,127810,142490,1790185708703532059,1790185708704051783,106943,519724,0.000000,1,0
364,2,269228,140879,1790185708704445314,1790185708704436118,107426,0,0.000000,1,0
365,1,123729,137419,1790185708704683873,1790185708704826652,105900,142779,0.777886,1,1
366,2,283499,143259,1790185708705233530,1790185708705245847,106642,12317,0.000000,1,0
367,1,128899,143059,1790185708705498008,1790185708706378372,109871,880364,0.372035,1,1
368,1,131440,146020,1790185708706638252,1790185708707517157,108230,878905,0.000000,1,0
369,1,131409,147009,1790185708707775086,1790185708707910892,103373,135806,0.000000,1,0
370,2,284438,147889,1790185708708316203,1790185708708295837,106266,0,0.000000,1,0
371,1,130240,144640,1790185708708549332,1790185708708676532,107468,127200,0.000000,1,0
372,1,131259,145959,1790185708708940149,1790185708709067886,103342,127737,0.000000,1,0
373,1,129189,143419,1790185708709316657,1790185708709853596,109728,536939,0.000000,1,0
374,2,276869,142719,1790185708710258963,1790185708710247701,102731,0,0.907076,1,1
375,1,128180,142390,1790185708710494782,1790185708710646775,108885,151993,0.770493,1,1
376,1,128629,144349,1790185708710900169,1790185708711042400,107628,142231,0.000000,1,0
377,1,130479,144759,1790185708711296787,1790185708711436025,113001,139238,0.000000,1,0
378,1,128890,143150,1790185708711694475,1790185708712213705,108076,519230,0.533294,1,1
379,1,129979,144279,1790185708712468670,1790185708712604360,102929,135690,0.782746,1,1
380,2,275958,145189,1790185708712999267,1790185708712997924,103634,0,0.000000,1,0
381,1,129749,144179,1790185708713247667,1790185708713386849,102976,139182,0.000000,1,0
382,1,128490,142640,1790185708713634295,1790185708713773594,107789,139299,0.000000,1,0
383,1,135329,149149,1790185708714034032,1790185708714545304,111825,511272,0.000000,1,0
384,1,135059,149709,1790185708714808898,1790185708714972718,106478,163820,0.758452,1,1
385,1,133330,147769,1790185708715228876,1790185708715367483,109561,138607,0.780526,1,1
386,1,128969,143299,1790185708715621993,1790185708715754728,107844,132735,0.000000,1,0
387,1,135739,150809,1790185708716016411,1790185708716146833,106948,130422,0.785742,1,1
388,1,130639,145729,1790185708716401950,1790185708716536288,106490,134338,0.784141,1,1
389,1,130190,149969,1790185708716789638,1790185708716935472,104964,145834,0.000000,1,0
390,1,132369,147509,1790185708717189805,1790185708717710612,107230,520807,0.000000,1,0
391,1,133799,149039,1790185708717969141,1790185708718101387,104052,132246,0.000000,1,0
392,2,276149,143810,1790185708718498408,1790185708718493412,105915,0,0.000000,1,0
393,3,424838,141749,1790185708719040985,1790185708718948496,157269,0,0.000000,1,0
394,1,125569,140029,1790185708719247824,1790185708719332461,106862,84637,0.826349,1,1
395,1,126799,141159,1790185708719582542,1790185708720093140,103799,510598,0.538461,1,1
396,1,130299,145459,1790185708720344408,1790185708720480965,103182,136557,0.000000,1,0
397,1,133000,147650,1790185708720734046,1790185708720872940,105514,138894,0.780066,1,1
398,1,131829,146759,1790185708721127343,1790185708721278075,105997,150732,0.000000,1,0
399,1,133469,150389,1790185708721534471,1790185708721670120,106840,135649,0.000000,1,0
400,1,136580,151780,1790185708721930269,1790185708722069764,105284,139495,0.000000,1,0
401,2,273909,142220,1790185708722465427,1790185708722464269,102387,0,0.000000,1,0
402,1,128789,142909,1790185708722711635,1790185708722855784,110570,144149,0.000000,1,0
403,1,129679,143839,1790185708723113233,1790185708723661943,107706,548710,0.517642,1,1
404,1,129639,145219,1790185708723918758,1790185708724051978,104709,133220,0.785184,1,1
405,2,274238,141959,1790185708724447545,1790185708724450423,107072,2878,0.893929,1,1
406,1,127919,141909,1790185708724701884,1790185708724843178,110084,141294,0.779177,1,1
407,1,133691,147890,1790185708725103473,1790185708725234652,114189,131179,0.000000,1,0
408,1,128719,143039,1790185708725493530,1790185708725620857,106032,127327,0.000000,1,0
409,2,275418,144389,1790185708726018597,1790185708726757362,105180,738765,0.000000,1,0
410,1,138100,153029,1790185708727019602,1790185708727148667,108473,129065,0.786394,1,1
411,1,130089,144449,1790185708727403269,1790185708727539282,106946,136013,0.783263,1,1
412,1,128099,147419,1790185708727790737,1790185708727934467,107259,143730,0.777099,1,1
413,1,133180,148160,1790185708728192246,1790185708728324792,106432,132546,0.000000,1,0
414,2,274659,142989,1790185708728722493,1790185708728713616,104856,0,0.000000,1,0
415,2,279869,142129,1790185708729116141,1790185708729104011,107029,0,0.909347,1,1
416,1,127399,141849,1790185708729354849,1790185708729490686,109172,135837,0.783568,1,1
417,1,126249,140679,1790185708729742207,1790185708729878941,108375,136734,0.000000,1,0
418,1,130460,145380,1790185708730135725,1790185708730269886,107047,134161,0.000000,1,0
419,1,128609,142949,1790185708730521662,1790185708730656420,109711,134758,0.000000,1,0
420,1,128499,143859,1790185708730910770,1790185708731461710,104357,550940,0.000000,1,0
421,1,130809,145209,1790185708731715796,1790185708732244529,108024,528733,0.000000,1,0
422,1,134389,148889,1790185708732505392,1790185708732663514,105546,158122,0.000000,1,0
423,1,132579,147779,1790185708732918089,1790185708733052569,107089,134480,0.000000,1,0
424,1,132689,147029,1790185708733308767,1790185708733443943,110553,135176,0.000000,1,0
425,3,415617,143189,1790185708733986033,1790185708733891487,158896,0,0.000000,1,0
426,2,273669,140409,1790185708734340722,1790185708735038012,108656,697290,0.446494,1,1
427,1,132710,146740,1790185708735296817,1790185708735807962,107961,511145,0.537411,1,1
428,1,131589,145979,1790185708736064402,1790185708736195467,104764,131065,0.785970,1,1
429,1,129069,143429,1790185708736445630,1790185708736590732,104167,145102,0.000000,1,0
430,1,129109,143539,1790185708736840208,1790185708736980687,104210,140479,0.000000,1,0
431,1,130300,145160,1790185708737231587,1790185708737369701,103654,138114,0.000000,1,0
432,1,127619,141859,1790185708737616814,1790185708737755706,107447,138892,0.000000,1,0
433,1,134989,149719,1790185708738016222,1790185708738143831,104370,127609,0.787094,1,1
434,1,130009,144479,1790185708738395010,1790185708738538766,106813,143756,0.776587,1,1
435,1,129860,146980,1790185708738794828,1790185708738926161,105245,131333,0.000000,1,0
436,2,279689,148390,1790185708739328175,1790185708739320096,106298,0,0.000000,1,0
437,1,132769,147939,1790185708739576153,1790185708739705370,106622,129217,0.000000,1,0
438,1,140959,155769,1790185708739970241,1790185708740091565,103776,121324,0.000000,1,0
439,1,129869,144589,1790185708740342100,1790185708740482890,106928,140790,0.779224,1,1
440,1,133280,147730,1790185708740738978,1790185708740878645,104811,139667,0.000000,1,0
441,1,131699,146829,1790185708741133325,1790185708741301349,103625,168024,0.000000,1,0
442,3,411107,139439,1790185708741833441,1790185708741741214,158127,0,0.000000,1,0
443,2,268928,137879,1790185708742185629,1790185708742484934,106943,299305,0.666427,1,1
444,2,270578,142919,1790185708742879555,1790185708743257253,108130,377698,0.614116,1,1
445,1,127230,142119,1790185708743509643,1790185708743650038,104463,140395,0.000000,1,0
446,1,128959,144429,1790185708743899530,1790185708744793633,125291,894103,0.366738,1,1
447,1,134909,149239,1790185708745073413,1790185708745214828,103854,141415,0.000000,1,0
448,1,133819,148479,1790185708745468661,1790185708745608972,102938,140311,0.778687,1,1
449,1,128809,143819,1790185708745857099,1790185708745998347,107531,141248,0.000000,1,0
450,1,134590,148879,1790185708746256888,1790185708746389012,102944,132124,0.000000,1,0
451,1,132589,147139,1790185708746640695,1790185708747153322,108690,512627,0.534458,1,1
452,1,133059,147469,1790185708747412751,1790185708747542717,106193,129966,0.786670,1,1
453,1,128910,146450,1790185708747794259,1790185708747929842,103465,135583,0.783130,1,1
454,1,131030,145289,1790185708748180527,1790185708748320276,107609,139749,0.000000,1,0
455,2,271848,140059,1790185708748715583,1790185708748708931,107612,0,0.902706,1,1
456,1,143399,158419,1790185708748977972,1790185708749098256,102846,120284,0.000000,1,0
457,1,129149,144079,1790185708749347331,1790185708749489211,114548,141880,0.778733,1,1
458,1,128810,143549,1790185708749748589,1790185708749913495,108362,164906,0.759880,1,1
459,1,131229,146279,1790185708750170996,1790185708750304330,103425,133334,0.783952,1,1
460,1,129719,144639,1790185708750554114,1790185708751069470,106090,515356,0.000000,1,0
461,1,132150,147049,1790185708751325080,1790185708751459675,106693,134595,0.783216,1,1
462,2,276098,144949,1790185708751859266,1790185708751844450,112456,0,0.000000,1,0
463,1,131650,146810,1790185708752105566,1790185708752270474,105351,164908,0.760251,1,1
464,1,127830,145600,1790185708752520454,1790185708753032564,112326,512110,0.000000,1,0
465,1,134229,149239,1790185708753297259,1790185708753420639,106429,123380,0.789744,1,1
466,1,130419,145569,1790185708753674247,1790185708753815044,104172,140797,0.000000,1,0
467,1,136970,153350,1790185708754090885,1790185708754204109,103734,113224,0.797170,1,1
468,1,133050,147369,1790185708754457183,1790185708754597663,107158,140480,0.777319,1,1
469,1,130649,146159,1790185708754851430,1790185708754984958,103922,133528,0.783028,1,1
470,1,131579,145989,1790185708755237649,1790185708755374793,106275,137144,0.000000,1,0
471,1,130420,144740,1790185708755627517,1790185708755765198,106687,137681,0.000000,1,0
472,1,131419,146319,1790185708756019754,1790185708756529098,106603,509344,0.538417,1,1
473,1,129369,143689,1790185708756781060,1790185708756926403,105095,145343,0.775043,1,1
474,1,130660,145210,1790185708757179248,1790185708757315287,103399,136039,0.000000,1,0
475,1,129389,143529,1790185708757564195,1790185708757707742,109612,143547,0.777208,1,1
476,1,138359,152809,1790185708757972953,1790185708758096997,104286,124044,0.000000,1,0
477,1,131379,142079,1790185708758345762,1790185708758486342,107018,140580,0.779364,1,1
478,2,269609,138139,1790185708758875259,1790185708758879027,103841,3768,0.000000,1,0
479,1,130669,141339,1790185708759126187,1790185708759270951,104345,144764,0.000000,1,0
480,1,128829,139219,1790185708759516695,1790185708760424836,111713,908141,0.000000,1,0
481,1,135939,146379,1790185708760686578,1790185708760815891,106726,129313,0.787464,1,1
482,1,129189,139559,1790185708761064586,1790185708761199846,104220,135260,0.000000,1,0
483,1,131229,141669,1790185708761448205,1790185708761583141,102543,134936,0.000000,1,0
484,1,126989,137119,1790185708761824933,1790185708762347540,104469,522607,0.000000,1,0
485,3,400898,132319,1790185708762868897,1790185708763107510,107225,238613,0.000000,1,0
486,1,126699,137969,1790185708763358324,1790185708763492535,106938,134211,0.000000,1,0
487,1,125909,136499,1790185708763738182,1790185708763879700,104791,141518,0.000000,1,0
488,2,265339,136549,1790185708764262920,1790185708764633450,105897,370530,0.619220,1,1
489,1,123669,134479,1790185708764876076,1790185708765062454,109881,186378,0.000000,1,0
490,1,134129,144519,1790185708765319194,1790185708765458989,109384,139795,0.000000,1,0
491,1,131190,140820,1790185708765712472,1790185708766231789,105899,519317,0.532426,1,1
492,1,137789,153309,1790185708766496417,1790185708766622174,105262,125757,0.786308,1,1
493,1,129069,144279,1790185708766873065,1790185708767766739,110331,893674,0.000000,1,0
494,1,135239,149799,1790185708768029979,1790185708768155744,106984,125765,0.000000,1,0
495,1,133019,147169,1790185708768412727,1790185708768542758,102918,130031,0.000000,1,0
496,1,128759,149189,1790185708768791075,1790185708768930023,103710,138948,0.000000,1,0
497,1,132919,147219,1790185708769183452,1790185708769321438,107193,137986,0.780003,1,1
498,2,274208,141659,1790185708769719059,1790185708769710653,108166,0,0.904033,1,1
499,2,285489,143720,1790185708770124508,1790185708770095448,106820,0,0.000000,1,0
500,1,127710,141970,1790185708770346507,1790185708770876938,109305,530431,0.000000,1,0
501,2,280468,145889,1790185708771285891,1790185708771271572,107979,0,0.000000,1,0
502,1,127549,142619,1790185708771523600,1790185708771658767,104402,135167,0.784415,1,1
503,1,133259,149019,1790185708771913878,1790185708772044732,107294,130854,0.000000,1,0
504,1,131360,146309,1790185708772300276,1790185708772438637,106357,138361,0.000000,1,0
505,1,128909,144249,1790185708772690583,1790185708772823152,105650,132569,0.785687,1,1
506,2,277379,143439,1790185708773224141,1790185708773978686,108900,754545,0.421436,1,1
507,1,132599,148169,1790185708774238485,1790185708774369161,106663,130676,0.000000,1,0
508,2,272848,142469,1790185708774765992,1790185708775133641,111959,367649,0.000000,1,0
509,1,131259,146489,1790185708775395679,1790185708775524206,104791,128527,0.788244,1,1
510,1,129150,143500,1790185708775774457,1790185708776293696,108118,519239,0.000000,1,0
511,1,131569,145699,1790185708776550493,1790185708776683821,104761,133328,0.000000,1,0
512,1,139949,154399,1790185708776949401,1790185708777076225,104515,126824,0.000000,1,0
513,2,274078,141699,1790185708777471438,1790185708777465120,102807,0,0.000000,1,0
514,1,127200,141439,1790185708777711377,1790185708778607955,105326,896578,0.000000,1,0
515,1,130049,145099,1790185708778860550,1790185708778997830,103510,137280,0.000000,1,0
516,1,132220,146670,1790185708779250329,1790185708779392535,103112,142206,0.000000,1,0
517,1,128119,142299,1790185708779639816,1790185708779780700,105215,140884,0.000000,1,0
518,1,133909,148519,1790185708780036454,1790185708780173245,104988,136791,0.000000,1,0
519,1,128499,142729,1790185708780423932,1790185708780574909,105281,150977,0.771672,1,1
520,2,281819,152370,1790185708780977849,1790185708780960174,106784,0,0.909256,1,1
521,1,127369,142089,1790185708781211137,1790185708781350429,102857,139292,0.000000,1,0
522,1,128099,142169,1790185708781597555,1790185708781748704,104099,151149,0.000000,1,0
523,2,286080,148730,1790185708782157083,1790185708782136088,103494,0,0.912207,1,1
524,1,125269,139449,1790185708782381731,1790185708782523663,105517,141932,0.000000,1,0
525,1,127069,141449,1790185708782772259,1790185708783293433,108153,521174,0.532522,1,1
526,2,274238,141849,1790185708783693534,1790185708783684128,111545,0,0.905345,1,1
527,1,130100,144509,1790185708783945063,1790185708784072493,103778,127430,0.787315,1,1
528,2,274389,143269,1790185708784466670,1790185708784460037,105692,0,0.000000,1,0
529,1,126849,143419,1790185708784708648,1790185708784846912,117445,138264,0.782065,1,1
530,2,276839,142529,1790185708785258146,1790185708785652212,108571,394066,0.000000,1,0
531,1,130499,145649,1790185708785910052,1790185708786425061,105438,515009,0.000000,1,0
532,3,435587,147599,1790185708786983356,1790185708786890235,159381,0,0.000000,1,0
533,1,127469,141889,1790185708787194605,1790185708787294140,107054,99535,0.812144,1,1
534,1,127499,142249,1790185708787545453,1790185708788064160,105200,518707,0.533604,1,1
535,1,130559,144709,1790185708788316679,1790185708788455204,103974,138525,0.000000,1,0
536,1,129949,144239,1790185708788705897,1790185708788844399,110567,138502,0.000000,1,0
537,1,135379,149649,1790185708789106795,1790185708789235764,106550,128969,0.000000,1,0
538,1,129349,143799,1790185708789487883,1790185708789624089,106152,136206,0.000000,1,0
539,1,128960,143889,1790185708789875651,1790185708790013124,107535,137473,0.000000,1,0
540,1,130819,145859,1790185708790268138,1790185708790407619,103598,139481,0.000000,1,0
541,1,135779,150699,1790185708790663246,1790185708790799423,107872,136177,0.000000,1,0
542,1,131010,145160,1790185708791055544,1790185708791189528,103845,133984,0.783717,1,1
543,1,129369,143569,1790185708791438862,1790185708791579133,107058,140271,0.000000,1,0
544,1,127699,142489,1790185708791830610,1790185708791966908,104601,136298,0.000000,1,0
545,1,131639,145829,1790185708792219508,1790185708792356063,105643,136555,0.000000,1,0
546,1,128790,143200,1790185708792606666,1790185708792778067,105717,171401,0.000000,1,0
547,2,285728,143839,1790185708793187872,1790185708793168812,107090,0,0.000000,1,0
548,1,133249,147549,1790185708793425491,1790185708793563037,106562,137546,0.000000,1,0
549,3,426889,144460,1790185708794112758,1790185708794018121,157057,0,0.000000,1,0
550,1,126670,141680,1790185708794319097,1790185708795165076,109765,845979,0.384932,1,1
551,1,137959,153089,1790185708795430380,1790185708795559440,103799,129060,0.000000,1,0
552,1,130909,146739,1790185708795810458,1790185708795957165,104642,146707,0.000000,1,0
553,1,133909,148989,1790185708796213066,1790185708796735545,104137,522479,0.000000,1,0
554,1,136469,151109,1790185708796993031,1790185708797128230,104181,135199,0.000000,1,0
555,1,129619,143789,1790185708797378170,1790185708797522854,103905,144684,0.775944,1,1
556,1,131999,146359,1790185708797774748,1790185708798680129,109483,905381,0.000000,1,0
557,1,134839,149419,1790185708798946391,1790185708799072654,103916,126263,0.000000,1,0
558,1,129739,143989,1790185708799322879,1790185708799463059,105799,140180,0.000000,1,0
559,2,275288,145039,1790185708799860096,1790185708799891073,104142,30977,0.000000,1,0
560,1,129250,143750,1790185708800141045,1790185708800286218,103906,145173,0.000000,1,0
561,1,127729,142049,1790185708800533813,1790185708801060468,104702,526655,0.000000,1,0
562,1,131090,145470,1790185708801315749,1790185708801453892,103475,138143,0.780177,1,1
563,1,128809,143059,1790185708801702296,1790185708802242282,105381,539986,0.000000,1,0
564,1,129209,143589,1790185708802493932,1790185708802633097,103074,139165,0.000000,1,0
565,1,128940,143690,1790185708802881280,1790185708803022482,104627,141202,0.000000,1,0
566,1,129929,144389,1790185708803273518,1790185708803409067,106340,135549,0.782363,1,1
567,2,274968,149679,1790185708803806435,1790185708803793511,107664,0,0.000000,1,0
568,1,136819,151949,1790185708804055564,1790185708804183316,105457,127752,0.000000,1,0
569,1,129879,144819,1790185708804436572,1790185708804575961,103759,139389,0.000000,1,0
570,1,131810,147249,1790185708804827900,1790185708804964986,105232,137086,0.000000,1,0
571,1,132219,147379,1790185708805218537,1790185708805357531,107435,138994,0.000000,1,0
572,1,134079,149069,1790185708805616185,1790185708805746896,106148,130711,0.000000,1,0
573,1,132309,147629,1790185708806005233,1790185708806168770,104252,163537,0.000000,1,0
574,1,131369,146699,1790185708806422231,1790185708806556015,107445,133784,0.000000,1,0
575,3,424017,140899,1790185708807104127,1790185708807713200,109253,609073,0.000000,1,0
576,3,423698,140830,1790185708808263871,1790185708808481389,108100,217518,0.000000,1,0
577,1,126469,140629,1790185708808732658,1790185708809261899,104566,529241,0.000000,1,0
578,1,128799,143669,1790185708809513054,1790185708809646374,107059,133320,0.000000,1,0
579,1,129759,145459,1790185708809899332,1790185708810030999,107622,131667,0.000000,1,0
580,1,137429,151819,1790185708810292450,1790185708810418934,103654,126484,0.000000,1,0
581,2,270719,142399,1790185708810809717,1790185708810804358,103948,0,0.000000,1,0
582,1,131369,145439,1790185708811055835,1790185708811192593,103351,136758,0.781370,1,1
583,1,128389,142959,1790185708811440223,1790185708811584778,103414,144555,0.000000,1,0
584,1,128779,143319,1790185708811833531,1790185708811972713,103377,139182,0.000000,1,0
585,1,129610,143820,1790185708812221900,1790185708812738463,112333,516563,0.535212,1,1
586,2,274978,142649,1790185708813143194,1790185708813122518,106566,0,0.914755,1,1
587,1,127759,141999,1790185708813372893,1790185708813506602,107070,133709,0.000000,1,0
588,1,127019,141639,1790185708813756951,1790185708813894077,104663,137126,0.781987,1,1
589,1,130060,144450,1790185708814145869,1790185708814287832,108015,141963,0.777675,1,1
590,1,128809,143189,1790185708814540556,1790185708814674267,106748,133711,0.784376,1,1
591,1,145599,161309,1790185708814943054,1790185708815067892,104142,124838,0.000000,1,0
592,1,131189,145389,1790185708815319723,1790185708815459027,103085,139304,0.779419,1,1
593,1,128829,143389,1790185708815707191,1790185708816233776,105011,526585,0.000000,1,0
594,3,423138,150270,1790185708816783235,1790185708816686850,157084,0,0.000000,1,0
595,1,130019,145129,1790185708816991873,1790185708817070655,107867,78782,0.829347,1,1
596,1,130070,144569,1790185708817325542,1790185708817461610,106740,136068,0.781612,1,1
597,2,272429,144509,1790185708817856769,1790185708817853975,107683,0,0.000000,1,0
598,2,269869,138489,1790185708818248707,1790185708818277329,106377,28622,0.000000,1,0
599,1,129710,144100,1790185708818529546,1790185708818696254,112460,166708,0.000000,1,0
600,1,138569,154029,1790185708818964893,1790185708819461254,103536,496361,0.544187,1,1
601,1,130050,144510,1790185708819711839,1790185708819849029,115508,137190,0.780768,1,1
602,1,130659,145829,1790185708820112646,1790185708820276593,103272,163947,0.760053,1,1
603,1,130039,144309,1790185708820526694,1790185708821417008,106051,890314,0.367998,1,1
604,2,275718,143979,1790185708821816807,1790185708821807993,107214,0,0.000000,1,0
605,1,145499,161009,1790185708822078036,1790185708822197717,104148,119681,0.794148,1,1
606,2,270958,140289,1790185708822589103,1790185708822585132,107530,0,0.900660,1,1
607,1,127460,142699,1790185708822836422,1790185708822969827,108283,133405,0.000000,1,0
608,2,273499,140249,1790185708823368019,1790185708823361472,105826,0,0.902859,1,1
609,1,126539,140819,1790185708823610087,1790185708823746617,110869,136530,0.782652,1,1
610,1,131229,145549,1790185708824005405,1790185708824165921,103783,160516,0.763353,1,1
611,3,416128,143319,1790185708824702422,1790185708824609526,158345,0,0.000000,1,0
612,1,125590,140530,1790185708824909781,1790185708824995390,104280,85609,0.000000,1,0
613,2,276938,146179,1790185708825392998,1790185708825388065,103602,0,0.000000,1,0
614,1,129550,143809,1790185708825637627,1790185708826151325,109558,513698,0.000000,1,0
615,1,132589,147769,1790185708826412882,1790185708826542680,103471,129798,0.786780,1,1
616,1,130369,154369,1790185708826793260,1790185708826930335,104684,137075,0.781674,1,1
617,1,131311,146561,1790185708827185089,1790185708827322080,104517,136991,0.780971,1,1
618,1,130259,144719,1790185708827573486,1790185708827712405,107860,138919,0.000000,1,0
619,1,137679,152819,1790185708827975144,1790185708828102509,103724,127365,0.787984,1,1
620,1,129239,143779,1790185708828352332,1790185708828493054,106487,140722,0.778803,1,1
621,2,269649,143059,1790185708828885189,1790185708828882519,109929,0,0.000000,1,0
622,1,131129,146019,1790185708829140487,1790185708829652609,108045,512122,0.536885,1,1
623,1,129029,143929,1790185708829906903,1790185708830037964,104709,131061,0.000000,1,0
624,1,130639,144889,1790185708830289862,1790185708830804434,105384,514572,0.000000,1,0
625,1,131909,146979,1790185708831059617,1790185708831574413,107431,514796,0.000000,1,0
626,2,280688,147519,1790185708831982562,1790185708831971428,103233,0,0.000000,1,0
627,2,269339,139289,1790185708832360210,1790185708832736078,104929,375868,0.000000,1,0
628,2,283449,147190,1790185708833141576,1790185708833120943,107663,0,0.000000,1,0
629,1,126249,140509,1790185708833371285,1790185708833511188,107795,139903,0.000000,1,0
630,1,126210,140480,1790185708833761723,1790185708833900993,108188,139270,0.000000,1,0
631,1,130179,144509,1790185708834156110,1790185708834297967,107152,141857,0.777442,1,1
632,2,270348,139809,1790185708834691397,1790185708834684002,106465,0,0.903880,1,1
633,1,131769,146429,1790185708834943706,1790185708835485632,107810,541926,0.000000,1,0
634,1,129269,143889,1790185708835738741,1790185708835879366,106504,140625,0.778275,1,1
635,1,130790,145190,1790185708836133720,1790185708836269841,107198,136121,0.781416,1,1
636,1,128619,142739,1790185708836521388,1790185708837038291,110173,516903,0.534314,1,1
637,1,133339,148329,1790185708837300383,1790185708837428296,104086,127913,0.787803,1,1
638,3,432917,147519,1790185708837981719,1790185708838188416,107532,206697,0.000000,1,0
639,2,270838,140449,1790185708838583946,1790185708838956285,109558,372339,0.617830,1,1
640,1,131070,145890,1790185708839214373,1790185708839726345,109895,511972,0.536729,1,1
641,1,130889,146569,1790185708839984959,1790185708840114670,104758,129711,0.000000,1,0
642,2,276748,140859,1790185708840512746,1790185708840503945,106500,0,0.000000,1,0
643,1,126330,140679,1790185708840753095,1790185708840891130,108023,138035,0.780183,1,1
644,1,136199,151239,1790185708841153242,1790185708842036884,105324,883642,0.000000,1,0
645,1,131150,145570,1790185708842290987,1790185708842422809,107566,131822,0.785113,1,1
646,1,129009,143329,1790185708842675384,1790185708842805574,109459,130190,0.000000,1,0
647,1,132849,147989,1790185708843065382,1790185708843223429,104422,158047,0.764054,1,1
648,2,270238,140859,1790185708843614209,1790185708843609084,107334,0,0.000000,1,0
649,1,130590,145599,1790185708843863328,1790185708844740139,108653,876811,0.371596,1,1
650,1,132869,147029,1790185708844998931,1790185708845507459,104509,508528,0.000000,1,0
651,1,130659,144919,1790185708845759197,1790185708845910543,104683,151346,0.000000,1,0
652,1,130489,145049,1790185708846162435,1790185708846299608,107116,137173,0.000000,1,0
653,1,126829,141119,1790185708846549853,1790185708846690053,107188,140200,0.780152,1,1
654,1,137570,151830,1790185708846954071,1790185708847075928,104181,121857,0.000000,1,0
655,4,549507,137209,1790185708847745596,1790185708847839838,130167,94242,0.816900,1,1
656,1,137580,152830,1790185708848126385,1790185708848226253,107321,99868,0.808441,1,1
657,2,271918,140959,1790185708848623012,1790185708848615717,106534,0,0.000000,1,0
658,1,127430,143360,1790185708848868831,1790185708849004982,107707,136151,0.781979,1,1
659,1,130019,145189,1790185708849259668,1790185708849771922,108043,512254,0.536745,1,1
660,1,132829,149809,1790185708850030804,1790185708850170707,104696,139903,0.777488,1,1
661,2,274699,142859,1790185708850568501,1790185708850943287,105701,374786,0.000000,1,0
662,1,131180,146330,1790185708851197318,1790185708851332311,110726,134993,0.782826,1,1
663,1,127039,142109,1790185708851587446,1790185708851718576,103939,131130,0.000000,1,0
664,1,135589,150579,1790185708851975654,1790185708852111511,104411,135857,0.000000,1,0
665,1,130720,145040,1790185708852363282,1790185708852496846,103494,133564,0.000000,1,0
666,1,128029,142589,1790185708852744629,1790185708852896401,107947,151772,0.000000,1,0
667,1,133369,148649,1790185708853155107,1790185708853290736,107450,135629,0.780995,1,1
668,1,128579,143569,1790185708853542915,1790185708853681200,106663,138285,0.000000,1,0
669,1,128660,143290,1790185708853937923,1790185708854070905,103547,132982,0.000000,1,0
670,1,128699,142879,1790185708854319221,1790185708854464820,108340,145599,0.000000,1,0
671,2,271058,143379,1790185708854860418,1790185708854855405,110613,0,0.896579,1,1
672,1,130509,144649,1790185708855112777,1790185708856027149,109102,914372,0.359049,1,1
673,2,271378,139879,1790185708856427529,1790185708856417084,107245,0,0.000000,1,0
674,1,128200,142670,1790185708856668698,1790185708857205754,107911,537056,0.000000,1,0
675,1,130019,144329,1790185708857460474,1790185708857597839,103194,137365,0.000000,1,0
676,1,127839,142829,1790185708857845102,1790185708858370528,108360,525426,0.530592,1,1
677,1,132079,146449,1790185708858627877,1790185708858758443,111403,130566,0.000000,1,0
678,1,136159,151469,1790185708859027145,1790185708859534433,107389,507288,0.000000,1,0
679,1,133880,154990,1790185708859792531,1790185708859926118,105701,133587,0.000000,1,0
680,1,131080,146240,1790185708860180269,1790185708860322583,103745,142314,0.776641,1,1
681,1,128429,143579,1790185708860571377,1790185708861089592,106442,518215,0.534047,1,1
682,1,132519,147959,1790185708861348533,1790185708861479637,107274,131104,0.000000,1,0
683,1,128400,142949,1790185708861732131,1790185708862251177,106070,519046,0.000000,1,0
684,1,130789,146039,1790185708862506216,1790185708863022917,106037,516701,0.000000,1,0
685,1,130330,146220,1790185708863276493,1790185708863414212,108219,137719,0.000000,1,0
686,1,128849,143329,1790185708863667360,1790185708863799097,109412,131737,0.785671,1,1
687,1,135669,151159,1790185708864061478,1790185708864186141,104626,124663,0.000000,1,0
688,2,274048,143949,1790185708864581665,1790185708864581316,107679,0,0.896759,1,1
689,2,279358,149219,1790185708864986643,1790185708864971591,106601,0,0.907838,1,1
690,1,127530,141710,1790185708865222402,1790185708865368886,103204,146484,0.000000,1,0
691,1,127179,141549,1790185708865615149,1790185708866141995,108902,526846,0.000000,1,0
692,1,131299,145569,1790185708866399936,1790185708866532400,110474,132464,0.784321,1,1
693,1,131270,149939,1790185708866790184,1790185708866919335,107447,129151,0.000000,1,0
694,1,129679,144699,1790185708867172901,1790185708867309410,107330,136509,0.000000,1,0
695,1,128089,142369,1790185708867560969,1790185708867708014,107874,147045,0.774208,1,1
696,2,279159,144329,1790185708868111576,1790185708868094839,107186,0,0.911067,1,1
697,1,127779,142079,1790185708868345724,1790185708868483894,107559,138170,0.000000,1,0
698,1,127929,142039,1790185708868735442,1790185708868875839,105292,140397,0.000000,1,0
699,1,129810,144060,1790185708869127401,1790185708869266814,106655,139413,0.779512,1,1
700,1,128970,143230,1790185708869518999,1790185708870031504,106421,512505,0.536439,1,1
701,2,276588,142099,1790185708870432913,1790185708870427938,110295,0,0.000000,1,0
702,2,274668,141729,1790185708870829361,1790185708870816893,107917,0,0.908401,1,1
703,2,271069,140369,1790185708871213509,1790185708871592853,107133,379344,0.000000,1,0
704,1,128669,143969,1790185708871848605,1790185708872011727,103858,163122,0.000000,1,0
705,1,134069,148349,1790185708872265934,1790185708872782917,109273,516983,0.000000,1,0
706,1,135099,150219,1790185708873045409,1790185708873170952,110176,125543,0.000000,1,0
707,1,130609,145729,1790185708873428597,1790185708873561847,103909,133250,0.783890,1,1
708,3,426107,142079,1790185708874108333,1790185708874014511,158882,0,0.919782,1,1
709,1,124419,138719,1790185708874314432,1790185708874388436,107215,74004,0.000000,1,0
710,1,127489,141579,1790185708874639030,1790185708874777751,108168,138721,0.000000,1,0
711,3,414878,138839,1790185708875318127,1790185708875224815,156172,0,0.000000,1,0
712,1,124889,139439,1790185708875522146,1790185708875599820,109875,77674,0.000000,1,0
713,1,127399,143049,1790185708875853544,1790185708875984105,105938,130561,0.785703,1,1
714,2,278038,145949,1790185708876384451,1790185708876741815,111574,357364,0.000000,1,0
715,2,277699,144379,1790185708877148207,1790185708877127180,103776,0,0.914938,1,1
716,1,126250,140570,1790185708877373376,1790185708877526944,104680,153568,0.769907,1,1
717,1,128029,142609,1790185708877775883,1790185708877961089,109333,185206,0.000000,1,0
718,1,132320,146510,1790185708878219652,1790185708878361183,108527,141531,0.777038,1,1
719,1,129839,144359,1790185708878615389,1790185708878754038,108110,138649,0.000000,1,0
720,1,131999,146519,1790185708879010727,1790185708879157283,104453,146556,0.000000,1,0
721,1,129709,144309,1790185708879410315,1790185708879557198,103865,146883,0.000000,1,0
722,1,128629,143639,1790185708879805732,1790185708879957472,108409,151740,0.000000,1,0
723,1,131039,145199,1790185708880212980,1790185708880348557,108402,135577,0.781557,1,1
724,1,132649,146839,1790185708880605418,1790185708880743702,109544,138284,0.000000,1,0
725,2,284050,143720,1790185708881155906,1790185708881139957,106758,0,0.000000,1,0
726,1,127859,143099,1790185708881393614,1790185708881534551,106632,140937,0.779014,1,1
727,1,127779,148159,1790185708881784922,1790185708881935956,106264,151034,0.000000,1,0
728,2,275759,142280,1790185708882335989,1790185708882331391,103277,0,0.900226,1,1
729,3,2288702,634065,1790185786990225772,1790185786989954361,271501,0,0.734036,1,1
730,4,1143482,269508,1790185786991435963,1790185786991329782,106271,0,0.000000,1,0
731,1,234338,252948,1790185786991702571,1790185786991815646,117013,113075,0.000000,1,0
732,1,171118,189498,1790185786992125107,1790185786992230311,79925,105204,0.811437,1,1
733,1,149939,166448,1790185786992489705,1790185786992649025,78468,159320,0.000000,1,0
734,1,146778,161618,1790185786992891271,1790185786993059970,77549,168699,0.000000,1,0
735,1,129789,144899,1790185786993283868,1790185786993468884,79442,185016,0.000000,1,0
736,1,136680,151930,1790185786993702436,1790185786993871939,78155,169503,0.000000,1,0
737,2,1395085,679873,1790185793002683764,1790185793003156305,144524,472541,0.000000,1,0
738,2,769633,307357,1790185793004129031,1790185793004020744,135356,0,0.784211,1,1
739,1,282637,304377,1790185793004470937,1790185793004461658,115098,0,0.000000,1,0
740,1,236787,256847,1790185793004835443,1790185793004895422,113600,59979,0.000000,1,0
741,1,186108,205098,1790185793005216239,1790185793005330587,82860,114348,0.799597,1,1
742,1,149419,164669,1790185793005580756,1790185793005740311,77912,159555,0.000000,1,0
743,2,306367,158599,1790185793006142030,1790185793006144686,76484,2656,0.000000,1,0
744,1,144598,160618,1790185793006382698,1790185793006944955,78127,562257,0.000000,1,0
745,2,276447,143609,1790185793007318069,1790185793007366150,78538,48081,0.876885,1,1
746,1,128169,142979,1790185793007589556,1790185793007765944,77779,176388,0.771795,1,1
747,1,129269,144319,1790185793007989472,1790185793008154519,77321,165047,0.780323,1,1
748,1,131039,146949,1790185793008381608,1790185793008545154,82291,163546,0.000000,1,0
749,1,129959,145059,1790185793008774834,1790185793009317214,81995,542380,0.535041,1,1
750,1,132669,147699,1790185793009549697,1790185793009713469,80446,163772,0.000000,1,0
751,1,128569,143689,1790185793009939173,1790185793010104303,80118,165130,0.780808,1,1
752,1,126969,141029,1790185793010327759,1790185793010501858,77518,174099,0.000000,1,0
753,2,273587,141798,1790185793010873183,1790185793010923752,77230,50569,0.875520,1,1
754,1,126249,141479,1790185793011143951,1790185793011700132,78322,556181,0.528601,1,1
755,1,128129,142409,1790185793011923213,1790185793012478412,80495,555199,0.000000,1,0
756,1,131789,146818,1790185793012707896,1790185793012871117,77196,163221,0.781471,1,1
757,1,128839,144029,1790185793013093312,1790185793013291941,77198,198629,0.754782,1,1
758,1,134718,150048,1790185793013521497,1790185793014446686,89101,925189,0.000000,1,0
759,1,131698,146808,1790185793014684985,1790185793014870110,77653,185125,0.763932,1,1
760,1,136728,151729,1790185793015100811,1790185793015259865,78665,159054,0.000000,1,0
761,2,279868,145018,1790185793015635817,1790185793016039025,76557,403208,0.000000,1,0
762,1,127468,142438,1790185793016259340,1790185793016436200,79948,176860,0.772343,1,1
763,3,419036,143459,1790185793016952433,1790185793016880324,131509,0,0.000000,1,0
764,1,124389,138659,1790185793017152491,1790185793017264159,81890,111668,0.000000,1,0
765,1,132139,147708,1790185793017494608,1790185793017687273,77012,192665,0.000000,1,0
766,1,130528,145008,1790185793017911253,1790185793018085158,79033,173905,0.773285,1,1
767,1,127749,138439,1790185793018308080,1790185793018481672,79736,173592,0.000000,1,0
768,1,129939,140479,1790185793018704876,1790185793019267492,77848,562616,0.000000,1,0
769,1,138349,151019,1790185793019496058,1790185793020043392,78910,547334,0.000000,1,0
770,2,273968,144479,1790185793020408859,1790185793020430257,76561,21398,0.899372,1,1
771,2,262807,135569,1790185793020782705,1790185793020830521,76943,47816,0.879407,1,1
772,1,127519,137299,1790185793021047082,1790185793021242556,74894,195474,0.000000,1,0
773,1,126469,137359,1790185793021456119,1790185793022008606,79196,552487,0.000000,1,0
774,1,126359,141789,1790185793022236371,1790185793022770645,80220,534274,0.000000,1,0
775,1,126929,141519,1790185793022995953,1790185793023537525,79330,541572,0.000000,1,0
776,1,135832,147222,1790185793023771817,1790185793023963940,79679,192123,0.759552,1,1
777,1,131502,142272,1790185793024188521,1790185793024380244,77930,191723,0.756725,1,1
778,2,274013,139251,1790185793024746207,1790185793024771029,75629,24822,0.000000,1,0
779,1,129551,140971,1790185793024989469,1790185793025157034,76187,167565,0.777527,1,1
780,1,122952,138302,1790185793025369073,1790185793025548508,78227,179435,0.000000,1,0
781,2,270203,136172,1790185793025909828,1790185793025934233,77326,24405,0.899408,1,1
782,1,126871,138641,1790185793026154940,1790185793026697033,78273,542093,0.536032,1,1
783,1,129391,140641,1790185793026919407,1790185793027112908,78332,193501,0.000000,1,0
784,1,124772,135622,1790185793027328882,1790185793027872118,78210,543236,0.535651,1,1
785,1,136391,147501,1790185793028103689,1790185793028262873,77358,159184,0.785420,1,1
786,2,270093,139131,1790185793028622504,1790185793029035422,76096,412918,0.000000,1,0
787,1,123381,134261,1790185793029250280,1790185793029426117,78135,175837,0.773657,1,1
788,1,129211,139731,1790185793029646583,1790185793029811322,77164,164739,0.780667,1,1
789,1,126551,140051,1790185793030027367,1790185793030198247,77463,170880,0.775523,1,1
790,1,136612,147482,1790185793030425072,1790185793030581742,79142,156670,0.784949,1,1
791,1,510361,608469,1790185799038569371,1790185799038258589,310972,0,0.550526,1,1
792,1,473372,519901,1790185799039187200,1790185799038894201,293139,0,0.000000,1,0
793,1,232116,276845,1790185799039486165,1790185799039766649,125530,280484,0.000000,1,0
794,1,205456,226786,1790185799040150224,1790185799040188574,124077,38350,0.000000,1,0
795,1,181547,200917,1790185799040517438,1790185799040586008,123727,68570,0.000000,1,0
796,1,150688,166697,1790185799040881462,1790185799041001093,91725,119631,0.000000,1,0
797,3,476611,163797,1790185799041586519,1790185799041509116,140702,0,0.000000,1,0
798,2,282015,139898,1790185799041949213,1790185799041905411,113261,0,0.000000,1,0
799,1,127168,142428,1790185799042164199,1790185799042693650,91649,529451,0.000000,1,0
800,2,275975,143687,1790185799043078804,1790185799043084685,85958,5881,0.000000,1,0
801,1,126327,141157,1790185799043313640,1790185799043471960,92116,158320,0.778562,1,1
802,4,555610,136478,1790185799044136966,1790185799044061102,139183,0,0.000000,1,0
803,1,123978,138697,1790185799044340563,1790185799044448737,87532,108174,0.819470,1,1
804,1,129788,144177,1790185799044684537,1790185799044829742,96211,145205,0.000000,1,0
805,1,129588,144758,1790185799045071570,1790185799045222687,89779,151117,0.783811,1,1
806,1,131767,147117,1790185799045460943,1790185799045992287,88747,531344,0.534832,1,1
807,1,133508,148618,1790185799046232831,1790185799046387642,91415,154811,0.779754,1,1
808,1,137618,153158,1790185799046632984,1790185799047163351,87632,530367,0.532400,1,1
809,1,129028,143818,1790185799047396211,1790185799047555516,88671,159305,0.000000,1,0
810,1,133938,148828,1790185799047794744,1790185799047946371,88989,151627,0.782050,1,1
811,1,128207,142237,1790185799048179827,1790185799048336096,91687,156269,0.779263,1,1
812,1,139817,154547,1790185799048585120,1790185799048724251,88256,139131,0.790423,1,1
813,1,131608,146097,1790185799048963995,1790185799049112956,92665,148961,0.000000,1,0
814,1,128538,142768,1790185799049350058,1790185799049879695,88592,529637,0.000000,1,0
815,1,129538,144928,1790185799050116235,1790185799050266270,88331,150035,0.000000,1,0
816,1,132538,148078,1790185799050505878,1790185799050685485,90988,179607,0.000000,1,0
817,1,129378,144687,1790185799050922581,1790185799051080749,90777,158168,0.000000,1,0
818,2,278495,149977,1790185799051466351,1790185799052208995,92703,742644,0.000000,1,0
819,2,285185,144507,1790185799052604322,1790185799052591559,90062,0,0.000000,1,0
820,1,126968,141217,1790185799052825089,1790185799053346719,104669,521630,0.541647,1,1
821,1,134018,149178,1790185799053602375,1790185799053758344,87437,155969,0.000000,1,0
822,3,409683,135637,1790185799054272064,1790185799054195268,139224,0,0.000000,1,0
823,1,127688,143178,1790185799054478330,1790185799054573643,91534,95313,0.828393,1,1
824,1,129399,143639,1790185799054810455,1790185799054957448,88033,146993,0.000000,1,0
825,1,128388,142857,1790185799055190119,1790185799055340873,98571,150754,0.000000,1,0
826,1,138348,152397,1790185799055593662,1790185799055731118,86880,137456,0.792505,1,1
827,1,129307,143737,1790185799055962965,1790185799056116263,89728,153298,0.000000,1,0
828,1,126848,141067,1790185799056348799,1790185799056508818,93286,160019,0.777053,1,1
829,1,131598,145817,1790185799056749902,1790185799056899232,91216,149330,0.782873,1,1
830,3,412043,142908,1790185799057418730,1790185799057342057,140102,0,0.000000,1,0
831,1,130067,144527,1790185799057629036,1790185799057729051,90603,100015,0.000000,1,0
832,2,273495,146068,1790185799058108979,1790185799058116926,87641,7947,0.000000,1,0
833,1,130818,145208,1790185799058351515,1790185799058512181,94010,160666,0.000000,1,0
834,1,135928,150188,1790185799058758958,1790185799058901866,90858,142908,0.000000,1,0
835,1,129628,144138,1790185799059139331,1790185799059287541,87596,148210,0.000000,1,0
836,1,131608,147367,1790185799059522885,1790185799059674265,86935,151380,0.000000,1,0
837,1,134508,149897,1790185799059912608,1790185799060056000,87684,143392,0.000000,1,0
838,1,129058,144248,1790185799060289901,1790185799060832740,88831,542839,0.529537,1,1
839,2,275715,143578,1790185799061214856,1790185799061221895,91259,7039,0.000000,1,0
840,2,275225,142337,1790185799061605479,1790185799062378050,90114,772571,0.000000,1,0
841,1,133858,149057,1790185799062620492,1790185799062772084,90564,151592,0.781956,1,1
842,1,130128,145298,1790185799063009365,1790185799063163719,90212,154354,0.780940,1,1
843,1,128378,143308,1790185799063398708,1790185799063556734,89350,158026,0.000000,1,0
844,2,276066,142928,1790185799063938590,1790185799063945769,92299,7179,0.000000,1,0
845,1,129388,143757,1790185799064183326,1790185799064334944,87568,151618,0.000000,1,0
846,1,131048,146018,1790185799064575629,1790185799064724688,87657,149059,0.000000,1,0
847,2,272445,141358,1790185799065101480,1790185799065120353,89985,18873,0.894350,1,1
848,1,133877,148307,1790185799065362705,1790185799065516778,90263,154073,0.000000,1,0
849,2,273765,142158,1790185799065898656,1790185799065914903,87211,16247,0.896758,1,1
850,1,135908,150227,1790185799066154122,1790185799066304088,87159,149966,0.000000,1,0
851,1,131428,146918,1790185799066538425,1790185799066690182,87949,151757,0.000000,1,0
852,1,129769,144329,1790185799066924149,1790185799067080757,91118,156608,0.000000,1,0
853,2,275055,147188,1790185799067462710,1790185799067469042,87406,6332,0.904232,1,1
854,1,127098,141517,1790185799067700146,1790185799067864717,87254,164571,0.773200,1,1
855,2,271475,144377,1790185799068239216,1790185799068261192,87762,21976,0.890921,1,1
856,1,131958,146478,1790185799068497292,1790185799069067941,90799,570649,0.000000,1,0
857,2,283835,148388,1790185799069458995,1790185799069458256,87838,0,0.909920,1,1
858,1,128888,143828,1790185799069691341,1790185799069847981,88547,156640,0.779567,1,1
859,2,273045,142478,1790185799070225723,1790185799070237576,90775,11853,0.000000,1,0
860,1,674674,804962,1790185811086440879,1790185811086071182,369917,0,0.668490,1,1
861,1,552104,596954,1790185811087148011,1790185811086845242,302859,0,0.908320,1,1
862,4,1458424,226297,1790185811088671084,1790185811088548750,154134,0,0.339376,1,1
863,1,202588,221517,1790185811088926232,1790185811088965474,119987,39242,0.000000,1,0
864,1,161358,180068,1790185811089268119,1790185811089371479,105248,103360,0.000000,1,0
865,3,444915,145298,1790185811089940361,1790185811089853392,150289,0,0.000000,1,0
866,2,265497,139348,1790185811090286428,1790185811090254067,104580,0,0.000000,1,0
867,1,124958,140608,1790185811090501105,1790185811090663122,100210,162017,0.000000,1,0
868,1,130729,145789,1790185811090911611,1790185811091463571,103803,551960,0.000000,1,0
869,2,276667,140448,1790185811091861410,1790185811091874766,96413,13356,0.000000,1,0
870,2,268257,139049,1790185811092255547,1790185811092267400,100096,11853,0.000000,1,0
871,2,282807,144748,1790185811092666133,1790185811093030960,97117,364827,0.000000,1,0
872,1,126639,140849,1790185811093270976,1790185811093799990,99009,529014,0.000000,1,0
873,1,134248,149758,1790185811094052497,1790185811094204865,97020,152368,0.000000,1,0
874,1,128919,143769,1790185811094447463,1790185811094981455,99142,533992,0.000000,1,0
875,1,129998,145058,1790185811095228175,1790185811095374059,97754,145884,0.779505,1,1
876,1,132469,148159,1790185811095621161,1790185811095768644,98074,147483,0.000000,1,0
877,1,130439,145528,1790185811096014197,1790185811096160309,97685,146112,0.778297,1,1
878,1,129458,144648,1790185811096406822,1790185811096562074,108885,155252,0.000000,1,0
879,2,280197,145159,1790185811096968576,1790185811096953288,100157,0,0.914546,1,1
880,1,126248,141388,1790185811097199283,1790185811097340253,97438,140970,0.783482,1,1
881,1,131938,147958,1790185811097585679,1790185811097731118,97688,145439,0.000000,1,0
882,1,133700,149820,1790185811097980546,1790185811098122723,99430,142177,0.780222,1,1
883,1,136538,151758,1790185811098375771,1790185811098512698,99761,136927,0.000000,1,0
884,1,130788,146228,1790185811098760257,1790185811098902453,101222,142196,0.781143,1,1
885,1,128669,143889,1790185811099149083,1790185811099285848,102532,136765,0.000000,1,0
886,1,135039,150259,1790185811099540029,1790185811099668423,97353,128394,0.791261,1,1
887,1,130079,145508,1790185811099912525,1790185811100051047,98105,138522,0.000000,1,0
888,2,1457006,572951,1790185829124811949,1790185829125607680,184272,795731,0.000000,1,0
889,1,427313,465642,1790185829126257815,1790185829126273191,137951,15376,0.751514,1,1
890,1,311046,328215,1790185829126769037,1790185829126735645,98831,0,0.904133,1,1
891,1,239386,254576,1790185829127089991,1790185829127207569,116898,117578,0.000000,1,0
892,1,233376,247546,1790185829127574503,1790185829127629113,117177,54610,0.835866,1,1
893,1,155447,167157,1790185829127919117,1790185829128037408,79376,118291,0.811544,1,1
894,1,144987,155817,1790185829128274231,1790185829128446303,78824,172072,0.774260,1,1
895,1,149137,160287,1790185829128686424,1790185829128858557,78183,172133,0.000000,1,0
896,1,148167,158607,1790185829129098237,1790185829129658007,78670,559770,0.525297,1,1
897,1,148257,159527,1790185829129897564,1790185829130050661,79209,153097,0.000000,1,0
898,1,145088,160407,1790185829130294768,1790185829130830411,78546,535643,0.000000,1,0
899,1,135118,150627,1790185829131061125,1790185829131219776,77515,158651,0.782300,1,1
900,1,128288,143128,1790185829131443288,1790185829131622421,79863,179133,0.000000,1,0
901,1,132628,147508,1790185829131851421,1790185829132021245,77332,169824,0.775927,1,1
902,1,129337,144427,1790185829132244704,1790185829132410980,77840,166276,0.779660,1,1
903,1,137308,152227,1790185829132642418,1790185829132812305,77859,169887,0.000000,1,0
904,1,138348,153888,1790185829133045002,1790185829133212869,77499,167867,0.777948,1,1
905,2,1783260,897085,1790185853166928326,1790185853166632326,296110,0,0.000000,1,0
906,1,512321,560220,1790185853167509206,1790185853167301568,207728,0,0.000000,1,0
907,1,406913,454033,1790185853167978808,1790185853168347544,91817,368736,0.000000,1,0
908,2,440443,224066,1790185853168935273,1790185853169631287,87452,696014,0.000000,1,0
909,1,211556,234876,1790185853169956535,1790185853170064541,88741,108006,0.000000,1,0
910,1,172167,194076,1790185853170350279,1790185853170470956,59160,120677,0.000000,1,0
911,1,150838,168737,1790185853170701903,1790185853170882510,54319,180607,0.000000,1,0
912,2,424714,164017,1790185853171388212,1790185853171344794,109597,0,0.932180,1,1
913,2,280025,153438,1790185853171753896,1790185853172498759,58103,744863,0.000000,1,0
914,1,145098,162777,1790185853172722560,1790185853172893974,57952,171414,0.790621,1,1
915,1,139288,156318,1790185853173110803,1790185853173290648,52041,179845,0.000000,1,0
916,1,129618,147307,1790185853173491377,1790185853174068688,58229,577311,0.530136,1,1
917,2,281255,146007,1790185853174426042,1790185853175252082,55895,826040,0.000000,1,0
918,1,132668,152498,1790185853175467874,1790185853176062962,57341,595088,0.520252,1,1
919,2,285285,149708,1790185853176427518,1790185853176458526,56470,31008,0.000000,1,0
920,1,136068,156047,1790185853176671794,1790185853176854521,58579,182727,0.000000,1,0
921,1,135579,157689,1790185853177069718,1790185853177243776,56128,174058,0.000000,1,0
922,1,136197,155297,1790185853177458101,1790185853177633051,57806,174950,0.788670,1,1
923,1,139808,159637,1790185853177851925,1790185853178022016,53855,170091,0.000000,1,0
924,1,133267,152427,1790185853178230408,1790185853178414081,52763,183673,0.000000,1,0
925,1,132018,151087,1790185853178619722,1790185853178811715,55593,191993,0.000000,1,0
926,1,136918,156518,1790185853179026015,1790185853179203470,55691,177455,0.000000,1,0
927,1,131087,149977,1790185853179410878,1790185853179974550,55209,563672,0.000000,1,0
928,1,138597,158077,1790185853180191136,1790185853180362505,56917,171369,0.000000,1,0
929,2,291185,152618,1790185853180731267,1790185853181507890,59983,776623,0.433069,1,1
930,2,293125,154727,1790185853181882538,1790185853181898774,57512,16236,0.000000,1,0
931,1,133848,152527,1790185853182111034,1790185853182284489,56621,173455,0.000000,1,0
932,1,131498,150098,1790185853182492477,1790185853182679974,54499,187497,0.781737,1,1
933,1,140087,159917,1790185853182895660,1790185853183069159,59418,173499,0.000000,1,0
934,2,280915,147217,1790185853183430812,1790185853184221084,58304,790272,0.000000,1,0
935,1,136017,154377,1790185853184437105,1790185853184608469,54562,171364,0.000000,1,0
936,2,291035,151488,1790185853184974326,1790185853184995753,61882,21427,0.922113,1,1
937,1,131498,150068,1790185853185209622,1790185853185382118,55850,172496,0.794059,1,1
938,1,131048,149517,1790185853185588866,1790185853185773283,54339,184417,0.000000,1,0
939,1,133688,153168,1790185853185982009,1790185853186164638,53358,182629,0.000000,1,0
940,1,138637,157227,1790185853186376893,1790185853186939818,54475,562925,0.000000,1,0
941,2,286985,151037,1790185853187304378,1790185853187331783,52883,27405,0.916981,1,1
942,1,130038,151587,1790185853187535154,1790185853187721257,63523,186103,0.783036,1,1
943,1,131598,150998,1790185853187939837,1790185853188111122,56521,171285,0.794758,1,1
944,1,134028,152997,1790185853188323081,1790185853188965081,58379,642000,0.000000,1,0
945,1,133948,152988,1790185853189179007,1790185853189356276,57127,177269,0.788938,1,1
946,3,433292,148377,1790185853189866455,1790185853189823310,107304,0,0.000000,1,0
947,1,129408,148497,1790185853190082512,1790185853190592849,57683,510337,0.000000,1,0
948,1,136237,155547,1790185853190807529,1790185853190984384,53572,176855,0.789475,1,1
949,2,285105,150977,1790185853191344070,1790185853191408109,52029,64039,0.000000,1,0
950,1,130818,149468,1790185853191611276,1790185853191798563,53869,187287,0.000000,1,0
951,2,296756,159187,1790185853192171137,1790185853192184808,52028,13671,0.000000,1,0
952,1,129218,148007,1790185853192386354,1790185853192580453,52047,194099,0.000000,1,0
953,1,134318,154428,1790185853192787037,1790185853192971718,54815,184681,0.000000,1,0
954,2,281435,149467,1790185853193328358,1790185853193356853,56793,28495,0.916916,1,1
955,2,286235,153048,1790185853193720061,1790185853193746598,55612,26537,0.000000,1,0
956,2,279906,146837,1790185853194102935,1790185853194133903,55890,30968,0.915267,1,1
957,1,130118,149307,1790185853194342731,1790185853194522357,52240,179626,0.788434,1,1
958,1,139038,157788,1790185853194733004,1790185853194914122,53408,181118,0.000000,1,0
959,1,132618,150968,1790185853195120448,1790185853195304767,52657,184319,0.783741,1,1
960,1,137598,156687,1790185853195515552,1790185853195696792,56986,181240,0.000000,1,0
961,2,286105,149227,1790185853196066782,1790185853196089657,54374,22875,0.000000,1,0
962,1,130338,148677,1790185853196294619,1790185853197230542,55240,935923,0.370046,1,1
963,1,134218,153208,1790185853197441399,1790185853197624606,56909,183207,0.000000,1,0
964,1,135627,155197,1790185853197839792,1790185853198397576,57137,557784,0.538331,1,1
965,1,139027,154187,1790185853198614610,1790185853199176466,57674,561856,0.000000,1,0
966,2,280535,146158,1790185853199532085,1790185853199567181,52852,35096,0.910211,1,1
967,3,431673,142947,1790185853200068596,1790185853200026405,107410,0,0.000000,1,0
968,1,126038,140888,1790185853200276762,1790185853200404290,54709,127528,0.832320,1,1
969,1,130898,146267,1790185853200606477,1790185853200807334,61378,200857,0.000000,1,0
970,1,135889,150468,1790185853201022321,1790185853201606014,57806,583693,0.525150,1,1
971,1,134198,148948,1790185853201814907,1790185853201996958,53805,182051,0.000000,1,0
972,1,134377,153067,1790185853202208720,1790185853202385373,60843,176653,0.000000,1,0
973,2,282985,150597,1790185853202749551,1790185853202776438,58372,26887,0.916990,1,1
974,3,431312,144818,1790185853203287012,1790185853203246052,108269,0,0.000000,1,0
975,1,125358,143097,1790185853203501889,1790185853204003962,59438,502073,0.000000,1,0
976,1,134007,152367,1790185853204219447,1790185853204778852,57245,559405,0.538395,1,1
977,1,139957,158467,1790185853204997484,1790185853205172566,59594,175082,0.789752,1,1
978,1,135978,154527,1790185853205388238,1790185853205569411,60873,181173,0.784800,1,1
979,1,136128,155958,1790185853205786471,1790185853206715656,64168,929185,0.000000,1,0
980,1,134377,153087,1790185853206935331,1790185853207108911,59638,173580,0.000000,1,0
981,1,131988,150488,1790185853207320886,1790185853207500676,56436,179790,0.787118,1,1
982,1,136507,154907,1790185853207714049,1790185853207893270,52815,179221,0.787867,1,1
983,2,286335,152368,1790185853208253510,1790185853208284085,59534,30575,0.911960,1,1
984,1,131448,149898,1790185853208495066,1790185853208709350,55051,214284,0.000000,1,0
985,1,135088,154917,1790185853208933659,1790185853209128474,62210,194815,0.000000,1,0
986,1,131838,151077,1790185853209344282,1790185853209900554,57997,556272,0.540191,1,1
987,1,133769,153578,1790185853210114360,1790185853211059378,61445,945018,0.000000,1,0
988,1,138528,157778,1790185853211280800,1790185853211446523,56473,165723,0.796756,1,1
989,2,284445,152618,1790185853211808231,1790185853211837308,52602,29077,0.913886,1,1
990,1,136998,156278,1790185853212047717,1790185853212228573,53490,180856,0.000000,1,0
991,2,282975,150497,1790185853212585398,1790185853213002812,56809,417414,0.000000,1,0
992,1,131878,150928,1790185853213212928,1790185853213398877,52387,185949,0.000000,1,0
993,1,128068,146597,1790185853213599702,1790185853213792702,58905,193000,0.778811,1,1
994,3,434123,146847,1790185853214307620,1790185853214574422,56822,266802,0.000000,1,0
995,1,133698,152207,1790185853214785542,1790185853214962416,53272,176874,0.788466,1,1
996,2,283536,149557,1790185853215319493,1790185853215730016,62369,410523,0.000000,1,0
997,1,134898,153268,1790185853215948272,1790185853216498826,59087,550554,0.000000,1,0
998,1,139198,157598,1790185853216717820,1790185853216890681,53325,172861,0.000000,1,0
999,1,135987,154467,1790185853217100263,1790185853217664191,59202,563928,0.533060,1,1
1000,1,134428,153438,1790185853217878870,1790185853218059805,57101,180935,0.786018,1,1
1001,2,284515,151148,1790185853218421931,1790185853218836395,55588,414464,0.000000,1,0
1002,2,284426,148678,1790185853219198239,1790185853219223590,56257,25351,0.000000,1,0
1003,1,129328,148248,1790185853219429695,1790185853219616045,53716,186350,0.784133,1,1
1004,2,287225,148227,1790185853219976456,1790185853220006560,57214,30104,0.000000,1,0
1005,1,130098,147677,1790185853220214262,1790185853220770340,56791,556078,0.000000,1,0
1006,1,132558,151097,1790185853220980279,1790185853221538339,55779,558060,0.540251,1,1
1007,1,139588,163627,1790185853221758256,1790185853221928894,55318,170638,0.790368,1,1
1008,1,136409,151449,1790185853222141730,1790185853222314199,56717,172469,0.791135,1,1
1009,1,132878,147767,1790185853222520544,1790185853222701944,56066,181400,0.000000,1,0
1010,1,134648,149478,1790185853222916177,1790185853223088129,55344,171952,0.000000,1,0
1011,3,427863,141107,1790185853223587916,1790185853223546983,103532,0,0.000000,1,0
1012,2,275146,142338,1790185853223942410,1790185853223911958,96511,0,0.000000,1,0
1013,1,128938,142668,1790185853224153956,1790185853224703498,56328,549542,0.000000,1,0
1014,1,133677,148487,1790185853224915673,1790185853225119482,58328,203809,0.000000,1,0
1015,1,131988,146637,1790185853225326218,1790185853225507987,56127,181769,0.000000,1,0
1016,1,138878,153358,1790185853225719251,1790185853225898372,54725,179121,0.787173,1,1
1017,1,133627,148287,1790185853226105444,1790185853226286337,53033,180893,0.000000,1,0
1018,1,130038,144578,1790185853226486198,1790185853226682041,51993,195843,0.775307,1,1
1019,1,130968,146348,1790185853226881401,1790185853227480281,56139,598880,0.000000,1,0
1020,1,130228,144907,1790185853227683448,1790185853227870626,53428,187178,0.000000,1,0
1021,1,133979,148769,1790185853228076082,1790185853228262620,52748,186538,0.781817,1,1
1022,2,282805,147548,1790185853228614443,1790185853228650185,60546,35742,0.000000,1,0
1023,1,134378,149787,1790185853228861379,1790185853229069180,55594,207801,0.000000,1,0
1024,1,136138,151047,1790185853229277732,1790185853229459985,54953,182253,0.000000,1,0
1025,1,132768,147608,1790185853229663785,1790185853229888709,54581,224924,0.750980,1,1
1026,1,132968,152198,1790185853230091128,1790185853230672419,57578,581291,0.000000,1,0
1027,1,133128,153687,1790185853230883495,1790185853231064073,55769,180578,0.786379,1,1
1028,2,293575,154538,1790185853231435386,1790185853231454248,54257,18862,0.925567,1,1
1029,1,128017,147157,1790185853231657722,1790185853231846983,55975,189261,0.781479,1,1
1030,1,133138,153047,1790185853232056906,1790185853232622033,56642,565127,0.000000,1,0
1031,2,287265,151458,1790185853232987140,1790185853233013388,52061,26248,0.000000,1,0
1032,1,131788,150828,1790185853233218866,1790185853233406692,52960,187826,0.000000,1,0
1033,2,283185,156497,1790185853233762137,1790185853234175792,57458,413655,0.623171,1,1
1034,1,132408,150758,1790185853234387387,1790185853234573927,55516,186540,0.000000,1,0
1035,1,136418,156017,1790185853234785931,1790185853234965691,53646,179760,0.000000,1,0
1036,1,132258,151158,1790185853235171334,1790185853235364076,60964,192742,0.777994,1,1
1037,1,135338,153798,1790185853235580977,1790185853235764291,58042,183314,0.000000,1,0
1038,1,138727,157377,1790185853235982300,1790185853236153626,56881,171326,0.000000,1,0
1039,1,130698,149598,1790185853236364054,1790185853236924915,61149,560861,0.538433,1,1
1040,3,434384,147018,1790185853237442207,1790185853238080780,58155,638573,0.499349,1,1
1041,1,132898,151707,1790185853238293293,1790185853238472045,56174,178752,0.787717,1,1
1042,1,131328,150098,1790185853238680066,1790185853238863540,53742,183474,0.785263,1,1
1043,1,134667,153007,1790185853239072759,1790185853239268114,55781,195355,0.000000,1,0
1044,1,132738,151117,1790185853239476823,1790185853239664389,59579,187566,0.777138,1,1
1045,1,134858,153867,1790185853239879096,1790185853240056924,56259,177828,0.000000,1,0
1046,1,132098,150468,1790185853240266030,1790185853240449239,53247,183209,0.000000,1,0
1047,1,129488,147657,1790185853240653054,1790185853241223928,53295,570874,0.000000,1,0
1048,1,133297,151967,1790185853241431600,1790185853241619983,57083,188383,0.000000,1,0
1049,2,290895,154918,1790185853241988211,1790185853242398103,58650,409892,0.000000,1,0
1050,1,133608,152587,1790185853242610021,1790185853242800048,54728,190027,0.000000,1,0
1051,1,139619,158748,1790185853243015765,1790185853243200232,58119,184467,0.779543,1,1
1052,2,278016,147347,1790185853243557226,1790185853243594997,55467,37771,0.000000,1,0
1053,1,133147,152617,1790185853243804491,1790185853244365547,58414,561056,0.000000,1,0
1054,1,137067,156777,1790185853244581808,1790185853244759442,57292,177634,0.788891,1,1
1055,1,135728,155027,1790185853244974592,1790185853245152096,55612,177504,0.788845,1,1
1056,1,131807,150177,1790185853245360345,1790185853245546711,52360,186366,0.000000,1,0
1057,1,132968,157357,1790185853245752029,1790185853245938066,54359,186037,0.782433,1,1
1058,2,286646,152417,1790185853246299611,1790185853246332311,63328,32700,0.000000,1,0
1059,1,129617,148017,1790185853246545316,1790185853247135990,56685,590674,0.522933,1,1
1060,1,133458,152127,1790185853247347283,1790185853247918610,53572,571327,0.000000,1,0
1061,1,136428,155037,1790185853248130370,1790185853248315815,58440,185445,0.781323,1,1
1062,2,280875,148148,1790185853248675100,1790185853249097804,57429,422704,0.000000,1,0
1063,3,440902,146147,1790185853249617385,1790185853249575558,107576,0,0.000000,1,0
1064,1,134228,153767,1790185853249838072,1790185853249966263,57325,128191,0.827631,1,1
1065,1,132888,150908,1790185853250177166,1790185853250370457,62585,193291,0.778088,1,1
1066,1,130338,148878,1790185853250583749,1790185853250767512,53373,183763,0.784768,1,1
1067,1,137627,156287,1790185853250978782,1790185853251163487,58961,184705,0.000000,1,0
1068,1,132528,150927,1790185853251375146,1790185853251561372,56599,186226,0.782621,1,1
1069,1,139718,158927,1790185853251777779,1790185853252716636,59627,938857,0.000000,1,0
1070,1,135488,154658,1790185853252939050,1790185853253106601,52315,167551,0.000000,1,0
1071,1,131508,149787,1790185853253312894,1790185853253506066,56124,193172,0.777488,1,1
1072,3,445043,150787,1790185853254026982,1790185853254277796,58031,250814,0.734103,1,1
1073,1,129878,148928,1790185853254487404,1790185853254673720,57140,186316,0.782669,1,1
1074,1,132107,151167,1790185853254883037,1790185853255829875,54556,946838,0.000000,1,0
1075,1,138418,157717,1790185853256044889,1790185853256220800,53155,175911,0.789838,1,1
1076,4,597240,158397,1790185853256891585,1790185853256989780,55872,98195,0.000000,1,0
1077,1,130797,150107,1790185853257197359,1790185853257388975,53160,191616,0.000000,1,0
1078,1,136858,155167,1790185853257599653,1790185853257783719,53560,184066,0.783639,1,1
1079,1,134098,152849,1790185853257993016,1790185853258185514,56319,192498,0.000000,1,0
1080,1,131838,150538,1790185853258394360,1790185853258582389,53447,188029,0.000000,1,0
1081,1,137737,156917,1790185853258793773,1790185853258976344,53575,182571,0.000000,1,0
1082,1,132198,150458,1790185853259182067,1790185853259368098,52165,186031,0.000000,1,0
1083,1,130407,149387,1790185853259571310,1790185853259762633,54163,191323,0.000000,1,0
1084,1,134198,152667,1790185853259971594,1790185853260150348,53312,178754,0.000000,1,0
1085,1,128778,147528,1790185853260353197,1790185853260546223,52030,193026,0.000000,1,0
1086,1,134667,158527,1790185853260753210,1790185853260942847,53439,189637,0.778353,1,1
1087,1,131878,150237,1790185853261148255,1790185853261714197,53247,565942,0.535549,1,1
1088,1,136417,155927,1790185853261929661,1790185853262107112,53096,177451,0.789270,1,1
1089,2,283545,149747,1790185853262464192,1790185853262495567,51934,31375,0.913548,1,1
1090,1,133097,152177,1790185853262700838,1790185853262889991,57093,189153,0.000000,1,0
1091,1,134928,153357,1790185853263103122,1790185853264076686,57899,973564,0.355956,1,1
1092,1,135298,157607,1790185853264294813,1790185853264485710,51009,190897,0.000000,1,0
1093,1,132348,151138,1790185853264691856,1790185853265267730,58965,575874,0.000000,1,0
1094,1,131628,150887,1790185853265480183,1790185853265671454,51985,191271,0.778781,1,1
1095,1,138408,157568,1790185853265883736,1790185853266433364,66192,549628,0.543535,1,1
1096,1,133228,152268,1790185853266653513,1790185853266852969,56860,199456,0.771254,1,1
1097,1,132669,152049,1790185853267064807,1790185853267241944,55989,177137,0.788647,1,1
1098,1,128238,146767,1790185853267446211,1790185853267627209,55748,180998,0.000000,1,0
1099,1,134218,154358,1790185853267837554,1790185853268015063,52947,177509,0.000000,1,0
1100,1,128917,147467,1790185853268218487,1790185853268401978,52185,183491,0.785632,1,1
1101,2,278825,154917,1790185853268755738,1790185853268790003,73024,34265,0.000000,1,0
1102,1,138798,157437,1790185853269025344,1790185853269229087,55192,203743,0.000000,1,0
1103,2,278205,146887,1790185853269582534,1790185853270001307,58960,418773,0.620721,1,1
1104,1,135418,154087,1790185853270218045,1790185853270390662,52089,172617,0.791982,1,1
1105,1,131878,150288,1790185853270594548,1790185853271162862,53966,568314,0.000000,1,0
1106,1,137848,156578,1790185853271376345,1790185853271559637,54574,183292,0.000000,1,0
1107,1,132897,155857,1790185853271767088,1790185853271951601,54033,184513,0.000000,1,0
1108,1,132758,151117,1790185853272159452,1790185853272340846,54522,181394,0.000000,1,0
1109,1,130818,148988,1790185853272546195,1790185853273122656,58049,576461,0.000000,1,0
1110,1,133078,151568,1790185853273335133,1790185853273512981,55428,177848,0.789412,1,1
1111,1,144197,162607,1790185853273732856,1790185853273901726,57856,168870,0.000000,1,0
1112,1,133868,152247,1790185853274114670,1790185853274289310,54076,174640,0.000000,1,0
1113,1,131427,152877,1790185853274494713,1790185853275068460,54273,573747,0.531325,1,1
1114,2,286246,148687,1790185853275432428,1790185853275837520,58580,405092,0.000000,1,0
1115,1,135099,154709,1790185853276051868,1790185853276232175,53369,180307,0.000000,1,0
1116,1,136128,155377,1790185853276442422,1790185853276622480,52388,180058,0.786489,1,1
1117,1,135168,154778,1790185853276830725,1790185853277013794,55207,183069,0.784556,1,1
1118,1,132787,152347,1790185853277222608,1790185853277437079,55915,214471,0.761224,1,1
1119,5,731397,144178,1790185853278245131,1790185853278204449,107991,0,0.000000,1,0
1120,1,126788,145307,1790185853278459628,1790185853278591073,56331,131445,0.000000,1,0
1121,1,134378,154547,1790185853278802042,1790185853278979358,53601,177316,0.789309,1,1
1122,1,135787,154877,1790185853279189906,1790185853279368513,53359,178607,0.787315,1,1
1123,1,130248,148787,1790185853279572690,1790185853279765878,53388,193188,0.000000,1,0
1124,1,132918,151398,1790185853279973243,1790185853280164943,54796,191700,0.000000,1,0
1125,1,136038,154718,1790185853280375996,1790185853280559147,56395,183151,0.781809,1,1
1126,1,132608,154557,1790185853280768380,1790185853280951492,52964,183112,0.000000,1,0
1127,1,133268,152068,1790185853281160813,1790185853281346157,51992,185344,0.000000,1,0
1128,1,134868,153228,1790185853281553676,1790185853281742152,53540,188476,0.000000,1,0
1129,3,432743,147707,1790185853282249005,1790185853282206566,104428,0,0.000000,1,0
1130,2,273426,144937,1790185853282604780,1790185853282594541,75787,0,0.954221,1,1
1131,1,132658,151548,1790185853282823116,1790185853282986835,56787,163719,0.000000,1,0
1132,1,132268,150747,1790185853283195160,1790185853283374910,56166,179750,0.000000,1,0
1133,1,132128,150968,1790185853283583673,1790185853283770295,57684,186622,0.000000,1,0
1134,1,134507,153147,1790185853283985696,1790185853284163200,55742,177504,0.788725,1,1
1135,1,132958,151537,1790185853284372050,1790185853284559735,55151,187685,0.000000,1,0
1136,1,133838,156398,1790185853284769543,1790185853284955529,54610,185986,0.781901,1,1
1137,1,130858,149257,1790185853285160848,1790185853285346144,54640,185296,0.000000,1,0
1138,2,280365,148907,1790185853285701148,1790185853286118784,58306,417636,0.000000,1,0
1139,2,293615,155288,1790185853286493135,1790185853286508399,58425,15264,0.000000,1,0
1140,1,152897,171377,1790185853286740041,1790185853287291798,57313,551757,0.541793,1,1
1141,4,587770,146918,1790185853287959220,1790185853287918130,104100,0,0.780433,1,1
1142,1,129068,148267,1790185853288172458,1790185853288300205,55130,127747,0.000000,1,0
1143,1,129648,148038,1790185853288505722,1790185853289454890,55975,949168,0.365431,1,1
1144,1,133557,153027,1790185853289666432,1790185853289878624,58124,212192,0.762917,1,1
1145,1,137018,156148,1790185853290096755,1790185853290284119,55332,187364,0.000000,1,0
1146,1,131037,149757,1790185853290491048,1790185853290678543,53491,187495,0.782340,1,1
1147,1,133168,153267,1790185853290885962,1790185853291832078,54138,946116,0.365643,1,1
1148,1,134868,153768,1790185853292044073,1790185853292222873,56076,178800,0.000000,1,0
1149,1,134348,152817,1790185853292432917,1790185853292617287,55365,184370,0.000000,1,0
1150,1,138038,157327,1790185853292830700,1790185853293007322,53304,176622,0.787512,1,1
1151,1,135407,153777,1790185853293216693,1790185853293396137,51792,179444,0.000000,1,0
1152,1,135198,153707,1790185853293603397,1790185853293789402,54861,186005,0.000000,1,0
1153,1,137788,157009,1790185853294002720,1790185853294570832,58498,568112,0.000000,1,0
1154,1,139208,157657,1790185853294788458,1790185853294972086,52498,183628,0.780456,1,1
1155,3,432643,145888,1790185853295477816,1790185853295743016,56945,265200,0.725107,1,1
1156,1,131168,150368,1790185853295952298,1790185853296132411,55883,180113,0.788221,1,1
1157,1,138557,157037,1790185853296352391,1790185853296519826,53842,167435,0.000000,1,0
1158,1,134488,152238,1790185853296728335,1790185853296917291,53460,188956,0.000000,1,0
1159,1,136458,156288,1790185853297129249,1790185853297305395,51931,176146,0.000000,1,0
1160,1,134458,152778,1790185853297512613,1790185853297697560,53139,184947,0.782026,1,1
1161,2,308284,174107,1790185853298085003,1790185853298087865,56837,2862,0.000000,1,0
1162,1,129368,148977,1790185853298295470,1790185853298475440,54946,179970,0.788568,1,1
1163,1,129688,148188,1790185853298680993,1790185853299623335,54291,942342,0.368009,1,1
1164,1,135768,155267,1790185853299835774,1790185853300016070,54131,180296,0.000000,1,0
1165,2,284196,148797,1790185853300375486,1790185853300405414,55600,29928,0.000000,1,0
1166,1,129638,148217,1790185853300613832,1790185853301568189,57545,954357,0.000000,1,0
1167,1,136548,155917,1790185853301784862,1790185853301965544,54304,180682,0.000000,1,0
1168,1,130388,149388,1790185853302171325,1790185853302361928,60383,190603,0.000000,1,0
1169,2,313374,190137,1790185853302756605,1790185853302754873,68211,0,0.941144,1,1
1170,1,133268,151657,1790185853302977492,1790185853303146398,56961,168906,0.795776,1,1
1171,1,127867,146788,1790185853303351496,1790185853303917478,60278,565982,0.000000,1,0
1172,1,130088,148568,1790185853304128943,1790185853304305193,54676,176250,0.000000,1,0
1173,1,127828,146698,1790185853304508467,1790185853304692818,53135,184351,0.000000,1,0
1174,1,140997,159627,1790185853304907210,1790185853305082812,55444,175602,0.000000,1,0
1175,1,130188,148427,1790185853305288564,1790185853305846882,58471,558318,0.000000,1,0
1176,1,134319,154328,1790185853306061292,1790185853306232397,56981,171105,0.000000,1,0
1177,3,433842,149418,1790185853306743950,1790185853307366432,57297,622482,0.000000,1,0
1178,2,285586,149827,1790185853307730574,1790185853307749347,56905,18773,0.924947,1,1
1179,1,129528,148947,1790185853307959080,1790185853308137112,55454,178032,0.000000,1,0
1180,1,127788,146088,1790185853308341213,1790185853308517327,53542,176114,0.000000,1,0
1181,1,149447,168237,1790185853308741176,1790185853308936111,52581,194935,0.771842,1,1
1182,1,130339,148878,1790185853309139801,1790185853310074596,59458,934795,0.370254,1,1
1183,1,130848,150338,1790185853310288621,1790185853310463891,54366,175270,0.791910,1,1
1184,2,275855,149347,1790185853310814932,1790185853310847016,52525,32084,0.000000,1,0
1185,1,129637,148797,1790185853311050378,1790185853311260421,51033,210043,0.000000,1,0
1186,1,127297,146217,1790185853311458961,1790185853311642746,58601,183785,0.000000,1,0
1187,1,132208,152347,1790185853311853845,1790185853312026171,53011,172326,0.000000,1,0
1188,1,128687,147087,1790185853312229259,1790185853312408356,53609,179097,0.000000,1,0
1189,3,429493,150417,1790185853312911678,1790185853312869659,105488,0,0.000000,1,0
1190,1,126598,144998,1790185853313121934,1790185853313617959,56286,496025,0.000000,1,0
1191,1,130277,150077,1790185853313824652,1790185853314003874,52994,179222,0.000000,1,0
1192,1,132248,150718,1790185853314210706,1790185853314391179,55343,180473,0.000000,1,0
1193,1,128317,146437,1790185853314594859,1790185853314776054,52251,181195,0.000000,1,0
1194,1,129498,148098,1790185853314978713,1790185853315534334,55530,555621,0.000000,1,0
1195,6,868976,147577,1790185853316479169,1790185853316433502,105736,0,0.586623,1,1
1196,2,271076,145938,1790185853316830923,1790185853316817337,77255,0,0.000000,1,0
1197,1,134168,153048,1790185853317052099,1790185853317249291,56534,197192,0.773479,1,1
1198,1,131167,149808,1790185853317457402,1790185853317642396,54422,184994,0.784439,1,1
1199,1,134728,153857,1790185853317851496,1790185853318027301,55982,175805,0.791277,1,1
1200,1,132588,151488,1790185853318238970,1790185853318413356,56420,174386,0.000000,1,0
1201,1,131488,148897,1790185853318621544,1790185853318801010,52940,179466,0.788104,1,1
1202,1,132438,152158,1790185853319008257,1790185853319566840,55657,558583,0.000000,1,0
1203,1,138018,158118,1790185853319782054,1790185853320330740,56244,548686,0.543154,1,1
1204,1,132138,151648,1790185853320540611,1790185853320719235,58822,178624,0.000000,1,0
1205,1,135827,155467,1790185853320935164,1790185853321109450,51892,174286,0.791507,1,1
1206,1,132008,150768,1790185853321314549,1790185853321496335,52520,181786,0.000000,1,0
1207,1,131588,149807,1790185853321700913,1790185853321884560,66118,183647,0.000000,1,0
1208,1,136688,156297,1790185853322109496,1790185853322270105,59157,160609,0.000000,1,0
1209,1,132417,150927,1790185853322483459,1790185853322663759,53486,180300,0.784494,1,1
1210,1,133818,153377,1790185853322871093,1790185853323800114,57712,929021,0.000000,1,0
1211,2,283206,147778,1790185853324162912,1790185853324198559,51732,35647,0.000000,1,0
1212,1,131198,149778,1790185853324401768,1790185853324590294,54450,188526,0.000000,1,0
1213,1,133057,152217,1790185853324798821,1790185853324985519,55418,186698,0.782519,1,1
1214,1,135258,153857,1790185853325196505,1790185853325374853,55418,178348,0.000000,1,0
1215,1,130448,148958,1790185853325581498,1790185853326145723,55875,564225,0.536750,1,1
1216,3,431393,146988,1790185853326654680,1790185853326612877,104212,0,0.906967,1,1
1217,2,276925,145279,1790185853327014254,1790185853326983802,95472,0,0.975349,1,1
1218,2,278645,149198,1790185853327378279,1790185853327773972,56529,395693,0.000000,1,0
1219,1,129398,147757,1790185853327981279,1790185853328162277,56088,180998,0.000000,1,0
1220,1,127868,146278,1790185853328366192,1790185853328548092,55166,181900,0.000000,1,0
1221,1,132728,157207,1790185853328756686,1790185853328936906,52796,180220,0.000000,1,0
1222,1,138218,156698,1790185853329148959,1790185853329323851,51194,174892,0.000000,1,0
1223,1,129728,148847,1790185853329524803,1790185853329708056,51883,183253,0.000000,1,0
1224,1,132308,161507,1790185853329916086,1790185853330095031,58742,178945,0.000000,1,0
1225,1,130717,145657,1790185853330303020,1790185853330479106,54410,176086,0.000000,1,0
1226,1,132388,146468,1790185853330682724,1790185853330870011,53849,187287,0.782120,1,1
1227,1,133457,148227,1790185853331075227,1790185853331270915,55348,195688,0.000000,1,0
1228,1,130498,145347,1790185853331473421,1790185853331662790,56976,189369,0.000000,1,0
1229,1,135298,151428,1790185853331873634,1790185853332086285,52584,212651,0.000000,1,0
1230,1,133658,148417,1790185853332289587,1790185853332476430,51673,186843,0.000000,1,0
1231,1,130338,145588,1790185853332675020,1790185853332873674,55682,198654,0.772985,1,1
1232,1,134738,149378,1790185853333081594,1790185853333662184,57610,580590,0.523823,1,1
1233,1,132578,146798,1790185853333869461,1790185853334080308,53449,210847,0.000000,1,0
1234,1,134888,154298,1790185853334291794,1790185853334862088,52695,570294,0.000000,1,0
1235,1,132858,151647,1790185853335070161,1790185853335252903,56154,182742,0.785553,1,1
1236,2,279846,147577,1790185853335609232,1790185853335649618,54312,40386,0.907031,1,1
1237,1,134898,154657,1790185853335858838,1790185853336051392,57902,192554,0.777900,1,1
1238,1,131918,150707,1790185853336261732,1790185853336441847,51351,180115,0.788852,1,1
1239,1,128247,146937,1790185853336641315,1790185853336835482,53129,194167,0.000000,1,0
1240,1,133928,152547,1790185853337043299,1790185853337242786,56918,199487,0.000000,1,0
1241,1,133628,152337,1790185853337453242,1790185853337635221,53907,181979,0.000000,1,0
1242,1,133748,152988,1790185853337842805,1790185853338029606,51915,186801,0.000000,1,0
1243,1,133207,152107,1790185853338240198,1790185853338818966,52942,578768,0.528432,1,1
1244,1,133469,152729,1790185853339026246,1790185853339210860,57222,184614,0.783938,1,1
1245,3,438362,152057,1790185853339727084,1790185853339985590,56479,258506,0.728501,1,1
1246,3,434712,146958,1790185853340499061,1790185853340457304,105506,0,0.000000,1,0
1247,1,136018,154387,1790185853340719588,1790185853340856299,55395,136711,0.822984,1,1
1248,1,133078,152057,1790185853341066302,1790185853341248873,55435,182571,0.000000,1,0
1249,1,132208,150648,1790185853341457045,1790185853341639758,62613,182713,0.000000,1,0
1250,1,138697,158477,1790185853341860058,1790185853342027063,57492,167005,0.797840,1,1
1251,2,281945,150167,1790185853342387720,1790185853342415248,56081,27528,0.916596,1,1
1252,2,276545,148668,1790185853342767984,1790185853342804943,55349,36959,0.910921,1,1
1253,1,129378,148678,1790185853343010900,1790185853343194037,54229,183137,0.000000,1,0
1254,1,132388,151788,1790185853343402213,1790185853343590872,56707,188659,0.000000,1,0
1255,1,136488,156827,1790185853343804827,1790185853343990077,52456,185250,0.000000,1,0
1256,1,132068,151648,1790185853344196010,1790185853344377932,55754,181922,0.000000,1,0
1257,1,131707,150527,1790185853344586463,1790185853344772046,53533,185583,0.783256,1,1
1258,1,131898,151387,1790185853344979317,1790185853345551566,55901,572249,0.532617,1,1
1259,2,289535,159308,1790185853345918502,1790185853345935651,55640,17149,0.000000,1,0
1260,1,131418,150198,1790185853346144268,1790185853346319926,50198,175658,0.000000,1,0
1261,2,279605,149248,1790185853346672769,1790185853346709131,53617,36362,0.000000,1,0
1262,1,132168,150708,1790185853346920185,1790185853347096386,55295,176201,0.000000,1,0
1263,1,130718,149117,1790185853347302509,1790185853347483580,51915,181071,0.787592,1,1
1264,1,130568,149258,1790185853347687062,1790185853347902665,56082,215603,0.000000,1,0
1265,1,134509,152868,1790185853348114636,1790185853348289470,58582,174834,0.000000,1,0
1266,1,130267,149197,1790185853348498549,1790185853348680415,52560,181866,0.787205,1,1
1267,1,132168,151127,1790185853348885453,1790185853349067590,54979,182137,0.786040,1,1
1268,1,130398,148958,1790185853349273036,1790185853349452344,55028,179308,0.789515,1,1
1269,1,137578,156417,1790185853349665480,1790185853349841869,52577,176389,0.000000,1,0
1270,1,133148,151818,1790185853350048323,1790185853350224024,55235,175701,0.790984,1,1
1271,1,128948,147327,1790185853350428267,1790185853350605379,54094,177112,0.791412,1,1
1272,1,132778,151808,1790185853350813230,1790185853350988884,51843,175654,0.000000,1,0
1273,1,130888,148967,1790185853351191825,1790185853351372659,53892,180834,0.000000,1,0
1274,2,282096,151467,1790185853351728486,1790185853351768334,52160,39848,0.907375,1,1
1275,1,131377,149747,1790185853351972811,1790185853352152949,55299,180138,0.000000,1,0
1276,1,131188,149728,1790185853352359625,1790185853352537774,57807,178149,0.789957,1,1
1277,1,133957,151737,1790185853352750398,1790185853353296784,56674,546386,0.000000,1,0
1278,1,135297,154397,1790185853353510575,1790185853353684308,52014,173733,0.790131,1,1
1279,2,297476,157678,1790185853354055087,1790185853354069303,55053,14216,0.000000,1,0
1280,2,278515,150278,1790185853354424001,1790185853354457968,55352,33967,0.910930,1,1
1281,1,126248,144628,1790185853354659857,1790185853354844943,53000,185086,0.000000,1,0
1282,2,282175,147448,1790185853355201558,1790185853355229998,53409,28440,0.918568,1,1
1283,1,134568,153228,1790185853355438304,1790185853355616053,58117,177749,0.000000,1,0
1284,1,132407,152827,1790185853355826627,1790185853356000958,51726,174331,0.791515,1,1
1285,1,133518,153218,1790185853356207211,1790185853356384213,54664,177002,0.000000,1,0
1286,3,432273,150887,1790185853356892010,1790185853357141323,59902,249313,0.000000,1,0
1287,1,129178,147468,1790185853357351263,1790185853357564057,55641,212794,0.000000,1,0
1288,1,136628,155877,1790185853357776656,1790185853357957192,52750,180536,0.784666,1,1
1289,1,137828,156078,1790185853358168789,1790185853358348677,52008,179888,0.000000,1,0
1290,2,287345,154128,1790185853358708090,1790185853358753121,52787,45031,0.897243,1,1
1291,2,288335,153658,1790185853359114863,1790185853359144806,55556,29943,0.000000,1,0
1292,1,129658,148098,1790185853359350399,1790185853359532011,54624,181612,0.000000,1,0
1293,1,133817,152437,1790185853359742972,1790185853360298611,59182,555639,0.000000,1,0
1294,1,132907,151387,1790185853360512430,1790185853360696186,51740,183756,0.000000,1,0
1295,1,141168,159977,1790185853360908964,1790185853361125980,52679,217016,0.000000,1,0
1296,1,131878,150357,1790185853361331357,1790185853361895640,54806,564283,0.000000,1,0
1297,1,143547,162727,1790185853362117093,1790185853362676159,53794,559066,0.000000,1,0
1298,1,138067,157227,1790185853362888970,1790185853363068504,51923,179534,0.784611,1,1
1299,1,131638,150168,1790185853363272655,1790185853363459499,56232,186844,0.000000,1,0
1300,1,130758,148048,1790185853363666278,1790185853363852654,53800,186376,0.782879,1,1
1301,1,135188,153937,1790185853364063922,1790185853364242229,52869,178307,0.000000,1,0
1302,2,276166,145237,1790185853364592013,1790185853364634984,54107,42971,0.905010,1,1
1303,1,146357,165697,1790185853364855878,1790185853365029468,56776,173590,0.791428,1,1
1304,1,134858,154377,1790185853365242102,1790185853365418393,56875,176291,0.790834,1,1
1305,1,134478,154128,1790185853365630985,1790185853365831468,53873,200483,0.000000,1,0
1306,1,137318,156098,1790185853366044059,1790185853366232362,55823,188303,0.000000,1,0
1307,1,132568,151417,1790185853366441753,1790185853366622487,52792,180734,0.787370,1,1
1308,1,135728,155528,1790185853366831236,1790185853367387227,52159,555991,0.000000,1,0
1309,1,134778,153898,1790185853367595953,1790185853367780452,53437,184499,0.782402,1,1
1310,2,286615,149967,1790185853368142264,1790185853368170867,52425,28603,0.000000,1,0
1311,1,127728,146638,1790185853368370900,1790185853368563502,50574,192602,0.000000,1,0
1312,1,134768,160408,1790185853368768963,1790185853369330271,57093,561308,0.537095,1,1
1313,1,133198,151608,1790185853369542331,1790185853369724006,61031,181675,0.786316,1,1
1314,1,134817,154167,1790185853369942154,1790185853370115161,52609,173007,0.000000,1,0
1315,1,130708,148968,1790185853370318578,1790185853370505506,51998,186928,0.000000,1,0
1316,1,136507,155398,1790185853370714741,1790185853371278335,58216,563594,0.537009,1,1
1317,1,132398,151448,1790185853371489048,1790185853371676200,51574,187152,0.782582,1,1
1318,1,137457,156947,1790185853371885361,1790185853372068935,51563,183574,0.000000,1,0
1319,1,139848,158407,1790185853372280596,1790185853372457750,56212,177154,0.000000,1,0
1320,1,135878,154888,1790185853372670389,1790185853372861474,57921,191085,0.776952,1,1
1321,1,133997,152167,1790185853373074272,1790185853373253149,56919,178877,0.788789,1,1
1322,1,130778,149227,1790185853373460926,1790185853374404284,57935,943358,0.000000,1,0
1323,1,135248,154158,1790185853374619566,1790185853374797179,54553,177613,0.788883,1,1
1324,2,289946,153858,1790185853375166618,1790185853375189903,51904,23285,0.000000,1,0
1325,1,130158,149038,1790185853375392204,1790185853375587708,55782,195504,0.000000,1,0
1326,1,136117,155867,1790185853375800507,1790185853375979253,53700,178746,0.000000,1,0
1327,1,131608,150937,1790185853376185451,1790185853376370008,57869,184557,0.000000,1,0
1328,2,287405,154807,1790185853376739291,1790185853376760553,52747,21262,0.922407,1,1
1329,1,135898,155277,1790185853376968918,1790185853377149617,56067,180699,0.000000,1,0
1330,1,130168,149358,1790185853377356901,1790185853377539942,55235,183041,0.787150,1,1
1331,1,134657,153727,1790185853377750264,1790185853378320732,58803,570468,0.000000,1,0
1332,1,133677,151977,1790185853378534882,1790185853378714467,62101,179585,0.787433,1,1
1333,2,288585,148508,1790185853379086513,1790185853379862182,56757,775669,0.000000,1,0
1334,2,284706,150307,1790185853380226214,1790185853380264466,50076,38252,0.000000,1,0
1335,2,275125,145478,1790185853380609947,1790185853381036146,56364,426199,0.616779,1,1
1336,1,133217,151657,1790185853381247357,1790185853381424011,55242,176654,0.000000,1,0
1337,1,131148,149398,1790185853381630261,1790185853381816116,58121,185855,0.000000,1,0
1338,1,137208,157048,1790185853382032124,1790185853382204791,57269,172667,0.000000,1,0
1339,1,131738,150097,1790185853382414278,1790185853382596995,54429,182717,0.000000,1,0
1340,1,132868,151578,1790185853382804331,1790185853382990180,52167,185849,0.783028,1,1
1341,1,131488,150237,1790185853383194385,1790185853383762780,58634,568395,0.534186,1,1
1342,1,133457,151737,1790185853383975561,1790185853384903305,52861,927744,0.373078,1,1
1343,2,283655,149067,1790185853385261141,1790185853385293810,58659,32669,0.000000,1,0
1344,1,131808,150277,1790185853385504967,1790185853385694594,55059,189627,0.779645,1,1
1345,1,150578,179657,1790185853385919220,1790185853386500724,58005,581504,0.526986,1,1
1346,1,139997,159187,1790185853386721506,1790185853386893689,53373,172183,0.000000,1,0
1347,1,133139,152338,1790185853387101941,1790185853387282193,52574,180252,0.000000,1,0
1348,1,132178,151438,1790185853387488544,1790185853387689798,51622,201254,0.771077,1,1
1349,1,142887,163067,1790185853387905087,1790185853388115922,51761,210835,0.762490,1,1
1350,1,130538,149458,1790185853388318900,1790185853388502517,55059,183617,0.000000,1,0
1351,1,136897,155577,1790185853388715153,1790185853388892972,52658,177819,0.789325,1,1
1352,1,132318,151138,1790185853389100557,1790185853389283247,50886,182690,0.000000,1,0
1353,2,284005,152267,1790185853389639038,1790185853390064907,57434,425869,0.000000,1,0
1354,2,283255,149117,1790185853390426925,1790185853390453771,54283,26846,0.918496,1,1
1355,2,282515,151818,1790185853390810899,1790185853390855446,55581,44547,0.000000,1,0
1356,2,278025,146968,1790185853391211792,1790185853391242571,54690,30779,0.000000,1,0
1357,1,130938,149158,1790185853391448428,1790185853392016641,59577,568213,0.000000,1,0
1358,1,134468,153068,1790185853392231535,1790185853392437975,54395,206440,0.000000,1,0
1359,2,287935,154417,1790185853392800675,1790185853392863280,51603,62605,0.883681,1,1
1360,1,132489,150978,1790185853393067612,1790185853393628709,51272,561097,0.538417,1,1
1361,1,136118,155007,1790185853393837209,1790185853394395979,58189,558770,0.538487,1,1
1362,1,132888,151767,1790185853394607706,1790185853394786584,55428,178878,0.000000,1,0
1363,1,133958,152958,1790185853394997049,1790185853395195979,55266,198930,0.000000,1,0
1364,1,130787,149547,1790185853395401652,1790185853395969938,53174,568286,0.000000,1,0
1365,1,132787,150917,1790185853396177140,1790185853396362753,54723,185613,0.783835,1,1
1366,1,132998,151417,1790185853396570204,1790185853396757098,53982,186894,0.000000,1,0
1367,1,137528,156638,1790185853396970897,1790185853397530898,56189,560001,0.000000,1,0
1368,1,137948,158118,1790185853397746854,1790185853398685682,55015,938828,0.000000,1,0
1369,2,290666,151339,1790185853399053933,1790185853399077167,52065,23234,0.921365,1,1
1370,1,136468,155428,1790185853399285959,1790185853399467142,51643,181183,0.000000,1,0
1371,1,132417,151067,1790185853399671332,1790185853400241921,55301,570589,0.533669,1,1
1372,1,134608,153048,1790185853400453499,1790185853400639256,51259,185757,0.000000,1,0
1373,1,149757,169927,1790185853400860552,1790185853401033061,57357,172509,0.000000,1,0
1374,1,132338,150748,1790185853401243716,1790185853401427376,52796,183660,0.785742,1,1
1375,1,130997,149468,1790185853401631099,1790185853402201495,53275,570396,0.000000,1,0
1376,2,280566,145607,1790185853402556955,1790185853402626430,51503,69475,0.000000,1,0
1377,1,133418,148638,1790185853402827800,1790185853403024425,53761,196625,0.775082,1,1
1378,2,276176,143678,1790185853403371961,1790185853403412649,55340,40688,0.906289,1,1
1379,1,128648,143327,1790185853403612967,1790185853403805674,52329,192707,0.000000,1,0
1380,1,132008,147238,1790185853404006760,1790185853404193019,56377,186259,0.783568,1,1
1381,1,131707,146587,1790185853404397793,1790185853404967109,56594,569316,0.000000,1,0
1382,2,278105,143888,1790185853405319229,1790185853405363314,51083,44085,0.903889,1,1
1383,2,284095,152838,1790185853405715622,1790185853405759888,55932,44266,0.000000,1,0
1384,1,134268,145848,1790185853405966298,1790185853406152033,55581,185735,0.781362,1,1
1385,1,132328,151088,1790185853406362821,1790185853406545538,51599,182717,0.000000,1,0
1386,1,134458,159117,1790185853406752095,1790185853406939203,52298,187108,0.000000,1,0
1387,1,131878,151238,1790185853407144178,1790185853407326358,55066,182180,0.000000,1,0
1388,1,133947,152367,1790185853407538071,1790185853407719242,56745,181171,0.785594,1,1
1389,1,134278,153627,1790185853407934115,1790185853408499872,54783,565757,0.000000,1,0
1390,3,436682,147667,1790185853409013097,1790185853409268882,55100,255785,0.000000,1,0
1391,2,279275,148648,1790185853409624587,1790185853409668057,54748,43470,0.898751,1,1
1392,1,133118,152497,1790185853409876683,1790185853410071231,53448,194548,0.000000,1,0
1393,1,133658,152678,1790185853410279056,1790185853410495276,55875,216220,0.000000,1,0
1394,1,136088,154457,1790185853410707519,1790185853410889091,53054,181572,0.000000,1,0
1395,1,135979,154189,1790185853411099513,1790185853411281235,56574,181722,0.783976,1,1
1396,2,281165,146698,1790185853411639324,1790185853411708070,51452,68746,0.000000,1,0
1397,1,133808,152708,1790185853411918289,1790185853412476530,51029,558241,0.539500,1,1
1398,1,138058,156408,1790185853412686486,1790185853413260489,56206,574003,0.528305,1,1
1399,2,284305,148878,1790185853413622020,1790185853413649564,63695,27544,0.918302,1,1
1400,1,132908,152008,1790185853413866466,1790185853414072238,55465,205772,0.000000,1,0
1401,1,131528,150158,1790185853414279810,1790185853414462353,54473,182543,0.787008,1,1
1402,3,435253,147837,1790185853414972759,1790185853414931397,105970,0,0.000000,1,0
1403,1,127108,145418,1790185853415185065,1790185853415313212,60730,128147,0.000000,1,0
1404,1,132038,151028,1790185853415526349,1790185853416113111,55757,586762,0.524238,1,1
1405,2,281535,148237,1790185853416472033,1790185853416515506,55006,43473,0.000000,1,0
1406,1,134918,153658,1790185853416726039,1790185853416913901,53314,187862,0.000000,1,0
1407,3,432643,145557,1790185853417421138,1790185853417380095,108932,0,0.930940,1,1
1408,1,126348,144987,1790185853417635835,1790185853417763990,56392,128155,0.000000,1,0
1409,1,133388,152168,1790185853417975189,1790185853418154804,54931,179615,0.000000,1,0
1410,1,131568,150027,1790185853418361573,1790185853418549479,51849,187906,0.782997,1,1
1411,1,139168,170947,1790185853418760826,1790185853419317029,58566,556203,0.537701,1,1
1412,1,132948,152477,1790185853419530113,1790185853419710004,55785,179891,0.787890,1,1
1413,1,136608,156948,1790185853419924146,1790185853420102349,51344,178203,0.000000,1,0
1414,1,130758,149577,1790185853420305441,1790185853420496383,50594,190942,0.000000,1,0
1415,2,290065,156997,1790185853420857931,1790185853420885568,63612,27637,0.000000,1,0
1416,1,130968,150258,1790185853421101737,1790185853421276223,55570,174486,0.000000,1,0
1417,1,130738,148947,1790185853421483451,1790185853421677298,49959,193847,0.778032,1,1
1418,1,132178,151958,1790185853421879954,1790185853422484207,58786,604253,0.515885,1,1
1419,4,586272,145028,1790185853423150784,1790185853423110339,104623,0,0.000000,1,0
1420,1,125848,144618,1790185853423363720,1790185853423491043,54534,127323,0.000000,1,0
1421,1,130717,149007,1790185853423696894,1790185853423891058,58122,194164,0.000000,1,0
1422,1,132178,151057,1790185853424103248,1790185853424280863,55631,177615,0.000000,1,0
1423,1,131368,149678,1790185853424488471,1790185853424688147,54020,199676,0.000000,1,0
1424,1,140928,160508,1790185853424905544,1790185853425458587,52917,553043,0.542676,1,1
1425,4,584172,146008,1790185853426117295,1790185853426076329,48386,0,0.000000,1,0
1426,1,126798,145448,1790185853426270032,1790185853426840149,56302,570117,0.534843,1,1
1427,1,132408,151118,1790185853427049659,1790185853427231254,55221,181595,0.786685,1,1
1428,2,278855,146037,1790185853427585690,1790185853427625519,57509,39829,0.908274,1,1
1429,1,138177,157187,1790185853427841375,1790185853428012143,51449,170768,0.000000,1,0
1430,3,431563,148508,1790185853428515884,1790185853428472767,102536,0,0.000000,1,0
1431,3,421363,144368,1790185853429015946,1790185853428975531,106354,0,0.000000,1,0
1432,1,127938,146668,1790185853429229943,1790185853429737761,56892,507818,0.000000,1,0
1433,1,137008,155537,1790185853429954091,1790185853430133285,60322,179194,0.000000,1,0
1434,1,130408,148998,1790185853430344504,1790185853430903935,57659,559431,0.000000,1,0
1435,1,135958,155098,1790185853431118671,1790185853431291110,51157,172439,0.000000,1,0
1436,2,280875,147988,1790185853431644402,1790185853432063160,55745,418758,0.000000,1,0
1437,3,428132,145287,1790185853432568727,1790185853432527604,104092,0,0.000000,1,0
1438,1,134178,153137,1790185853432786354,1790185853432910839,56332,124485,0.832195,1,1
1439,1,131118,149488,1790185853433119058,1790185853433297584,51530,178526,0.000000,1,0
1440,1,131818,150417,1790185853433501602,1790185853433687698,56230,186096,0.782958,1,1
1441,1,141418,160597,1790185853433905885,1790185853434071263,54658,165378,0.000000,1,0
1442,1,133937,149197,1790185853434280728,1790185853434454568,52167,173840,0.000000,1,0
1443,1,132338,146858,1790185853434656412,1790185853434846493,55335,190081,0.000000,1,0
1444,1,134288,149208,1790185853435053746,1790185853435605783,51003,552037,0.000000,1,0
1445,2,282315,147707,1790185853435956801,1790185853435990598,51522,33797,0.911878,1,1
1446,1,130327,145027,1790185853436189457,1790185853436372053,51820,182596,0.786127,1,1
1447,1,131688,146278,1790185853436572171,1790185853437137253,60577,565082,0.536348,1,1
1448,1,132028,146628,1790185853437347728,1790185853437524128,54476,176400,0.000000,1,0
1449,2,283705,147508,1790185853437879439,1790185853437912842,55225,33403,0.000000,1,0
1450,1,132089,150839,1790185853438122166,1790185853438680312,53644,558146,0.540137,1,1
1451,2,292995,154298,1790185853439050300,1790185853439072007,53822,21707,0.923293,1,1
1452,1,129247,148267,1790185853439275916,1790185853439470032,53730,194116,0.778702,1,1
1453,2,282755,151708,1790185853439826607,1790185853439861417,52139,34810,0.910129,1,1
1454,1,132098,150718,1790185853440066643,1790185853440250442,50257,183799,0.000000,1,0
1455,2,278465,146418,1790185853440598924,1790185853440638906,53266,39982,0.000000,1,0
1456,1,148068,170757,1790185853440860400,1790185853441031011,52856,170611,0.000000,1,0
1457,1,134888,153268,1790185853441240984,1790185853441421746,51784,180762,0.786135,1,1
1458,1,131668,149957,1790185853441626208,1790185853442203706,54311,577498,0.530168,1,1
1459,2,287366,149407,1790185853442569282,1790185853442600530,54840,31248,0.000000,1,0
1460,1,141997,162357,1790185853442817637,1790185853442986255,52229,168618,0.000000,1,0
1461,2,284736,148237,1790185853443344449,1790185853443374820,52017,30371,0.916486,1,1
1462,3,429643,146097,1790185853443876750,1790185853443835074,105955,0,0.000000,1,0
1463,1,133559,152239,1790185853444095977,1790185853444222589,53285,126612,0.830823,1,1
1464,1,128687,146957,1790185853444425051,1790185853444606774,55273,181723,0.000000,1,0
1465,1,134328,154368,1790185853444816445,1790185853444995429,52512,178984,0.000000,1,0
1466,2,283805,148948,1790185853445352946,1790185853445382954,50910,30008,0.000000,1,0
1467,1,132428,151328,1790185853445589452,1790185853445777038,52320,187586,0.781574,1,1
1468,1,131118,150678,1790185853445982985,1790185853446175133,54038,192148,0.000000,1,0
1469,1,130188,148767,1790185853446380049,1790185853446564498,56176,184449,0.000000,1,0
1470,1,139948,158387,1790185853446780762,1790185853446953213,54365,172451,0.000000,1,0
1471,1,668902,729282,1790185877482391911,1790185877482113111,279020,0,0.950859,1,1
1472,1,419265,486454,1790185877482893165,1790185877483061508,240642,168343,0.635957,1,1
1473,1,297797,346626,1790185877483657356,1790185877483997826,106284,340470,0.622499,1,1
1474,1,254197,276177,1790185877484409006,1790185877484470859,101155,61853,0.835265,1,1
1475,1,223557,243217,1790185877484818791,1790185877484932693,88436,113902,0.793662,1,1
1476,1,206088,225267,1790185877485249296,1790185877485359368,86466,110072,0.813005,1,1
1477,1,157978,175168,1790185877485625412,1790185877485818252,63727,192840,0.767139,1,1
1478,4,653662,152358,1790185877486557480,1790185877486594411,62578,36931,0.000000,1,0
1479,1,133968,152578,1790185877486812057,1790185877486989906,64488,177849,0.781081,1,1
1480,1,139728,158128,1790185877487214982,1790185877487386211,63988,171229,0.000000,1,0
1481,1,136428,155418,1790185877487607417,1790185877488162020,65009,554603,0.535684,1,1
1482,2,300367,152888,1790185877488548226,1790185877488552745,64850,4519,0.929137,1,1
1483,1,133388,151888,1790185877488772743,1790185877488976610,77820,203867,0.000000,1,0
1484,1,138329,156898,1790185877489214778,1790185877489380574,62701,165796,0.789941,1,1
1485,3,444284,154098,1790185877489907919,1790185877489855238,118300,0,0.000000,1,0
1486,2,299376,155928,1790185877490295374,1790185877490612638,63951,317264,0.683373,1,1
1487,1,134228,153748,1790185877490833097,1790185877491006233,67151,173136,0.784862,1,1
1488,1,142748,162198,1790185877491238062,1790185877491395048,62262,156986,0.000000,1,0
1489,1,136019,154618,1790185877491614629,1790185877491806592,62633,191963,0.770138,1,1
1490,1,140038,160438,1790185877492030303,1790185877492200787,62073,170484,0.785946,1,1
1491,1,136458,155198,1790185877492420738,1790185877492586982,62034,166244,0.000000,1,0
1492,1,134259,153738,1790185877492804034,1790185877492984287,64234,180253,0.779395,1,1
1493,1,139019,158678,1790185877493209999,1790185877493383531,65625,173532,0.000000,1,0
1494,2,289557,152978,1790185877493759802,1790185877493774856,63655,15054,0.000000,1,0
1495,1,138749,159508,1790185877493998019,1790185877494165841,63765,167822,0.000000,1,0
1496,1,137509,152669,1790185877494384485,1790185877494553926,64586,169441,0.000000,1,0
1497,1,135088,150438,1790185877494770440,1790185877494952070,65297,181630,0.000000,1,0
1498,1,147028,162298,1790185877495182325,1790185877495338745,63377,156420,0.789807,1,1
1499,1,134828,150028,1790185877495553820,1790185877495722570,62847,168750,0.000000,1,0
1500,1,137828,158138,1790185877495940605,1790185877496154034,63828,213429,0.753342,1,1
1501,1,265057,279957,1790185877496501078,1790185877496919954,64098,418876,0.000000,1,0
1502,3,437085,149119,1790185877497439187,1790185877497384188,114428,0,0.914938,1,1
1503,1,128399,143688,1790185877497644045,1790185877497764713,61589,120668,0.830134,1,1
1504,1,137768,158208,1790185877497979880,1790185877498539143,71059,559263,0.000000,1,0
1505,1,135868,153308,1790185877498766950,1790185877498930638,65220,163688,0.000000,1,0
1506,1,143128,160928,1790185877499159705,1790185877499315972,62901,156267,0.797657,1,1
1507,1,134749,152639,1790185877499534031,1790185877499700507,62911,166476,0.000000,1,0
1508,1,138798,156268,1790185877499921716,1790185877500089062,63441,167346,0.000000,1,0
1509,1,135278,153988,1790185877500307861,1790185877500514947,61872,207086,0.000000,1,0
1510,1,135599,153258,1790185877500732217,1790185877500934231,64482,202014,0.000000,1,0
1511,1,137998,156098,1790185877501156941,1790185877501699141,62753,542200,0.000000,1,0
1512,1,137679,164298,1790185877501920342,1790185877502465451,64733,545109,0.541062,1,1
1513,1,136858,154848,1790185877502687982,1790185877502853976,76973,165994,0.790020,1,1
1514,1,145519,163508,1790185877503111337,1790185877503273070,63734,161733,0.000000,1,0
1515,1,139129,157799,1790185877503498383,1790185877503656385,61915,158002,0.000000,1,0
1516,1,142158,160128,1790185877503879918,1790185877504046220,62695,166302,0.000000,1,0
1517,1,137538,155268,1790185877504265973,1790185877504436035,62695,170062,0.000000,1,0
1518,1,139268,157058,1790185877504658118,1790185877504833799,63756,175681,0.000000,1,0
1519,1,135648,154218,1790185877505052553,1790185877505237664,63216,185111,0.775717,1,1
1520,4,586163,149718,1790185877505906923,1790185877505854426,119336,0,0.781081,1,1
1521,1,136408,151628,1790185877506130040,1790185877506977301,64048,847261,0.000000,1,0
1522,1,140398,155458,1790185877507200657,1790185877507768401,63868,567744,0.000000,1,0
1523,1,143388,161078,1790185877507993297,1790185877508158745,61879,165448,0.000000,1,0
1524,1,135258,150478,1790185877508376202,1790185877508542980,63700,166778,0.000000,1,0
1525,1,132619,148588,1790185877508756918,1790185877508931385,63440,174467,0.784572,1,1
1526,1,137799,153028,1790185877509150623,1790185877509355790,63480,205167,0.000000,1,0
1527,1,134668,149898,1790185877509571098,1790185877509774694,71291,203596,0.000000,1,0
1528,1,141988,163118,1790185877510005723,1790185877510172399,62251,166676,0.000000,1,0
1529,1,136858,155668,1790185877510393448,1790185877510589983,66412,196535,0.000000,1,0
1530,1,133339,152959,1790185877510811223,1790185877510978788,62662,167565,0.790486,1,1
1531,1,138378,157688,1790185877511201428,1790185877511398383,64032,196955,0.765744,1,1
1532,1,134779,154268,1790185877511617883,1790185877511788537,69053,170654,0.000000,1,0
1533,2,296137,154199,1790185877512174786,1790185877512172442,63093,0,0.000000,1,0
1534,2,284297,149208,1790185877512540612,1790185877512562917,61264,22305,0.000000,1,0
1535,1,129418,148308,1790185877512774449,1790185877512952472,63494,178023,0.000000,1,0
1536,1,137578,156848,1790185877513175764,1790185877513339147,64814,163383,0.792695,1,1
1537,1,134828,154268,1790185877513559659,1790185877513759471,65575,199812,0.765163,1,1
1538,1,136188,157498,1790185877513981254,1790185877514178916,63535,197662,0.000000,1,0
1539,1,136358,151568,1790185877514396219,1790185877514593300,64396,197081,0.766680,1,1
1540,1,133269,148708,1790185877514807994,1790185877514981385,63286,173391,0.784909,1,1
1541,1,137299,152349,1790185877515200099,1790185877515401050,62086,200951,0.000000,1,0
1542,1,143118,160818,1790185877515623404,1790185877515823424,64007,200020,0.000000,1,0
1543,1,151228,167368,1790185877516057009,1790185877516241128,62678,184119,0.000000,1,0
1544,2,285006,149648,1790185877516605712,1790185877516656623,62438,50911,0.885636,1,1
1545,1,151568,167238,1790185877516887818,1790185877517798968,63758,911150,0.372359,1,1
1546,1,139268,160828,1790185877518020534,1790185877518184143,63428,163609,0.000000,1,0
1547,1,143479,163539,1790185877518416280,1790185877518568798,61659,152518,0.000000,1,0
1548,2,294507,160888,1790185877518945594,1790185877519361037,65210,415443,0.615670,1,1
1549,2,289817,151268,1790185877519738684,1790185877519754242,61141,15558,0.000000,1,0
1550,1,137869,158658,1790185877519973901,1790185877520543752,66341,569851,0.526648,1,1
1551,1,136719,155948,1790185877520768121,1790185877520930286,62732,162165,0.000000,1,0
1552,1,139838,159228,1790185877521154426,1790185877521701516,62793,547090,0.540078,1,1
1553,1,138628,159048,1790185877521924867,1790185877522094751,64593,169884,0.000000,1,0
1554,2,297716,158938,1790185877522479400,1790185877522516705,62074,37305,0.000000,1,0
1555,1,133388,152448,1790185877522732917,1790185877523292355,65354,559438,0.000000,1,0
1556,1,137428,156278,1790185877523517067,1790185877523682930,62474,165863,0.000000,1,0
1557,1,137058,155848,1790185877523902632,1790185877524074764,73755,172132,0.785256,1,1
1558,1,137058,156338,1790185877524306767,1790185877524496899,65296,190132,0.000000,1,0
1559,2,299036,163068,1790185877524882441,1790185877524891374,64976,8933,0.000000,1,0
1560,1,140088,159918,1790185877525122988,1790185877525283428,62827,160440,0.000000,1,0
1561,1,138078,158418,1790185877525505773,1790185877526088888,65997,583115,0.000000,1,0
1562,1,139588,155019,1790185877526316233,1790185877526478823,64467,162590,0.000000,1,0
1563,1,134138,149168,1790185877526695038,1790185877526873037,63078,177999,0.781409,1,1
1564,1,137168,152468,1790185877527098843,1790185877527271382,66248,172539,0.000000,1,0
1565,1,135089,150149,1790185877527490259,1790185877527693546,62660,203287,0.000000,1,0
1566,1,138538,154088,1790185877527912044,1790185877528086431,63090,174387,0.000000,1,0
1567,3,432314,147538,1790185877528599135,1790185877528546335,118049,0,0.948808,1,1
1568,1,134618,148818,1790185877528816292,1790185877529313125,63610,496833,0.569143,1,1
1569,1,136819,152148,1790185877529531584,1790185877529705430,63861,173846,0.784870,1,1
1570,1,138309,177548,1790185877529924809,1790185877530097815,64141,173006,0.000000,1,0
1571,1,138639,157628,1790185877530323194,1790185877530490949,63743,167755,0.789215,1,1
1572,1,135049,154908,1790185877530710760,1790185877530880854,80562,170094,0.787283,1,1
1573,1,143448,162708,1790185877531126724,1790185877531653114,64463,526390,0.000000,1,0
1574,1,140268,160048,1790185877531879135,1790185877532422744,65453,543609,0.541008,1,1
1575,1,137048,156248,1790185877532646075,1790185877532822819,63143,176744,0.000000,1,0
1576,1,141538,161248,1790185877533049610,1790185877533251923,62194,202313,0.000000,1,0
1577,1,136690,155580,1790185877533472006,1790185877533675617,63375,203611,0.761393,1,1
1578,1,137378,157468,1790185877533900110,1790185877534066552,66405,166442,0.000000,1,0
1579,1,135648,154428,1790185877534290025,1790185877534860552,65305,570527,0.000000,1,0
1580,2,297886,153398,1790185877535244993,1790185877535251476,65006,6483,0.000000,1,0
1581,1,132069,151068,1790185877535469181,1790185877535648281,63276,179100,0.000000,1,0
1582,1,149308,166948,1790185877535881595,1790185877536414481,63658,532886,0.000000,1,0
1583,1,138979,158278,1790185877536640007,1790185877536818686,65428,178679,0.000000,1,0
1584,1,140999,161718,1790185877537045972,1790185877537217050,63069,171078,0.785924,1,1
1585,1,138759,158338,1790185877537443237,1790185877537977630,65529,534393,0.000000,1,0
1586,2,288196,148828,1790185877538354315,1790185877538735020,62590,380705,0.000000,1,0
1587,1,141649,157528,1790185877538956488,1790185877539121395,63510,164907,0.000000,1,0
1588,1,151369,166599,1790185877539353963,1790185877539510020,63731,156057,0.787118,1,1
1589,1,135118,150378,1790185877539725679,1790185877539897345,69141,171666,0.786048,1,1
1590,1,136658,151358,1790185877540121424,1790185877540281440,63751,160016,0.000000,1,0
1591,1,137768,153128,1790185877540500179,1790185877540662115,66781,161936,0.791863,1,1
1592,1,139948,154938,1790185877540886134,1790185877541051850,63902,165716,0.000000,1,0
1593,1,135829,151278,1790185877541269830,1790185877541445284,63413,175454,0.783460,1,1
1594,1,134809,149929,1790185877541660205,1790185877541846409,64463,186204,0.775035,1,1
1595,2,299127,154688,1790185877542226468,1790185877542241264,65633,14796,0.000000,1,0
1596,1,140060,159329,1790185877542467956,1790185877542628809,62664,160853,0.000000,1,0
1597,1,136309,155588,1790185877542848441,1790185877543781104,68174,932663,0.000000,1,0
1598,1,139858,158948,1790185877544011066,1790185877544170678,64155,159612,0.795149,1,1
1599,1,138008,157308,1790185877544393701,1790185877544558563,62565,164862,0.000000,1,0
1600,2,293316,162058,1790185877544935064,1790185877545703788,65027,768724,0.432619,1,1
1601,1,139918,164837,1790185877545930893,1790185877546098393,63797,167500,0.788331,1,1
1602,1,136548,155658,1790185877546320158,1790185877546520897,61548,200739,0.763993,1,1
1603,2,298867,161408,1790185877546902431,1790185877547321917,64438,419486,0.608271,1,1
1604,1,136309,156098,1790185877547546053,1790185877547741321,66688,195268,0.000000,1,0
1605,2,299586,157648,1790185877548128625,1790185877548131706,63518,3081,0.928023,1,1
1606,1,134878,154329,1790185877548350952,1790185877548518591,62550,167639,0.000000,1,0
1607,1,133369,152088,1790185877548736779,1790185877548910806,64140,174027,0.784133,1,1
1608,1,136989,156548,1790185877549134214,1790185877549319760,63781,185546,0.775524,1,1
1609,1,137409,156748,1790185877549542479,1790185877549706615,62301,164136,0.000000,1,0
1610,1,140119,165918,1790185877549932834,1790185877550471835,65771,539001,0.000000,1,0
1611,1,137278,156478,1790185877550696434,1790185877550872169,62612,175735,0.782309,1,1
1612,1,137698,156788,1790185877551098719,1790185877551263714,63782,164995,0.000000,1,0
1613,1,135369,154479,1790185877551483815,1790185877551652469,63563,168654,0.000000,1,0
1614,1,136668,155448,1790185877551874130,1790185877552046294,62783,172164,0.000000,1,0
1615,2,289656,151918,1790185877552420233,1790185877552469738,62974,49505,0.888876,1,1
1616,1,134468,153308,1790185877552688300,1790185877553241788,63924,553488,0.000000,1,0
1617,2,291936,155158,1790185877553619118,1790185877553630833,62494,11715,0.921052,1,1
1618,2,301226,155908,1790185877554015353,1790185877554022358,62084,7005,0.927141,1,1
1619,1,134658,153848,1790185877554239950,1790185877554418502,66726,178552,0.781417,1,1
1620,2,285236,149658,1790185877554791274,1790185877555575087,65007,783813,0.000000,1,0
1621,1,142749,161758,1790185877555805532,1790185877555967142,71567,161610,0.793956,1,1
1622,2,291766,152008,1790185877556351845,1790185877556359127,61917,7282,0.000000,1,0
1623,1,132858,152168,1790185877556574582,1790185877557141806,66378,567224,0.000000,1,0
1624,1,136808,156119,1790185877557367372,1790185877557532251,63429,164879,0.000000,1,0
1625,1,134068,152458,1790185877557751158,1790185877557926406,64439,175248,0.000000,1,0
1626,1,137808,157728,1790185877558151313,1790185877558698646,63410,547333,0.000000,1,0
1627,1,136609,155748,1790185877558920124,1790185877559088681,63020,168557,0.788394,1,1
1628,1,134969,154478,1790185877559310689,1790185877559475085,62331,164396,0.000000,1,0
1629,1,132698,152128,1790185877559691474,1790185877559868950,62921,177476,0.783490,1,1
1630,2,294837,154768,1790185877560255377,1790185877560262395,62041,7018,0.000000,1,0
1631,1,135329,154639,1790185877560480295,1790185877560662720,64742,182425,0.000000,1,0
1632,2,311556,165268,1790185877561059618,1790185877561087294,62432,27676,0.900127,1,1
1633,1,136388,155198,1790185877561308614,1790185877561475709,65092,167095,0.000000,1,0
1634,1,136069,155228,1790185877561697650,1790185877561870954,61923,173304,0.785632,1,1
1635,1,141638,160748,1790185877562101294,1790185877562297248,63593,195954,0.000000,1,0
1636,1,135938,155108,1790185877562517989,1790185877562685403,61873,167414,0.000000,1,0
1637,1,137288,156598,1790185877562907674,1790185877563124987,63724,217313,0.000000,1,0
1638,1,136009,154988,1790185877563346509,1790185877563511582,64725,165073,0.791340,1,1
1639,1,133218,151988,1790185877563729885,1790185877563913407,62345,183522,0.000000,1,0
1640,1,137809,157138,1790185877564134700,1790185877564340711,62855,206011,0.760084,1,1
1641,1,136338,155098,1790185877564561374,1790185877565120801,66535,559427,0.533908,1,1
1642,1,135068,155208,1790185877565347064,1790185877565508836,62666,161772,0.000000,1,0
1643,1,132289,151448,1790185877565724850,1790185877565900920,64297,176070,0.782755,1,1
1644,1,135449,154958,1790185877566121765,1790185877566321995,61857,200230,0.000000,1,0
1645,2,286196,150728,1790185877566691298,1790185877567465590,65838,774292,0.430276,1,1
1646,1,136058,155018,1790185877567689856,1790185877567866814,62409,176958,0.000000,1,0
1647,2,287696,150648,1790185877568242719,1790185877568256519,74129,13800,0.000000,1,0
1648,1,135058,154688,1790185877568486926,1790185877569424424,70590,937498,0.365738,1,1
1649,2,296256,155128,1790185877569817300,1790185877570205603,65682,388303,0.000000,1,0
1650,1,138279,157738,1790185877570432283,1790185877570598758,62762,166475,0.790265,1,1
1651,1,133919,153139,1790185877570817548,1790185877571377928,65332,560380,0.000000,1,0
1652,1,138788,158918,1790185877571603628,1790185877571786993,66992,183365,0.000000,1,0
1653,1,139979,160808,1790185877572015153,1790185877572178877,63283,163724,0.000000,1,0
1654,1,135369,155030,1790185877572399079,1790185877572567812,62914,168733,0.000000,1,0
1655,1,133708,153108,1790185877572785144,1790185877572961217,64384,176073,0.782809,1,1
1656,1,137698,157688,1790185877573185909,1790185877573348782,63314,162873,0.000000,1,0
1657,1,135488,155598,1790185877573568984,1790185877573736707,61594,167723,0.000000,1,0
1658,1,141338,161988,1790185877573961279,1790185877574134631,65305,173352,0.000000,1,0
1659,1,137108,156398,1790185877574358614,1790185877574562856,62565,204242,0.760821,1,1
1660,1,135019,154819,1790185877574781539,1790185877575374815,64187,593276,0.516659,1,1
1661,2,295647,154288,1790185877575756248,1790185877575802869,63227,46621,0.000000,1,0
1662,1,143558,163258,1790185877576030604,1790185877576977983,64298,947379,0.000000,1,0
1663,1,146138,165558,1790185877577210519,1790185877577377698,66588,167179,0.782746,1,1
1664,1,133259,152368,1790185877577597955,1790185877577777813,65108,179858,0.780760,1,1
1665,1,138718,159308,1790185877578002589,1790185877578173448,64218,170859,0.000000,1,0
1666,2,292788,153668,1790185877578550994,1790185877578944977,63521,393983,0.629396,1,1
1667,1,137279,156489,1790185877579167336,1790185877579345642,64221,178306,0.000000,1,0
1668,2,289747,150399,1790185877579720099,1790185877579735377,62021,15278,0.000000,1,0
1669,2,296896,154959,1790185877580114324,1790185877580125552,61551,11228,0.922813,1,1
1670,1,139258,159518,1790185877580347961,1790185877580893752,65651,545791,0.000000,1,0
1671,1,136578,156908,1790185877581118681,1790185877581317296,66023,198615,0.000000,1,0
1672,1,135359,154869,1790185877581540067,1790185877582123715,67104,583648,0.000000,1,0
1673,2,291477,151178,1790185877582504705,1790185877582898925,66334,394220,0.630171,1,1
1674,1,141758,161768,1790185877583132317,1790185877583320129,63775,187812,0.000000,1,0
1675,2,285307,150129,1790185877583690800,1790185877583750894,62524,60094,0.000000,1,0
1676,1,139468,159608,1790185877583973786,1790185877584521874,61786,548088,0.000000,1,0
1677,1,150998,170308,1790185877584757107,1790185877584944528,64396,187421,0.000000,1,0
1678,1,137308,157498,1790185877585168532,1790185877586107793,65897,939261,0.364836,1,1
1679,1,138089,158068,1790185877586334498,1790185877586498607,62688,164109,0.000000,1,0
1680,1,134788,153768,1790185877586717353,1790185877586895572,63528,178219,0.000000,1,0
1681,2,291417,152518,1790185877587271766,1790185877587320116,65259,48350,0.000000,1,0
1682,1,130948,149888,1790185877587537523,1790185877587705841,63050,168318,0.000000,1,0
1683,1,135469,154358,1790185877587925059,1790185877588097906,65040,172847,0.785820,1,1
1684,1,136689,156058,1790185877588321454,1790185877588488991,67780,167537,0.789491,1,1
1685,2,292827,156698,1790185877588871187,1790185877588917185,63420,45998,0.000000,1,0
1686,1,136678,155768,1790185877589138363,1790185877589309600,63640,171237,0.000000,1,0
1687,1,140098,160318,1790185877589534798,1790185877589696695,61340,161897,0.000000,1,0
1688,1,135838,166798,1790185877589914833,1790185877590093390,65230,178557,0.000000,1,0
1689,1,139678,158998,1790185877590320948,1790185877590860630,64292,539682,0.542313,1,1
1690,1,153968,174028,1790185877591100049,1790185877591250674,63963,150625,0.000000,1,0
1691,1,135419,154418,1790185877591471555,1790185877592015084,64393,543529,0.542492,1,1
1692,1,139368,158078,1790185877592242185,1790185877592406559,75863,164374,0.790455,1,1
1693,1,135168,154558,1790185877592638930,1790185877592819194,63003,180264,0.779208,1,1
1694,1,136928,157078,1790185877593039755,1790185877593227278,63744,187523,0.773425,1,1
1695,3,449436,149919,1790185877593762557,1790185877593709142,117024,0,0.000000,1,0
1696,2,291296,150748,1790185877594138922,1790185877594095937,106944,0,0.000000,1,0
1697,1,133608,151948,1790185877594357989,1790185877594485112,63715,127123,0.000000,1,0
1698,1,140278,160008,1790185877594710215,1790185877595253692,65985,543477,0.539311,1,1
1699,1,137388,157498,1790185877595479465,1790185877596024881,63737,545416,0.540375,1,1
1700,2,301438,153219,1790185877596412895,1790185877596417236,62578,4341,0.930122,1,1
1701,1,134269,153449,1790185877596634862,1790185877596814651,62308,179789,0.000000,1,0
1702,2,292586,154258,1790185877597191415,1790185877597214016,65068,22601,0.000000,1,0
1703,1,134999,154439,1790185877597435212,1790185877597985625,65649,550413,0.538175,1,1
1704,1,136288,155238,1790185877598209602,1790185877598746505,64069,536903,0.545784,1,1
1705,1,139748,159508,1790185877598974092,1790185877599138600,66230,164508,0.000000,1,0
1706,1,136379,155379,1790185877599361988,1790185877599533905,72500,171917,0.786088,1,1
1707,1,134598,153748,1790185877599761553,1790185877599925500,64931,163947,0.000000,1,0
1708,1,137259,156368,1790185877600148859,1790185877600692740,63911,543881,0.000000,1,0
1709,1,138888,157838,1790185877600916729,1790185877601083634,64572,166905,0.789996,1,1
1710,1,137808,157178,1790185877601307884,1790185877601481249,63922,173365,0.000000,1,0
1711,2,298956,161678,1790185877601865097,1790185877601875034,63632,9937,0.000000,1,0
1712,1,138998,159538,1790185877602112394,1790185877602264589,61652,152195,0.000000,1,0
1713,1,137119,157609,1790185877602488400,1790185877602664613,62144,176213,0.783388,1,1
1714,2,291806,154868,1790185877603039853,1790185877603843967,64625,804114,0.417043,1,1
1715,1,140808,161328,1790185877604071800,1790185877604234802,63405,163002,0.000000,1,0
1716,1,138628,158328,1790185877604458845,1790185877605004252,66436,545407,0.000000,1,0
1717,1,138309,158378,1790185877605231426,1790185877605395517,65287,164091,0.000000,1,0
1718,2,1676743,847051,1790185880610490633,1790185880610771993,251294,281360,0.000000,1,0
1719,1,528054,577173,1790185880611609391,1790185880611379895,229586,0,0.973966,1,1
1720,1,402277,452317,1790185880612075997,1790185880611959608,152049,0,0.000000,1,0
1721,1,343117,369927,1790185880612484323,1790185880612398442,122880,0,0.000000,1,0
1722,2,454715,214568,1790185880613000437,1790185880612906915,134452,0,0.000000,1,0
1723,1,187298,209158,1790185880613250645,1790185880613355609,79414,104964,0.000000,1,0
1724,1,158268,178218,1790185880613615331,1790185880614167868,76346,552537,0.530842,1,1
1725,1,153989,173928,1790185880614420933,1790185880614576023,73117,155090,0.000000,1,0
1726,1,165699,185759,1790185880614836589,1790185880615361553,76140,524964,0.000000,1,0
1727,1,151488,171388,1790185880615611941,1790185880615752217,73282,140276,0.802033,1,1
1728,2,300766,156368,1790185880616147845,1790185880616522447,73884,374602,0.634109,1,1
1729,1,135719,155519,1790185880616754199,1790185880617300137,75256,545938,0.534998,1,1
1730,1,139219,159189,1790185880617537151,1790185880617685652,73497,148501,0.000000,1,0
1731,1,138479,166729,1790185880617919518,1790185880618073507,73698,153989,0.000000,1,0
1732,1,138479,158009,1790185880618309754,1790185880618874116,80201,564362,0.524851,1,1
1733,1,148828,168718,1790185880619125375,1790185880619290251,74152,164876,0.781416,1,1
1734,2,294037,154668,1790185880619679909,1790185880619674456,73213,0,0.000000,1,0
1735,1,142879,162749,1790185880619914737,1790185880620062610,76805,147873,0.000000,1,0
1736,1,137969,157829,1790185880620299343,1790185880620447505,81555,148162,0.796023,1,1
1737,1,136800,157130,1790185880620689790,1790185880620839180,76097,149390,0.000000,1,0
1738,1,141449,161518,1790185880621078046,1790185880621725238,75620,647192,0.483208,1,1
1739,1,140738,167698,1790185880621964346,1790185880622124163,75791,159817,0.785051,1,1
1740,2,293637,154018,1790185880622515821,1790185880622523918,74442,8097,0.916476,1,1
1741,1,143709,163109,1790185880622764198,1790185880622919373,80063,155175,0.000000,1,0
1742,2,300157,154998,1790185880623322042,1790185880623344507,76044,22465,0.902507,1,1
1743,3,454846,161108,1790185880623896587,1790185880623830451,132705,0,0.925075,1,1
1744,1,139839,159348,1790185880624129515,1790185880624597850,74539,468335,0.577359,1,1
1745,1,138788,158278,1790185880624833057,1790185880624993325,76110,160268,0.000000,1,0
1746,2,288737,152178,1790185880625379752,1790185880625384400,73761,4648,0.000000,1,0
1747,1,131708,151079,1790185880625611339,1790185880625771645,75592,160306,0.000000,1,0
1748,1,137239,156849,1790185880626006075,1790185880626159560,75463,153485,0.789815,1,1
1749,1,135779,155229,1790185880626391801,1790185880626549735,73654,157934,0.789144,1,1
1750,1,133030,152140,1790185880626777718,1790185880626939569,75856,161851,0.000000,1,0
1751,1,137899,157379,1790185880627175364,1790185880627327344,73637,151980,0.000000,1,0
1752,1,132619,151729,1790185880627554310,1790185880627712259,73748,157949,0.000000,1,0
1753,1,134519,153778,1790185880627941416,1790185880628478109,74900,536693,0.539549,1,1
1754,2,285987,151919,1790185880628860356,1790185880628877114,74471,16758,0.000000,1,0
1755,1,159038,178728,1790185880629131153,1790185880629271699,73692,140546,0.789570,1,1
1756,1,134538,154128,1790185880629500989,1790185880629698743,74044,197754,0.758117,1,1
1757,2,296487,157278,1790185880630090804,1790185880630099658,74565,8854,0.000000,1,0
1758,1,135869,155648,1790185880630332022,1790185880630486242,73507,154220,0.000000,1,0
1759,1,135089,155008,1790185880630716768,1790185880630915697,76818,198929,0.756671,1,1
1760,1,138779,158829,1790185880631154183,1790185880631339701,73829,185518,0.766366,1,1
1761,1,134689,154128,1790185880631569189,1790185880631729196,75620,160007,0.787378,1,1
1762,1,137218,161808,1790185880631962664,1790185880632122981,76151,160317,0.785993,1,1
1763,1,138718,158058,1790185880632359660,1790185880632547785,73633,188125,0.765753,1,1
1764,2,294178,158078,1790185880632936685,1790185880632940420,73454,3735,0.000000,1,0
1765,1,139129,159079,1790185880633176593,1790185880633366014,76796,189421,0.000000,1,0
1766,2,285977,151189,1790185880633750227,1790185880633755219,74187,4992,0.000000,1,0
1767,1,139868,160658,1790185880633990264,1790185880634525469,74319,535205,0.000000,1,0
1768,1,140498,159318,1790185880634761186,1790185880634947483,73660,186297,0.000000,1,0
1769,1,138689,159248,1790185880635184172,1790185880635374298,76821,190126,0.762565,1,1
1770,1,146608,165988,1790185880635619387,1790185880635802062,78213,182675,0.000000,1,0
1771,2,297727,156739,1790185880636198742,1790185880636200006,73255,1264,0.921154,1,1
1772,2,287327,151489,1790185880636582368,1790185880636603111,70946,20743,0.905318,1,1
1773,1,132748,151368,1790185880636827975,1790185880636993376,73607,165401,0.000000,1,0
1774,1,137438,156998,1790185880637226751,1790185880637418990,73868,192239,0.000000,1,0
1775,2,291807,152478,1790185880637805995,1790185880637845605,73799,39610,0.000000,1,0
1776,1,138228,158328,1790185880638087722,1790185880638238779,75491,151057,0.000000,1,0
1777,1,137398,156758,1790185880638473248,1790185880638628884,73413,155636,0.000000,1,0
1778,1,133978,153308,1790185880638859885,1790185880639031729,73454,171844,0.778336,1,1
1779,1,138589,157739,1790185880639265871,1790185880640222703,76837,956832,0.354249,1,1
1780,1,138248,158058,1790185880640460458,1790185880640641968,74788,181510,0.000000,1,0
1781,1,137199,156739,1790185880640875124,1790185880641034532,76770,159408,0.000000,1,0
1782,2,290367,151828,1790185880641425058,1790185880641426007,75140,949,0.000000,1,0
1783,1,136189,156240,1790185880641658696,1790185880641825342,79602,166646,0.000000,1,0
1784,1,138439,160608,1790185880642064773,1790185880642214347,82683,149574,0.794973,1,1
1785,1,137858,158008,1790185880642456688,1790185880642603332,74524,146644,0.000000,1,0
1786,1,135978,155438,1790185880642836614,1790185880642992547,73865,155933,0.000000,1,0
1787,1,140128,159918,1790185880643228490,1790185880643382191,72787,153701,0.789862,1,1
1788,3,444575,151629,1790185880643921573,1790185880643858875,129307,0,0.938813,1,1
1789,1,133729,153798,1790185880644144441,1790185880644248080,73219,103639,0.832720,1,1
1790,2,291207,154848,1790185880644633816,1790185880645023490,77052,389674,0.000000,1,0
1791,1,139539,160009,1790185880645264670,1790185880645415294,74214,150624,0.000000,1,0
1792,1,135559,155129,1790185880645646366,1790185880645815859,73944,169493,0.776090,1,1
1793,1,138179,158958,1790185880646049112,1790185880646581899,76206,532787,0.541430,1,1
1794,1,137359,156938,1790185880646817054,1790185880646978244,74917,161190,0.784839,1,1
1795,1,137449,156738,1790185880647212310,1790185880647401758,74049,189448,0.000000,1,0
1796,1,135718,154628,1790185880647633575,1790185880647791633,75481,158058,0.000000,1,0
1797,1,146699,166129,1790185880648035532,1790185880648182128,76022,146596,0.000000,1,0
1798,1,139449,158579,1790185880648418418,1790185880649370022,75225,951604,0.000000,1,0
1799,1,137298,157338,1790185880649609055,1790185880650174901,88478,565846,0.000000,1,0
1800,2,293627,152588,1790185880650579195,1790185880650567596,73769,0,0.000000,1,0
1801,1,136040,155920,1790185880650800994,1790185880650996981,73840,195987,0.000000,1,0
1802,4,598494,150768,1790185880651691975,1790185880651627452,64583,0,0.814153,1,1
1803,1,134539,152509,1790185880651853643,1790185880652013617,78393,159974,0.786559,1,1
1804,1,139829,159898,1790185880652255209,1790185880653162642,77196,907433,0.000000,1,0
1805,1,140949,160888,1790185880653403237,1790185880653934412,74199,531175,0.000000,1,0
1806,1,143038,163198,1790185880654173749,1790185880654355866,74091,182117,0.768046,1,1
1807,3,452485,157689,1790185880654906442,1790185880654843000,126211,0,0.000000,1,0
1808,1,136558,156488,1790185880655132619,1790185880655225605,74233,92986,0.842132,1,1
1809,1,135629,154409,1790185880655457066,1790185880655611630,74854,154564,0.000000,1,0
1810,1,133589,152739,1790185880655840662,1790185880656793024,88728,952362,0.000000,1,0
1811,1,146798,167498,1790185880657051790,1790185880657212758,74750,160968,0.000000,1,0
1812,1,142718,162628,1790185880657452896,1790185880657602743,74381,149847,0.794425,1,1
1813,1,146998,166168,1790185880657845172,1790185880657997078,75002,151906,0.000000,1,0
1814,2,299637,155908,1790185880658394006,1790185880658771938,73403,377932,0.000000,1,0
1815,2,295467,153528,1790185880659162498,1790185880659205062,74085,42564,0.000000,1,0
1816,1,133518,153178,1790185880659434255,1790185880659594107,73966,159852,0.788024,1,1
1817,1,133068,152228,1790185880659821892,1790185880659986932,73838,165040,0.782910,1,1
1818,1,140129,159279,1790185880660222808,1790185880660413326,74639,190518,0.000000,1,0
1819,1,135509,154518,1790185880660644934,1790185880660840170,73501,195236,0.000000,1,0
1820,2,294826,155558,1790185880661229577,1790185880661260665,72771,31088,0.000000,1,0
1821,2,293877,152939,1790185880661651083,1790185880661682139,73103,31056,0.000000,1,0
1822,1,135258,154368,1790185880661911890,1790185880662069164,76934,157274,0.789902,1,1
1823,1,138298,157498,1790185880662307106,1790185880662494038,74005,186932,0.000000,1,0
1824,2,297528,158158,1790185880662887231,1790185880662917503,79637,30272,0.000000,1,0
1825,1,139748,159938,1790185880663159558,1790185880663308117,72659,148559,0.000000,1,0
1826,2,288897,152538,1790185880663690743,1790185880663732142,84249,41399,0.000000,1,0
1827,1,136809,161788,1790185880663974200,1790185880664123347,76100,149147,0.795728,1,1
1828,1,139349,158998,1790185880664360806,1790185880664516191,74652,155385,0.787858,1,1
1829,1,136379,156518,1790185880664749902,1790185880664920996,75903,171094,0.000000,1,0
1830,1,138968,159128,1790185880665158427,1790185880665344780,74705,186353,0.000000,1,0
1831,1,135069,155239,1790185880665576033,1790185880665732535,75456,156502,0.000000,1,0
1832,1,140409,165338,1790185880665972840,1790185880666139430,74167,166590,0.779193,1,1
1833,1,136339,155408,1790185880666371436,1790185880666950239,73970,578803,0.517394,1,1
1834,1,138219,157769,1790185880667185957,1790185880667370583,73931,184626,0.000000,1,0
1835,1,136469,156088,1790185880667602023,1790185880668146583,77303,544560,0.000000,1,0
1836,1,138188,157768,1790185880668385154,1790185880668569048,78154,183894,0.767861,1,1
1837,1,136160,155660,1790185880668804201,1790185880669374257,75327,570056,0.000000,1,0
1838,1,140999,160738,1790185880669614033,1790185880669762042,74388,148009,0.000000,1,0
1839,2,302547,157209,1790185880670160547,1790185880670154247,77239,0,0.000000,1,0
1840,1,134848,153828,1790185880670387494,1790185880670543011,74821,155517,0.000000,1,0
1841,1,133998,153128,1790185880670772670,1790185880670938406,76792,165736,0.782926,1,1
1842,1,136898,158358,1790185880671174406,1790185880671329381,82723,154975,0.791586,1,1
1843,1,136799,155629,1790185880671570222,1790185880671752965,72985,182743,0.000000,1,0
1844,2,298767,156219,1790185880672145517,1790185880672146740,78266,1223,0.000000,1,0
1845,2,285827,149859,1790185880672531753,1790185880672957860,76228,426107,0.000000,1,0
1846,1,138709,158329,1790185880673195436,1790185880673352794,75050,157358,0.000000,1,0
1847,1,134949,154429,1790185880673583582,1790185880674139074,77051,555492,0.000000,1,0
1848,1,140819,160118,1790185880674380704,1790185880674942883,76115,562179,0.000000,1,0
1849,1,145118,165358,1790185880675186676,1790185880675332008,74056,145332,0.000000,1,0
1850,2,296706,154498,1790185880675725020,1790185880675730973,73807,5953,0.918421,1,1
1851,1,137369,162239,1790185880675963268,1790185880676121098,76667,157830,0.000000,1,0
1852,1,135989,155189,1790185880676356484,1790185880676511772,72889,155288,0.000000,1,0
1853,1,135919,155189,1790185880676741240,1790185880676907097,72670,165857,0.782597,1,1
1854,1,142008,163168,1790185880677147085,1790185880677331482,72931,184397,0.000000,1,0
1855,1,135998,155528,1790185880677562551,1790185880677720386,73864,157835,0.789303,1,1
1856,2,298237,160538,1790185880678113366,1790185880678114851,74065,1485,0.921144,1,1
1857,1,148809,168329,1790185880678359614,1790185880679279926,77237,920312,0.000000,1,0
1858,1,136889,156068,1790185880679516522,1790185880679675071,74138,158549,0.000000,1,0
1859,1,141878,160998,1790185880679911997,1790185880680074945,74710,162948,0.000000,1,0
1860,2,291867,153228,1790185880680462632,1790185880680467490,73701,4858,0.000000,1,0
1861,1,135369,154279,1790185880680697240,1790185880680868235,73253,170995,0.000000,1,0
1862,1,135479,155409,1790185880681097866,1790185880681273399,71994,175533,0.775952,1,1
1863,1,135629,155629,1790185880681502652,1790185880681670644,77365,167992,0.000000,1,0
1864,1,143248,174148,1790185880681918367,1790185880682066019,75826,147652,0.796087,1,1
1865,1,140088,159468,1790185880682304913,1790185880682504993,74068,200080,0.000000,1,0
1866,1,136559,155609,1790185880682737989,1790185880682932768,73608,194779,0.000000,1,0
1867,1,139908,158848,1790185880683168184,1790185880683361622,73600,193438,0.000000,1,0
1868,1,138509,158199,1790185880683594750,1790185880684170951,73953,576201,0.518046,1,1
1869,2,295517,154158,1790185880684561551,1790185880685357415,76347,795864,0.000000,1,0
1870,1,139359,160099,1790185880685596240,1790185880685751540,74927,155300,0.789633,1,1
1871,1,145269,165938,1790185880685992986,1790185880686148775,73908,155789,0.784760,1,1
1872,1,138689,158528,1790185880686382792,1790185880686924675,84691,541883,0.535657,1,1
1873,1,138268,157838,1790185880687170824,1790185880687316030,73882,145206,0.000000,1,0
1874,2,289927,153849,1790185880687701169,1790185880687702564,73334,1395,0.000000,1,0
1875,1,135988,155588,1790185880687933156,1790185880688097239,74095,164083,0.000000,1,0
1876,1,137118,157158,1790185880688330802,1790185880688522284,73145,191482,0.000000,1,0
1877,1,136519,155879,1790185880688752788,1790185880688947558,76437,194770,0.759058,1,1
1878,1,139968,160108,1790185880689185993,1790185880689345673,73888,159680,0.000000,1,0
1879,1,135288,154738,1790185880689576309,1790185880689737577,76261,161268,0.786756,1,1
1880,1,137659,163179,1790185880689973046,1790185880690128102,74292,155056,0.790273,1,1
1881,1,137249,156509,1790185880690360722,1790185880690914642,75573,553920,0.000000,1,0
1882,2,295237,154679,1790185880691307222,1790185880691306956,73485,0,0.000000,1,0
1883,1,135129,153998,1790185880691536740,1790185880692078256,79727,541516,0.537148,1,1
1884,1,137158,156378,1790185880692316881,1790185880692470571,72588,153690,0.791657,1,1
1885,1,135629,154979,1790185880692702298,1790185880692861826,74250,159528,0.000000,1,0
1886,1,135518,155128,1790185880693093074,1790185880693255520,74322,162446,0.000000,1,0
1887,1,138329,157489,1790185880693489230,1790185880693644185,74413,154955,0.789341,1,1
1888,1,143249,163019,1790185880693883266,1790185880694036820,76444,153554,0.000000,1,0
1889,2,290367,152748,1790185880694425550,1790185880694425325,73514,0,0.000000,1,0
1890,1,136759,155579,1790185880694656538,1790185880694823500,75405,166962,0.782222,1,1
1891,1,137319,157228,1790185880695056834,1790185880695211565,74336,154731,0.000000,1,0
1892,2,293487,153369,1790185880695599778,1790185880695621859,72639,22081,0.000000,1,0
1893,1,132068,150638,1790185880695848096,1790185880696021924,77430,173828,0.000000,1,0
1894,1,141349,161079,1790185880696264762,1790185880696417329,72861,152567,0.000000,1,0
1895,1,135899,155949,1790185880696647708,1790185880696855083,76392,207375,0.000000,1,0
1896,1,137988,159088,1790185880697092683,1790185880697247758,72993,155075,0.000000,1,0
1897,1,135958,156088,1790185880697478809,1790185880697674152,74384,195343,0.000000,1,0
1898,2,315137,176109,1790185880698084703,1790185880698442102,74736,357399,0.642580,1,1
1899,1,135859,156069,1790185880698675097,1790185880698841487,73848,166390,0.000000,1,0
1900,1,140938,161798,1790185880699077053,1790185880699232281,74980,155228,0.000000,1,0
1901,2,294617,154518,1790185880699625238,1790185880699619696,74591,0,0.000000,1,0
1902,1,136378,155848,1790185880699851815,1790185880700394066,84803,542251,0.000000,1,0
1903,1,137279,157179,1790185880700640107,1790185880700823030,73034,182923,0.000000,1,0
1904,1,141199,161918,1790185880701058203,1790185880701233965,73625,175762,0.773541,1,1
1905,2,299357,154398,1790185880701629627,1790185880701622890,73177,0,0.000000,1,0
1906,2,290787,155808,1790185880702008254,1790185880702011775,72658,3521,0.000000,1,0
1907,1,134688,153148,1790185880702242701,1790185880702401479,73490,158778,0.000000,1,0
1908,3,447645,155159,1790185880702944254,1790185880703559344,75473,615090,0.000000,1,0
1909,1,134959,154339,1790185880703792955,1790185880703950969,75444,158014,0.788686,1,1
1910,1,136909,155809,1790185880704184581,1790185880705099714,76217,915133,0.000000,1,0
1911,1,137429,156759,1790185880705335870,1790185880705866414,80089,530544,0.543203,1,1
1912,1,141259,160338,1790185880706109552,1790185880706254348,74041,144796,0.000000,1,0
1913,1,137279,156908,1790185880706486658,1790185880706642823,74042,156165,0.788883,1,1
1914,1,135079,153368,1790185880706872734,1790185880707037758,76193,165024,0.000000,1,0
1915,1,139628,159328,1790185880707276439,1790185880707428953,74884,152514,0.000000,1,0
1916,1,137608,157288,1790185880707663025,1790185880707830388,74426,167363,0.000000,1,0
1917,1,151868,172568,1790185880708077142,1790185880708260732,78087,183590,0.000000,1,0
1918,1,137439,157308,1790185880708497878,1790185880709412227,75930,914349,0.000000,1,0
1919,1,138349,158628,1790185880709648966,1790185880709837261,76792,188295,0.764062,1,1
1920,1,138969,159579,1790185880710082851,1790185880710994196,75776,911345,0.370735,1,1
1921,1,138659,158129,1790185880711231430,1790185880711389420,78017,157990,0.788049,1,1
1922,1,136689,155959,1790185880711624876,1790185880711827695,74488,202819,0.753417,1,1
1923,2,298177,156378,1790185880712222130,1790185880712249869,73409,27739,0.000000,1,0
1924,1,134769,153829,1790185880712478857,1790185880712640034,72540,161177,0.000000,1,0
1925,1,158449,178038,1790185880712891613,1790185880713035449,75491,143836,0.788741,1,1
1926,1,136969,156638,1790185880713269489,1790185880713426053,75073,156564,0.789571,1,1
1927,2,293548,153470,1790185880713815124,1790185880713824788,73985,9664,0.000000,1,0
1928,1,139208,159778,1790185880714062991,1790185880714629967,73817,566976,0.000000,1,0
1929,1,139439,158879,1790185880714864303,1790185880715029722,74268,165419,0.000000,1,0
1930,1,138919,158238,1790185880715264769,1790185880715453206,73920,188437,0.000000,1,0
1931,3,450865,157069,1790185880715998861,1790185880716233626,83942,234765,0.000000,1,0
1932,1,133399,152699,1790185880716472696,1790185880716622061,73034,149365,0.000000,1,0
1933,1,132639,152109,1790185880716848773,1790185880717013806,76024,165033,0.000000,1,0
1934,3,444566,151298,1790185880717556836,1790185880717492869,127406,0,0.000000,1,0
1935,1,129078,147548,1790185880717769983,1790185880717878714,73207,108731,0.000000,1,0
1936,1,141939,163768,1790185880718113750,1790185880718280719,73888,166969,0.778398,1,1
1937,2,290427,153299,1790185880718667424,1790185880718703213,73200,35789,0.000000,1,0
1938,1,135818,154858,1790185880718933381,1790185880719471493,74282,538112,0.539473,1,1
1939,2,1632754,807527,1790185883724527650,1790185883725207736,240879,680086,0.000000,1,0
1940,1,524133,573702,1790185883726031707,1790185883726397870,115869,366163,0.000000,1,0
1941,2,525392,246606,1790185883727096890,1790185883726995722,140297,0,0.000000,1,0
1942,1,242166,268106,1790185883727404804,1790185883727438776,111766,33972,0.000000,1,0
1943,1,206866,231176,1790185883727785348,1790185883727889200,79115,103852,0.804096,1,1
1944,2,332714,172427,1790185883728324539,1790185883728297885,91613,0,0.000000,1,0
1945,1,149688,169617,1790185883728561046,1790185883728703829,75043,142783,0.000000,1,0
1946,1,153887,174037,1790185883728954019,1790185883729109534,77112,155515,0.000000,1,0
1947,1,152818,173457,1790185883729361814,1790185883729516619,75871,154805,0.788552,1,1
1948,1,137058,156988,1790185883729752247,1790185883729914123,75460,161876,0.784203,1,1
1949,1,553610,591000,1790185886733780721,1790185886734256286,143674,475565,0.503249,1,1
1950,2,596750,295590,1790185886735026020,1790185886734906668,119412,0,0.000000,1,0
1951,1,229521,244911,1790185886735282331,1790185886735386631,98500,104300,0.804361,1,1
1952,1,205030,220300,1790185886735707251,1790185886735824765,102486,117514,0.000000,1,0
1953,1,162850,178550,1790185886736107501,1790185886736236500,76551,128999,0.000000,1,0
1954,1,154230,168900,1790185886736484291,1790185886737029420,77031,545129,0.000000,1,0
1955,3,472980,156690,1790185886737597471,1790185886737532513,129148,0,0.892777,1,1
1956,1,131230,145630,1790185886737809641,1790185886737930898,76423,121257,0.000000,1,0
1957,2,292681,148151,1790185886738320502,1790185886738699317,76575,378815,0.630436,1,1
1958,1,138870,154250,1790185886738931872,1790185886739087892,80240,156020,0.787165,1,1
1959,1,134980,150460,1790185886739323732,1790185886739476657,79705,152925,0.789862,1,1
1960,1,132530,147300,1790185886739705532,1790185886740659831,78230,954299,0.000000,1,0
1961,1,146890,161730,1790185886740902421,1790185886741058496,77515,156075,0.000000,1,0
1962,3,435671,144910,1790185886741588802,1790185886741817906,75896,229104,0.000000,1,0
1963,2,293030,149770,1790185886742202542,1790185886742201611,75461,0,0.000000,1,0
1964,1,131520,146470,1790185886742425312,1790185886742620716,75626,195404,0.000000,1,0
1965,1,135110,150310,1790185886742848092,1790185886743012870,77892,164778,0.000000,1,0
1966,1,136840,151930,1790185886743245672,1790185886743399405,76477,153733,0.787740,1,1
1967,1,130690,145520,1790185886743623082,1790185886743782440,77132,159358,0.000000,1,0
1968,1,137110,151750,1790185886744013272,1790185886744204315,78948,191043,0.761034,1,1
1969,1,137390,152030,1790185886744438653,1790185886744592859,76694,154206,0.788852,1,1
1970,1,133110,147670,1790185886744819183,1790185886744990224,77229,171041,0.776470,1,1
1971,1,132570,150320,1790185886745217223,1790185886745379579,77374,162356,0.782449,1,1
1972,1,129960,145090,1790185886745604153,1790185886746523444,79709,919291,0.000000,1,0
1973,1,133429,148519,1790185886746756562,1790185886746913569,75333,157007,0.785640,1,1
1974,2,277771,144221,1790185886747283133,1790185886747707858,77595,424725,0.602352,1,1
1975,1,139320,154130,1790185886747941793,1790185886748096223,84150,154430,0.000000,1,0
1976,1,131490,146710,1790185886748328633,1790185886748883323,78990,554690,0.528020,1,1
1977,1,138150,153820,1790185886749120153,1790185886749280747,77146,160594,0.783492,1,1
1978,1,134860,149660,1790185886749510043,1790185886749672002,77031,161959,0.782652,1,1
1979,1,137210,150560,1790185886749902953,1790185886750066437,78406,163484,0.000000,1,0
1980,1,136431,150981,1790185886750300434,1790185886750833037,82557,532603,0.540105,1,1
1981,1,139400,154650,1790185886751072794,1790185886751252941,78953,180147,0.765378,1,1
1982,2,278180,144720,1790185886751626374,1790185886752022921,78793,396547,0.619406,1,1
1983,1,133790,148220,1790185886752252794,1790185886752414106,77358,161312,0.783608,1,1
1984,1,132370,147510,1790185886752640894,1790185886752814771,76393,173877,0.772883,1,1
1985,2,284570,147210,1790185886753191894,1790185886753213415,76610,21521,0.000000,1,0
1986,1,131830,146680,1790185886753438445,1790185886753603750,77385,165305,0.000000,1,0
1987,1,130660,144550,1790185886753828955,1790185886753995125,78720,166170,0.780089,1,1
1988,1,135390,154200,1790185886754231905,1790185886754793884,78681,561979,0.000000,1,0
1989,2,303379,154659,1790185886755196794,1790185886755184999,76275,0,0.000000,1,0
1990,1,134620,153910,1790185886755417554,1790185886755575854,84680,158300,0.000000,1,0
1991,1,131190,151230,1790185886755816184,1790185886756359863,80972,543679,0.000000,1,0
1992,1,136350,155710,1790185886756598845,1790185886756753298,76977,154453,0.789278,1,1
1993,1,135460,154940,1790185886756989675,1790185886757147043,78572,157368,0.786827,1,1
1994,1,135090,153480,1790185886757382325,1790185886757544788,79807,162463,0.000000,1,0
1995,1,133780,152970,1790185886757778615,1790185886757970492,86143,191877,0.759271,1,1
1996,1,137450,156610,1790185886758216165,1790185886758392926,76549,176761,0.769783,1,1
1997,2,282580,150210,1790185886758772365,1790185886759165226,77909,392861,0.620578,1,1
1998,1,137311,155671,1790185886759402286,1790185886759554631,75985,152345,0.000000,1,0
1999,1,133220,151940,1790185886759784006,1790185886759946386,76470,162380,0.000000,1,0
