count_idx,delay_ns,delay_physical_ns,ts_r2_ns,ts_r2_on_r1_ns,stage2_recv_local_ns,stage2_recv_r1_ns,stage2_recv_r2_ns,bits_final,w14,w56,w_final_raw,state_final_peer_id
51,36677,36677,1782475646412797427,1782475646412797427,1782475646412834104,1782475646412834104,1782475646412834104,3,1.000000000000,1.000000000000,1.000000000000,1
52,36357,36357,1782475646412917485,1782475646412917485,1782475646412953842,1782475646412953842,1782475646412953842,1,1.000000000000,1.000000000000,1.000000000000,1
53,35858,35858,1782475646413033883,1782475646413033883,1782475646413069741,1782475646413069741,1782475646413069741,0,1.000000000000,1.000000000000,1.000000000000,1
54,36208,36208,1782475646413153071,1782475646413153071,1782475646413189279,1782475646413189279,1782475646413189279,2,1.000000000000,1.000000000000,1.000000000000,1
55,36288,36288,1782475646413269639,1782475646413269639,1782475646413305927,1782475646413305927,1782475646413305927,1,1.000000000000,1.000000000000,1.000000000000,1
56,37349,37349,1782475646413391636,1782475646413391636,1782475646413428985,1782475646413428985,1782475646413428985,2,1.000000000000,1.000000000000,1.000000000000,1
57,36469,36469,1782475646413508314,1782475646413508314,1782475646413544783,1782475646413544783,1782475646413544783,3,1.000000000000,1.000000000000,1.000000000000,1
58,38390,38390,1782475646413627532,1782475646413627532,1782475646413665922,1782475646413665922,1782475646413665922,0,1.000000000000,1.000000000000,1.000000000000,1
59,40340,40340,1782475646413739730,1782475646413739730,1782475646413780070,1782475646413780070,1782475646413780070,1,1.000000000000,1.000000000000,1.000000000000,1
60,39980,39980,1782475646413856208,1782475646413856208,1782475646413896188,1782475646413896188,1782475646413896188,3,1.000000000000,1.000000000000,1.000000000000,1
61,45080,45080,1782475646413973006,1782475646413973006,1782475646414018086,1782475646414018086,1782475646414018086,3,1.000000000000,1.000000000000,1.000000000000,1
62,38500,38500,1782475646414089554,1782475646414089554,1782475646414128054,1782475646414128054,1782475646414128054,0,1.000000000000,1.000000000000,1.000000000000,1
63,47181,47181,1782475646414208092,1782475646414208092,1782475646414255273,1782475646414255273,1782475646414255273,2,1.000000000000,1.000000000000,1.000000000000,1
64,37662,37662,1782475646414331530,1782475646414331530,1782475646414369192,1782475646414369192,1782475646414369192,3,1.000000000000,1.000000000000,1.000000000000,1
65,38741,38741,1782475646414446029,1782475646414446029,1782475646414484770,1782475646414484770,1782475646414484770,3,1.000000000000,1.000000000000,1.000000000000,1
66,38422,38422,1782475646414560966,1782475646414560966,1782475646414599388,1782475646414599388,1782475646414599388,3,1.000000000000,1.000000000000,1.000000000000,1
67,37983,37983,1782475646414678394,1782475646414678394,1782475646414716377,1782475646414716377,1782475646414716377,0,1.000000000000,1.000000000000,1.000000000000,1
68,37513,37513,1782475646414796812,1782475646414796812,1782475646414834325,1782475646414834325,1782475646414834325,1,1.000000000000,1.000000000000,1.000000000000,1
69,38833,38833,1782475646414911790,1782475646414911790,1782475646414950623,1782475646414950623,1782475646414950623,0,1.000000000000,1.000000000000,1.000000000000,1
70,38143,38143,1782475646415028608,1782475646415028608,1782475646415066751,1782475646415066751,1782475646415066751,1,1.000000000000,1.000000000000,1.000000000000,1
71,38883,38883,1782475646415146776,1782475646415146776,1782475646415185659,1782475646415185659,1782475646415185659,2,1.000000000000,1.000000000000,1.000000000000,1
72,38994,38994,1782475646415267554,1782475646415267554,1782475646415306548,1782475646415306548,1782475646415306548,0,1.000000000000,1.000000000000,1.000000000000,1
73,37984,37984,1782475646415389702,1782475646415389702,1782475646415427686,1782475646415427686,1782475646415427686,3,1.000000000000,1.000000000000,1.000000000000,1
74,38014,38014,1782475646415510690,1782475646415510690,1782475646415548704,1782475646415548704,1782475646415548704,2,1.000000000000,1.000000000000,1.000000000000,1
75,36855,36855,1782475646415624237,1782475646415624237,1782475646415661092,1782475646415661092,1782475646415661092,2,1.000000000000,1.000000000000,1.000000000000,1
76,38385,38385,1782475646415739725,1782475646415739725,1782475646415778110,1782475646415778110,1782475646415778110,0,1.000000000000,1.000000000000,1.000000000000,1
77,40065,40065,1782475646415856673,1782475646415856673,1782475646415896738,1782475646415896738,1782475646415896738,0,1.000000000000,1.000000000000,1.000000000000,1
78,38246,38246,1782475646415973521,1782475646415973521,1782475646416011767,1782475646416011767,1782475646416011767,0,1.000000000000,1.000000000000,1.000000000000,1
79,36936,36936,1782475646416095149,1782475646416095149,1782475646416132085,1782475646416132085,1782475646416132085,3,1.000000000000,1.000000000000,1.000000000000,1
80,38286,38286,1782475646416212577,1782475646416212577,1782475646416250863,1782475646416250863,1782475646416250863,3,1.000000000000,1.000000000000,1.000000000000,1
81,42456,42456,1782475646416333805,1782475646416333805,1782475646416376261,1782475646416376261,1782475646416376261,3,1.000000000000,1.000000000000,1.000000000000,1
82,39266,39266,1782475646416447153,1782475646416447153,1782475646416486419,1782475646416486419,1782475646416486419,3,1.000000000000,1.000000000000,1.000000000000,1
83,39017,39017,1782475646416562661,1782475646416562661,1782475646416601678,1782475646416601678,1782475646416601678,3,1.000000000000,1.000000000000,1.000000000000,1
84,39067,39067,1782475646416679919,1782475646416679919,1782475646416718986,1782475646416718986,1782475646416718986,2,1.000000000000,1.000000000000,1.000000000000,1
85,38707,38707,1782475646416797267,1782475646416797267,1782475646416835974,1782475646416835974,1782475646416835974,1,1.000000000000,1.000000000000,1.000000000000,1
86,38718,38718,1782475646416915504,1782475646416915504,1782475646416954222,1782475646416954222,1782475646416954222,1,1.000000000000,1.000000000000,1.000000000000,1
87,37849,37849,1782475646417030412,1782475646417030412,1782475646417068261,1782475646417068261,1782475646417068261,2,1.000000000000,1.000000000000,1.000000000000,1
88,38959,38959,1782475646417148760,1782475646417148760,1782475646417187719,1782475646417187719,1782475646417187719,2,1.000000000000,1.000000000000,1.000000000000,1
89,40759,40759,1782475646417269368,1782475646417269368,1782475646417310127,1782475646417310127,1782475646417310127,3,1.000000000000,1.000000000000,1.000000000000,1
90,38210,38210,1782475646417395796,1782475646417395796,1782475646417434006,1782475646417434006,1782475646417434006,2,1.000000000000,1.000000000000,1.000000000000,1
91,38529,38529,1782475646417507705,1782475646417507705,1782475646417546234,1782475646417546234,1782475646417546234,0,1.000000000000,1.000000000000,1.000000000000,1
92,38090,38090,1782475646417620063,1782475646417620063,1782475646417658153,1782475646417658153,1782475646417658153,2,1.000000000000,1.000000000000,1.000000000000,1
93,39700,39700,1782475646417740871,1782475646417740871,1782475646417780571,1782475646417780571,1782475646417780571,1,1.000000000000,1.000000000000,1.000000000000,1
94,44380,44380,1782475646417854249,1782475646417854249,1782475646417898629,1782475646417898629,1782475646417898629,2,1.000000000000,1.000000000000,1.000000000000,1
95,43920,43920,1782475646417970167,1782475646417970167,1782475646418014087,1782475646418014087,1782475646418014087,1,1.000000000000,1.000000000000,1.000000000000,1
96,49391,49391,1782475646418087104,1782475646418087104,1782475646418136495,1782475646418136495,1782475646418136495,1,1.000000000000,1.000000000000,1.000000000000,1
97,36422,36422,1782475646418204432,1782475646418204432,1782475646418240854,1782475646418240854,1782475646418240854,1,1.000000000000,1.000000000000,1.000000000000,1
98,37082,37082,1782475646418329910,1782475646418329910,1782475646418366992,1782475646418366992,1782475646418366992,2,1.000000000000,1.000000000000,1.000000000000,1
99,36742,36742,1782475646418438588,1782475646418438588,1782475646418475330,1782475646418475330,1782475646418475330,0,1.000000000000,1.000000000000,1.000000000000,1
100,35342,35342,1782475646418552756,1782475646418552756,1782475646418588098,1782475646418588098,1782475646418588098,1,1.000000000000,1.000000000000,1.000000000000,1
101,39393,39393,1782475646418666324,1782475646418666324,1782475646418705717,1782475646418705717,1782475646418705717,1,1.000000000000,1.000000000000,1.000000000000,1
102,37303,37303,1782475646418782112,1782475646418782112,1782475646418819415,1782475646418819415,1782475646418819415,3,1.000000000000,1.000000000000,1.000000000000,1
103,37173,37173,1782475646418897540,1782475646418897540,1782475646418934713,1782475646418934713,1782475646418934713,2,1.000000000000,1.000000000000,1.000000000000,1
104,44023,44023,1782475646419011448,1782475646419011448,1782475646419055471,1782475646419055471,1782475646419055471,0,1.000000000000,1.000000000000,1.000000000000,1
105,36214,36214,1782475646419125196,1782475646419125196,1782475646419161410,1782475646419161410,1782475646419161410,3,1.000000000000,1.000000000000,1.000000000000,1
106,38394,38394,1782475646419252114,1782475646419252114,1782475646419290508,1782475646419290508,1782475646419290508,2,1.000000000000,1.000000000000,1.000000000000,1
107,36974,36974,1782475646419368692,1782475646419368692,1782475646419405666,1782475646419405666,1782475646419405666,1,1.000000000000,1.000000000000,1.000000000000,1
108,36554,36554,1782475646419481340,1782475646419481340,1782475646419517894,1782475646419517894,1782475646419517894,1,1.000000000000,1.000000000000,1.000000000000,1
109,36425,36425,1782475646419595437,1782475646419595437,1782475646419631862,1782475646419631862,1782475646419631862,1,1.000000000000,1.000000000000,1.000000000000,1
110,38016,38016,1782475646419712705,1782475646419712705,1782475646419750721,1782475646419750721,1782475646419750721,2,1.000000000000,1.000000000000,1.000000000000,1
111,37086,37086,1782475646419827813,1782475646419827813,1782475646419864899,1782475646419864899,1782475646419864899,2,1.000000000000,1.000000000000,1.000000000000,1
112,36126,36126,1782475646419943871,1782475646419943871,1782475646419979997,1782475646419979997,1782475646419979997,1,1.000000000000,1.000000000000,1.000000000000,1
113,36526,36526,1782475646420061799,1782475646420061799,1782475646420098325,1782475646420098325,1782475646420098325,0,1.000000000000,1.000000000000,1.000000000000,1
114,36756,36756,1782475646420177337,1782475646420177337,1782475646420214093,1782475646420214093,1782475646420214093,2,1.000000000000,1.000000000000,1.000000000000,1
115,41437,41437,1782475646420295045,1782475646420295045,1782475646420336482,1782475646420336482,1782475646420336482,3,1.000000000000,1.000000000000,1.000000000000,1
116,37768,37768,1782475646420416703,1782475646420416703,1782475646420454471,1782475646420454471,1782475646420454471,1,1.000000000000,1.000000000000,1.000000000000,1
117,39117,39117,1782475646420528192,1782475646420528192,1782475646420567309,1782475646420567309,1782475646420567309,1,1.000000000000,1.000000000000,1.000000000000,1
118,36187,36187,1782475646420642800,1782475646420642800,1782475646420678987,1782475646420678987,1782475646420678987,0,1.000000000000,1.000000000000,1.000000000000,1
119,35507,35507,1782475646420760758,1782475646420760758,1782475646420796265,1782475646420796265,1782475646420796265,0,1.000000000000,1.000000000000,1.000000000000,1
120,35598,35598,1782475646420873886,1782475646420873886,1782475646420909484,1782475646420909484,1782475646420909484,1,1.000000000000,1.000000000000,1.000000000000,1
121,35888,35888,1782475646420986814,1782475646420986814,1782475646421022702,1782475646421022702,1782475646421022702,3,1.000000000000,1.000000000000,1.000000000000,1
122,35399,35399,1782475646421107911,1782475646421107911,1782475646421143310,1782475646421143310,1782475646421143310,2,1.000000000000,1.000000000000,1.000000000000,1
123,36409,36409,1782475646421223449,1782475646421223449,1782475646421259858,1782475646421259858,1782475646421259858,3,1.000000000000,1.000000000000,1.000000000000,1
124,38839,38839,1782475646421344747,1782475646421344747,1782475646421383586,1782475646421383586,1782475646421383586,1,1.000000000000,1.000000000000,1.000000000000,1
125,38510,38510,1782475646421461015,1782475646421461015,1782475646421499525,1782475646421499525,1782475646421499525,2,1.000000000000,1.000000000000,1.000000000000,1
126,40850,40850,1782475646421574453,1782475646421574453,1782475646421615303,1782475646421615303,1782475646421615303,2,1.000000000000,1.000000000000,1.000000000000,1
127,39950,39950,1782475646421691491,1782475646421691491,1782475646421731441,1782475646421731441,1782475646421731441,1,1.000000000000,1.000000000000,1.000000000000,1
128,36460,36460,1782475646421804219,1782475646421804219,1782475646421840679,1782475646421840679,1782475646421840679,3,1.000000000000,1.000000000000,1.000000000000,1
129,48090,48090,1782475646421918997,1782475646421918997,1782475646421967087,1782475646421967087,1782475646421967087,0,1.000000000000,1.000000000000,1.000000000000,1
130,36191,36191,1782475646422039735,1782475646422039735,1782475646422075926,1782475646422075926,1782475646422075926,3,1.000000000000,1.000000000000,1.000000000000,1
131,36991,36991,1782475646422156283,1782475646422156283,1782475646422193274,1782475646422193274,1782475646422193274,0,1.000000000000,1.000000000000,1.000000000000,1
132,35941,35941,1782475646422272381,1782475646422272381,1782475646422308322,1782475646422308322,1782475646422308322,1,1.000000000000,1.000000000000,1.000000000000,1
133,37262,37262,1782475646422392868,1782475646422392868,1782475646422430130,1782475646422430130,1782475646422430130,3,1.000000000000,1.000000000000,1.000000000000,1
134,35493,35493,1782475646422508216,1782475646422508216,1782475646422543709,1782475646422543709,1782475646422543709,2,1.000000000000,1.000000000000,1.000000000000,1
135,36113,36113,1782475646422623904,1782475646422623904,1782475646422660017,1782475646422660017,1782475646422660017,1,1.000000000000,1.000000000000,1.000000000000,1
136,37833,37833,1782475646422739952,1782475646422739952,1782475646422777785,1782475646422777785,1782475646422777785,3,1.000000000000,1.000000000000,1.000000000000,1
137,40243,40243,1782475646422854420,1782475646422854420,1782475646422894663,1782475646422894663,1782475646422894663,1,1.000000000000,1.000000000000,1.000000000000,1
138,36073,36073,1782475646422972258,1782475646422972258,1782475646423008331,1782475646423008331,1782475646423008331,0,1.000000000000,1.000000000000,1.000000000000,1
139,36104,36104,1782475646423084826,1782475646423084826,1782475646423120930,1782475646423120930,1782475646423120930,2,1.000000000000,1.000000000000,1.000000000000,1
140,36014,36014,1782475646423203684,1782475646423203684,1782475646423239698,1782475646423239698,1782475646423239698,1,1.000000000000,1.000000000000,1.000000000000,1
141,39595,39595,1782475646423328342,1782475646423328342,1782475646423367937,1782475646423367937,1782475646423367937,3,1.000000000000,1.000000000000,1.000000000000,1
142,38524,38524,1782475646423439891,1782475646423439891,1782475646423478415,1782475646423478415,1782475646423478415,2,1.000000000000,1.000000000000,1.000000000000,1
143,37975,37975,1782475646423552149,1782475646423552149,1782475646423590124,1782475646423590124,1782475646423590124,2,1.000000000000,1.000000000000,1.000000000000,1
144,37905,37905,1782475646423666387,1782475646423666387,1782475646423704292,1782475646423704292,1782475646423704292,1,1.000000000000,1.000000000000,1.000000000000,1
145,38915,38915,1782475646423779895,1782475646423779895,1782475646423818810,1782475646423818810,1782475646423818810,0,1.000000000000,1.000000000000,1.000000000000,1
146,39525,39525,1782475646423895173,1782475646423895173,1782475646423934698,1782475646423934698,1782475646423934698,3,1.000000000000,1.000000000000,1.000000000000,1
147,35777,35777,1782475646424018440,1782475646424018440,1782475646424054217,1782475646424054217,1782475646424054217,0,1.000000000000,1.000000000000,1.000000000000,1
148,35737,35737,1782475646424129928,1782475646424129928,1782475646424165665,1782475646424165665,1782475646424165665,0,1.000000000000,1.000000000000,1.000000000000,1
149,35417,35417,1782475646424247466,1782475646424247466,1782475646424282883,1782475646424282883,1782475646424282883,3,1.000000000000,1.000000000000,1.000000000000,1
150,36687,36687,1782475646424369274,1782475646424369274,1782475646424405961,1782475646424405961,1782475646424405961,0,1.000000000000,1.000000000000,1.000000000000,1
151,37147,37147,1782475646424484102,1782475646424484102,1782475646424521249,1782475646424521249,1782475646424521249,2,1.000000000000,1.000000000000,1.000000000000,1
152,36098,36098,1782475646424598830,1782475646424598830,1782475646424634928,1782475646424634928,1782475646424634928,1,1.000000000000,1.000000000000,1.000000000000,1
153,36978,36978,1782475646424712398,1782475646424712398,1782475646424749376,1782475646424749376,1782475646424749376,1,1.000000000000,1.000000000000,1.000000000000,1
154,36138,36138,1782475646424830066,1782475646424830066,1782475646424866204,1782475646424866204,1782475646424866204,0,1.000000000000,1.000000000000,1.000000000000,1
155,36898,36898,1782475646424943864,1782475646424943864,1782475646424980762,1782475646424980762,1782475646424980762,1,1.000000000000,1.000000000000,1.000000000000,1
156,36569,36569,1782475646425061832,1782475646425061832,1782475646425098401,1782475646425098401,1782475646425098401,0,1.000000000000,1.000000000000,1.000000000000,1
157,37069,37069,1782475646425177020,1782475646425177020,1782475646425214089,1782475646425214089,1782475646425214089,1,1.000000000000,1.000000000000,1.000000000000,1
158,36039,36039,1782475646425294348,1782475646425294348,1782475646425330387,1782475646425330387,1782475646425330387,1,1.000000000000,1.000000000000,1.000000000000,1
159,37960,37960,1782475646425411775,1782475646425411775,1782475646425449735,1782475646425449735,1782475646425449735,3,1.000000000000,1.000000000000,1.000000000000,1
160,36210,36210,1782475646425533163,1782475646425533163,1782475646425569373,1782475646425569373,1782475646425569373,2,1.000000000000,1.000000000000,1.000000000000,1
161,37221,37221,1782475646425647661,1782475646425647661,1782475646425684882,1782475646425684882,1782475646425684882,2,1.000000000000,1.000000000000,1.000000000000,1
162,47531,47531,1782475646425764299,1782475646425764299,1782475646425811830,1782475646425811830,1782475646425811830,2,1.000000000000,1.000000000000,1.000000000000,1
163,38051,38051,1782475646425877787,1782475646425877787,1782475646425915838,1782475646425915838,1782475646425915838,2,1.000000000000,1.000000000000,1.000000000000,1
164,36191,36191,1782475646425993585,1782475646425993585,1782475646426029776,1782475646426029776,1782475646426029776,1,1.000000000000,1.000000000000,1.000000000000,1
165,36062,36062,1782475646426108003,1782475646426108003,1782475646426144065,1782475646426144065,1782475646426144065,2,1.000000000000,1.000000000000,1.000000000000,1
166,38162,38162,1782475646426225481,1782475646426225481,1782475646426263643,1782475646426263643,1782475646426263643,1,1.000000000000,1.000000000000,1.000000000000,1
167,37603,37603,1782475646426344169,1782475646426344169,1782475646426381772,1782475646426381772,1782475646426381772,3,1.000000000000,1.000000000000,1.000000000000,1
168,37752,37752,1782475646426458598,1782475646426458598,1782475646426496350,1782475646426496350,1782475646426496350,3,1.000000000000,1.000000000000,1.000000000000,1
169,39182,39182,1782475646426575166,1782475646426575166,1782475646426614348,1782475646426614348,1782475646426614348,3,1.000000000000,1.000000000000,1.000000000000,1
170,38273,38273,1782475646426691414,1782475646426691414,1782475646426729687,1782475646426729687,1782475646426729687,0,1.000000000000,1.000000000000,1.000000000000,1
171,36093,36093,1782475646426804532,1782475646426804532,1782475646426840625,1782475646426840625,1782475646426840625,1,1.000000000000,1.000000000000,1.000000000000,1
172,37214,37214,1782475646426924659,1782475646426924659,1782475646426961873,1782475646426961873,1782475646426961873,3,1.000000000000,1.000000000000,1.000000000000,1
173,39014,39014,1782475646427036267,1782475646427036267,1782475646427075281,1782475646427075281,1782475646427075281,1,1.000000000000,1.000000000000,1.000000000000,1
174,35715,35715,1782475646427154025,1782475646427154025,1782475646427189740,1782475646427189740,1782475646427189740,1,1.000000000000,1.000000000000,1.000000000000,1
175,35455,35455,1782475646427271323,1782475646427271323,1782475646427306778,1782475646427306778,1782475646427306778,0,1.000000000000,1.000000000000,1.000000000000,1
176,39855,39855,1782475646427395671,1782475646427395671,1782475646427435526,1782475646427435526,1782475646427435526,0,1.000000000000,1.000000000000,1.000000000000,1
177,39545,39545,1782475646427508919,1782475646427508919,1782475646427548464,1782475646427548464,1782475646427548464,0,1.000000000000,1.000000000000,1.000000000000,1
178,36075,36075,1782475646427624407,1782475646427624407,1782475646427660482,1782475646427660482,1782475646427660482,2,1.000000000000,1.000000000000,1.000000000000,1
179,36686,36686,1782475646427740075,1782475646427740075,1782475646427776761,1782475646427776761,1782475646427776761,2,1.000000000000,1.000000000000,1.000000000000,1
180,36816,36816,1782475646427858183,1782475646427858183,1782475646427894999,1782475646427894999,1782475646427894999,3,1.000000000000,1.000000000000,1.000000000000,1
181,37206,37206,1782475646427970761,1782475646427970761,1782475646428007967,1782475646428007967,1782475646428007967,1,1.000000000000,1.000000000000,1.000000000000,1
182,36906,36906,1782475646428085389,1782475646428085389,1782475646428122295,1782475646428122295,1782475646428122295,3,1.000000000000,1.000000000000,1.000000000000,1
183,37226,37226,1782475646428202997,1782475646428202997,1782475646428240223,1782475646428240223,1782475646428240223,2,1.000000000000,1.000000000000,1.000000000000,1
184,41257,41257,1782475646428358994,1782475646428358994,1782475646428400251,1782475646428400251,1782475646428400251,2,1.000000000000,1.000000000000,1.000000000000,1
185,71456,71456,1782475646428427693,1782475646428427693,1782475646428499149,1782475646428499149,1782475646428499149,3,1.000000000000,1.000000000000,1.000000000000,1
186,40188,40188,1782475646428556900,1782475646428556900,1782475646428597088,1782475646428597088,1782475646428597088,2,1.000000000000,1.000000000000,1.000000000000,1
187,38958,38958,1782475646428670478,1782475646428670478,1782475646428709436,1782475646428709436,1782475646428709436,1,1.000000000000,1.000000000000,1.000000000000,1
188,38608,38608,1782475646428787246,1782475646428787246,1782475646428825854,1782475646428825854,1782475646428825854,0,1.000000000000,1.000000000000,1.000000000000,1
189,38239,38239,1782475646428900524,1782475646428900524,1782475646428938763,1782475646428938763,1782475646428938763,1,1.000000000000,1.000000000000,1.000000000000,1
190,38139,38139,1782475646429013242,1782475646429013242,1782475646429051381,1782475646429051381,1782475646429051381,0,1.000000000000,1.000000000000,1.000000000000,1
191,36439,36439,1782475646429131140,1782475646429131140,1782475646429167579,1782475646429167579,1782475646429167579,2,1.000000000000,1.000000000000,1.000000000000,1
192,35589,35589,1782475646429249428,1782475646429249428,1782475646429285017,1782475646429285017,1782475646429285017,2,1.000000000000,1.000000000000,1.000000000000,1
193,38831,38831,1782475646429367786,1782475646429367786,1782475646429406617,1782475646429406617,1782475646429406617,3,1.000000000000,1.000000000000,1.000000000000,1
194,35860,35860,1782475646429481815,1782475646429481815,1782475646429517675,1782475646429517675,1782475646429517675,3,1.000000000000,1.000000000000,1.000000000000,1
195,48370,48370,1782475646429595213,1782475646429595213,1782475646429643583,1782475646429643583,1782475646429643583,0,1.000000000000,1.000000000000,1.000000000000,1
196,37950,37950,1782475646429714761,1782475646429714761,1782475646429752711,1782475646429752711,1782475646429752711,2,1.000000000000,1.000000000000,1.000000000000,1
197,36151,36151,1782475646429828248,1782475646429828248,1782475646429864399,1782475646429864399,1782475646429864399,2,1.000000000000,1.000000000000,1.000000000000,1
198,36042,36042,1782475646429941056,1782475646429941056,1782475646429977098,1782475646429977098,1782475646429977098,0,1.000000000000,1.000000000000,1.000000000000,1
199,36582,36582,1782475646430057724,1782475646430057724,1782475646430094306,1782475646430094306,1782475646430094306,3,1.000000000000,1.000000000000,1.000000000000,1
200,37732,37732,1782475646430177562,1782475646430177562,1782475646430215294,1782475646430215294,1782475646430215294,0,1.000000000000,1.000000000000,1.000000000000,1
201,43012,43012,1782475646430292870,1782475646430292870,1782475646430335882,1782475646430335882,1782475646430335882,2,1.000000000000,1.000000000000,1.000000000000,1
202,38482,38482,1782475646430418518,1782475646430418518,1782475646430457000,1782475646430457000,1782475646430457000,1,1.000000000000,1.000000000000,1.000000000000,1
203,37293,37293,1782475646430532066,1782475646430532066,1782475646430569359,1782475646430569359,1782475646430569359,0,1.000000000000,1.000000000000,1.000000000000,1
204,38273,38273,1782475646430645514,1782475646430645514,1782475646430683787,1782475646430683787,1782475646430683787,0,1.000000000000,1.000000000000,1.000000000000,1
205,36953,36953,1782475646430758912,1782475646430758912,1782475646430795865,1782475646430795865,1782475646430795865,2,1.000000000000,1.000000000000,1.000000000000,1
206,36273,36273,1782475646430873400,1782475646430873400,1782475646430909673,1782475646430909673,1782475646430909673,2,1.000000000000,1.000000000000,1.000000000000,1
207,35904,35904,1782475646430989458,1782475646430989458,1782475646431025362,1782475646431025362,1782475646431025362,2,1.000000000000,1.000000000000,1.000000000000,1
208,36664,36664,1782475646431112876,1782475646431112876,1782475646431149540,1782475646431149540,1782475646431149540,0,1.000000000000,1.000000000000,1.000000000000,1
209,35624,35624,1782475646431225834,1782475646431225834,1782475646431261458,1782475646431261458,1782475646431261458,2,1.000000000000,1.000000000000,1.000000000000,1
210,37465,37465,1782475646431346441,1782475646431346441,1782475646431383906,1782475646431383906,1782475646431383906,1,1.000000000000,1.000000000000,1.000000000000,1
211,40375,40375,1782475646431459309,1782475646431459309,1782475646431499684,1782475646431499684,1782475646431499684,3,1.000000000000,1.000000000000,1.000000000000,1
212,39616,39616,1782475646431576277,1782475646431576277,1782475646431615893,1782475646431615893,1782475646431615893,1,1.000000000000,1.000000000000,1.000000000000,1
213,40226,40226,1782475646431688335,1782475646431688335,1782475646431728561,1782475646431728561,1782475646431728561,0,1.000000000000,1.000000000000,1.000000000000,1
214,36346,36346,1782475646431803913,1782475646431803913,1782475646431840259,1782475646431840259,1782475646431840259,2,1.000000000000,1.000000000000,1.000000000000,1
215,37466,37466,1782475646431924391,1782475646431924391,1782475646431961857,1782475646431961857,1782475646431961857,1,1.000000000000,1.000000000000,1.000000000000,1
216,38426,38426,1782475646432037519,1782475646432037519,1782475646432075945,1782475646432075945,1782475646432075945,3,1.000000000000,1.000000000000,1.000000000000,1
217,36567,36567,1782475646432165987,1782475646432165987,1782475646432202554,1782475646432202554,1782475646432202554,2,1.000000000000,1.000000000000,1.000000000000,1
218,36147,36147,1782475646432283535,1782475646432283535,1782475646432319682,1782475646432319682,1782475646432319682,0,1.000000000000,1.000000000000,1.000000000000,1
219,37369,37369,1782475646432404212,1782475646432404212,1782475646432441581,1782475646432441581,1782475646432441581,0,1.000000000000,1.000000000000,1.000000000000,1
220,36488,36488,1782475646432518781,1782475646432518781,1782475646432555269,1782475646432555269,1782475646432555269,3,1.000000000000,1.000000000000,1.000000000000,1
221,39168,39168,1782475646432631999,1782475646432631999,1782475646432671167,1782475646432671167,1782475646432671167,0,1.000000000000,1.000000000000,1.000000000000,1
222,35769,35769,1782475646432747287,1782475646432747287,1782475646432783056,1782475646432783056,1782475646432783056,0,1.000000000000,1.000000000000,1.000000000000,1
223,36409,36409,1782475646432862915,1782475646432862915,1782475646432899324,1782475646432899324,1782475646432899324,2,1.000000000000,1.000000000000,1.000000000000,1
224,35739,35739,1782475646432976083,1782475646432976083,1782475646433011822,1782475646433011822,1782475646433011822,1,1.000000000000,1.000000000000,1.000000000000,1
225,35549,35549,1782475646433096451,1782475646433096451,1782475646433132000,1782475646433132000,1782475646433132000,1,1.000000000000,1.000000000000,1.000000000000,1
226,36229,36229,1782475646433214079,1782475646433214079,1782475646433250308,1782475646433250308,1782475646433250308,1,1.000000000000,1.000000000000,1.000000000000,1
227,44279,44279,1782475646433343577,1782475646433343577,1782475646433387856,1782475646433387856,1782475646433387856,2,1.000000000000,1.000000000000,1.000000000000,1
228,49980,49980,1782475646433450805,1782475646433450805,1782475646433500785,1782475646433500785,1782475646433500785,3,1.000000000000,1.000000000000,1.000000000000,1
229,39200,39200,1782475646433563993,1782475646433563993,1782475646433603193,1782475646433603193,1782475646433603193,0,1.000000000000,1.000000000000,1.000000000000,1
230,35011,35011,1782475646433691250,1782475646433691250,1782475646433726261,1782475646433726261,1782475646433726261,0,1.000000000000,1.000000000000,1.000000000000,1
231,41791,41791,1782475646433814778,1782475646433814778,1782475646433856569,1782475646433856569,1782475646433856569,0,1.000000000000,1.000000000000,1.000000000000,1
232,54211,54211,1782475646433901417,1782475646433901417,1782475646433955628,1782475646433955628,1782475646433955628,0,1.000000000000,1.000000000000,1.000000000000,1
233,35532,35532,1782475646434024094,1782475646434024094,1782475646434059626,1782475646434059626,1782475646434059626,3,1.000000000000,1.000000000000,1.000000000000,1
234,36032,36032,1782475646434148252,1782475646434148252,1782475646434184284,1782475646434184284,1782475646434184284,1,1.000000000000,1.000000000000,1.000000000000,1
235,36312,36312,1782475646434259070,1782475646434259070,1782475646434295382,1782475646434295382,1782475646434295382,0,1.000000000000,1.000000000000,1.000000000000,1
236,38622,38622,1782475646434382368,1782475646434382368,1782475646434420990,1782475646434420990,1782475646434420990,0,1.000000000000,1.000000000000,1.000000000000,1
237,37933,37933,1782475646434494636,1782475646434494636,1782475646434532569,1782475646434532569,1782475646434532569,1,1.000000000000,1.000000000000,1.000000000000,1
238,37343,37343,1782475646434614554,1782475646434614554,1782475646434651897,1782475646434651897,1782475646434651897,2,1.000000000000,1.000000000000,1.000000000000,1
239,38883,38883,1782475646434728322,1782475646434728322,1782475646434767205,1782475646434767205,1782475646434767205,2,1.000000000000,1.000000000000,1.000000000000,1
240,38733,38733,1782475646434842050,1782475646434842050,1782475646434880783,1782475646434880783,1782475646434880783,0,1.000000000000,1.000000000000,1.000000000000,1
241,37794,37794,1782475646434958158,1782475646434958158,1782475646434995952,1782475646434995952,1782475646434995952,3,1.000000000000,1.000000000000,1.000000000000,1
242,36484,36484,1782475646435075306,1782475646435075306,1782475646435111790,1782475646435111790,1782475646435111790,0,1.000000000000,1.000000000000,1.000000000000,1
243,36984,36984,1782475646435192214,1782475646435192214,1782475646435229198,1782475646435229198,1782475646435229198,3,1.000000000000,1.000000000000,1.000000000000,1
244,45396,45396,1782475646435308351,1782475646435308351,1782475646435353747,1782475646435353747,1782475646435353747,2,1.000000000000,1.000000000000,1.000000000000,1
245,38125,38125,1782475646435428760,1782475646435428760,1782475646435466885,1782475646435466885,1782475646435466885,1,1.000000000000,1.000000000000,1.000000000000,1
246,37706,37706,1782475646435546178,1782475646435546178,1782475646435583884,1782475646435583884,1782475646435583884,2,1.000000000000,1.000000000000,1.000000000000,1
247,39066,39066,1782475646435658186,1782475646435658186,1782475646435697252,1782475646435697252,1782475646435697252,0,1.000000000000,1.000000000000,1.000000000000,1
248,35986,35986,1782475646435773134,1782475646435773134,1782475646435809120,1782475646435809120,1782475646435809120,1,1.000000000000,1.000000000000,1.000000000000,1
249,37446,37446,1782475646435887522,1782475646435887522,1782475646435924968,1782475646435924968,1782475646435924968,0,1.000000000000,1.000000000000,1.000000000000,1
250,35807,35807,1782475646436006200,1782475646436006200,1782475646436042007,1782475646436042007,1782475646436042007,1,1.000000000000,1.000000000000,1.000000000000,1
251,38267,38267,1782475646436118998,1782475646436118998,1782475646436157265,1782475646436157265,1782475646436157265,3,1.000000000000,1.000000000000,1.000000000000,1
252,35957,35957,1782475646436240546,1782475646436240546,1782475646436276503,1782475646436276503,1782475646436276503,3,1.000000000000,1.000000000000,1.000000000000,1
253,39907,39907,1782475646436358784,1782475646436358784,1782475646436398691,1782475646436398691,1782475646436398691,3,1.000000000000,1.000000000000,1.000000000000,1
254,36148,36148,1782475646436471932,1782475646436471932,1782475646436508080,1782475646436508080,1782475646436508080,0,1.000000000000,1.000000000000,1.000000000000,1
255,36188,36188,1782475646436589590,1782475646436589590,1782475646436625778,1782475646436625778,1782475646436625778,0,1.000000000000,1.000000000000,1.000000000000,1
256,38008,38008,1782475646436704518,1782475646436704518,1782475646436742526,1782475646436742526,1782475646436742526,1,1.000000000000,1.000000000000,1.000000000000,1
257,40519,40519,1782475646436821825,1782475646436821825,1782475646436862344,1782475646436862344,1782475646436862344,0,1.000000000000,1.000000000000,1.000000000000,1
258,37579,37579,1782475646436936253,1782475646436936253,1782475646436973832,1782475646436973832,1782475646436973832,2,1.000000000000,1.000000000000,1.000000000000,1
259,38410,38410,1782475646437050441,1782475646437050441,1782475646437088851,1782475646437088851,1782475646437088851,2,1.000000000000,1.000000000000,1.000000000000,1
260,36040,36040,1782475646437165229,1782475646437165229,1782475646437201269,1782475646437201269,1782475646437201269,0,1.000000000000,1.000000000000,1.000000000000,1
261,48920,48920,1782475646437287047,1782475646437287047,1782475646437335967,1782475646437335967,1782475646437335967,3,1.000000000000,1.000000000000,1.000000000000,1
262,37650,37650,1782475646437401675,1782475646437401675,1782475646437439325,1782475646437439325,1782475646437439325,3,1.000000000000,1.000000000000,1.000000000000,1
263,36821,36821,1782475646437514623,1782475646437514623,1782475646437551444,1782475646437551444,1782475646437551444,0,1.000000000000,1.000000000000,1.000000000000,1
264,37321,37321,1782475646437633351,1782475646437633351,1782475646437670672,1782475646437670672,1782475646437670672,0,1.000000000000,1.000000000000,1.000000000000,1
265,37101,37101,1782475646437746309,1782475646437746309,1782475646437783410,1782475646437783410,1782475646437783410,1,1.000000000000,1.000000000000,1.000000000000,1
266,35641,35641,1782475646437861397,1782475646437861397,1782475646437897038,1782475646437897038,1782475646437897038,0,1.000000000000,1.000000000000,1.000000000000,1
267,36482,36482,1782475646437974775,1782475646437974775,1782475646438011257,1782475646438011257,1782475646438011257,2,1.000000000000,1.000000000000,1.000000000000,1
268,36492,36492,1782475646438092083,1782475646438092083,1782475646438128575,1782475646438128575,1782475646438128575,3,1.000000000000,1.000000000000,1.000000000000,1
269,36452,36452,1782475646438207361,1782475646438207361,1782475646438243813,1782475646438243813,1782475646438243813,0,1.000000000000,1.000000000000,1.000000000000,1
270,40574,40574,1782475646438336338,1782475646438336338,1782475646438376912,1782475646438376912,1782475646438376912,1,1.000000000000,1.000000000000,1.000000000000,1
271,41803,41803,1782475646438446677,1782475646438446677,1782475646438488480,1782475646438488480,1782475646438488480,1,1.000000000000,1.000000000000,1.000000000000,1
272,35714,35714,1782475646438561925,1782475646438561925,1782475646438597639,1782475646438597639,1782475646438597639,1,1.000000000000,1.000000000000,1.000000000000,1
273,36034,36034,1782475646438673483,1782475646438673483,1782475646438709517,1782475646438709517,1782475646438709517,0,1.000000000000,1.000000000000,1.000000000000,1
274,35244,35244,1782475646438788031,1782475646438788031,1782475646438823275,1782475646438823275,1782475646438823275,2,1.000000000000,1.000000000000,1.000000000000,1
275,37044,37044,1782475646438905569,1782475646438905569,1782475646438942613,1782475646438942613,1782475646438942613,0,1.000000000000,1.000000000000,1.000000000000,1
276,36465,36465,1782475646439020897,1782475646439020897,1782475646439057362,1782475646439057362,1782475646439057362,2,1.000000000000,1.000000000000,1.000000000000,1
277,35465,35465,1782475646439134635,1782475646439134635,1782475646439170100,1782475646439170100,1782475646439170100,0,1.000000000000,1.000000000000,1.000000000000,1
278,35265,35265,1782475646439254533,1782475646439254533,1782475646439289798,1782475646439289798,1782475646439289798,2,1.000000000000,1.000000000000,1.000000000000,1
279,38135,38135,1782475646439378841,1782475646439378841,1782475646439416976,1782475646439416976,1782475646439416976,0,1.000000000000,1.000000000000,1.000000000000,1
280,36525,36525,1782475646439491829,1782475646439491829,1782475646439528354,1782475646439528354,1782475646439528354,2,1.000000000000,1.000000000000,1.000000000000,1
281,36516,36516,1782475646439606917,1782475646439606917,1782475646439643433,1782475646439643433,1782475646439643433,3,1.000000000000,1.000000000000,1.000000000000,1
282,39506,39506,1782475646439724555,1782475646439724555,1782475646439764061,1782475646439764061,1782475646439764061,2,1.000000000000,1.000000000000,1.000000000000,1
283,36606,36606,1782475646439836673,1782475646439836673,1782475646439873279,1782475646439873279,1782475646439873279,2,1.000000000000,1.000000000000,1.000000000000,1
284,36447,36447,1782475646439951320,1782475646439951320,1782475646439987767,1782475646439987767,1782475646439987767,0,1.000000000000,1.000000000000,1.000000000000,1
285,38917,38917,1782475646440065768,1782475646440065768,1782475646440104685,1782475646440104685,1782475646440104685,2,1.000000000000,1.000000000000,1.000000000000,1
286,37108,37108,1782475646440187306,1782475646440187306,1782475646440224414,1782475646440224414,1782475646440224414,1,1.000000000000,1.000000000000,1.000000000000,1
287,48128,48128,1782475646440304404,1782475646440304404,1782475646440352532,1782475646440352532,1782475646440352532,0,1.000000000000,1.000000000000,1.000000000000,1
288,36858,36858,1782475646440420332,1782475646440420332,1782475646440457190,1782475646440457190,1782475646440457190,1,1.000000000000,1.000000000000,1.000000000000,1
289,38068,38068,1782475646440533700,1782475646440533700,1782475646440571768,1782475646440571768,1782475646440571768,2,1.000000000000,1.000000000000,1.000000000000,1
290,37308,37308,1782475646440650528,1782475646440650528,1782475646440687836,1782475646440687836,1782475646440687836,2,1.000000000000,1.000000000000,1.000000000000,1
291,39699,39699,1782475646440762706,1782475646440762706,1782475646440802405,1782475646440802405,1782475646440802405,3,1.000000000000,1.000000000000,1.000000000000,1
292,35759,35759,1782475646440879254,1782475646440879254,1782475646440915013,1782475646440915013,1782475646440915013,3,1.000000000000,1.000000000000,1.000000000000,1
293,36529,36529,1782475646440995402,1782475646440995402,1782475646441031931,1782475646441031931,1782475646441031931,2,1.000000000000,1.000000000000,1.000000000000,1
294,44399,44399,1782475646441111140,1782475646441111140,1782475646441155539,1782475646441155539,1782475646441155539,0,1.000000000000,1.000000000000,1.000000000000,1
295,36000,36000,1782475646441229898,1782475646441229898,1782475646441265898,1782475646441265898,1782475646441265898,1,1.000000000000,1.000000000000,1.000000000000,1
296,40042,40042,1782475646441348675,1782475646441348675,1782475646441388717,1782475646441388717,1782475646441388717,2,1.000000000000,1.000000000000,1.000000000000,1
297,37661,37661,1782475646441466124,1782475646441466124,1782475646441503785,1782475646441503785,1782475646441503785,1,1.000000000000,1.000000000000,1.000000000000,1
298,41161,41161,1782475646441580832,1782475646441580832,1782475646441621993,1782475646441621993,1782475646441621993,2,1.000000000000,1.000000000000,1.000000000000,1
299,38381,38381,1782475646441692130,1782475646441692130,1782475646441730511,1782475646441730511,1782475646441730511,0,1.000000000000,1.000000000000,1.000000000000,1
300,35882,35882,1782475646441806848,1782475646441806848,1782475646441842730,1782475646441842730,1782475646441842730,0,1.000000000000,1.000000000000,1.000000000000,1
301,38652,38652,1782475646441923056,1782475646441923056,1782475646441961708,1782475646441961708,1782475646441961708,1,1.000000000000,1.000000000000,1.000000000000,1
302,36382,36382,1782475646442037934,1782475646442037934,1782475646442074316,1782475646442074316,1782475646442074316,2,1.000000000000,1.000000000000,1.000000000000,1
303,36622,36622,1782475646442155602,1782475646442155602,1782475646442192224,1782475646442192224,1782475646442192224,1,1.000000000000,1.000000000000,1.000000000000,1
304,36193,36193,1782475646442275820,1782475646442275820,1782475646442312013,1782475646442312013,1782475646442312013,0,1.000000000000,1.000000000000,1.000000000000,1
305,47002,47002,1782475646442397428,1782475646442397428,1782475646442444430,1782475646442444430,1782475646442444430,2,1.000000000000,1.000000000000,1.000000000000,1
306,36033,36033,1782475646442508886,1782475646442508886,1782475646442544919,1782475646442544919,1782475646442544919,0,1.000000000000,1.000000000000,1.000000000000,1
307,35953,35953,1782475646442622394,1782475646442622394,1782475646442658347,1782475646442658347,1782475646442658347,2,1.000000000000,1.000000000000,1.000000000000,1
308,36793,36793,1782475646442740722,1782475646442740722,1782475646442777515,1782475646442777515,1782475646442777515,2,1.000000000000,1.000000000000,1.000000000000,1
309,36264,36264,1782475646442852310,1782475646442852310,1782475646442888574,1782475646442888574,1782475646442888574,1,1.000000000000,1.000000000000,1.000000000000,1
310,36405,36405,1782475646442971167,1782475646442971167,1782475646443007572,1782475646443007572,1782475646443007572,0,1.000000000000,1.000000000000,1.000000000000,1
311,37035,37035,1782475646443089395,1782475646443089395,1782475646443126430,1782475646443126430,1782475646443126430,2,1.000000000000,1.000000000000,1.000000000000,1
312,37365,37365,1782475646443207293,1782475646443207293,1782475646443244658,1782475646443244658,1782475646443244658,0,1.000000000000,1.000000000000,1.000000000000,1
313,40565,40565,1782475646443330861,1782475646443330861,1782475646443371426,1782475646443371426,1782475646443371426,3,1.000000000000,1.000000000000,1.000000000000,1
314,37626,37626,1782475646443444509,1782475646443444509,1782475646443482135,1782475646443482135,1782475646443482135,3,1.000000000000,1.000000000000,1.000000000000,1
315,37596,37596,1782475646443566967,1782475646443566967,1782475646443604563,1782475646443604563,1782475646443604563,2,1.000000000000,1.000000000000,1.000000000000,1
316,43666,43666,1782475646443673005,1782475646443673005,1782475646443716671,1782475646443716671,1782475646443716671,3,1.000000000000,1.000000000000,1.000000000000,1
317,36876,36876,1782475646443785463,1782475646443785463,1782475646443822339,1782475646443822339,1782475646443822339,3,1.000000000000,1.000000000000,1.000000000000,1
318,36147,36147,1782475646443899851,1782475646443899851,1782475646443935998,1782475646443935998,1782475646443935998,0,1.000000000000,1.000000000000,1.000000000000,1
319,36107,36107,1782475646444018089,1782475646444018089,1782475646444054196,1782475646444054196,1782475646444054196,3,1.000000000000,1.000000000000,1.000000000000,1
320,35827,35827,1782475646444132347,1782475646444132347,1782475646444168174,1782475646444168174,1782475646444168174,3,1.000000000000,1.000000000000,1.000000000000,1
321,36087,36087,1782475646444248905,1782475646444248905,1782475646444284992,1782475646444284992,1782475646444284992,0,1.000000000000,1.000000000000,1.000000000000,1
322,37239,37239,1782475646444372212,1782475646444372212,1782475646444409451,1782475646444409451,1782475646444409451,2,1.000000000000,1.000000000000,1.000000000000,1
323,36079,36079,1782475646444483151,1782475646444483151,1782475646444519230,1782475646444519230,1782475646444519230,2,1.000000000000,1.000000000000,1.000000000000,1
324,35079,35079,1782475646444597679,1782475646444597679,1782475646444632758,1782475646444632758,1782475646444632758,3,1.000000000000,1.000000000000,1.000000000000,1
325,36819,36819,1782475646444711197,1782475646444711197,1782475646444748016,1782475646444748016,1782475646444748016,2,1.000000000000,1.000000000000,1.000000000000,1
326,40459,40459,1782475646444829295,1782475646444829295,1782475646444869754,1782475646444869754,1782475646444869754,1,1.000000000000,1.000000000000,1.000000000000,1
327,48180,48180,1782475646444941533,1782475646444941533,1782475646444989713,1782475646444989713,1782475646444989713,3,1.000000000000,1.000000000000,1.000000000000,1
328,36890,36890,1782475646445059851,1782475646445059851,1782475646445096741,1782475646445096741,1782475646445096741,1,1.000000000000,1.000000000000,1.000000000000,1
329,36410,36410,1782475646445177849,1782475646445177849,1782475646445214259,1782475646445214259,1782475646445214259,3,1.000000000000,1.000000000000,1.000000000000,1
330,41040,41040,1782475646445298917,1782475646445298917,1782475646445339957,1782475646445339957,1782475646445339957,2,1.000000000000,1.000000000000,1.000000000000,1
331,40531,40531,1782475646445413275,1782475646445413275,1782475646445453806,1782475646445453806,1782475646445453806,3,1.000000000000,1.000000000000,1.000000000000,1
332,37371,37371,1782475646445524773,1782475646445524773,1782475646445562144,1782475646445562144,1782475646445562144,3,1.000000000000,1.000000000000,1.000000000000,1
333,37491,37491,1782475646445641391,1782475646445641391,1782475646445678882,1782475646445678882,1782475646445678882,1,1.000000000000,1.000000000000,1.000000000000,1
334,35581,35581,1782475646445755859,1782475646445755859,1782475646445791440,1782475646445791440,1782475646445791440,1,1.000000000000,1.000000000000,1.000000000000,1
335,36422,36422,1782475646445868597,1782475646445868597,1782475646445905019,1782475646445905019,1782475646445905019,1,1.000000000000,1.000000000000,1.000000000000,1
336,38102,38102,1782475646445985585,1782475646445985585,1782475646446023687,1782475646446023687,1782475646446023687,3,1.000000000000,1.000000000000,1.000000000000,1
337,36353,36353,1782475646446102572,1782475646446102572,1782475646446138925,1782475646446138925,1782475646446138925,3,1.000000000000,1.000000000000,1.000000000000,1
338,35173,35173,1782475646446217310,1782475646446217310,1782475646446252483,1782475646446252483,1782475646446252483,1,1.000000000000,1.000000000000,1.000000000000,1
339,36963,36963,1782475646446340568,1782475646446340568,1782475646446377531,1782475646446377531,1782475646446377531,3,1.000000000000,1.000000000000,1.000000000000,1
340,35624,35624,1782475646446451946,1782475646446451946,1782475646446487570,1782475646446487570,1782475646446487570,1,1.000000000000,1.000000000000,1.000000000000,1
341,37924,37924,1782475646446565984,1782475646446565984,1782475646446603908,1782475646446603908,1782475646446603908,0,1.000000000000,1.000000000000,1.000000000000,1
342,34844,34844,1782475646446679912,1782475646446679912,1782475646446714756,1782475646446714756,1782475646446714756,3,1.000000000000,1.000000000000,1.000000000000,1
343,35214,35214,1782475646446800280,1782475646446800280,1782475646446835494,1782475646446835494,1782475646446835494,1,1.000000000000,1.000000000000,1.000000000000,1
344,39425,39425,1782475646446911608,1782475646446911608,1782475646446951033,1782475646446951033,1782475646446951033,3,1.000000000000,1.000000000000,1.000000000000,1
345,35975,35975,1782475646447025926,1782475646447025926,1782475646447061901,1782475646447061901,1782475646447061901,3,1.000000000000,1.000000000000,1.000000000000,1
346,35395,35395,1782475646447141904,1782475646447141904,1782475646447177299,1782475646447177299,1782475646447177299,2,1.000000000000,1.000000000000,1.000000000000,1
347,35785,35785,1782475646447259042,1782475646447259042,1782475646447294827,1782475646447294827,1782475646447294827,3,1.000000000000,1.000000000000,1.000000000000,1
348,37576,37576,1782475646447387180,1782475646447387180,1782475646447424756,1782475646447424756,1782475646447424756,2,1.000000000000,1.000000000000,1.000000000000,1
349,36386,36386,1782475646447494559,1782475646447494559,1782475646447530945,1782475646447530945,1782475646447530945,3,1.000000000000,1.000000000000,1.000000000000,1
350,34826,34826,1782475646447610397,1782475646447610397,1782475646447645223,1782475646447645223,1782475646447645223,0,1.000000000000,1.000000000000,1.000000000000,1
351,36157,36157,1782475646447724784,1782475646447724784,1782475646447760941,1782475646447760941,1782475646447760941,3,1.000000000000,1.000000000000,1.000000000000,1
352,38667,38667,1782475646447840362,1782475646447840362,1782475646447879029,1782475646447879029,1782475646447879029,3,1.000000000000,1.000000000000,1.000000000000,1
353,37178,37178,1782475646447953510,1782475646447953510,1782475646447990688,1782475646447990688,1782475646447990688,1,1.000000000000,1.000000000000,1.000000000000,1
354,36528,36528,1782475646448073538,1782475646448073538,1782475646448110066,1782475646448110066,1782475646448110066,3,1.000000000000,1.000000000000,1.000000000000,1
355,36328,36328,1782475646448189106,1782475646448189106,1782475646448225434,1782475646448225434,1782475646448225434,0,1.000000000000,1.000000000000,1.000000000000,1
356,47188,47188,1782475646448305564,1782475646448305564,1782475646448352752,1782475646448352752,1782475646448352752,3,1.000000000000,1.000000000000,1.000000000000,1
357,38468,38468,1782475646448424632,1782475646448424632,1782475646448463100,1782475646448463100,1782475646448463100,2,1.000000000000,1.000000000000,1.000000000000,1
358,38369,38369,1782475646448538460,1782475646448538460,1782475646448576829,1782475646448576829,1782475646448576829,3,1.000000000000,1.000000000000,1.000000000000,1
359,37509,37509,1782475646448651948,1782475646448651948,1782475646448689457,1782475646448689457,1782475646448689457,2,1.000000000000,1.000000000000,1.000000000000,1
360,54279,54279,1782475646448766176,1782475646448766176,1782475646448820455,1782475646448820455,1782475646448820455,0,1.000000000000,1.000000000000,1.000000000000,1
361,35779,35779,1782475646448882264,1782475646448882264,1782475646448918043,1782475646448918043,1782475646448918043,3,1.000000000000,1.000000000000,1.000000000000,1
362,37269,37269,1782475646449004202,1782475646449004202,1782475646449041471,1782475646449041471,1782475646449041471,1,1.000000000000,1.000000000000,1.000000000000,1
363,35440,35440,1782475646449119260,1782475646449119260,1782475646449154700,1782475646449154700,1782475646449154700,2,1.000000000000,1.000000000000,1.000000000000,1
364,35681,35681,1782475646449235017,1782475646449235017,1782475646449270698,1782475646449270698,1782475646449270698,1,1.000000000000,1.000000000000,1.000000000000,1
365,38091,38091,1782475646449352515,1782475646449352515,1782475646449390606,1782475646449390606,1782475646449390606,1,1.000000000000,1.000000000000,1.000000000000,1
366,36841,36841,1782475646449469423,1782475646449469423,1782475646449506264,1782475646449506264,1782475646449506264,1,1.000000000000,1.000000000000,1.000000000000,1
367,39702,39702,1782475646449580221,1782475646449580221,1782475646449619923,1782475646449619923,1782475646449619923,3,1.000000000000,1.000000000000,1.000000000000,1
368,36962,36962,1782475646449695689,1782475646449695689,1782475646449732651,1782475646449732651,1782475646449732651,2,1.000000000000,1.000000000000,1.000000000000,1
369,39982,39982,1782475646449811367,1782475646449811367,1782475646449851349,1782475646449851349,1782475646449851349,1,1.000000000000,1.000000000000,1.000000000000,1
370,38402,38402,1782475646449932125,1782475646449932125,1782475646449970527,1782475646449970527,1782475646449970527,0,1.000000000000,1.000000000000,1.000000000000,1
371,36732,36732,1782475646450053233,1782475646450053233,1782475646450089965,1782475646450089965,1782475646450089965,2,1.000000000000,1.000000000000,1.000000000000,1
372,35253,35253,1782475646450162261,1782475646450162261,1782475646450197514,1782475646450197514,1782475646450197514,0,1.000000000000,1.000000000000,1.000000000000,1
373,36133,36133,1782475646450281689,1782475646450281689,1782475646450317822,1782475646450317822,1782475646450317822,0,1.000000000000,1.000000000000,1.000000000000,1
374,37854,37854,1782475646450401377,1782475646450401377,1782475646450439231,1782475646450439231,1782475646450439231,3,1.000000000000,1.000000000000,1.000000000000,1
375,36893,36893,1782475646450512556,1782475646450512556,1782475646450549449,1782475646450549449,1782475646450549449,3,1.000000000000,1.000000000000,1.000000000000,1
376,39064,39064,1782475646450627574,1782475646450627574,1782475646450666638,1782475646450666638,1782475646450666638,2,1.000000000000,1.000000000000,1.000000000000,1
377,36164,36164,1782475646450744062,1782475646450744062,1782475646450780226,1782475646450780226,1782475646450780226,0,1.000000000000,1.000000000000,1.000000000000,1
378,35625,35625,1782475646450863959,1782475646450863959,1782475646450899584,1782475646450899584,1782475646450899584,0,1.000000000000,1.000000000000,1.000000000000,1
379,35515,35515,1782475646450977177,1782475646450977177,1782475646451012692,1782475646451012692,1782475646451012692,3,1.000000000000,1.000000000000,1.000000000000,1
380,36555,36555,1782475646451095505,1782475646451095505,1782475646451132060,1782475646451132060,1782475646451132060,1,1.000000000000,1.000000000000,1.000000000000,1
381,36846,36846,1782475646451211853,1782475646451211853,1782475646451248699,1782475646451248699,1782475646451248699,2,1.000000000000,1.000000000000,1.000000000000,1
382,38016,38016,1782475646451336631,1782475646451336631,1782475646451374647,1782475646451374647,1782475646451374647,1,1.000000000000,1.000000000000,1.000000000000,1
383,36616,36616,1782475646451443589,1782475646451443589,1782475646451480205,1782475646451480205,1782475646451480205,1,1.000000000000,1.000000000000,1.000000000000,1
384,36166,36166,1782475646451560227,1782475646451560227,1782475646451596393,1782475646451596393,1782475646451596393,0,1.000000000000,1.000000000000,1.000000000000,1
385,36997,36997,1782475646451672725,1782475646451672725,1782475646451709722,1782475646451709722,1782475646451709722,0,1.000000000000,1.000000000000,1.000000000000,1
386,35977,35977,1782475646451786913,1782475646451786913,1782475646451822890,1782475646451822890,1782475646451822890,0,1.000000000000,1.000000000000,1.000000000000,1
387,36257,36257,1782475646451905511,1782475646451905511,1782475646451941768,1782475646451941768,1782475646451941768,3,1.000000000000,1.000000000000,1.000000000000,1
388,35987,35987,1782475646452023459,1782475646452023459,1782475646452059446,1782475646452059446,1782475646452059446,0,1.000000000000,1.000000000000,1.000000000000,1
389,36258,36258,1782475646452139207,1782475646452139207,1782475646452175465,1782475646452175465,1782475646452175465,0,1.000000000000,1.000000000000,1.000000000000,1
390,36028,36028,1782475646452254775,1782475646452254775,1782475646452290803,1782475646452290803,1782475646452290803,2,1.000000000000,1.000000000000,1.000000000000,1
391,39438,39438,1782475646452372733,1782475646452372733,1782475646452412171,1782475646452412171,1782475646452412171,2,1.000000000000,1.000000000000,1.000000000000,1
392,39078,39078,1782475646452490691,1782475646452490691,1782475646452529769,1782475646452529769,1782475646452529769,3,1.000000000000,1.000000000000,1.000000000000,1
393,44278,44278,1782475646452606519,1782475646452606519,1782475646452650797,1782475646452650797,1782475646452650797,1,1.000000000000,1.000000000000,1.000000000000,1
394,36490,36490,1782475646452725256,1782475646452725256,1782475646452761746,1782475646452761746,1782475646452761746,3,1.000000000000,1.000000000000,1.000000000000,1
395,39510,39510,1782475646452839624,1782475646452839624,1782475646452879134,1782475646452879134,1782475646452879134,1,1.000000000000,1.000000000000,1.000000000000,1
396,39580,39580,1782475646452952132,1782475646452952132,1782475646452991712,1782475646452991712,1782475646452991712,1,1.000000000000,1.000000000000,1.000000000000,1
397,41060,41060,1782475646453066290,1782475646453066290,1782475646453107350,1782475646453107350,1782475646453107350,3,1.000000000000,1.000000000000,1.000000000000,1
398,36411,36411,1782475646453182608,1782475646453182608,1782475646453219019,1782475646453219019,1782475646453219019,3,1.000000000000,1.000000000000,1.000000000000,1
399,46062,46062,1782475646453307986,1782475646453307986,1782475646453354048,1782475646453354048,1782475646453354048,0,1.000000000000,1.000000000000,1.000000000000,1
400,38322,38322,1782475646453419874,1782475646453419874,1782475646453458196,1782475646453458196,1782475646453458196,0,1.000000000000,1.000000000000,1.000000000000,1
401,36661,36661,1782475646453532823,1782475646453532823,1782475646453569484,1782475646453569484,1782475646453569484,3,1.000000000000,1.000000000000,1.000000000000,1
402,37741,37741,1782475646453654741,1782475646453654741,1782475646453692482,1782475646453692482,1782475646453692482,1,1.000000000000,1.000000000000,1.000000000000,1
403,37282,37282,1782475646453769609,1782475646453769609,1782475646453806891,1782475646453806891,1782475646453806891,2,1.000000000000,1.000000000000,1.000000000000,1
404,36402,36402,1782475646453883037,1782475646453883037,1782475646453919439,1782475646453919439,1782475646453919439,1,1.000000000000,1.000000000000,1.000000000000,1
405,35522,35522,1782475646453999715,1782475646453999715,1782475646454035237,1782475646454035237,1782475646454035237,3,1.000000000000,1.000000000000,1.000000000000,1
406,35832,35832,1782475646454115193,1782475646454115193,1782475646454151025,1782475646454151025,1782475646454151025,2,1.000000000000,1.000000000000,1.000000000000,1
407,36913,36913,1782475646454229021,1782475646454229021,1782475646454265934,1782475646454265934,1782475646454265934,3,1.000000000000,1.000000000000,1.000000000000,1
408,36854,36854,1782475646454349658,1782475646454349658,1782475646454386512,1782475646454386512,1782475646454386512,1,1.000000000000,1.000000000000,1.000000000000,1
409,37344,37344,1782475646454465796,1782475646454465796,1782475646454503140,1782475646454503140,1782475646454503140,2,1.000000000000,1.000000000000,1.000000000000,1
410,39764,39764,1782475646454582124,1782475646454582124,1782475646454621888,1782475646454621888,1782475646454621888,0,1.000000000000,1.000000000000,1.000000000000,1
411,37344,37344,1782475646454698092,1782475646454698092,1782475646454735436,1782475646454735436,1782475646454735436,0,1.000000000000,1.000000000000,1.000000000000,1
412,36615,36615,1782475646454814880,1782475646454814880,1782475646454851495,1782475646454851495,1782475646454851495,3,1.000000000000,1.000000000000,1.000000000000,1
413,37585,37585,1782475646454932718,1782475646454932718,1782475646454970303,1782475646454970303,1782475646454970303,2,1.000000000000,1.000000000000,1.000000000000,1
414,35345,35345,1782475646455046276,1782475646455046276,1782475646455081621,1782475646455081621,1782475646455081621,2,1.000000000000,1.000000000000,1.000000000000,1
415,35685,35685,1782475646455158144,1782475646455158144,1782475646455193829,1782475646455193829,1782475646455193829,0,1.000000000000,1.000000000000,1.000000000000,1
416,38966,38966,1782475646455274562,1782475646455274562,1782475646455313528,1782475646455313528,1782475646455313528,3,1.000000000000,1.000000000000,1.000000000000,1
417,37446,37446,1782475646455399100,1782475646455399100,1782475646455436546,1782475646455436546,1782475646455436546,0,1.000000000000,1.000000000000,1.000000000000,1
418,36036,36036,1782475646455512018,1782475646455512018,1782475646455548054,1782475646455548054,1782475646455548054,1,1.000000000000,1.000000000000,1.000000000000,1
419,36276,36276,1782475646455626026,1782475646455626026,1782475646455662302,1782475646455662302,1782475646455662302,1,1.000000000000,1.000000000000,1.000000000000,1
420,36137,36137,1782475646455747993,1782475646455747993,1782475646455784130,1782475646455784130,1782475646455784130,3,1.000000000000,1.000000000000,1.000000000000,1
421,40397,40397,1782475646455863081,1782475646455863081,1782475646455903478,1782475646455903478,1782475646455903478,2,1.000000000000,1.000000000000,1.000000000000,1
422,35728,35728,1782475646455979289,1782475646455979289,1782475646456015017,1782475646456015017,1782475646456015017,3,1.000000000000,1.000000000000,1.000000000000,1
423,36278,36278,1782475646456096327,1782475646456096327,1782475646456132605,1782475646456132605,1782475646456132605,0,1.000000000000,1.000000000000,1.000000000000,1
424,36848,36848,1782475646456211095,1782475646456211095,1782475646456247943,1782475646456247943,1782475646456247943,1,1.000000000000,1.000000000000,1.000000000000,1
425,41999,41999,1782475646456332333,1782475646456332333,1782475646456374332,1782475646456374332,1782475646456374332,2,1.000000000000,1.000000000000,1.000000000000,1
426,49018,49018,1782475646456447852,1782475646456447852,1782475646456496870,1782475646456496870,1782475646456496870,0,1.000000000000,1.000000000000,1.000000000000,1
427,36459,36459,1782475646456561700,1782475646456561700,1782475646456598159,1782475646456598159,1782475646456598159,3,1.000000000000,1.000000000000,1.000000000000,1
428,37479,37479,1782475646456675838,1782475646456675838,1782475646456713317,1782475646456713317,1782475646456713317,1,1.000000000000,1.000000000000,1.000000000000,1
429,35729,35729,1782475646456787556,1782475646456787556,1782475646456823285,1782475646456823285,1782475646456823285,1,1.000000000000,1.000000000000,1.000000000000,1
430,36350,36350,1782475646456901764,1782475646456901764,1782475646456938114,1782475646456938114,1782475646456938114,2,1.000000000000,1.000000000000,1.000000000000,1
431,35890,35890,1782475646457017722,1782475646457017722,1782475646457053612,1782475646457053612,1782475646457053612,2,1.000000000000,1.000000000000,1.000000000000,1
432,34630,34630,1782475646457133490,1782475646457133490,1782475646457168120,1782475646457168120,1782475646457168120,1,1.000000000000,1.000000000000,1.000000000000,1
433,35730,35730,1782475646457248938,1782475646457248938,1782475646457284668,1782475646457284668,1782475646457284668,3,1.000000000000,1.000000000000,1.000000000000,1
434,36741,36741,1782475646457369195,1782475646457369195,1782475646457405936,1782475646457405936,1782475646457405936,0,1.000000000000,1.000000000000,1.000000000000,1
435,36792,36792,1782475646457485313,1782475646457485313,1782475646457522105,1782475646457522105,1782475646457522105,1,1.000000000000,1.000000000000,1.000000000000,1
436,35692,35692,1782475646457597281,1782475646457597281,1782475646457632973,1782475646457632973,1782475646457632973,0,1.000000000000,1.000000000000,1.000000000000,1
437,36242,36242,1782475646457715089,1782475646457715089,1782475646457751331,1782475646457751331,1782475646457751331,2,1.000000000000,1.000000000000,1.000000000000,1
438,36032,36032,1782475646457829187,1782475646457829187,1782475646457865219,1782475646457865219,1782475646457865219,1,1.000000000000,1.000000000000,1.000000000000,1
439,37482,37482,1782475646457945675,1782475646457945675,1782475646457983157,1782475646457983157,1782475646457983157,0,1.000000000000,1.000000000000,1.000000000000,1
440,36453,36453,1782475646458059753,1782475646458059753,1782475646458096206,1782475646458096206,1782475646458096206,0,1.000000000000,1.000000000000,1.000000000000,1
441,39423,39423,1782475646458178041,1782475646458178041,1782475646458217464,1782475646458217464,1782475646458217464,3,1.000000000000,1.000000000000,1.000000000000,1
442,38943,38943,1782475646458298089,1782475646458298089,1782475646458337032,1782475646458337032,1782475646458337032,0,1.000000000000,1.000000000000,1.000000000000,1
443,37963,37963,1782475646458413477,1782475646458413477,1782475646458451440,1782475646458451440,1782475646458451440,3,1.000000000000,1.000000000000,1.000000000000,1
444,36494,36494,1782475646458524715,1782475646458524715,1782475646458561209,1782475646458561209,1782475646458561209,2,1.000000000000,1.000000000000,1.000000000000,1
445,36364,36364,1782475646458639873,1782475646458639873,1782475646458676237,1782475646458676237,1782475646458676237,2,1.000000000000,1.000000000000,1.000000000000,1
446,35754,35754,1782475646458763361,1782475646458763361,1782475646458799115,1782475646458799115,1782475646458799115,0,1.000000000000,1.000000000000,1.000000000000,1
447,35614,35614,1782475646458876289,1782475646458876289,1782475646458911903,1782475646458911903,1782475646458911903,2,1.000000000000,1.000000000000,1.000000000000,1
448,36185,36185,1782475646458990596,1782475646458990596,1782475646459026781,1782475646459026781,1782475646459026781,2,1.000000000000,1.000000000000,1.000000000000,1
449,34876,34876,1782475646459107174,1782475646459107174,1782475646459142050,1782475646459142050,1782475646459142050,0,1.000000000000,1.000000000000,1.000000000000,1
450,35436,35436,1782475646459226952,1782475646459226952,1782475646459262388,1782475646459262388,1782475646459262388,1,1.000000000000,1.000000000000,1.000000000000,1
451,38097,38097,1782475646459343740,1782475646459343740,1782475646459381837,1782475646459381837,1782475646459381837,1,1.000000000000,1.000000000000,1.000000000000,1
452,36716,36716,1782475646459460139,1782475646459460139,1782475646459496855,1782475646459496855,1782475646459496855,0,1.000000000000,1.000000000000,1.000000000000,1
453,43246,43246,1782475646459581727,1782475646459581727,1782475646459624973,1782475646459624973,1782475646459624973,0,1.000000000000,1.000000000000,1.000000000000,1
454,37147,37147,1782475646459697735,1782475646459697735,1782475646459734882,1782475646459734882,1782475646459734882,1,1.000000000000,1.000000000000,1.000000000000,1
455,35587,35587,1782475646459818873,1782475646459818873,1782475646459854460,1782475646459854460,1782475646459854460,1,1.000000000000,1.000000000000,1.000000000000,1
456,37347,37347,1782475646459929531,1782475646459929531,1782475646459966878,1782475646459966878,1782475646459966878,2,1.000000000000,1.000000000000,1.000000000000,1
457,38477,38477,1782475646460047509,1782475646460047509,1782475646460085986,1782475646460085986,1782475646460085986,1,1.000000000000,1.000000000000,1.000000000000,1
458,36348,36348,1782475646460175546,1782475646460175546,1782475646460211894,1782475646460211894,1782475646460211894,3,1.000000000000,1.000000000000,1.000000000000,1
459,44358,44358,1782475646460289604,1782475646460289604,1782475646460333962,1782475646460333962,1782475646460333962,1,1.000000000000,1.000000000000,1.000000000000,1
460,36899,36899,1782475646460406012,1782475646460406012,1782475646460442911,1782475646460442911,1782475646460442911,0,1.000000000000,1.000000000000,1.000000000000,1
461,40679,40679,1782475646460520800,1782475646460520800,1782475646460561479,1782475646460561479,1782475646460561479,3,1.000000000000,1.000000000000,1.000000000000,1
462,35379,35379,1782475646460635428,1782475646460635428,1782475646460670807,1782475646460670807,1782475646460670807,3,1.000000000000,1.000000000000,1.000000000000,1
463,36039,36039,1782475646460750636,1782475646460750636,1782475646460786675,1782475646460786675,1782475646460786675,2,1.000000000000,1.000000000000,1.000000000000,1
464,36040,36040,1782475646460868114,1782475646460868114,1782475646460904154,1782475646460904154,1782475646460904154,0,1.000000000000,1.000000000000,1.000000000000,1
465,35330,35330,1782475646460982572,1782475646460982572,1782475646461017902,1782475646461017902,1782475646461017902,2,1.000000000000,1.000000000000,1.000000000000,1
466,39630,39630,1782475646461097450,1782475646461097450,1782475646461137080,1782475646461137080,1782475646461137080,3,1.000000000000,1.000000000000,1.000000000000,1
467,40970,40970,1782475646461214488,1782475646461214488,1782475646461255458,1782475646461255458,1782475646461255458,2,1.000000000000,1.000000000000,1.000000000000,1
468,38140,38140,1782475646461335306,1782475646461335306,1782475646461373446,1782475646461373446,1782475646461373446,2,1.000000000000,1.000000000000,1.000000000000,1
469,35841,35841,1782475646461450094,1782475646461450094,1782475646461485935,1782475646461485935,1782475646461485935,0,1.000000000000,1.000000000000,1.000000000000,1
470,35472,35472,1782475646461563701,1782475646461563701,1782475646461599173,1782475646461599173,1782475646461599173,3,1.000000000000,1.000000000000,1.000000000000,1
471,39162,39162,1782475646461690529,1782475646461690529,1782475646461729691,1782475646461729691,1782475646461729691,2,1.000000000000,1.000000000000,1.000000000000,1
472,36082,36082,1782475646461795527,1782475646461795527,1782475646461831609,1782475646461831609,1782475646461831609,2,1.000000000000,1.000000000000,1.000000000000,1
473,35083,35083,1782475646461908495,1782475646461908495,1782475646461943578,1782475646461943578,1782475646461943578,2,1.000000000000,1.000000000000,1.000000000000,1
474,34953,34953,1782475646462025173,1782475646462025173,1782475646462060126,1782475646462060126,1782475646462060126,0,1.000000000000,1.000000000000,1.000000000000,1
475,37443,37443,1782475646462144021,1782475646462144021,1782475646462181464,1782475646462181464,1782475646462181464,2,1.000000000000,1.000000000000,1.000000000000,1
476,35893,35893,1782475646462257899,1782475646462257899,1782475646462293792,1782475646462293792,1782475646462293792,0,1.000000000000,1.000000000000,1.000000000000,1
477,37124,37124,1782475646462378637,1782475646462378637,1782475646462415761,1782475646462415761,1782475646462415761,0,1.000000000000,1.000000000000,1.000000000000,1
478,37584,37584,1782475646462491726,1782475646462491726,1782475646462529310,1782475646462529310,1782475646462529310,2,1.000000000000,1.000000000000,1.000000000000,1
479,35914,35914,1782475646462609734,1782475646462609734,1782475646462645648,1782475646462645648,1782475646462645648,1,1.000000000000,1.000000000000,1.000000000000,1
480,36334,36334,1782475646462724652,1782475646462724652,1782475646462760986,1782475646462760986,1782475646462760986,1,1.000000000000,1.000000000000,1.000000000000,1
481,43944,43944,1782475646462839640,1782475646462839640,1782475646462883584,1782475646462883584,1782475646462883584,3,1.000000000000,1.000000000000,1.000000000000,1
482,39854,39854,1782475646462957378,1782475646462957378,1782475646462997232,1782475646462997232,1782475646462997232,0,1.000000000000,1.000000000000,1.000000000000,1
483,36936,36936,1782475646463072955,1782475646463072955,1782475646463109891,1782475646463109891,1782475646463109891,1,1.000000000000,1.000000000000,1.000000000000,1
484,36706,36706,1782475646463184763,1782475646463184763,1782475646463221469,1782475646463221469,1782475646463221469,1,1.000000000000,1.000000000000,1.000000000000,1
485,41726,41726,1782475646463302711,1782475646463302711,1782475646463344437,1782475646463344437,1782475646463344437,0,1.000000000000,1.000000000000,1.000000000000,1
486,37566,37566,1782475646463426259,1782475646463426259,1782475646463463825,1782475646463463825,1782475646463463825,3,1.000000000000,1.000000000000,1.000000000000,1
487,35637,35637,1782475646463545737,1782475646463545737,1782475646463581374,1782475646463581374,1782475646463581374,0,1.000000000000,1.000000000000,1.000000000000,1
488,36647,36647,1782475646463652795,1782475646463652795,1782475646463689442,1782475646463689442,1782475646463689442,0,1.000000000000,1.000000000000,1.000000000000,1
489,35817,35817,1782475646463769903,1782475646463769903,1782475646463805720,1782475646463805720,1782475646463805720,1,1.000000000000,1.000000000000,1.000000000000,1
490,35457,35457,1782475646463885721,1782475646463885721,1782475646463921178,1782475646463921178,1782475646463921178,0,1.000000000000,1.000000000000,1.000000000000,1
491,34948,34948,1782475646463999279,1782475646463999279,1782475646464034227,1782475646464034227,1782475646464034227,1,1.000000000000,1.000000000000,1.000000000000,1
492,47188,47188,1782475646464115597,1782475646464115597,1782475646464162785,1782475646464162785,1782475646464162785,0,1.000000000000,1.000000000000,1.000000000000,1
493,38248,38248,1782475646464235125,1782475646464235125,1782475646464273373,1782475646464273373,1782475646464273373,1,1.000000000000,1.000000000000,1.000000000000,1
494,37628,37628,1782475646464356613,1782475646464356613,1782475646464394241,1782475646464394241,1782475646464394241,3,1.000000000000,1.000000000000,1.000000000000,1
495,36838,36838,1782475646464470681,1782475646464470681,1782475646464507519,1782475646464507519,1782475646464507519,2,1.000000000000,1.000000000000,1.000000000000,1
496,37440,37440,1782475646464590138,1782475646464590138,1782475646464627578,1782475646464627578,1782475646464627578,2,1.000000000000,1.000000000000,1.000000000000,1
497,38060,38060,1782475646464708686,1782475646464708686,1782475646464746746,1782475646464746746,1782475646464746746,1,1.000000000000,1.000000000000,1.000000000000,1
498,36340,36340,1782475646464820464,1782475646464820464,1782475646464856804,1782475646464856804,1782475646464856804,0,1.000000000000,1.000000000000,1.000000000000,1
499,37480,37480,1782475646464935612,1782475646464935612,1782475646464973092,1782475646464973092,1782475646464973092,2,1.000000000000,1.000000000000,1.000000000000,1
500,36860,36860,1782475646465053510,1782475646465053510,1782475646465090370,1782475646465090370,1782475646465090370,1,1.000000000000,1.000000000000,1.000000000000,1
501,38961,38961,1782475646465167048,1782475646465167048,1782475646465206009,1782475646465206009,1782475646465206009,2,1.000000000000,1.000000000000,1.000000000000,1
502,36721,36721,1782475646465283626,1782475646465283626,1782475646465320347,1782475646465320347,1782475646465320347,1,1.000000000000,1.000000000000,1.000000000000,1
503,36962,36962,1782475646465402064,1782475646465402064,1782475646465439026,1782475646465439026,1782475646465439026,0,1.000000000000,1.000000000000,1.000000000000,1
504,40411,40411,1782475646465519793,1782475646465519793,1782475646465560204,1782475646465560204,1782475646465560204,2,1.000000000000,1.000000000000,1.000000000000,1
505,35182,35182,1782475646465632601,1782475646465632601,1782475646465667783,1782475646465667783,1782475646465667783,2,1.000000000000,1.000000000000,1.000000000000,1
506,37692,37692,1782475646465748809,1782475646465748809,1782475646465786501,1782475646465786501,1782475646465786501,1,1.000000000000,1.000000000000,1.000000000000,1
507,36182,36182,1782475646465861817,1782475646465861817,1782475646465897999,1782475646465897999,1782475646465897999,0,1.000000000000,1.000000000000,1.000000000000,1
508,36142,36142,1782475646465978265,1782475646465978265,1782475646466014407,1782475646466014407,1782475646466014407,1,1.000000000000,1.000000000000,1.000000000000,1
509,40514,40514,1782475646466093152,1782475646466093152,1782475646466133666,1782475646466133666,1782475646466133666,1,1.000000000000,1.000000000000,1.000000000000,1
510,35734,35734,1782475646466210340,1782475646466210340,1782475646466246074,1782475646466246074,1782475646466246074,1,1.000000000000,1.000000000000,1.000000000000,1
511,40594,40594,1782475646466341938,1782475646466341938,1782475646466382532,1782475646466382532,1782475646466382532,2,1.000000000000,1.000000000000,1.000000000000,1
512,36904,36904,1782475646466447596,1782475646466447596,1782475646466484500,1782475646466484500,1782475646466484500,1,1.000000000000,1.000000000000,1.000000000000,1
513,35294,35294,1782475646466561394,1782475646466561394,1782475646466596688,1782475646466596688,1782475646466596688,0,1.000000000000,1.000000000000,1.000000000000,1
514,35485,35485,1782475646466676352,1782475646466676352,1782475646466711837,1782475646466711837,1782475646466711837,2,1.000000000000,1.000000000000,1.000000000000,1
515,35835,35835,1782475646466791460,1782475646466791460,1782475646466827295,1782475646466827295,1782475646466827295,2,1.000000000000,1.000000000000,1.000000000000,1
516,34865,34865,1782475646466905218,1782475646466905218,1782475646466940083,1782475646466940083,1782475646466940083,1,1.000000000000,1.000000000000,1.000000000000,1
517,35785,35785,1782475646467019366,1782475646467019366,1782475646467055151,1782475646467055151,1782475646467055151,1,1.000000000000,1.000000000000,1.000000000000,1
518,35206,35206,1782475646467137994,1782475646467137994,1782475646467173200,1782475646467173200,1782475646467173200,3,1.000000000000,1.000000000000,1.000000000000,1
519,34956,34956,1782475646467253002,1782475646467253002,1782475646467287958,1782475646467287958,1782475646467287958,1,1.000000000000,1.000000000000,1.000000000000,1
520,37966,37966,1782475646467372400,1782475646467372400,1782475646467410366,1782475646467410366,1782475646467410366,1,1.000000000000,1.000000000000,1.000000000000,1
521,36026,36026,1782475646467487278,1782475646467487278,1782475646467523304,1782475646467523304,1782475646467523304,0,1.000000000000,1.000000000000,1.000000000000,1
522,36017,36017,1782475646467609565,1782475646467609565,1782475646467645582,1782475646467645582,1782475646467645582,1,1.000000000000,1.000000000000,1.000000000000,1
523,36078,36078,1782475646467719403,1782475646467719403,1782475646467755481,1782475646467755481,1782475646467755481,2,1.000000000000,1.000000000000,1.000000000000,1
524,36228,36228,1782475646467834651,1782475646467834651,1782475646467870879,1782475646467870879,1782475646467870879,0,1.000000000000,1.000000000000,1.000000000000,1
525,46398,46398,1782475646467949869,1782475646467949869,1782475646467996267,1782475646467996267,1782475646467996267,1,1.000000000000,1.000000000000,1.000000000000,1
526,39178,39178,1782475646468065447,1782475646468065447,1782475646468104625,1782475646468104625,1782475646468104625,0,1.000000000000,1.000000000000,1.000000000000,1
527,38609,38609,1782475646468181325,1782475646468181325,1782475646468219934,1782475646468219934,1782475646468219934,3,1.000000000000,1.000000000000,1.000000000000,1
528,38449,38449,1782475646468299643,1782475646468299643,1782475646468338092,1782475646468338092,1782475646468338092,0,1.000000000000,1.000000000000,1.000000000000,1
529,37600,37600,1782475646468420391,1782475646468420391,1782475646468457991,1782475646468457991,1782475646468457991,1,1.000000000000,1.000000000000,1.000000000000,1
530,35969,35969,1782475646468532480,1782475646468532480,1782475646468568449,1782475646468568449,1782475646468568449,0,1.000000000000,1.000000000000,1.000000000000,1
531,35669,35669,1782475646468646958,1782475646468646958,1782475646468682627,1782475646468682627,1782475646468682627,3,1.000000000000,1.000000000000,1.000000000000,1
532,35310,35310,1782475646468762646,1782475646468762646,1782475646468797956,1782475646468797956,1782475646468797956,1,1.000000000000,1.000000000000,1.000000000000,1
533,34950,34950,1782475646468876684,1782475646468876684,1782475646468911634,1782475646468911634,1782475646468911634,0,1.000000000000,1.000000000000,1.000000000000,1
534,35270,35270,1782475646468992292,1782475646468992292,1782475646469027562,1782475646469027562,1782475646469027562,0,1.000000000000,1.000000000000,1.000000000000,1
535,35380,35380,1782475646469107620,1782475646469107620,1782475646469143000,1782475646469143000,1782475646469143000,0,1.000000000000,1.000000000000,1.000000000000,1
536,36871,36871,1782475646469231457,1782475646469231457,1782475646469268328,1782475646469268328,1782475646469268328,2,1.000000000000,1.000000000000,1.000000000000,1
537,41391,41391,1782475646469351485,1782475646469351485,1782475646469392876,1782475646469392876,1782475646469392876,2,1.000000000000,1.000000000000,1.000000000000,1
538,37382,37382,1782475646469466553,1782475646469466553,1782475646469503935,1782475646469503935,1782475646469503935,2,1.000000000000,1.000000000000,1.000000000000,1
539,37692,37692,1782475646469585731,1782475646469585731,1782475646469623423,1782475646469623423,1782475646469623423,1,1.000000000000,1.000000000000,1.000000000000,1
540,36792,36792,1782475646469695819,1782475646469695819,1782475646469732611,1782475646469732611,1782475646469732611,2,1.000000000000,1.000000000000,1.000000000000,1
541,38683,38683,1782475646469807567,1782475646469807567,1782475646469846250,1782475646469846250,1782475646469846250,1,1.000000000000,1.000000000000,1.000000000000,1
542,37693,37693,1782475646469923525,1782475646469923525,1782475646469961218,1782475646469961218,1782475646469961218,3,1.000000000000,1.000000000000,1.000000000000,1
543,35993,35993,1782475646470041283,1782475646470041283,1782475646470077276,1782475646470077276,1782475646470077276,1,1.000000000000,1.000000000000,1.000000000000,1
544,35173,35173,1782475646470156761,1782475646470156761,1782475646470191934,1782475646470191934,1782475646470191934,0,1.000000000000,1.000000000000,1.000000000000,1
545,34913,34913,1782475646470276749,1782475646470276749,1782475646470311662,1782475646470311662,1782475646470311662,2,1.000000000000,1.000000000000,1.000000000000,1
546,39934,39934,1782475646470400076,1782475646470400076,1782475646470440010,1782475646470440010,1782475646470440010,0,1.000000000000,1.000000000000,1.000000000000,1
547,36435,36435,1782475646470516374,1782475646470516374,1782475646470552809,1782475646470552809,1782475646470552809,2,1.000000000000,1.000000000000,1.000000000000,1
548,34995,34995,1782475646470628952,1782475646470628952,1782475646470663947,1782475646470663947,1782475646470663947,0,1.000000000000,1.000000000000,1.000000000000,1
549,35245,35245,1782475646470742300,1782475646470742300,1782475646470777545,1782475646470777545,1782475646470777545,2,1.000000000000,1.000000000000,1.000000000000,1
550,35685,35685,1782475646470857788,1782475646470857788,1782475646470893473,1782475646470893473,1782475646470893473,3,1.000000000000,1.000000000000,1.000000000000,1
551,38046,38046,1782475646470980956,1782475646470980956,1782475646471019002,1782475646471019002,1782475646471019002,1,1.000000000000,1.000000000000,1.000000000000,1
552,35926,35926,1782475646471097124,1782475646471097124,1782475646471133050,1782475646471133050,1782475646471133050,3,1.000000000000,1.000000000000,1.000000000000,1
553,34036,34036,1782475646471209332,1782475646471209332,1782475646471243368,1782475646471243368,1782475646471243368,3,1.000000000000,1.000000000000,1.000000000000,1
554,39007,39007,1782475646471337430,1782475646471337430,1782475646471376437,1782475646471376437,1782475646471376437,0,1.000000000000,1.000000000000,1.000000000000,1
555,35346,35346,1782475646471445649,1782475646471445649,1782475646471480995,1782475646471480995,1782475646471480995,2,1.000000000000,1.000000000000,1.000000000000,1
556,37047,37047,1782475646471557637,1782475646471557637,1782475646471594684,1782475646471594684,1782475646471594684,0,1.000000000000,1.000000000000,1.000000000000,1
557,37377,37377,1782475646471672485,1782475646471672485,1782475646471709862,1782475646471709862,1782475646471709862,1,1.000000000000,1.000000000000,1.000000000000,1
558,47587,47587,1782475646471788843,1782475646471788843,1782475646471836430,1782475646471836430,1782475646471836430,1,1.000000000000,1.000000000000,1.000000000000,1
559,35278,35278,1782475646471902601,1782475646471902601,1782475646471937879,1782475646471937879,1782475646471937879,0,1.000000000000,1.000000000000,1.000000000000,1
560,35748,35748,1782475646472015729,1782475646472015729,1782475646472051477,1782475646472051477,1782475646472051477,0,1.000000000000,1.000000000000,1.000000000000,1
561,35608,35608,1782475646472130977,1782475646472130977,1782475646472166585,1782475646472166585,1782475646472166585,0,1.000000000000,1.000000000000,1.000000000000,1
562,35959,35959,1782475646472251994,1782475646472251994,1782475646472287953,1782475646472287953,1782475646472287953,3,1.000000000000,1.000000000000,1.000000000000,1
563,38609,38609,1782475646472373822,1782475646472373822,1782475646472412431,1782475646472412431,1782475646472412431,3,1.000000000000,1.000000000000,1.000000000000,1
564,37180,37180,1782475646472485120,1782475646472485120,1782475646472522300,1782475646472522300,1782475646472522300,3,1.000000000000,1.000000000000,1.000000000000,1
565,41030,41030,1782475646472606078,1782475646472606078,1782475646472647108,1782475646472647108,1782475646472647108,0,1.000000000000,1.000000000000,1.000000000000,1
566,40260,40260,1782475646472718146,1782475646472718146,1782475646472758406,1782475646472758406,1782475646472758406,2,1.000000000000,1.000000000000,1.000000000000,1
567,37820,37820,1782475646472836184,1782475646472836184,1782475646472874004,1782475646472874004,1782475646472874004,2,1.000000000000,1.000000000000,1.000000000000,1
568,35801,35801,1782475646472946562,1782475646472946562,1782475646472982363,1782475646472982363,1782475646472982363,0,1.000000000000,1.000000000000,1.000000000000,1
569,36531,36531,1782475646473062070,1782475646473062070,1782475646473098601,1782475646473098601,1782475646473098601,3,1.000000000000,1.000000000000,1.000000000000,1
570,35781,35781,1782475646473180138,1782475646473180138,1782475646473215919,1782475646473215919,1782475646473215919,2,1.000000000000,1.000000000000,1.000000000000,1
571,36221,36221,1782475646473295056,1782475646473295056,1782475646473331277,1782475646473331277,1782475646473331277,3,1.000000000000,1.000000000000,1.000000000000,1
572,37811,37811,1782475646473414504,1782475646473414504,1782475646473452315,1782475646473452315,1782475646473452315,3,1.000000000000,1.000000000000,1.000000000000,1
573,36982,36982,1782475646473529372,1782475646473529372,1782475646473566354,1782475646473566354,1782475646473566354,2,1.000000000000,1.000000000000,1.000000000000,1
574,34582,34582,1782475646473641540,1782475646473641540,1782475646473676122,1782475646473676122,1782475646473676122,0,1.000000000000,1.000000000000,1.000000000000,1
575,36443,36443,1782475646473757277,1782475646473757277,1782475646473793720,1782475646473793720,1782475646473793720,1,1.000000000000,1.000000000000,1.000000000000,1
576,40283,40283,1782475646473872725,1782475646473872725,1782475646473913008,1782475646473913008,1782475646473913008,1,1.000000000000,1.000000000000,1.000000000000,1
577,37114,37114,1782475646473984773,1782475646473984773,1782475646474021887,1782475646474021887,1782475646474021887,1,1.000000000000,1.000000000000,1.000000000000,1
578,35734,35734,1782475646474100931,1782475646474100931,1782475646474136665,1782475646474136665,1782475646474136665,3,1.000000000000,1.000000000000,1.000000000000,1
579,35134,35134,1782475646474220609,1782475646474220609,1782475646474255743,1782475646474255743,1782475646474255743,1,1.000000000000,1.000000000000,1.000000000000,1
580,36865,36865,1782475646474343297,1782475646474343297,1782475646474380162,1782475646474380162,1782475646474380162,0,1.000000000000,1.000000000000,1.000000000000,1
581,35965,35965,1782475646474454096,1782475646474454096,1782475646474490061,1782475646474490061,1782475646474490061,1,1.000000000000,1.000000000000,1.000000000000,1
582,35195,35195,1782475646474566964,1782475646474566964,1782475646474602159,1782475646474602159,1782475646474602159,2,1.000000000000,1.000000000000,1.000000000000,1
583,36055,36055,1782475646474681322,1782475646474681322,1782475646474717377,1782475646474717377,1782475646474717377,0,1.000000000000,1.000000000000,1.000000000000,1
584,36425,36425,1782475646474796020,1782475646474796020,1782475646474832445,1782475646474832445,1782475646474832445,1,1.000000000000,1.000000000000,1.000000000000,1
585,35186,35186,1782475646474910298,1782475646474910298,1782475646474945484,1782475646474945484,1782475646474945484,2,1.000000000000,1.000000000000,1.000000000000,1
586,38846,38846,1782475646475028026,1782475646475028026,1782475646475066872,1782475646475066872,1782475646475066872,2,1.000000000000,1.000000000000,1.000000000000,1
587,35736,35736,1782475646475146164,1782475646475146164,1782475646475181900,1782475646475181900,1782475646475181900,0,1.000000000000,1.000000000000,1.000000000000,1
588,35306,35306,1782475646475261302,1782475646475261302,1782475646475296608,1782475646475296608,1782475646475296608,3,1.000000000000,1.000000000000,1.000000000000,1
589,38427,38427,1782475646475385169,1782475646475385169,1782475646475423596,1782475646475423596,1782475646475423596,3,1.000000000000,1.000000000000,1.000000000000,1
590,34987,34987,1782475646475530727,1782475646475530727,1782475646475565714,1782475646475565714,1782475646475565714,0,1.000000000000,1.000000000000,1.000000000000,1
591,48727,48727,1782475646475648705,1782475646475648705,1782475646475697432,1782475646475697432,1782475646475697432,2,1.000000000000,1.000000000000,1.000000000000,1
592,34818,34818,1782475646475760123,1782475646475760123,1782475646475794941,1782475646475794941,1782475646475794941,2,1.000000000000,1.000000000000,1.000000000000,1
593,39978,39978,1782475646475874431,1782475646475874431,1782475646475914409,1782475646475914409,1782475646475914409,1,1.000000000000,1.000000000000,1.000000000000,1
594,35559,35559,1782475646475996608,1782475646475996608,1782475646476032167,1782475646476032167,1782475646476032167,0,1.000000000000,1.000000000000,1.000000000000,1
595,34949,34949,1782475646476115396,1782475646476115396,1782475646476150345,1782475646476150345,1782475646476150345,3,1.000000000000,1.000000000000,1.000000000000,1
596,36829,36829,1782475646476226754,1782475646476226754,1782475646476263583,1782475646476263583,1782475646476263583,0,1.000000000000,1.000000000000,1.000000000000,1
597,35679,35679,1782475646476347282,1782475646476347282,1782475646476382961,1782475646476382961,1782475646476382961,2,1.000000000000,1.000000000000,1.000000000000,1
598,34960,34960,1782475646476461530,1782475646476461530,1782475646476496490,1782475646476496490,1782475646476496490,0,1.000000000000,1.000000000000,1.000000000000,1
599,37440,37440,1782475646476575598,1782475646476575598,1782475646476613038,1782475646476613038,1782475646476613038,3,1.000000000000,1.000000000000,1.000000000000,1
600,37820,37820,1782475646476690526,1782475646476690526,1782475646476728346,1782475646476728346,1782475646476728346,0,1.000000000000,1.000000000000,1.000000000000,1
601,36260,36260,1782475646476808814,1782475646476808814,1782475646476845074,1782475646476845074,1782475646476845074,2,1.000000000000,1.000000000000,1.000000000000,1
602,35861,35861,1782475646476922622,1782475646476922622,1782475646476958483,1782475646476958483,1782475646476958483,1,1.000000000000,1.000000000000,1.000000000000,1
603,35301,35301,1782475646477037690,1782475646477037690,1782475646477072991,1782475646477072991,1782475646477072991,0,1.000000000000,1.000000000000,1.000000000000,1
604,35941,35941,1782475646477155938,1782475646477155938,1782475646477191879,1782475646477191879,1782475646477191879,0,1.000000000000,1.000000000000,1.000000000000,1
605,38491,38491,1782475646477275236,1782475646477275236,1782475646477313727,1782475646477313727,1782475646477313727,1,1.000000000000,1.000000000000,1.000000000000,1
606,39823,39823,1782475646477398513,1782475646477398513,1782475646477438336,1782475646477438336,1782475646477438336,2,1.000000000000,1.000000000000,1.000000000000,1
607,36673,36673,1782475646477510232,1782475646477510232,1782475646477546905,1782475646477546905,1782475646477546905,0,1.000000000000,1.000000000000,1.000000000000,1
608,36803,36803,1782475646477625140,1782475646477625140,1782475646477661943,1782475646477661943,1782475646477661943,2,1.000000000000,1.000000000000,1.000000000000,1
609,37833,37833,1782475646477742748,1782475646477742748,1782475646477780581,1782475646477780581,1782475646477780581,2,1.000000000000,1.000000000000,1.000000000000,1
610,37043,37043,1782475646477854736,1782475646477854736,1782475646477891779,1782475646477891779,1782475646477891779,1,1.000000000000,1.000000000000,1.000000000000,1
611,35643,35643,1782475646477970874,1782475646477970874,1782475646478006517,1782475646478006517,1782475646478006517,3,1.000000000000,1.000000000000,1.000000000000,1
612,35624,35624,1782475646478088072,1782475646478088072,1782475646478123696,1782475646478123696,1782475646478123696,1,1.000000000000,1.000000000000,1.000000000000,1
613,35604,35604,1782475646478203050,1782475646478203050,1782475646478238654,1782475646478238654,1782475646478238654,3,1.000000000000,1.000000000000,1.000000000000,1
614,35814,35814,1782475646478325408,1782475646478325408,1782475646478361222,1782475646478361222,1782475646478361222,1,1.000000000000,1.000000000000,1.000000000000,1
615,36434,36434,1782475646478438126,1782475646478438126,1782475646478474560,1782475646478474560,1782475646478474560,1,1.000000000000,1.000000000000,1.000000000000,1
616,44594,44594,1782475646478553784,1782475646478553784,1782475646478598378,1782475646478598378,1782475646478598378,1,1.000000000000,1.000000000000,1.000000000000,1
617,35845,35845,1782475646478668282,1782475646478668282,1782475646478704127,1782475646478704127,1782475646478704127,3,1.000000000000,1.000000000000,1.000000000000,1
618,35005,35005,1782475646478784400,1782475646478784400,1782475646478819405,1782475646478819405,1782475646478819405,0,1.000000000000,1.000000000000,1.000000000000,1
619,37415,37415,1782475646478895908,1782475646478895908,1782475646478933323,1782475646478933323,1782475646478933323,2,1.000000000000,1.000000000000,1.000000000000,1
620,36006,36006,1782475646479016835,1782475646479016835,1782475646479052841,1782475646479052841,1782475646479052841,3,1.000000000000,1.000000000000,1.000000000000,1
621,39447,39447,1782475646479131103,1782475646479131103,1782475646479170550,1782475646479170550,1782475646479170550,1,1.000000000000,1.000000000000,1.000000000000,1
622,34977,34977,1782475646479245901,1782475646479245901,1782475646479280878,1782475646479280878,1782475646479280878,0,1.000000000000,1.000000000000,1.000000000000,1
623,36587,36587,1782475646479372539,1782475646479372539,1782475646479409126,1782475646479409126,1782475646479409126,2,1.000000000000,1.000000000000,1.000000000000,1
624,43987,43987,1782475646479478427,1782475646479478427,1782475646479522414,1782475646479522414,1782475646479522414,3,1.000000000000,1.000000000000,1.000000000000,1
625,35038,35038,1782475646479594615,1782475646479594615,1782475646479629653,1782475646479629653,1782475646479629653,3,1.000000000000,1.000000000000,1.000000000000,1
626,36578,36578,1782475646479709893,1782475646479709893,1782475646479746471,1782475646479746471,1782475646479746471,3,1.000000000000,1.000000000000,1.000000000000,1
627,35978,35978,1782475646479827941,1782475646479827941,1782475646479863919,1782475646479863919,1782475646479863919,1,1.000000000000,1.000000000000,1.000000000000,1
628,35968,35968,1782475646479940269,1782475646479940269,1782475646479976237,1782475646479976237,1782475646479976237,1,1.000000000000,1.000000000000,1.000000000000,1
629,35419,35419,1782475646480055947,1782475646480055947,1782475646480091366,1782475646480091366,1782475646480091366,3,1.000000000000,1.000000000000,1.000000000000,1
630,38709,38709,1782475646480171655,1782475646480171655,1782475646480210364,1782475646480210364,1782475646480210364,0,1.000000000000,1.000000000000,1.000000000000,1
631,38769,38769,1782475646480289853,1782475646480289853,1782475646480328622,1782475646480328622,1782475646480328622,2,1.000000000000,1.000000000000,1.000000000000,1
632,37680,37680,1782475646480406301,1782475646480406301,1782475646480443981,1782475646480443981,1782475646480443981,1,1.000000000000,1.000000000000,1.000000000000,1
633,35910,35910,1782475646480518810,1782475646480518810,1782475646480554720,1782475646480554720,1782475646480554720,1,1.000000000000,1.000000000000,1.000000000000,1
634,36931,36931,1782475646480637127,1782475646480637127,1782475646480674058,1782475646480674058,1782475646480674058,1,1.000000000000,1.000000000000,1.000000000000,1
635,35341,35341,1782475646480748625,1782475646480748625,1782475646480783966,1782475646480783966,1782475646480783966,3,1.000000000000,1.000000000000,1.000000000000,1
636,35231,35231,1782475646480862753,1782475646480862753,1782475646480897984,1782475646480897984,1782475646480897984,1,1.000000000000,1.000000000000,1.000000000000,1
637,35772,35772,1782475646480978711,1782475646480978711,1782475646481014483,1782475646481014483,1782475646481014483,1,1.000000000000,1.000000000000,1.000000000000,1
638,35152,35152,1782475646481097039,1782475646481097039,1782475646481132191,1782475646481132191,1782475646481132191,3,1.000000000000,1.000000000000,1.000000000000,1
639,35932,35932,1782475646481212187,1782475646481212187,1782475646481248119,1782475646481248119,1782475646481248119,2,1.000000000000,1.000000000000,1.000000000000,1
640,35512,35512,1782475646481333655,1782475646481333655,1782475646481369167,1782475646481369167,1782475646481369167,1,1.000000000000,1.000000000000,1.000000000000,1
641,40382,40382,1782475646481446993,1782475646481446993,1782475646481487375,1782475646481487375,1782475646481487375,3,1.000000000000,1.000000000000,1.000000000000,1
642,36663,36663,1782475646481564991,1782475646481564991,1782475646481601654,1782475646481601654,1782475646481601654,0,1.000000000000,1.000000000000,1.000000000000,1
643,37923,37923,1782475646481689469,1782475646481689469,1782475646481727392,1782475646481727392,1782475646481727392,3,1.000000000000,1.000000000000,1.000000000000,1
644,35593,35593,1782475646481795777,1782475646481795777,1782475646481831370,1782475646481831370,1782475646481831370,0,1.000000000000,1.000000000000,1.000000000000,1
645,35283,35283,1782475646481911135,1782475646481911135,1782475646481946418,1782475646481946418,1782475646481946418,1,1.000000000000,1.000000000000,1.000000000000,1
646,35824,35824,1782475646482026023,1782475646482026023,1782475646482061847,1782475646482061847,1782475646482061847,2,1.000000000000,1.000000000000,1.000000000000,1
647,34834,34834,1782475646482142441,1782475646482142441,1782475646482177275,1782475646482177275,1782475646482177275,0,1.000000000000,1.000000000000,1.000000000000,1
648,36295,36295,1782475646482258388,1782475646482258388,1782475646482294683,1782475646482294683,1782475646482294683,2,1.000000000000,1.000000000000,1.000000000000,1
649,39835,39835,1782475646482382576,1782475646482382576,1782475646482422411,1782475646482422411,1782475646482422411,2,1.000000000000,1.000000000000,1.000000000000,1
650,35445,35445,1782475646482495714,1782475646482495714,1782475646482531159,1782475646482531159,1782475646482531159,2,1.000000000000,1.000000000000,1.000000000000,1
651,40346,40346,1782475646482612132,1782475646482612132,1782475646482652478,1782475646482652478,1782475646482652478,0,1.000000000000,1.000000000000,1.000000000000,1
652,36836,36836,1782475646482724530,1782475646482724530,1782475646482761366,1782475646482761366,1782475646482761366,1,1.000000000000,1.000000000000,1.000000000000,1
653,34846,34846,1782475646482837338,1782475646482837338,1782475646482872184,1782475646482872184,1782475646482872184,0,1.000000000000,1.000000000000,1.000000000000,1
654,35216,35216,1782475646482952786,1782475646482952786,1782475646482988002,1782475646482988002,1782475646482988002,0,1.000000000000,1.000000000000,1.000000000000,1
655,36077,36077,1782475646483068884,1782475646483068884,1782475646483104961,1782475646483104961,1782475646483104961,1,1.000000000000,1.000000000000,1.000000000000,1
656,36227,36227,1782475646483187152,1782475646483187152,1782475646483223379,1782475646483223379,1782475646483223379,0,1.000000000000,1.000000000000,1.000000000000,1
657,72977,72977,1782475646483303610,1782475646483303610,1782475646483376587,1782475646483376587,1782475646483376587,3,1.000000000000,1.000000000000,1.000000000000,1
658,48008,48008,1782475646483416948,1782475646483416948,1782475646483464956,1782475646483464956,1782475646483464956,2,1.000000000000,1.000000000000,1.000000000000,1
659,35177,35177,1782475646483536527,1782475646483536527,1782475646483571704,1782475646483571704,1782475646483571704,2,1.000000000000,1.000000000000,1.000000000000,1
660,36089,36089,1782475646483653184,1782475646483653184,1782475646483689273,1782475646483689273,1782475646483689273,1,1.000000000000,1.000000000000,1.000000000000,1
661,35079,35079,1782475646483766352,1782475646483766352,1782475646483801431,1782475646483801431,1782475646483801431,1,1.000000000000,1.000000000000,1.000000000000,1
662,35009,35009,1782475646483881320,1782475646483881320,1782475646483916329,1782475646483916329,1782475646483916329,1,1.000000000000,1.000000000000,1.000000000000,1
663,35449,35449,1782475646484000178,1782475646484000178,1782475646484035627,1782475646484035627,1782475646484035627,0,1.000000000000,1.000000000000,1.000000000000,1
664,36329,36329,1782475646484114276,1782475646484114276,1782475646484150605,1782475646484150605,1782475646484150605,0,1.000000000000,1.000000000000,1.000000000000,1
665,35830,35830,1782475646484231794,1782475646484231794,1782475646484267624,1782475646484267624,1782475646484267624,3,1.000000000000,1.000000000000,1.000000000000,1
666,37310,37310,1782475646484351752,1782475646484351752,1782475646484389062,1782475646484389062,1782475646484389062,1,1.000000000000,1.000000000000,1.000000000000,1
667,37510,37510,1782475646484467990,1782475646484467990,1782475646484505500,1782475646484505500,1782475646484505500,2,1.000000000000,1.000000000000,1.000000000000,1
668,40230,40230,1782475646484580948,1782475646484580948,1782475646484621178,1782475646484621178,1782475646484621178,1,1.000000000000,1.000000000000,1.000000000000,1
669,37551,37551,1782475646484695386,1782475646484695386,1782475646484732937,1782475646484732937,1782475646484732937,0,1.000000000000,1.000000000000,1.000000000000,1
670,35231,35231,1782475646484809114,1782475646484809114,1782475646484844345,1782475646484844345,1782475646484844345,3,1.000000000000,1.000000000000,1.000000000000,1
671,40411,40411,1782475646484928372,1782475646484928372,1782475646484968783,1782475646484968783,1782475646484968783,1,1.000000000000,1.000000000000,1.000000000000,1
672,36151,36151,1782475646485044860,1782475646485044860,1782475646485081011,1782475646485081011,1782475646485081011,3,1.000000000000,1.000000000000,1.000000000000,1
673,35841,35841,1782475646485159408,1782475646485159408,1782475646485195249,1782475646485195249,1782475646485195249,2,1.000000000000,1.000000000000,1.000000000000,1
674,35353,35353,1782475646485278895,1782475646485278895,1782475646485314248,1782475646485314248,1782475646485314248,3,1.000000000000,1.000000000000,1.000000000000,1
675,35763,35763,1782475646485399723,1782475646485399723,1782475646485435486,1782475646485435486,1782475646485435486,3,1.000000000000,1.000000000000,1.000000000000,1
676,35893,35893,1782475646485512041,1782475646485512041,1782475646485547934,1782475646485547934,1782475646485547934,3,1.000000000000,1.000000000000,1.000000000000,1
677,39463,39463,1782475646485625789,1782475646485625789,1782475646485665252,1782475646485665252,1782475646485665252,1,1.000000000000,1.000000000000,1.000000000000,1
678,35413,35413,1782475646485741837,1782475646485741837,1782475646485777250,1782475646485777250,1782475646485777250,3,1.000000000000,1.000000000000,1.000000000000,1
679,37494,37494,1782475646485859265,1782475646485859265,1782475646485896759,1782475646485896759,1782475646485896759,0,1.000000000000,1.000000000000,1.000000000000,1
680,35754,35754,1782475646485971433,1782475646485971433,1782475646486007187,1782475646486007187,1782475646486007187,1,1.000000000000,1.000000000000,1.000000000000,1
681,36034,36034,1782475646486090071,1782475646486090071,1782475646486126105,1782475646486126105,1782475646486126105,0,1.000000000000,1.000000000000,1.000000000000,1
682,35464,35464,1782475646486207119,1782475646486207119,1782475646486242583,1782475646486242583,1782475646486242583,3,1.000000000000,1.000000000000,1.000000000000,1
683,36845,36845,1782475646486325997,1782475646486325997,1782475646486362842,1782475646486362842,1782475646486362842,0,1.000000000000,1.000000000000,1.000000000000,1
684,38875,38875,1782475646486439806,1782475646486439806,1782475646486478681,1782475646486478681,1782475646486478681,1,1.000000000000,1.000000000000,1.000000000000,1
685,38075,38075,1782475646486554644,1782475646486554644,1782475646486592719,1782475646486592719,1782475646486592719,1,1.000000000000,1.000000000000,1.000000000000,1
686,37235,37235,1782475646486667022,1782475646486667022,1782475646486704257,1782475646486704257,1782475646486704257,2,1.000000000000,1.000000000000,1.000000000000,1
687,34595,34595,1782475646486783920,1782475646486783920,1782475646486818515,1782475646486818515,1782475646486818515,2,1.000000000000,1.000000000000,1.000000000000,1
688,36847,36847,1782475646486900097,1782475646486900097,1782475646486936944,1782475646486936944,1782475646486936944,0,1.000000000000,1.000000000000,1.000000000000,1
689,35577,35577,1782475646487016265,1782475646487016265,1782475646487051842,1782475646487051842,1782475646487051842,3,1.000000000000,1.000000000000,1.000000000000,1
690,43347,43347,1782475646487128843,1782475646487128843,1782475646487172190,1782475646487172190,1782475646487172190,0,1.000000000000,1.000000000000,1.000000000000,1
691,39177,39177,1782475646487244401,1782475646487244401,1782475646487283578,1782475646487283578,1782475646487283578,2,1.000000000000,1.000000000000,1.000000000000,1
692,40567,40567,1782475646487366229,1782475646487366229,1782475646487406796,1782475646487406796,1782475646487406796,0,1.000000000000,1.000000000000,1.000000000000,1
693,35488,35488,1782475646487479037,1782475646487479037,1782475646487514525,1782475646487514525,1782475646487514525,3,1.000000000000,1.000000000000,1.000000000000,1
694,38988,38988,1782475646487591545,1782475646487591545,1782475646487630533,1782475646487630533,1782475646487630533,0,1.000000000000,1.000000000000,1.000000000000,1
695,35878,35878,1782475646487708443,1782475646487708443,1782475646487744321,1782475646487744321,1782475646487744321,2,1.000000000000,1.000000000000,1.000000000000,1
696,37258,37258,1782475646487825291,1782475646487825291,1782475646487862549,1782475646487862549,1782475646487862549,2,1.000000000000,1.000000000000,1.000000000000,1
697,35979,35979,1782475646487939269,1782475646487939269,1782475646487975248,1782475646487975248,1782475646487975248,1,1.000000000000,1.000000000000,1.000000000000,1
698,35139,35139,1782475646488055357,1782475646488055357,1782475646488090496,1782475646488090496,1782475646488090496,0,1.000000000000,1.000000000000,1.000000000000,1
699,36899,36899,1782475646488176365,1782475646488176365,1782475646488213264,1782475646488213264,1782475646488213264,1,1.000000000000,1.000000000000,1.000000000000,1
700,35929,35929,1782475646488289823,1782475646488289823,1782475646488325752,1782475646488325752,1782475646488325752,0,1.000000000000,1.000000000000,1.000000000000,1
701,38400,38400,1782475646488408440,1782475646488408440,1782475646488446840,1782475646488446840,1782475646488446840,1,1.000000000000,1.000000000000,1.000000000000,1
702,35151,35151,1782475646488524538,1782475646488524538,1782475646488559689,1782475646488559689,1782475646488559689,3,1.000000000000,1.000000000000,1.000000000000,1
703,36221,36221,1782475646488639836,1782475646488639836,1782475646488676057,1782475646488676057,1782475646488676057,2,1.000000000000,1.000000000000,1.000000000000,1
704,35071,35071,1782475646488755144,1782475646488755144,1782475646488790215,1782475646488790215,1782475646488790215,3,1.000000000000,1.000000000000,1.000000000000,1
705,39591,39591,1782475646488872322,1782475646488872322,1782475646488911913,1782475646488911913,1782475646488911913,3,1.000000000000,1.000000000000,1.000000000000,1
706,35112,35112,1782475646488985400,1782475646488985400,1782475646489020512,1782475646489020512,1782475646489020512,2,1.000000000000,1.000000000000,1.000000000000,1
707,35622,35622,1782475646489112128,1782475646489112128,1782475646489147750,1782475646489147750,1782475646489147750,0,1.000000000000,1.000000000000,1.000000000000,1
708,34432,34432,1782475646489219536,1782475646489219536,1782475646489253968,1782475646489253968,1782475646489253968,0,1.000000000000,1.000000000000,1.000000000000,1
709,41803,41803,1782475646489340904,1782475646489340904,1782475646489382707,1782475646489382707,1782475646489382707,1,1.000000000000,1.000000000000,1.000000000000,1
710,36902,36902,1782475646489456183,1782475646489456183,1782475646489493085,1782475646489493085,1782475646489493085,2,1.000000000000,1.000000000000,1.000000000000,1
711,38563,38563,1782475646489567261,1782475646489567261,1782475646489605824,1782475646489605824,1782475646489605824,1,1.000000000000,1.000000000000,1.000000000000,1
712,39914,39914,1782475646489692488,1782475646489692488,1782475646489732402,1782475646489732402,1782475646489732402,2,1.000000000000,1.000000000000,1.000000000000,1
713,35913,35913,1782475646489799617,1782475646489799617,1782475646489835530,1782475646489835530,1782475646489835530,0,1.000000000000,1.000000000000,1.000000000000,1
714,35584,35584,1782475646489919754,1782475646489919754,1782475646489955338,1782475646489955338,1782475646489955338,3,1.000000000000,1.000000000000,1.000000000000,1
715,36045,36045,1782475646490030852,1782475646490030852,1782475646490066897,1782475646490066897,1782475646490066897,0,1.000000000000,1.000000000000,1.000000000000,1
716,35875,35875,1782475646490144810,1782475646490144810,1782475646490180685,1782475646490180685,1782475646490180685,3,1.000000000000,1.000000000000,1.000000000000,1
717,35455,35455,1782475646490260838,1782475646490260838,1782475646490296293,1782475646490296293,1782475646490296293,3,1.000000000000,1.000000000000,1.000000000000,1
718,36985,36985,1782475646490388276,1782475646490388276,1782475646490425261,1782475646490425261,1782475646490425261,0,1.000000000000,1.000000000000,1.000000000000,1
719,35405,35405,1782475646490500854,1782475646490500854,1782475646490536259,1782475646490536259,1782475646490536259,1,1.000000000000,1.000000000000,1.000000000000,1
720,36096,36096,1782475646490614412,1782475646490614412,1782475646490650508,1782475646490650508,1782475646490650508,3,1.000000000000,1.000000000000,1.000000000000,1
721,37396,37396,1782475646490739620,1782475646490739620,1782475646490777016,1782475646490777016,1782475646490777016,2,1.000000000000,1.000000000000,1.000000000000,1
722,36416,36416,1782475646490854278,1782475646490854278,1782475646490890694,1782475646490890694,1782475646490890694,3,1.000000000000,1.000000000000,1.000000000000,1
723,47756,47756,1782475646490969716,1782475646490969716,1782475646491017472,1782475646491017472,1782475646491017472,3,1.000000000000,1.000000000000,1.000000000000,1
724,35976,35976,1782475646491083674,1782475646491083674,1782475646491119650,1782475646491119650,1782475646491119650,2,1.000000000000,1.000000000000,1.000000000000,1
725,36057,36057,1782475646491201532,1782475646491201532,1782475646491237589,1782475646491237589,1782475646491237589,0,1.000000000000,1.000000000000,1.000000000000,1
726,39648,39648,1782475646491320849,1782475646491320849,1782475646491360497,1782475646491360497,1782475646491360497,0,1.000000000000,1.000000000000,1.000000000000,1
727,37268,37268,1782475646491434667,1782475646491434667,1782475646491471935,1782475646491471935,1782475646491471935,3,1.000000000000,1.000000000000,1.000000000000,1
728,37978,37978,1782475646491549965,1782475646491549965,1782475646491587943,1782475646491587943,1782475646491587943,3,1.000000000000,1.000000000000,1.000000000000,1
729,37228,37228,1782475646491667573,1782475646491667573,1782475646491704801,1782475646491704801,1782475646491704801,2,1.000000000000,1.000000000000,1.000000000000,1
730,35209,35209,1782475646491781871,1782475646491781871,1782475646491817080,1782475646491817080,1782475646491817080,2,1.000000000000,1.000000000000,1.000000000000,1
731,36849,36849,1782475646491894319,1782475646491894319,1782475646491931168,1782475646491931168,1782475646491931168,3,1.000000000000,1.000000000000,1.000000000000,1
732,35609,35609,1782475646492012467,1782475646492012467,1782475646492048076,1782475646492048076,1782475646492048076,2,1.000000000000,1.000000000000,1.000000000000,1
733,39379,39379,1782475646492124875,1782475646492124875,1782475646492164254,1782475646492164254,1782475646492164254,1,1.000000000000,1.000000000000,1.000000000000,1
734,37700,37700,1782475646492241543,1782475646492241543,1782475646492279243,1782475646492279243,1782475646492279243,3,1.000000000000,1.000000000000,1.000000000000,1
735,37711,37711,1782475646492366671,1782475646492366671,1782475646492404382,1782475646492404382,1782475646492404382,2,1.000000000000,1.000000000000,1.000000000000,1
736,41000,41000,1782475646492475750,1782475646492475750,1782475646492516750,1782475646492516750,1782475646492516750,2,1.000000000000,1.000000000000,1.000000000000,1
737,36230,36230,1782475646492591258,1782475646492591258,1782475646492627488,1782475646492627488,1782475646492627488,2,1.000000000000,1.000000000000,1.000000000000,1
738,36621,36621,1782475646492708716,1782475646492708716,1782475646492745337,1782475646492745337,1782475646492745337,3,1.000000000000,1.000000000000,1.000000000000,1
739,35802,35802,1782475646492824203,1782475646492824203,1782475646492860005,1782475646492860005,1782475646492860005,0,1.000000000000,1.000000000000,1.000000000000,1
740,36262,36262,1782475646492941611,1782475646492941611,1782475646492977873,1782475646492977873,1782475646492977873,3,1.000000000000,1.000000000000,1.000000000000,1
741,39512,39512,1782475646493057339,1782475646493057339,1782475646493096851,1782475646493096851,1782475646493096851,0,1.000000000000,1.000000000000,1.000000000000,1
742,35772,35772,1782475646493175877,1782475646493175877,1782475646493211649,1782475646493211649,1782475646493211649,3,1.000000000000,1.000000000000,1.000000000000,1
743,39433,39433,1782475646493298625,1782475646493298625,1782475646493338058,1782475646493338058,1782475646493338058,0,1.000000000000,1.000000000000,1.000000000000,1
744,37843,37843,1782475646493406383,1782475646493406383,1782475646493444226,1782475646493444226,1782475646493444226,0,1.000000000000,1.000000000000,1.000000000000,1
745,36823,36823,1782475646493518091,1782475646493518091,1782475646493554914,1782475646493554914,1782475646493554914,2,1.000000000000,1.000000000000,1.000000000000,1
746,35983,35983,1782475646493636069,1782475646493636069,1782475646493672052,1782475646493672052,1782475646493672052,2,1.000000000000,1.000000000000,1.000000000000,1
747,36124,36124,1782475646493751027,1782475646493751027,1782475646493787151,1782475646493787151,1782475646493787151,0,1.000000000000,1.000000000000,1.000000000000,1
748,35414,35414,1782475646493862555,1782475646493862555,1782475646493897969,1782475646493897969,1782475646493897969,3,1.000000000000,1.000000000000,1.000000000000,1
749,35684,35684,1782475646493977133,1782475646493977133,1782475646494012817,1782475646494012817,1782475646494012817,0,1.000000000000,1.000000000000,1.000000000000,1
750,35884,35884,1782475646494094351,1782475646494094351,1782475646494130235,1782475646494130235,1782475646494130235,1,1.000000000000,1.000000000000,1.000000000000,1
751,35605,35605,1782475646494209939,1782475646494209939,1782475646494245544,1782475646494245544,1782475646494245544,2,1.000000000000,1.000000000000,1.000000000000,1
752,39276,39276,1782475646494349786,1782475646494349786,1782475646494389062,1782475646494389062,1782475646494389062,0,1.000000000000,1.000000000000,1.000000000000,1
753,44845,44845,1782475646494443095,1782475646494443095,1782475646494487940,1782475646494487940,1782475646494487940,0,1.000000000000,1.000000000000,1.000000000000,1
754,36946,36946,1782475646494559322,1782475646494559322,1782475646494596268,1782475646494596268,1782475646494596268,2,1.000000000000,1.000000000000,1.000000000000,1
755,35237,35237,1782475646494676530,1782475646494676530,1782475646494711767,1782475646494711767,1782475646494711767,3,1.000000000000,1.000000000000,1.000000000000,1
756,46507,46507,1782475646494789968,1782475646494789968,1782475646494836475,1782475646494836475,1782475646494836475,3,1.000000000000,1.000000000000,1.000000000000,1
757,37097,37097,1782475646494905256,1782475646494905256,1782475646494942353,1782475646494942353,1782475646494942353,0,1.000000000000,1.000000000000,1.000000000000,1
758,35797,35797,1782475646495025004,1782475646495025004,1782475646495060801,1782475646495060801,1782475646495060801,2,1.000000000000,1.000000000000,1.000000000000,1
759,35557,35557,1782475646495137742,1782475646495137742,1782475646495173299,1782475646495173299,1782475646495173299,2,1.000000000000,1.000000000000,1.000000000000,1
760,35998,35998,1782475646495254750,1782475646495254750,1782475646495290748,1782475646495290748,1782475646495290748,1,1.000000000000,1.000000000000,1.000000000000,1
761,40429,40429,1782475646495372808,1782475646495372808,1782475646495413237,1782475646495413237,1782475646495413237,0,1.000000000000,1.000000000000,1.000000000000,1
762,36408,36408,1782475646495502457,1782475646495502457,1782475646495538865,1782475646495538865,1782475646495538865,3,1.000000000000,1.000000000000,1.000000000000,1
763,36849,36849,1782475646495623924,1782475646495623924,1782475646495660773,1782475646495660773,1782475646495660773,3,1.000000000000,1.000000000000,1.000000000000,1
764,36979,36979,1782475646495732662,1782475646495732662,1782475646495769641,1782475646495769641,1782475646495769641,1,1.000000000000,1.000000000000,1.000000000000,1
765,36000,36000,1782475646495844500,1782475646495844500,1782475646495880500,1782475646495880500,1782475646495880500,0,1.000000000000,1.000000000000,1.000000000000,1
766,36040,36040,1782475646495959478,1782475646495959478,1782475646495995518,1782475646495995518,1782475646495995518,2,1.000000000000,1.000000000000,1.000000000000,1
767,35860,35860,1782475646496075646,1782475646496075646,1782475646496111506,1782475646496111506,1782475646496111506,1,1.000000000000,1.000000000000,1.000000000000,1
768,36150,36150,1782475646496194014,1782475646496194014,1782475646496230164,1782475646496230164,1782475646496230164,1,1.000000000000,1.000000000000,1.000000000000,1
769,43450,43450,1782475646496308662,1782475646496308662,1782475646496352112,1782475646496352112,1782475646496352112,2,1.000000000000,1.000000000000,1.000000000000,1
770,37181,37181,1782475646496427900,1782475646496427900,1782475646496465081,1782475646496465081,1782475646496465081,3,1.000000000000,1.000000000000,1.000000000000,1
771,37421,37421,1782475646496543968,1782475646496543968,1782475646496581389,1782475646496581389,1782475646496581389,2,1.000000000000,1.000000000000,1.000000000000,1
772,37061,37061,1782475646496659946,1782475646496659946,1782475646496697007,1782475646496697007,1782475646496697007,2,1.000000000000,1.000000000000,1.000000000000,1
773,34721,34721,1782475646496772414,1782475646496772414,1782475646496807135,1782475646496807135,1782475646496807135,2,1.000000000000,1.000000000000,1.000000000000,1
774,34892,34892,1782475646496886212,1782475646496886212,1782475646496921104,1782475646496921104,1782475646496921104,3,1.000000000000,1.000000000000,1.000000000000,1
775,39002,39002,1782475646497000650,1782475646497000650,1782475646497039652,1782475646497039652,1782475646497039652,1,1.000000000000,1.000000000000,1.000000000000,1
776,38902,38902,1782475646497118188,1782475646497118188,1782475646497157090,1782475646497157090,1782475646497157090,2,1.000000000000,1.000000000000,1.000000000000,1
777,35082,35082,1782475646497234086,1782475646497234086,1782475646497269168,1782475646497269168,1782475646497269168,2,1.000000000000,1.000000000000,1.000000000000,1
778,35943,35943,1782475646497353883,1782475646497353883,1782475646497389826,1782475646497389826,1782475646497389826,3,1.000000000000,1.000000000000,1.000000000000,1
779,35704,35704,1782475646497471781,1782475646497471781,1782475646497507485,1782475646497507485,1782475646497507485,3,1.000000000000,1.000000000000,1.000000000000,1
780,38664,38664,1782475646497586529,1782475646497586529,1782475646497625193,1782475646497625193,1782475646497625193,0,1.000000000000,1.000000000000,1.000000000000,1
781,38564,38564,1782475646497704677,1782475646497704677,1782475646497743241,1782475646497743241,1782475646497743241,1,1.000000000000,1.000000000000,1.000000000000,1
782,36324,36324,1782475646497820185,1782475646497820185,1782475646497856509,1782475646497856509,1782475646497856509,1,1.000000000000,1.000000000000,1.000000000000,1
783,36064,36064,1782475646497939073,1782475646497939073,1782475646497975137,1782475646497975137,1782475646497975137,2,1.000000000000,1.000000000000,1.000000000000,1
784,35605,35605,1782475646498053551,1782475646498053551,1782475646498089156,1782475646498089156,1782475646498089156,3,1.000000000000,1.000000000000,1.000000000000,1
785,36725,36725,1782475646498170339,1782475646498170339,1782475646498207064,1782475646498207064,1782475646498207064,3,1.000000000000,1.000000000000,1.000000000000,1
786,37135,37135,1782475646498289917,1782475646498289917,1782475646498327052,1782475646498327052,1782475646498327052,1,1.000000000000,1.000000000000,1.000000000000,1
787,35836,35836,1782475646498407605,1782475646498407605,1782475646498443441,1782475646498443441,1782475646498443441,1,1.000000000000,1.000000000000,1.000000000000,1
788,35135,35135,1782475646498520944,1782475646498520944,1782475646498556079,1782475646498556079,1782475646498556079,0,1.000000000000,1.000000000000,1.000000000000,1
789,53025,53025,1782475646498635492,1782475646498635492,1782475646498688517,1782475646498688517,1782475646498688517,2,1.000000000000,1.000000000000,1.000000000000,1
790,36476,36476,1782475646498751000,1782475646498751000,1782475646498787476,1782475646498787476,1782475646498787476,1,1.000000000000,1.000000000000,1.000000000000,1
791,35547,35547,1782475646498871517,1782475646498871517,1782475646498907064,1782475646498907064,1782475646498907064,2,1.000000000000,1.000000000000,1.000000000000,1
792,35427,35427,1782475646498977655,1782475646498977655,1782475646499013082,1782475646499013082,1782475646499013082,0,1.000000000000,1.000000000000,1.000000000000,1
793,34908,34908,1782475646499094213,1782475646499094213,1782475646499129121,1782475646499129121,1782475646499129121,1,1.000000000000,1.000000000000,1.000000000000,1
794,35268,35268,1782475646499214821,1782475646499214821,1782475646499250089,1782475646499250089,1782475646499250089,0,1.000000000000,1.000000000000,1.000000000000,1
795,38558,38558,1782475646499334039,1782475646499334039,1782475646499372597,1782475646499372597,1782475646499372597,0,1.000000000000,1.000000000000,1.000000000000,1
796,38478,38478,1782475646499449297,1782475646499449297,1782475646499487775,1782475646499487775,1782475646499487775,3,1.000000000000,1.000000000000,1.000000000000,1
797,36029,36029,1782475646499564085,1782475646499564085,1782475646499600114,1782475646499600114,1782475646499600114,2,1.000000000000,1.000000000000,1.000000000000,1
798,35549,35549,1782475646499676943,1782475646499676943,1782475646499712492,1782475646499712492,1782475646499712492,2,1.000000000000,1.000000000000,1.000000000000,1
799,35639,35639,1782475646499790791,1782475646499790791,1782475646499826430,1782475646499826430,1782475646499826430,2,1.000000000000,1.000000000000,1.000000000000,1
800,34459,34459,1782475646499903749,1782475646499903749,1782475646499938208,1782475646499938208,1782475646499938208,0,1.000000000000,1.000000000000,1.000000000000,1
801,35860,35860,1782475646500021487,1782475646500021487,1782475646500057347,1782475646500057347,1782475646500057347,1,1.000000000000,1.000000000000,1.000000000000,1
802,34900,34900,1782475646500135305,1782475646500135305,1782475646500170205,1782475646500170205,1782475646500170205,0,1.000000000000,1.000000000000,1.000000000000,1
803,34870,34870,1782475646500251963,1782475646500251963,1782475646500286833,1782475646500286833,1782475646500286833,2,1.000000000000,1.000000000000,1.000000000000,1
804,37861,37861,1782475646500374380,1782475646500374380,1782475646500412241,1782475646500412241,1782475646500412241,1,1.000000000000,1.000000000000,1.000000000000,1
805,37771,37771,1782475646500489098,1782475646500489098,1782475646500526869,1782475646500526869,1782475646500526869,1,1.000000000000,1.000000000000,1.000000000000,1
806,36942,36942,1782475646500599806,1782475646500599806,1782475646500636748,1782475646500636748,1782475646500636748,3,1.000000000000,1.000000000000,1.000000000000,1
807,38062,38062,1782475646500714014,1782475646500714014,1782475646500752076,1782475646500752076,1782475646500752076,3,1.000000000000,1.000000000000,1.000000000000,1
808,38302,38302,1782475646500832492,1782475646500832492,1782475646500870794,1782475646500870794,1782475646500870794,0,1.000000000000,1.000000000000,1.000000000000,1
809,36142,36142,1782475646500945230,1782475646500945230,1782475646500981372,1782475646500981372,1782475646500981372,0,1.000000000000,1.000000000000,1.000000000000,1
810,35953,35953,1782475646501072618,1782475646501072618,1782475646501108571,1782475646501108571,1782475646501108571,1,1.000000000000,1.000000000000,1.000000000000,1
811,36223,36223,1782475646501185756,1782475646501185756,1782475646501221979,1782475646501221979,1782475646501221979,3,1.000000000000,1.000000000000,1.000000000000,1
812,39693,39693,1782475646501296924,1782475646501296924,1782475646501336617,1782475646501336617,1782475646501336617,2,1.000000000000,1.000000000000,1.000000000000,1
813,37814,37814,1782475646501417842,1782475646501417842,1782475646501455656,1782475646501455656,1782475646501455656,0,1.000000000000,1.000000000000,1.000000000000,1
814,35064,35064,1782475646501529831,1782475646501529831,1782475646501564895,1782475646501564895,1782475646501564895,1,1.000000000000,1.000000000000,1.000000000000,1
815,35304,35304,1782475646501643469,1782475646501643469,1782475646501678773,1782475646501678773,1782475646501678773,0,1.000000000000,1.000000000000,1.000000000000,1
816,38564,38564,1782475646501765997,1782475646501765997,1782475646501804561,1782475646501804561,1782475646501804561,2,1.000000000000,1.000000000000,1.000000000000,1
817,38604,38604,1782475646501875595,1782475646501875595,1782475646501914199,1782475646501914199,1782475646501914199,1,1.000000000000,1.000000000000,1.000000000000,1
818,34735,34735,1782475646501988093,1782475646501988093,1782475646502022828,1782475646502022828,1782475646502022828,1,1.000000000000,1.000000000000,1.000000000000,1
819,37856,37856,1782475646502113190,1782475646502113190,1782475646502151046,1782475646502151046,1782475646502151046,1,1.000000000000,1.000000000000,1.000000000000,1
820,35146,35146,1782475646502222678,1782475646502222678,1782475646502257824,1782475646502257824,1782475646502257824,1,1.000000000000,1.000000000000,1.000000000000,1
821,36216,36216,1782475646502342906,1782475646502342906,1782475646502379122,1782475646502379122,1782475646502379122,1,1.000000000000,1.000000000000,1.000000000000,1
822,48376,48376,1782475646502455364,1782475646502455364,1782475646502503740,1782475646502503740,1782475646502503740,2,1.000000000000,1.000000000000,1.000000000000,1
823,35417,35417,1782475646502571222,1782475646502571222,1782475646502606639,1782475646502606639,1782475646502606639,0,1.000000000000,1.000000000000,1.000000000000,1
824,38867,38867,1782475646502683540,1782475646502683540,1782475646502722407,1782475646502722407,1782475646502722407,3,1.000000000000,1.000000000000,1.000000000000,1
825,34797,34797,1782475646502798518,1782475646502798518,1782475646502833315,1782475646502833315,1782475646502833315,3,1.000000000000,1.000000000000,1.000000000000,1
826,35387,35387,1782475646502914336,1782475646502914336,1782475646502949723,1782475646502949723,1782475646502949723,2,1.000000000000,1.000000000000,1.000000000000,1
827,35658,35658,1782475646503031294,1782475646503031294,1782475646503066952,1782475646503066952,1782475646503066952,0,1.000000000000,1.000000000000,1.000000000000,1
828,34908,34908,1782475646503145532,1782475646503145532,1782475646503180440,1782475646503180440,1782475646503180440,1,1.000000000000,1.000000000000,1.000000000000,1
829,35458,35458,1782475646503260920,1782475646503260920,1782475646503296378,1782475646503296378,1782475646503296378,0,1.000000000000,1.000000000000,1.000000000000,1
830,39448,39448,1782475646503387688,1782475646503387688,1782475646503427136,1782475646503427136,1782475646503427136,1,1.000000000000,1.000000000000,1.000000000000,1
831,36328,36328,1782475646503502756,1782475646503502756,1782475646503539084,1782475646503539084,1782475646503539084,1,1.000000000000,1.000000000000,1.000000000000,1
832,34810,34810,1782475646503617163,1782475646503617163,1782475646503651973,1782475646503651973,1782475646503651973,3,1.000000000000,1.000000000000,1.000000000000,1
833,36330,36330,1782475646503732091,1782475646503732091,1782475646503768421,1782475646503768421,1782475646503768421,2,1.000000000000,1.000000000000,1.000000000000,1
834,36160,36160,1782475646503849259,1782475646503849259,1782475646503885419,1782475646503885419,1782475646503885419,0,1.000000000000,1.000000000000,1.000000000000,1
835,35900,35900,1782475646503963417,1782475646503963417,1782475646503999317,1782475646503999317,1782475646503999317,2,1.000000000000,1.000000000000,1.000000000000,1
836,39260,39260,1782475646504079315,1782475646504079315,1782475646504118575,1782475646504118575,1782475646504118575,0,1.000000000000,1.000000000000,1.000000000000,1
837,40091,40091,1782475646504195293,1782475646504195293,1782475646504235384,1782475646504235384,1782475646504235384,0,1.000000000000,1.000000000000,1.000000000000,1
838,45132,45132,1782475646504312981,1782475646504312981,1782475646504358113,1782475646504358113,1782475646504358113,1,1.000000000000,1.000000000000,1.000000000000,1
839,39531,39531,1782475646504431130,1782475646504431130,1782475646504470661,1782475646504470661,1782475646504470661,2,1.000000000000,1.000000000000,1.000000000000,1
840,40821,40821,1782475646504545518,1782475646504545518,1782475646504586339,1782475646504586339,1782475646504586339,3,1.000000000000,1.000000000000,1.000000000000,1
841,42731,42731,1782475646504663536,1782475646504663536,1782475646504706267,1782475646504706267,1782475646504706267,3,1.000000000000,1.000000000000,1.000000000000,1
842,36452,36452,1782475646504779414,1782475646504779414,1782475646504815866,1782475646504815866,1782475646504815866,3,1.000000000000,1.000000000000,1.000000000000,1
843,38312,38312,1782475646504891392,1782475646504891392,1782475646504929704,1782475646504929704,1782475646504929704,2,1.000000000000,1.000000000000,1.000000000000,1
844,36712,36712,1782475646505008840,1782475646505008840,1782475646505045552,1782475646505045552,1782475646505045552,0,1.000000000000,1.000000000000,1.000000000000,1
845,41702,41702,1782475646505124958,1782475646505124958,1782475646505166660,1782475646505166660,1782475646505166660,1,1.000000000000,1.000000000000,1.000000000000,1
846,37484,37484,1782475646505238955,1782475646505238955,1782475646505276439,1782475646505276439,1782475646505276439,2,1.000000000000,1.000000000000,1.000000000000,1
847,38404,38404,1782475646505365553,1782475646505365553,1782475646505403957,1782475646505403957,1782475646505403957,2,1.000000000000,1.000000000000,1.000000000000,1
848,36714,36714,1782475646505474911,1782475646505474911,1782475646505511625,1782475646505511625,1782475646505511625,1,1.000000000000,1.000000000000,1.000000000000,1
849,38684,38684,1782475646505591519,1782475646505591519,1782475646505630203,1782475646505630203,1782475646505630203,2,1.000000000000,1.000000000000,1.000000000000,1
850,38984,38984,1782475646505707227,1782475646505707227,1782475646505746211,1782475646505746211,1782475646505746211,3,1.000000000000,1.000000000000,1.000000000000,1
851,37815,37815,1782475646505820575,1782475646505820575,1782475646505858390,1782475646505858390,1782475646505858390,1,1.000000000000,1.000000000000,1.000000000000,1
852,37845,37845,1782475646505939193,1782475646505939193,1782475646505977038,1782475646505977038,1782475646505977038,1,1.000000000000,1.000000000000,1.000000000000,1
853,37725,37725,1782475646506052481,1782475646506052481,1782475646506090206,1782475646506090206,1782475646506090206,3,1.000000000000,1.000000000000,1.000000000000,1
854,38355,38355,1782475646506167339,1782475646506167339,1782475646506205694,1782475646506205694,1782475646506205694,3,1.000000000000,1.000000000000,1.000000000000,1
855,46705,46705,1782475646506282357,1782475646506282357,1782475646506329062,1782475646506329062,1782475646506329062,1,1.000000000000,1.000000000000,1.000000000000,1
856,40796,40796,1782475646506409015,1782475646506409015,1782475646506449811,1782475646506449811,1782475646506449811,0,1.000000000000,1.000000000000,1.000000000000,1
857,36956,36956,1782475646506521143,1782475646506521143,1782475646506558099,1782475646506558099,1782475646506558099,1,1.000000000000,1.000000000000,1.000000000000,1
858,37407,37407,1782475646506637920,1782475646506637920,1782475646506675327,1782475646506675327,1782475646506675327,1,1.000000000000,1.000000000000,1.000000000000,1
859,36527,36527,1782475646506750538,1782475646506750538,1782475646506787065,1782475646506787065,1782475646506787065,3,1.000000000000,1.000000000000,1.000000000000,1
860,36178,36178,1782475646506866286,1782475646506866286,1782475646506902464,1782475646506902464,1782475646506902464,1,1.000000000000,1.000000000000,1.000000000000,1
861,40088,40088,1782475646506979804,1782475646506979804,1782475646507019892,1782475646507019892,1782475646507019892,2,1.000000000000,1.000000000000,1.000000000000,1
862,36588,36588,1782475646507105032,1782475646507105032,1782475646507141620,1782475646507141620,1782475646507141620,1,1.000000000000,1.000000000000,1.000000000000,1
863,38328,38328,1782475646507218940,1782475646507218940,1782475646507257268,1782475646507257268,1782475646507257268,3,1.000000000000,1.000000000000,1.000000000000,1
864,38419,38419,1782475646507341708,1782475646507341708,1782475646507380127,1782475646507380127,1782475646507380127,0,1.000000000000,1.000000000000,1.000000000000,1
865,36299,36299,1782475646507455527,1782475646507455527,1782475646507491826,1782475646507491826,1782475646507491826,0,1.000000000000,1.000000000000,1.000000000000,1
866,40879,40879,1782475646507571655,1782475646507571655,1782475646507612534,1782475646507612534,1782475646507612534,2,1.000000000000,1.000000000000,1.000000000000,1
867,40999,40999,1782475646507687183,1782475646507687183,1782475646507728182,1782475646507728182,1782475646507728182,3,1.000000000000,1.000000000000,1.000000000000,1
868,36539,36539,1782475646507801921,1782475646507801921,1782475646507838460,1782475646507838460,1782475646507838460,0,1.000000000000,1.000000000000,1.000000000000,1
869,36280,36280,1782475646507916789,1782475646507916789,1782475646507953069,1782475646507953069,1782475646507953069,3,1.000000000000,1.000000000000,1.000000000000,1
870,36921,36921,1782475646508037586,1782475646508037586,1782475646508074507,1782475646508074507,1782475646508074507,3,1.000000000000,1.000000000000,1.000000000000,1
871,37771,37771,1782475646508165834,1782475646508165834,1782475646508203605,1782475646508203605,1782475646508203605,3,1.000000000000,1.000000000000,1.000000000000,1
872,46071,46071,1782475646508281842,1782475646508281842,1782475646508327913,1782475646508327913,1782475646508327913,2,1.000000000000,1.000000000000,1.000000000000,1
873,42511,42511,1782475646508418230,1782475646508418230,1782475646508460741,1782475646508460741,1782475646508460741,3,1.000000000000,1.000000000000,1.000000000000,1
874,37401,37401,1782475646508533218,1782475646508533218,1782475646508570619,1782475646508570619,1782475646508570619,2,1.000000000000,1.000000000000,1.000000000000,1
875,38542,38542,1782475646508650925,1782475646508650925,1782475646508689467,1782475646508689467,1782475646508689467,0,1.000000000000,1.000000000000,1.000000000000,1
876,38902,38902,1782475646508755944,1782475646508755944,1782475646508794846,1782475646508794846,1782475646508794846,3,1.000000000000,1.000000000000,1.000000000000,1
877,38173,38173,1782475646508875861,1782475646508875861,1782475646508914034,1782475646508914034,1782475646508914034,0,1.000000000000,1.000000000000,1.000000000000,1
878,38343,38343,1782475646508988269,1782475646508988269,1782475646509026612,1782475646509026612,1782475646509026612,0,1.000000000000,1.000000000000,1.000000000000,1
879,36813,36813,1782475646509107757,1782475646509107757,1782475646509144570,1782475646509144570,1782475646509144570,3,1.000000000000,1.000000000000,1.000000000000,1
880,36844,36844,1782475646509222015,1782475646509222015,1782475646509258859,1782475646509258859,1782475646509258859,2,1.000000000000,1.000000000000,1.000000000000,1
881,41334,41334,1782475646509344003,1782475646509344003,1782475646509385337,1782475646509385337,1782475646509385337,0,1.000000000000,1.000000000000,1.000000000000,1
882,36274,36274,1782475646509453431,1782475646509453431,1782475646509489705,1782475646509489705,1782475646509489705,1,1.000000000000,1.000000000000,1.000000000000,1
883,36484,36484,1782475646509568039,1782475646509568039,1782475646509604523,1782475646509604523,1782475646509604523,1,1.000000000000,1.000000000000,1.000000000000,1
884,39794,39794,1782475646509691397,1782475646509691397,1782475646509731191,1782475646509731191,1782475646509731191,0,1.000000000000,1.000000000000,1.000000000000,1
885,36655,36655,1782475646509798015,1782475646509798015,1782475646509834670,1782475646509834670,1782475646509834670,0,1.000000000000,1.000000000000,1.000000000000,1
886,36175,36175,1782475646509910093,1782475646509910093,1782475646509946268,1782475646509946268,1782475646509946268,1,1.000000000000,1.000000000000,1.000000000000,1
887,36545,36545,1782475646510025781,1782475646510025781,1782475646510062326,1782475646510062326,1782475646510062326,0,1.000000000000,1.000000000000,1.000000000000,1
888,50465,50465,1782475646510146319,1782475646510146319,1782475646510196784,1782475646510196784,1782475646510196784,0,1.000000000000,1.000000000000,1.000000000000,1
889,37216,37216,1782475646510260657,1782475646510260657,1782475646510297873,1782475646510297873,1782475646510297873,2,1.000000000000,1.000000000000,1.000000000000,1
890,36747,36747,1782475646510382725,1782475646510382725,1782475646510419472,1782475646510419472,1782475646510419472,3,1.000000000000,1.000000000000,1.000000000000,1
891,36836,36836,1782475646510495124,1782475646510495124,1782475646510531960,1782475646510531960,1782475646510531960,0,1.000000000000,1.000000000000,1.000000000000,1
892,39177,39177,1782475646510614821,1782475646510614821,1782475646510653998,1782475646510653998,1782475646510653998,2,1.000000000000,1.000000000000,1.000000000000,1
893,37468,37468,1782475646510728379,1782475646510728379,1782475646510765847,1782475646510765847,1782475646510765847,3,1.000000000000,1.000000000000,1.000000000000,1
894,41558,41558,1782475646510841227,1782475646510841227,1782475646510882785,1782475646510882785,1782475646510882785,0,1.000000000000,1.000000000000,1.000000000000,1
895,38078,38078,1782475646510958355,1782475646510958355,1782475646510996433,1782475646510996433,1782475646510996433,2,1.000000000000,1.000000000000,1.000000000000,1
896,37238,37238,1782475646511071783,1782475646511071783,1782475646511109021,1782475646511109021,1782475646511109021,1,1.000000000000,1.000000000000,1.000000000000,1
897,38129,38129,1782475646511186511,1782475646511186511,1782475646511224640,1782475646511224640,1782475646511224640,0,1.000000000000,1.000000000000,1.000000000000,1
898,39779,39779,1782475646511301259,1782475646511301259,1782475646511341038,1782475646511341038,1782475646511341038,3,1.000000000000,1.000000000000,1.000000000000,1
899,38119,38119,1782475646511423827,1782475646511423827,1782475646511461946,1782475646511461946,1782475646511461946,3,1.000000000000,1.000000000000,1.000000000000,1
900,36999,36999,1782475646511536965,1782475646511536965,1782475646511573964,1782475646511573964,1782475646511573964,3,1.000000000000,1.000000000000,1.000000000000,1
901,45409,45409,1782475646511652313,1782475646511652313,1782475646511697722,1782475646511697722,1782475646511697722,1,1.000000000000,1.000000000000,1.000000000000,1
902,36560,36560,1782475646511765951,1782475646511765951,1782475646511802511,1782475646511802511,1782475646511802511,0,1.000000000000,1.000000000000,1.000000000000,1
903,37310,37310,1782475646511893449,1782475646511893449,1782475646511930759,1782475646511930759,1782475646511930759,3,1.000000000000,1.000000000000,1.000000000000,1
904,36960,36960,1782475646511995577,1782475646511995577,1782475646512032537,1782475646512032537,1782475646512032537,3,1.000000000000,1.000000000000,1.000000000000,1
905,36580,36580,1782475646512111955,1782475646512111955,1782475646512148535,1782475646512148535,1782475646512148535,1,1.000000000000,1.000000000000,1.000000000000,1
906,37831,37831,1782475646512233012,1782475646512233012,1782475646512270843,1782475646512270843,1782475646512270843,3,1.000000000000,1.000000000000,1.000000000000,1
907,38982,38982,1782475646512349740,1782475646512349740,1782475646512388722,1782475646512388722,1782475646512388722,0,1.000000000000,1.000000000000,1.000000000000,1
908,38462,38462,1782475646512463598,1782475646512463598,1782475646512502060,1782475646512502060,1782475646512502060,3,1.000000000000,1.000000000000,1.000000000000,1
909,39202,39202,1782475646512575846,1782475646512575846,1782475646512615048,1782475646512615048,1782475646512615048,0,1.000000000000,1.000000000000,1.000000000000,1
910,43022,43022,1782475646512692434,1782475646512692434,1782475646512735456,1782475646512735456,1782475646512735456,2,1.000000000000,1.000000000000,1.000000000000,1
911,37183,37183,1782475646512805842,1782475646512805842,1782475646512843025,1782475646512843025,1782475646512843025,1,1.000000000000,1.000000000000,1.000000000000,1
912,36983,36983,1782475646512919860,1782475646512919860,1782475646512956843,1782475646512956843,1782475646512956843,2,1.000000000000,1.000000000000,1.000000000000,1
913,36603,36603,1782475646513036028,1782475646513036028,1782475646513072631,1782475646513072631,1782475646513072631,2,1.000000000000,1.000000000000,1.000000000000,1
914,37963,37963,1782475646513154396,1782475646513154396,1782475646513192359,1782475646513192359,1782475646513192359,0,1.000000000000,1.000000000000,1.000000000000,1
915,36854,36854,1782475646513270814,1782475646513270814,1782475646513307668,1782475646513307668,1782475646513307668,0,1.000000000000,1.000000000000,1.000000000000,1
916,44045,44045,1782475646513394562,1782475646513394562,1782475646513438607,1782475646513438607,1782475646513438607,0,1.000000000000,1.000000000000,1.000000000000,1
917,38494,38494,1782475646513512591,1782475646513512591,1782475646513551085,1782475646513551085,1782475646513551085,1,1.000000000000,1.000000000000,1.000000000000,1
918,38424,38424,1782475646513624359,1782475646513624359,1782475646513662783,1782475646513662783,1782475646513662783,1,1.000000000000,1.000000000000,1.000000000000,1
919,39315,39315,1782475646513740826,1782475646513740826,1782475646513780141,1782475646513780141,1782475646513780141,2,1.000000000000,1.000000000000,1.000000000000,1
920,38516,38516,1782475646513853244,1782475646513853244,1782475646513891760,1782475646513891760,1782475646513891760,0,1.000000000000,1.000000000000,1.000000000000,1
921,48336,48336,1782475646513970032,1782475646513970032,1782475646514018368,1782475646514018368,1782475646514018368,1,1.000000000000,1.000000000000,1.000000000000,1
922,36896,36896,1782475646514089410,1782475646514089410,1782475646514126306,1782475646514126306,1782475646514126306,3,1.000000000000,1.000000000000,1.000000000000,1
923,43226,43226,1782475646514203378,1782475646514203378,1782475646514246604,1782475646514246604,1782475646514246604,0,1.000000000000,1.000000000000,1.000000000000,1
924,37806,37806,1782475646514325796,1782475646514325796,1782475646514363602,1782475646514363602,1782475646514363602,0,1.000000000000,1.000000000000,1.000000000000,1
925,41616,41616,1782475646514439944,1782475646514439944,1782475646514481560,1782475646514481560,1782475646514481560,0,1.000000000000,1.000000000000,1.000000000000,1
926,38397,38397,1782475646514551792,1782475646514551792,1782475646514590189,1782475646514590189,1782475646514590189,3,1.000000000000,1.000000000000,1.000000000000,1
927,38097,38097,1782475646514668650,1782475646514668650,1782475646514706747,1782475646514706747,1782475646514706747,2,1.000000000000,1.000000000000,1.000000000000,1
928,35047,35047,1782475646514784208,1782475646514784208,1782475646514819255,1782475646514819255,1782475646514819255,3,1.000000000000,1.000000000000,1.000000000000,1
929,40567,40567,1782475646514898966,1782475646514898966,1782475646514939533,1782475646514939533,1782475646514939533,1,1.000000000000,1.000000000000,1.000000000000,1
930,35038,35038,1782475646515014024,1782475646515014024,1782475646515049062,1782475646515049062,1782475646515049062,3,1.000000000000,1.000000000000,1.000000000000,1
931,35858,35858,1782475646515133792,1782475646515133792,1782475646515169650,1782475646515169650,1782475646515169650,2,1.000000000000,1.000000000000,1.000000000000,1
932,35338,35338,1782475646515244670,1782475646515244670,1782475646515280008,1782475646515280008,1782475646515280008,0,1.000000000000,1.000000000000,1.000000000000,1
933,35919,35919,1782475646515361687,1782475646515361687,1782475646515397606,1782475646515397606,1782475646515397606,1,1.000000000000,1.000000000000,1.000000000000,1
934,35430,35430,1782475646515476215,1782475646515476215,1782475646515511645,1782475646515511645,1782475646515511645,0,1.000000000000,1.000000000000,1.000000000000,1
935,34460,34460,1782475646515589533,1782475646515589533,1782475646515623993,1782475646515623993,1782475646515623993,0,1.000000000000,1.000000000000,1.000000000000,1
936,39010,39010,1782475646515709971,1782475646515709971,1782475646515748981,1782475646515748981,1782475646515748981,0,1.000000000000,1.000000000000,1.000000000000,1
937,36820,36820,1782475646515824149,1782475646515824149,1782475646515860969,1782475646515860969,1782475646515860969,1,1.000000000000,1.000000000000,1.000000000000,1
938,34990,34990,1782475646515943057,1782475646515943057,1782475646515978047,1782475646515978047,1782475646515978047,3,1.000000000000,1.000000000000,1.000000000000,1
939,36161,36161,1782475646516059925,1782475646516059925,1782475646516096086,1782475646516096086,1782475646516096086,3,1.000000000000,1.000000000000,1.000000000000,1
940,35811,35811,1782475646516175773,1782475646516175773,1782475646516211584,1782475646516211584,1782475646516211584,0,1.000000000000,1.000000000000,1.000000000000,1
941,36591,36591,1782475646516293361,1782475646516293361,1782475646516329952,1782475646516329952,1782475646516329952,3,1.000000000000,1.000000000000,1.000000000000,1
942,37092,37092,1782475646516414219,1782475646516414219,1782475646516451311,1782475646516451311,1782475646516451311,0,1.000000000000,1.000000000000,1.000000000000,1
943,36011,36011,1782475646516531058,1782475646516531058,1782475646516567069,1782475646516567069,1782475646516567069,3,1.000000000000,1.000000000000,1.000000000000,1
944,35872,35872,1782475646516643576,1782475646516643576,1782475646516679448,1782475646516679448,1782475646516679448,2,1.000000000000,1.000000000000,1.000000000000,1
945,35982,35982,1782475646516757444,1782475646516757444,1782475646516793426,1782475646516793426,1782475646516793426,3,1.000000000000,1.000000000000,1.000000000000,1
946,39103,39103,1782475646516871511,1782475646516871511,1782475646516910614,1782475646516910614,1782475646516910614,3,1.000000000000,1.000000000000,1.000000000000,1
947,35373,35373,1782475646516988109,1782475646516988109,1782475646517023482,1782475646517023482,1782475646517023482,0,1.000000000000,1.000000000000,1.000000000000,1
948,35104,35104,1782475646517104437,1782475646517104437,1782475646517139541,1782475646517139541,1782475646517139541,0,1.000000000000,1.000000000000,1.000000000000,1
949,34884,34884,1782475646517221365,1782475646517221365,1782475646517256249,1782475646517256249,1782475646517256249,0,1.000000000000,1.000000000000,1.000000000000,1
950,37124,37124,1782475646517345393,1782475646517345393,1782475646517382517,1782475646517382517,1782475646517382517,1,1.000000000000,1.000000000000,1.000000000000,1
951,35774,35774,1782475646517457461,1782475646517457461,1782475646517493235,1782475646517493235,1782475646517493235,3,1.000000000000,1.000000000000,1.000000000000,1
952,39084,39084,1782475646517572759,1782475646517572759,1782475646517611843,1782475646517611843,1782475646517611843,1,1.000000000000,1.000000000000,1.000000000000,1
953,38665,38665,1782475646517690457,1782475646517690457,1782475646517729122,1782475646517729122,1782475646517729122,2,1.000000000000,1.000000000000,1.000000000000,1
954,46065,46065,1782475646517811145,1782475646517811145,1782475646517857210,1782475646517857210,1782475646517857210,3,1.000000000000,1.000000000000,1.000000000000,1
955,35525,35525,1782475646517923853,1782475646517923853,1782475646517959378,1782475646517959378,1782475646517959378,3,1.000000000000,1.000000000000,1.000000000000,1
956,35565,35565,1782475646518041871,1782475646518041871,1782475646518077436,1782475646518077436,1782475646518077436,3,1.000000000000,1.000000000000,1.000000000000,1
957,43986,43986,1782475646518161178,1782475646518161178,1782475646518205164,1782475646518205164,1782475646518205164,2,1.000000000000,1.000000000000,1.000000000000,1
958,35247,35247,1782475646518278976,1782475646518278976,1782475646518314223,1782475646518314223,1782475646518314223,1,1.000000000000,1.000000000000,1.000000000000,1
959,35527,35527,1782475646518406144,1782475646518406144,1782475646518441671,1782475646518441671,1782475646518441671,2,1.000000000000,1.000000000000,1.000000000000,1
960,35347,35347,1782475646518512702,1782475646518512702,1782475646518548049,1782475646518548049,1782475646518548049,1,1.000000000000,1.000000000000,1.000000000000,1
961,41537,41537,1782475646518628950,1782475646518628950,1782475646518670487,1782475646518670487,1782475646518670487,3,1.000000000000,1.000000000000,1.000000000000,1
962,37167,37167,1782475646518742548,1782475646518742548,1782475646518779715,1782475646518779715,1782475646518779715,1,1.000000000000,1.000000000000,1.000000000000,1
963,36218,36218,1782475646518856586,1782475646518856586,1782475646518892804,1782475646518892804,1782475646518892804,0,1.000000000000,1.000000000000,1.000000000000,1
964,36318,36318,1782475646518971244,1782475646518971244,1782475646519007562,1782475646519007562,1782475646519007562,2,1.000000000000,1.000000000000,1.000000000000,1
965,35738,35738,1782475646519092912,1782475646519092912,1782475646519128650,1782475646519128650,1782475646519128650,3,1.000000000000,1.000000000000,1.000000000000,1
966,38798,38798,1782475646519206290,1782475646519206290,1782475646519245088,1782475646519245088,1782475646519245088,2,1.000000000000,1.000000000000,1.000000000000,1
967,35270,35270,1782475646519328428,1782475646519328428,1782475646519363698,1782475646519363698,1782475646519363698,0,1.000000000000,1.000000000000,1.000000000000,1
968,40249,40249,1782475646519440247,1782475646519440247,1782475646519480496,1782475646519480496,1782475646519480496,3,1.000000000000,1.000000000000,1.000000000000,1
969,36369,36369,1782475646519553635,1782475646519553635,1782475646519590004,1782475646519590004,1782475646519590004,1,1.000000000000,1.000000000000,1.000000000000,1
970,36699,36699,1782475646519671883,1782475646519671883,1782475646519708582,1782475646519708582,1782475646519708582,0,1.000000000000,1.000000000000,1.000000000000,1
971,35870,35870,1782475646519781931,1782475646519781931,1782475646519817801,1782475646519817801,1782475646519817801,1,1.000000000000,1.000000000000,1.000000000000,1
972,38050,38050,1782475646519903459,1782475646519903459,1782475646519941509,1782475646519941509,1782475646519941509,2,1.000000000000,1.000000000000,1.000000000000,1
973,35800,35800,1782475646520017447,1782475646520017447,1782475646520053247,1782475646520053247,1782475646520053247,0,1.000000000000,1.000000000000,1.000000000000,1
974,35331,35331,1782475646520140304,1782475646520140304,1782475646520175635,1782475646520175635,1782475646520175635,0,1.000000000000,1.000000000000,1.000000000000,1
975,35921,35921,1782475646520256512,1782475646520256512,1782475646520292433,1782475646520292433,1782475646520292433,2,1.000000000000,1.000000000000,1.000000000000,1
976,35692,35692,1782475646520375970,1782475646520375970,1782475646520411662,1782475646520411662,1782475646520411662,0,1.000000000000,1.000000000000,1.000000000000,1
977,35232,35232,1782475646520492408,1782475646520492408,1782475646520527640,1782475646520527640,1782475646520527640,3,1.000000000000,1.000000000000,1.000000000000,1
978,35192,35192,1782475646520608106,1782475646520608106,1782475646520643298,1782475646520643298,1782475646520643298,2,1.000000000000,1.000000000000,1.000000000000,1
979,36312,36312,1782475646520722044,1782475646520722044,1782475646520758356,1782475646520758356,1782475646520758356,2,1.000000000000,1.000000000000,1.000000000000,1
980,35952,35952,1782475646520836692,1782475646520836692,1782475646520872644,1782475646520872644,1782475646520872644,3,1.000000000000,1.000000000000,1.000000000000,1
981,36993,36993,1782475646520950190,1782475646520950190,1782475646520987183,1782475646520987183,1782475646520987183,1,1.000000000000,1.000000000000,1.000000000000,1
982,36193,36193,1782475646521067468,1782475646521067468,1782475646521103661,1782475646521103661,1782475646521103661,3,1.000000000000,1.000000000000,1.000000000000,1
983,35993,35993,1782475646521181116,1782475646521181116,1782475646521217109,1782475646521217109,1782475646521217109,1,1.000000000000,1.000000000000,1.000000000000,1
984,39203,39203,1782475646521297604,1782475646521297604,1782475646521336807,1782475646521336807,1782475646521336807,2,1.000000000000,1.000000000000,1.000000000000,1
985,44013,44013,1782475646521419342,1782475646521419342,1782475646521463355,1782475646521463355,1782475646521463355,3,1.000000000000,1.000000000000,1.000000000000,1
986,40484,40484,1782475646521536630,1782475646521536630,1782475646521577114,1782475646521577114,1782475646521577114,0,1.000000000000,1.000000000000,1.000000000000,1
987,45185,45185,1782475646521655587,1782475646521655587,1782475646521700772,1782475646521700772,1782475646521700772,3,1.000000000000,1.000000000000,1.000000000000,1
988,41864,41864,1782475646521761936,1782475646521761936,1782475646521803800,1782475646521803800,1782475646521803800,0,1.000000000000,1.000000000000,1.000000000000,1
989,43846,43846,1782475646521876523,1782475646521876523,1782475646521920369,1782475646521920369,1782475646521920369,2,1.000000000000,1.000000000000,1.000000000000,1
990,35016,35016,1782475646521989341,1782475646521989341,1782475646522024357,1782475646522024357,1782475646522024357,3,1.000000000000,1.000000000000,1.000000000000,1
991,35386,35386,1782475646522106919,1782475646522106919,1782475646522142305,1782475646522142305,1782475646522142305,1,1.000000000000,1.000000000000,1.000000000000,1
992,35366,35366,1782475646522222787,1782475646522222787,1782475646522258153,1782475646522258153,1782475646522258153,0,1.000000000000,1.000000000000,1.000000000000,1
993,36767,36767,1782475646522345795,1782475646522345795,1782475646522382562,1782475646522382562,1782475646522382562,0,1.000000000000,1.000000000000,1.000000000000,1
994,35087,35087,1782475646522456274,1782475646522456274,1782475646522491361,1782475646522491361,1782475646522491361,0,1.000000000000,1.000000000000,1.000000000000,1
995,35427,35427,1782475646522569412,1782475646522569412,1782475646522604839,1782475646522604839,1782475646522604839,1,1.000000000000,1.000000000000,1.000000000000,1
996,35847,35847,1782475646522684880,1782475646522684880,1782475646522720727,1782475646522720727,1782475646522720727,1,1.000000000000,1.000000000000,1.000000000000,1
997,35717,35717,1782475646522812018,1782475646522812018,1782475646522847735,1782475646522847735,1782475646522847735,2,1.000000000000,1.000000000000,1.000000000000,1
998,34748,34748,1782475646522926426,1782475646522926426,1782475646522961174,1782475646522961174,1782475646522961174,0,1.000000000000,1.000000000000,1.000000000000,1
999,35108,35108,1782475646523046304,1782475646523046304,1782475646523081412,1782475646523081412,1782475646523081412,3,1.000000000000,1.000000000000,1.000000000000,1
1000,40798,40798,1782475646523150902,1782475646523150902,1782475646523191700,1782475646523191700,1782475646523191700,3,1.000000000000,1.000000000000,1.000000000000,1
1001,38798,38798,1782475646523268780,1782475646523268780,1782475646523307578,1782475646523307578,1782475646523307578,1,1.000000000000,1.000000000000,1.000000000000,1
1002,36049,36049,1782475646523395667,1782475646523395667,1782475646523431716,1782475646523431716,1782475646523431716,0,1.000000000000,1.000000000000,1.000000000000,1
1003,37710,37710,1782475646523506345,1782475646523506345,1782475646523544055,1782475646523544055,1782475646523544055,1,1.000000000000,1.000000000000,1.000000000000,1
1004,38390,38390,1782475646523622563,1782475646523622563,1782475646523660953,1782475646523660953,1782475646523660953,1,1.000000000000,1.000000000000,1.000000000000,1
1005,39320,39320,1782475646523737401,1782475646523737401,1782475646523776721,1782475646523776721,1782475646523776721,3,1.000000000000,1.000000000000,1.000000000000,1
1006,40020,40020,1782475646523851619,1782475646523851619,1782475646523891639,1782475646523891639,1782475646523891639,3,1.000000000000,1.000000000000,1.000000000000,1
1007,38130,38130,1782475646523967067,1782475646523967067,1782475646524005197,1782475646524005197,1782475646524005197,2,1.000000000000,1.000000000000,1.000000000000,1
1008,37801,37801,1782475646524084505,1782475646524084505,1782475646524122306,1782475646524122306,1782475646524122306,2,1.000000000000,1.000000000000,1.000000000000,1
1009,38071,38071,1782475646524199443,1782475646524199443,1782475646524237514,1782475646524237514,1782475646524237514,3,1.000000000000,1.000000000000,1.000000000000,1
1010,38061,38061,1782475646524323431,1782475646524323431,1782475646524361492,1782475646524361492,1782475646524361492,2,1.000000000000,1.000000000000,1.000000000000,1
1011,39921,39921,1782475646524436009,1782475646524436009,1782475646524475930,1782475646524475930,1782475646524475930,1,1.000000000000,1.000000000000,1.000000000000,1
1012,36082,36082,1782475646524553257,1782475646524553257,1782475646524589339,1782475646524589339,1782475646524589339,1,1.000000000000,1.000000000000,1.000000000000,1
1013,39952,39952,1782475646524666835,1782475646524666835,1782475646524706787,1782475646524706787,1782475646524706787,0,1.000000000000,1.000000000000,1.000000000000,1
1014,37153,37153,1782475646524783582,1782475646524783582,1782475646524820735,1782475646524820735,1782475646524820735,0,1.000000000000,1.000000000000,1.000000000000,1
1015,36683,36683,1782475646524909190,1782475646524909190,1782475646524945873,1782475646524945873,1782475646524945873,0,1.000000000000,1.000000000000,1.000000000000,1
1016,37073,37073,1782475646525013958,1782475646525013958,1782475646525051031,1782475646525051031,1782475646525051031,3,1.000000000000,1.000000000000,1.000000000000,1
1017,38154,38154,1782475646525129446,1782475646525129446,1782475646525167600,1782475646525167600,1782475646525167600,1,1.000000000000,1.000000000000,1.000000000000,1
1018,37294,37294,1782475646525247164,1782475646525247164,1782475646525284458,1782475646525284458,1782475646525284458,1,1.000000000000,1.000000000000,1.000000000000,1
1019,38625,38625,1782475646525367232,1782475646525367232,1782475646525405857,1782475646525405857,1782475646525405857,2,1.000000000000,1.000000000000,1.000000000000,1
1020,84683,84683,1782475646525481951,1782475646525481951,1782475646525566634,1782475646525566634,1782475646525566634,1,1.000000000000,1.000000000000,1.000000000000,1
1021,39304,39304,1782475646525596129,1782475646525596129,1782475646525635433,1782475646525635433,1782475646525635433,1,1.000000000000,1.000000000000,1.000000000000,1
1022,42235,42235,1782475646525718047,1782475646525718047,1782475646525760282,1782475646525760282,1782475646525760282,2,1.000000000000,1.000000000000,1.000000000000,1
1023,38435,38435,1782475646525828375,1782475646525828375,1782475646525866810,1782475646525866810,1782475646525866810,3,1.000000000000,1.000000000000,1.000000000000,1
1024,39605,39605,1782475646525943193,1782475646525943193,1782475646525982798,1782475646525982798,1782475646525982798,3,1.000000000000,1.000000000000,1.000000000000,1
1025,39475,39475,1782475646526060541,1782475646526060541,1782475646526100016,1782475646526100016,1782475646526100016,3,1.000000000000,1.000000000000,1.000000000000,1
1026,38616,38616,1782475646526174109,1782475646526174109,1782475646526212725,1782475646526212725,1782475646526212725,2,1.000000000000,1.000000000000,1.000000000000,1
1027,37316,37316,1782475646526290467,1782475646526290467,1782475646526327783,1782475646526327783,1782475646526327783,0,1.000000000000,1.000000000000,1.000000000000,1
1028,38117,38117,1782475646526409144,1782475646526409144,1782475646526447261,1782475646526447261,1782475646526447261,1,1.000000000000,1.000000000000,1.000000000000,1
1029,38597,38597,1782475646526522922,1782475646526522922,1782475646526561519,1782475646526561519,1782475646526561519,2,1.000000000000,1.000000000000,1.000000000000,1
1030,38227,38227,1782475646526638730,1782475646526638730,1782475646526676957,1782475646526676957,1782475646526676957,0,1.000000000000,1.000000000000,1.000000000000,1
1031,36888,36888,1782475646526751298,1782475646526751298,1782475646526788186,1782475646526788186,1782475646526788186,2,1.000000000000,1.000000000000,1.000000000000,1
1032,37548,37548,1782475646526868406,1782475646526868406,1782475646526905954,1782475646526905954,1782475646526905954,3,1.000000000000,1.000000000000,1.000000000000,1
1033,38728,38728,1782475646526983014,1782475646526983014,1782475646527021742,1782475646527021742,1782475646527021742,3,1.000000000000,1.000000000000,1.000000000000,1
1034,36818,36818,1782475646527100162,1782475646527100162,1782475646527136980,1782475646527136980,1782475646527136980,1,1.000000000000,1.000000000000,1.000000000000,1
1035,39319,39319,1782475646527215070,1782475646527215070,1782475646527254389,1782475646527254389,1782475646527254389,0,1.000000000000,1.000000000000,1.000000000000,1
1036,38569,38569,1782475646527339778,1782475646527339778,1782475646527378347,1782475646527378347,1782475646527378347,0,1.000000000000,1.000000000000,1.000000000000,1
1037,38069,38069,1782475646527449316,1782475646527449316,1782475646527487385,1782475646527487385,1782475646527487385,3,1.000000000000,1.000000000000,1.000000000000,1
1038,35199,35199,1782475646527562144,1782475646527562144,1782475646527597343,1782475646527597343,1782475646527597343,3,1.000000000000,1.000000000000,1.000000000000,1
1039,37270,37270,1782475646527679222,1782475646527679222,1782475646527716492,1782475646527716492,1782475646527716492,1,1.000000000000,1.000000000000,1.000000000000,1
1040,37650,37650,1782475646527793930,1782475646527793930,1782475646527831580,1782475646527831580,1782475646527831580,0,1.000000000000,1.000000000000,1.000000000000,1
1041,41580,41580,1782475646527907118,1782475646527907118,1782475646527948698,1782475646527948698,1782475646527948698,3,1.000000000000,1.000000000000,1.000000000000,1
1042,35180,35180,1782475646528022156,1782475646528022156,1782475646528057336,1782475646528057336,1782475646528057336,0,1.000000000000,1.000000000000,1.000000000000,1
1043,38391,38391,1782475646528145133,1782475646528145133,1782475646528183524,1782475646528183524,1782475646528183524,1,1.000000000000,1.000000000000,1.000000000000,1
1044,38172,38172,1782475646528254011,1782475646528254011,1782475646528292183,1782475646528292183,1782475646528292183,1,1.000000000000,1.000000000000,1.000000000000,1
1045,38733,38733,1782475646528374569,1782475646528374569,1782475646528413302,1782475646528413302,1782475646528413302,1,1.000000000000,1.000000000000,1.000000000000,1
1046,37182,37182,1782475646528488568,1782475646528488568,1782475646528525750,1782475646528525750,1782475646528525750,1,1.000000000000,1.000000000000,1.000000000000,1
1047,39362,39362,1782475646528607796,1782475646528607796,1782475646528647158,1782475646528647158,1782475646528647158,1,1.000000000000,1.000000000000,1.000000000000,1
1048,37553,37553,1782475646528720404,1782475646528720404,1782475646528757957,1782475646528757957,1782475646528757957,1,1.000000000000,1.000000000000,1.000000000000,1
1049,38183,38183,1782475646528832772,1782475646528832772,1782475646528870955,1782475646528870955,1782475646528870955,3,1.000000000000,1.000000000000,1.000000000000,1
1050,35313,35313,1782475646528951370,1782475646528951370,1782475646528986683,1782475646528986683,1782475646528986683,0,1.000000000000,1.000000000000,1.000000000000,1
1051,36843,36843,1782475646529064908,1782475646529064908,1782475646529101751,1782475646529101751,1782475646529101751,2,1.000000000000,1.000000000000,1.000000000000,1
1052,38884,38884,1782475646529182146,1782475646529182146,1782475646529221030,1782475646529221030,1782475646529221030,0,1.000000000000,1.000000000000,1.000000000000,1
1053,46374,46374,1782475646529300414,1782475646529300414,1782475646529346788,1782475646529346788,1782475646529346788,3,1.000000000000,1.000000000000,1.000000000000,1
1054,37594,37594,1782475646529421072,1782475646529421072,1782475646529458666,1782475646529458666,1782475646529458666,0,1.000000000000,1.000000000000,1.000000000000,1
1055,38104,38104,1782475646529534050,1782475646529534050,1782475646529572154,1782475646529572154,1782475646529572154,0,1.000000000000,1.000000000000,1.000000000000,1
1056,38325,38325,1782475646529653717,1782475646529653717,1782475646529692042,1782475646529692042,1782475646529692042,1,1.000000000000,1.000000000000,1.000000000000,1
1057,39266,39266,1782475646529771455,1782475646529771455,1782475646529810721,1782475646529810721,1782475646529810721,0,1.000000000000,1.000000000000,1.000000000000,1
1058,38746,38746,1782475646529886303,1782475646529886303,1782475646529925049,1782475646529925049,1782475646529925049,1,1.000000000000,1.000000000000,1.000000000000,1
1059,36276,36276,1782475646529997311,1782475646529997311,1782475646530033587,1782475646530033587,1782475646530033587,0,1.000000000000,1.000000000000,1.000000000000,1
1060,34996,34996,1782475646530113959,1782475646530113959,1782475646530148955,1782475646530148955,1782475646530148955,3,1.000000000000,1.000000000000,1.000000000000,1
1061,38167,38167,1782475646530227957,1782475646530227957,1782475646530266124,1782475646530266124,1782475646530266124,2,1.000000000000,1.000000000000,1.000000000000,1
1062,44367,44367,1782475646530346305,1782475646530346305,1782475646530390672,1782475646530390672,1782475646530390672,2,1.000000000000,1.000000000000,1.000000000000,1
1063,37777,37777,1782475646530461833,1782475646530461833,1782475646530499610,1782475646530499610,1782475646530499610,0,1.000000000000,1.000000000000,1.000000000000,1
1064,38627,38627,1782475646530579171,1782475646530579171,1782475646530617798,1782475646530617798,1782475646530617798,0,1.000000000000,1.000000000000,1.000000000000,1
1065,40717,40717,1782475646530695959,1782475646530695959,1782475646530736676,1782475646530736676,1782475646530736676,2,1.000000000000,1.000000000000,1.000000000000,1
1066,37368,37368,1782475646530814357,1782475646530814357,1782475646530851725,1782475646530851725,1782475646530851725,0,1.000000000000,1.000000000000,1.000000000000,1
1067,38958,38958,1782475646530924555,1782475646530924555,1782475646530963513,1782475646530963513,1782475646530963513,1,1.000000000000,1.000000000000,1.000000000000,1
1068,36908,36908,1782475646531038643,1782475646531038643,1782475646531075551,1782475646531075551,1782475646531075551,1,1.000000000000,1.000000000000,1.000000000000,1
1069,41389,41389,1782475646531158370,1782475646531158370,1782475646531199759,1782475646531199759,1782475646531199759,0,1.000000000000,1.000000000000,1.000000000000,1
1070,37680,37680,1782475646531270808,1782475646531270808,1782475646531308488,1782475646531308488,1782475646531308488,0,1.000000000000,1.000000000000,1.000000000000,1
1071,37291,37291,1782475646531404966,1782475646531404966,1782475646531442257,1782475646531442257,1782475646531442257,0,1.000000000000,1.000000000000,1.000000000000,1
1072,39750,39750,1782475646531514555,1782475646531514555,1782475646531554305,1782475646531554305,1782475646531554305,1,1.000000000000,1.000000000000,1.000000000000,1
1073,37410,37410,1782475646531641553,1782475646531641553,1782475646531678963,1782475646531678963,1782475646531678963,3,1.000000000000,1.000000000000,1.000000000000,1
1074,37260,37260,1782475646531740911,1782475646531740911,1782475646531778171,1782475646531778171,1782475646531778171,1,1.000000000000,1.000000000000,1.000000000000,1
1075,37571,37571,1782475646531854809,1782475646531854809,1782475646531892380,1782475646531892380,1782475646531892380,0,1.000000000000,1.000000000000,1.000000000000,1
1076,38491,38491,1782475646531972767,1782475646531972767,1782475646532011258,1782475646532011258,1782475646532011258,1,1.000000000000,1.000000000000,1.000000000000,1
1077,36401,36401,1782475646532085205,1782475646532085205,1782475646532121606,1782475646532121606,1782475646532121606,1,1.000000000000,1.000000000000,1.000000000000,1
1078,37171,37171,1782475646532201403,1782475646532201403,1782475646532238574,1782475646532238574,1782475646532238574,1,1.000000000000,1.000000000000,1.000000000000,1
1079,37731,37731,1782475646532323431,1782475646532323431,1782475646532361162,1782475646532361162,1782475646532361162,2,1.000000000000,1.000000000000,1.000000000000,1
1080,37082,37082,1782475646532441169,1782475646532441169,1782475646532478251,1782475646532478251,1782475646532478251,1,1.000000000000,1.000000000000,1.000000000000,1
1081,36532,36532,1782475646532554387,1782475646532554387,1782475646532590919,1782475646532590919,1782475646532590919,1,1.000000000000,1.000000000000,1.000000000000,1
1082,36353,36353,1782475646532671784,1782475646532671784,1782475646532708137,1782475646532708137,1782475646532708137,2,1.000000000000,1.000000000000,1.000000000000,1
1083,41363,41363,1782475646532783072,1782475646532783072,1782475646532824435,1782475646532824435,1782475646532824435,0,1.000000000000,1.000000000000,1.000000000000,1
1084,38694,38694,1782475646532899110,1782475646532899110,1782475646532937804,1782475646532937804,1782475646532937804,2,1.000000000000,1.000000000000,1.000000000000,1
1085,37474,37474,1782475646533015068,1782475646533015068,1782475646533052542,1782475646533052542,1782475646533052542,2,1.000000000000,1.000000000000,1.000000000000,1
1086,44794,44794,1782475646533131386,1782475646533131386,1782475646533176180,1782475646533176180,1782475646533176180,1,1.000000000000,1.000000000000,1.000000000000,1
1087,38304,38304,1782475646533250864,1782475646533250864,1782475646533289168,1782475646533289168,1782475646533289168,3,1.000000000000,1.000000000000,1.000000000000,1
1088,39184,39184,1782475646533366942,1782475646533366942,1782475646533406126,1782475646533406126,1782475646533406126,0,1.000000000000,1.000000000000,1.000000000000,1
1089,39575,39575,1782475646533480340,1782475646533480340,1782475646533519915,1782475646533519915,1782475646533519915,2,1.000000000000,1.000000000000,1.000000000000,1
1090,35405,35405,1782475646533599448,1782475646533599448,1782475646533634853,1782475646533634853,1782475646533634853,2,1.000000000000,1.000000000000,1.000000000000,1
1091,39115,39115,1782475646533718766,1782475646533718766,1782475646533757881,1782475646533757881,1782475646533757881,2,1.000000000000,1.000000000000,1.000000000000,1
1092,36375,36375,1782475646533829244,1782475646533829244,1782475646533865619,1782475646533865619,1782475646533865619,1,1.000000000000,1.000000000000,1.000000000000,1
1093,37326,37326,1782475646533943992,1782475646533943992,1782475646533981318,1782475646533981318,1782475646533981318,3,1.000000000000,1.000000000000,1.000000000000,1
1094,39966,39966,1782475646534058350,1782475646534058350,1782475646534098316,1782475646534098316,1782475646534098316,2,1.000000000000,1.000000000000,1.000000000000,1
1095,36816,36816,1782475646534175518,1782475646534175518,1782475646534212334,1782475646534212334,1782475646534212334,0,1.000000000000,1.000000000000,1.000000000000,1
1096,37397,37397,1782475646534290355,1782475646534290355,1782475646534327752,1782475646534327752,1782475646534327752,0,1.000000000000,1.000000000000,1.000000000000,1
1097,41548,41548,1782475646534409463,1782475646534409463,1782475646534451011,1782475646534451011,1782475646534451011,2,1.000000000000,1.000000000000,1.000000000000,1
1098,36708,36708,1782475646534533252,1782475646534533252,1782475646534569960,1782475646534569960,1782475646534569960,2,1.000000000000,1.000000000000,1.000000000000,1
1099,40728,40728,1782475646534650660,1782475646534650660,1782475646534691388,1782475646534691388,1782475646534691388,1,1.000000000000,1.000000000000,1.000000000000,1
1100,38428,38428,1782475646534757408,1782475646534757408,1782475646534795836,1782475646534795836,1782475646534795836,0,1.000000000000,1.000000000000,1.000000000000,1
1101,36798,36798,1782475646534870366,1782475646534870366,1782475646534907164,1782475646534907164,1782475646534907164,2,1.000000000000,1.000000000000,1.000000000000,1
1102,35939,35939,1782475646534994084,1782475646534994084,1782475646535030023,1782475646535030023,1782475646535030023,3,1.000000000000,1.000000000000,1.000000000000,1
1103,36829,36829,1782475646535107122,1782475646535107122,1782475646535143951,1782475646535143951,1782475646535143951,1,1.000000000000,1.000000000000,1.000000000000,1
1104,37639,37639,1782475646535221950,1782475646535221950,1782475646535259589,1782475646535259589,1782475646535259589,2,1.000000000000,1.000000000000,1.000000000000,1
1105,38789,38789,1782475646535342218,1782475646535342218,1782475646535381007,1782475646535381007,1782475646535381007,3,1.000000000000,1.000000000000,1.000000000000,1
1106,37329,37329,1782475646535457296,1782475646535457296,1782475646535494625,1782475646535494625,1782475646535494625,0,1.000000000000,1.000000000000,1.000000000000,1
1107,39590,39590,1782475646535574534,1782475646535574534,1782475646535614124,1782475646535614124,1782475646535614124,0,1.000000000000,1.000000000000,1.000000000000,1
1108,40041,40041,1782475646535692291,1782475646535692291,1782475646535732332,1782475646535732332,1782475646535732332,1,1.000000000000,1.000000000000,1.000000000000,1
1109,39441,39441,1782475646535806539,1782475646535806539,1782475646535845980,1782475646535845980,1782475646535845980,2,1.000000000000,1.000000000000,1.000000000000,1
1110,37381,37381,1782475646535923897,1782475646535923897,1782475646535961278,1782475646535961278,1782475646535961278,1,1.000000000000,1.000000000000,1.000000000000,1
1111,38112,38112,1782475646536040265,1782475646536040265,1782475646536078377,1782475646536078377,1782475646536078377,0,1.000000000000,1.000000000000,1.000000000000,1
1112,38262,38262,1782475646536171293,1782475646536171293,1782475646536209555,1782475646536209555,1782475646536209555,0,1.000000000000,1.000000000000,1.000000000000,1
1113,37012,37012,1782475646536287021,1782475646536287021,1782475646536324033,1782475646536324033,1782475646536324033,1,1.000000000000,1.000000000000,1.000000000000,1
1114,36212,36212,1782475646536407929,1782475646536407929,1782475646536444141,1782475646536444141,1782475646536444141,3,1.000000000000,1.000000000000,1.000000000000,1
1115,45322,45322,1782475646536519617,1782475646536519617,1782475646536564939,1782475646536564939,1782475646536564939,2,1.000000000000,1.000000000000,1.000000000000,1
1116,40482,40482,1782475646536634565,1782475646536634565,1782475646536675047,1782475646536675047,1782475646536675047,2,1.000000000000,1.000000000000,1.000000000000,1
1117,35903,35903,1782475646536747583,1782475646536747583,1782475646536783486,1782475646536783486,1782475646536783486,0,1.000000000000,1.000000000000,1.000000000000,1
1118,38133,38133,1782475646536861691,1782475646536861691,1782475646536899824,1782475646536899824,1782475646536899824,3,1.000000000000,1.000000000000,1.000000000000,1
1119,48984,48984,1782475646536979898,1782475646536979898,1782475646537028882,1782475646537028882,1782475646537028882,1,1.000000000000,1.000000000000,1.000000000000,1
1120,37264,37264,1782475646537092276,1782475646537092276,1782475646537129540,1782475646537129540,1782475646537129540,0,1.000000000000,1.000000000000,1.000000000000,1
1121,35425,35425,1782475646537210024,1782475646537210024,1782475646537245449,1782475646537245449,1782475646537245449,1,1.000000000000,1.000000000000,1.000000000000,1
1122,36826,36826,1782475646537336522,1782475646537336522,1782475646537373348,1782475646537373348,1782475646537373348,2,1.000000000000,1.000000000000,1.000000000000,1
1123,37395,37395,1782475646537451981,1782475646537451981,1782475646537489376,1782475646537489376,1782475646537489376,1,1.000000000000,1.000000000000,1.000000000000,1
1124,40895,40895,1782475646537563359,1782475646537563359,1782475646537604254,1782475646537604254,1782475646537604254,0,1.000000000000,1.000000000000,1.000000000000,1
1125,42005,42005,1782475646537686777,1782475646537686777,1782475646537728782,1782475646537728782,1782475646537728782,3,1.000000000000,1.000000000000,1.000000000000,1
1126,35656,35656,1782475646537799695,1782475646537799695,1782475646537835351,1782475646537835351,1782475646537835351,3,1.000000000000,1.000000000000,1.000000000000,1
1127,35126,35126,1782475646537918923,1782475646537918923,1782475646537954049,1782475646537954049,1782475646537954049,0,1.000000000000,1.000000000000,1.000000000000,1
1128,42556,42556,1782475646538023501,1782475646538023501,1782475646538066057,1782475646538066057,1782475646538066057,1,1.000000000000,1.000000000000,1.000000000000,1
1129,37536,37536,1782475646538139269,1782475646538139269,1782475646538176805,1782475646538176805,1782475646538176805,0,1.000000000000,1.000000000000,1.000000000000,1
1130,35478,35478,1782475646538267246,1782475646538267246,1782475646538302724,1782475646538302724,1782475646538302724,1,1.000000000000,1.000000000000,1.000000000000,1
1131,37278,37278,1782475646538385084,1782475646538385084,1782475646538422362,1782475646538422362,1782475646538422362,3,1.000000000000,1.000000000000,1.000000000000,1
1132,38268,38268,1782475646538501172,1782475646538501172,1782475646538539440,1782475646538539440,1782475646538539440,0,1.000000000000,1.000000000000,1.000000000000,1
1133,37868,37868,1782475646538618300,1782475646538618300,1782475646538656168,1782475646538656168,1782475646538656168,1,1.000000000000,1.000000000000,1.000000000000,1
1134,36708,36708,1782475646538737138,1782475646538737138,1782475646538773846,1782475646538773846,1782475646538773846,0,1.000000000000,1.000000000000,1.000000000000,1
1135,36469,36469,1782475646538847836,1782475646538847836,1782475646538884305,1782475646538884305,1782475646538884305,2,1.000000000000,1.000000000000,1.000000000000,1
1136,36089,36089,1782475646538962254,1782475646538962254,1782475646538998343,1782475646538998343,1782475646538998343,2,1.000000000000,1.000000000000,1.000000000000,1
1137,36759,36759,1782475646539078052,1782475646539078052,1782475646539114811,1782475646539114811,1782475646539114811,3,1.000000000000,1.000000000000,1.000000000000,1
1138,36479,36479,1782475646539191790,1782475646539191790,1782475646539228269,1782475646539228269,1782475646539228269,3,1.000000000000,1.000000000000,1.000000000000,1
1139,46459,46459,1782475646539310538,1782475646539310538,1782475646539356997,1782475646539356997,1782475646539356997,2,1.000000000000,1.000000000000,1.000000000000,1
1140,37890,37890,1782475646539429916,1782475646539429916,1782475646539467806,1782475646539467806,1782475646539467806,2,1.000000000000,1.000000000000,1.000000000000,1
1141,38040,38040,1782475646539543494,1782475646539543494,1782475646539581534,1782475646539581534,1782475646539581534,2,1.000000000000,1.000000000000,1.000000000000,1
1142,36590,36590,1782475646539655832,1782475646539655832,1782475646539692422,1782475646539692422,1782475646539692422,2,1.000000000000,1.000000000000,1.000000000000,1
1143,34651,34651,1782475646539771099,1782475646539771099,1782475646539805750,1782475646539805750,1782475646539805750,3,1.000000000000,1.000000000000,1.000000000000,1
1144,37392,37392,1782475646539885267,1782475646539885267,1782475646539922659,1782475646539922659,1782475646539922659,2,1.000000000000,1.000000000000,1.000000000000,1
1145,37892,37892,1782475646540005055,1782475646540005055,1782475646540042947,1782475646540042947,1782475646540042947,1,1.000000000000,1.000000000000,1.000000000000,1
1146,34472,34472,1782475646540119893,1782475646540119893,1782475646540154365,1782475646540154365,1782475646540154365,1,1.000000000000,1.000000000000,1.000000000000,1
1147,38512,38512,1782475646540238091,1782475646540238091,1782475646540276603,1782475646540276603,1782475646540276603,0,1.000000000000,1.000000000000,1.000000000000,1
1148,36393,36393,1782475646540358269,1782475646540358269,1782475646540394662,1782475646540394662,1782475646540394662,3,1.000000000000,1.000000000000,1.000000000000,1
1149,37713,37713,1782475646540469808,1782475646540469808,1782475646540507521,1782475646540507521,1782475646540507521,3,1.000000000000,1.000000000000,1.000000000000,1
1150,38113,38113,1782475646540583526,1782475646540583526,1782475646540621639,1782475646540621639,1782475646540621639,0,1.000000000000,1.000000000000,1.000000000000,1
1151,38193,38193,1782475646540696494,1782475646540696494,1782475646540734687,1782475646540734687,1782475646540734687,1,1.000000000000,1.000000000000,1.000000000000,1
1152,43843,43843,1782475646540814512,1782475646540814512,1782475646540858355,1782475646540858355,1782475646540858355,1,1.000000000000,1.000000000000,1.000000000000,1
1153,39154,39154,1782475646540927460,1782475646540927460,1782475646540966614,1782475646540966614,1782475646540966614,2,1.000000000000,1.000000000000,1.000000000000,1
1154,36964,36964,1782475646541042468,1782475646541042468,1782475646541079432,1782475646541079432,1782475646541079432,1,1.000000000000,1.000000000000,1.000000000000,1
1155,38414,38414,1782475646541165516,1782475646541165516,1782475646541203930,1782475646541203930,1782475646541203930,3,1.000000000000,1.000000000000,1.000000000000,1
1156,36464,36464,1782475646541277474,1782475646541277474,1782475646541313938,1782475646541313938,1782475646541313938,1,1.000000000000,1.000000000000,1.000000000000,1
1157,36515,36515,1782475646541413461,1782475646541413461,1782475646541449976,1782475646541449976,1782475646541449976,2,1.000000000000,1.000000000000,1.000000000000,1
1158,35345,35345,1782475646541525109,1782475646541525109,1782475646541560454,1782475646541560454,1782475646541560454,3,1.000000000000,1.000000000000,1.000000000000,1
1159,36656,36656,1782475646541641537,1782475646541641537,1782475646541678193,1782475646541678193,1782475646541678193,0,1.000000000000,1.000000000000,1.000000000000,1
1160,36976,36976,1782475646541755425,1782475646541755425,1782475646541792401,1782475646541792401,1782475646541792401,0,1.000000000000,1.000000000000,1.000000000000,1
1161,35916,35916,1782475646541869513,1782475646541869513,1782475646541905429,1782475646541905429,1782475646541905429,3,1.000000000000,1.000000000000,1.000000000000,1
1162,34636,34636,1782475646541985221,1782475646541985221,1782475646542019857,1782475646542019857,1782475646542019857,3,1.000000000000,1.000000000000,1.000000000000,1
1163,36467,36467,1782475646542101759,1782475646542101759,1782475646542138226,1782475646542138226,1782475646542138226,0,1.000000000000,1.000000000000,1.000000000000,1
1164,35977,35977,1782475646542219627,1782475646542219627,1782475646542255604,1782475646542255604,1782475646542255604,2,1.000000000000,1.000000000000,1.000000000000,1
1165,37467,37467,1782475646542339615,1782475646542339615,1782475646542377082,1782475646542377082,1782475646542377082,3,1.000000000000,1.000000000000,1.000000000000,1
1166,35857,35857,1782475646542451403,1782475646542451403,1782475646542487260,1782475646542487260,1782475646542487260,0,1.000000000000,1.000000000000,1.000000000000,1
1167,36227,36227,1782475646542566101,1782475646542566101,1782475646542602328,1782475646542602328,1782475646542602328,2,1.000000000000,1.000000000000,1.000000000000,1
1168,35649,35649,1782475646542680688,1782475646542680688,1782475646542716337,1782475646542716337,1782475646542716337,1,1.000000000000,1.000000000000,1.000000000000,1
1169,35789,35789,1782475646542794556,1782475646542794556,1782475646542830345,1782475646542830345,1782475646542830345,0,1.000000000000,1.000000000000,1.000000000000,1
1170,35589,35589,1782475646542912704,1782475646542912704,1782475646542948293,1782475646542948293,1782475646542948293,1,1.000000000000,1.000000000000,1.000000000000,1
1171,35419,35419,1782475646543024382,1782475646543024382,1782475646543059801,1782475646543059801,1782475646543059801,1,1.000000000000,1.000000000000,1.000000000000,1
1172,36200,36200,1782475646543140150,1782475646543140150,1782475646543176350,1782475646543176350,1782475646543176350,3,1.000000000000,1.000000000000,1.000000000000,1
1173,35130,35130,1782475646543260868,1782475646543260868,1782475646543295998,1782475646543295998,1782475646543295998,0,1.000000000000,1.000000000000,1.000000000000,1
1174,37211,37211,1782475646543385056,1782475646543385056,1782475646543422267,1782475646543422267,1782475646543422267,1,1.000000000000,1.000000000000,1.000000000000,1
1175,35760,35760,1782475646543495645,1782475646543495645,1782475646543531405,1782475646543531405,1782475646543531405,0,1.000000000000,1.000000000000,1.000000000000,1
1176,35090,35090,1782475646543610943,1782475646543610943,1782475646543646033,1782475646543646033,1782475646543646033,1,1.000000000000,1.000000000000,1.000000000000,1
1177,35931,35931,1782475646543724131,1782475646543724131,1782475646543760062,1782475646543760062,1782475646543760062,0,1.000000000000,1.000000000000,1.000000000000,1
1178,38821,38821,1782475646543841609,1782475646543841609,1782475646543880430,1782475646543880430,1782475646543880430,3,1.000000000000,1.000000000000,1.000000000000,1
1179,36951,36951,1782475646543953317,1782475646543953317,1782475646543990268,1782475646543990268,1782475646543990268,0,1.000000000000,1.000000000000,1.000000000000,1
1180,36521,36521,1782475646544067555,1782475646544067555,1782475646544104076,1782475646544104076,1782475646544104076,1,1.000000000000,1.000000000000,1.000000000000,1
1181,41252,41252,1782475646544188612,1782475646544188612,1782475646544229864,1782475646544229864,1782475646544229864,0,1.000000000000,1.000000000000,1.000000000000,1
1182,42493,42493,1782475646544304250,1782475646544304250,1782475646544346743,1782475646544346743,1782475646544346743,1,1.000000000000,1.000000000000,1.000000000000,1
1183,39993,39993,1782475646544428958,1782475646544428958,1782475646544468951,1782475646544468951,1782475646544468951,2,1.000000000000,1.000000000000,1.000000000000,1
1184,35923,35923,1782475646544537316,1782475646544537316,1782475646544573239,1782475646544573239,1782475646544573239,2,1.000000000000,1.000000000000,1.000000000000,1
1185,43883,43883,1782475646544654454,1782475646544654454,1782475646544698337,1782475646544698337,1782475646544698337,1,1.000000000000,1.000000000000,1.000000000000,1
1186,35144,35144,1782475646544767452,1782475646544767452,1782475646544802596,1782475646544802596,1782475646544802596,1,1.000000000000,1.000000000000,1.000000000000,1
1187,34854,34854,1782475646544881440,1782475646544881440,1782475646544916294,1782475646544916294,1782475646544916294,2,1.000000000000,1.000000000000,1.000000000000,1
1188,36094,36094,1782475646544995378,1782475646544995378,1782475646545031472,1782475646545031472,1782475646545031472,2,1.000000000000,1.000000000000,1.000000000000,1
1189,35644,35644,1782475646545112906,1782475646545112906,1782475646545148550,1782475646545148550,1782475646545148550,1,1.000000000000,1.000000000000,1.000000000000,1
1190,34954,34954,1782475646545232184,1782475646545232184,1782475646545267138,1782475646545267138,1782475646545267138,2,1.000000000000,1.000000000000,1.000000000000,1
1191,37535,37535,1782475646545349612,1782475646545349612,1782475646545387147,1782475646545387147,1782475646545387147,3,1.000000000000,1.000000000000,1.000000000000,1
1192,38445,38445,1782475646545467230,1782475646545467230,1782475646545505675,1782475646545505675,1782475646545505675,3,1.000000000000,1.000000000000,1.000000000000,1
1193,37965,37965,1782475646545579698,1782475646545579698,1782475646545617663,1782475646545617663,1782475646545617663,2,1.000000000000,1.000000000000,1.000000000000,1
1194,43015,43015,1782475646545697146,1782475646545697146,1782475646545740161,1782475646545740161,1782475646545740161,2,1.000000000000,1.000000000000,1.000000000000,1
1195,35306,35306,1782475646545807944,1782475646545807944,1782475646545843250,1782475646545843250,1782475646545843250,1,1.000000000000,1.000000000000,1.000000000000,1
1196,36157,36157,1782475646545927201,1782475646545927201,1782475646545963358,1782475646545963358,1782475646545963358,3,1.000000000000,1.000000000000,1.000000000000,1
1197,34827,34827,1782475646546038539,1782475646546038539,1782475646546073366,1782475646546073366,1782475646546073366,2,1.000000000000,1.000000000000,1.000000000000,1
1198,35047,35047,1782475646546155357,1782475646546155357,1782475646546190404,1782475646546190404,1782475646546190404,0,1.000000000000,1.000000000000,1.000000000000,1
1199,38027,38027,1782475646546269665,1782475646546269665,1782475646546307692,1782475646546307692,1782475646546307692,3,1.000000000000,1.000000000000,1.000000000000,1
1200,35349,35349,1782475646546392953,1782475646546392953,1782475646546428302,1782475646546428302,1782475646546428302,0,1.000000000000,1.000000000000,1.000000000000,1
1201,35568,35568,1782475646546507592,1782475646546507592,1782475646546543160,1782475646546543160,1782475646546543160,3,1.000000000000,1.000000000000,1.000000000000,1
1202,35598,35598,1782475646546623450,1782475646546623450,1782475646546659048,1782475646546659048,1782475646546659048,1,1.000000000000,1.000000000000,1.000000000000,1
1203,35948,35948,1782475646546741318,1782475646546741318,1782475646546777266,1782475646546777266,1782475646546777266,1,1.000000000000,1.000000000000,1.000000000000,1
1204,36489,36489,1782475646546853756,1782475646546853756,1782475646546890245,1782475646546890245,1782475646546890245,0,1.000000000000,1.000000000000,1.000000000000,1
1205,35269,35269,1782475646546967424,1782475646546967424,1782475646547002693,1782475646547002693,1782475646547002693,3,1.000000000000,1.000000000000,1.000000000000,1
1206,35089,35089,1782475646547083832,1782475646547083832,1782475646547118921,1782475646547118921,1782475646547118921,2,1.000000000000,1.000000000000,1.000000000000,1
1207,36330,36330,1782475646547207759,1782475646547207759,1782475646547244089,1782475646547244089,1782475646547244089,1,1.000000000000,1.000000000000,1.000000000000,1
1208,36790,36790,1782475646547326397,1782475646547326397,1782475646547363187,1782475646547363187,1782475646547363187,1,1.000000000000,1.000000000000,1.000000000000,1
1209,42201,42201,1782475646547435785,1782475646547435785,1782475646547477986,1782475646547477986,1782475646547477986,2,1.000000000000,1.000000000000,1.000000000000,1
1210,37891,37891,1782475646547552263,1782475646547552263,1782475646547590154,1782475646547590154,1782475646547590154,0,1.000000000000,1.000000000000,1.000000000000,1
1211,36091,36091,1782475646547672201,1782475646547672201,1782475646547708292,1782475646547708292,1782475646547708292,3,1.000000000000,1.000000000000,1.000000000000,1
1212,35531,35531,1782475646547779139,1782475646547779139,1782475646547814670,1782475646547814670,1782475646547814670,2,1.000000000000,1.000000000000,1.000000000000,1
1213,35922,35922,1782475646547893097,1782475646547893097,1782475646547929019,1782475646547929019,1782475646547929019,3,1.000000000000,1.000000000000,1.000000000000,1
1214,37632,37632,1782475646548012745,1782475646548012745,1782475646548050377,1782475646548050377,1782475646548050377,2,1.000000000000,1.000000000000,1.000000000000,1
1215,36242,36242,1782475646548127143,1782475646548127143,1782475646548163385,1782475646548163385,1782475646548163385,0,1.000000000000,1.000000000000,1.000000000000,1
1216,34742,34742,1782475646548242391,1782475646548242391,1782475646548277133,1782475646548277133,1782475646548277133,0,1.000000000000,1.000000000000,1.000000000000,1
1217,38013,38013,1782475646548360749,1782475646548360749,1782475646548398762,1782475646548398762,1782475646548398762,2,1.000000000000,1.000000000000,1.000000000000,1
1218,46453,46453,1782475646548476787,1782475646548476787,1782475646548523240,1782475646548523240,1782475646548523240,3,1.000000000000,1.000000000000,1.000000000000,1
1219,37113,37113,1782475646548592725,1782475646548592725,1782475646548629838,1782475646548629838,1782475646548629838,1,1.000000000000,1.000000000000,1.000000000000,1
1220,36153,36153,1782475646548707133,1782475646548707133,1782475646548743286,1782475646548743286,1782475646548743286,0,1.000000000000,1.000000000000,1.000000000000,1
1221,36744,36744,1782475646548824091,1782475646548824091,1782475646548860835,1782475646548860835,1782475646548860835,1,1.000000000000,1.000000000000,1.000000000000,1
1222,37054,37054,1782475646548937989,1782475646548937989,1782475646548975043,1782475646548975043,1782475646548975043,1,1.000000000000,1.000000000000,1.000000000000,1
1223,35625,35625,1782475646549056386,1782475646549056386,1782475646549092011,1782475646549092011,1782475646549092011,2,1.000000000000,1.000000000000,1.000000000000,1
1224,37235,37235,1782475646549173124,1782475646549173124,1782475646549210359,1782475646549210359,1782475646549210359,0,1.000000000000,1.000000000000,1.000000000000,1
1225,36445,36445,1782475646549292602,1782475646549292602,1782475646549329047,1782475646549329047,1782475646549329047,2,1.000000000000,1.000000000000,1.000000000000,1
1226,37077,37077,1782475646549412180,1782475646549412180,1782475646549449257,1782475646549449257,1782475646549449257,3,1.000000000000,1.000000000000,1.000000000000,1
1227,38366,38366,1782475646549521049,1782475646549521049,1782475646549559415,1782475646549559415,1782475646549559415,3,1.000000000000,1.000000000000,1.000000000000,1
1228,37196,37196,1782475646549635937,1782475646549635937,1782475646549673133,1782475646549673133,1782475646549673133,0,1.000000000000,1.000000000000,1.000000000000,1
1229,38606,38606,1782475646549752885,1782475646549752885,1782475646549791491,1782475646549791491,1782475646549791491,1,1.000000000000,1.000000000000,1.000000000000,1
1230,36116,36116,1782475646549875803,1782475646549875803,1782475646549911919,1782475646549911919,1782475646549911919,2,1.000000000000,1.000000000000,1.000000000000,1
1231,35157,35157,1782475646549992811,1782475646549992811,1782475646550027968,1782475646550027968,1782475646550027968,0,1.000000000000,1.000000000000,1.000000000000,1
1232,35337,35337,1782475646550097359,1782475646550097359,1782475646550132696,1782475646550132696,1782475646550132696,0,1.000000000000,1.000000000000,1.000000000000,1
1233,35357,35357,1782475646550211557,1782475646550211557,1782475646550246914,1782475646550246914,1782475646550246914,2,1.000000000000,1.000000000000,1.000000000000,1
1234,37887,37887,1782475646550334515,1782475646550334515,1782475646550372402,1782475646550372402,1782475646550372402,2,1.000000000000,1.000000000000,1.000000000000,1
1235,35838,35838,1782475646550445113,1782475646550445113,1782475646550480951,1782475646550480951,1782475646550480951,3,1.000000000000,1.000000000000,1.000000000000,1
1236,35058,35058,1782475646550560781,1782475646550560781,1782475646550595839,1782475646550595839,1782475646550595839,3,1.000000000000,1.000000000000,1.000000000000,1
1237,39658,39658,1782475646550672909,1782475646550672909,1782475646550712567,1782475646550712567,1782475646550712567,2,1.000000000000,1.000000000000,1.000000000000,1
1238,34730,34730,1782475646550787016,1782475646550787016,1782475646550821746,1782475646550821746,1782475646550821746,0,1.000000000000,1.000000000000,1.000000000000,1
1239,35810,35810,1782475646550909734,1782475646550909734,1782475646550945544,1782475646550945544,1782475646550945544,0,1.000000000000,1.000000000000,1.000000000000,1
1240,36000,36000,1782475646551017422,1782475646551017422,1782475646551053422,1782475646551053422,1782475646551053422,1,1.000000000000,1.000000000000,1.000000000000,1
1241,34860,34860,1782475646551134760,1782475646551134760,1782475646551169620,1782475646551169620,1782475646551169620,2,1.000000000000,1.000000000000,1.000000000000,1
1242,35220,35220,1782475646551252428,1782475646551252428,1782475646551287648,1782475646551287648,1782475646551287648,2,1.000000000000,1.000000000000,1.000000000000,1
1243,37240,37240,1782475646551372636,1782475646551372636,1782475646551409876,1782475646551409876,1782475646551409876,1,1.000000000000,1.000000000000,1.000000000000,1
1244,36071,36071,1782475646551485004,1782475646551485004,1782475646551521075,1782475646551521075,1782475646551521075,3,1.000000000000,1.000000000000,1.000000000000,1
1245,35611,35611,1782475646551598212,1782475646551598212,1782475646551633823,1782475646551633823,1782475646551633823,3,1.000000000000,1.000000000000,1.000000000000,1
1246,36051,36051,1782475646551723110,1782475646551723110,1782475646551759161,1782475646551759161,1782475646551759161,2,1.000000000000,1.000000000000,1.000000000000,1
1247,35901,35901,1782475646551836928,1782475646551836928,1782475646551872829,1782475646551872829,1782475646551872829,3,1.000000000000,1.000000000000,1.000000000000,1
1248,35382,35382,1782475646551951246,1782475646551951246,1782475646551986628,1782475646551986628,1782475646551986628,3,1.000000000000,1.000000000000,1.000000000000,1
1249,36782,36782,1782475646552066984,1782475646552066984,1782475646552103766,1782475646552103766,1782475646552103766,1,1.000000000000,1.000000000000,1.000000000000,1
1250,35752,35752,1782475646552184342,1782475646552184342,1782475646552220094,1782475646552220094,1782475646552220094,0,1.000000000000,1.000000000000,1.000000000000,1
1251,46743,46743,1782475646552301489,1782475646552301489,1782475646552348232,1782475646552348232,1782475646552348232,1,1.000000000000,1.000000000000,1.000000000000,1
1252,36974,36974,1782475646552424827,1782475646552424827,1782475646552461801,1782475646552461801,1782475646552461801,0,1.000000000000,1.000000000000,1.000000000000,1
1253,35554,35554,1782475646552538036,1782475646552538036,1782475646552573590,1782475646552573590,1782475646552573590,3,1.000000000000,1.000000000000,1.000000000000,1
1254,35614,35614,1782475646552650374,1782475646552650374,1782475646552685988,1782475646552685988,1782475646552685988,2,1.000000000000,1.000000000000,1.000000000000,1
1255,35234,35234,1782475646552773062,1782475646552773062,1782475646552808296,1782475646552808296,1782475646552808296,2,1.000000000000,1.000000000000,1.000000000000,1
1256,35424,35424,1782475646552881610,1782475646552881610,1782475646552917034,1782475646552917034,1782475646552917034,2,1.000000000000,1.000000000000,1.000000000000,1
1257,35795,35795,1782475646552997108,1782475646552997108,1782475646553032903,1782475646553032903,1782475646553032903,0,1.000000000000,1.000000000000,1.000000000000,1
1258,34185,34185,1782475646553116966,1782475646553116966,1782475646553151151,1782475646553151151,1782475646553151151,2,1.000000000000,1.000000000000,1.000000000000,1
1259,38885,38885,1782475646553230794,1782475646553230794,1782475646553269679,1782475646553269679,1782475646553269679,2,1.000000000000,1.000000000000,1.000000000000,1
1260,37825,37825,1782475646553351372,1782475646553351372,1782475646553389197,1782475646553389197,1782475646553389197,2,1.000000000000,1.000000000000,1.000000000000,1
1261,36645,36645,1782475646553465720,1782475646553465720,1782475646553502365,1782475646553502365,1782475646553502365,3,1.000000000000,1.000000000000,1.000000000000,1
1262,38136,38136,1782475646553578608,1782475646553578608,1782475646553616744,1782475646553616744,1782475646553616744,0,1.000000000000,1.000000000000,1.000000000000,1
1263,38586,38586,1782475646553694176,1782475646553694176,1782475646553732762,1782475646553732762,1782475646553732762,0,1.000000000000,1.000000000000,1.000000000000,1
1264,36987,36987,1782475646553810933,1782475646553810933,1782475646553847920,1782475646553847920,1782475646553847920,1,1.000000000000,1.000000000000,1.000000000000,1
1265,38357,38357,1782475646553925631,1782475646553925631,1782475646553963988,1782475646553963988,1782475646553963988,2,1.000000000000,1.000000000000,1.000000000000,1
1266,34438,34438,1782475646554038699,1782475646554038699,1782475646554073137,1782475646554073137,1782475646554073137,2,1.000000000000,1.000000000000,1.000000000000,1
1267,39948,39948,1782475646554161817,1782475646554161817,1782475646554201765,1782475646554201765,1782475646554201765,3,1.000000000000,1.000000000000,1.000000000000,1
1268,35088,35088,1782475646554272015,1782475646554272015,1782475646554307103,1782475646554307103,1782475646554307103,2,1.000000000000,1.000000000000,1.000000000000,1
1269,36518,36518,1782475646554392143,1782475646554392143,1782475646554428661,1782475646554428661,1782475646554428661,3,1.000000000000,1.000000000000,1.000000000000,1
1270,35218,35218,1782475646554510551,1782475646554510551,1782475646554545769,1782475646554545769,1782475646554545769,1,1.000000000000,1.000000000000,1.000000000000,1
1271,37779,37779,1782475646554624399,1782475646554624399,1782475646554662178,1782475646554662178,1782475646554662178,3,1.000000000000,1.000000000000,1.000000000000,1
1272,36299,36299,1782475646554739937,1782475646554739937,1782475646554776236,1782475646554776236,1782475646554776236,3,1.000000000000,1.000000000000,1.000000000000,1
1273,35789,35789,1782475646554861375,1782475646554861375,1782475646554897164,1782475646554897164,1782475646554897164,3,1.000000000000,1.000000000000,1.000000000000,1
1274,35889,35889,1782475646554977623,1782475646554977623,1782475646555013512,1782475646555013512,1782475646555013512,1,1.000000000000,1.000000000000,1.000000000000,1
1275,36949,36949,1782475646555092811,1782475646555092811,1782475646555129760,1782475646555129760,1782475646555129760,2,1.000000000000,1.000000000000,1.000000000000,1
1276,35371,35371,1782475646555207378,1782475646555207378,1782475646555242749,1782475646555242749,1782475646555242749,0,1.000000000000,1.000000000000,1.000000000000,1
1277,35842,35842,1782475646555330016,1782475646555330016,1782475646555365858,1782475646555365858,1782475646555365858,2,1.000000000000,1.000000000000,1.000000000000,1
1278,35371,35371,1782475646555441835,1782475646555441835,1782475646555477206,1782475646555477206,1782475646555477206,0,1.000000000000,1.000000000000,1.000000000000,1
1279,37801,37801,1782475646555561113,1782475646555561113,1782475646555598914,1782475646555598914,1782475646555598914,1,1.000000000000,1.000000000000,1.000000000000,1
1280,36401,36401,1782475646555677081,1782475646555677081,1782475646555713482,1782475646555713482,1782475646555713482,1,1.000000000000,1.000000000000,1.000000000000,1
1281,34612,34612,1782475646555792979,1782475646555792979,1782475646555827591,1782475646555827591,1782475646555827591,0,1.000000000000,1.000000000000,1.000000000000,1
1282,37572,37572,1782475646555907177,1782475646555907177,1782475646555944749,1782475646555944749,1782475646555944749,3,1.000000000000,1.000000000000,1.000000000000,1
1283,36472,36472,1782475646556021895,1782475646556021895,1782475646556058367,1782475646556058367,1782475646556058367,3,1.000000000000,1.000000000000,1.000000000000,1
1284,43812,43812,1782475646556137563,1782475646556137563,1782475646556181375,1782475646556181375,1782475646556181375,2,1.000000000000,1.000000000000,1.000000000000,1
1285,35623,35623,1782475646556257001,1782475646556257001,1782475646556292624,1782475646556292624,1782475646556292624,2,1.000000000000,1.000000000000,1.000000000000,1
1286,36283,36283,1782475646556378539,1782475646556378539,1782475646556414822,1782475646556414822,1782475646556414822,2,1.000000000000,1.000000000000,1.000000000000,1
1287,35673,35673,1782475646556490797,1782475646556490797,1782475646556526470,1782475646556526470,1782475646556526470,3,1.000000000000,1.000000000000,1.000000000000,1
1288,36174,36174,1782475646556603844,1782475646556603844,1782475646556640018,1782475646556640018,1782475646556640018,3,1.000000000000,1.000000000000,1.000000000000,1
1289,36375,36375,1782475646556718842,1782475646556718842,1782475646556755217,1782475646556755217,1782475646556755217,0,1.000000000000,1.000000000000,1.000000000000,1
1290,36365,36365,1782475646556841840,1782475646556841840,1782475646556878205,1782475646556878205,1782475646556878205,2,1.000000000000,1.000000000000,1.000000000000,1
1291,37025,37025,1782475646556952108,1782475646556952108,1782475646556989133,1782475646556989133,1782475646556989133,0,1.000000000000,1.000000000000,1.000000000000,1
1292,35595,35595,1782475646557065846,1782475646557065846,1782475646557101441,1782475646557101441,1782475646557101441,1,1.000000000000,1.000000000000,1.000000000000,1
1293,39045,39045,1782475646557184514,1782475646557184514,1782475646557223559,1782475646557223559,1782475646557223559,1,1.000000000000,1.000000000000,1.000000000000,1
1294,38786,38786,1782475646557299662,1782475646557299662,1782475646557338448,1782475646557338448,1782475646557338448,2,1.000000000000,1.000000000000,1.000000000000,1
1295,36156,36156,1782475646557423470,1782475646557423470,1782475646557459626,1782475646557459626,1782475646557459626,0,1.000000000000,1.000000000000,1.000000000000,1
1296,35806,35806,1782475646557529008,1782475646557529008,1782475646557564814,1782475646557564814,1782475646557564814,3,1.000000000000,1.000000000000,1.000000000000,1
1297,38106,38106,1782475646557646836,1782475646557646836,1782475646557684942,1782475646557684942,1782475646557684942,0,1.000000000000,1.000000000000,1.000000000000,1
1298,41067,41067,1782475646557761774,1782475646557761774,1782475646557802841,1782475646557802841,1782475646557802841,2,1.000000000000,1.000000000000,1.000000000000,1
1299,37047,37047,1782475646557873252,1782475646557873252,1782475646557910299,1782475646557910299,1782475646557910299,3,1.000000000000,1.000000000000,1.000000000000,1
1300,35567,35567,1782475646557988340,1782475646557988340,1782475646558023907,1782475646558023907,1782475646558023907,0,1.000000000000,1.000000000000,1.000000000000,1
1301,35137,35137,1782475646558106698,1782475646558106698,1782475646558141835,1782475646558141835,1782475646558141835,2,1.000000000000,1.000000000000,1.000000000000,1
1302,35688,35688,1782475646558221406,1782475646558221406,1782475646558257094,1782475646558257094,1782475646558257094,1,1.000000000000,1.000000000000,1.000000000000,1
1303,36270,36270,1782475646558343983,1782475646558343983,1782475646558380253,1782475646558380253,1782475646558380253,0,1.000000000000,1.000000000000,1.000000000000,1
1304,36349,36349,1782475646558456982,1782475646558456982,1782475646558493331,1782475646558493331,1782475646558493331,1,1.000000000000,1.000000000000,1.000000000000,1
1305,35459,35459,1782475646558568660,1782475646558568660,1782475646558604119,1782475646558604119,1782475646558604119,3,1.000000000000,1.000000000000,1.000000000000,1
1306,35170,35170,1782475646558684308,1782475646558684308,1782475646558719478,1782475646558719478,1782475646558719478,3,1.000000000000,1.000000000000,1.000000000000,1
1307,35920,35920,1782475646558798816,1782475646558798816,1782475646558834736,1782475646558834736,1782475646558834736,1,1.000000000000,1.000000000000,1.000000000000,1
1308,35120,35120,1782475646558918424,1782475646558918424,1782475646558953544,1782475646558953544,1782475646558953544,2,1.000000000000,1.000000000000,1.000000000000,1
1309,36030,36030,1782475646559030922,1782475646559030922,1782475646559066952,1782475646559066952,1782475646559066952,0,1.000000000000,1.000000000000,1.000000000000,1
1310,34870,34870,1782475646559146960,1782475646559146960,1782475646559181830,1782475646559181830,1782475646559181830,3,1.000000000000,1.000000000000,1.000000000000,1
1311,34831,34831,1782475646559264208,1782475646559264208,1782475646559299039,1782475646559299039,1782475646559299039,0,1.000000000000,1.000000000000,1.000000000000,1
1312,38441,38441,1782475646559391436,1782475646559391436,1782475646559429877,1782475646559429877,1782475646559429877,1,1.000000000000,1.000000000000,1.000000000000,1
1313,35411,35411,1782475646559500784,1782475646559500784,1782475646559536195,1782475646559536195,1782475646559536195,3,1.000000000000,1.000000000000,1.000000000000,1
1314,36251,36251,1782475646559614342,1782475646559614342,1782475646559650593,1782475646559650593,1782475646559650593,2,1.000000000000,1.000000000000,1.000000000000,1
1315,36732,36732,1782475646559736119,1782475646559736119,1782475646559772851,1782475646559772851,1782475646559772851,0,1.000000000000,1.000000000000,1.000000000000,1
1316,35093,35093,1782475646559848267,1782475646559848267,1782475646559883360,1782475646559883360,1782475646559883360,0,1.000000000000,1.000000000000,1.000000000000,1
1317,41603,41603,1782475646559963805,1782475646559963805,1782475646560005408,1782475646560005408,1782475646560005408,2,1.000000000000,1.000000000000,1.000000000000,1
1318,35593,35593,1782475646560079363,1782475646560079363,1782475646560114956,1782475646560114956,1782475646560114956,0,1.000000000000,1.000000000000,1.000000000000,1
1319,37263,37263,1782475646560198021,1782475646560198021,1782475646560235284,1782475646560235284,1782475646560235284,2,1.000000000000,1.000000000000,1.000000000000,1
1320,37663,37663,1782475646560319399,1782475646560319399,1782475646560357062,1782475646560357062,1782475646560357062,3,1.000000000000,1.000000000000,1.000000000000,1
1321,40624,40624,1782475646560430917,1782475646560430917,1782475646560471541,1782475646560471541,1782475646560471541,0,1.000000000000,1.000000000000,1.000000000000,1
1322,35464,35464,1782475646560545725,1782475646560545725,1782475646560581189,1782475646560581189,1782475646560581189,2,1.000000000000,1.000000000000,1.000000000000,1
1323,38234,38234,1782475646560668213,1782475646560668213,1782475646560706447,1782475646560706447,1782475646560706447,1,1.000000000000,1.000000000000,1.000000000000,1
1324,36584,36584,1782475646560776071,1782475646560776071,1782475646560812655,1782475646560812655,1782475646560812655,0,1.000000000000,1.000000000000,1.000000000000,1
1325,35705,35705,1782475646560890699,1782475646560890699,1782475646560926404,1782475646560926404,1782475646560926404,3,1.000000000000,1.000000000000,1.000000000000,1
1326,35025,35025,1782475646561009517,1782475646561009517,1782475646561044542,1782475646561044542,1782475646561044542,2,1.000000000000,1.000000000000,1.000000000000,1
1327,35455,35455,1782475646561123335,1782475646561123335,1782475646561158790,1782475646561158790,1782475646561158790,2,1.000000000000,1.000000000000,1.000000000000,1
1328,35985,35985,1782475646561239393,1782475646561239393,1782475646561275378,1782475646561275378,1782475646561275378,0,1.000000000000,1.000000000000,1.000000000000,1
1329,36397,36397,1782475646561362780,1782475646561362780,1782475646561399177,1782475646561399177,1782475646561399177,0,1.000000000000,1.000000000000,1.000000000000,1
1330,35447,35447,1782475646561476329,1782475646561476329,1782475646561511776,1782475646561511776,1782475646561511776,0,1.000000000000,1.000000000000,1.000000000000,1
1331,38217,38217,1782475646561589757,1782475646561589757,1782475646561627974,1782475646561627974,1782475646561627974,0,1.000000000000,1.000000000000,1.000000000000,1
1332,37787,37787,1782475646561707595,1782475646561707595,1782475646561745382,1782475646561745382,1782475646561745382,3,1.000000000000,1.000000000000,1.000000000000,1
1333,35677,35677,1782475646561821753,1782475646561821753,1782475646561857430,1782475646561857430,1782475646561857430,3,1.000000000000,1.000000000000,1.000000000000,1
1334,36188,36188,1782475646561937651,1782475646561937651,1782475646561973839,1782475646561973839,1782475646561973839,3,1.000000000000,1.000000000000,1.000000000000,1
1335,35708,35708,1782475646562051949,1782475646562051949,1782475646562087657,1782475646562087657,1782475646562087657,3,1.000000000000,1.000000000000,1.000000000000,1
1336,36518,36518,1782475646562168347,1782475646562168347,1782475646562204865,1782475646562204865,1782475646562204865,2,1.000000000000,1.000000000000,1.000000000000,1
1337,36048,36048,1782475646562287605,1782475646562287605,1782475646562323653,1782475646562323653,1782475646562323653,3,1.000000000000,1.000000000000,1.000000000000,1
1338,36458,36458,1782475646562406853,1782475646562406853,1782475646562443311,1782475646562443311,1782475646562443311,2,1.000000000000,1.000000000000,1.000000000000,1
1339,40669,40669,1782475646562518381,1782475646562518381,1782475646562559050,1782475646562559050,1782475646562559050,1,1.000000000000,1.000000000000,1.000000000000,1
1340,35899,35899,1782475646562633469,1782475646562633469,1782475646562669368,1782475646562669368,1782475646562669368,2,1.000000000000,1.000000000000,1.000000000000,1
1341,38069,38069,1782475646562750817,1782475646562750817,1782475646562788886,1782475646562788886,1782475646562788886,3,1.000000000000,1.000000000000,1.000000000000,1
1342,35219,35219,1782475646562865315,1782475646562865315,1782475646562900534,1782475646562900534,1782475646562900534,2,1.000000000000,1.000000000000,1.000000000000,1
1343,35101,35101,1782475646562978622,1782475646562978622,1782475646563013723,1782475646563013723,1782475646563013723,2,1.000000000000,1.000000000000,1.000000000000,1
1344,34791,34791,1782475646563095940,1782475646563095940,1782475646563130731,1782475646563130731,1782475646563130731,3,1.000000000000,1.000000000000,1.000000000000,1
1345,36081,36081,1782475646563212908,1782475646563212908,1782475646563248989,1782475646563248989,1782475646563248989,3,1.000000000000,1.000000000000,1.000000000000,1
1346,37001,37001,1782475646563335916,1782475646563335916,1782475646563372917,1782475646563372917,1782475646563372917,1,1.000000000000,1.000000000000,1.000000000000,1
1347,36771,36771,1782475646563447514,1782475646563447514,1782475646563484285,1782475646563484285,1782475646563484285,2,1.000000000000,1.000000000000,1.000000000000,1
1348,35232,35232,1782475646563563762,1782475646563563762,1782475646563598994,1782475646563598994,1782475646563598994,0,1.000000000000,1.000000000000,1.000000000000,1
1349,41412,41412,1782475646563677500,1782475646563677500,1782475646563718912,1782475646563718912,1782475646563718912,3,1.000000000000,1.000000000000,1.000000000000,1
1350,42732,42732,1782475646563791888,1782475646563791888,1782475646563834620,1782475646563834620,1782475646563834620,2,1.000000000000,1.000000000000,1.000000000000,1
1351,37262,37262,1782475646563915066,1782475646563915066,1782475646563952328,1782475646563952328,1782475646563952328,0,1.000000000000,1.000000000000,1.000000000000,1
1352,37783,37783,1782475646564025874,1782475646564025874,1782475646564063657,1782475646564063657,1782475646564063657,2,1.000000000000,1.000000000000,1.000000000000,1
1353,35643,35643,1782475646564138482,1782475646564138482,1782475646564174125,1782475646564174125,1782475646564174125,3,1.000000000000,1.000000000000,1.000000000000,1
1354,35593,35593,1782475646564258830,1782475646564258830,1782475646564294423,1782475646564294423,1782475646564294423,0,1.000000000000,1.000000000000,1.000000000000,1
1355,37324,37324,1782475646564375378,1782475646564375378,1782475646564412702,1782475646564412702,1782475646564412702,2,1.000000000000,1.000000000000,1.000000000000,1
1356,35655,35655,1782475646564491576,1782475646564491576,1782475646564527231,1782475646564527231,1782475646564527231,2,1.000000000000,1.000000000000,1.000000000000,1
1357,36515,36515,1782475646564605374,1782475646564605374,1782475646564641889,1782475646564641889,1782475646564641889,0,1.000000000000,1.000000000000,1.000000000000,1
1358,35425,35425,1782475646564722452,1782475646564722452,1782475646564757877,1782475646564757877,1782475646564757877,1,1.000000000000,1.000000000000,1.000000000000,1
1359,36815,36815,1782475646564839130,1782475646564839130,1782475646564875945,1782475646564875945,1782475646564875945,0,1.000000000000,1.000000000000,1.000000000000,1
1360,35895,35895,1782475646564952298,1782475646564952298,1782475646564988193,1782475646564988193,1782475646564988193,2,1.000000000000,1.000000000000,1.000000000000,1
1361,35416,35416,1782475646565066356,1782475646565066356,1782475646565101772,1782475646565101772,1782475646565101772,2,1.000000000000,1.000000000000,1.000000000000,1
1362,34716,34716,1782475646565182664,1782475646565182664,1782475646565217380,1782475646565217380,1782475646565217380,0,1.000000000000,1.000000000000,1.000000000000,1
1363,38766,38766,1782475646565302042,1782475646565302042,1782475646565340808,1782475646565340808,1782475646565340808,3,1.000000000000,1.000000000000,1.000000000000,1
1364,39786,39786,1782475646565418920,1782475646565418920,1782475646565458706,1782475646565458706,1782475646565458706,1,1.000000000000,1.000000000000,1.000000000000,1
1365,34907,34907,1782475646565532628,1782475646565532628,1782475646565567535,1782475646565567535,1782475646565567535,0,1.000000000000,1.000000000000,1.000000000000,1
1366,34607,34607,1782475646565646596,1782475646565646596,1782475646565681203,1782475646565681203,1782475646565681203,2,1.000000000000,1.000000000000,1.000000000000,1
1367,35697,35697,1782475646565763654,1782475646565763654,1782475646565799351,1782475646565799351,1782475646565799351,0,1.000000000000,1.000000000000,1.000000000000,1
1368,36717,36717,1782475646565876832,1782475646565876832,1782475646565913549,1782475646565913549,1782475646565913549,2,1.000000000000,1.000000000000,1.000000000000,1
1369,34268,34268,1782475646565991320,1782475646565991320,1782475646566025588,1782475646566025588,1782475646566025588,3,1.000000000000,1.000000000000,1.000000000000,1
1370,34149,34149,1782475646566111887,1782475646566111887,1782475646566146036,1782475646566146036,1782475646566146036,1,1.000000000000,1.000000000000,1.000000000000,1
1371,40119,40119,1782475646566225575,1782475646566225575,1782475646566265694,1782475646566265694,1782475646566265694,3,1.000000000000,1.000000000000,1.000000000000,1
1372,37189,37189,1782475646566343863,1782475646566343863,1782475646566381052,1782475646566381052,1782475646566381052,0,1.000000000000,1.000000000000,1.000000000000,1
1373,36899,36899,1782475646566457691,1782475646566457691,1782475646566494590,1782475646566494590,1782475646566494590,3,1.000000000000,1.000000000000,1.000000000000,1
1374,38940,38940,1782475646566574259,1782475646566574259,1782475646566613199,1782475646566613199,1782475646566613199,1,1.000000000000,1.000000000000,1.000000000000,1
1375,39300,39300,1782475646566690347,1782475646566690347,1782475646566729647,1782475646566729647,1782475646566729647,3,1.000000000000,1.000000000000,1.000000000000,1
1376,34940,34940,1782475646566803375,1782475646566803375,1782475646566838315,1782475646566838315,1782475646566838315,1,1.000000000000,1.000000000000,1.000000000000,1
1377,40330,40330,1782475646566917753,1782475646566917753,1782475646566958083,1782475646566958083,1782475646566958083,2,1.000000000000,1.000000000000,1.000000000000,1
1378,35191,35191,1782475646567033891,1782475646567033891,1782475646567069082,1782475646567069082,1782475646567069082,0,1.000000000000,1.000000000000,1.000000000000,1
1379,35301,35301,1782475646567154099,1782475646567154099,1782475646567189400,1782475646567189400,1782475646567189400,3,1.000000000000,1.000000000000,1.000000000000,1
1380,35431,35431,1782475646567263277,1782475646567263277,1782475646567298708,1782475646567298708,1782475646567298708,1,1.000000000000,1.000000000000,1.000000000000,1
1381,36572,36572,1782475646567386915,1782475646567386915,1782475646567423487,1782475646567423487,1782475646567423487,0,1.000000000000,1.000000000000,1.000000000000,1
1382,35731,35731,1782475646567502064,1782475646567502064,1782475646567537795,1782475646567537795,1782475646567537795,3,1.000000000000,1.000000000000,1.000000000000,1
1383,40962,40962,1782475646567617082,1782475646567617082,1782475646567658044,1782475646567658044,1782475646567658044,1,1.000000000000,1.000000000000,1.000000000000,1
1384,46292,46292,1782475646567730850,1782475646567730850,1782475646567777142,1782475646567777142,1782475646567777142,1,1.000000000000,1.000000000000,1.000000000000,1
1385,36683,36683,1782475646567847547,1782475646567847547,1782475646567884230,1782475646567884230,1782475646567884230,3,1.000000000000,1.000000000000,1.000000000000,1
1386,36253,36253,1782475646567963085,1782475646567963085,1782475646567999338,1782475646567999338,1782475646567999338,3,1.000000000000,1.000000000000,1.000000000000,1
1387,35984,35984,1782475646568074743,1782475646568074743,1782475646568110727,1782475646568110727,1782475646568110727,3,1.000000000000,1.000000000000,1.000000000000,1
1388,38784,38784,1782475646568190811,1782475646568190811,1782475646568229595,1782475646568229595,1782475646568229595,1,1.000000000000,1.000000000000,1.000000000000,1
1389,42214,42214,1782475646568310099,1782475646568310099,1782475646568352313,1782475646568352313,1782475646568352313,0,1.000000000000,1.000000000000,1.000000000000,1
1390,36254,36254,1782475646568425827,1782475646568425827,1782475646568462081,1782475646568462081,1782475646568462081,1,1.000000000000,1.000000000000,1.000000000000,1
1391,37004,37004,1782475646568538705,1782475646568538705,1782475646568575709,1782475646568575709,1782475646568575709,0,1.000000000000,1.000000000000,1.000000000000,1
1392,37635,37635,1782475646568660243,1782475646568660243,1782475646568697878,1782475646568697878,1782475646568697878,0,1.000000000000,1.000000000000,1.000000000000,1
1393,35415,35415,1782475646568769991,1782475646568769991,1782475646568805406,1782475646568805406,1782475646568805406,2,1.000000000000,1.000000000000,1.000000000000,1
1394,35245,35245,1782475646568884619,1782475646568884619,1782475646568919864,1782475646568919864,1782475646568919864,2,1.000000000000,1.000000000000,1.000000000000,1
1395,35165,35165,1782475646569000157,1782475646569000157,1782475646569035322,1782475646569035322,1782475646569035322,1,1.000000000000,1.000000000000,1.000000000000,1
1396,35426,35426,1782475646569119595,1782475646569119595,1782475646569155021,1782475646569155021,1782475646569155021,0,1.000000000000,1.000000000000,1.000000000000,1
1397,38966,38966,1782475646569234323,1782475646569234323,1782475646569273289,1782475646569273289,1782475646569273289,3,1.000000000000,1.000000000000,1.000000000000,1
1398,43447,43447,1782475646569361760,1782475646569361760,1782475646569405207,1782475646569405207,1782475646569405207,0,1.000000000000,1.000000000000,1.000000000000,1
1399,42117,42117,1782475646569467888,1782475646569467888,1782475646569510005,1782475646569510005,1782475646569510005,1,1.000000000000,1.000000000000,1.000000000000,1
1400,37677,37677,1782475646569580406,1782475646569580406,1782475646569618083,1782475646569618083,1782475646569618083,3,1.000000000000,1.000000000000,1.000000000000,1
1401,38548,38548,1782475646569696214,1782475646569696214,1782475646569734762,1782475646569734762,1782475646569734762,2,1.000000000000,1.000000000000,1.000000000000,1
1402,34048,34048,1782475646569811692,1782475646569811692,1782475646569845740,1782475646569845740,1782475646569845740,3,1.000000000000,1.000000000000,1.000000000000,1
1403,36268,36268,1782475646569926240,1782475646569926240,1782475646569962508,1782475646569962508,1782475646569962508,3,1.000000000000,1.000000000000,1.000000000000,1
1404,36968,36968,1782475646570040808,1782475646570040808,1782475646570077776,1782475646570077776,1782475646570077776,2,1.000000000000,1.000000000000,1.000000000000,1
1405,39769,39769,1782475646570158046,1782475646570158046,1782475646570197815,1782475646570197815,1782475646570197815,2,1.000000000000,1.000000000000,1.000000000000,1
1406,36599,36599,1782475646570284214,1782475646570284214,1782475646570320813,1782475646570320813,1782475646570320813,2,1.000000000000,1.000000000000,1.000000000000,1
1407,36310,36310,1782475646570408912,1782475646570408912,1782475646570445222,1782475646570445222,1782475646570445222,1,1.000000000000,1.000000000000,1.000000000000,1
1408,38079,38079,1782475646570514491,1782475646570514491,1782475646570552570,1782475646570552570,1782475646570552570,1,1.000000000000,1.000000000000,1.000000000000,1
1409,38629,38629,1782475646570628119,1782475646570628119,1782475646570666748,1782475646570666748,1782475646570666748,2,1.000000000000,1.000000000000,1.000000000000,1
1410,35300,35300,1782475646570743647,1782475646570743647,1782475646570778947,1782475646570778947,1782475646570778947,1,1.000000000000,1.000000000000,1.000000000000,1
1411,34490,34490,1782475646570857885,1782475646570857885,1782475646570892375,1782475646570892375,1782475646570892375,3,1.000000000000,1.000000000000,1.000000000000,1
1412,34420,34420,1782475646570971933,1782475646570971933,1782475646571006353,1782475646571006353,1782475646571006353,1,1.000000000000,1.000000000000,1.000000000000,1
1413,34651,34651,1782475646571089040,1782475646571089040,1782475646571123691,1782475646571123691,1782475646571123691,0,1.000000000000,1.000000000000,1.000000000000,1
1414,35861,35861,1782475646571205788,1782475646571205788,1782475646571241649,1782475646571241649,1782475646571241649,2,1.000000000000,1.000000000000,1.000000000000,1
1415,37762,37762,1782475646571329216,1782475646571329216,1782475646571366978,1782475646571366978,1782475646571366978,1,1.000000000000,1.000000000000,1.000000000000,1
1416,48862,48862,1782475646571440644,1782475646571440644,1782475646571489506,1782475646571489506,1782475646571489506,2,1.000000000000,1.000000000000,1.000000000000,1
1417,36252,36252,1782475646571557282,1782475646571557282,1782475646571593534,1782475646571593534,1782475646571593534,3,1.000000000000,1.000000000000,1.000000000000,1
1418,36272,36272,1782475646571674400,1782475646571674400,1782475646571710672,1782475646571710672,1782475646571710672,0,1.000000000000,1.000000000000,1.000000000000,1
1419,35893,35893,1782475646571786288,1782475646571786288,1782475646571822181,1782475646571822181,1782475646571822181,0,1.000000000000,1.000000000000,1.000000000000,1
1420,37083,37083,1782475646571903006,1782475646571903006,1782475646571940089,1782475646571940089,1782475646571940089,0,1.000000000000,1.000000000000,1.000000000000,1
1421,35393,35393,1782475646572016614,1782475646572016614,1782475646572052007,1782475646572052007,1782475646572052007,2,1.000000000000,1.000000000000,1.000000000000,1
1422,34283,34283,1782475646572131462,1782475646572131462,1782475646572165745,1782475646572165745,1782475646572165745,3,1.000000000000,1.000000000000,1.000000000000,1
1423,35173,35173,1782475646572247680,1782475646572247680,1782475646572282853,1782475646572282853,1782475646572282853,3,1.000000000000,1.000000000000,1.000000000000,1
1424,40613,40613,1782475646572371348,1782475646572371348,1782475646572411961,1782475646572411961,1782475646572411961,1,1.000000000000,1.000000000000,1.000000000000,1
1425,36174,36174,1782475646572482776,1782475646572482776,1782475646572518950,1782475646572518950,1782475646572518950,0,1.000000000000,1.000000000000,1.000000000000,1
1426,34835,34835,1782475646572597753,1782475646572597753,1782475646572632588,1782475646572632588,1782475646572632588,3,1.000000000000,1.000000000000,1.000000000000,1
1427,38595,38595,1782475646572715641,1782475646572715641,1782475646572754236,1782475646572754236,1782475646572754236,2,1.000000000000,1.000000000000,1.000000000000,1
1428,35725,35725,1782475646572829619,1782475646572829619,1782475646572865344,1782475646572865344,1782475646572865344,3,1.000000000000,1.000000000000,1.000000000000,1
1429,35716,35716,1782475646572943777,1782475646572943777,1782475646572979493,1782475646572979493,1782475646572979493,2,1.000000000000,1.000000000000,1.000000000000,1
1430,34956,34956,1782475646573058505,1782475646573058505,1782475646573093461,1782475646573093461,1782475646573093461,0,1.000000000000,1.000000000000,1.000000000000,1
1431,35536,35536,1782475646573177163,1782475646573177163,1782475646573212699,1782475646573212699,1782475646573212699,3,1.000000000000,1.000000000000,1.000000000000,1
1432,35736,35736,1782475646573294351,1782475646573294351,1782475646573330087,1782475646573330087,1782475646573330087,0,1.000000000000,1.000000000000,1.000000000000,1
1433,39987,39987,1782475646573410589,1782475646573410589,1782475646573450576,1782475646573450576,1782475646573450576,3,1.000000000000,1.000000000000,1.000000000000,1
1434,35527,35527,1782475646573525658,1782475646573525658,1782475646573561185,1782475646573561185,1782475646573561185,0,1.000000000000,1.000000000000,1.000000000000,1
1435,39437,39437,1782475646573650856,1782475646573650856,1782475646573690293,1782475646573690293,1782475646573690293,2,1.000000000000,1.000000000000,1.000000000000,1
1436,35897,35897,1782475646573754824,1782475646573754824,1782475646573790721,1782475646573790721,1782475646573790721,2,1.000000000000,1.000000000000,1.000000000000,1
1437,34828,34828,1782475646573868272,1782475646573868272,1782475646573903100,1782475646573903100,1782475646573903100,1,1.000000000000,1.000000000000,1.000000000000,1
1438,37168,37168,1782475646573982360,1782475646573982360,1782475646574019528,1782475646574019528,1782475646574019528,2,1.000000000000,1.000000000000,1.000000000000,1
1439,35228,35228,1782475646574097708,1782475646574097708,1782475646574132936,1782475646574132936,1782475646574132936,0,1.000000000000,1.000000000000,1.000000000000,1
1440,34548,34548,1782475646574217146,1782475646574217146,1782475646574251694,1782475646574251694,1782475646574251694,0,1.000000000000,1.000000000000,1.000000000000,1
1441,37769,37769,1782475646574341083,1782475646574341083,1782475646574378852,1782475646574378852,1782475646574378852,2,1.000000000000,1.000000000000,1.000000000000,1
1442,34850,34850,1782475646574453431,1782475646574453431,1782475646574488281,1782475646574488281,1782475646574488281,0,1.000000000000,1.000000000000,1.000000000000,1
1443,34870,34870,1782475646574572389,1782475646574572389,1782475646574607259,1782475646574607259,1782475646574607259,1,1.000000000000,1.000000000000,1.000000000000,1
1444,39830,39830,1782475646574688517,1782475646574688517,1782475646574728347,1782475646574728347,1782475646574728347,0,1.000000000000,1.000000000000,1.000000000000,1
1445,36010,36010,1782475646574795315,1782475646574795315,1782475646574831325,1782475646574831325,1782475646574831325,2,1.000000000000,1.000000000000,1.000000000000,1
1446,35101,35101,1782475646574911043,1782475646574911043,1782475646574946144,1782475646574946144,1782475646574946144,0,1.000000000000,1.000000000000,1.000000000000,1
1447,34881,34881,1782475646575023561,1782475646575023561,1782475646575058442,1782475646575058442,1782475646575058442,0,1.000000000000,1.000000000000,1.000000000000,1
1448,35331,35331,1782475646575139339,1782475646575139339,1782475646575174670,1782475646575174670,1782475646575174670,2,1.000000000000,1.000000000000,1.000000000000,1
1449,43821,43821,1782475646575262177,1782475646575262177,1782475646575305998,1782475646575305998,1782475646575305998,1,1.000000000000,1.000000000000,1.000000000000,1
1450,36281,36281,1782475646575386695,1782475646575386695,1782475646575422976,1782475646575422976,1782475646575422976,2,1.000000000000,1.000000000000,1.000000000000,1
1451,36032,36032,1782475646575494893,1782475646575494893,1782475646575530925,1782475646575530925,1782475646575530925,1,1.000000000000,1.000000000000,1.000000000000,1
1452,34882,34882,1782475646575610341,1782475646575610341,1782475646575645223,1782475646575645223,1782475646575645223,1,1.000000000000,1.000000000000,1.000000000000,1
1453,45402,45402,1782475646575727649,1782475646575727649,1782475646575773051,1782475646575773051,1782475646575773051,3,1.000000000000,1.000000000000,1.000000000000,1
1454,36093,36093,1782475646575840616,1782475646575840616,1782475646575876709,1782475646575876709,1782475646575876709,3,1.000000000000,1.000000000000,1.000000000000,1
1455,34774,34774,1782475646575954544,1782475646575954544,1782475646575989318,1782475646575989318,1782475646575989318,1,1.000000000000,1.000000000000,1.000000000000,1
1456,34974,34974,1782475646576068412,1782475646576068412,1782475646576103386,1782475646576103386,1782475646576103386,3,1.000000000000,1.000000000000,1.000000000000,1
1457,38454,38454,1782475646576221320,1782475646576221320,1782475646576259774,1782475646576259774,1782475646576259774,2,1.000000000000,1.000000000000,1.000000000000,1
1458,35655,35655,1782475646576339668,1782475646576339668,1782475646576375323,1782475646576375323,1782475646576375323,3,1.000000000000,1.000000000000,1.000000000000,1
1459,51634,51634,1782475646576454587,1782475646576454587,1782475646576506221,1782475646576506221,1782475646576506221,3,1.000000000000,1.000000000000,1.000000000000,1
1460,41825,41825,1782475646576573974,1782475646576573974,1782475646576615799,1782475646576615799,1782475646576615799,1,1.000000000000,1.000000000000,1.000000000000,1
1461,39505,39505,1782475646576687742,1782475646576687742,1782475646576727247,1782475646576727247,1782475646576727247,0,1.000000000000,1.000000000000,1.000000000000,1
1462,35086,35086,1782475646576805660,1782475646576805660,1782475646576840746,1782475646576840746,1782475646576840746,0,1.000000000000,1.000000000000,1.000000000000,1
1463,35866,35866,1782475646576917858,1782475646576917858,1782475646576953724,1782475646576953724,1782475646576953724,2,1.000000000000,1.000000000000,1.000000000000,1
1464,37096,37096,1782475646577035586,1782475646577035586,1782475646577072682,1782475646577072682,1782475646577072682,3,1.000000000000,1.000000000000,1.000000000000,1
1465,35636,35636,1782475646577148654,1782475646577148654,1782475646577184290,1782475646577184290,1782475646577184290,1,1.000000000000,1.000000000000,1.000000000000,1
1466,35087,35087,1782475646577267142,1782475646577267142,1782475646577302229,1782475646577302229,1782475646577302229,3,1.000000000000,1.000000000000,1.000000000000,1
1467,35177,35177,1782475646577388130,1782475646577388130,1782475646577423307,1782475646577423307,1782475646577423307,3,1.000000000000,1.000000000000,1.000000000000,1
1468,36317,36317,1782475646577506258,1782475646577506258,1782475646577542575,1782475646577542575,1782475646577542575,1,1.000000000000,1.000000000000,1.000000000000,1
1469,37257,37257,1782475646577619886,1782475646577619886,1782475646577657143,1782475646577657143,1782475646577657143,0,1.000000000000,1.000000000000,1.000000000000,1
1470,35607,35607,1782475646577738364,1782475646577738364,1782475646577773971,1782475646577773971,1782475646577773971,2,1.000000000000,1.000000000000,1.000000000000,1
1471,36009,36009,1782475646577857151,1782475646577857151,1782475646577893160,1782475646577893160,1782475646577893160,1,1.000000000000,1.000000000000,1.000000000000,1
1472,34619,34619,1782475646577969859,1782475646577969859,1782475646578004478,1782475646578004478,1782475646578004478,3,1.000000000000,1.000000000000,1.000000000000,1
1473,35839,35839,1782475646578083497,1782475646578083497,1782475646578119336,1782475646578119336,1782475646578119336,2,1.000000000000,1.000000000000,1.000000000000,1
1474,35049,35049,1782475646578199255,1782475646578199255,1782475646578234304,1782475646578234304,1782475646578234304,1,1.000000000000,1.000000000000,1.000000000000,1
1475,37389,37389,1782475646578325103,1782475646578325103,1782475646578362492,1782475646578362492,1782475646578362492,3,1.000000000000,1.000000000000,1.000000000000,1
1476,43490,43490,1782475646578435621,1782475646578435621,1782475646578479111,1782475646578479111,1782475646578479111,3,1.000000000000,1.000000000000,1.000000000000,1
1477,37930,37930,1782475646578546879,1782475646578546879,1782475646578584809,1782475646578584809,1782475646578584809,2,1.000000000000,1.000000000000,1.000000000000,1
1478,38940,38940,1782475646578662927,1782475646578662927,1782475646578701867,1782475646578701867,1782475646578701867,0,1.000000000000,1.000000000000,1.000000000000,1
1479,36860,36860,1782475646578782145,1782475646578782145,1782475646578819005,1782475646578819005,1782475646578819005,2,1.000000000000,1.000000000000,1.000000000000,1
1480,36761,36761,1782475646578898893,1782475646578898893,1782475646578935654,1782475646578935654,1782475646578935654,2,1.000000000000,1.000000000000,1.000000000000,1
1481,43341,43341,1782475646579014511,1782475646579014511,1782475646579057852,1782475646579057852,1782475646579057852,2,1.000000000000,1.000000000000,1.000000000000,1
1482,37621,37621,1782475646579135659,1782475646579135659,1782475646579173280,1782475646579173280,1782475646579173280,3,1.000000000000,1.000000000000,1.000000000000,1
1483,36231,36231,1782475646579246027,1782475646579246027,1782475646579282258,1782475646579282258,1782475646579282258,3,1.000000000000,1.000000000000,1.000000000000,1
1484,37093,37093,1782475646579364034,1782475646579364034,1782475646579401127,1782475646579401127,1782475646579401127,0,1.000000000000,1.000000000000,1.000000000000,1
1485,35093,35093,1782475646579478003,1782475646579478003,1782475646579513096,1782475646579513096,1782475646579513096,0,1.000000000000,1.000000000000,1.000000000000,1
1486,35283,35283,1782475646579595221,1782475646579595221,1782475646579630504,1782475646579630504,1782475646579630504,2,1.000000000000,1.000000000000,1.000000000000,1
1487,34903,34903,1782475646579708479,1782475646579708479,1782475646579743382,1782475646579743382,1782475646579743382,2,1.000000000000,1.000000000000,1.000000000000,1
1488,36013,36013,1782475646579825647,1782475646579825647,1782475646579861660,1782475646579861660,1782475646579861660,3,1.000000000000,1.000000000000,1.000000000000,1
1489,41993,41993,1782475646579942905,1782475646579942905,1782475646579984898,1782475646579984898,1782475646579984898,2,1.000000000000,1.000000000000,1.000000000000,1
1490,36704,36704,1782475646580063793,1782475646580063793,1782475646580100497,1782475646580100497,1782475646580100497,2,1.000000000000,1.000000000000,1.000000000000,1
1491,35704,35704,1782475646580172351,1782475646580172351,1782475646580208055,1782475646580208055,1782475646580208055,3,1.000000000000,1.000000000000,1.000000000000,1
1492,38364,38364,1782475646580285719,1782475646580285719,1782475646580324083,1782475646580324083,1782475646580324083,1,1.000000000000,1.000000000000,1.000000000000,1
1493,37494,37494,1782475646580406067,1782475646580406067,1782475646580443561,1782475646580443561,1782475646580443561,3,1.000000000000,1.000000000000,1.000000000000,1
1494,35835,35835,1782475646580518345,1782475646580518345,1782475646580554180,1782475646580554180,1782475646580554180,2,1.000000000000,1.000000000000,1.000000000000,1
1495,35365,35365,1782475646580634153,1782475646580634153,1782475646580669518,1782475646580669518,1782475646580669518,2,1.000000000000,1.000000000000,1.000000000000,1
1496,34825,34825,1782475646580749691,1782475646580749691,1782475646580784516,1782475646580784516,1782475646580784516,2,1.000000000000,1.000000000000,1.000000000000,1
1497,35495,35495,1782475646580868029,1782475646580868029,1782475646580903524,1782475646580903524,1782475646580903524,0,1.000000000000,1.000000000000,1.000000000000,1
1498,36026,36026,1782475646580983827,1782475646580983827,1782475646581019853,1782475646581019853,1782475646581019853,0,1.000000000000,1.000000000000,1.000000000000,1
1499,35017,35017,1782475646581098394,1782475646581098394,1782475646581133411,1782475646581133411,1782475646581133411,0,1.000000000000,1.000000000000,1.000000000000,1
1500,36727,36727,1782475646581217072,1782475646581217072,1782475646581253799,1782475646581253799,1782475646581253799,2,1.000000000000,1.000000000000,1.000000000000,1
1501,36297,36297,1782475646581343660,1782475646581343660,1782475646581379957,1782475646581379957,1782475646581379957,0,1.000000000000,1.000000000000,1.000000000000,1
1502,35987,35987,1782475646581450648,1782475646581450648,1782475646581486635,1782475646581486635,1782475646581486635,3,1.000000000000,1.000000000000,1.000000000000,1
1503,34998,34998,1782475646581564856,1782475646581564856,1782475646581599854,1782475646581599854,1782475646581599854,2,1.000000000000,1.000000000000,1.000000000000,1
1504,38858,38858,1782475646581689344,1782475646581689344,1782475646581728202,1782475646581728202,1782475646581728202,2,1.000000000000,1.000000000000,1.000000000000,1
1505,36578,36578,1782475646581798182,1782475646581798182,1782475646581834760,1782475646581834760,1782475646581834760,0,1.000000000000,1.000000000000,1.000000000000,1
1506,34768,34768,1782475646581913870,1782475646581913870,1782475646581948638,1782475646581948638,1782475646581948638,0,1.000000000000,1.000000000000,1.000000000000,1
1507,34628,34628,1782475646582030618,1782475646582030618,1782475646582065246,1782475646582065246,1782475646582065246,2,1.000000000000,1.000000000000,1.000000000000,1
1508,35329,35329,1782475646582148046,1782475646582148046,1782475646582183375,1782475646582183375,1782475646582183375,3,1.000000000000,1.000000000000,1.000000000000,1
1509,37589,37589,1782475646582262414,1782475646582262414,1782475646582300003,1782475646582300003,1782475646582300003,1,1.000000000000,1.000000000000,1.000000000000,1
1510,35871,35871,1782475646582383541,1782475646582383541,1782475646582419412,1782475646582419412,1782475646582419412,0,1.000000000000,1.000000000000,1.000000000000,1
1511,35200,35200,1782475646582500140,1782475646582500140,1782475646582535340,1782475646582535340,1782475646582535340,0,1.000000000000,1.000000000000,1.000000000000,1
1512,35811,35811,1782475646582609888,1782475646582609888,1782475646582645699,1782475646582645699,1782475646582645699,2,1.000000000000,1.000000000000,1.000000000000,1
1513,35761,35761,1782475646582725006,1782475646582725006,1782475646582760767,1782475646582760767,1782475646582760767,3,1.000000000000,1.000000000000,1.000000000000,1
1514,43971,43971,1782475646582853574,1782475646582853574,1782475646582897545,1782475646582897545,1782475646582897545,2,1.000000000000,1.000000000000,1.000000000000,1
1515,36581,36581,1782475646582958522,1782475646582958522,1782475646582995103,1782475646582995103,1782475646582995103,1,1.000000000000,1.000000000000,1.000000000000,1
1516,35892,35892,1782475646583072360,1782475646583072360,1782475646583108252,1782475646583108252,1782475646583108252,1,1.000000000000,1.000000000000,1.000000000000,1
1517,40082,40082,1782475646583198278,1782475646583198278,1782475646583238360,1782475646583238360,1782475646583238360,0,1.000000000000,1.000000000000,1.000000000000,1
1518,41882,41882,1782475646583304786,1782475646583304786,1782475646583346668,1782475646583346668,1782475646583346668,2,1.000000000000,1.000000000000,1.000000000000,1
1519,37602,37602,1782475646583424614,1782475646583424614,1782475646583462216,1782475646583462216,1782475646583462216,2,1.000000000000,1.000000000000,1.000000000000,1
1520,35412,35412,1782475646583534662,1782475646583534662,1782475646583570074,1782475646583570074,1782475646583570074,2,1.000000000000,1.000000000000,1.000000000000,1
1521,36253,36253,1782475646583648810,1782475646583648810,1782475646583685063,1782475646583685063,1782475646583685063,2,1.000000000000,1.000000000000,1.000000000000,1
1522,34263,34263,1782475646583762988,1782475646583762988,1782475646583797251,1782475646583797251,1782475646583797251,1,1.000000000000,1.000000000000,1.000000000000,1
1523,35603,35603,1782475646583880176,1782475646583880176,1782475646583915779,1782475646583915779,1782475646583915779,3,1.000000000000,1.000000000000,1.000000000000,1
1524,35653,35653,1782475646583996574,1782475646583996574,1782475646584032227,1782475646584032227,1782475646584032227,1,1.000000000000,1.000000000000,1.000000000000,1
1525,34994,34994,1782475646584112052,1782475646584112052,1782475646584147046,1782475646584147046,1782475646584147046,1,1.000000000000,1.000000000000,1.000000000000,1
1526,35794,35794,1782475646584228540,1782475646584228540,1782475646584264334,1782475646584264334,1782475646584264334,1,1.000000000000,1.000000000000,1.000000000000,1
1527,35735,35735,1782475646584346967,1782475646584346967,1782475646584382702,1782475646584382702,1782475646584382702,2,1.000000000000,1.000000000000,1.000000000000,1
1528,35915,35915,1782475646584459525,1782475646584459525,1782475646584495440,1782475646584495440,1782475646584495440,0,1.000000000000,1.000000000000,1.000000000000,1
1529,39826,39826,1782475646584573643,1782475646584573643,1782475646584613469,1782475646584613469,1782475646584613469,0,1.000000000000,1.000000000000,1.000000000000,1
1530,40706,40706,1782475646584695021,1782475646584695021,1782475646584735727,1782475646584735727,1782475646584735727,3,1.000000000000,1.000000000000,1.000000000000,1
1531,35356,35356,1782475646584807499,1782475646584807499,1782475646584842855,1782475646584842855,1782475646584842855,3,1.000000000000,1.000000000000,1.000000000000,1
1532,35096,35096,1782475646584924527,1782475646584924527,1782475646584959623,1782475646584959623,1782475646584959623,2,1.000000000000,1.000000000000,1.000000000000,1
1533,35307,35307,1782475646585040465,1782475646585040465,1782475646585075772,1782475646585075772,1782475646585075772,2,1.000000000000,1.000000000000,1.000000000000,1
1534,35047,35047,1782475646585157723,1782475646585157723,1782475646585192770,1782475646585192770,1782475646585192770,0,1.000000000000,1.000000000000,1.000000000000,1
1535,35157,35157,1782475646585273381,1782475646585273381,1782475646585308538,1782475646585308538,1782475646585308538,0,1.000000000000,1.000000000000,1.000000000000,1
1536,38159,38159,1782475646585409958,1782475646585409958,1782475646585448117,1782475646585448117,1782475646585448117,2,1.000000000000,1.000000000000,1.000000000000,1
1537,36768,36768,1782475646585525937,1782475646585525937,1782475646585562705,1782475646585562705,1782475646585562705,0,1.000000000000,1.000000000000,1.000000000000,1
1538,37318,37318,1782475646585636875,1782475646585636875,1782475646585674193,1782475646585674193,1782475646585674193,3,1.000000000000,1.000000000000,1.000000000000,1
1539,37779,37779,1782475646585753193,1782475646585753193,1782475646585790972,1782475646585790972,1782475646585790972,3,1.000000000000,1.000000000000,1.000000000000,1
1540,36159,36159,1782475646585866481,1782475646585866481,1782475646585902640,1782475646585902640,1782475646585902640,3,1.000000000000,1.000000000000,1.000000000000,1
1541,37429,37429,1782475646585986919,1782475646585986919,1782475646586024348,1782475646586024348,1782475646586024348,2,1.000000000000,1.000000000000,1.000000000000,1
1542,34909,34909,1782475646586100677,1782475646586100677,1782475646586135586,1782475646586135586,1782475646586135586,2,1.000000000000,1.000000000000,1.000000000000,1
1543,35280,35280,1782475646586217545,1782475646586217545,1782475646586252825,1782475646586252825,1782475646586252825,1,1.000000000000,1.000000000000,1.000000000000,1
1544,41290,41290,1782475646586339333,1782475646586339333,1782475646586380623,1782475646586380623,1782475646586380623,0,1.000000000000,1.000000000000,1.000000000000,1
1545,38800,38800,1782475646586459081,1782475646586459081,1782475646586497881,1782475646586497881,1782475646586497881,1,1.000000000000,1.000000000000,1.000000000000,1
1546,35420,35420,1782475646586567479,1782475646586567479,1782475646586602899,1782475646586602899,1782475646586602899,3,1.000000000000,1.000000000000,1.000000000000,1
1547,43040,43040,1782475646586679267,1782475646586679267,1782475646586722307,1782475646586722307,1782475646586722307,2,1.000000000000,1.000000000000,1.000000000000,1
1548,36061,36061,1782475646586796115,1782475646586796115,1782475646586832176,1782475646586832176,1782475646586832176,0,1.000000000000,1.000000000000,1.000000000000,1
1549,36851,36851,1782475646586909203,1782475646586909203,1782475646586946054,1782475646586946054,1782475646586946054,3,1.000000000000,1.000000000000,1.000000000000,1
1550,35351,35351,1782475646587024961,1782475646587024961,1782475646587060312,1782475646587060312,1782475646587060312,0,1.000000000000,1.000000000000,1.000000000000,1
1551,35032,35032,1782475646587147538,1782475646587147538,1782475646587182570,1782475646587182570,1782475646587182570,0,1.000000000000,1.000000000000,1.000000000000,1
1552,35862,35862,1782475646587266346,1782475646587266346,1782475646587302208,1782475646587302208,1782475646587302208,0,1.000000000000,1.000000000000,1.000000000000,1
1553,36603,36603,1782475646587387314,1782475646587387314,1782475646587423917,1782475646587423917,1782475646587423917,0,1.000000000000,1.000000000000,1.000000000000,1
1554,36133,36133,1782475646587502552,1782475646587502552,1782475646587538685,1782475646587538685,1782475646587538685,0,1.000000000000,1.000000000000,1.000000000000,1
1555,40333,40333,1782475646587618230,1782475646587618230,1782475646587658563,1782475646587658563,1782475646587658563,3,1.000000000000,1.000000000000,1.000000000000,1
1556,35423,35423,1782475646587733688,1782475646587733688,1782475646587769111,1782475646587769111,1782475646587769111,1,1.000000000000,1.000000000000,1.000000000000,1
1557,34984,34984,1782475646587847976,1782475646587847976,1782475646587882960,1782475646587882960,1782475646587882960,0,1.000000000000,1.000000000000,1.000000000000,1
1558,35854,35854,1782475646587964074,1782475646587964074,1782475646587999928,1782475646587999928,1782475646587999928,0,1.000000000000,1.000000000000,1.000000000000,1
1559,36944,36944,1782475646588082452,1782475646588082452,1782475646588119396,1782475646588119396,1782475646588119396,2,1.000000000000,1.000000000000,1.000000000000,1
1560,36334,36334,1782475646588197390,1782475646588197390,1782475646588233724,1782475646588233724,1782475646588233724,3,1.000000000000,1.000000000000,1.000000000000,1
1561,36734,36734,1782475646588319338,1782475646588319338,1782475646588356072,1782475646588356072,1782475646588356072,3,1.000000000000,1.000000000000,1.000000000000,1
1562,37765,37765,1782475646588432716,1782475646588432716,1782475646588470481,1782475646588470481,1782475646588470481,0,1.000000000000,1.000000000000,1.000000000000,1
1563,36915,36915,1782475646588547665,1782475646588547665,1782475646588584580,1782475646588584580,1782475646588584580,3,1.000000000000,1.000000000000,1.000000000000,1
1564,36665,36665,1782475646588659493,1782475646588659493,1782475646588696158,1782475646588696158,1782475646588696158,0,1.000000000000,1.000000000000,1.000000000000,1
1565,35055,35055,1782475646588776371,1782475646588776371,1782475646588811426,1782475646588811426,1782475646588811426,1,1.000000000000,1.000000000000,1.000000000000,1
1566,35456,35456,1782475646588894128,1782475646588894128,1782475646588929584,1782475646588929584,1782475646588929584,1,1.000000000000,1.000000000000,1.000000000000,1
1567,36037,36037,1782475646589005406,1782475646589005406,1782475646589041443,1782475646589041443,1782475646589041443,1,1.000000000000,1.000000000000,1.000000000000,1
1568,35427,35427,1782475646589124604,1782475646589124604,1782475646589160031,1782475646589160031,1782475646589160031,0,1.000000000000,1.000000000000,1.000000000000,1
1569,35657,35657,1782475646589241662,1782475646589241662,1782475646589277319,1782475646589277319,1782475646589277319,3,1.000000000000,1.000000000000,1.000000000000,1
1570,36717,36717,1782475646589363310,1782475646589363310,1782475646589400027,1782475646589400027,1782475646589400027,2,1.000000000000,1.000000000000,1.000000000000,1
1571,35657,35657,1782475646589474628,1782475646589474628,1782475646589510285,1782475646589510285,1782475646589510285,2,1.000000000000,1.000000000000,1.000000000000,1
1572,34888,34888,1782475646589589486,1782475646589589486,1782475646589624374,1782475646589624374,1782475646589624374,2,1.000000000000,1.000000000000,1.000000000000,1
1573,40458,40458,1782475646589712774,1782475646589712774,1782475646589753232,1782475646589753232,1782475646589753232,0,1.000000000000,1.000000000000,1.000000000000,1
1574,39838,39838,1782475646589820982,1782475646589820982,1782475646589860820,1782475646589860820,1782475646589860820,3,1.000000000000,1.000000000000,1.000000000000,1
1575,35118,35118,1782475646589933430,1782475646589933430,1782475646589968548,1782475646589968548,1782475646589968548,1,1.000000000000,1.000000000000,1.000000000000,1
1576,36269,36269,1782475646590046418,1782475646590046418,1782475646590082687,1782475646590082687,1782475646590082687,2,1.000000000000,1.000000000000,1.000000000000,1
1577,35349,35349,1782475646590168776,1782475646590168776,1782475646590204125,1782475646590204125,1782475646590204125,1,1.000000000000,1.000000000000,1.000000000000,1
1578,36279,36279,1782475646590286994,1782475646590286994,1782475646590323273,1782475646590323273,1782475646590323273,0,1.000000000000,1.000000000000,1.000000000000,1
1579,36729,36729,1782475646590402282,1782475646590402282,1782475646590439011,1782475646590439011,1782475646590439011,0,1.000000000000,1.000000000000,1.000000000000,1
1580,42729,42729,1782475646590515460,1782475646590515460,1782475646590558189,1782475646590558189,1782475646590558189,2,1.000000000000,1.000000000000,1.000000000000,1
1581,36321,36321,1782475646590633557,1782475646590633557,1782475646590669878,1782475646590669878,1782475646590669878,0,1.000000000000,1.000000000000,1.000000000000,1
1582,34781,34781,1782475646590747735,1782475646590747735,1782475646590782516,1782475646590782516,1782475646590782516,2,1.000000000000,1.000000000000,1.000000000000,1
1583,35741,35741,1782475646590862233,1782475646590862233,1782475646590897974,1782475646590897974,1782475646590897974,2,1.000000000000,1.000000000000,1.000000000000,1
1584,35451,35451,1782475646590976131,1782475646590976131,1782475646591011582,1782475646591011582,1782475646591011582,0,1.000000000000,1.000000000000,1.000000000000,1
1585,35502,35502,1782475646591099549,1782475646591099549,1782475646591135051,1782475646591135051,1782475646591135051,0,1.000000000000,1.000000000000,1.000000000000,1
1586,35992,35992,1782475646591220597,1782475646591220597,1782475646591256589,1782475646591256589,1782475646591256589,3,1.000000000000,1.000000000000,1.000000000000,1
1587,36893,36893,1782475646591339385,1782475646591339385,1782475646591376278,1782475646591376278,1782475646591376278,2,1.000000000000,1.000000000000,1.000000000000,1
1588,35762,35762,1782475646591451444,1782475646591451444,1782475646591487206,1782475646591487206,1782475646591487206,2,1.000000000000,1.000000000000,1.000000000000,1
1589,36032,36032,1782475646591565942,1782475646591565942,1782475646591601974,1782475646591601974,1782475646591601974,1,1.000000000000,1.000000000000,1.000000000000,1
1590,35163,35163,1782475646591680890,1782475646591680890,1782475646591716053,1782475646591716053,1782475646591716053,1,1.000000000000,1.000000000000,1.000000000000,1
1591,35073,35073,1782475646591795028,1782475646591795028,1782475646591830101,1782475646591830101,1782475646591830101,2,1.000000000000,1.000000000000,1.000000000000,1
1592,35713,35713,1782475646591911786,1782475646591911786,1782475646591947499,1782475646591947499,1782475646591947499,2,1.000000000000,1.000000000000,1.000000000000,1
1593,34944,34944,1782475646592031263,1782475646592031263,1782475646592066207,1782475646592066207,1782475646592066207,1,1.000000000000,1.000000000000,1.000000000000,1
1594,37145,37145,1782475646592148111,1782475646592148111,1782475646592185256,1782475646592185256,1782475646592185256,0,1.000000000000,1.000000000000,1.000000000000,1
1595,43305,43305,1782475646592263199,1782475646592263199,1782475646592306504,1782475646592306504,1782475646592306504,1,1.000000000000,1.000000000000,1.000000000000,1
1596,35845,35845,1782475646592383897,1782475646592383897,1782475646592419742,1782475646592419742,1782475646592419742,0,1.000000000000,1.000000000000,1.000000000000,1
1597,34755,34755,1782475646592513975,1782475646592513975,1782475646592548730,1782475646592548730,1782475646592548730,2,1.000000000000,1.000000000000,1.000000000000,1
1598,35465,35465,1782475646592632693,1782475646592632693,1782475646592668158,1782475646592668158,1782475646592668158,0,1.000000000000,1.000000000000,1.000000000000,1
1599,35606,35606,1782475646592735141,1782475646592735141,1782475646592770747,1782475646592770747,1782475646592770747,2,1.000000000000,1.000000000000,1.000000000000,1
1600,41786,41786,1782475646592848389,1782475646592848389,1782475646592890175,1782475646592890175,1782475646592890175,2,1.000000000000,1.000000000000,1.000000000000,1
1601,39116,39116,1782475646592971417,1782475646592971417,1782475646593010533,1782475646593010533,1782475646593010533,3,1.000000000000,1.000000000000,1.000000000000,1
1602,35226,35226,1782475646593080615,1782475646593080615,1782475646593115841,1782475646593115841,1782475646593115841,1,1.000000000000,1.000000000000,1.000000000000,1
1603,36387,36387,1782475646593195173,1782475646593195173,1782475646593231560,1782475646593231560,1782475646593231560,1,1.000000000000,1.000000000000,1.000000000000,1
1604,41827,41827,1782475646593310511,1782475646593310511,1782475646593352338,1782475646593352338,1782475646593352338,3,1.000000000000,1.000000000000,1.000000000000,1
1605,36848,36848,1782475646593432008,1782475646593432008,1782475646593468856,1782475646593468856,1782475646593468856,1,1.000000000000,1.000000000000,1.000000000000,1
1606,36268,36268,1782475646593543156,1782475646593543156,1782475646593579424,1782475646593579424,1782475646593579424,3,1.000000000000,1.000000000000,1.000000000000,1
1607,36079,36079,1782475646593655764,1782475646593655764,1782475646593691843,1782475646593691843,1782475646593691843,1,1.000000000000,1.000000000000,1.000000000000,1
1608,36679,36679,1782475646593770742,1782475646593770742,1782475646593807421,1782475646593807421,1782475646593807421,3,1.000000000000,1.000000000000,1.000000000000,1
1609,35769,35769,1782475646593889180,1782475646593889180,1782475646593924949,1782475646593924949,1782475646593924949,2,1.000000000000,1.000000000000,1.000000000000,1
1610,36379,36379,1782475646594007008,1782475646594007008,1782475646594043387,1782475646594043387,1782475646594043387,2,1.000000000000,1.000000000000,1.000000000000,1
1611,34600,34600,1782475646594119726,1782475646594119726,1782475646594154326,1782475646594154326,1782475646594154326,1,1.000000000000,1.000000000000,1.000000000000,1
1612,34850,34850,1782475646594234914,1782475646594234914,1782475646594269764,1782475646594269764,1782475646594269764,2,1.000000000000,1.000000000000,1.000000000000,1
1613,42341,42341,1782475646594354622,1782475646594354622,1782475646594396963,1782475646594396963,1782475646594396963,0,1.000000000000,1.000000000000,1.000000000000,1
1614,36540,36540,1782475646594468481,1782475646594468481,1782475646594505021,1782475646594505021,1782475646594505021,3,1.000000000000,1.000000000000,1.000000000000,1
1615,37560,37560,1782475646594584109,1782475646594584109,1782475646594621669,1782475646594621669,1782475646594621669,2,1.000000000000,1.000000000000,1.000000000000,1
1616,36601,36601,1782475646594701477,1782475646594701477,1782475646594738078,1782475646594738078,1782475646594738078,2,1.000000000000,1.000000000000,1.000000000000,1
1617,35221,35221,1782475646594814885,1782475646594814885,1782475646594850106,1782475646594850106,1782475646594850106,2,1.000000000000,1.000000000000,1.000000000000,1
1618,35741,35741,1782475646594930443,1782475646594930443,1782475646594966184,1782475646594966184,1782475646594966184,3,1.000000000000,1.000000000000,1.000000000000,1
1619,37241,37241,1782475646595047941,1782475646595047941,1782475646595085182,1782475646595085182,1782475646595085182,1,1.000000000000,1.000000000000,1.000000000000,1
1620,35912,35912,1782475646595166478,1782475646595166478,1782475646595202390,1782475646595202390,1782475646595202390,1,1.000000000000,1.000000000000,1.000000000000,1
1621,35453,35453,1782475646595280246,1782475646595280246,1782475646595315699,1782475646595315699,1782475646595315699,2,1.000000000000,1.000000000000,1.000000000000,1
1622,37303,37303,1782475646595401014,1782475646595401014,1782475646595438317,1782475646595438317,1782475646595438317,0,1.000000000000,1.000000000000,1.000000000000,1
1623,38853,38853,1782475646595511482,1782475646595511482,1782475646595550335,1782475646595550335,1782475646595550335,3,1.000000000000,1.000000000000,1.000000000000,1
1624,37183,37183,1782475646595627350,1782475646595627350,1782475646595664533,1782475646595664533,1782475646595664533,0,1.000000000000,1.000000000000,1.000000000000,1
1625,35394,35394,1782475646595741348,1782475646595741348,1782475646595776742,1782475646595776742,1782475646595776742,2,1.000000000000,1.000000000000,1.000000000000,1
1626,36524,36524,1782475646595857346,1782475646595857346,1782475646595893870,1782475646595893870,1782475646595893870,3,1.000000000000,1.000000000000,1.000000000000,1
1627,35984,35984,1782475646595974274,1782475646595974274,1782475646596010258,1782475646596010258,1782475646596010258,1,1.000000000000,1.000000000000,1.000000000000,1
1628,35844,35844,1782475646596090002,1782475646596090002,1782475646596125846,1782475646596125846,1782475646596125846,3,1.000000000000,1.000000000000,1.000000000000,1
1629,39644,39644,1782475646596214490,1782475646596214490,1782475646596254134,1782475646596254134,1782475646596254134,1,1.000000000000,1.000000000000,1.000000000000,1
1630,35825,35825,1782475646596327338,1782475646596327338,1782475646596363163,1782475646596363163,1782475646596363163,1,1.000000000000,1.000000000000,1.000000000000,1
1631,37425,37425,1782475646596442766,1782475646596442766,1782475646596480191,1782475646596480191,1782475646596480191,0,1.000000000000,1.000000000000,1.000000000000,1
1632,36955,36955,1782475646596552524,1782475646596552524,1782475646596589479,1782475646596589479,1782475646596589479,3,1.000000000000,1.000000000000,1.000000000000,1
1633,37695,37695,1782475646596670122,1782475646596670122,1782475646596707817,1782475646596707817,1782475646596707817,2,1.000000000000,1.000000000000,1.000000000000,1
1634,39586,39586,1782475646596785939,1782475646596785939,1782475646596825525,1782475646596825525,1782475646596825525,2,1.000000000000,1.000000000000,1.000000000000,1
1635,38477,38477,1782475646596900767,1782475646596900767,1782475646596939244,1782475646596939244,1782475646596939244,3,1.000000000000,1.000000000000,1.000000000000,1
1636,35337,35337,1782475646597017615,1782475646597017615,1782475646597052952,1782475646597052952,1782475646597052952,0,1.000000000000,1.000000000000,1.000000000000,1
1637,34517,34517,1782475646597133583,1782475646597133583,1782475646597168100,1782475646597168100,1782475646597168100,1,1.000000000000,1.000000000000,1.000000000000,1
1638,35787,35787,1782475646597250631,1782475646597250631,1782475646597286418,1782475646597286418,1782475646597286418,0,1.000000000000,1.000000000000,1.000000000000,1
1639,35569,35569,1782475646597366129,1782475646597366129,1782475646597401698,1782475646597401698,1782475646597401698,2,1.000000000000,1.000000000000,1.000000000000,1
1640,42378,42378,1782475646597479528,1782475646597479528,1782475646597521906,1782475646597521906,1782475646597521906,0,1.000000000000,1.000000000000,1.000000000000,1
1641,34418,34418,1782475646597593866,1782475646597593866,1782475646597628284,1782475646597628284,1782475646597628284,1,1.000000000000,1.000000000000,1.000000000000,1
1642,36708,36708,1782475646597715264,1782475646597715264,1782475646597751972,1782475646597751972,1782475646597751972,3,1.000000000000,1.000000000000,1.000000000000,1
1643,36239,36239,1782475646597824822,1782475646597824822,1782475646597861061,1782475646597861061,1782475646597861061,3,1.000000000000,1.000000000000,1.000000000000,1
1644,35689,35689,1782475646597940900,1782475646597940900,1782475646597976589,1782475646597976589,1782475646597976589,3,1.000000000000,1.000000000000,1.000000000000,1
1645,39239,39239,1782475646598057148,1782475646598057148,1782475646598096387,1782475646598096387,1782475646598096387,1,1.000000000000,1.000000000000,1.000000000000,1
1646,43049,43049,1782475646598171476,1782475646598171476,1782475646598214525,1782475646598214525,1782475646598214525,3,1.000000000000,1.000000000000,1.000000000000,1
1647,36189,36189,1782475646598287294,1782475646598287294,1782475646598323483,1782475646598323483,1782475646598323483,0,1.000000000000,1.000000000000,1.000000000000,1
1648,36630,36630,1782475646598403542,1782475646598403542,1782475646598440172,1782475646598440172,1782475646598440172,1,1.000000000000,1.000000000000,1.000000000000,1
1649,36731,36731,1782475646598520019,1782475646598520019,1782475646598556750,1782475646598556750,1782475646598556750,0,1.000000000000,1.000000000000,1.000000000000,1
1650,35021,35021,1782475646598634837,1782475646598634837,1782475646598669858,1782475646598669858,1782475646598669858,0,1.000000000000,1.000000000000,1.000000000000,1
1651,36381,36381,1782475646598749425,1782475646598749425,1782475646598785806,1782475646598785806,1782475646598785806,3,1.000000000000,1.000000000000,1.000000000000,1
1652,35472,35472,1782475646598864333,1782475646598864333,1782475646598899805,1782475646598899805,1782475646598899805,1,1.000000000000,1.000000000000,1.000000000000,1
1653,35222,35222,1782475646598983181,1782475646598983181,1782475646599018403,1782475646599018403,1782475646599018403,2,1.000000000000,1.000000000000,1.000000000000,1
1654,36132,36132,1782475646599097699,1782475646599097699,1782475646599133831,1782475646599133831,1782475646599133831,3,1.000000000000,1.000000000000,1.000000000000,1
1655,35042,35042,1782475646599213167,1782475646599213167,1782475646599248209,1782475646599248209,1782475646599248209,2,1.000000000000,1.000000000000,1.000000000000,1
1656,39072,39072,1782475646599336565,1782475646599336565,1782475646599375637,1782475646599375637,1782475646599375637,2,1.000000000000,1.000000000000,1.000000000000,1
1657,40842,40842,1782475646599452733,1782475646599452733,1782475646599493575,1782475646599493575,1782475646599493575,3,1.000000000000,1.000000000000,1.000000000000,1
1658,36693,36693,1782475646599561171,1782475646599561171,1782475646599597864,1782475646599597864,1782475646599597864,1,1.000000000000,1.000000000000,1.000000000000,1
1659,36193,36193,1782475646599675029,1782475646599675029,1782475646599711222,1782475646599711222,1782475646599711222,1,1.000000000000,1.000000000000,1.000000000000,1
1660,38113,38113,1782475646599792387,1782475646599792387,1782475646599830500,1782475646599830500,1782475646599830500,1,1.000000000000,1.000000000000,1.000000000000,1
1661,35224,35224,1782475646599906925,1782475646599906925,1782475646599942149,1782475646599942149,1782475646599942149,1,1.000000000000,1.000000000000,1.000000000000,1
1662,36034,36034,1782475646600024333,1782475646600024333,1782475646600060367,1782475646600060367,1782475646600060367,2,1.000000000000,1.000000000000,1.000000000000,1
1663,35205,35205,1782475646600141430,1782475646600141430,1782475646600176635,1782475646600176635,1782475646600176635,3,1.000000000000,1.000000000000,1.000000000000,1
1664,36015,36015,1782475646600257638,1782475646600257638,1782475646600293653,1782475646600293653,1782475646600293653,0,1.000000000000,1.000000000000,1.000000000000,1
1665,36626,36626,1782475646600383106,1782475646600383106,1782475646600419732,1782475646600419732,1782475646600419732,2,1.000000000000,1.000000000000,1.000000000000,1
1666,35046,35046,1782475646600494095,1782475646600494095,1782475646600529141,1782475646600529141,1782475646600529141,0,1.000000000000,1.000000000000,1.000000000000,1
1667,36766,36766,1782475646600615763,1782475646600615763,1782475646600652529,1782475646600652529,1782475646600652529,0,1.000000000000,1.000000000000,1.000000000000,1
1668,35546,35546,1782475646600728381,1782475646600728381,1782475646600763927,1782475646600763927,1782475646600763927,1,1.000000000000,1.000000000000,1.000000000000,1
1669,37226,37226,1782475646600843919,1782475646600843919,1782475646600881145,1782475646600881145,1782475646600881145,3,1.000000000000,1.000000000000,1.000000000000,1
1670,35926,35926,1782475646600958727,1782475646600958727,1782475646600994653,1782475646600994653,1782475646600994653,2,1.000000000000,1.000000000000,1.000000000000,1
1671,35427,35427,1782475646601078675,1782475646601078675,1782475646601114102,1782475646601114102,1782475646601114102,3,1.000000000000,1.000000000000,1.000000000000,1
1672,36677,36677,1782475646601192403,1782475646601192403,1782475646601229080,1782475646601229080,1782475646601229080,0,1.000000000000,1.000000000000,1.000000000000,1
1673,41797,41797,1782475646601306611,1782475646601306611,1782475646601348408,1782475646601348408,1782475646601348408,2,1.000000000000,1.000000000000,1.000000000000,1
1674,39318,39318,1782475646601428078,1782475646601428078,1782475646601467396,1782475646601467396,1782475646601467396,1,1.000000000000,1.000000000000,1.000000000000,1
1675,37258,37258,1782475646601541226,1782475646601541226,1782475646601578484,1782475646601578484,1782475646601578484,3,1.000000000000,1.000000000000,1.000000000000,1
1676,35679,35679,1782475646601653794,1782475646601653794,1782475646601689473,1782475646601689473,1782475646601689473,2,1.000000000000,1.000000000000,1.000000000000,1
1677,38879,38879,1782475646601766522,1782475646601766522,1782475646601805401,1782475646601805401,1782475646601805401,3,1.000000000000,1.000000000000,1.000000000000,1
1678,39399,39399,1782475646601885930,1782475646601885930,1782475646601925329,1782475646601925329,1782475646601925329,1,1.000000000000,1.000000000000,1.000000000000,1
1679,46589,46589,1782475646601997338,1782475646601997338,1782475646602043927,1782475646602043927,1782475646602043927,0,1.000000000000,1.000000000000,1.000000000000,1
1680,37650,37650,1782475646602111416,1782475646602111416,1782475646602149066,1782475646602149066,1782475646602149066,0,1.000000000000,1.000000000000,1.000000000000,1
1681,36270,36270,1782475646602227024,1782475646602227024,1782475646602263294,1782475646602263294,1782475646602263294,0,1.000000000000,1.000000000000,1.000000000000,1
1682,39010,39010,1782475646602349582,1782475646602349582,1782475646602388592,1782475646602388592,1782475646602388592,0,1.000000000000,1.000000000000,1.000000000000,1
1683,35870,35870,1782475646602461110,1782475646602461110,1782475646602496980,1782475646602496980,1782475646602496980,1,1.000000000000,1.000000000000,1.000000000000,1
1684,40950,40950,1782475646602576368,1782475646602576368,1782475646602617318,1782475646602617318,1782475646602617318,1,1.000000000000,1.000000000000,1.000000000000,1
1685,45040,45040,1782475646602700856,1782475646602700856,1782475646602745896,1782475646602745896,1782475646602745896,1,1.000000000000,1.000000000000,1.000000000000,1
1686,38441,38441,1782475646602809974,1782475646602809974,1782475646602848415,1782475646602848415,1782475646602848415,2,1.000000000000,1.000000000000,1.000000000000,1
1687,38141,38141,1782475646602925032,1782475646602925032,1782475646602963173,1782475646602963173,1782475646602963173,2,1.000000000000,1.000000000000,1.000000000000,1
1688,38251,38251,1782475646603039700,1782475646603039700,1782475646603077951,1782475646603077951,1782475646603077951,3,1.000000000000,1.000000000000,1.000000000000,1
1689,39352,39352,1782475646603156508,1782475646603156508,1782475646603195860,1782475646603195860,1782475646603195860,1,1.000000000000,1.000000000000,1.000000000000,1
1690,36693,36693,1782475646603275585,1782475646603275585,1782475646603312278,1782475646603312278,1782475646603312278,2,1.000000000000,1.000000000000,1.000000000000,1
1691,36494,36494,1782475646603398033,1782475646603398033,1782475646603434527,1782475646603434527,1782475646603434527,2,1.000000000000,1.000000000000,1.000000000000,1
1692,36913,36913,1782475646603509822,1782475646603509822,1782475646603546735,1782475646603546735,1782475646603546735,0,1.000000000000,1.000000000000,1.000000000000,1
1693,38213,38213,1782475646603629230,1782475646603629230,1782475646603667443,1782475646603667443,1782475646603667443,0,1.000000000000,1.000000000000,1.000000000000,1
1694,37154,37154,1782475646603745568,1782475646603745568,1782475646603782722,1782475646603782722,1782475646603782722,1,1.000000000000,1.000000000000,1.000000000000,1
1695,36454,36454,1782475646603859826,1782475646603859826,1782475646603896280,1782475646603896280,1782475646603896280,0,1.000000000000,1.000000000000,1.000000000000,1
1696,38004,38004,1782475646603974484,1782475646603974484,1782475646604012488,1782475646604012488,1782475646604012488,0,1.000000000000,1.000000000000,1.000000000000,1
1697,38954,38954,1782475646604090172,1782475646604090172,1782475646604129126,1782475646604129126,1782475646604129126,1,1.000000000000,1.000000000000,1.000000000000,1
1698,37845,37845,1782475646604204950,1782475646604204950,1782475646604242795,1782475646604242795,1782475646604242795,3,1.000000000000,1.000000000000,1.000000000000,1
1699,40485,40485,1782475646604329458,1782475646604329458,1782475646604369943,1782475646604369943,1782475646604369943,3,1.000000000000,1.000000000000,1.000000000000,1
1700,36935,36935,1782475646604441536,1782475646604441536,1782475646604478471,1782475646604478471,1782475646604478471,0,1.000000000000,1.000000000000,1.000000000000,1
1701,36875,36875,1782475646604554014,1782475646604554014,1782475646604590889,1782475646604590889,1782475646604590889,1,1.000000000000,1.000000000000,1.000000000000,1
1702,35737,35737,1782475646604669931,1782475646604669931,1782475646604705668,1782475646604705668,1782475646604705668,3,1.000000000000,1.000000000000,1.000000000000,1
1703,38087,38087,1782475646604783719,1782475646604783719,1782475646604821806,1782475646604821806,1782475646604821806,3,1.000000000000,1.000000000000,1.000000000000,1
1704,39257,39257,1782475646604899247,1782475646604899247,1782475646604938504,1782475646604938504,1782475646604938504,3,1.000000000000,1.000000000000,1.000000000000,1
1705,37357,37357,1782475646605013315,1782475646605013315,1782475646605050672,1782475646605050672,1782475646605050672,3,1.000000000000,1.000000000000,1.000000000000,1
1706,36957,36957,1782475646605131933,1782475646605131933,1782475646605168890,1782475646605168890,1782475646605168890,1,1.000000000000,1.000000000000,1.000000000000,1
1707,35538,35538,1782475646605247331,1782475646605247331,1782475646605282869,1782475646605282869,1782475646605282869,1,1.000000000000,1.000000000000,1.000000000000,1
1708,39038,39038,1782475646605365689,1782475646605365689,1782475646605404727,1782475646605404727,1782475646605404727,0,1.000000000000,1.000000000000,1.000000000000,1
1709,38478,38478,1782475646605480157,1782475646605480157,1782475646605518635,1782475646605518635,1782475646605518635,0,1.000000000000,1.000000000000,1.000000000000,1
1710,37358,37358,1782475646605597825,1782475646605597825,1782475646605635183,1782475646605635183,1782475646605635183,1,1.000000000000,1.000000000000,1.000000000000,1
1711,38579,38579,1782475646605718063,1782475646605718063,1782475646605756642,1782475646605756642,1782475646605756642,0,1.000000000000,1.000000000000,1.000000000000,1
1712,43489,43489,1782475646605827691,1782475646605827691,1782475646605871180,1782475646605871180,1782475646605871180,3,1.000000000000,1.000000000000,1.000000000000,1
1713,39759,39759,1782475646605951159,1782475646605951159,1782475646605990918,1782475646605990918,1782475646605990918,1,1.000000000000,1.000000000000,1.000000000000,1
1714,38919,38919,1782475646606058797,1782475646606058797,1782475646606097716,1782475646606097716,1782475646606097716,0,1.000000000000,1.000000000000,1.000000000000,1
1715,40079,40079,1782475646606176855,1782475646606176855,1782475646606216934,1782475646606216934,1782475646606216934,3,1.000000000000,1.000000000000,1.000000000000,1
1716,38191,38191,1782475646606292922,1782475646606292922,1782475646606331113,1782475646606331113,1782475646606331113,0,1.000000000000,1.000000000000,1.000000000000,1
1717,38952,38952,1782475646606411100,1782475646606411100,1782475646606450052,1782475646606450052,1782475646606450052,2,1.000000000000,1.000000000000,1.000000000000,1
1718,38501,38501,1782475646606524589,1782475646606524589,1782475646606563090,1782475646606563090,1782475646606563090,2,1.000000000000,1.000000000000,1.000000000000,1
1719,42261,42261,1782475646606639857,1782475646606639857,1782475646606682118,1782475646606682118,1782475646606682118,0,1.000000000000,1.000000000000,1.000000000000,1
1720,38342,38342,1782475646606754795,1782475646606754795,1782475646606793137,1782475646606793137,1782475646606793137,3,1.000000000000,1.000000000000,1.000000000000,1
1721,38162,38162,1782475646606870393,1782475646606870393,1782475646606908555,1782475646606908555,1782475646606908555,1,1.000000000000,1.000000000000,1.000000000000,1
1722,37042,37042,1782475646606987101,1782475646606987101,1782475646607024143,1782475646607024143,1782475646607024143,2,1.000000000000,1.000000000000,1.000000000000,1
1723,37332,37332,1782475646607101509,1782475646607101509,1782475646607138841,1782475646607138841,1782475646607138841,2,1.000000000000,1.000000000000,1.000000000000,1
1724,38063,38063,1782475646607216917,1782475646607216917,1782475646607254980,1782475646607254980,1782475646607254980,2,1.000000000000,1.000000000000,1.000000000000,1
1725,36353,36353,1782475646607338865,1782475646607338865,1782475646607375218,1782475646607375218,1782475646607375218,0,1.000000000000,1.000000000000,1.000000000000,1
1726,38433,38433,1782475646607454283,1782475646607454283,1782475646607492716,1782475646607492716,1782475646607492716,0,1.000000000000,1.000000000000,1.000000000000,1
1727,38053,38053,1782475646607567861,1782475646607567861,1782475646607605914,1782475646607605914,1782475646607605914,3,1.000000000000,1.000000000000,1.000000000000,1
1728,38073,38073,1782475646607681979,1782475646607681979,1782475646607720052,1782475646607720052,1782475646607720052,0,1.000000000000,1.000000000000,1.000000000000,1
1729,37784,37784,1782475646607797867,1782475646607797867,1782475646607835651,1782475646607835651,1782475646607835651,3,1.000000000000,1.000000000000,1.000000000000,1
1730,36735,36735,1782475646607911884,1782475646607911884,1782475646607948619,1782475646607948619,1782475646607948619,2,1.000000000000,1.000000000000,1.000000000000,1
1731,38315,38315,1782475646608026982,1782475646608026982,1782475646608065297,1782475646608065297,1782475646608065297,3,1.000000000000,1.000000000000,1.000000000000,1
1732,37535,37535,1782475646608142810,1782475646608142810,1782475646608180345,1782475646608180345,1782475646608180345,1,1.000000000000,1.000000000000,1.000000000000,1
1733,38085,38085,1782475646608264008,1782475646608264008,1782475646608302093,1782475646608302093,1782475646608302093,0,1.000000000000,1.000000000000,1.000000000000,1
1734,39526,39526,1782475646608381726,1782475646608381726,1782475646608421252,1782475646608421252,1782475646608421252,2,1.000000000000,1.000000000000,1.000000000000,1
1735,37226,37226,1782475646608497994,1782475646608497994,1782475646608535220,1782475646608535220,1782475646608535220,0,1.000000000000,1.000000000000,1.000000000000,1
1736,37316,37316,1782475646608613772,1782475646608613772,1782475646608651088,1782475646608651088,1782475646608651088,0,1.000000000000,1.000000000000,1.000000000000,1
1737,37636,37636,1782475646608729680,1782475646608729680,1782475646608767316,1782475646608767316,1782475646608767316,1,1.000000000000,1.000000000000,1.000000000000,1
1738,37956,37956,1782475646608847258,1782475646608847258,1782475646608885214,1782475646608885214,1782475646608885214,0,1.000000000000,1.000000000000,1.000000000000,1
1739,40177,40177,1782475646608958356,1782475646608958356,1782475646608998533,1782475646608998533,1782475646608998533,3,1.000000000000,1.000000000000,1.000000000000,1
1740,38777,38777,1782475646609071534,1782475646609071534,1782475646609110311,1782475646609110311,1782475646609110311,2,1.000000000000,1.000000000000,1.000000000000,1
1741,41257,41257,1782475646609194342,1782475646609194342,1782475646609235599,1782475646609235599,1782475646609235599,0,1.000000000000,1.000000000000,1.000000000000,1
1742,41617,41617,1782475646609302720,1782475646609302720,1782475646609344337,1782475646609344337,1782475646609344337,2,1.000000000000,1.000000000000,1.000000000000,1
1743,38850,38850,1782475646609421827,1782475646609421827,1782475646609460677,1782475646609460677,1782475646609460677,2,1.000000000000,1.000000000000,1.000000000000,1
1744,37609,37609,1782475646609541366,1782475646609541366,1782475646609578975,1782475646609578975,1782475646609578975,0,1.000000000000,1.000000000000,1.000000000000,1
1745,43319,43319,1782475646609657394,1782475646609657394,1782475646609700713,1782475646609700713,1782475646609700713,2,1.000000000000,1.000000000000,1.000000000000,1
1746,41459,41459,1782475646609775342,1782475646609775342,1782475646609816801,1782475646609816801,1782475646609816801,2,1.000000000000,1.000000000000,1.000000000000,1
1747,36689,36689,1782475646609889220,1782475646609889220,1782475646609925909,1782475646609925909,1782475646609925909,3,1.000000000000,1.000000000000,1.000000000000,1
1748,36060,36060,1782475646610005308,1782475646610005308,1782475646610041368,1782475646610041368,1782475646610041368,0,1.000000000000,1.000000000000,1.000000000000,1
1749,35840,35840,1782475646610119236,1782475646610119236,1782475646610155076,1782475646610155076,1782475646610155076,2,1.000000000000,1.000000000000,1.000000000000,1
1750,34730,34730,1782475646610234054,1782475646610234054,1782475646610268784,1782475646610268784,1782475646610268784,0,1.000000000000,1.000000000000,1.000000000000,1
1751,40350,40350,1782475646610352852,1782475646610352852,1782475646610393202,1782475646610393202,1782475646610393202,3,1.000000000000,1.000000000000,1.000000000000,1
1752,37501,37501,1782475646610468840,1782475646610468840,1782475646610506341,1782475646610506341,1782475646610506341,3,1.000000000000,1.000000000000,1.000000000000,1
1753,38621,38621,1782475646610585898,1782475646610585898,1782475646610624519,1782475646610624519,1782475646610624519,3,1.000000000000,1.000000000000,1.000000000000,1
1754,37251,37251,1782475646610703426,1782475646610703426,1782475646610740677,1782475646610740677,1782475646610740677,0,1.000000000000,1.000000000000,1.000000000000,1
1755,37891,37891,1782475646610817854,1782475646610817854,1782475646610855745,1782475646610855745,1782475646610855745,2,1.000000000000,1.000000000000,1.000000000000,1
1756,35603,35603,1782475646610932261,1782475646610932261,1782475646610967864,1782475646610967864,1782475646610967864,3,1.000000000000,1.000000000000,1.000000000000,1
1757,35973,35973,1782475646611045539,1782475646611045539,1782475646611081512,1782475646611081512,1782475646611081512,1,1.000000000000,1.000000000000,1.000000000000,1
1758,35123,35123,1782475646611162087,1782475646611162087,1782475646611197210,1782475646611197210,1782475646611197210,2,1.000000000000,1.000000000000,1.000000000000,1
1759,40163,40163,1782475646611277945,1782475646611277945,1782475646611318108,1782475646611318108,1782475646611318108,0,1.000000000000,1.000000000000,1.000000000000,1
1760,36323,36323,1782475646611399993,1782475646611399993,1782475646611436316,1782475646611436316,1782475646611436316,0,1.000000000000,1.000000000000,1.000000000000,1
1761,35924,35924,1782475646611515231,1782475646611515231,1782475646611551155,1782475646611551155,1782475646611551155,2,1.000000000000,1.000000000000,1.000000000000,1
1762,38384,38384,1782475646611628659,1782475646611628659,1782475646611667043,1782475646611667043,1782475646611667043,0,1.000000000000,1.000000000000,1.000000000000,1
1763,36534,36534,1782475646611743997,1782475646611743997,1782475646611780531,1782475646611780531,1782475646611780531,3,1.000000000000,1.000000000000,1.000000000000,1
1764,35564,35564,1782475646611858395,1782475646611858395,1782475646611893959,1782475646611893959,1782475646611893959,1,1.000000000000,1.000000000000,1.000000000000,1
1765,35475,35475,1782475646611974493,1782475646611974493,1782475646612009968,1782475646612009968,1782475646612009968,3,1.000000000000,1.000000000000,1.000000000000,1
1766,36785,36785,1782475646612092141,1782475646612092141,1782475646612128926,1782475646612128926,1782475646612128926,0,1.000000000000,1.000000000000,1.000000000000,1
1767,35235,35235,1782475646612213109,1782475646612213109,1782475646612248344,1782475646612248344,1782475646612248344,3,1.000000000000,1.000000000000,1.000000000000,1
1768,37127,37127,1782475646612330316,1782475646612330316,1782475646612367443,1782475646612367443,1782475646612367443,2,1.000000000000,1.000000000000,1.000000000000,1
1769,42366,42366,1782475646612447745,1782475646612447745,1782475646612490111,1782475646612490111,1782475646612490111,0,1.000000000000,1.000000000000,1.000000000000,1
1770,37927,37927,1782475646612561823,1782475646612561823,1782475646612599750,1782475646612599750,1782475646612599750,3,1.000000000000,1.000000000000,1.000000000000,1
1771,38257,38257,1782475646612668971,1782475646612668971,1782475646612707228,1782475646612707228,1782475646612707228,1,1.000000000000,1.000000000000,1.000000000000,1
1772,35157,35157,1782475646612782899,1782475646612782899,1782475646612818056,1782475646612818056,1782475646612818056,3,1.000000000000,1.000000000000,1.000000000000,1
1773,37988,37988,1782475646612897457,1782475646612897457,1782475646612935445,1782475646612935445,1782475646612935445,0,1.000000000000,1.000000000000,1.000000000000,1
1774,35928,35928,1782475646613012645,1782475646613012645,1782475646613048573,1782475646613048573,1782475646613048573,2,1.000000000000,1.000000000000,1.000000000000,1
1775,35068,35068,1782475646613127563,1782475646613127563,1782475646613162631,1782475646613162631,1782475646613162631,0,1.000000000000,1.000000000000,1.000000000000,1
1776,34888,34888,1782475646613243831,1782475646613243831,1782475646613278719,1782475646613278719,1782475646613278719,0,1.000000000000,1.000000000000,1.000000000000,1
1777,36828,36828,1782475646613367449,1782475646613367449,1782475646613404277,1782475646613404277,1782475646613404277,0,1.000000000000,1.000000000000,1.000000000000,1
1778,41779,41779,1782475646613480217,1782475646613480217,1782475646613521996,1782475646613521996,1782475646613521996,3,1.000000000000,1.000000000000,1.000000000000,1
1779,35909,35909,1782475646613594875,1782475646613594875,1782475646613630784,1782475646613630784,1782475646613630784,3,1.000000000000,1.000000000000,1.000000000000,1
1780,36979,36979,1782475646613708933,1782475646613708933,1782475646613745912,1782475646613745912,1782475646613745912,2,1.000000000000,1.000000000000,1.000000000000,1
1781,37099,37099,1782475646613827051,1782475646613827051,1782475646613864150,1782475646613864150,1782475646613864150,3,1.000000000000,1.000000000000,1.000000000000,1
1782,36080,36080,1782475646613937799,1782475646613937799,1782475646613973879,1782475646613973879,1782475646613973879,3,1.000000000000,1.000000000000,1.000000000000,1
1783,35340,35340,1782475646614053257,1782475646614053257,1782475646614088597,1782475646614088597,1782475646614088597,1,1.000000000000,1.000000000000,1.000000000000,1
1784,38310,38310,1782475646614172015,1782475646614172015,1782475646614210325,1782475646614210325,1782475646614210325,2,1.000000000000,1.000000000000,1.000000000000,1
1785,36331,36331,1782475646614288582,1782475646614288582,1782475646614324913,1782475646614324913,1782475646614324913,3,1.000000000000,1.000000000000,1.000000000000,1
1786,37201,37201,1782475646614407780,1782475646614407780,1782475646614444981,1782475646614444981,1782475646614444981,2,1.000000000000,1.000000000000,1.000000000000,1
1787,35532,35532,1782475646614522818,1782475646614522818,1782475646614558350,1782475646614558350,1782475646614558350,3,1.000000000000,1.000000000000,1.000000000000,1
1788,36892,36892,1782475646614639906,1782475646614639906,1782475646614676798,1782475646614676798,1782475646614676798,2,1.000000000000,1.000000000000,1.000000000000,1
1789,35782,35782,1782475646614751044,1782475646614751044,1782475646614786826,1782475646614786826,1782475646614786826,2,1.000000000000,1.000000000000,1.000000000000,1
1790,35862,35862,1782475646614876692,1782475646614876692,1782475646614912554,1782475646614912554,1782475646614912554,0,1.000000000000,1.000000000000,1.000000000000,1
1791,34933,34933,1782475646614991090,1782475646614991090,1782475646615026023,1782475646615026023,1782475646615026023,3,1.000000000000,1.000000000000,1.000000000000,1
1792,35493,35493,1782475646615106348,1782475646615106348,1782475646615141841,1782475646615141841,1782475646615141841,0,1.000000000000,1.000000000000,1.000000000000,1
1793,35213,35213,1782475646615222886,1782475646615222886,1782475646615258099,1782475646615258099,1782475646615258099,3,1.000000000000,1.000000000000,1.000000000000,1
1794,37674,37674,1782475646615343494,1782475646615343494,1782475646615381168,1782475646615381168,1782475646615381168,0,1.000000000000,1.000000000000,1.000000000000,1
1795,34883,34883,1782475646615456953,1782475646615456953,1782475646615491836,1782475646615491836,1782475646615491836,1,1.000000000000,1.000000000000,1.000000000000,1
1796,34644,34644,1782475646615571001,1782475646615571001,1782475646615605645,1782475646615605645,1782475646615605645,3,1.000000000000,1.000000000000,1.000000000000,1
1797,39995,39995,1782475646615693598,1782475646615693598,1782475646615733593,1782475646615733593,1782475646615733593,2,1.000000000000,1.000000000000,1.000000000000,1
1798,34975,34975,1782475646615799056,1782475646615799056,1782475646615834031,1782475646615834031,1782475646615834031,2,1.000000000000,1.000000000000,1.000000000000,1
1799,35655,35655,1782475646615913444,1782475646615913444,1782475646615949099,1782475646615949099,1782475646615949099,1,1.000000000000,1.000000000000,1.000000000000,1
1800,36316,36316,1782475646616028322,1782475646616028322,1782475646616064638,1782475646616064638,1782475646616064638,2,1.000000000000,1.000000000000,1.000000000000,1
1801,35166,35166,1782475646616147280,1782475646616147280,1782475646616182446,1782475646616182446,1782475646616182446,3,1.000000000000,1.000000000000,1.000000000000,1
1802,36146,36146,1782475646616280228,1782475646616280228,1782475646616316374,1782475646616316374,1782475646616316374,0,1.000000000000,1.000000000000,1.000000000000,1
1803,37586,37586,1782475646616402456,1782475646616402456,1782475646616440042,1782475646616440042,1782475646616440042,2,1.000000000000,1.000000000000,1.000000000000,1
1804,38786,38786,1782475646616515114,1782475646616515114,1782475646616553900,1782475646616553900,1782475646616553900,3,1.000000000000,1.000000000000,1.000000000000,1
1805,36436,36436,1782475646616631532,1782475646616631532,1782475646616667968,1782475646616667968,1782475646616667968,0,1.000000000000,1.000000000000,1.000000000000,1
1806,37677,37677,1782475646616743540,1782475646616743540,1782475646616781217,1782475646616781217,1782475646616781217,0,1.000000000000,1.000000000000,1.000000000000,1
1807,37187,37187,1782475646616857118,1782475646616857118,1782475646616894305,1782475646616894305,1782475646616894305,2,1.000000000000,1.000000000000,1.000000000000,1
1808,36288,36288,1782475646616977155,1782475646616977155,1782475646617013443,1782475646617013443,1782475646617013443,0,1.000000000000,1.000000000000,1.000000000000,1
1809,35998,35998,1782475646617090033,1782475646617090033,1782475646617126031,1782475646617126031,1782475646617126031,1,1.000000000000,1.000000000000,1.000000000000,1
1810,35528,35528,1782475646617207321,1782475646617207321,1782475646617242849,1782475646617242849,1782475646617242849,0,1.000000000000,1.000000000000,1.000000000000,1
1811,45668,45668,1782475646617349209,1782475646617349209,1782475646617394877,1782475646617394877,1782475646617394877,3,1.000000000000,1.000000000000,1.000000000000,1
1812,45479,45479,1782475646617440017,1782475646617440017,1782475646617485496,1782475646617485496,1782475646617485496,2,1.000000000000,1.000000000000,1.000000000000,1
1813,35609,35609,1782475646617555205,1782475646617555205,1782475646617590814,1782475646617590814,1782475646617590814,2,1.000000000000,1.000000000000,1.000000000000,1
1814,45799,45799,1782475646617668723,1782475646617668723,1782475646617714522,1782475646617714522,1782475646617714522,2,1.000000000000,1.000000000000,1.000000000000,1
1815,38830,38830,1782475646617780021,1782475646617780021,1782475646617818851,1782475646617818851,1782475646617818851,3,1.000000000000,1.000000000000,1.000000000000,1
1816,39360,39360,1782475646617895469,1782475646617895469,1782475646617934829,1782475646617934829,1782475646617934829,2,1.000000000000,1.000000000000,1.000000000000,1
1817,37230,37230,1782475646618007477,1782475646618007477,1782475646618044707,1782475646618044707,1782475646618044707,0,1.000000000000,1.000000000000,1.000000000000,1
1818,37860,37860,1782475646618125635,1782475646618125635,1782475646618163495,1782475646618163495,1782475646618163495,3,1.000000000000,1.000000000000,1.000000000000,1
1819,38710,38710,1782475646618243343,1782475646618243343,1782475646618282053,1782475646618282053,1782475646618282053,3,1.000000000000,1.000000000000,1.000000000000,1
1820,38662,38662,1782475646618360741,1782475646618360741,1782475646618399403,1782475646618399403,1782475646618399403,2,1.000000000000,1.000000000000,1.000000000000,1
1821,37521,37521,1782475646618474880,1782475646618474880,1782475646618512401,1782475646618512401,1782475646618512401,3,1.000000000000,1.000000000000,1.000000000000,1
1822,39021,39021,1782475646618588458,1782475646618588458,1782475646618627479,1782475646618627479,1782475646618627479,0,1.000000000000,1.000000000000,1.000000000000,1
1823,38182,38182,1782475646618705565,1782475646618705565,1782475646618743747,1782475646618743747,1782475646618743747,3,1.000000000000,1.000000000000,1.000000000000,1
1824,39793,39793,1782475646618817773,1782475646618817773,1782475646618857566,1782475646618857566,1782475646618857566,0,1.000000000000,1.000000000000,1.000000000000,1
1825,41253,41253,1782475646618943061,1782475646618943061,1782475646618984314,1782475646618984314,1782475646618984314,2,1.000000000000,1.000000000000,1.000000000000,1
1826,37993,37993,1782475646619056999,1782475646619056999,1782475646619094992,1782475646619094992,1782475646619094992,2,1.000000000000,1.000000000000,1.000000000000,1
1827,38653,38653,1782475646619175817,1782475646619175817,1782475646619214470,1782475646619214470,1782475646619214470,1,1.000000000000,1.000000000000,1.000000000000,1
1828,37633,37633,1782475646619291155,1782475646619291155,1782475646619328788,1782475646619328788,1782475646619328788,0,1.000000000000,1.000000000000,1.000000000000,1
1829,43004,43004,1782475646619408463,1782475646619408463,1782475646619451467,1782475646619451467,1782475646619451467,2,1.000000000000,1.000000000000,1.000000000000,1
1830,43944,43944,1782475646619523791,1782475646619523791,1782475646619567735,1782475646619567735,1782475646619567735,1,1.000000000000,1.000000000000,1.000000000000,1
1831,37504,37504,1782475646619636949,1782475646619636949,1782475646619674453,1782475646619674453,1782475646619674453,1,1.000000000000,1.000000000000,1.000000000000,1
1832,37574,37574,1782475646619751247,1782475646619751247,1782475646619788821,1782475646619788821,1782475646619788821,1,1.000000000000,1.000000000000,1.000000000000,1
1833,35875,35875,1782475646619867405,1782475646619867405,1782475646619903280,1782475646619903280,1782475646619903280,1,1.000000000000,1.000000000000,1.000000000000,1
1834,39215,39215,1782475646619988813,1782475646619988813,1782475646620028028,1782475646620028028,1782475646620028028,3,1.000000000000,1.000000000000,1.000000000000,1
1835,35755,35755,1782475646620100231,1782475646620100231,1782475646620135986,1782475646620135986,1782475646620135986,0,1.000000000000,1.000000000000,1.000000000000,1
1836,35226,35226,1782475646620216388,1782475646620216388,1782475646620251614,1782475646620251614,1782475646620251614,2,1.000000000000,1.000000000000,1.000000000000,1
1837,36556,36556,1782475646620338846,1782475646620338846,1782475646620375402,1782475646620375402,1782475646620375402,2,1.000000000000,1.000000000000,1.000000000000,1
1838,37507,37507,1782475646620453154,1782475646620453154,1782475646620490661,1782475646620490661,1782475646620490661,2,1.000000000000,1.000000000000,1.000000000000,1
1839,37577,37577,1782475646620569592,1782475646620569592,1782475646620607169,1782475646620607169,1782475646620607169,2,1.000000000000,1.000000000000,1.000000000000,1
1840,40957,40957,1782475646620682330,1782475646620682330,1782475646620723287,1782475646620723287,1782475646620723287,1,1.000000000000,1.000000000000,1.000000000000,1
1841,38137,38137,1782475646620801438,1782475646620801438,1782475646620839575,1782475646620839575,1782475646620839575,2,1.000000000000,1.000000000000,1.000000000000,1
1842,38138,38138,1782475646620911986,1782475646620911986,1782475646620950124,1782475646620950124,1782475646620950124,0,1.000000000000,1.000000000000,1.000000000000,1
1843,35698,35698,1782475646621029834,1782475646621029834,1782475646621065532,1782475646621065532,1782475646621065532,1,1.000000000000,1.000000000000,1.000000000000,1
1844,45078,45078,1782475646621149592,1782475646621149592,1782475646621194670,1782475646621194670,1782475646621194670,1,1.000000000000,1.000000000000,1.000000000000,1
1845,38188,38188,1782475646621267120,1782475646621267120,1782475646621305308,1782475646621305308,1782475646621305308,3,1.000000000000,1.000000000000,1.000000000000,1
1846,38160,38160,1782475646621384888,1782475646621384888,1782475646621423048,1782475646621423048,1782475646621423048,1,1.000000000000,1.000000000000,1.000000000000,1
1847,35199,35199,1782475646621499717,1782475646621499717,1782475646621534916,1782475646621534916,1782475646621534916,1,1.000000000000,1.000000000000,1.000000000000,1
1848,37120,37120,1782475646621615364,1782475646621615364,1782475646621652484,1782475646621652484,1782475646621652484,2,1.000000000000,1.000000000000,1.000000000000,1
1849,38660,38660,1782475646621738692,1782475646621738692,1782475646621777352,1782475646621777352,1782475646621777352,3,1.000000000000,1.000000000000,1.000000000000,1
1850,36970,36970,1782475646621853380,1782475646621853380,1782475646621890350,1782475646621890350,1782475646621890350,0,1.000000000000,1.000000000000,1.000000000000,1
1851,36391,36391,1782475646621967898,1782475646621967898,1782475646622004289,1782475646622004289,1782475646622004289,3,1.000000000000,1.000000000000,1.000000000000,1
1852,36841,36841,1782475646622086676,1782475646622086676,1782475646622123517,1782475646622123517,1782475646622123517,3,1.000000000000,1.000000000000,1.000000000000,1
1853,40341,40341,1782475646622209224,1782475646622209224,1782475646622249565,1782475646622249565,1782475646622249565,1,1.000000000000,1.000000000000,1.000000000000,1
1854,38011,38011,1782475646622324782,1782475646622324782,1782475646622362793,1782475646622362793,1782475646622362793,1,1.000000000000,1.000000000000,1.000000000000,1
1855,37611,37611,1782475646622436210,1782475646622436210,1782475646622473821,1782475646622473821,1782475646622473821,2,1.000000000000,1.000000000000,1.000000000000,1
1856,37212,37212,1782475646622552618,1782475646622552618,1782475646622589830,1782475646622589830,1782475646622589830,1,1.000000000000,1.000000000000,1.000000000000,1
1857,37062,37062,1782475646622667136,1782475646622667136,1782475646622704198,1782475646622704198,1782475646622704198,1,1.000000000000,1.000000000000,1.000000000000,1
1858,34642,34642,1782475646622780304,1782475646622780304,1782475646622814946,1782475646622814946,1782475646622814946,3,1.000000000000,1.000000000000,1.000000000000,1
1859,35312,35312,1782475646622895072,1782475646622895072,1782475646622930384,1782475646622930384,1782475646622930384,2,1.000000000000,1.000000000000,1.000000000000,1
1860,35884,35884,1782475646623012399,1782475646623012399,1782475646623048283,1782475646623048283,1782475646623048283,3,1.000000000000,1.000000000000,1.000000000000,1
1861,36644,36644,1782475646623127817,1782475646623127817,1782475646623164461,1782475646623164461,1782475646623164461,2,1.000000000000,1.000000000000,1.000000000000,1
1862,35254,35254,1782475646623246635,1782475646623246635,1782475646623281889,1782475646623281889,1782475646623281889,3,1.000000000000,1.000000000000,1.000000000000,1
1863,35714,35714,1782475646623368703,1782475646623368703,1782475646623404417,1782475646623404417,1782475646623404417,3,1.000000000000,1.000000000000,1.000000000000,1
1864,37844,37844,1782475646623480391,1782475646623480391,1782475646623518235,1782475646623518235,1782475646623518235,3,1.000000000000,1.000000000000,1.000000000000,1
1865,37885,37885,1782475646623595189,1782475646623595189,1782475646623633074,1782475646623633074,1782475646623633074,3,1.000000000000,1.000000000000,1.000000000000,1
1866,36665,36665,1782475646623711957,1782475646623711957,1782475646623748622,1782475646623748622,1782475646623748622,1,1.000000000000,1.000000000000,1.000000000000,1
1867,36205,36205,1782475646623825635,1782475646623825635,1782475646623861840,1782475646623861840,1782475646623861840,2,1.000000000000,1.000000000000,1.000000000000,1
1868,35905,35905,1782475646623940753,1782475646623940753,1782475646623976658,1782475646623976658,1782475646623976658,3,1.000000000000,1.000000000000,1.000000000000,1
1869,37036,37036,1782475646624056111,1782475646624056111,1782475646624093147,1782475646624093147,1782475646624093147,0,1.000000000000,1.000000000000,1.000000000000,1
1870,37186,37186,1782475646624172909,1782475646624172909,1782475646624210095,1782475646624210095,1782475646624210095,2,1.000000000000,1.000000000000,1.000000000000,1
1871,36096,36096,1782475646624290347,1782475646624290347,1782475646624326443,1782475646624326443,1782475646624326443,1,1.000000000000,1.000000000000,1.000000000000,1
1872,36878,36878,1782475646624409104,1782475646624409104,1782475646624445982,1782475646624445982,1782475646624445982,3,1.000000000000,1.000000000000,1.000000000000,1
1873,35977,35977,1782475646624523823,1782475646624523823,1782475646624559800,1782475646624559800,1782475646624559800,1,1.000000000000,1.000000000000,1.000000000000,1
1874,36148,36148,1782475646624640951,1782475646624640951,1782475646624677099,1782475646624677099,1782475646624677099,2,1.000000000000,1.000000000000,1.000000000000,1
1875,34628,34628,1782475646624754139,1782475646624754139,1782475646624788767,1782475646624788767,1782475646624788767,2,1.000000000000,1.000000000000,1.000000000000,1
1876,35208,35208,1782475646624867807,1782475646624867807,1782475646624903015,1782475646624903015,1782475646624903015,2,1.000000000000,1.000000000000,1.000000000000,1
1877,42218,42218,1782475646624987965,1782475646624987965,1782475646625030183,1782475646625030183,1782475646625030183,1,1.000000000000,1.000000000000,1.000000000000,1
1878,36088,36088,1782475646625103953,1782475646625103953,1782475646625140041,1782475646625140041,1782475646625140041,3,1.000000000000,1.000000000000,1.000000000000,1
1879,35499,35499,1782475646625218461,1782475646625218461,1782475646625253960,1782475646625253960,1782475646625253960,0,1.000000000000,1.000000000000,1.000000000000,1
1880,37059,37059,1782475646625340969,1782475646625340969,1782475646625378028,1782475646625378028,1782475646625378028,1,1.000000000000,1.000000000000,1.000000000000,1
1881,39549,39549,1782475646625458897,1782475646625458897,1782475646625498446,1782475646625498446,1782475646625498446,0,1.000000000000,1.000000000000,1.000000000000,1
1882,36629,36629,1782475646625569125,1782475646625569125,1782475646625605754,1782475646625605754,1782475646625605754,0,1.000000000000,1.000000000000,1.000000000000,1
1883,36149,36149,1782475646625690143,1782475646625690143,1782475646625726292,1782475646625726292,1782475646625726292,1,1.000000000000,1.000000000000,1.000000000000,1
1884,35880,35880,1782475646625795931,1782475646625795931,1782475646625831811,1782475646625831811,1782475646625831811,0,1.000000000000,1.000000000000,1.000000000000,1
1885,35940,35940,1782475646625914719,1782475646625914719,1782475646625950659,1782475646625950659,1782475646625950659,2,1.000000000000,1.000000000000,1.000000000000,1
1886,35960,35960,1782475646626026847,1782475646626026847,1782475646626062807,1782475646626062807,1782475646626062807,1,1.000000000000,1.000000000000,1.000000000000,1
1887,35232,35232,1782475646626142724,1782475646626142724,1782475646626177956,1782475646626177956,1782475646626177956,3,1.000000000000,1.000000000000,1.000000000000,1
1888,35022,35022,1782475646626258872,1782475646626258872,1782475646626293894,1782475646626293894,1782475646626293894,2,1.000000000000,1.000000000000,1.000000000000,1
1889,38002,38002,1782475646626384400,1782475646626384400,1782475646626422402,1782475646626422402,1782475646626422402,2,1.000000000000,1.000000000000,1.000000000000,1
1890,34732,34732,1782475646626493878,1782475646626493878,1782475646626528610,1782475646626528610,1782475646626528610,0,1.000000000000,1.000000000000,1.000000000000,1
1891,34512,34512,1782475646626610586,1782475646626610586,1782475646626645098,1782475646626645098,1782475646626645098,0,1.000000000000,1.000000000000,1.000000000000,1
1892,38593,38593,1782475646626724504,1782475646626724504,1782475646626763097,1782475646626763097,1782475646626763097,2,1.000000000000,1.000000000000,1.000000000000,1
1893,37333,37333,1782475646626840412,1782475646626840412,1782475646626877745,1782475646626877745,1782475646626877745,1,1.000000000000,1.000000000000,1.000000000000,1
1894,36123,36123,1782475646626955840,1782475646626955840,1782475646626991963,1782475646626991963,1782475646626991963,2,1.000000000000,1.000000000000,1.000000000000,1
1895,36413,36413,1782475646627071208,1782475646627071208,1782475646627107621,1782475646627107621,1782475646627107621,3,1.000000000000,1.000000000000,1.000000000000,1
1896,43943,43943,1782475646627190046,1782475646627190046,1782475646627233989,1782475646627233989,1782475646627233989,1,1.000000000000,1.000000000000,1.000000000000,1
1897,40524,40524,1782475646627305684,1782475646627305684,1782475646627346208,1782475646627346208,1782475646627346208,0,1.000000000000,1.000000000000,1.000000000000,1
1898,37865,37865,1782475646627426292,1782475646627426292,1782475646627464157,1782475646627464157,1782475646627464157,3,1.000000000000,1.000000000000,1.000000000000,1
1899,36024,36024,1782475646627534911,1782475646627534911,1782475646627570935,1782475646627570935,1782475646627570935,1,1.000000000000,1.000000000000,1.000000000000,1
1900,36354,36354,1782475646627651839,1782475646627651839,1782475646627688193,1782475646627688193,1782475646627688193,1,1.000000000000,1.000000000000,1.000000000000,1
1901,35746,35746,1782475646627763766,1782475646627763766,1782475646627799512,1782475646627799512,1782475646627799512,1,1.000000000000,1.000000000000,1.000000000000,1
1902,35606,35606,1782475646627881994,1782475646627881994,1782475646627917600,1782475646627917600,1782475646627917600,2,1.000000000000,1.000000000000,1.000000000000,1
1903,38926,38926,1782475646627996512,1782475646627996512,1782475646628035438,1782475646628035438,1782475646628035438,1,1.000000000000,1.000000000000,1.000000000000,1
1904,36086,36086,1782475646628112890,1782475646628112890,1782475646628148976,1782475646628148976,1782475646628148976,0,1.000000000000,1.000000000000,1.000000000000,1
1905,35276,35276,1782475646628230518,1782475646628230518,1782475646628265794,1782475646628265794,1782475646628265794,0,1.000000000000,1.000000000000,1.000000000000,1
1906,38316,38316,1782475646628357106,1782475646628357106,1782475646628395422,1782475646628395422,1782475646628395422,2,1.000000000000,1.000000000000,1.000000000000,1
1907,38037,38037,1782475646628469024,1782475646628469024,1782475646628507061,1782475646628507061,1782475646628507061,1,1.000000000000,1.000000000000,1.000000000000,1
1908,38437,38437,1782475646628579652,1782475646628579652,1782475646628618089,1782475646628618089,1782475646628618089,0,1.000000000000,1.000000000000,1.000000000000,1
1909,43497,43497,1782475646628701960,1782475646628701960,1782475646628745457,1782475646628745457,1782475646628745457,1,1.000000000000,1.000000000000,1.000000000000,1
1910,42387,42387,1782475646628807808,1782475646628807808,1782475646628850195,1782475646628850195,1782475646628850195,3,1.000000000000,1.000000000000,1.000000000000,1
1911,35318,35318,1782475646628927016,1782475646628927016,1782475646628962334,1782475646628962334,1782475646628962334,2,1.000000000000,1.000000000000,1.000000000000,1
1912,35338,35338,1782475646629039204,1782475646629039204,1782475646629074542,1782475646629074542,1782475646629074542,0,1.000000000000,1.000000000000,1.000000000000,1
1913,43558,43558,1782475646629154062,1782475646629154062,1782475646629197620,1782475646629197620,1782475646629197620,0,1.000000000000,1.000000000000,1.000000000000,1
1914,51548,51548,1782475646629271120,1782475646629271120,1782475646629322668,1782475646629322668,1782475646629322668,3,1.000000000000,1.000000000000,1.000000000000,1
1915,39719,39719,1782475646629407667,1782475646629407667,1782475646629447386,1782475646629447386,1782475646629447386,0,1.000000000000,1.000000000000,1.000000000000,1
1916,54329,54329,1782475646629519765,1782475646629519765,1782475646629574094,1782475646629574094,1782475646629574094,1,1.000000000000,1.000000000000,1.000000000000,1
1917,39200,39200,1782475646629634593,1782475646629634593,1782475646629673793,1782475646629673793,1782475646629673793,1,1.000000000000,1.000000000000,1.000000000000,1
1918,39540,39540,1782475646629754361,1782475646629754361,1782475646629793901,1782475646629793901,1782475646629793901,3,1.000000000000,1.000000000000,1.000000000000,1
1919,37090,37090,1782475646629864849,1782475646629864849,1782475646629901939,1782475646629901939,1782475646629901939,0,1.000000000000,1.000000000000,1.000000000000,1
1920,38180,38180,1782475646629981887,1782475646629981887,1782475646630020067,1782475646630020067,1782475646630020067,1,1.000000000000,1.000000000000,1.000000000000,1
1921,38141,38141,1782475646630096555,1782475646630096555,1782475646630134696,1782475646630134696,1782475646630134696,2,1.000000000000,1.000000000000,1.000000000000,1
1922,37861,37861,1782475646630216743,1782475646630216743,1782475646630254604,1782475646630254604,1782475646630254604,3,1.000000000000,1.000000000000,1.000000000000,1
1923,38352,38352,1782475646630334991,1782475646630334991,1782475646630373343,1782475646630373343,1782475646630373343,1,1.000000000000,1.000000000000,1.000000000000,1
1924,36511,36511,1782475646630444990,1782475646630444990,1782475646630481501,1782475646630481501,1782475646630481501,3,1.000000000000,1.000000000000,1.000000000000,1
1925,38663,38663,1782475646630561867,1782475646630561867,1782475646630600530,1782475646630600530,1782475646630600530,1,1.000000000000,1.000000000000,1.000000000000,1
1926,40353,40353,1782475646630673905,1782475646630673905,1782475646630714258,1782475646630714258,1782475646630714258,3,1.000000000000,1.000000000000,1.000000000000,1
1927,36793,36793,1782475646630787343,1782475646630787343,1782475646630824136,1782475646630824136,1782475646630824136,3,1.000000000000,1.000000000000,1.000000000000,1
1928,38983,38983,1782475646630904001,1782475646630904001,1782475646630942984,1782475646630942984,1782475646630942984,2,1.000000000000,1.000000000000,1.000000000000,1
1929,38383,38383,1782475646631024229,1782475646631024229,1782475646631062612,1782475646631062612,1782475646631062612,2,1.000000000000,1.000000000000,1.000000000000,1
1930,38544,38544,1782475646631141377,1782475646631141377,1782475646631179921,1782475646631179921,1782475646631179921,3,1.000000000000,1.000000000000,1.000000000000,1
1931,35144,35144,1782475646631253895,1782475646631253895,1782475646631289039,1782475646631289039,1782475646631289039,1,1.000000000000,1.000000000000,1.000000000000,1
1932,37734,37734,1782475646631375173,1782475646631375173,1782475646631412907,1782475646631412907,1782475646631412907,3,1.000000000000,1.000000000000,1.000000000000,1
1933,36894,36894,1782475646631489851,1782475646631489851,1782475646631526745,1782475646631526745,1782475646631526745,1,1.000000000000,1.000000000000,1.000000000000,1
1934,38455,38455,1782475646631603819,1782475646631603819,1782475646631642274,1782475646631642274,1782475646631642274,3,1.000000000000,1.000000000000,1.000000000000,1
1935,37995,37995,1782475646631717437,1782475646631717437,1782475646631755432,1782475646631755432,1782475646631755432,2,1.000000000000,1.000000000000,1.000000000000,1
1936,36855,36855,1782475646631836755,1782475646631836755,1782475646631873610,1782475646631873610,1782475646631873610,2,1.000000000000,1.000000000000,1.000000000000,1
1937,41416,41416,1782475646631960002,1782475646631960002,1782475646632001418,1782475646632001418,1782475646632001418,2,1.000000000000,1.000000000000,1.000000000000,1
1938,38906,38906,1782475646632074490,1782475646632074490,1782475646632113396,1782475646632113396,1782475646632113396,1,1.000000000000,1.000000000000,1.000000000000,1
1939,38256,38256,1782475646632180009,1782475646632180009,1782475646632218265,1782475646632218265,1782475646632218265,3,1.000000000000,1.000000000000,1.000000000000,1
1940,42377,42377,1782475646632300076,1782475646632300076,1782475646632342453,1782475646632342453,1782475646632342453,1,1.000000000000,1.000000000000,1.000000000000,1
1941,39877,39877,1782475646632415124,1782475646632415124,1782475646632455001,1782475646632455001,1782475646632455001,3,1.000000000000,1.000000000000,1.000000000000,1
1942,44797,44797,1782475646632525752,1782475646632525752,1782475646632570549,1782475646632570549,1782475646632570549,1,1.000000000000,1.000000000000,1.000000000000,1
1943,39038,39038,1782475646632639730,1782475646632639730,1782475646632678768,1782475646632678768,1782475646632678768,1,1.000000000000,1.000000000000,1.000000000000,1
1944,37658,37658,1782475646632756948,1782475646632756948,1782475646632794606,1782475646632794606,1782475646632794606,3,1.000000000000,1.000000000000,1.000000000000,1
1945,36708,36708,1782475646632874026,1782475646632874026,1782475646632910734,1782475646632910734,1782475646632910734,1,1.000000000000,1.000000000000,1.000000000000,1
1946,35428,35428,1782475646632992444,1782475646632992444,1782475646633027872,1782475646633027872,1782475646633027872,0,1.000000000000,1.000000000000,1.000000000000,1
1947,37979,37979,1782475646633111822,1782475646633111822,1782475646633149801,1782475646633149801,1782475646633149801,2,1.000000000000,1.000000000000,1.000000000000,1
1948,36229,36229,1782475646633224380,1782475646633224380,1782475646633260609,1782475646633260609,1782475646633260609,2,1.000000000000,1.000000000000,1.000000000000,1
1949,38390,38390,1782475646633342688,1782475646633342688,1782475646633381078,1782475646633381078,1782475646633381078,3,1.000000000000,1.000000000000,1.000000000000,1
1950,41949,41949,1782475646633455177,1782475646633455177,1782475646633497126,1782475646633497126,1782475646633497126,0,1.000000000000,1.000000000000,1.000000000000,1
1951,37080,37080,1782475646633570895,1782475646633570895,1782475646633607975,1782475646633607975,1782475646633607975,0,1.000000000000,1.000000000000,1.000000000000,1
1952,39131,39131,1782475646633694042,1782475646633694042,1782475646633733173,1782475646633733173,1782475646633733173,3,1.000000000000,1.000000000000,1.000000000000,1
1953,38640,38640,1782475646633802661,1782475646633802661,1782475646633841301,1782475646633841301,1782475646633841301,0,1.000000000000,1.000000000000,1.000000000000,1
1954,34991,34991,1782475646633916618,1782475646633916618,1782475646633951609,1782475646633951609,1782475646633951609,3,1.000000000000,1.000000000000,1.000000000000,1
1955,37372,37372,1782475646634035596,1782475646634035596,1782475646634072968,1782475646634072968,1782475646634072968,3,1.000000000000,1.000000000000,1.000000000000,1
1956,36162,36162,1782475646634149124,1782475646634149124,1782475646634185286,1782475646634185286,1782475646634185286,2,1.000000000000,1.000000000000,1.000000000000,1
1957,36512,36512,1782475646634264972,1782475646634264972,1782475646634301484,1782475646634301484,1782475646634301484,2,1.000000000000,1.000000000000,1.000000000000,1
1958,39192,39192,1782475646634387340,1782475646634387340,1782475646634426532,1782475646634426532,1782475646634426532,3,1.000000000000,1.000000000000,1.000000000000,1
1959,39012,39012,1782475646634501618,1782475646634501618,1782475646634540630,1782475646634540630,1782475646634540630,1,1.000000000000,1.000000000000,1.000000000000,1
1960,39443,39443,1782475646634616656,1782475646634616656,1782475646634656099,1782475646634656099,1782475646634656099,2,1.000000000000,1.000000000000,1.000000000000,1
1961,38013,38013,1782475646634731274,1782475646634731274,1782475646634769287,1782475646634769287,1782475646634769287,1,1.000000000000,1.000000000000,1.000000000000,1
1962,39463,39463,1782475646634855272,1782475646634855272,1782475646634894735,1782475646634894735,1782475646634894735,2,1.000000000000,1.000000000000,1.000000000000,1
1963,35713,35713,1782475646634964630,1782475646634964630,1782475646635000343,1782475646635000343,1782475646635000343,1,1.000000000000,1.000000000000,1.000000000000,1
1964,36764,36764,1782475646635080318,1782475646635080318,1782475646635117082,1782475646635117082,1782475646635117082,0,1.000000000000,1.000000000000,1.000000000000,1
1965,42694,42694,1782475646635206205,1782475646635206205,1782475646635248899,1782475646635248899,1782475646635248899,3,1.000000000000,1.000000000000,1.000000000000,1
1966,44774,44774,1782475646635312754,1782475646635312754,1782475646635357528,1782475646635357528,1782475646635357528,1,1.000000000000,1.000000000000,1.000000000000,1
1967,37535,37535,1782475646635428551,1782475646635428551,1782475646635466086,1782475646635466086,1782475646635466086,0,1.000000000000,1.000000000000,1.000000000000,1
1968,38205,38205,1782475646635543979,1782475646635543979,1782475646635582184,1782475646635582184,1782475646635582184,0,1.000000000000,1.000000000000,1.000000000000,1
1969,39255,39255,1782475646635664427,1782475646635664427,1782475646635703682,1782475646635703682,1782475646635703682,3,1.000000000000,1.000000000000,1.000000000000,1
1970,37356,37356,1782475646635776465,1782475646635776465,1782475646635813821,1782475646635813821,1782475646635813821,1,1.000000000000,1.000000000000,1.000000000000,1
1971,37656,37656,1782475646635892793,1782475646635892793,1782475646635930449,1782475646635930449,1782475646635930449,1,1.000000000000,1.000000000000,1.000000000000,1
1972,37106,37106,1782475646636010041,1782475646636010041,1782475646636047147,1782475646636047147,1782475646636047147,0,1.000000000000,1.000000000000,1.000000000000,1
1973,38066,38066,1782475646636127959,1782475646636127959,1782475646636166025,1782475646636166025,1782475646636166025,0,1.000000000000,1.000000000000,1.000000000000,1
1974,36427,36427,1782475646636241097,1782475646636241097,1782475646636277524,1782475646636277524,1782475646636277524,0,1.000000000000,1.000000000000,1.000000000000,1
1975,47598,47598,1782475646636360855,1782475646636360855,1782475646636408453,1782475646636408453,1782475646636408453,2,1.000000000000,1.000000000000,1.000000000000,1
1976,37837,37837,1782475646636473884,1782475646636473884,1782475646636511721,1782475646636511721,1782475646636511721,1,1.000000000000,1.000000000000,1.000000000000,1
1977,37217,37217,1782475646636589492,1782475646636589492,1782475646636626709,1782475646636626709,1782475646636626709,3,1.000000000000,1.000000000000,1.000000000000,1
1978,42487,42487,1782475646636707780,1782475646636707780,1782475646636750267,1782475646636750267,1782475646636750267,0,1.000000000000,1.000000000000,1.000000000000,1
1979,37009,37009,1782475646636825647,1782475646636825647,1782475646636862656,1782475646636862656,1782475646636862656,0,1.000000000000,1.000000000000,1.000000000000,1
1980,37559,37559,1782475646636946045,1782475646636946045,1782475646636983604,1782475646636983604,1782475646636983604,0,1.000000000000,1.000000000000,1.000000000000,1
1981,36059,36059,1782475646637060113,1782475646637060113,1782475646637096172,1782475646637096172,1782475646637096172,2,1.000000000000,1.000000000000,1.000000000000,1
1982,35299,35299,1782475646637173911,1782475646637173911,1782475646637209210,1782475646637209210,1782475646637209210,0,1.000000000000,1.000000000000,1.000000000000,1
1983,38269,38269,1782475646637290939,1782475646637290939,1782475646637329208,1782475646637329208,1782475646637329208,1,1.000000000000,1.000000000000,1.000000000000,1
1984,38520,38520,1782475646637411397,1782475646637411397,1782475646637449917,1782475646637449917,1782475646637449917,3,1.000000000000,1.000000000000,1.000000000000,1
1985,37030,37030,1782475646637523645,1782475646637523645,1782475646637560675,1782475646637560675,1782475646637560675,0,1.000000000000,1.000000000000,1.000000000000,1
1986,39280,39280,1782475646637637763,1782475646637637763,1782475646637677043,1782475646637677043,1782475646637677043,0,1.000000000000,1.000000000000,1.000000000000,1
1987,39790,39790,1782475646637755731,1782475646637755731,1782475646637795521,1782475646637795521,1782475646637795521,2,1.000000000000,1.000000000000,1.000000000000,1
1988,37001,37001,1782475646637873339,1782475646637873339,1782475646637910340,1782475646637910340,1782475646637910340,0,1.000000000000,1.000000000000,1.000000000000,1
1989,36371,36371,1782475646637992397,1782475646637992397,1782475646638028768,1782475646638028768,1782475646638028768,1,1.000000000000,1.000000000000,1.000000000000,1
1990,34841,34841,1782475646638108415,1782475646638108415,1782475646638143256,1782475646638143256,1782475646638143256,1,1.000000000000,1.000000000000,1.000000000000,1
1991,38232,38232,1782475646638224892,1782475646638224892,1782475646638263124,1782475646638263124,1782475646638263124,0,1.000000000000,1.000000000000,1.000000000000,1
1992,37922,37922,1782475646638341120,1782475646638341120,1782475646638379042,1782475646638379042,1782475646638379042,2,1.000000000000,1.000000000000,1.000000000000,1
1993,42112,42112,1782475646638459798,1782475646638459798,1782475646638501910,1782475646638501910,1782475646638501910,3,1.000000000000,1.000000000000,1.000000000000,1
1994,40373,40373,1782475646638572756,1782475646638572756,1782475646638613129,1782475646638613129,1782475646638613129,3,1.000000000000,1.000000000000,1.000000000000,1
1995,37943,37943,1782475646638689054,1782475646638689054,1782475646638726997,1782475646638726997,1782475646638726997,0,1.000000000000,1.000000000000,1.000000000000,1
1996,38043,38043,1782475646638808162,1782475646638808162,1782475646638846205,1782475646638846205,1782475646638846205,2,1.000000000000,1.000000000000,1.000000000000,1
1997,37483,37483,1782475646638922540,1782475646638922540,1782475646638960023,1782475646638960023,1782475646638960023,0,1.000000000000,1.000000000000,1.000000000000,1
1998,36054,36054,1782475646639037148,1782475646639037148,1782475646639073202,1782475646639073202,1782475646639073202,2,1.000000000000,1.000000000000,1.000000000000,1
1999,37684,37684,1782475646639153156,1782475646639153156,1782475646639190840,1782475646639190840,1782475646639190840,2,1.000000000000,1.000000000000,1.000000000000,1
2000,37534,37534,1782475646639266144,1782475646639266144,1782475646639303678,1782475646639303678,1782475646639303678,1,1.000000000000,1.000000000000,1.000000000000,1
