count_idx,delay_ns,delay_physical_ns,final_e2e_via_r2_ns,stage2_link_delay_ns,stage1_delay_ns,ts_r1_ns,ts_r2_ns,ts_r2_on_r1_ns,stage1_recv_r1_ns,stage2_recv_r1_ns,stage2_recv_r2_ns,bits_r1,bits_final,w14,w56,w_final_raw,werner_intermediate,werner_final,state_after_stage1_peer_id,state_final_peer_id
51,313550,313550,313550,59673,,1782475582900196553,1782475582900450430,1782475582900450430,,1782475582900510103,1782475582900510103,,1,1.000000000000,1.000000000000,1.000000000000,,0.534138558945,,1
52,310557,310557,310557,59543,,1782475582900313084,1782475582900564098,1782475582900564098,,1782475582900623641,1782475582900623641,,0,1.000000000000,1.000000000000,1.000000000000,,0.537345501161,,1
53,318395,318395,318395,64042,,1782475582900429574,1782475582900683927,1782475582900683927,,1782475582900747969,1782475582900747969,,2,1.000000000000,1.000000000000,1.000000000000,,0.528987752270,,1
54,310693,310693,310693,58483,,1782475582900546525,1782475582900798735,1782475582900798735,,1782475582900857218,1782475582900857218,,2,1.000000000000,1.000000000000,1.000000000000,,0.537199363060,,1
55,311119,311119,311119,59902,,1782475582900664037,1782475582900915254,1782475582900915254,,1782475582900975156,1782475582900975156,,3,1.000000000000,1.000000000000,1.000000000000,,0.536741864125,,1
56,312097,312097,312097,59022,,1782475582900780857,1782475582901033932,1782475582901033932,,1782475582901092954,1782475582901092954,,3,1.000000000000,1.000000000000,1.000000000000,,0.535693023140,,1
57,308655,308655,308655,57392,,1782475582900897488,1782475582901148751,1782475582901148751,,1782475582901206143,1782475582901206143,,1,1.000000000000,1.000000000000,1.000000000000,,0.539393456188,,1
58,310272,310272,310272,59541,,1782475582901014239,1782475582901264970,1782475582901264970,,1782475582901324511,1782475582901324511,,0,1.000000000000,1.000000000000,1.000000000000,,0.537651875405,,1
59,313330,313330,313330,58141,,1782475582901130889,1782475582901386078,1782475582901386078,,1782475582901444219,1782475582901444219,,3,1.000000000000,1.000000000000,1.000000000000,,0.534373631623,,1
60,314229,314229,314229,62142,,1782475582901251820,1782475582901503907,1782475582901503907,,1782475582901566049,1782475582901566049,,0,1.000000000000,1.000000000000,1.000000000000,,0.533413691078,,1
61,311777,311777,311777,60302,,1782475582901369160,1782475582901620635,1782475582901620635,,1782475582901680937,1782475582901680937,,0,1.000000000000,1.000000000000,1.000000000000,,0.536035976408,,1
62,319194,319194,319194,68380,,1782475582901486051,1782475582901736865,1782475582901736865,,1782475582901805245,1782475582901805245,,2,1.000000000000,1.000000000000,1.000000000000,,0.528143104895,,1
63,312782,312782,312782,60211,,1782475582901602922,1782475582901855493,1782475582901855493,,1782475582901915704,1782475582901915704,,3,1.000000000000,1.000000000000,1.000000000000,,0.534959626190,,1
64,311140,311140,311140,58460,,1782475582901722002,1782475582901974682,1782475582901974682,,1782475582902033142,1782475582902033142,,1,1.000000000000,1.000000000000,1.000000000000,,0.536719321440,,1
65,313146,313146,313146,60630,,1782475582901838494,1782475582902091010,1782475582902091010,,1782475582902151640,1782475582902151640,,0,1.000000000000,1.000000000000,1.000000000000,,0.534570317307,,1
66,322034,322034,322034,58220,,1782475582901955025,1782475582902218839,1782475582902218839,,1782475582902277059,1782475582902277059,,1,1.000000000000,1.000000000000,1.000000000000,,0.525151755534,,1
67,321892,321892,321892,64590,,1782475582902071495,1782475582902328797,1782475582902328797,,1782475582902393387,1782475582902393387,,2,1.000000000000,1.000000000000,1.000000000000,,0.525300919813,,1
68,319149,319149,319149,59739,,1782475582902188086,1782475582902447496,1782475582902447496,,1782475582902507235,1782475582902507235,,1,1.000000000000,1.000000000000,1.000000000000,,0.528190639914,,1
69,315258,315258,315258,58130,,1782475582902304886,1782475582902562014,1782475582902562014,,1782475582902620144,1782475582902620144,,2,1.000000000000,1.000000000000,1.000000000000,,0.532317054528,,1
70,315185,315185,315185,58489,,1782475582902421407,1782475582902678103,1782475582902678103,,1782475582902736592,1782475582902736592,,3,1.000000000000,1.000000000000,1.000000000000,,0.532394778492,,1
71,314263,314263,314263,58330,,1782475582902538198,1782475582902794131,1782475582902794131,,1782475582902852461,1782475582902852461,,3,1.000000000000,1.000000000000,1.000000000000,,0.533377420181,,1
72,315281,315281,315281,59159,,1782475582902657218,1782475582902913340,1782475582902913340,,1782475582902972499,1782475582902972499,,1,1.000000000000,1.000000000000,1.000000000000,,0.532292568507,,1
73,319208,319208,319208,62639,,1782475582902773809,1782475582903030378,1782475582903030378,,1782475582903093017,1782475582903093017,,3,1.000000000000,1.000000000000,1.000000000000,,0.528128317095,,1
74,315756,315756,315756,59309,,1782475582902891430,1782475582903147877,1782475582903147877,,1782475582903207186,1782475582903207186,,1,1.000000000000,1.000000000000,1.000000000000,,0.531787130688,,1
75,325003,325003,325003,57539,,1782475582903008471,1782475582903275935,1782475582903275935,,1782475582903333474,1782475582903333474,,0,1.000000000000,1.000000000000,1.000000000000,,0.522042644496,,1
76,331300,331300,331300,63368,,1782475582903125242,1782475582903393174,1782475582903393174,,1782475582903456542,1782475582903456542,,2,1.000000000000,1.000000000000,1.000000000000,,0.515509266466,,1
77,325338,325338,325338,61829,,1782475582903241803,1782475582903505312,1782475582903505312,,1782475582903567141,1782475582903567141,,2,1.000000000000,1.000000000000,1.000000000000,,0.521692993070,,1
78,317816,317816,317816,60258,,1782475582903358383,1782475582903615941,1782475582903615941,,1782475582903676199,1782475582903676199,,1,1.000000000000,1.000000000000,1.000000000000,,0.529600674901,,1
79,316943,316943,316943,57937,,1782475582903477654,1782475582903736660,1782475582903736660,,1782475582903794597,1782475582903794597,,3,1.000000000000,1.000000000000,1.000000000000,,0.530526165398,,1
80,316612,316612,316612,59068,,1782475582903594484,1782475582903852028,1782475582903852028,,1782475582903911096,1782475582903911096,,2,1.000000000000,1.000000000000,1.000000000000,,0.530877489995,,1
81,316049,316049,316049,58317,,1782475582903711595,1782475582903969327,1782475582903969327,,1782475582904027644,1782475582904027644,,1,1.000000000000,1.000000000000,1.000000000000,,0.531475594718,,1
82,314606,314606,314606,59307,,1782475582903827826,1782475582904083125,1782475582904083125,,1782475582904142432,1782475582904142432,,0,1.000000000000,1.000000000000,1.000000000000,,0.533011648744,,1
83,316495,316495,316495,60327,,1782475582903951356,1782475582904207524,1782475582904207524,,1782475582904267851,1782475582904267851,,1,1.000000000000,1.000000000000,1.000000000000,,0.531001729863,,1
84,321382,321382,321382,65287,,1782475582904068077,1782475582904324172,1782475582904324172,,1782475582904389459,1782475582904389459,,1,1.000000000000,1.000000000000,1.000000000000,,0.525837000105,,1
85,318539,318539,318539,58647,,1782475582904184759,1782475582904444651,1782475582904444651,,1782475582904503298,1782475582904503298,,1,1.000000000000,1.000000000000,1.000000000000,,0.528835425734,,1
86,316438,316438,316438,58988,,1782475582904301179,1782475582904558629,1782475582904558629,,1782475582904617617,1782475582904617617,,3,1.000000000000,1.000000000000,1.000000000000,,0.531062267511,,1
87,313555,313555,313555,58037,,1782475582904417740,1782475582904673258,1782475582904673258,,1782475582904731295,1782475582904731295,,1,1.000000000000,1.000000000000,1.000000000000,,0.534133217586,,1
88,316253,316253,316253,60756,,1782475582904534610,1782475582904790107,1782475582904790107,,1782475582904850863,1782475582904850863,,2,1.000000000000,1.000000000000,1.000000000000,,0.531258796905,,1
89,316051,316051,316051,58386,,1782475582904653261,1782475582904910926,1782475582904910926,,1782475582904969312,1782475582904969312,,3,1.000000000000,1.000000000000,1.000000000000,,0.531473468820,,1
90,316778,316778,316778,58446,,1782475582904771842,1782475582905030174,1782475582905030174,,1782475582905088620,1782475582905088620,,3,1.000000000000,1.000000000000,1.000000000000,,0.530701267923,,1
91,315596,315596,315596,58565,,1782475582904889442,1782475582905146473,1782475582905146473,,1782475582905205038,1782475582905205038,,0,1.000000000000,1.000000000000,1.000000000000,,0.531957329800,,1
92,315564,315564,315564,59106,,1782475582905005953,1782475582905262411,1782475582905262411,,1782475582905321517,1782475582905321517,,2,1.000000000000,1.000000000000,1.000000000000,,0.531991376159,,1
93,326351,326351,326351,66445,,1782475582905122584,1782475582905382490,1782475582905382490,,1782475582905448935,1782475582905448935,,2,1.000000000000,1.000000000000,1.000000000000,,0.520637113034,,1
94,318210,318210,318210,61155,,1782475582905239254,1782475582905496309,1782475582905496309,,1782475582905557464,1782475582905557464,,3,1.000000000000,1.000000000000,1.000000000000,,0.529183513952,,1
95,327657,327657,327657,69995,,1782475582905355985,1782475582905613647,1782475582905613647,,1782475582905683642,1782475582905683642,,0,1.000000000000,1.000000000000,1.000000000000,,0.519278983384,,1
96,316393,316393,316393,58684,,1782475582905475267,1782475582905732976,1782475582905732976,,1782475582905791660,1782475582905791660,,1,1.000000000000,1.000000000000,1.000000000000,,0.531110065266,,1
97,314202,314202,314202,57065,,1782475582905592277,1782475582905849414,1782475582905849414,,1782475582905906479,1782475582905906479,,1,1.000000000000,1.000000000000,1.000000000000,,0.533442496195,,1
98,316199,316199,316199,59894,,1782475582905708988,1782475582905965293,1782475582905965293,,1782475582906025187,1782475582906025187,,2,1.000000000000,1.000000000000,1.000000000000,,0.531316175954,,1
99,316027,316027,316027,58184,,1782475582905825738,1782475582906083581,1782475582906083581,,1782475582906141765,1782475582906141765,,3,1.000000000000,1.000000000000,1.000000000000,,0.531498980159,,1
100,322795,322795,322795,58564,,1782475582905943129,1782475582906207360,1782475582906207360,,1782475582906265924,1782475582906265924,,1,1.000000000000,1.000000000000,1.000000000000,,0.524353082506,,1
101,325232,325232,325232,68274,,1782475582906059670,1782475582906316628,1782475582906316628,,1782475582906384902,1782475582906384902,,1,1.000000000000,1.000000000000,1.000000000000,,0.521803603709,,1
102,315690,315690,315690,58523,,1782475582906176410,1782475582906433577,1782475582906433577,,1782475582906492100,1782475582906492100,,2,1.000000000000,1.000000000000,1.000000000000,,0.531857331222,,1
103,316468,316468,316468,59504,,1782475582906293061,1782475582906550025,1782475582906550025,,1782475582906609529,1782475582906609529,,0,1.000000000000,1.000000000000,1.000000000000,,0.531030404730,,1
104,316585,316585,316585,59783,,1782475582906409712,1782475582906666514,1782475582906666514,,1782475582906726297,1782475582906726297,,1,1.000000000000,1.000000000000,1.000000000000,,0.530906158153,,1
105,316033,316033,316033,59353,,1782475582906526252,1782475582906782932,1782475582906782932,,1782475582906842285,1782475582906842285,,1,1.000000000000,1.000000000000,1.000000000000,,0.531492602209,,1
106,315900,315900,315900,59003,,1782475582906648614,1782475582906905511,1782475582906905511,,1782475582906964514,1782475582906964514,,2,1.000000000000,1.000000000000,1.000000000000,,0.531633998046,,1
107,315998,315998,315998,58753,,1782475582906765524,1782475582907022769,1782475582907022769,,1782475582907081522,1782475582907081522,,2,1.000000000000,1.000000000000,1.000000000000,,0.531529807994,,1
108,317135,317135,317135,59752,,1782475582906882035,1782475582907139418,1782475582907139418,,1782475582907199170,1782475582907199170,,3,1.000000000000,1.000000000000,1.000000000000,,0.530322482460,,1
109,316523,316523,316523,58922,,1782475582906998896,1782475582907256497,1782475582907256497,,1782475582907315419,1782475582907315419,,1,1.000000000000,1.000000000000,1.000000000000,,0.530971994599,,1
110,322061,322061,322061,59442,,1782475582907116536,1782475582907379155,1782475582907379155,,1782475582907438597,1782475582907438597,,1,1.000000000000,1.000000000000,1.000000000000,,0.525123398105,,1
111,319769,319769,319769,59572,,1782475582907233177,1782475582907493374,1782475582907493374,,1782475582907552946,1782475582907552946,,3,1.000000000000,1.000000000000,1.000000000000,,0.527536089425,,1
112,314997,314997,314997,58943,,1782475582907349738,1782475582907605792,1782475582907605792,,1782475582907664735,1782475582907664735,,3,1.000000000000,1.000000000000,1.000000000000,,0.532594996567,,1
113,319195,319195,319195,62861,,1782475582907468978,1782475582907725312,1782475582907725312,,1782475582907788173,1782475582907788173,,0,1.000000000000,1.000000000000,1.000000000000,,0.528142048610,,1
114,315943,315943,315943,58992,,1782475582907585599,1782475582907842550,1782475582907842550,,1782475582907901542,1782475582907901542,,2,1.000000000000,1.000000000000,1.000000000000,,0.531588279488,,1
115,312931,312931,312931,57271,,1782475582907702729,1782475582907958389,1782475582907958389,,1782475582908015660,1782475582908015660,,2,1.000000000000,1.000000000000,1.000000000000,,0.534800231972,,1
116,313577,313577,313577,58501,,1782475582907819431,1782475582908074507,1782475582908074507,,1782475582908133008,1782475582908133008,,2,1.000000000000,1.000000000000,1.000000000000,,0.534109716241,,1
117,326724,326724,326724,58520,,1782475582907935812,1782475582908204016,1782475582908204016,,1782475582908262536,1782475582908262536,,0,1.000000000000,1.000000000000,1.000000000000,,0.520248862583,,1
118,320803,320803,320803,64401,,1782475582908065412,1782475582908321814,1782475582908321814,,1782475582908386215,1782475582908386215,,3,1.000000000000,1.000000000000,1.000000000000,,0.526446272052,,1
119,319510,319510,319510,59610,,1782475582908182333,1782475582908442233,1782475582908442233,,1782475582908501843,1782475582908501843,,3,1.000000000000,1.000000000000,1.000000000000,,0.527809423907,,1
120,317887,317887,317887,61540,,1782475582908299544,1782475582908555891,1782475582908555891,,1782475582908617431,1782475582908617431,,2,1.000000000000,1.000000000000,1.000000000000,,0.529525476944,,1
121,317626,317626,317626,61690,,1782475582908416494,1782475582908672430,1782475582908672430,,1782475582908734120,1782475582908734120,,2,1.000000000000,1.000000000000,1.000000000000,,0.529801961400,,1
122,315023,315023,315023,58610,,1782475582908535835,1782475582908792248,1782475582908792248,,1782475582908850858,1782475582908850858,,0,1.000000000000,1.000000000000,1.000000000000,,0.532567302348,,1
123,316291,316291,316291,60660,,1782475582908652736,1782475582908908367,1782475582908908367,,1782475582908969027,1782475582908969027,,1,1.000000000000,1.000000000000,1.000000000000,,0.531218422771,,1
124,316849,316849,316849,58620,,1782475582908769376,1782475582909027605,1782475582909027605,,1782475582909086225,1782475582909086225,,3,1.000000000000,1.000000000000,1.000000000000,,0.530625913693,,1
125,315076,315076,315076,58229,,1782475582908886537,1782475582909143384,1782475582909143384,,1782475582909201613,1782475582909201613,,0,1.000000000000,1.000000000000,1.000000000000,,0.532510853205,,1
126,314994,314994,314994,59070,,1782475582909002758,1782475582909258682,1782475582909258682,,1782475582909317752,1782475582909317752,,3,1.000000000000,1.000000000000,1.000000000000,,0.532598192147,,1
127,318251,318251,318251,59429,,1782475582909119209,1782475582909378031,1782475582909378031,,1782475582909437460,1782475582909437460,,2,1.000000000000,1.000000000000,1.000000000000,,0.529140122683,,1
128,330098,330098,330098,71028,,1782475582909235590,1782475582909494660,1782475582909494660,,1782475582909565688,1782475582909565688,,2,1.000000000000,1.000000000000,1.000000000000,,0.516750041557,,1
129,314927,314927,314927,57549,,1782475582909352090,1782475582909609468,1782475582909609468,,1782475582909667017,1782475582909667017,,3,1.000000000000,1.000000000000,1.000000000000,,0.532669565086,,1
130,315964,315964,315964,58248,,1782475582909471961,1782475582909729677,1782475582909729677,,1782475582909787925,1782475582909787925,,2,1.000000000000,1.000000000000,1.000000000000,,0.531565953250,,1
131,315151,315151,315151,58148,,1782475582909589012,1782475582909846015,1782475582909846015,,1782475582909904163,1782475582909904163,,3,1.000000000000,1.000000000000,1.000000000000,,0.532430982568,,1
132,315290,315290,315290,58928,,1782475582909705602,1782475582909961964,1782475582909961964,,1782475582910020892,1782475582910020892,,3,1.000000000000,1.000000000000,1.000000000000,,0.532282987327,,1
133,314727,314727,314727,58278,,1782475582909822173,1782475582910078622,1782475582910078622,,1782475582910136900,1782475582910136900,,1,1.000000000000,1.000000000000,1.000000000000,,0.532882675532,,1
134,322455,322455,322455,57527,,1782475582909939993,1782475582910204921,1782475582910204921,,1782475582910262448,1782475582910262448,,2,1.000000000000,1.000000000000,1.000000000000,,0.524709763860,,1
135,318093,318093,318093,61948,,1782475582910057244,1782475582910313389,1782475582910313389,,1782475582910375337,1782475582910375337,,1,1.000000000000,1.000000000000,1.000000000000,,0.529307357384,,1
136,316941,316941,316941,59748,,1782475582910174305,1782475582910431498,1782475582910431498,,1782475582910491246,1782475582910491246,,1,1.000000000000,1.000000000000,1.000000000000,,0.530528287507,,1
137,317308,317308,317308,59148,,1782475582910291216,1782475582910549376,1782475582910549376,,1782475582910608524,1782475582910608524,,2,1.000000000000,1.000000000000,1.000000000000,,0.530139022621,,1
138,319376,319376,319376,63648,,1782475582910407747,1782475582910663475,1782475582910663475,,1782475582910727123,1782475582910727123,,3,1.000000000000,1.000000000000,1.000000000000,,0.527950895789,,1
139,313823,313823,313823,58827,,1782475582910524888,1782475582910779884,1782475582910779884,,1782475582910838711,1782475582910838711,,3,1.000000000000,1.000000000000,1.000000000000,,0.533846998895,,1
140,314832,314832,314832,58777,,1782475582910641518,1782475582910897573,1782475582910897573,,1782475582910956350,1782475582910956350,,1,1.000000000000,1.000000000000,1.000000000000,,0.532770781919,,1
141,313259,313259,313259,57697,,1782475582910760649,1782475582911016211,1782475582911016211,,1782475582911073908,1782475582911073908,,3,1.000000000000,1.000000000000,1.000000000000,,0.534449518066,,1
142,314957,314957,314957,58646,,1782475582910877379,1782475582911133690,1782475582911133690,,1782475582911192336,1782475582911192336,,1,1.000000000000,1.000000000000,1.000000000000,,0.532637605871,,1
143,319505,319505,319505,60187,,1782475582910994600,1782475582911253918,1782475582911253918,,1782475582911314105,1782475582911314105,,2,1.000000000000,1.000000000000,1.000000000000,,0.527814702028,,1
144,318092,318092,318092,59666,,1782475582911111321,1782475582911369747,1782475582911369747,,1782475582911429413,1782475582911429413,,1,1.000000000000,1.000000000000,1.000000000000,,0.529308415999,,1
145,315520,315520,315520,58466,,1782475582911227921,1782475582911484975,1782475582911484975,,1782475582911543441,1782475582911543441,,2,1.000000000000,1.000000000000,1.000000000000,,0.532038193460,,1
146,317158,317158,317158,59666,,1782475582911344572,1782475582911602064,1782475582911602064,,1782475582911661730,1782475582911661730,,1,1.000000000000,1.000000000000,1.000000000000,,0.530298088187,,1
147,314884,314884,314884,58755,,1782475582911461574,1782475582911717703,1782475582911717703,,1782475582911776458,1782475582911776458,,1,1.000000000000,1.000000000000,1.000000000000,,0.532715376639,,1
148,316212,316212,316212,59905,,1782475582911577954,1782475582911834261,1782475582911834261,,1782475582911894166,1782475582911894166,,0,1.000000000000,1.000000000000,1.000000000000,,0.531302361913,,1
149,318050,318050,318050,61485,,1782475582911694785,1782475582911951350,1782475582911951350,,1782475582912012835,1782475582912012835,,1,1.000000000000,1.000000000000,1.000000000000,,0.529352879774,,1
150,315417,315417,315417,58645,,1782475582911814476,1782475582912071248,1782475582912071248,,1782475582912129893,1782475582912129893,,1,1.000000000000,1.000000000000,1.000000000000,,0.532147804617,,1
151,326905,326905,326905,58485,,1782475582911931276,1782475582912199696,1782475582912199696,,1782475582912258181,1782475582912258181,,1,1.000000000000,1.000000000000,1.000000000000,,0.520060566578,,1
152,324942,324942,324942,62894,,1782475582912059757,1782475582912321805,1782475582912321805,,1782475582912384699,1782475582912384699,,0,1.000000000000,1.000000000000,1.000000000000,,0.522106337584,,1
153,317781,317781,317781,60185,,1782475582912180617,1782475582912438213,1782475582912438213,,1782475582912498398,1782475582912498398,,1,1.000000000000,1.000000000000,1.000000000000,,0.529637748246,,1
154,317718,317718,317718,60314,,1782475582912297608,1782475582912555012,1782475582912555012,,1782475582912615326,1782475582912615326,,1,1.000000000000,1.000000000000,1.000000000000,,0.529704486807,,1
155,315636,315636,315636,58715,,1782475582912415059,1782475582912671980,1782475582912671980,,1782475582912730695,1782475582912730695,,0,1.000000000000,1.000000000000,1.000000000000,,0.531914774916,,1
156,315754,315754,315754,59034,,1782475582912531729,1782475582912788449,1782475582912788449,,1782475582912847483,1782475582912847483,,3,1.000000000000,1.000000000000,1.000000000000,,0.531789257841,,1
157,315800,315800,315800,58944,,1782475582912648661,1782475582912905517,1782475582912905517,,1782475582912964461,1782475582912964461,,1,1.000000000000,1.000000000000,1.000000000000,,0.531740335479,,1
158,319718,319718,319718,63784,,1782475582912765182,1782475582913021116,1782475582913021116,,1782475582913084900,1782475582913084900,,1,1.000000000000,1.000000000000,1.000000000000,,0.527589900851,,1
159,316356,316356,316356,58773,,1782475582912881672,1782475582913139255,1782475582913139255,,1782475582913198028,1782475582913198028,,1,1.000000000000,1.000000000000,1.000000000000,,0.531149368865,,1
160,316233,316233,316233,59063,,1782475582913008003,1782475582913265173,1782475582913265173,,1782475582913324236,1782475582913324236,,1,1.000000000000,1.000000000000,1.000000000000,,0.531280047682,,1
161,332580,332580,332580,73923,,1782475582913125474,1782475582913384131,1782475582913384131,,1782475582913458054,1782475582913458054,,0,1.000000000000,1.000000000000,1.000000000000,,0.514191250525,,1
162,318610,318610,318610,61454,,1782475582913242314,1782475582913499470,1782475582913499470,,1782475582913560924,1782475582913560924,,2,1.000000000000,1.000000000000,1.000000000000,,0.528760336435,,1
163,316287,316287,316287,58843,,1782475582913359035,1782475582913616479,1782475582913616479,,1782475582913675322,1782475582913675322,,2,1.000000000000,1.000000000000,1.000000000000,,0.531222672535,,1
164,315045,315045,315045,58373,,1782475582913475586,1782475582913732258,1782475582913732258,,1782475582913790631,1782475582913790631,,3,1.000000000000,1.000000000000,1.000000000000,,0.532543869902,,1
165,314733,314733,314733,57242,,1782475582913592096,1782475582913849587,1782475582913849587,,1782475582913906829,1782475582913906829,,0,1.000000000000,1.000000000000,1.000000000000,,0.532876280978,,1
166,314830,314830,314830,58842,,1782475582913708487,1782475582913964475,1782475582913964475,,1782475582914023317,1782475582914023317,,3,1.000000000000,1.000000000000,1.000000000000,,0.532772913007,,1
167,314167,314167,314167,57812,,1782475582913825039,1782475582914081394,1782475582914081394,,1782475582914139206,1782475582914139206,,1,1.000000000000,1.000000000000,1.000000000000,,0.533479838477,,1
168,324235,324235,324235,60192,,1782475582913941809,1782475582914205852,1782475582914205852,,1782475582914266044,1782475582914266044,,0,1.000000000000,1.000000000000,1.000000000000,,0.522845118140,,1
169,321112,321112,321112,63771,,1782475582914060710,1782475582914318051,1782475582914318051,,1782475582914381822,1782475582914381822,,2,1.000000000000,1.000000000000,1.000000000000,,0.526121028766,,1
170,317481,317481,317481,59392,,1782475582914177310,1782475582914435399,1782475582914435399,,1782475582914494791,1782475582914494791,,0,1.000000000000,1.000000000000,1.000000000000,,0.529955626249,,1
171,316388,316388,316388,59301,,1782475582914293811,1782475582914550898,1782475582914550898,,1782475582914610199,1782475582914610199,,0,1.000000000000,1.000000000000,1.000000000000,,0.531115376393,,1
172,320565,320565,320565,59931,,1782475582914410112,1782475582914670746,1782475582914670746,,1782475582914730677,1782475582914730677,,3,1.000000000000,1.000000000000,1.000000000000,,0.526696920127,,1
173,317144,317144,317144,60331,,1782475582914526492,1782475582914783305,1782475582914783305,,1782475582914843636,1782475582914843636,,1,1.000000000000,1.000000000000,1.000000000000,,0.530312936741,,1
174,315661,315661,315661,58521,,1782475582914643113,1782475582914900253,1782475582914900253,,1782475582914958774,1782475582914958774,,0,1.000000000000,1.000000000000,1.000000000000,,0.531888179842,,1
175,318829,318829,318829,59251,,1782475582914760214,1782475582915019792,1782475582915019792,,1782475582915079043,1782475582915079043,,1,1.000000000000,1.000000000000,1.000000000000,,0.528528790120,,1
176,318757,318757,318757,59231,,1782475582914877004,1782475582915136530,1782475582915136530,,1782475582915195761,1782475582915195761,,3,1.000000000000,1.000000000000,1.000000000000,,0.528604903746,,1
177,317173,317173,317173,60480,,1782475582914993866,1782475582915250559,1782475582915250559,,1782475582915311039,1782475582915311039,,2,1.000000000000,1.000000000000,1.000000000000,,0.530282179483,,1
178,332670,332670,332670,65550,,1782475582915114387,1782475582915381507,1782475582915381507,,1782475582915447057,1782475582915447057,,3,1.000000000000,1.000000000000,1.000000000000,,0.514098704429,,1
179,316499,316499,316499,58400,,1782475582915231377,1782475582915489476,1782475582915489476,,1782475582915547876,1782475582915547876,,2,1.000000000000,1.000000000000,1.000000000000,,0.530997481866,,1
180,320646,320646,320646,59160,,1782475582915347998,1782475582915609484,1782475582915609484,,1782475582915668644,1782475582915668644,,2,1.000000000000,1.000000000000,1.000000000000,,0.526611602137,,1
181,316984,316984,316984,58420,,1782475582915464869,1782475582915723433,1782475582915723433,,1782475582915781853,1782475582915781853,,0,1.000000000000,1.000000000000,1.000000000000,,0.530482664036,,1
182,316592,316592,316592,59099,,1782475582915581469,1782475582915838962,1782475582915838962,,1782475582915898061,1782475582915898061,,3,1.000000000000,1.000000000000,1.000000000000,,0.530898725519,,1
183,316929,316929,316929,59159,,1782475582915698100,1782475582915955870,1782475582915955870,,1782475582916015029,1782475582916015029,,1,1.000000000000,1.000000000000,1.000000000000,,0.530541020338,,1
184,317998,317998,317998,59099,,1782475582915815810,1782475582916074709,1782475582916074709,,1782475582916133808,1782475582916133808,,1,1.000000000000,1.000000000000,1.000000000000,,0.529407935336,,1
185,326165,326165,326165,59129,,1782475582915932391,1782475582916199427,1782475582916199427,,1782475582916258556,1782475582916258556,,2,1.000000000000,1.000000000000,1.000000000000,,0.520830826068,,1
186,318272,318272,318272,61308,,1782475582916059792,1782475582916316756,1782475582916316756,,1782475582916378064,1782475582916378064,,3,1.000000000000,1.000000000000,1.000000000000,,0.529117899265,,1
187,317772,317772,317772,58460,,1782475582916179182,1782475582916438494,1782475582916438494,,1782475582916496954,1782475582916496954,,0,1.000000000000,1.000000000000,1.000000000000,,0.529647281811,,1
188,323168,323168,323168,60849,,1782475582916296264,1782475582916558583,1782475582916558583,,1782475582916619432,1782475582916619432,,0,1.000000000000,1.000000000000,1.000000000000,,0.523962060976,,1
189,319335,319335,319335,59479,,1782475582916415105,1782475582916674961,1782475582916674961,,1782475582916734440,1782475582916734440,,3,1.000000000000,1.000000000000,1.000000000000,,0.527994189538,,1
190,316054,316054,316054,58628,,1782475582916533365,1782475582916790791,1782475582916790791,,1782475582916849419,1782475582916849419,,1,1.000000000000,1.000000000000,1.000000000000,,0.531470279989,,1
191,318791,318791,318791,59348,,1782475582916649816,1782475582916909259,1782475582916909259,,1782475582916968607,1782475582916968607,,2,1.000000000000,1.000000000000,1.000000000000,,0.528568959834,,1
192,319138,319138,319138,58717,,1782475582916766607,1782475582917027028,1782475582917027028,,1782475582917085745,1782475582917085745,,3,1.000000000000,1.000000000000,1.000000000000,,0.528202260236,,1
193,319797,319797,319797,59908,,1782475582916883007,1782475582917142896,1782475582917142896,,1782475582917202804,1782475582917202804,,1,1.000000000000,1.000000000000,1.000000000000,,0.527506548231,,1
194,327164,327164,327164,70457,,1782475582917000048,1782475582917256755,1782475582917256755,,1782475582917327212,1782475582917327212,,2,1.000000000000,1.000000000000,1.000000000000,,0.519791244965,,1
195,317711,317711,317711,59517,,1782475582917114449,1782475582917372643,1782475582917372643,,1782475582917432160,1782475582917432160,,1,1.000000000000,1.000000000000,1.000000000000,,0.529711902721,,1
196,318580,318580,318580,58597,,1782475582917231869,1782475582917491852,1782475582917491852,,1782475582917550449,1782475582917550449,,3,1.000000000000,1.000000000000,1.000000000000,,0.528792063007,,1
197,315777,315777,315777,58057,,1782475582917351430,1782475582917609150,1782475582917609150,,1782475582917667207,1782475582917667207,,0,1.000000000000,1.000000000000,1.000000000000,,0.531764796097,,1
198,320004,320004,320004,63066,,1782475582917468091,1782475582917725029,1782475582917725029,,1782475582917788095,1782475582917788095,,0,1.000000000000,1.000000000000,1.000000000000,,0.527288205721,,1
199,318352,318352,318352,59356,,1782475582917585082,1782475582917844078,1782475582917844078,,1782475582917903434,1782475582917903434,,2,1.000000000000,1.000000000000,1.000000000000,,0.529033247173,,1
200,316929,316929,316929,58296,,1782475582917701583,1782475582917960216,1782475582917960216,,1782475582918018512,1782475582918018512,,0,1.000000000000,1.000000000000,1.000000000000,,0.530541020338,,1
201,315568,315568,315568,58176,,1782475582917818003,1782475582918075395,1782475582918075395,,1782475582918133571,1782475582918133571,,2,1.000000000000,1.000000000000,1.000000000000,,0.531987120245,,1
202,325665,325665,325665,59256,,1782475582917937094,1782475582918203503,1782475582918203503,,1782475582918262759,1782475582918262759,,2,1.000000000000,1.000000000000,1.000000000000,,0.521351917397,,1
203,320802,320802,320802,62655,,1782475582918054075,1782475582918312222,1782475582918312222,,1782475582918374877,1782475582918374877,,1,1.000000000000,1.000000000000,1.000000000000,,0.526447324946,,1
204,321781,321781,321781,59226,,1782475582918170645,1782475582918433200,1782475582918433200,,1782475582918492426,1782475582918492426,,2,1.000000000000,1.000000000000,1.000000000000,,0.525417549562,,1
205,320398,320398,320398,62595,,1782475582918287746,1782475582918545549,1782475582918545549,,1782475582918608144,1782475582918608144,,1,1.000000000000,1.000000000000,1.000000000000,,0.526872866280,,1
206,317335,317335,317335,59565,,1782475582918404547,1782475582918662317,1782475582918662317,,1782475582918721882,1782475582918721882,,2,1.000000000000,1.000000000000,1.000000000000,,0.530110395887,,1
207,320294,320294,320294,59555,,1782475582918521357,1782475582918782096,1782475582918782096,,1782475582918841651,1782475582918841651,,3,1.000000000000,1.000000000000,1.000000000000,,0.526982467234,,1
208,322320,322320,322320,60885,,1782475582918637969,1782475582918899404,1782475582918899404,,1782475582918960289,1782475582918960289,,1,1.000000000000,1.000000000000,1.000000000000,,0.524851454624,,1
209,316627,316627,316627,59164,,1782475582918754530,1782475582919011993,1782475582919011993,,1782475582919071157,1782475582919071157,,0,1.000000000000,1.000000000000,1.000000000000,,0.530861563909,,1
210,316436,316436,316436,58345,,1782475582918871350,1782475582919129441,1782475582919129441,,1782475582919187786,1782475582919187786,,2,1.000000000000,1.000000000000,1.000000000000,,0.531064391764,,1
211,317313,317313,317313,61354,,1782475582918988021,1782475582919243980,1782475582919243980,,1782475582919305334,1782475582919305334,,0,1.000000000000,1.000000000000,1.000000000000,,0.530133721257,,1
212,321842,321842,321842,59375,,1782475582919104631,1782475582919367098,1782475582919367098,,1782475582919426473,1782475582919426473,,1,1.000000000000,1.000000000000,1.000000000000,,0.525353452531,,1
213,316460,316460,316460,59335,,1782475582919221902,1782475582919479027,1782475582919479027,,1782475582919538362,1782475582919538362,,1,1.000000000000,1.000000000000,1.000000000000,,0.531038901285,,1
214,314927,314927,314927,57324,,1782475582919338503,1782475582919596106,1782475582919596106,,1782475582919653430,1782475582919653430,,0,1.000000000000,1.000000000000,1.000000000000,,0.532669565086,,1
215,318816,318816,318816,58384,,1782475582919458083,1782475582919718515,1782475582919718515,,1782475582919776899,1782475582919776899,,3,1.000000000000,1.000000000000,1.000000000000,,0.528542532047,,1
216,316033,316033,316033,58473,,1782475582919575014,1782475582919832574,1782475582919832574,,1782475582919891047,1782475582919891047,,0,1.000000000000,1.000000000000,1.000000000000,,0.531492602209,,1
217,316500,316500,316500,58563,,1782475582919691835,1782475582919949772,1782475582919949772,,1782475582920008335,1782475582920008335,,1,1.000000000000,1.000000000000,1.000000000000,,0.530996419872,,1
218,320298,320298,320298,62203,,1782475582919808396,1782475582920066491,1782475582920066491,,1782475582920128694,1782475582920128694,,1,1.000000000000,1.000000000000,1.000000000000,,0.526978251391,,1
219,329505,329505,329505,57773,,1782475582919925087,1782475582920196819,1782475582920196819,,1782475582920254592,1782475582920254592,,3,1.000000000000,1.000000000000,1.000000000000,,0.517363270679,,1
220,318362,318362,318362,60732,,1782475582920052998,1782475582920310628,1782475582920310628,,1782475582920371360,1782475582920371360,,2,1.000000000000,1.000000000000,1.000000000000,,0.529022666614,,1
221,319261,319261,319261,58993,,1782475582920170798,1782475582920431066,1782475582920431066,,1782475582920490059,1782475582920490059,,3,1.000000000000,1.000000000000,1.000000000000,,0.528072338461,,1
222,314628,314628,314628,58712,,1782475582920287429,1782475582920543345,1782475582920543345,,1782475582920602057,1782475582920602057,,2,1.000000000000,1.000000000000,1.000000000000,,0.532988196748,,1
223,320555,320555,320555,60592,,1782475582920404220,1782475582920664183,1782475582920664183,,1782475582920724775,1782475582920724775,,3,1.000000000000,1.000000000000,1.000000000000,,0.526707454171,,1
224,317274,317274,317274,59062,,1782475582920520960,1782475582920779172,1782475582920779172,,1782475582920838234,1782475582920838234,,1,1.000000000000,1.000000000000,1.000000000000,,0.530175073300,,1
225,316351,316351,316351,58492,,1782475582920641271,1782475582920899130,1782475582920899130,,1782475582920957622,1782475582920957622,,0,1.000000000000,1.000000000000,1.000000000000,,0.531154680385,,1
226,317089,317089,317089,58322,,1782475582920758282,1782475582921017049,1782475582921017049,,1782475582921075371,1782475582921075371,,1,1.000000000000,1.000000000000,1.000000000000,,0.530371274372,,1
227,326707,326707,326707,66442,,1782475582920875002,1782475582921135267,1782475582921135267,,1782475582921201709,1782475582921201709,,3,1.000000000000,1.000000000000,1.000000000000,,0.520266551345,,1
228,319183,319183,319183,60061,,1782475582920992274,1782475582921251396,1782475582921251396,,1782475582921311457,1782475582921311457,,2,1.000000000000,1.000000000000,1.000000000000,,0.528154724171,,1
229,336321,336321,336321,63281,,1782475582921109484,1782475582921382524,1782475582921382524,,1782475582921445805,1782475582921445805,,1,1.000000000000,1.000000000000,1.000000000000,,0.510358428057,,1
230,316079,316079,316079,62571,,1782475582921226025,1782475582921479533,1782475582921479533,,1782475582921542104,1782475582921542104,,1,1.000000000000,1.000000000000,1.000000000000,,0.531443707139,,1
231,317476,317476,317476,59081,,1782475582921342746,1782475582921601141,1782475582921601141,,1782475582921660222,1782475582921660222,,2,1.000000000000,1.000000000000,1.000000000000,,0.529960925832,,1
232,315745,315745,315745,58601,,1782475582921459546,1782475582921716690,1782475582921716690,,1782475582921775291,1782475582921775291,,2,1.000000000000,1.000000000000,1.000000000000,,0.531798830133,,1
233,320082,320082,320082,60890,,1782475582921576437,1782475582921835629,1782475582921835629,,1782475582921896519,1782475582921896519,,3,1.000000000000,1.000000000000,1.000000000000,,0.527205955176,,1
234,320039,320039,320039,59160,,1782475582921696958,1782475582921957837,1782475582921957837,,1782475582922016997,1782475582922016997,,1,1.000000000000,1.000000000000,1.000000000000,,0.527251296838,,1
235,316998,316998,316998,57690,,1782475582921813878,1782475582922073186,1782475582922073186,,1782475582922130876,1782475582922130876,,3,1.000000000000,1.000000000000,1.000000000000,,0.530467810729,,1
236,326485,326485,326485,67720,,1782475582921930539,1782475582922189304,1782475582922189304,,1782475582922257024,1782475582922257024,,1,1.000000000000,1.000000000000,1.000000000000,,0.520497600983,,1
237,316993,316993,316993,59500,,1782475582922047020,1782475582922304513,1782475582922304513,,1782475582922364013,1782475582922364013,,3,1.000000000000,1.000000000000,1.000000000000,,0.530473115434,,1
238,322531,322531,322531,60700,,1782475582922163630,1782475582922425461,1782475582922425461,,1782475582922486161,1782475582922486161,,0,1.000000000000,1.000000000000,1.000000000000,,0.524630014037,,1
239,319898,319898,319898,59170,,1782475582922280342,1782475582922541070,1782475582922541070,,1782475582922600240,1782475582922600240,,2,1.000000000000,1.000000000000,1.000000000000,,0.527400002670,,1
240,314996,314996,314996,58861,,1782475582922397073,1782475582922653208,1782475582922653208,,1782475582922712069,1782475582922712069,,1,1.000000000000,1.000000000000,1.000000000000,,0.532596061758,,1
241,314014,314014,314014,57849,,1782475582922513543,1782475582922769708,1782475582922769708,,1782475582922827557,1782475582922827557,,0,1.000000000000,1.000000000000,1.000000000000,,0.533643108287,,1
242,320191,320191,320191,59669,,1782475582922630064,1782475582922890586,1782475582922890586,,1782475582922950255,1782475582922950255,,3,1.000000000000,1.000000000000,1.000000000000,,0.527091036804,,1
243,320560,320560,320560,63099,,1782475582922750884,1782475582923008345,1782475582923008345,,1782475582923071444,1782475582923071444,,2,1.000000000000,1.000000000000,1.000000000000,,0.526702187122,,1
244,318007,318007,318007,59559,,1782475582922867355,1782475582923125803,1782475582923125803,,1782475582923185362,1782475582923185362,,0,1.000000000000,1.000000000000,1.000000000000,,0.529398406079,,1
245,316844,316844,316844,58108,,1782475582922984076,1782475582923242812,1782475582923242812,,1782475582923300920,1782475582923300920,,1,1.000000000000,1.000000000000,1.000000000000,,0.530631219978,,1
246,323253,323253,323253,60269,,1782475582923100526,1782475582923363510,1782475582923363510,,1782475582923423779,1782475582923423779,,1,1.000000000000,1.000000000000,1.000000000000,,0.523872994996,,1
247,318140,318140,318140,59058,,1782475582923217107,1782475582923476189,1782475582923476189,,1782475582923535247,1782475582923535247,,0,1.000000000000,1.000000000000,1.000000000000,,0.529257604831,,1
248,316057,316057,316057,59678,,1782475582923334188,1782475582923590567,1782475582923590567,,1782475582923650245,1782475582923650245,,3,1.000000000000,1.000000000000,1.000000000000,,0.531467091177,,1
249,319885,319885,319885,61768,,1782475582923450869,1782475582923708986,1782475582923708986,,1782475582923770754,1782475582923770754,,3,1.000000000000,1.000000000000,1.000000000000,,0.527413715249,,1
250,315802,315802,315802,58628,,1782475582923567560,1782475582923824734,1782475582923824734,,1782475582923883362,1782475582923883362,,3,1.000000000000,1.000000000000,1.000000000000,,0.531738208522,,1
251,315000,315000,315000,57558,,1782475582923684041,1782475582923941483,1782475582923941483,,1782475582923999041,1782475582923999041,,2,1.000000000000,1.000000000000,1.000000000000,,0.532591801007,,1
252,315068,315068,315068,58318,,1782475582923802951,1782475582924059701,1782475582924059701,,1782475582924118019,1782475582924118019,,0,1.000000000000,1.000000000000,1.000000000000,,0.532519373447,,1
253,319415,319415,319415,59397,,1782475582923919752,1782475582924179770,1782475582924179770,,1782475582924239167,1782475582924239167,,0,1.000000000000,1.000000000000,1.000000000000,,0.527909717225,,1
254,315932,315932,315932,58477,,1782475582924047933,1782475582924305388,1782475582924305388,,1782475582924363865,1782475582924363865,,2,1.000000000000,1.000000000000,1.000000000000,,0.531599974559,,1
255,320551,320551,320551,59647,,1782475582924165173,1782475582924426077,1782475582924426077,,1782475582924485724,1782475582924485724,,1,1.000000000000,1.000000000000,1.000000000000,,0.526711667847,,1
256,319218,319218,319218,61337,,1782475582924281504,1782475582924539385,1782475582924539385,,1782475582924600722,1782475582924600722,,3,1.000000000000,1.000000000000,1.000000000000,,0.528117754635,,1
257,320646,320646,320646,60406,,1782475582924398504,1782475582924658744,1782475582924658744,,1782475582924719150,1782475582924719150,,2,1.000000000000,1.000000000000,1.000000000000,,0.526611602137,,1
258,318874,318874,318874,61307,,1782475582924515195,1782475582924772762,1782475582924772762,,1782475582924834069,1782475582924834069,,0,1.000000000000,1.000000000000,1.000000000000,,0.528481224669,,1
259,319030,319030,319030,59826,,1782475582924632157,1782475582924891361,1782475582924891361,,1782475582924951187,1782475582924951187,,1,1.000000000000,1.000000000000,1.000000000000,,0.528316364247,,1
260,330748,330748,330748,71275,,1782475582924748647,1782475582925008120,1782475582925008120,,1782475582925079395,1782475582925079395,,0,1.000000000000,1.000000000000,1.000000000000,,0.516078702968,,1
261,321286,321286,321286,61366,,1782475582924868248,1782475582925128168,1782475582925128168,,1782475582925189534,1782475582925189534,,1,1.000000000000,1.000000000000,1.000000000000,,0.525937970502,,1
262,316863,316863,316863,59325,,1782475582924984909,1782475582925242447,1782475582925242447,,1782475582925301772,1782475582925301772,,2,1.000000000000,1.000000000000,1.000000000000,,0.530611056375,,1
263,324881,324881,324881,63735,,1782475582925101449,1782475582925362595,1782475582925362595,,1782475582925426330,1782475582925426330,,0,1.000000000000,1.000000000000,1.000000000000,,0.522170038442,,1
264,319420,319420,319420,59236,,1782475582925218100,1782475582925478284,1782475582925478284,,1782475582925537520,1782475582925537520,,0,1.000000000000,1.000000000000,1.000000000000,,0.527904438154,,1
265,317088,317088,317088,58056,,1782475582925334990,1782475582925594022,1782475582925594022,,1782475582925652078,1782475582925652078,,1,1.000000000000,1.000000000000,1.000000000000,,0.530372335116,,1
266,328846,328846,328846,58656,,1782475582925451781,1782475582925721971,1782475582925721971,,1782475582925780627,1782475582925780627,,0,1.000000000000,1.000000000000,1.000000000000,,0.518045605030,,1
267,315953,315953,315953,57625,,1782475582925568492,1782475582925826820,1782475582925826820,,1782475582925884445,1782475582925884445,,3,1.000000000000,1.000000000000,1.000000000000,,0.531577647829,,1
268,320111,320111,320111,59754,,1782475582925684832,1782475582925945189,1782475582925945189,,1782475582926004943,1782475582926004943,,3,1.000000000000,1.000000000000,1.000000000000,,0.527175378117,,1
269,317558,317558,317558,58845,,1782475582925801544,1782475582926060257,1782475582926060257,,1782475582926119102,1782475582926119102,,2,1.000000000000,1.000000000000,1.000000000000,,0.529874019366,,1
270,331765,331765,331765,73374,,1782475582925921195,1782475582926179586,1782475582926179586,,1782475582926252960,1782475582926252960,,3,1.000000000000,1.000000000000,1.000000000000,,0.515030065712,,1
271,322933,322933,322933,59444,,1782475582926038345,1782475582926301834,1782475582926301834,,1782475582926361278,1782475582926361278,,2,1.000000000000,1.000000000000,1.000000000000,,0.524208381025,,1
272,319961,319961,319961,59244,,1782475582926154836,1782475582926415553,1782475582926415553,,1782475582926474797,1782475582926474797,,3,1.000000000000,1.000000000000,1.000000000000,,0.527333554456,,1
273,315389,315389,315389,59964,,1782475582926271156,1782475582926526581,1782475582926526581,,1782475582926586545,1782475582926586545,,1,1.000000000000,1.000000000000,1.000000000000,,0.532177605729,,1
274,314987,314987,314987,58814,,1782475582926385407,1782475582926641580,1782475582926641580,,1782475582926700394,1782475582926700394,,2,1.000000000000,1.000000000000,1.000000000000,,0.532605648574,,1
275,320174,320174,320174,60004,,1782475582926502108,1782475582926762278,1782475582926762278,,1782475582926822282,1782475582926822282,,1,1.000000000000,1.000000000000,1.000000000000,,0.527108958204,,1
276,316132,316132,316132,58893,,1782475582926618918,1782475582926876157,1782475582926876157,,1782475582926935050,1782475582926935050,,1,1.000000000000,1.000000000000,1.000000000000,,0.531387377092,,1
277,318120,318120,318120,59233,,1782475582926735939,1782475582926994826,1782475582926994826,,1782475582927054059,1782475582927054059,,3,1.000000000000,1.000000000000,1.000000000000,,0.529278775558,,1
278,320847,320847,320847,59423,,1782475582926854670,1782475582927116094,1782475582927116094,,1782475582927175517,1782475582927175517,,0,1.000000000000,1.000000000000,1.000000000000,,0.526399946818,,1
279,319225,319225,319225,59313,,1782475582926981540,1782475582927241452,1782475582927241452,,1782475582927300765,1782475582927300765,,3,1.000000000000,1.000000000000,1.000000000000,,0.528110361038,,1
280,323271,323271,323271,59732,,1782475582927098582,1782475582927362121,1782475582927362121,,1782475582927421853,1782475582927421853,,3,1.000000000000,1.000000000000,1.000000000000,,0.523854135908,,1
281,316849,316849,316849,58852,,1782475582927215543,1782475582927473540,1782475582927473540,,1782475582927532392,1782475582927532392,,0,1.000000000000,1.000000000000,1.000000000000,,0.530625913693,,1
282,318717,318717,318717,58222,,1782475582927332523,1782475582927593018,1782475582927593018,,1782475582927651240,1782475582927651240,,1,1.000000000000,1.000000000000,1.000000000000,,0.528647193829,,1
283,321375,321375,321375,63442,,1782475582927444304,1782475582927702237,1782475582927702237,,1782475582927765679,1782475582927765679,,2,1.000000000000,1.000000000000,1.000000000000,,0.525844361875,,1
284,314833,314833,314833,57822,,1782475582927561574,1782475582927818585,1782475582927818585,,1782475582927876407,1782475582927876407,,2,1.000000000000,1.000000000000,1.000000000000,,0.532769716379,,1
285,316490,316490,316490,59011,,1782475582927678205,1782475582927935684,1782475582927935684,,1782475582927994695,1782475582927994695,,0,1.000000000000,1.000000000000,1.000000000000,,0.531007039907,,1
286,317168,317168,317168,58112,,1782475582927798256,1782475582928057312,1782475582928057312,,1782475582928115424,1782475582928115424,,2,1.000000000000,1.000000000000,1.000000000000,,0.530287482331,,1
287,316056,316056,316056,58381,,1782475582927914816,1782475582928172491,1782475582928172491,,1782475582928230872,1782475582928230872,,2,1.000000000000,1.000000000000,1.000000000000,,0.531468154112,,1
288,316303,316303,316303,58951,,1782475582928031217,1782475582928288569,1782475582928288569,,1782475582928347520,1782475582928347520,,0,1.000000000000,1.000000000000,1.000000000000,,0.531205673682,,1
289,320011,320011,320011,60961,,1782475582928172878,1782475582928431928,1782475582928431928,,1782475582928492889,1782475582928492889,,1,1.000000000000,1.000000000000,1.000000000000,,0.527280823737,,1
290,320289,320289,320289,58882,,1782475582928287459,1782475582928548866,1782475582928548866,,1782475582928607748,1782475582928607748,,0,1.000000000000,1.000000000000,1.000000000000,,0.526987737085,,1
291,317616,317616,317616,59441,,1782475582928404500,1782475582928662675,1782475582928662675,,1782475582928722116,1782475582928722116,,1,1.000000000000,1.000000000000,1.000000000000,,0.529812557545,,1
292,315904,315904,315904,58821,,1782475582928521691,1782475582928778774,1782475582928778774,,1782475582928837595,1782475582928837595,,2,1.000000000000,1.000000000000,1.000000000000,,0.531629744991,,1
293,327022,327022,327022,68510,,1782475582928638181,1782475582928896693,1782475582928896693,,1782475582928965203,1782475582928965203,,2,1.000000000000,1.000000000000,1.000000000000,,0.519938886643,,1
294,316479,316479,316479,59150,,1782475582928754762,1782475582929012091,1782475582929012091,,1782475582929071241,1782475582929071241,,0,1.000000000000,1.000000000000,1.000000000000,,0.531018722190,,1
295,316297,316297,316297,58660,,1782475582928875333,1782475582929132970,1782475582929132970,,1782475582929191630,1782475582929191630,,0,1.000000000000,1.000000000000,1.000000000000,,0.531212048188,,1
296,315495,315495,315495,58850,,1782475582928992533,1782475582929249178,1782475582929249178,,1782475582929308028,1782475582929308028,,3,1.000000000000,1.000000000000,1.000000000000,,0.532064796034,,1
297,322812,322812,322812,61729,,1782475582929109464,1782475582929370547,1782475582929370547,,1782475582929432276,1782475582929432276,,2,1.000000000000,1.000000000000,1.000000000000,,0.524335254805,,1
298,319821,319821,319821,60810,,1782475582929225944,1782475582929484955,1782475582929484955,,1782475582929545765,1782475582929545765,,0,1.000000000000,1.000000000000,1.000000000000,,0.527481228525,,1
299,317618,317618,317618,59539,,1782475582929342665,1782475582929600744,1782475582929600744,,1782475582929660283,1782475582929660283,,3,1.000000000000,1.000000000000,1.000000000000,,0.529810438299,,1
300,316174,316174,316174,58609,,1782475582929459117,1782475582929716682,1782475582929716682,,1782475582929775291,1782475582929775291,,1,1.000000000000,1.000000000000,1.000000000000,,0.531342742427,,1
301,318833,318833,318833,58969,,1782475582929575757,1782475582929835621,1782475582929835621,,1782475582929894590,1782475582929894590,,2,1.000000000000,1.000000000000,1.000000000000,,0.528524561906,,1
302,315800,315800,315800,57798,,1782475582929692788,1782475582929950790,1782475582929950790,,1782475582930008588,1782475582930008588,,3,1.000000000000,1.000000000000,1.000000000000,,0.531740335479,,1
303,322777,322777,322777,62728,,1782475582929813649,1782475582930073698,1782475582930073698,,1782475582930136426,1782475582930136426,,3,1.000000000000,1.000000000000,1.000000000000,,0.524371959557,,1
304,334725,334725,334725,59068,,1782475582929930129,1782475582930205786,1782475582930205786,,1782475582930264854,1782475582930264854,,1,1.000000000000,1.000000000000,1.000000000000,,0.511990094914,,1
305,320423,320423,320423,67578,,1782475582930044160,1782475582930297005,1782475582930297005,,1782475582930364583,1782475582930364583,,3,1.000000000000,1.000000000000,1.000000000000,,0.526846523295,,1
306,316210,316210,316210,58627,,1782475582930161021,1782475582930418604,1782475582930418604,,1782475582930477231,1782475582930477231,,3,1.000000000000,1.000000000000,1.000000000000,,0.531304487127,,1
307,316589,316589,316589,59578,,1782475582930277301,1782475582930534312,1782475582930534312,,1782475582930593890,1782475582930593890,,3,1.000000000000,1.000000000000,1.000000000000,,0.530901910921,,1
308,319436,319436,319436,59247,,1782475582930393792,1782475582930653981,1782475582930653981,,1782475582930713228,1782475582930713228,,1,1.000000000000,1.000000000000,1.000000000000,,0.527887545483,,1
309,316564,316564,316564,58718,,1782475582930510433,1782475582930768279,1782475582930768279,,1782475582930826997,1782475582930826997,,1,1.000000000000,1.000000000000,1.000000000000,,0.530928456680,,1
310,317851,317851,317851,58987,,1782475582930629924,1782475582930888788,1782475582930888788,,1782475582930947775,1782475582930947775,,3,1.000000000000,1.000000000000,1.000000000000,,0.529563604151,,1
311,316118,316118,316118,59317,,1782475582930747355,1782475582931004156,1782475582931004156,,1782475582931063473,1782475582931063473,,0,1.000000000000,1.000000000000,1.000000000000,,0.531402256147,,1
312,316097,316097,316097,58997,,1782475582930864205,1782475582931121305,1782475582931121305,,1782475582931180302,1782475582931180302,,0,1.000000000000,1.000000000000,1.000000000000,,0.531424575510,,1
313,316904,316904,316904,59967,,1782475582930980996,1782475582931237933,1782475582931237933,,1782475582931297900,1782475582931297900,,0,1.000000000000,1.000000000000,1.000000000000,,0.530567548052,,1
314,323011,323011,323011,60206,,1782475582931097627,1782475582931360432,1782475582931360432,,1782475582931420638,1782475582931420638,,3,1.000000000000,1.000000000000,1.000000000000,,0.524126610896,,1
315,319131,319131,319131,59088,,1782475582931214207,1782475582931474250,1782475582931474250,,1782475582931533338,1782475582931533338,,1,1.000000000000,1.000000000000,1.000000000000,,0.528209655119,,1
316,315448,315448,315448,57827,,1782475582931330788,1782475582931588409,1782475582931588409,,1782475582931646236,1782475582931646236,,3,1.000000000000,1.000000000000,1.000000000000,,0.532114812476,,1
317,318465,318465,318465,61126,,1782475582931447279,1782475582931704618,1782475582931704618,,1782475582931765744,1782475582931765744,,0,1.000000000000,1.000000000000,1.000000000000,,0.528913699169,,1
318,318744,318744,318744,60056,,1782475582931563729,1782475582931822417,1782475582931822417,,1782475582931882473,1782475582931882473,,3,1.000000000000,1.000000000000,1.000000000000,,0.528618647652,,1
319,318671,318671,318671,58225,,1782475582931680340,1782475582931940786,1782475582931940786,,1782475582931999011,1782475582931999011,,1,1.000000000000,1.000000000000,1.000000000000,,0.528695831609,,1
320,315357,315357,315357,57785,,1782475582931797152,1782475582932054724,1782475582932054724,,1782475582932112509,1782475582932112509,,0,1.000000000000,1.000000000000,1.000000000000,,0.532211666185,,1
321,314986,314986,314986,57965,,1782475582931913842,1782475582932170863,1782475582932170863,,1782475582932228828,1782475582932228828,,0,1.000000000000,1.000000000000,1.000000000000,,0.532606713786,,1
322,316933,316933,316933,57635,,1782475582932030753,1782475582932290051,1782475582932290051,,1782475582932347686,1782475582932347686,,1,1.000000000000,1.000000000000,1.000000000000,,0.530536776027,,1
323,323510,323510,323510,64184,,1782475582932152124,1782475582932411450,1782475582932411450,,1782475582932475634,1782475582932475634,,2,1.000000000000,1.000000000000,1.000000000000,,0.523603793468,,1
324,317199,317199,317199,59325,,1782475582932268944,1782475582932526818,1782475582932526818,,1782475582932586143,1782475582932586143,,0,1.000000000000,1.000000000000,1.000000000000,,0.530254605526,,1
325,316256,316256,316256,58964,,1782475582932385735,1782475582932643027,1782475582932643027,,1782475582932701991,1782475582932701991,,3,1.000000000000,1.000000000000,1.000000000000,,0.531255609362,,1
326,329424,329424,329424,70304,,1782475582932501975,1782475582932761095,1782475582932761095,,1782475582932831399,1782475582932831399,,2,1.000000000000,1.000000000000,1.000000000000,,0.517447090319,,1
327,316272,316272,316272,59004,,1782475582932619156,1782475582932876424,1782475582932876424,,1782475582932935428,1782475582932935428,,0,1.000000000000,1.000000000000,1.000000000000,,0.531238609455,,1
328,316629,316629,316629,60314,,1782475582932737677,1782475582932993992,1782475582932993992,,1782475582933054306,1782475582933054306,,2,1.000000000000,1.000000000000,1.000000000000,,0.530859440467,,1
329,316738,316738,316738,59134,,1782475582932854367,1782475582933111971,1782475582933111971,,1782475582933171105,1782475582933171105,,1,1.000000000000,1.000000000000,1.000000000000,,0.530743725722,,1
330,316335,316335,316335,59124,,1782475582932970798,1782475582933228009,1782475582933228009,,1782475582933287133,1782475582933287133,,1,1.000000000000,1.000000000000,1.000000000000,,0.531171677607,,1
331,322651,322651,322651,60023,,1782475582933087540,1782475582933350168,1782475582933350168,,1782475582933410191,1782475582933410191,,1,1.000000000000,1.000000000000,1.000000000000,,0.524504117942,,1
332,322560,322560,322560,58204,,1782475582933203980,1782475582933468336,1782475582933468336,,1782475582933526540,1782475582933526540,,1,1.000000000000,1.000000000000,1.000000000000,,0.524599586379,,1
333,320177,320177,320177,61033,,1782475582933318261,1782475582933577405,1782475582933577405,,1782475582933638438,1782475582933638438,,1,1.000000000000,1.000000000000,1.000000000000,,0.527105795560,,1
334,316674,316674,316674,57902,,1782475582933434992,1782475582933693764,1782475582933693764,,1782475582933751666,1782475582933751666,,0,1.000000000000,1.000000000000,1.000000000000,,0.530811665267,,1
335,318703,318703,318703,57873,,1782475582933551962,1782475582933812792,1782475582933812792,,1782475582933870665,1782475582933870665,,1,1.000000000000,1.000000000000,1.000000000000,,0.528661996158,,1
336,315180,315180,315180,58172,,1782475582933668653,1782475582933925661,1782475582933925661,,1782475582933983833,1782475582933983833,,3,1.000000000000,1.000000000000,1.000000000000,,0.532400102466,,1
337,316828,316828,316828,58062,,1782475582933785153,1782475582934043919,1782475582934043919,,1782475582934101981,1782475582934101981,,2,1.000000000000,1.000000000000,1.000000000000,,0.530648200449,,1
338,316316,316316,316316,59002,,1782475582933901504,1782475582934158818,1782475582934158818,,1782475582934217820,1782475582934217820,,3,1.000000000000,1.000000000000,1.000000000000,,0.531191862514,,1
339,315673,315673,315673,58122,,1782475582934017915,1782475582934275466,1782475582934275466,,1782475582934333588,1782475582934333588,,2,1.000000000000,1.000000000000,1.000000000000,,0.531875414679,,1
340,321641,321641,321641,61171,,1782475582934134485,1782475582934394955,1782475582934394955,,1782475582934456126,1782475582934456126,,0,1.000000000000,1.000000000000,1.000000000000,,0.525564687075,,1
341,320089,320089,320089,61033,,1782475582934254527,1782475582934513583,1782475582934513583,,1782475582934574616,1782475582934574616,,2,1.000000000000,1.000000000000,1.000000000000,,0.527198574344,,1
342,317446,317446,317446,58142,,1782475582934371198,1782475582934630502,1782475582934630502,,1782475582934688644,1782475582934688644,,1,1.000000000000,1.000000000000,1.000000000000,,0.529992724441,,1
343,316015,316015,316015,58652,,1782475582934487818,1782475582934745181,1782475582934745181,,1782475582934803833,1782475582934803833,,2,1.000000000000,1.000000000000,1.000000000000,,0.531511736287,,1
344,318952,318952,318952,58561,,1782475582934604349,1782475582934864740,1782475582934864740,,1782475582934923301,1782475582934923301,,1,1.000000000000,1.000000000000,1.000000000000,,0.528398788028,,1
345,320749,320749,320749,63150,,1782475582934723430,1782475582934981029,1782475582934981029,,1782475582935044179,1782475582935044179,,0,1.000000000000,1.000000000000,1.000000000000,,0.526503131320,,1
346,316028,316028,316028,58311,,1782475582934840210,1782475582935097927,1782475582935097927,,1782475582935156238,1782475582935156238,,3,1.000000000000,1.000000000000,1.000000000000,,0.531497917162,,1
347,314535,314535,314535,57960,,1782475582934956941,1782475582935213516,1782475582935213516,,1782475582935271476,1782475582935271476,,1,1.000000000000,1.000000000000,1.000000000000,,0.533087341773,,1
348,328662,328662,328662,62450,,1782475582935073422,1782475582935339634,1782475582935339634,,1782475582935402084,1782475582935402084,,1,1.000000000000,1.000000000000,1.000000000000,,0.518236280895,,1
349,319291,319291,319291,60350,,1782475582935191472,1782475582935450413,1782475582935450413,,1782475582935510763,1782475582935510763,,1,1.000000000000,1.000000000000,1.000000000000,,0.528040655071,,1
350,313568,313568,313568,57830,,1782475582935308543,1782475582935564281,1782475582935564281,,1782475582935622111,1782475582935622111,,1,1.000000000000,1.000000000000,1.000000000000,,0.534119330303,,1
351,319025,319025,319025,58579,,1782475582935425364,1782475582935685810,1782475582935685810,,1782475582935744389,1782475582935744389,,3,1.000000000000,1.000000000000,1.000000000000,,0.528321647437,,1
352,318233,318233,318233,58750,,1782475582935542315,1782475582935801798,1782475582935801798,,1782475582935860548,1782475582935860548,,3,1.000000000000,1.000000000000,1.000000000000,,0.529159172071,,1
353,317260,317260,317260,59309,,1782475582935659006,1782475582935916957,1782475582935916957,,1782475582935976266,1782475582935976266,,2,1.000000000000,1.000000000000,1.000000000000,,0.530189918410,,1
354,320198,320198,320198,60109,,1782475582935779006,1782475582936039095,1782475582936039095,,1782475582936099204,1782475582936099204,,0,1.000000000000,1.000000000000,1.000000000000,,0.527083657582,,1
355,314506,314506,314506,57949,,1782475582935896577,1782475582936153134,1782475582936153134,,1782475582936211083,1782475582936211083,,1,1.000000000000,1.000000000000,1.000000000000,,0.533118261735,,1
356,315373,315373,315373,58609,,1782475582936013198,1782475582936269962,1782475582936269962,,1782475582936328571,1782475582936328571,,3,1.000000000000,1.000000000000,1.000000000000,,0.532194635684,,1
357,327491,327491,327491,67458,,1782475582936130088,1782475582936390121,1782475582936390121,,1782475582936457579,1782475582936457579,,2,1.000000000000,1.000000000000,1.000000000000,,0.519451412628,,1
358,319839,319839,319839,62679,,1782475582936246729,1782475582936503889,1782475582936503889,,1782475582936566568,1782475582936566568,,0,1.000000000000,1.000000000000,1.000000000000,,0.527462239542,,1
359,325096,325096,325096,65408,,1782475582936363970,1782475582936623658,1782475582936623658,,1782475582936689066,1782475582936689066,,1,1.000000000000,1.000000000000,1.000000000000,,0.521945553594,,1
360,321634,321634,321634,58588,,1782475582936481440,1782475582936744486,1782475582936744486,,1782475582936803074,1782475582936803074,,0,1.000000000000,1.000000000000,1.000000000000,,0.525572045032,,1
361,315171,315171,315171,57718,,1782475582936597892,1782475582936855345,1782475582936855345,,1782475582936913063,1782475582936913063,,1,1.000000000000,1.000000000000,1.000000000000,,0.532409685754,,1
362,317309,317309,317309,58147,,1782475582936714492,1782475582936973654,1782475582936973654,,1782475582937031801,1782475582937031801,,3,1.000000000000,1.000000000000,1.000000000000,,0.530137962344,,1
363,317327,317327,317327,60228,,1782475582936831343,1782475582937088442,1782475582937088442,,1782475582937148670,1782475582937148670,,3,1.000000000000,1.000000000000,1.000000000000,,0.530118877721,,1
364,314284,314284,314284,57977,,1782475582936948234,1782475582937204541,1782475582937204541,,1782475582937262518,1782475582937262518,,1,1.000000000000,1.000000000000,1.000000000000,,0.533355018799,,1
365,341692,341692,341692,85627,,1782475582937064674,1782475582937320739,1782475582937320739,,1782475582937406366,1782475582937406366,,0,1.000000000000,1.000000000000,1.000000000000,,0.504905497945,,1
366,323971,323971,323971,61538,,1782475582937181295,1782475582937443728,1782475582937443728,,1782475582937505266,1782475582937505266,,1,1.000000000000,1.000000000000,1.000000000000,,0.523121253255,,1
367,322908,322908,322908,59618,,1782475582937298296,1782475582937561586,1782475582937561586,,1782475582937621204,1782475582937621204,,0,1.000000000000,1.000000000000,1.000000000000,,0.524234592100,,1
368,320036,320036,320036,62147,,1782475582937415026,1782475582937672915,1782475582937672915,,1782475582937735062,1782475582937735062,,1,1.000000000000,1.000000000000,1.000000000000,,0.527254460355,,1
369,319184,319184,319184,61087,,1782475582937532097,1782475582937790194,1782475582937790194,,1782475582937851281,1782475582937851281,,2,1.000000000000,1.000000000000,1.000000000000,,0.528153667863,,1
370,317402,317402,317402,58306,,1782475582937653117,1782475582937912213,1782475582937912213,,1782475582937970519,1782475582937970519,,2,1.000000000000,1.000000000000,1.000000000000,,0.530039365853,,1
371,316959,316959,316959,58466,,1782475582937770888,1782475582938029381,1782475582938029381,,1782475582938087847,1782475582938087847,,3,1.000000000000,1.000000000000,1.000000000000,,0.530509188832,,1
372,314126,314126,314126,58016,,1782475582937887670,1782475582938143780,1782475582938143780,,1782475582938201796,1782475582938201796,,0,1.000000000000,1.000000000000,1.000000000000,,0.533523585618,,1
373,327284,327284,327284,67386,,1782475582938004160,1782475582938264058,1782475582938264058,,1782475582938331444,1782475582938331444,,3,1.000000000000,1.000000000000,1.000000000000,,0.519666510035,,1
374,320331,320331,320331,60705,,1782475582938120351,1782475582938379977,1782475582938379977,,1782475582938440682,1782475582938440682,,2,1.000000000000,1.000000000000,1.000000000000,,0.526943471974,,1
375,318709,318709,318709,60335,,1782475582938237472,1782475582938495846,1782475582938495846,,1782475582938556181,1782475582938556181,,3,1.000000000000,1.000000000000,1.000000000000,,0.528655652252,,1
376,315207,315207,315207,58095,,1782475582938354302,1782475582938611414,1782475582938611414,,1782475582938669509,1782475582938669509,,1,1.000000000000,1.000000000000,1.000000000000,,0.532371353637,,1
377,318095,318095,318095,58565,,1782475582938471173,1782475582938730703,1782475582938730703,,1782475582938789268,1782475582938789268,,0,1.000000000000,1.000000000000,1.000000000000,,0.529305240158,,1
378,316462,316462,316462,58185,,1782475582938590314,1782475582938848591,1782475582938848591,,1782475582938906776,1782475582938906776,,2,1.000000000000,1.000000000000,1.000000000000,,0.531036777134,,1
379,315120,315120,315120,57964,,1782475582938707004,1782475582938964160,1782475582938964160,,1782475582939022124,1782475582939022124,,3,1.000000000000,1.000000000000,1.000000000000,,0.532463994312,,1
380,317208,317208,317208,58105,,1782475582938823495,1782475582939082598,1782475582939082598,,1782475582939140703,1782475582939140703,,2,1.000000000000,1.000000000000,1.000000000000,,0.530245061029,,1
381,314776,314776,314776,58164,,1782475582938939795,1782475582939196407,1782475582939196407,,1782475582939254571,1782475582939254571,,2,1.000000000000,1.000000000000,1.000000000000,,0.532830455588,,1
382,316122,316122,316122,60704,,1782475582939056007,1782475582939311425,1782475582939311425,,1782475582939372129,1782475582939372129,,2,1.000000000000,1.000000000000,1.000000000000,,0.531398004946,,1
383,322750,322750,322750,60544,,1782475582939172588,1782475582939434794,1782475582939434794,,1782475582939495338,1782475582939495338,,2,1.000000000000,1.000000000000,1.000000000000,,0.524400276407,,1
384,320118,320118,320118,59064,,1782475582939289428,1782475582939550482,1782475582939550482,,1782475582939609546,1782475582939609546,,1,1.000000000000,1.000000000000,1.000000000000,,0.527167997714,,1
385,315965,315965,315965,58503,,1782475582939406339,1782475582939663801,1782475582939663801,,1782475582939722304,1782475582939722304,,0,1.000000000000,1.000000000000,1.000000000000,,0.531564890119,,1
386,315933,315933,315933,57994,,1782475582939522980,1782475582939780919,1782475582939780919,,1782475582939838913,1782475582939838913,,2,1.000000000000,1.000000000000,1.000000000000,,0.531598911360,,1
387,315611,315611,315611,57913,,1782475582939642050,1782475582939899748,1782475582939899748,,1782475582939957661,1782475582939957661,,0,1.000000000000,1.000000000000,1.000000000000,,0.531941371320,,1
388,331618,331618,331618,67233,,1782475582939758771,1782475582940023156,1782475582940023156,,1782475582940090389,1782475582940090389,,0,1.000000000000,1.000000000000,1.000000000000,,0.515181506812,,1
389,318037,318037,318037,60493,,1782475582939873271,1782475582940130815,1782475582940130815,,1782475582940191308,1782475582940191308,,1,1.000000000000,1.000000000000,1.000000000000,,0.529366643128,,1
390,316074,316074,316074,58833,,1782475582939989962,1782475582940247203,1782475582940247203,,1782475582940306036,1782475582940306036,,3,1.000000000000,1.000000000000,1.000000000000,,0.531449021603,,1
391,322051,322051,322051,60022,,1782475582940106923,1782475582940368952,1782475582940368952,,1782475582940428974,1782475582940428974,,2,1.000000000000,1.000000000000,1.000000000000,,0.525133900678,,1
392,330660,330660,330660,71554,,1782475582940223374,1782475582940482480,1782475582940482480,,1782475582940554034,1782475582940554034,,0,1.000000000000,1.000000000000,1.000000000000,,0.516169540813,,1
393,319567,319567,319567,61873,,1782475582940340375,1782475582940598069,1782475582940598069,,1782475582940659942,1782475582940659942,,3,1.000000000000,1.000000000000,1.000000000000,,0.527749257062,,1
394,317175,317175,317175,59303,,1782475582940456806,1782475582940714678,1782475582940714678,,1782475582940773981,1782475582940773981,,1,1.000000000000,1.000000000000,1.000000000000,,0.530280058358,,1
395,326293,326293,326293,58092,,1782475582940573456,1782475582940841657,1782475582940841657,,1782475582940899749,1782475582940899749,,3,1.000000000000,1.000000000000,1.000000000000,,0.520697510442,,1
396,316200,316200,316200,58281,,1782475582940690367,1782475582940948286,1782475582940948286,,1782475582941006567,1782475582941006567,,2,1.000000000000,1.000000000000,1.000000000000,,0.531315113323,,1
397,315178,315178,315178,58942,,1782475582940807008,1782475582941063244,1782475582941063244,,1782475582941122186,1782475582941122186,,1,1.000000000000,1.000000000000,1.000000000000,,0.532402232071,,1
398,316326,316326,316326,59361,,1782475582940923428,1782475582941180393,1782475582941180393,,1782475582941239754,1782475582941239754,,3,1.000000000000,1.000000000000,1.000000000000,,0.531181238783,,1
399,321503,321503,321503,58831,,1782475582941039929,1782475582941302601,1782475582941302601,,1782475582941361432,1782475582941361432,,0,1.000000000000,1.000000000000,1.000000000000,,0.525709762948,,1
400,320042,320042,320042,59651,,1782475582941156259,1782475582941416650,1782475582941416650,,1782475582941476301,1782475582941476301,,0,1.000000000000,1.000000000000,1.000000000000,,0.527248133340,,1
401,321039,321039,321039,62991,,1782475582941273030,1782475582941531078,1782475582941531078,,1782475582941594069,1782475582941594069,,1,1.000000000000,1.000000000000,1.000000000000,,0.526197848044,,1
402,317305,317305,317305,58590,,1782475582941392432,1782475582941651147,1782475582941651147,,1782475582941709737,1782475582941709737,,2,1.000000000000,1.000000000000,1.000000000000,,0.530142203465,,1
403,318734,318734,318734,60631,,1782475582941510272,1782475582941768375,1782475582941768375,,1782475582941829006,1782475582941829006,,2,1.000000000000,1.000000000000,1.000000000000,,0.528629220130,,1
404,315961,315961,315961,58540,,1782475582941627413,1782475582941884834,1782475582941884834,,1782475582941943374,1782475582941943374,,0,1.000000000000,1.000000000000,1.000000000000,,0.531569142655,,1
405,317308,317308,317308,59020,,1782475582941744034,1782475582942002322,1782475582942002322,,1782475582942061342,1782475582942061342,,0,1.000000000000,1.000000000000,1.000000000000,,0.530139022621,,1
406,317987,317987,317987,59360,,1782475582941860464,1782475582942119091,1782475582942119091,,1782475582942178451,1782475582942178451,,0,1.000000000000,1.000000000000,1.000000000000,,0.529419582439,,1
407,317904,317904,317904,58850,,1782475582941977315,1782475582942236369,1782475582942236369,,1782475582942295219,1782475582942295219,,2,1.000000000000,1.000000000000,1.000000000000,,0.529507473384,,1
408,325951,325951,325951,64319,,1782475582942094436,1782475582942356068,1782475582942356068,,1782475582942420387,1782475582942420387,,2,1.000000000000,1.000000000000,1.000000000000,,0.521053789373,,1
409,318020,318020,318020,58430,,1782475582942211626,1782475582942471216,1782475582942471216,,1782475582942529646,1782475582942529646,,1,1.000000000000,1.000000000000,1.000000000000,,0.529384641900,,1
410,315147,315147,315147,57789,,1782475582942328437,1782475582942585795,1782475582942585795,,1782475582942643584,1782475582942643584,,3,1.000000000000,1.000000000000,1.000000000000,,0.532435242033,,1
411,316245,316245,316245,58670,,1782475582942445238,1782475582942702813,1782475582942702813,,1782475582942761483,1782475582942761483,,2,1.000000000000,1.000000000000,1.000000000000,,0.531267297114,,1
412,315443,315443,315443,57699,,1782475582942561908,1782475582942819652,1782475582942819652,,1782475582942877351,1782475582942877351,,2,1.000000000000,1.000000000000,1.000000000000,,0.532120133651,,1
413,320409,320409,320409,59409,,1782475582942678540,1782475582942939540,1782475582942939540,,1782475582942998949,1782475582942998949,,0,1.000000000000,1.000000000000,1.000000000000,,0.526861275204,,1
414,314928,314928,314928,57929,,1782475582942795110,1782475582943052109,1782475582943052109,,1782475582943110038,1782475582943110038,,1,1.000000000000,1.000000000000,1.000000000000,,0.532668499748,,1
415,317605,317605,317605,57958,,1782475582942911721,1782475582943171368,1782475582943171368,,1782475582943229326,1782475582943229326,,2,1.000000000000,1.000000000000,1.000000000000,,0.529824213549,,1
416,318373,318373,318373,56709,,1782475582943028262,1782475582943289926,1782475582943289926,,1782475582943346635,1782475582943346635,,2,1.000000000000,1.000000000000,1.000000000000,,0.529011028243,,1
417,325901,325901,325901,61848,,1782475582943142172,1782475582943406225,1782475582943406225,,1782475582943468073,1782475582943468073,,3,1.000000000000,1.000000000000,1.000000000000,,0.521105897357,,1
418,315199,315199,315199,58989,,1782475582943262973,1782475582943519183,1782475582943519183,,1782475582943578172,1782475582943578172,,1,1.000000000000,1.000000000000,1.000000000000,,0.532379871647,,1
419,315737,315737,315737,58949,,1782475582943379644,1782475582943636432,1782475582943636432,,1782475582943695381,1782475582943695381,,0,1.000000000000,1.000000000000,1.000000000000,,0.531807338983,,1
420,325495,325495,325495,57988,,1782475582943498604,1782475582943766111,1782475582943766111,,1782475582943824099,1782475582943824099,,1,1.000000000000,1.000000000000,1.000000000000,,0.521529207186,,1
421,322602,322602,322602,58107,,1782475582943615465,1782475582943879960,1782475582943879960,,1782475582943938067,1782475582943938067,,0,1.000000000000,1.000000000000,1.000000000000,,0.524555521864,,1
422,315650,315650,315650,58118,,1782475582943729556,1782475582943987088,1782475582943987088,,1782475582944045206,1782475582944045206,,0,1.000000000000,1.000000000000,1.000000000000,,0.531899881511,,1
423,318287,318287,318287,59517,,1782475582943846517,1782475582944105287,1782475582944105287,,1782475582944164804,1782475582944164804,,0,1.000000000000,1.000000000000,1.000000000000,,0.529102025966,,1
424,318794,318794,318794,58487,,1782475582943963088,1782475582944223395,1782475582944223395,,1782475582944281882,1782475582944281882,,3,1.000000000000,1.000000000000,1.000000000000,,0.528565788430,,1
425,334693,334693,334693,71367,,1782475582944080468,1782475582944343794,1782475582944343794,,1782475582944415161,1782475582944415161,,0,1.000000000000,1.000000000000,1.000000000000,,0.512022863329,,1
426,317070,317070,317070,58757,,1782475582944197019,1782475582944455332,1782475582944455332,,1782475582944514089,1782475582944514089,,1,1.000000000000,1.000000000000,1.000000000000,,0.530391428864,,1
427,315818,315818,315818,59497,,1782475582944313830,1782475582944570151,1782475582944570151,,1782475582944629648,1782475582944629648,,3,1.000000000000,1.000000000000,1.000000000000,,0.531721193172,,1
428,321466,321466,321466,63416,,1782475582944430500,1782475582944688550,1782475582944688550,,1782475582944751966,1782475582944751966,,0,1.000000000000,1.000000000000,1.000000000000,,0.525748666910,,1
429,319883,319883,319883,62636,,1782475582944547321,1782475582944804568,1782475582944804568,,1782475582944867204,1782475582944867204,,3,1.000000000000,1.000000000000,1.000000000000,,0.527415824908,,1
430,315521,315521,315521,58666,,1782475582944663782,1782475582944920637,1782475582944920637,,1782475582944979303,1782475582944979303,,0,1.000000000000,1.000000000000,1.000000000000,,0.532037129384,,1
431,321749,321749,321749,58256,,1782475582944780652,1782475582945044145,1782475582945044145,,1782475582945102401,1782475582945102401,,3,1.000000000000,1.000000000000,1.000000000000,,0.525451177362,,1
432,315327,315327,315327,58306,,1782475582944897633,1782475582945154654,1782475582945154654,,1782475582945212960,1782475582945212960,,2,1.000000000000,1.000000000000,1.000000000000,,0.532243599843,,1
433,315303,315303,315303,59056,,1782475582945014805,1782475582945271052,1782475582945271052,,1782475582945330108,1782475582945330108,,0,1.000000000000,1.000000000000,1.000000000000,,0.532269148149,,1
434,333031,333031,333031,69625,,1782475582945131035,1782475582945394441,1782475582945394441,,1782475582945464066,1782475582945464066,,3,1.000000000000,1.000000000000,1.000000000000,,0.513727659128,,1
435,325588,325588,325588,62175,,1782475582945252056,1782475582945515469,1782475582945515469,,1782475582945577644,1782475582945577644,,1,1.000000000000,1.000000000000,1.000000000000,,0.521432211774,,1
436,318726,318726,318726,60455,,1782475582945368727,1782475582945626998,1782475582945626998,,1782475582945687453,1782475582945687453,,1,1.000000000000,1.000000000000,1.000000000000,,0.528637678266,,1
437,321314,321314,321314,61215,,1782475582945487597,1782475582945747696,1782475582945747696,,1782475582945808911,1782475582945808911,,0,1.000000000000,1.000000000000,1.000000000000,,0.525908518801,,1
438,318652,318652,318652,60105,,1782475582945604428,1782475582945862975,1782475582945862975,,1782475582945923080,1782475582945923080,,3,1.000000000000,1.000000000000,1.000000000000,,0.528715922432,,1
439,317920,317920,317920,58705,,1782475582945721488,1782475582945980703,1782475582945980703,,1782475582946039408,1782475582946039408,,0,1.000000000000,1.000000000000,1.000000000000,,0.529490529416,,1
440,316557,316557,316557,58774,,1782475582945838529,1782475582946096312,1782475582946096312,,1782475582946155086,1782475582946155086,,1,1.000000000000,1.000000000000,1.000000000000,,0.530935889731,,1
441,317285,317285,317285,59295,,1782475582945955470,1782475582946213460,1782475582946213460,,1782475582946272755,1782475582946272755,,3,1.000000000000,1.000000000000,1.000000000000,,0.530163409577,,1
442,326333,326333,326333,58954,,1782475582946071890,1782475582946339269,1782475582946339269,,1782475582946398223,1782475582946398223,,1,1.000000000000,1.000000000000,1.000000000000,,0.520655856307,,1
443,319721,319721,319721,59474,,1782475582946189511,1782475582946449758,1782475582946449758,,1782475582946509232,1782475582946509232,,1,1.000000000000,1.000000000000,1.000000000000,,0.527586735321,,1
444,321588,321588,321588,58365,,1782475582946306323,1782475582946569546,1782475582946569546,,1782475582946627911,1782475582946627911,,2,1.000000000000,1.000000000000,1.000000000000,,0.525620399884,,1
445,316726,316726,316726,58644,,1782475582946420673,1782475582946678755,1782475582946678755,,1782475582946737399,1782475582946737399,,1,1.000000000000,1.000000000000,1.000000000000,,0.530756463725,,1
446,318023,318023,318023,58753,,1782475582946544324,1782475582946803594,1782475582946803594,,1782475582946862347,1782475582946862347,,2,1.000000000000,1.000000000000,1.000000000000,,0.529381465601,,1
447,319901,319901,319901,58633,,1782475582946661465,1782475582946922733,1782475582946922733,,1782475582946981366,1782475582946981366,,2,1.000000000000,1.000000000000,1.000000000000,,0.527396838280,,1
448,316389,316389,316389,59073,,1782475582946778635,1782475582947035951,1782475582947035951,,1782475582947095024,1782475582947095024,,0,1.000000000000,1.000000000000,1.000000000000,,0.531114314163,,1
449,318196,318196,318196,60632,,1782475582946895966,1782475582947153530,1782475582947153530,,1782475582947214162,1782475582947214162,,1,1.000000000000,1.000000000000,1.000000000000,,0.529198331298,,1
450,314894,314894,314894,57333,,1782475582947012307,1782475582947269868,1782475582947269868,,1782475582947327201,1782475582947327201,,2,1.000000000000,1.000000000000,1.000000000000,,0.532704722438,,1
451,318472,318472,318472,58252,,1782475582947128977,1782475582947389197,1782475582947389197,,1782475582947447449,1782475582947447449,,0,1.000000000000,1.000000000000,1.000000000000,,0.528906294429,,1
452,319650,319650,319650,60793,,1782475582947245358,1782475582947504215,1782475582947504215,,1782475582947565008,1782475582947565008,,0,1.000000000000,1.000000000000,1.000000000000,,0.527661657957,,1
453,321968,321968,321968,63042,,1782475582947363038,1782475582947621964,1782475582947621964,,1782475582947685006,1782475582947685006,,1,1.000000000000,1.000000000000,1.000000000000,,0.525221080141,,1
454,317104,317104,317104,57852,,1782475582947482230,1782475582947741482,1782475582947741482,,1782475582947799334,1782475582947799334,,2,1.000000000000,1.000000000000,1.000000000000,,0.530355363473,,1
455,314642,314642,314642,57832,,1782475582947600191,1782475582947857001,1782475582947857001,,1782475582947914833,1782475582947914833,,0,1.000000000000,1.000000000000,1.000000000000,,0.532973273287,,1
456,316810,316810,316810,58512,,1782475582947716491,1782475582947974789,1782475582947974789,,1782475582948033301,1782475582948033301,,0,1.000000000000,1.000000000000,1.000000000000,,0.530667304128,,1
457,322497,322497,322497,62291,,1782475582947833262,1782475582948093468,1782475582948093468,,1782475582948155759,1782475582948155759,,3,1.000000000000,1.000000000000,1.000000000000,,0.524665690091,,1
458,326035,326035,326035,67062,,1782475582947952583,1782475582948211556,1782475582948211556,,1782475582948278618,1782475582948278618,,3,1.000000000000,1.000000000000,1.000000000000,,0.520966259689,,1
459,322833,322833,322833,65451,,1782475582948069343,1782475582948326725,1782475582948326725,,1782475582948392176,1782475582948392176,,3,1.000000000000,1.000000000000,1.000000000000,,0.524313233186,,1
460,318650,318650,318650,59460,,1782475582948186184,1782475582948445374,1782475582948445374,,1782475582948504834,1782475582948504834,,0,1.000000000000,1.000000000000,1.000000000000,,0.528718037300,,1
461,316568,316568,316568,59191,,1782475582948303525,1782475582948560902,1782475582948560902,,1782475582948620093,1782475582948620093,,1,1.000000000000,1.000000000000,1.000000000000,,0.530924209269,,1
462,317196,317196,317196,60600,,1782475582948419975,1782475582948676571,1782475582948676571,,1782475582948737171,1782475582948737171,,0,1.000000000000,1.000000000000,1.000000000000,,0.530257787063,,1
463,321893,321893,321893,59450,,1782475582948536916,1782475582948799359,1782475582948799359,,1782475582948858809,1782475582948858809,,3,1.000000000000,1.000000000000,1.000000000000,,0.525299869212,,1
464,319210,319210,319210,58680,,1782475582948653658,1782475582948914188,1782475582948914188,,1782475582948972868,1782475582948972868,,1,1.000000000000,1.000000000000,1.000000000000,,0.528126204586,,1
465,316258,316258,316258,58690,,1782475582948770098,1782475582949027666,1782475582949027666,,1782475582949086356,1782475582949086356,,3,1.000000000000,1.000000000000,1.000000000000,,0.531253484344,,1
466,315356,315356,315356,57940,,1782475582948886749,1782475582949144165,1782475582949144165,,1782475582949202105,1782475582949202105,,1,1.000000000000,1.000000000000,1.000000000000,,0.532212730610,,1
467,317754,317754,317754,58410,,1782475582949003449,1782475582949262793,1782475582949262793,,1782475582949321203,1782475582949321203,,2,1.000000000000,1.000000000000,1.000000000000,,0.529666349457,,1
468,319121,319121,319121,59849,,1782475582949119780,1782475582949379052,1782475582949379052,,1782475582949438901,1782475582949438901,,2,1.000000000000,1.000000000000,1.000000000000,,0.528220219418,,1
469,314550,314550,314550,58021,,1782475582949236381,1782475582949492910,1782475582949492910,,1782475582949550931,1782475582949550931,,0,1.000000000000,1.000000000000,1.000000000000,,0.533071349392,,1
470,315368,315368,315368,57850,,1782475582949355391,1782475582949612909,1782475582949612909,,1782475582949670759,1782475582949670759,,1,1.000000000000,1.000000000000,1.000000000000,,0.532199957657,,1
471,318195,318195,318195,58059,,1782475582949472412,1782475582949732548,1782475582949732548,,1782475582949790607,1782475582949790607,,3,1.000000000000,1.000000000000,1.000000000000,,0.529199389696,,1
472,322303,322303,322303,58329,,1782475582949588793,1782475582949852767,1782475582949852767,,1782475582949911096,1782475582949911096,,1,1.000000000000,1.000000000000,1.000000000000,,0.524869299877,,1
473,320241,320241,320241,63088,,1782475582949703433,1782475582949960586,1782475582949960586,,1782475582950023674,1782475582950023674,,1,1.000000000000,1.000000000000,1.000000000000,,0.527038330336,,1
474,315737,315737,315737,57478,,1782475582949820095,1782475582950078354,1782475582950078354,,1782475582950135832,1782475582950135832,,3,1.000000000000,1.000000000000,1.000000000000,,0.531807338983,,1
475,328775,328775,328775,59389,,1782475582949936886,1782475582950206272,1782475582950206272,,1782475582950265661,1782475582950265661,,1,1.000000000000,1.000000000000,1.000000000000,,0.518119172729,,1
476,317353,317353,317353,59338,,1782475582950053606,1782475582950311621,1782475582950311621,,1782475582950370959,1782475582950370959,,1,1.000000000000,1.000000000000,1.000000000000,,0.530091312256,,1
477,316770,316770,316770,58887,,1782475582950170057,1782475582950427940,1782475582950427940,,1782475582950486827,1782475582950486827,,3,1.000000000000,1.000000000000,1.000000000000,,0.530709759211,,1
478,320748,320748,320748,62118,,1782475582950286498,1782475582950545128,1782475582950545128,,1782475582950607246,1782475582950607246,,0,1.000000000000,1.000000000000,1.000000000000,,0.526504184327,,1
479,317676,317676,317676,59067,,1782475582950406048,1782475582950664657,1782475582950664657,,1782475582950723724,1782475582950723724,,3,1.000000000000,1.000000000000,1.000000000000,,0.529748983852,,1
480,314804,314804,314804,58408,,1782475582950522629,1782475582950779025,1782475582950779025,,1782475582950837433,1782475582950837433,,2,1.000000000000,1.000000000000,1.000000000000,,0.532800617918,,1
481,315322,315322,315322,58547,,1782475582950639159,1782475582950895934,1782475582950895934,,1782475582950954481,1782475582950954481,,2,1.000000000000,1.000000000000,1.000000000000,,0.532248922306,,1
482,318109,318109,318109,58607,,1782475582950755640,1782475582951015142,1782475582951015142,,1782475582951073749,1782475582951073749,,3,1.000000000000,1.000000000000,1.000000000000,,0.529290419819,,1
483,316637,316637,316637,59407,,1782475582950872351,1782475582951129581,1782475582951129581,,1782475582951188988,1782475582951188988,,3,1.000000000000,1.000000000000,1.000000000000,,0.530850946784,,1
484,316255,316255,316255,58347,,1782475582950989521,1782475582951247429,1782475582951247429,,1782475582951305776,1782475582951305776,,2,1.000000000000,1.000000000000,1.000000000000,,0.531256671874,,1
485,321951,321951,321951,62966,,1782475582951106003,1782475582951364988,1782475582951364988,,1782475582951427954,1782475582951427954,,0,1.000000000000,1.000000000000,1.000000000000,,0.525238937961,,1
486,316479,316479,316479,58596,,1782475582951222574,1782475582951480457,1782475582951480457,,1782475582951539053,1782475582951539053,,2,1.000000000000,1.000000000000,1.000000000000,,0.531018722190,,1
487,313647,313647,313647,57506,,1782475582951341974,1782475582951598115,1782475582951598115,,1782475582951655621,1782475582951655621,,2,1.000000000000,1.000000000000,1.000000000000,,0.534034946115,,1
488,314924,314924,314924,58435,,1782475582951459145,1782475582951715634,1782475582951715634,,1782475582951774069,1782475582951774069,,1,1.000000000000,1.000000000000,1.000000000000,,0.532672761113,,1
489,317022,317022,317022,58116,,1782475582951575756,1782475582951834662,1782475582951834662,,1782475582951892778,1782475582951892778,,0,1.000000000000,1.000000000000,1.000000000000,,0.530442348885,,1
490,315640,315640,315640,57635,,1782475582951692096,1782475582951950101,1782475582951950101,,1782475582952007736,1782475582952007736,,1,1.000000000000,1.000000000000,1.000000000000,,0.531910519615,,1
491,325267,325267,325267,69415,,1782475582951808617,1782475582952064469,1782475582952064469,,1782475582952133884,1782475582952133884,,2,1.000000000000,1.000000000000,1.000000000000,,0.521767078735,,1
492,330586,330586,330586,57295,,1782475582951925197,1782475582952198488,1782475582952198488,,1782475582952255783,1782475582952255783,,1,1.000000000000,1.000000000000,1.000000000000,,0.516245939558,,1
493,327683,327683,327683,67945,,1782475582952056718,1782475582952316456,1782475582952316456,,1782475582952384401,1782475582952384401,,1,1.000000000000,1.000000000000,1.000000000000,,0.519251981579,,1
494,317830,317830,317830,58964,,1782475582952173539,1782475582952432405,1782475582952432405,,1782475582952491369,1782475582952491369,,2,1.000000000000,1.000000000000,1.000000000000,,0.529585846290,,1
495,317959,317959,317959,58016,,1782475582952290480,1782475582952550423,1782475582952550423,,1782475582952608439,1782475582952608439,,2,1.000000000000,1.000000000000,1.000000000000,,0.529449230766,,1
496,314676,314676,314676,57595,,1782475582952411941,1782475582952669022,1782475582952669022,,1782475582952726617,1782475582952726617,,3,1.000000000000,1.000000000000,1.000000000000,,0.532937032337,,1
497,316913,316913,316913,59064,,1782475582952528962,1782475582952786811,1782475582952786811,,1782475582952845875,1782475582952845875,,1,1.000000000000,1.000000000000,1.000000000000,,0.530557997922,,1
498,316942,316942,316942,59034,,1782475582952645372,1782475582952903280,1782475582952903280,,1782475582952962314,1782475582952962314,,0,1.000000000000,1.000000000000,1.000000000000,,0.530527226451,,1
499,315909,315909,315909,58564,,1782475582952761933,1782475582953019278,1782475582953019278,,1782475582953077842,1782475582953077842,,3,1.000000000000,1.000000000000,1.000000000000,,0.531624428721,,1
500,323716,323716,323716,58883,,1782475582952878774,1782475582953143607,1782475582953143607,,1782475582953202490,1782475582953202490,,2,1.000000000000,1.000000000000,1.000000000000,,0.523388113138,,1
501,316555,316555,316555,58584,,1782475582952993024,1782475582953250995,1782475582953250995,,1782475582953309579,1782475582953309579,,3,1.000000000000,1.000000000000,1.000000000000,,0.530938013478,,1
502,317692,317692,317692,59363,,1782475582953109825,1782475582953368154,1782475582953368154,,1782475582953427517,1782475582953427517,,2,1.000000000000,1.000000000000,1.000000000000,,0.529732032156,,1
503,316540,316540,316540,58413,,1782475582953226855,1782475582953484982,1782475582953484982,,1782475582953543395,1782475582953543395,,3,1.000000000000,1.000000000000,1.000000000000,,0.530953941858,,1
504,317618,317618,317618,58383,,1782475582953345966,1782475582953605201,1782475582953605201,,1782475582953663584,1782475582953663584,,3,1.000000000000,1.000000000000,1.000000000000,,0.529810438299,,1
505,316344,316344,316344,58992,,1782475582953462728,1782475582953720080,1782475582953720080,,1782475582953779072,1782475582953779072,,3,1.000000000000,1.000000000000,1.000000000000,,0.531162116602,,1
506,315753,315753,315753,57843,,1782475582953579158,1782475582953837068,1782475582953837068,,1782475582953894911,1782475582953894911,,0,1.000000000000,1.000000000000,1.000000000000,,0.531790321420,,1
507,316420,316420,316420,59492,,1782475582953695559,1782475582953952487,1782475582953952487,,1782475582954011979,1782475582954011979,,2,1.000000000000,1.000000000000,1.000000000000,,0.531081386096,,1
508,316137,316137,316137,58142,,1782475582953812080,1782475582954070075,1782475582954070075,,1782475582954128217,1782475582954128217,,3,1.000000000000,1.000000000000,1.000000000000,,0.531382063245,,1
509,323365,323365,323365,65651,,1782475582953928500,1782475582954186214,1782475582954186214,,1782475582954251865,1782475582954251865,,0,1.000000000000,1.000000000000,1.000000000000,,0.523755660587,,1
510,316313,316313,316313,57912,,1782475582954045201,1782475582954303602,1782475582954303602,,1782475582954361514,1782475582954361514,,3,1.000000000000,1.000000000000,1.000000000000,,0.531195049675,,1
511,321531,321531,321531,59241,,1782475582954161611,1782475582954423901,1782475582954423901,,1782475582954483142,1782475582954483142,,1,1.000000000000,1.000000000000,1.000000000000,,0.525680324025,,1
512,319759,319759,319759,59552,,1782475582954278032,1782475582954538239,1782475582954538239,,1782475582954597791,1782475582954597791,,0,1.000000000000,1.000000000000,1.000000000000,,0.527546640253,,1
513,324296,324296,324296,66011,,1782475582954397843,1782475582954656128,1782475582954656128,,1782475582954722139,1782475582954722139,,3,1.000000000000,1.000000000000,1.000000000000,,0.522781334926,,1
514,318664,318664,318664,60161,,1782475582954514603,1782475582954773106,1782475582954773106,,1782475582954833267,1782475582954833267,,0,1.000000000000,1.000000000000,1.000000000000,,0.528703233402,,1
515,315501,315501,315501,57821,,1782475582954630755,1782475582954888435,1782475582954888435,,1782475582954946256,1782475582954946256,,2,1.000000000000,1.000000000000,1.000000000000,,0.532058411295,,1
516,314348,314348,314348,57341,,1782475582954747096,1782475582955004103,1782475582955004103,,1782475582955061444,1782475582955061444,,3,1.000000000000,1.000000000000,1.000000000000,,0.533286753726,,1
517,313596,313596,313596,57140,,1782475582954863416,1782475582955119872,1782475582955119872,,1782475582955177012,1782475582955177012,,0,1.000000000000,1.000000000000,1.000000000000,,0.534089420458,,1
518,317004,317004,317004,59021,,1782475582954979677,1782475582955237660,1782475582955237660,,1782475582955296681,1782475582955296681,,1,1.000000000000,1.000000000000,1.000000000000,,0.530461445153,,1
519,321962,321962,321962,58230,,1782475582955095847,1782475582955359579,1782475582955359579,,1782475582955417809,1782475582955417809,,2,1.000000000000,1.000000000000,1.000000000000,,0.525227382832,,1
520,315381,315381,315381,58422,,1782475582955212488,1782475582955469447,1782475582955469447,,1782475582955527869,1782475582955527869,,1,1.000000000000,1.000000000000,1.000000000000,,0.532186120638,,1
521,315338,315338,315338,57961,,1782475582955329189,1782475582955586566,1782475582955586566,,1782475582955644527,1782475582955644527,,1,1.000000000000,1.000000000000,1.000000000000,,0.532231890613,,1
522,316156,316156,316156,58201,,1782475582955448589,1782475582955706544,1782475582955706544,,1782475582955764745,1782475582955764745,,2,1.000000000000,1.000000000000,1.000000000000,,0.531361871110,,1
523,316594,316594,316594,58150,,1782475582955565000,1782475582955823444,1782475582955823444,,1782475582955881594,1782475582955881594,,2,1.000000000000,1.000000000000,1.000000000000,,0.530896601928,,1
524,323141,323141,323141,65479,,1782475582955681621,1782475582955939283,1782475582955939283,,1782475582956004762,1782475582956004762,,3,1.000000000000,1.000000000000,1.000000000000,,0.523990355691,,1
525,318668,318668,318668,59279,,1782475582955797952,1782475582956057341,1782475582956057341,,1782475582956116620,1782475582956116620,,1,1.000000000000,1.000000000000,1.000000000000,,0.528699003793,,1
526,316216,316216,316216,58169,,1782475582955914823,1782475582956172870,1782475582956172870,,1782475582956231039,1782475582956231039,,3,1.000000000000,1.000000000000,1.000000000000,,0.531298111511,,1
527,317783,317783,317783,56699,,1782475582956031334,1782475582956292418,1782475582956292418,,1782475582956349117,1782475582956349117,,2,1.000000000000,1.000000000000,1.000000000000,,0.529635629699,,1
528,324171,324171,324171,58849,,1782475582956152234,1782475582956417556,1782475582956417556,,1782475582956476405,1782475582956476405,,3,1.000000000000,1.000000000000,1.000000000000,,0.522912046598,,1
529,317629,317629,317629,58799,,1782475582956265865,1782475582956524695,1782475582956524695,,1782475582956583494,1782475582956583494,,1,1.000000000000,1.000000000000,1.000000000000,,0.529798782597,,1
530,315657,315657,315657,58578,,1782475582956382405,1782475582956639484,1782475582956639484,,1782475582956698062,1782475582956698062,,0,1.000000000000,1.000000000000,1.000000000000,,0.531892434964,,1
531,315194,315194,315194,58068,,1782475582956499346,1782475582956756472,1782475582956756472,,1782475582956814540,1782475582956814540,,3,1.000000000000,1.000000000000,1.000000000000,,0.532385195472,,1
532,317202,317202,317202,58088,,1782475582956615717,1782475582956874831,1782475582956874831,,1782475582956932919,1782475582956932919,,2,1.000000000000,1.000000000000,1.000000000000,,0.530251424008,,1
533,320910,320910,320910,63428,,1782475582956732067,1782475582956989549,1782475582956989549,,1782475582957052977,1782475582957052977,,1,1.000000000000,1.000000000000,1.000000000000,,0.526333624603,,1
534,321677,321677,321677,58337,,1782475582956848218,1782475582957111558,1782475582957111558,,1782475582957169895,1782475582957169895,,2,1.000000000000,1.000000000000,1.000000000000,,0.525526847779,,1
535,313925,313925,313925,58428,,1782475582956964459,1782475582957219956,1782475582957219956,,1782475582957278384,1782475582957278384,,3,1.000000000000,1.000000000000,1.000000000000,,0.533738105215,,1
536,324062,324062,324062,59487,,1782475582957083690,1782475582957348265,1782475582957348265,,1782475582957407752,1782475582957407752,,0,1.000000000000,1.000000000000,1.000000000000,,0.523026053851,,1
537,314950,314950,314950,56748,,1782475582957200221,1782475582957458423,1782475582957458423,,1782475582957515171,1782475582957515171,,2,1.000000000000,1.000000000000,1.000000000000,,0.532645062850,,1
538,317537,317537,317537,58937,,1782475582957316862,1782475582957575462,1782475582957575462,,1782475582957634399,1782475582957634399,,2,1.000000000000,1.000000000000,1.000000000000,,0.529896274542,,1
539,318255,318255,318255,59897,,1782475582957433502,1782475582957691860,1782475582957691860,,1782475582957751757,1782475582957751757,,3,1.000000000000,1.000000000000,1.000000000000,,0.529135889579,,1
540,316233,316233,316233,57577,,1782475582957550453,1782475582957809109,1782475582957809109,,1782475582957866686,1782475582957866686,,0,1.000000000000,1.000000000000,1.000000000000,,0.531280047682,,1
541,320081,320081,320081,62577,,1782475582957666743,1782475582957924247,1782475582957924247,,1782475582957986824,1782475582957986824,,3,1.000000000000,1.000000000000,1.000000000000,,0.527207009589,,1
542,314438,314438,314438,57846,,1782475582957784244,1782475582958040836,1782475582958040836,,1782475582958098682,1782475582958098682,,0,1.000000000000,1.000000000000,1.000000000000,,0.533190770749,,1
543,318986,318986,318986,58727,,1782475582957900805,1782475582958161064,1782475582958161064,,1782475582958219791,1782475582958219791,,2,1.000000000000,1.000000000000,1.000000000000,,0.528362858132,,1
544,316354,316354,316354,58536,,1782475582958017275,1782475582958275093,1782475582958275093,,1782475582958333629,1782475582958333629,,2,1.000000000000,1.000000000000,1.000000000000,,0.531151493466,,1
545,323931,323931,323931,59956,,1782475582958137176,1782475582958401151,1782475582958401151,,1782475582958461107,1782475582958461107,,0,1.000000000000,1.000000000000,1.000000000000,,0.523163104630,,1
546,318809,318809,318809,61337,,1782475582958259458,1782475582958516930,1782475582958516930,,1782475582958578267,1782475582958578267,,3,1.000000000000,1.000000000000,1.000000000000,,0.528549931694,,1
547,317677,317677,317677,57457,,1782475582958375728,1782475582958635948,1782475582958635948,,1782475582958693405,1782475582958693405,,0,1.000000000000,1.000000000000,1.000000000000,,0.529747924355,,1
548,316844,316844,316844,57645,,1782475582958492209,1782475582958751408,1782475582958751408,,1782475582958809053,1782475582958809053,,2,1.000000000000,1.000000000000,1.000000000000,,0.530631219978,,1
549,314482,314482,314482,56425,,1782475582958608710,1782475582958866767,1782475582958866767,,1782475582958923192,1782475582958923192,,2,1.000000000000,1.000000000000,1.000000000000,,0.533143852026,,1
550,316660,316660,316660,59875,,1782475582958724910,1782475582958981695,1782475582958981695,,1782475582959041570,1782475582959041570,,2,1.000000000000,1.000000000000,1.000000000000,,0.530826528202,,1
551,314298,314298,314298,57695,,1782475582958841201,1782475582959097804,1782475582959097804,,1782475582959155499,1782475582959155499,,0,1.000000000000,1.000000000000,1.000000000000,,0.533340085068,,1
552,313365,313365,313365,57625,,1782475582958957562,1782475582959213302,1782475582959213302,,1782475582959270927,1782475582959270927,,1,1.000000000000,1.000000000000,1.000000000000,,0.534336226778,,1
553,341323,341323,341323,60505,,1782475582959076982,1782475582959357800,1782475582959357800,,1782475582959418305,1782475582959418305,,2,1.000000000000,1.000000000000,1.000000000000,,0.505278255733,,1
554,324080,324080,324080,64434,,1782475582959193673,1782475582959453319,1782475582959453319,,1782475582959517753,1782475582959517753,,3,1.000000000000,1.000000000000,1.000000000000,,0.523007225252,,1
555,316908,316908,316908,57774,,1782475582959310584,1782475582959569718,1782475582959569718,,1782475582959627492,1782475582959627492,,1,1.000000000000,1.000000000000,1.000000000000,,0.530563303529,,1
556,320595,320595,320595,56774,,1782475582959428125,1782475582959691946,1782475582959691946,,1782475582959748720,1782475582959748720,,1,1.000000000000,1.000000000000,1.000000000000,,0.526665319260,,1
557,327242,327242,327242,69953,,1782475582959543526,1782475582959800815,1782475582959800815,,1782475582959870768,1782475582959870768,,3,1.000000000000,1.000000000000,1.000000000000,,0.519710163856,,1
558,321231,321231,321231,63024,,1782475582959659846,1782475582959918053,1782475582959918053,,1782475582959981077,1782475582959981077,,1,1.000000000000,1.000000000000,1.000000000000,,0.525995826861,,1
559,318168,318168,318168,57473,,1782475582959775997,1782475582960036692,1782475582960036692,,1782475582960094165,1782475582960094165,,2,1.000000000000,1.000000000000,1.000000000000,,0.529227967234,,1
560,313206,313206,313206,57283,,1782475582959892208,1782475582960148131,1782475582960148131,,1782475582960205414,1782475582960205414,,3,1.000000000000,1.000000000000,1.000000000000,,0.534506172718,,1
561,315574,315574,315574,59223,,1782475582960008798,1782475582960265149,1782475582960265149,,1782475582960324372,1782475582960324372,,0,1.000000000000,1.000000000000,1.000000000000,,0.531980736438,,1
562,317491,317491,317491,58242,,1782475582960127699,1782475582960386948,1782475582960386948,,1782475582960445190,1782475582960445190,,1,1.000000000000,1.000000000000,1.000000000000,,0.529945027242,,1
563,314299,314299,314299,58183,,1782475582960244690,1782475582960500806,1782475582960500806,,1782475582960558989,1782475582960558989,,2,1.000000000000,1.000000000000,1.000000000000,,0.533339018389,,1
564,313237,313237,313237,56652,,1782475582960358860,1782475582960615445,1782475582960615445,,1782475582960672097,1782475582960672097,,3,1.000000000000,1.000000000000,1.000000000000,,0.534473034363,,1
565,316544,316544,316544,57562,,1782475582960475351,1782475582960734333,1782475582960734333,,1782475582960791895,1782475582960791895,,0,1.000000000000,1.000000000000,1.000000000000,,0.530949694243,,1
566,314992,314992,314992,57092,,1782475582960591432,1782475582960849332,1782475582960849332,,1782475582960906424,1782475582960906424,,1,1.000000000000,1.000000000000,1.000000000000,,0.532600322544,,1
567,313259,313259,313259,56532,,1782475582960707573,1782475582960964300,1782475582960964300,,1782475582961020832,1782475582961020832,,1,1.000000000000,1.000000000000,1.000000000000,,0.534449518066,,1
568,316697,316697,316697,59412,,1782475582960823944,1782475582961081229,1782475582961081229,,1782475582961140641,1782475582961140641,,0,1.000000000000,1.000000000000,1.000000000000,,0.530787248492,,1
569,319375,319375,319375,61092,,1782475582960940634,1782475582961198917,1782475582961198917,,1782475582961260009,1782475582961260009,,1,1.000000000000,1.000000000000,1.000000000000,,0.527951951692,,1
570,316352,316352,316352,59581,,1782475582961058745,1782475582961315516,1782475582961315516,,1782475582961375097,1782475582961375097,,1,1.000000000000,1.000000000000,1.000000000000,,0.531153618077,,1
571,316450,316450,316450,57982,,1782475582961175136,1782475582961433604,1782475582961433604,,1782475582961491586,1782475582961491586,,2,1.000000000000,1.000000000000,1.000000000000,,0.531049522169,,1
572,319709,319709,319709,58052,,1782475582961291506,1782475582961553163,1782475582961553163,,1782475582961611215,1782475582961611215,,1,1.000000000000,1.000000000000,1.000000000000,,0.527599397554,,1
573,318046,318046,318046,59491,,1782475582961407937,1782475582961666492,1782475582961666492,,1782475582961725983,1782475582961725983,,0,1.000000000000,1.000000000000,1.000000000000,,0.529357114614,,1
574,315094,315094,315094,58461,,1782475582961524538,1782475582961781171,1782475582961781171,,1782475582961839632,1782475582961839632,,2,1.000000000000,1.000000000000,1.000000000000,,0.532491683160,,1
575,316392,316392,316392,57360,,1782475582961640588,1782475582961899620,1782475582961899620,,1782475582961956980,1782475582961956980,,0,1.000000000000,1.000000000000,1.000000000000,,0.531111127487,,1
576,318769,318769,318769,57830,,1782475582961756609,1782475582962017548,1782475582962017548,,1782475582962075378,1782475582962075378,,1,1.000000000000,1.000000000000,1.000000000000,,0.528592217380,,1
577,315256,315256,315256,58240,,1782475582961872961,1782475582962129977,1782475582962129977,,1782475582962188217,1782475582962188217,,3,1.000000000000,1.000000000000,1.000000000000,,0.532319183801,,1
578,324914,324914,324914,64050,,1782475582961989281,1782475582962250145,1782475582962250145,,1782475582962314195,1782475582962314195,,3,1.000000000000,1.000000000000,1.000000000000,,0.522135576357,,1
579,327331,327331,327331,57809,,1782475582962108162,1782475582962377684,1782475582962377684,,1782475582962435493,1782475582962435493,,0,1.000000000000,1.000000000000,1.000000000000,,0.519617663679,,1
580,327360,327360,327360,59540,,1782475582962224922,1782475582962492742,1782475582962492742,,1782475582962552282,1782475582962552282,,0,1.000000000000,1.000000000000,1.000000000000,,0.519587526729,,1
581,314217,314217,314217,56949,,1782475582962341833,1782475582962599101,1782475582962599101,,1782475582962656050,1782475582962656050,,1,1.000000000000,1.000000000000,1.000000000000,,0.533426493161,,1
582,314795,314795,314795,57390,,1782475582962458184,1782475582962715589,1782475582962715589,,1782475582962772979,1782475582962772979,,1,1.000000000000,1.000000000000,1.000000000000,,0.532810208416,,1
583,316993,316993,316993,58499,,1782475582962574444,1782475582962832938,1782475582962832938,,1782475582962891437,1782475582962891437,,3,1.000000000000,1.000000000000,1.000000000000,,0.530473115434,,1
584,322710,322710,322710,58369,,1782475582962690695,1782475582962955036,1782475582962955036,,1782475582963013405,1782475582963013405,,3,1.000000000000,1.000000000000,1.000000000000,,0.524442230108,,1
585,313358,313358,313358,57109,,1782475582962804786,1782475582963061035,1782475582963061035,,1782475582963118144,1782475582963118144,,1,1.000000000000,1.000000000000,1.000000000000,,0.534343707537,,1
586,313556,313556,313556,58218,,1782475582962921346,1782475582963176684,1782475582963176684,,1782475582963234902,1782475582963234902,,2,1.000000000000,1.000000000000,1.000000000000,,0.534132149321,,1
587,315333,315333,315333,57709,,1782475582963040118,1782475582963297742,1782475582963297742,,1782475582963355451,1782475582963355451,,0,1.000000000000,1.000000000000,1.000000000000,,0.532237212958,,1
588,318470,318470,318470,59628,,1782475582963156409,1782475582963415251,1782475582963415251,,1782475582963474879,1782475582963474879,,2,1.000000000000,1.000000000000,1.000000000000,,0.528908410058,,1
589,317108,317108,317108,59518,,1782475582963272429,1782475582963530019,1782475582963530019,,1782475582963589537,1782475582963589537,,3,1.000000000000,1.000000000000,1.000000000000,,0.530351120647,,1
590,322946,322946,322946,65678,,1782475582963388660,1782475582963645928,1782475582963645928,,1782475582963711606,1782475582963711606,,2,1.000000000000,1.000000000000,1.000000000000,,0.524194751785,,1
591,320823,320823,320823,58288,,1782475582963504921,1782475582963767456,1782475582963767456,,1782475582963825744,1782475582963825744,,1,1.000000000000,1.000000000000,1.000000000000,,0.526425214622,,1
592,314351,314351,314351,57487,,1782475582963621521,1782475582963878385,1782475582963878385,,1782475582963935872,1782475582963935872,,0,1.000000000000,1.000000000000,1.000000000000,,0.533283554015,,1
593,317619,317619,317619,59888,,1782475582963738032,1782475582963995763,1782475582963995763,,1782475582964055651,1782475582964055651,,0,1.000000000000,1.000000000000,1.000000000000,,0.529809378679,,1
594,316817,316817,316817,58657,,1782475582963859662,1782475582964117822,1782475582964117822,,1782475582964176479,1782475582964176479,,3,1.000000000000,1.000000000000,1.000000000000,,0.530659874838,,1
595,315084,315084,315084,57927,,1782475582963976313,1782475582964233470,1782475582964233470,,1782475582964291397,1782475582964291397,,3,1.000000000000,1.000000000000,1.000000000000,,0.532502333100,,1
596,319172,319172,319172,58887,,1782475582964093454,1782475582964353739,1782475582964353739,,1782475582964412626,1782475582964412626,,1,1.000000000000,1.000000000000,1.000000000000,,0.528166343703,,1
597,318500,318500,318500,61037,,1782475582964209825,1782475582964467288,1782475582964467288,,1782475582964528325,1782475582964528325,,0,1.000000000000,1.000000000000,1.000000000000,,0.528876676506,,1
598,320078,320078,320078,62708,,1782475582964326536,1782475582964583906,1782475582964583906,,1782475582964646614,1782475582964646614,,0,1.000000000000,1.000000000000,1.000000000000,,0.527210172841,,1
599,313735,313735,313735,56877,,1782475582964443157,1782475582964700015,1782475582964700015,,1782475582964756892,1782475582964756892,,0,1.000000000000,1.000000000000,1.000000000000,,0.533940964235,,1
600,315263,315263,315263,57786,,1782475582964560077,1782475582964817554,1782475582964817554,,1782475582964875340,1782475582964875340,,3,1.000000000000,1.000000000000,1.000000000000,,0.532311731384,,1
601,317371,317371,317371,57476,,1782475582964676848,1782475582964936743,1782475582964936743,,1782475582964994219,1782475582964994219,,0,1.000000000000,1.000000000000,1.000000000000,,0.530072229312,,1
602,315559,315559,315559,57586,,1782475582964793308,1782475582965051281,1782475582965051281,,1782475582965108867,1782475582965108867,,2,1.000000000000,1.000000000000,1.000000000000,,0.531996696099,,1
603,315706,315706,315706,57895,,1782475582964910189,1782475582965168000,1782475582965168000,,1782475582965225895,1782475582965225895,,2,1.000000000000,1.000000000000,1.000000000000,,0.531840312060,,1
604,313224,313224,313224,57066,,1782475582965027000,1782475582965283158,1782475582965283158,,1782475582965340224,1782475582965340224,,0,1.000000000000,1.000000000000,1.000000000000,,0.534486930842,,1
605,324082,324082,324082,59865,,1782475582965143590,1782475582965407807,1782475582965407807,,1782475582965467672,1782475582965467672,,1,1.000000000000,1.000000000000,1.000000000000,,0.523005133227,,1
606,315510,315510,315510,57876,,1782475582965264491,1782475582965522125,1782475582965522125,,1782475582965580001,1782475582965580001,,2,1.000000000000,1.000000000000,1.000000000000,,0.532048834330,,1
607,316217,316217,316217,58245,,1782475582965380792,1782475582965638764,1782475582965638764,,1782475582965697009,1782475582965697009,,2,1.000000000000,1.000000000000,1.000000000000,,0.531297048916,,1
608,320594,320594,320594,60485,,1782475582965497253,1782475582965757362,1782475582965757362,,1782475582965817847,1782475582965817847,,3,1.000000000000,1.000000000000,1.000000000000,,0.526666372591,,1
609,316702,316702,316702,59145,,1782475582965613934,1782475582965871491,1782475582965871491,,1782475582965930636,1782475582965930636,,0,1.000000000000,1.000000000000,1.000000000000,,0.530781940646,,1
610,315349,315349,315349,57295,,1782475582965730415,1782475582965988469,1782475582965988469,,1782475582966045764,1782475582966045764,,3,1.000000000000,1.000000000000,1.000000000000,,0.532220181640,,1
611,314517,314517,314517,57354,,1782475582965847825,1782475582966104988,1782475582966104988,,1782475582966162342,1782475582966162342,,1,1.000000000000,1.000000000000,1.000000000000,,0.533106533262,,1
612,323795,323795,323795,57525,,1782475582965964486,1782475582966230756,1782475582966230756,,1782475582966288281,1782475582966288281,,1,1.000000000000,1.000000000000,1.000000000000,,0.523305424349,,1
613,328843,328843,328843,66274,,1782475582966078476,1782475582966341045,1782475582966341045,,1782475582966407319,1782475582966407319,,0,1.000000000000,1.000000000000,1.000000000000,,0.518048713313,,1
614,316201,316201,316201,58034,,1782475582966194857,1782475582966453024,1782475582966453024,,1782475582966511058,1782475582966511058,,1,1.000000000000,1.000000000000,1.000000000000,,0.531314050693,,1
615,314088,314088,314088,57734,,1782475582966311398,1782475582966567752,1782475582966567752,,1782475582966625486,1782475582966625486,,2,1.000000000000,1.000000000000,1.000000000000,,0.533564134951,,1
616,316916,316916,316916,58403,,1782475582966427768,1782475582966686281,1782475582966686281,,1782475582966744684,1782475582966744684,,1,1.000000000000,1.000000000000,1.000000000000,,0.530554814584,,1
617,314794,314794,314794,57744,,1782475582966544089,1782475582966801139,1782475582966801139,,1782475582966858883,1782475582966858883,,1,1.000000000000,1.000000000000,1.000000000000,,0.532811274037,,1
618,319621,319621,319621,62353,,1782475582966660720,1782475582966917988,1782475582966917988,,1782475582966980341,1782475582966980341,,2,1.000000000000,1.000000000000,1.000000000000,,0.527692263220,,1
619,316698,316698,316698,58323,,1782475582966776961,1782475582967035336,1782475582967035336,,1782475582967093659,1782475582967093659,,2,1.000000000000,1.000000000000,1.000000000000,,0.530786186919,,1
620,313956,313956,313956,57463,,1782475582966898182,1782475582967154675,1782475582967154675,,1782475582967212138,1782475582967212138,,1,1.000000000000,1.000000000000,1.000000000000,,0.533705014478,,1
621,313024,313024,313024,57473,,1782475582967015032,1782475582967270583,1782475582967270583,,1782475582967328056,1782475582967328056,,2,1.000000000000,1.000000000000,1.000000000000,,0.534700768379,,1
622,318931,318931,318931,58442,,1782475582967131173,1782475582967391662,1782475582967391662,,1782475582967450104,1782475582967450104,,2,1.000000000000,1.000000000000,1.000000000000,,0.528420981243,,1
623,343839,343839,343839,73953,,1782475582967251914,1782475582967521800,1782475582967521800,,1782475582967595753,1782475582967595753,,3,1.000000000000,1.000000000000,1.000000000000,,0.502742081915,,1
624,315468,315468,315468,56923,,1782475582967368154,1782475582967626699,1782475582967626699,,1782475582967683622,1782475582967683622,,3,1.000000000000,1.000000000000,1.000000000000,,0.532093528309,,1
625,317325,317325,317325,60751,,1782475582967484345,1782475582967740919,1782475582967740919,,1782475582967801670,1782475582967801670,,3,1.000000000000,1.000000000000,1.000000000000,,0.530120998201,,1
626,314363,314363,314363,56822,,1782475582967601766,1782475582967859307,1782475582967859307,,1782475582967916129,1782475582967916129,,3,1.000000000000,1.000000000000,1.000000000000,,0.533270755363,,1
627,317301,317301,317301,57791,,1782475582967718586,1782475582967978096,1782475582967978096,,1782475582968035887,1782475582968035887,,0,1.000000000000,1.000000000000,1.000000000000,,0.530146444619,,1
628,314707,314707,314707,58191,,1782475582967834818,1782475582968091334,1782475582968091334,,1782475582968149525,1782475582968149525,,0,1.000000000000,1.000000000000,1.000000000000,,0.532903991265,,1
629,312916,312916,312916,57021,,1782475582967953458,1782475582968209353,1782475582968209353,,1782475582968266374,1782475582968266374,,0,1.000000000000,1.000000000000,1.000000000000,,0.534816276219,,1
630,324833,324833,324833,64261,,1782475582968069639,1782475582968330211,1782475582968330211,,1782475582968394472,1782475582968394472,,2,1.000000000000,1.000000000000,1.000000000000,,0.522220169172,,1
631,316100,316100,316100,58020,,1782475582968186360,1782475582968444440,1782475582968444440,,1782475582968502460,1782475582968502460,,3,1.000000000000,1.000000000000,1.000000000000,,0.531421386972,,1
632,314839,314839,314839,58991,,1782475582968303030,1782475582968558878,1782475582968558878,,1782475582968617869,1782475582968617869,,3,1.000000000000,1.000000000000,1.000000000000,,0.532763323180,,1
633,315346,315346,315346,58290,,1782475582968419261,1782475582968676317,1782475582968676317,,1782475582968734607,1782475582968734607,,3,1.000000000000,1.000000000000,1.000000000000,,0.532223374971,,1
634,317964,317964,317964,59041,,1782475582968535592,1782475582968794515,1782475582968794515,,1782475582968853556,1782475582968853556,,2,1.000000000000,1.000000000000,1.000000000000,,0.529443936300,,1
635,313552,313552,313552,56790,,1782475582968651942,1782475582968908704,1782475582968908704,,1782475582968965494,1782475582968965494,,1,1.000000000000,1.000000000000,1.000000000000,,0.534136422395,,1
636,313589,313589,313589,57840,,1782475582968768143,1782475582969023892,1782475582969023892,,1782475582969081732,1782475582969081732,,3,1.000000000000,1.000000000000,1.000000000000,,0.534096897762,,1
637,314097,314097,314097,58230,,1782475582968886934,1782475582969142801,1782475582969142801,,1782475582969201031,1782475582969201031,,0,1.000000000000,1.000000000000,1.000000000000,,0.533554530883,,1
638,322054,322054,322054,61990,,1782475582969003025,1782475582969263089,1782475582969263089,,1782475582969325079,1782475582969325079,,1,1.000000000000,1.000000000000,1.000000000000,,0.525130749884,,1
639,318501,318501,318501,58019,,1782475582969120046,1782475582969380528,1782475582969380528,,1782475582969438547,1782475582969438547,,1,1.000000000000,1.000000000000,1.000000000000,,0.528875618753,,1
640,320660,320660,320660,57689,,1782475582969237156,1782475582969500127,1782475582969500127,,1782475582969557816,1782475582969557816,,1,1.000000000000,1.000000000000,1.000000000000,,0.526596857218,,1
641,314427,314427,314427,56709,,1782475582969351597,1782475582969609315,1782475582969609315,,1782475582969666024,1782475582969666024,,3,1.000000000000,1.000000000000,1.000000000000,,0.533202501075,,1
642,314134,314134,314134,57078,,1782475582969468268,1782475582969725324,1782475582969725324,,1782475582969782402,1782475582969782402,,0,1.000000000000,1.000000000000,1.000000000000,,0.533515049308,,1
643,315043,315043,315043,57829,,1782475582969584788,1782475582969842002,1782475582969842002,,1782475582969899831,1782475582969899831,,2,1.000000000000,1.000000000000,1.000000000000,,0.532546000081,,1
644,313970,313970,313970,56908,,1782475582969701019,1782475582969958081,1782475582969958081,,1782475582970014989,1782475582970014989,,2,1.000000000000,1.000000000000,1.000000000000,,0.533690070947,,1
645,316558,316558,316558,57539,,1782475582969817500,1782475582970076519,1782475582970076519,,1782475582970134058,1782475582970134058,,1,1.000000000000,1.000000000000,1.000000000000,,0.530934827860,,1
646,323216,323216,323216,58098,,1782475582969937420,1782475582970202538,1782475582970202538,,1782475582970260636,1782475582970260636,,2,1.000000000000,1.000000000000,1.000000000000,,0.523911763032,,1
647,319563,319563,319563,61178,,1782475582970054321,1782475582970312706,1782475582970312706,,1782475582970373884,1782475582970373884,,0,1.000000000000,1.000000000000,1.000000000000,,0.527753479073,,1
648,322490,322490,322490,60777,,1782475582970171142,1782475582970432855,1782475582970432855,,1782475582970493632,1782475582970493632,,2,1.000000000000,1.000000000000,1.000000000000,,0.524673035462,,1
649,317689,317689,317689,58009,,1782475582970287683,1782475582970547363,1782475582970547363,,1782475582970605372,1782475582970605372,,1,1.000000000000,1.000000000000,1.000000000000,,0.529735210558,,1
650,317056,317056,317056,58618,,1782475582970404424,1782475582970662862,1782475582970662862,,1782475582970721480,1782475582970721480,,2,1.000000000000,1.000000000000,1.000000000000,,0.530406280032,,1
651,313964,313964,313964,57428,,1782475582970521465,1782475582970778001,1782475582970778001,,1782475582970835429,1782475582970835429,,1,1.000000000000,1.000000000000,1.000000000000,,0.533696475266,,1
652,317212,317212,317212,58817,,1782475582970637695,1782475582970896090,1782475582970896090,,1782475582970954907,1782475582970954907,,0,1.000000000000,1.000000000000,1.000000000000,,0.530240819086,,1
653,320529,320529,320529,62677,,1782475582970754046,1782475582971011898,1782475582971011898,,1782475582971074575,1782475582971074575,,0,1.000000000000,1.000000000000,1.000000000000,,0.526734843670,,1
654,314618,314618,314618,57547,,1782475582970872896,1782475582971129967,1782475582971129967,,1782475582971187514,1782475582971187514,,1,1.000000000000,1.000000000000,1.000000000000,,0.532998856618,,1
655,316985,316985,316985,57197,,1782475582970989317,1782475582971249105,1782475582971249105,,1782475582971306302,1782475582971306302,,1,1.000000000000,1.000000000000,1.000000000000,,0.530481603071,,1
656,332432,332432,332432,69816,,1782475582971105598,1782475582971368214,1782475582971368214,,1782475582971438030,1782475582971438030,,0,1.000000000000,1.000000000000,1.000000000000,,0.514343473663,,1
657,316951,316951,316951,59426,,1782475582971222638,1782475582971480163,1782475582971480163,,1782475582971539589,1782475582971539589,,2,1.000000000000,1.000000000000,1.000000000000,,0.530517677047,,1
658,312988,312988,312988,57526,,1782475582971338909,1782475582971594371,1782475582971594371,,1782475582971651897,1782475582971651897,,0,1.000000000000,1.000000000000,1.000000000000,,0.534739268220,,1
659,312755,312755,312755,56806,,1782475582971455341,1782475582971711290,1782475582971711290,,1782475582971768096,1782475582971768096,,2,1.000000000000,1.000000000000,1.000000000000,,0.534988514789,,1
660,316993,316993,316993,57466,,1782475582971571581,1782475582971831108,1782475582971831108,,1782475582971888574,1782475582971888574,,0,1.000000000000,1.000000000000,1.000000000000,,0.530473115434,,1
661,317040,317040,317040,56535,,1782475582971687872,1782475582971948377,1782475582971948377,,1782475582972004912,1782475582972004912,,0,1.000000000000,1.000000000000,1.000000000000,,0.530423253304,,1
662,316798,316798,316798,56346,,1782475582971804033,1782475582972064485,1782475582972064485,,1782475582972120831,1782475582972120831,,0,1.000000000000,1.000000000000,1.000000000000,,0.530680040296,,1
663,320146,320146,320146,61775,,1782475582971922573,1782475582972180944,1782475582972180944,,1782475582972242719,1782475582972242719,,0,1.000000000000,1.000000000000,1.000000000000,,0.527138477133,,1
664,317253,317253,317253,57615,,1782475582972047584,1782475582972307222,1782475582972307222,,1782475582972364837,1782475582972364837,,0,1.000000000000,1.000000000000,1.000000000000,,0.530197341121,,1
665,319460,319460,319460,59484,,1782475582972165675,1782475582972425651,1782475582972425651,,1782475582972485135,1782475582972485135,,2,1.000000000000,1.000000000000,1.000000000000,,0.527862207489,,1
666,318459,318459,318459,60085,,1782475582972281905,1782475582972540279,1782475582972540279,,1782475582972600364,1782475582972600364,,3,1.000000000000,1.000000000000,1.000000000000,,0.528920046171,,1
667,318456,318456,318456,59414,,1782475582972398566,1782475582972657608,1782475582972657608,,1782475582972717022,1782475582972717022,,1,1.000000000000,1.000000000000,1.000000000000,,0.528923219701,,1
668,323515,323515,323515,60715,,1782475582972514896,1782475582972777696,1782475582972777696,,1782475582972838411,1782475582972838411,,0,1.000000000000,1.000000000000,1.000000000000,,0.523598557456,,1
669,315891,315891,315891,58964,,1782475582972628848,1782475582972885775,1782475582972885775,,1782475582972944739,1782475582972944739,,2,1.000000000000,1.000000000000,1.000000000000,,0.531643567544,,1
670,313788,313788,313788,57974,,1782475582972744989,1782475582973000803,1782475582973000803,,1782475582973058777,1782475582973058777,,3,1.000000000000,1.000000000000,1.000000000000,,0.533884369493,,1
671,318277,318277,318277,58504,,1782475582972863969,1782475582973123742,1782475582973123742,,1782475582973182246,1782475582973182246,,1,1.000000000000,1.000000000000,1.000000000000,,0.529112608112,,1
672,317364,317364,317364,59674,,1782475582972980170,1782475582973237860,1782475582973237860,,1782475582973297534,1782475582973297534,,3,1.000000000000,1.000000000000,1.000000000000,,0.530079650376,,1
673,320161,320161,320161,59053,,1782475582973096691,1782475582973357799,1782475582973357799,,1782475582973416852,1782475582973416852,,0,1.000000000000,1.000000000000,1.000000000000,,0.527122663215,,1
674,319441,319441,319441,57885,,1782475582973216161,1782475582973477717,1782475582973477717,,1782475582973535602,1782475582973535602,,2,1.000000000000,1.000000000000,1.000000000000,,0.527882266634,,1
675,314138,314138,314138,56404,,1782475582973333012,1782475582973590746,1782475582973590746,,1782475582973647150,1782475582973647150,,0,1.000000000000,1.000000000000,1.000000000000,,0.533510781205,,1
676,314135,314135,314135,56614,,1782475582973449403,1782475582973706924,1782475582973706924,,1782475582973763538,1782475582973763538,,3,1.000000000000,1.000000000000,1.000000000000,,0.533513982279,,1
677,314614,314614,314614,57593,,1782475582973566193,1782475582973823214,1782475582973823214,,1782475582973880807,1782475582973880807,,2,1.000000000000,1.000000000000,1.000000000000,,0.533003120626,,1
678,314771,314771,314771,58413,,1782475582973682784,1782475582973939142,1782475582973939142,,1782475582973997555,1782475582973997555,,3,1.000000000000,1.000000000000,1.000000000000,,0.532835783920,,1
679,313170,313170,313170,56623,,1782475582973799084,1782475582974055631,1782475582974055631,,1782475582974112254,1782475582974112254,,0,1.000000000000,1.000000000000,1.000000000000,,0.534544658548,,1
680,315796,315796,315796,58212,,1782475582973915306,1782475582974172890,1782475582974172890,,1782475582974231102,1782475582974231102,,2,1.000000000000,1.000000000000,1.000000000000,,0.531744589419,,1
681,322383,322383,322383,62482,,1782475582974031567,1782475582974291468,1782475582974291468,,1782475582974353950,1782475582974353950,,0,1.000000000000,1.000000000000,1.000000000000,,0.524785327507,,1
682,315512,315512,315512,56472,,1782475582974151877,1782475582974410917,1782475582974410917,,1782475582974467389,1782475582974467389,,0,1.000000000000,1.000000000000,1.000000000000,,0.532046706139,,1
683,319179,319179,319179,61942,,1782475582974268328,1782475582974525565,1782475582974525565,,1782475582974587507,1782475582974587507,,1,1.000000000000,1.000000000000,1.000000000000,,0.528158949426,,1
684,316006,316006,316006,57531,,1782475582974384739,1782475582974643214,1782475582974643214,,1782475582974700745,1782475582974700745,,0,1.000000000000,1.000000000000,1.000000000000,,0.531521303585,,1
685,317735,317735,317735,57712,,1782475582974502249,1782475582974762272,1782475582974762272,,1782475582974819984,1782475582974819984,,1,1.000000000000,1.000000000000,1.000000000000,,0.529686477160,,1
686,313222,313222,313222,57301,,1782475582974618560,1782475582974874481,1782475582974874481,,1782475582974931782,1782475582974931782,,2,1.000000000000,1.000000000000,1.000000000000,,0.534489068794,,1
687,315369,315369,315369,57011,,1782475582974738001,1782475582974996359,1782475582974996359,,1782475582975053370,1782475582975053370,,3,1.000000000000,1.000000000000,1.000000000000,,0.532198893259,,1
688,316758,316758,316758,58131,,1782475582974854621,1782475582975113248,1782475582975113248,,1782475582975171379,1782475582975171379,,3,1.000000000000,1.000000000000,1.000000000000,,0.530722496398,,1
689,324165,324165,324165,66071,,1782475582974971082,1782475582975229176,1782475582975229176,,1782475582975295247,1782475582975295247,,3,1.000000000000,1.000000000000,1.000000000000,,0.522918321580,,1
690,321711,321711,321711,58510,,1782475582975087344,1782475582975350545,1782475582975350545,,1782475582975409055,1782475582975409055,,1,1.000000000000,1.000000000000,1.000000000000,,0.525491113169,,1
691,315720,315720,315720,57381,,1782475582975204084,1782475582975462423,1782475582975462423,,1782475582975519804,1782475582975519804,,2,1.000000000000,1.000000000000,1.000000000000,,0.531825420740,,1
692,317287,317287,317287,57470,,1782475582975321365,1782475582975581182,1782475582975581182,,1782475582975638652,1782475582975638652,,3,1.000000000000,1.000000000000,1.000000000000,,0.530161288928,,1
693,314846,314846,314846,57901,,1782475582975438035,1782475582975694980,1782475582975694980,,1782475582975752881,1782475582975752881,,1,1.000000000000,1.000000000000,1.000000000000,,0.532755864546,,1
694,314963,314963,314963,57930,,1782475582975554126,1782475582975811159,1782475582975811159,,1782475582975869089,1782475582975869089,,2,1.000000000000,1.000000000000,1.000000000000,,0.532631214258,,1
695,313820,313820,313820,57809,,1782475582975672887,1782475582975928898,1782475582975928898,,1782475582975986707,1782475582975986707,,0,1.000000000000,1.000000000000,1.000000000000,,0.533850201986,,1
696,321278,321278,321278,57619,,1782475582975789417,1782475582976053076,1782475582976053076,,1782475582976110695,1782475582976110695,,1,1.000000000000,1.000000000000,1.000000000000,,0.525946385577,,1
697,314256,314256,314256,56819,,1782475582975903518,1782475582976160955,1782475582976160955,,1782475582976217774,1782475582976217774,,1,1.000000000000,1.000000000000,1.000000000000,,0.533384887517,,1
698,313473,313473,313473,58019,,1782475582976019769,1782475582976275223,1782475582976275223,,1782475582976333242,1782475582976333242,,3,1.000000000000,1.000000000000,1.000000000000,,0.534220822617,,1
699,324262,324262,324262,61299,,1782475582976136259,1782475582976399222,1782475582976399222,,1782475582976460521,1782475582976460521,,3,1.000000000000,1.000000000000,1.000000000000,,0.522816885266,,1
700,317789,317789,317789,60630,,1782475582976257261,1782475582976514420,1782475582976514420,,1782475582976575050,1782475582976575050,,3,1.000000000000,1.000000000000,1.000000000000,,0.529629274110,,1
701,314676,314676,314676,57609,,1782475582976373602,1782475582976630669,1782475582976630669,,1782475582976688278,1782475582976688278,,3,1.000000000000,1.000000000000,1.000000000000,,0.532937032337,,1
702,313545,313545,313545,56489,,1782475582976489892,1782475582976746948,1782475582976746948,,1782475582976803437,1782475582976803437,,2,1.000000000000,1.000000000000,1.000000000000,,0.534143900357,,1
703,321722,321722,321722,61128,,1782475582976606103,1782475582976866697,1782475582976866697,,1782475582976927825,1782475582976927825,,3,1.000000000000,1.000000000000,1.000000000000,,0.525479552491,,1
704,314049,314049,314049,57898,,1782475582976724704,1782475582976980855,1782475582976980855,,1782475582977038753,1782475582977038753,,2,1.000000000000,1.000000000000,1.000000000000,,0.533605754577,,1
705,314208,314208,314208,57208,,1782475582976841004,1782475582977098004,1782475582977098004,,1782475582977155212,1782475582977155212,,0,1.000000000000,1.000000000000,1.000000000000,,0.533436094924,,1
706,313225,313225,313225,57188,,1782475582976957205,1782475582977213242,1782475582977213242,,1782475582977270430,1782475582977270430,,1,1.000000000000,1.000000000000,1.000000000000,,0.534485861869,,1
707,321393,321393,321393,58167,,1782475582977073605,1782475582977336831,1782475582977336831,,1782475582977394998,1782475582977394998,,1,1.000000000000,1.000000000000,1.000000000000,,0.525825431819,,1
708,317891,317891,317891,59027,,1782475582977189926,1782475582977448790,1782475582977448790,,1782475582977507817,1782475582977507817,,0,1.000000000000,1.000000000000,1.000000000000,,0.529521240758,,1
709,317548,317548,317548,60977,,1782475582977306487,1782475582977563058,1782475582977563058,,1782475582977624035,1782475582977624035,,3,1.000000000000,1.000000000000,1.000000000000,,0.529884616953,,1
710,318316,318316,318316,57337,,1782475582977422718,1782475582977683697,1782475582977683697,,1782475582977741034,1782475582977741034,,0,1.000000000000,1.000000000000,1.000000000000,,0.529071338938,,1
711,314703,314703,314703,57307,,1782475582977539439,1782475582977796835,1782475582977796835,,1782475582977854142,1782475582977854142,,0,1.000000000000,1.000000000000,1.000000000000,,0.532908254514,,1
712,315550,315550,315550,57106,,1782475582977658400,1782475582977916844,1782475582977916844,,1782475582977973950,1782475582977973950,,1,1.000000000000,1.000000000000,1.000000000000,,0.532006272126,,1
713,315129,315129,315129,58897,,1782475582977775350,1782475582978031582,1782475582978031582,,1782475582978090479,1782475582978090479,,3,1.000000000000,1.000000000000,1.000000000000,,0.532454410046,,1
714,317896,317896,317896,58156,,1782475582977891781,1782475582978151521,1782475582978151521,,1782475582978209677,1782475582978209677,,3,1.000000000000,1.000000000000,1.000000000000,,0.529515945572,,1
715,315193,315193,315193,57486,,1782475582978008162,1782475582978265869,1782475582978265869,,1782475582978323355,1782475582978323355,,0,1.000000000000,1.000000000000,1.000000000000,,0.532386260244,,1
716,317202,317202,317202,58426,,1782475582978124432,1782475582978383208,1782475582978383208,,1782475582978441634,1782475582978441634,,1,1.000000000000,1.000000000000,1.000000000000,,0.530251424008,,1
717,315299,315299,315299,58266,,1782475582978241063,1782475582978498096,1782475582978498096,,1782475582978556362,1782475582978556362,,3,1.000000000000,1.000000000000,1.000000000000,,0.532273406319,,1
718,316407,316407,316407,58325,,1782475582978357363,1782475582978615445,1782475582978615445,,1782475582978673770,1782475582978673770,,1,1.000000000000,1.000000000000,1.000000000000,,0.531095194392,,1
719,317175,317175,317175,56366,,1782475582978473664,1782475582978734473,1782475582978734473,,1782475582978790839,1782475582978790839,,0,1.000000000000,1.000000000000,1.000000000000,,0.530280058358,,1
720,314162,314162,314162,57075,,1782475582978590495,1782475582978847582,1782475582978847582,,1782475582978904657,1782475582978904657,,3,1.000000000000,1.000000000000,1.000000000000,,0.533485173302,,1
721,314229,314229,314229,56545,,1782475582978715126,1782475582978972810,1782475582978972810,,1782475582979029355,1782475582979029355,,1,1.000000000000,1.000000000000,1.000000000000,,0.533413691078,,1
722,325107,325107,325107,67695,,1782475582978831487,1782475582979088899,1782475582979088899,,1782475582979156594,1782475582979156594,,1,1.000000000000,1.000000000000,1.000000000000,,0.521934070918,,1
723,316864,316864,316864,61444,,1782475582978947978,1782475582979203398,1782475582979203398,,1782475582979264842,1782475582979264842,,3,1.000000000000,1.000000000000,1.000000000000,,0.530609995154,,1
724,324452,324452,324452,63384,,1782475582979064178,1782475582979325246,1782475582979325246,,1782475582979388630,1782475582979388630,,2,1.000000000000,1.000000000000,1.000000000000,,0.522618252592,,1
725,322281,322281,322281,58205,,1782475582979178019,1782475582979442095,1782475582979442095,,1782475582979500300,1782475582979500300,,0,1.000000000000,1.000000000000,1.000000000000,,0.524892394634,,1
726,316748,316748,316748,59595,,1782475582979294600,1782475582979551753,1782475582979551753,,1782475582979611348,1782475582979611348,,1,1.000000000000,1.000000000000,1.000000000000,,0.530733110954,,1
727,314617,314617,314617,58005,,1782475582979411240,1782475582979667852,1782475582979667852,,1782475582979725857,1782475582979725857,,3,1.000000000000,1.000000000000,1.000000000000,,0.532999922617,,1
728,318884,318884,318884,61044,,1782475582979527541,1782475582979785381,1782475582979785381,,1782475582979846425,1782475582979846425,,0,1.000000000000,1.000000000000,1.000000000000,,0.528470655150,,1
729,314061,314061,314061,56773,,1782475582979644122,1782475582979901410,1782475582979901410,,1782475582979958183,1782475582979958183,,0,1.000000000000,1.000000000000,1.000000000000,,0.533592948192,,1
730,314530,314530,314530,57504,,1782475582979761602,1782475582980018628,1782475582980018628,,1782475582980076132,1782475582980076132,,3,1.000000000000,1.000000000000,1.000000000000,,0.533092672673,,1
731,313316,313316,313316,57483,,1782475582979878444,1782475582980134277,1782475582980134277,,1782475582980191760,1782475582980191760,,0,1.000000000000,1.000000000000,1.000000000000,,0.534388594294,,1
732,317444,317444,317444,57803,,1782475582979994734,1782475582980254375,1782475582980254375,,1782475582980312178,1782475582980312178,,1,1.000000000000,1.000000000000,1.000000000000,,0.529994844416,,1
733,318212,318212,318212,59823,,1782475582980112015,1782475582980370404,1782475582980370404,,1782475582980430227,1782475582980430227,,2,1.000000000000,1.000000000000,1.000000000000,,0.529181397222,,1
734,319509,319509,319509,61362,,1782475582980228506,1782475582980486653,1782475582980486653,,1782475582980548015,1782475582980548015,,3,1.000000000000,1.000000000000,1.000000000000,,0.527810479527,,1
735,317967,317967,317967,58752,,1782475582980344906,1782475582980604121,1782475582980604121,,1782475582980662873,1782475582980662873,,2,1.000000000000,1.000000000000,1.000000000000,,0.529440759646,,1
736,318405,318405,318405,58652,,1782475582980461307,1782475582980721060,1782475582980721060,,1782475582980779712,1782475582980779712,,0,1.000000000000,1.000000000000,1.000000000000,,0.528977172621,,1
737,322822,322822,322822,62612,,1782475582980577988,1782475582980838198,1782475582980838198,,1782475582980900810,1782475582980900810,,1,1.000000000000,1.000000000000,1.000000000000,,0.524324768204,,1
738,316891,316891,316891,57682,,1782475582980696618,1782475582980955827,1782475582980955827,,1782475582981013509,1782475582981013509,,1,1.000000000000,1.000000000000,1.000000000000,,0.530581342988,,1
739,316868,316868,316868,60672,,1782475582980813189,1782475582981069385,1782475582981069385,,1782475582981130057,1782475582981130057,,2,1.000000000000,1.000000000000,1.000000000000,,0.530605750291,,1
740,314056,314056,314056,57151,,1782475582980929499,1782475582981186404,1782475582981186404,,1782475582981243555,1782475582981243555,,1,1.000000000000,1.000000000000,1.000000000000,,0.533598284148,,1
741,312683,312683,312683,55932,,1782475582981045921,1782475582981302672,1782475582981302672,,1782475582981358604,1782475582981358604,,2,1.000000000000,1.000000000000,1.000000000000,,0.535065558683,,1
742,318440,318440,318440,58441,,1782475582981162562,1782475582981422561,1782475582981422561,,1782475582981481002,1782475582981481002,,3,1.000000000000,1.000000000000,1.000000000000,,0.528940145515,,1
743,324048,324048,324048,62751,,1782475582981278822,1782475582981540119,1782475582981540119,,1782475582981602870,1782475582981602870,,2,1.000000000000,1.000000000000,1.000000000000,,0.523040698785,,1
744,317126,317126,317126,58841,,1782475582981395453,1782475582981653738,1782475582981653738,,1782475582981712579,1782475582981712579,,0,1.000000000000,1.000000000000,1.000000000000,,0.530332028350,,1
745,313603,313603,313603,57831,,1782475582981511754,1782475582981767526,1782475582981767526,,1782475582981825357,1782475582981825357,,0,1.000000000000,1.000000000000,1.000000000000,,0.534081943258,,1
746,316571,316571,316571,57780,,1782475582981625714,1782475582981884505,1782475582981884505,,1782475582981942285,1782475582981942285,,0,1.000000000000,1.000000000000,1.000000000000,,0.530921023734,,1
747,317219,317219,317219,58420,,1782475582981742475,1782475582982001274,1782475582982001274,,1782475582982059694,1782475582982059694,,0,1.000000000000,1.000000000000,1.000000000000,,0.530233395766,,1
748,316657,316657,316657,59030,,1782475582981858955,1782475582982116582,1782475582982116582,,1782475582982175612,1782475582982175612,,3,1.000000000000,1.000000000000,1.000000000000,,0.530829713171,,1
749,315085,315085,315085,58720,,1782475582981975066,1782475582982231431,1782475582982231431,,1782475582982290151,1782475582982290151,,1,1.000000000000,1.000000000000,1.000000000000,,0.532501268096,,1
750,322812,322812,322812,60460,,1782475582982091457,1782475582982353809,1782475582982353809,,1782475582982414269,1782475582982414269,,3,1.000000000000,1.000000000000,1.000000000000,,0.524335254805,,1
751,318850,318850,318850,57590,,1782475582982207888,1782475582982469148,1782475582982469148,,1782475582982526738,1782475582982526738,,1,1.000000000000,1.000000000000,1.000000000000,,0.528506592377,,1
752,319018,319018,319018,57021,,1782475582982324419,1782475582982586416,1782475582982586416,,1782475582982643437,1782475582982643437,,2,1.000000000000,1.000000000000,1.000000000000,,0.528329043991,,1
753,314755,314755,314755,57350,,1782475582982438570,1782475582982695975,1782475582982695975,,1782475582982753325,1782475582982753325,,3,1.000000000000,1.000000000000,1.000000000000,,0.532852834937,,1
754,316633,316633,316633,57079,,1782475582982555150,1782475582982814704,1782475582982814704,,1782475582982871783,1782475582982871783,,2,1.000000000000,1.000000000000,1.000000000000,,0.530855193608,,1
755,323701,323701,323701,65549,,1782475582982673961,1782475582982932113,1782475582982932113,,1782475582982997662,1782475582982997662,,2,1.000000000000,1.000000000000,1.000000000000,,0.523403815017,,1
756,313879,313879,313879,56509,,1782475582982790581,1782475582983047951,1782475582983047951,,1782475582983104460,1782475582983104460,,3,1.000000000000,1.000000000000,1.000000000000,,0.533787211379,,1
757,311987,311987,311987,55929,,1782475582982907532,1782475582983163590,1782475582983163590,,1782475582983219519,1782475582983219519,,3,1.000000000000,1.000000000000,1.000000000000,,0.535810888569,,1
758,317144,317144,317144,58399,,1782475582983023773,1782475582983282518,1782475582983282518,,1782475582983340917,1782475582983340917,,1,1.000000000000,1.000000000000,1.000000000000,,0.530312936741,,1
759,335902,335902,335902,57578,,1782475582983140533,1782475582983418857,1782475582983418857,,1782475582983476435,1782475582983476435,,3,1.000000000000,1.000000000000,1.000000000000,,0.510786287668,,1
760,316049,316049,316049,58438,,1782475582983276774,1782475582983534385,1782475582983534385,,1782475582983592823,1782475582983592823,,3,1.000000000000,1.000000000000,1.000000000000,,0.531475594718,,1
761,318547,318547,318547,58338,,1782475582983393845,1782475582983654054,1782475582983654054,,1782475582983712392,1782475582983712392,,1,1.000000000000,1.000000000000,1.000000000000,,0.528826964435,,1
762,317684,317684,317684,59078,,1782475582983517356,1782475582983775962,1782475582983775962,,1782475582983835040,1782475582983835040,,0,1.000000000000,1.000000000000,1.000000000000,,0.529740507936,,1
763,316221,316221,316221,58697,,1782475582983634397,1782475582983891921,1782475582983891921,,1782475582983950618,1782475582983950618,,2,1.000000000000,1.000000000000,1.000000000000,,0.531292798556,,1
764,314849,314849,314849,57478,,1782475582983750658,1782475582984008029,1782475582984008029,,1782475582984065507,1782475582984065507,,2,1.000000000000,1.000000000000,1.000000000000,,0.532752668020,,1
765,318867,318867,318867,61587,,1782475582983866938,1782475582984124218,1782475582984124218,,1782475582984185805,1782475582984185805,,1,1.000000000000,1.000000000000,1.000000000000,,0.528488623458,,1
766,313215,313215,313215,57538,,1782475582983983079,1782475582984238756,1782475582984238756,,1782475582984296294,1782475582984296294,,3,1.000000000000,1.000000000000,1.000000000000,,0.534496551693,,1
767,320683,320683,320683,58107,,1782475582984099659,1782475582984362235,1782475582984362235,,1782475582984420342,1782475582984420342,,3,1.000000000000,1.000000000000,1.000000000000,,0.526572634320,,1
768,321210,321210,321210,61777,,1782475582984216290,1782475582984475723,1782475582984475723,,1782475582984537500,1782475582984537500,,1,1.000000000000,1.000000000000,1.000000000000,,0.526017919150,,1
769,312868,312868,312868,55557,,1782475582984332621,1782475582984589932,1782475582984589932,,1782475582984645489,1782475582984645489,,3,1.000000000000,1.000000000000,1.000000000000,,0.534867621047,,1
770,314256,314256,314256,56837,,1782475582984449571,1782475582984706990,1782475582984706990,,1782475582984763827,1782475582984763827,,2,1.000000000000,1.000000000000,1.000000000000,,0.533384887517,,1
771,313603,313603,313603,56206,,1782475582984566702,1782475582984824099,1782475582984824099,,1782475582984880305,1782475582984880305,,2,1.000000000000,1.000000000000,1.000000000000,,0.534081943258,,1
772,316970,316970,316970,57117,,1782475582984683194,1782475582984943047,1782475582984943047,,1782475582985000164,1782475582985000164,,2,1.000000000000,1.000000000000,1.000000000000,,0.530497517758,,1
773,313838,313838,313838,57066,,1782475582984799884,1782475582985056656,1782475582985056656,,1782475582985113722,1782475582985113722,,1,1.000000000000,1.000000000000,1.000000000000,,0.533830983725,,1
774,313166,313166,313166,56716,,1782475582984916085,1782475582985172535,1782475582985172535,,1782475582985229251,1782475582985229251,,2,1.000000000000,1.000000000000,1.000000000000,,0.534548934922,,1
775,314993,314993,314993,56966,,1782475582985032936,1782475582985290963,1782475582985290963,,1782475582985347929,1782475582985347929,,1,1.000000000000,1.000000000000,1.000000000000,,0.532599257344,,1
776,319851,319851,319851,59416,,1782475582985151796,1782475582985412231,1782475582985412231,,1782475582985471647,1782475582985471647,,2,1.000000000000,1.000000000000,1.000000000000,,0.527449580601,,1
777,316050,316050,316050,58047,,1782475582985268347,1782475582985526350,1782475582985526350,,1782475582985584397,1782475582985584397,,0,1.000000000000,1.000000000000,1.000000000000,,0.531474531768,,1
778,316917,316917,316917,59446,,1782475582985385088,1782475582985642559,1782475582985642559,,1782475582985702005,1782475582985702005,,1,1.000000000000,1.000000000000,1.000000000000,,0.530553753475,,1
779,318215,318215,318215,58385,,1782475582985503788,1782475582985763618,1782475582985763618,,1782475582985822003,1782475582985822003,,1,1.000000000000,1.000000000000,1.000000000000,,0.529178222144,,1
780,321963,321963,321963,58525,,1782475582985620159,1782475582985883597,1782475582985883597,,1782475582985942122,1782475582985942122,,2,1.000000000000,1.000000000000,1.000000000000,,0.525226332378,,1
781,316501,316501,316501,59155,,1782475582985734209,1782475582985991555,1782475582985991555,,1782475582986050710,1782475582986050710,,0,1.000000000000,1.000000000000,1.000000000000,,0.530995357880,,1
782,313228,313228,313228,57025,,1782475582985850541,1782475582986106744,1782475582986106744,,1782475582986163769,1782475582986163769,,2,1.000000000000,1.000000000000,1.000000000000,,0.534482654964,,1
783,320805,320805,320805,59005,,1782475582985966902,1782475582986228702,1782475582986228702,,1782475582986287707,1782475582986287707,,3,1.000000000000,1.000000000000,1.000000000000,,0.526444166271,,1
784,320993,320993,320993,58644,,1782475582986083172,1782475582986345521,1782475582986345521,,1782475582986404165,1782475582986404165,,1,1.000000000000,1.000000000000,1.000000000000,,0.526246260473,,1
785,313901,313901,313901,56605,,1782475582986199573,1782475582986456869,1782475582986456869,,1782475582986513474,1782475582986513474,,0,1.000000000000,1.000000000000,1.000000000000,,0.533763725258,,1
786,316688,316688,316688,57614,,1782475582986315924,1782475582986574998,1782475582986574998,,1782475582986632612,1782475582986632612,,1,1.000000000000,1.000000000000,1.000000000000,,0.530796802749,,1
787,314106,314106,314106,56994,,1782475582986434734,1782475582986691846,1782475582986691846,,1782475582986748840,1782475582986748840,,1,1.000000000000,1.000000000000,1.000000000000,,0.533544926988,,1
788,329563,329563,329563,72623,,1782475582986551425,1782475582986808365,1782475582986808365,,1782475582986880988,1782475582986880988,,2,1.000000000000,1.000000000000,1.000000000000,,0.517303260021,,1
789,316121,316121,316121,57504,,1782475582986668136,1782475582986926753,1782475582986926753,,1782475582986984257,1782475582986984257,,1,1.000000000000,1.000000000000,1.000000000000,,0.531399067743,,1
790,323839,323839,323839,58123,,1782475582986785806,1782475582987051522,1782475582987051522,,1782475582987109645,1782475582987109645,,0,1.000000000000,1.000000000000,1.000000000000,,0.523259375498,,1
791,314657,314657,314657,57183,,1782475582986902067,1782475582987159541,1782475582987159541,,1782475582987216724,1782475582987216724,,3,1.000000000000,1.000000000000,1.000000000000,,0.532957284329,,1
792,314594,314594,314594,58063,,1782475582987018758,1782475582987275289,1782475582987275289,,1782475582987333352,1782475582987333352,,0,1.000000000000,1.000000000000,1.000000000000,,0.533024441177,,1
793,325001,325001,325001,64472,,1782475582987135399,1782475582987395928,1782475582987395928,,1782475582987460400,1782475582987460400,,1,1.000000000000,1.000000000000,1.000000000000,,0.522044732671,,1
794,317049,317049,317049,59993,,1782475582987255520,1782475582987512576,1782475582987512576,,1782475582987572569,1782475582987572569,,1,1.000000000000,1.000000000000,1.000000000000,,0.530413705772,,1
795,314457,314457,314457,56852,,1782475582987372110,1782475582987629715,1782475582987629715,,1782475582987686567,1782475582987686567,,2,1.000000000000,1.000000000000,1.000000000000,,0.533170509885,,1
796,313994,313994,313994,56712,,1782475582987490661,1782475582987747943,1782475582987747943,,1782475582987804655,1782475582987804655,,0,1.000000000000,1.000000000000,1.000000000000,,0.533664454438,,1
797,317372,317372,317372,57882,,1782475582987607152,1782475582987866642,1782475582987866642,,1782475582987924524,1782475582987924524,,1,1.000000000000,1.000000000000,1.000000000000,,0.530071169169,,1
798,316300,316300,316300,57972,,1782475582987723482,1782475582987981810,1782475582987981810,,1782475582988039782,1782475582988039782,,0,1.000000000000,1.000000000000,1.000000000000,,0.531208860925,,1
799,316048,316048,316048,56962,,1782475582987840043,1782475582988099129,1782475582988099129,,1782475582988156091,1782475582988156091,,0,1.000000000000,1.000000000000,1.000000000000,,0.531476657670,,1
800,314225,314225,314225,56862,,1782475582987956214,1782475582988213577,1782475582988213577,,1782475582988270439,1782475582988270439,,1,1.000000000000,1.000000000000,1.000000000000,,0.533417958405,,1
801,322313,322313,322313,57531,,1782475582988072704,1782475582988337486,1782475582988337486,,1782475582988395017,1782475582988395017,,1,1.000000000000,1.000000000000,1.000000000000,,0.524858802596,,1
802,318112,318112,318112,58963,,1782475582988189585,1782475582988448734,1782475582988448734,,1782475582988507697,1782475582988507697,,0,1.000000000000,1.000000000000,1.000000000000,,0.529287244086,,1
803,314618,314618,314618,58392,,1782475582988306647,1782475582988562873,1782475582988562873,,1782475582988621265,1782475582988621265,,0,1.000000000000,1.000000000000,1.000000000000,,0.532998856618,,1
804,314256,314256,314256,56792,,1782475582988423437,1782475582988680901,1782475582988680901,,1782475582988737693,1782475582988737693,,0,1.000000000000,1.000000000000,1.000000000000,,0.533384887517,,1
805,317334,317334,317334,57321,,1782475582988539958,1782475582988799971,1782475582988799971,,1782475582988857292,1782475582988857292,,2,1.000000000000,1.000000000000,1.000000000000,,0.530111456109,,1
806,315152,315152,315152,57140,,1782475582988657978,1782475582988915990,1782475582988915990,,1782475582988973130,1782475582988973130,,1,1.000000000000,1.000000000000,1.000000000000,,0.532429917707,,1
807,313609,313609,313609,57250,,1782475582988775489,1782475582989031848,1782475582989031848,,1782475582989089098,1782475582989089098,,3,1.000000000000,1.000000000000,1.000000000000,,0.534075534313,,1
808,335956,335956,335956,69530,,1782475582988892010,1782475582989158436,1782475582989158436,,1782475582989227966,1782475582989227966,,3,1.000000000000,1.000000000000,1.000000000000,,0.510731125728,,1
809,313095,313095,313095,58690,,1782475582989006180,1782475582989260585,1782475582989260585,,1782475582989319275,1782475582989319275,,0,1.000000000000,1.000000000000,1.000000000000,,0.534624846261,,1
810,313273,313273,313273,59560,,1782475582989123001,1782475582989376714,1782475582989376714,,1782475582989436274,1782475582989436274,,2,1.000000000000,1.000000000000,1.000000000000,,0.534434553689,,1
811,319330,319330,319330,57920,,1782475582989239732,1782475582989501142,1782475582989501142,,1782475582989559062,1782475582989559062,,2,1.000000000000,1.000000000000,1.000000000000,,0.527999469506,,1
812,314958,314958,314958,58069,,1782475582989356322,1782475582989613211,1782475582989613211,,1782475582989671280,1782475582989671280,,3,1.000000000000,1.000000000000,1.000000000000,,0.532636540597,,1
813,312575,312575,312575,58300,,1782475582989474904,1782475582989729179,1782475582989729179,,1782475582989787479,1782475582989787479,,2,1.000000000000,1.000000000000,1.000000000000,,0.535181145326,,1
814,309302,309302,309302,56889,,1782475582989591475,1782475582989843888,1782475582989843888,,1782475582989900777,1782475582989900777,,3,1.000000000000,1.000000000000,1.000000000000,,0.538695932451,,1
815,313610,313610,313610,56669,,1782475582989707975,1782475582989964916,1782475582989964916,,1782475582990021585,1782475582990021585,,3,1.000000000000,1.000000000000,1.000000000000,,0.534074466163,,1
816,308568,308568,308568,56179,,1782475582989824526,1782475582990076915,1782475582990076915,,1782475582990133094,1782475582990133094,,0,1.000000000000,1.000000000000,1.000000000000,,0.539487318815,,1
817,323115,323115,323115,56379,,1782475582989941207,1782475582990207943,1782475582990207943,,1782475582990264322,1782475582990264322,,0,1.000000000000,1.000000000000,1.000000000000,,0.524017603898,,1
818,314363,314363,314363,61218,,1782475582990057667,1782475582990310812,1782475582990310812,,1782475582990372030,1782475582990372030,,0,1.000000000000,1.000000000000,1.000000000000,,0.533270755363,,1
819,316101,316101,316101,58358,,1782475582990173898,1782475582990431641,1782475582990431641,,1782475582990489999,1782475582990489999,,0,1.000000000000,1.000000000000,1.000000000000,,0.531420324130,,1
820,321109,321109,321109,66518,,1782475582990290478,1782475582990545069,1782475582990545069,,1782475582990611587,1782475582990611587,,2,1.000000000000,1.000000000000,1.000000000000,,0.526124185502,,1
821,314306,314306,314306,61067,,1782475582990406919,1782475582990660158,1782475582990660158,,1782475582990721225,1782475582990721225,,3,1.000000000000,1.000000000000,1.000000000000,,0.533331551695,,1
822,309964,309964,309964,57018,,1782475582990523320,1782475582990776266,1782475582990776266,,1782475582990833284,1782475582990833284,,2,1.000000000000,1.000000000000,1.000000000000,,0.537983170989,,1
823,313171,313171,313171,57687,,1782475582990639441,1782475582990894925,1782475582990894925,,1782475582990952612,1782475582990952612,,3,1.000000000000,1.000000000000,1.000000000000,,0.534543589460,,1
824,311579,311579,311579,57888,,1782475582990755892,1782475582991009583,1782475582991009583,,1782475582991067471,1782475582991067471,,2,1.000000000000,1.000000000000,1.000000000000,,0.536248288690,,1
825,308846,308846,308846,57167,,1782475582990872273,1782475582991123952,1782475582991123952,,1782475582991181119,1782475582991181119,,0,1.000000000000,1.000000000000,1.000000000000,,0.539187447238,,1
826,313084,313084,313084,60277,,1782475582990988523,1782475582991241330,1782475582991241330,,1782475582991301607,1782475582991301607,,1,1.000000000000,1.000000000000,1.000000000000,,0.534636608137,,1
827,318372,318372,318372,60477,,1782475582991104954,1782475582991362849,1782475582991362849,,1782475582991423326,1782475582991423326,,3,1.000000000000,1.000000000000,1.000000000000,,0.529012086267,,1
828,323230,323230,323230,66978,,1782475582991220875,1782475582991477127,1782475582991477127,,1782475582991544105,1782475582991544105,,2,1.000000000000,1.000000000000,1.000000000000,,0.523897093708,,1
829,313358,313358,313358,58057,,1782475582991337685,1782475582991592986,1782475582991592986,,1782475582991651043,1782475582991651043,,2,1.000000000000,1.000000000000,1.000000000000,,0.534343707537,,1
830,312266,312266,312266,56936,,1782475582991456496,1782475582991711826,1782475582991711826,,1782475582991768762,1782475582991768762,,1,1.000000000000,1.000000000000,1.000000000000,,0.535511989494,,1
831,312594,312594,312594,56436,,1782475582991572986,1782475582991829144,1782475582991829144,,1782475582991885580,1782475582991885580,,0,1.000000000000,1.000000000000,1.000000000000,,0.535160808829,,1
832,308721,308721,308721,56125,,1782475582991689697,1782475582991942293,1782475582991942293,,1782475582991998418,1782475582991998418,,0,1.000000000000,1.000000000000,1.000000000000,,0.539322260951,,1
833,312139,312139,312139,59096,,1782475582991806268,1782475582992059311,1782475582992059311,,1782475582992118407,1782475582992118407,,0,1.000000000000,1.000000000000,1.000000000000,,0.535648026816,,1
834,322736,322736,322736,57595,,1782475582991923289,1782475582992188430,1782475582992188430,,1782475582992246025,1782475582992246025,,1,1.000000000000,1.000000000000,1.000000000000,,0.524414959821,,1
835,309703,309703,309703,56745,,1782475582992054690,1782475582992307648,1782475582992307648,,1782475582992364393,1782475582992364393,,2,1.000000000000,1.000000000000,1.000000000000,,0.538264071512,,1
836,323680,323680,323680,61425,,1782475582992171401,1782475582992433656,1782475582992433656,,1782475582992495081,1782475582992495081,,1,1.000000000000,1.000000000000,1.000000000000,,0.523425798439,,1
837,316349,316349,316349,62425,,1782475582992286191,1782475582992540115,1782475582992540115,,1782475582992602540,1782475582992602540,,1,1.000000000000,1.000000000000,1.000000000000,,0.531156805008,,1
838,314476,314476,314476,60074,,1782475582992403342,1782475582992657744,1782475582992657744,,1782475582992717818,1782475582992717818,,1,1.000000000000,1.000000000000,1.000000000000,,0.533150249790,,1
839,314094,314094,314094,61705,,1782475582992520223,1782475582992772612,1782475582992772612,,1782475582992834317,1782475582992834317,,0,1.000000000000,1.000000000000,1.000000000000,,0.533557732220,,1
840,311802,311802,311802,59044,,1782475582992636873,1782475582992889631,1782475582992889631,,1782475582992948675,1782475582992948675,,1,1.000000000000,1.000000000000,1.000000000000,,0.536009175279,,1
841,313719,313719,313719,57624,,1782475582992753604,1782475582993009699,1782475582993009699,,1782475582993067323,1782475582993067323,,1,1.000000000000,1.000000000000,1.000000000000,,0.533958050620,,1
842,311618,311618,311618,57944,,1782475582992869714,1782475582993123388,1782475582993123388,,1782475582993181332,1782475582993181332,,3,1.000000000000,1.000000000000,1.000000000000,,0.536206462954,,1
843,310095,310095,310095,58454,,1782475582992986095,1782475582993237736,1782475582993237736,,1782475582993296190,1782475582993296190,,0,1.000000000000,1.000000000000,1.000000000000,,0.537842237861,,1
844,315951,315951,315951,58533,,1782475582993102637,1782475582993360055,1782475582993360055,,1782475582993418588,1782475582993418588,,0,1.000000000000,1.000000000000,1.000000000000,,0.531579774144,,1
845,316490,316490,316490,58984,,1782475582993219327,1782475582993476833,1782475582993476833,,1782475582993535817,1782475582993535817,,1,1.000000000000,1.000000000000,1.000000000000,,0.531007039907,,1
846,312677,312677,312677,57273,,1782475582993336048,1782475582993591452,1782475582993591452,,1782475582993648725,1782475582993648725,,3,1.000000000000,1.000000000000,1.000000000000,,0.535071979508,,1
847,313625,313625,313625,57304,,1782475582993455069,1782475582993711390,1782475582993711390,,1782475582993768694,1782475582993768694,,0,1.000000000000,1.000000000000,1.000000000000,,0.534058444170,,1
848,317403,317403,317403,64753,,1782475582993571619,1782475582993824269,1782475582993824269,,1782475582993889022,1782475582993889022,,0,1.000000000000,1.000000000000,1.000000000000,,0.530038305775,,1
849,312830,312830,312830,59652,,1782475582993687980,1782475582993941158,1782475582993941158,,1782475582994000810,1782475582994000810,,1,1.000000000000,1.000000000000,1.000000000000,,0.534908272530,,1
850,308759,308759,308759,55843,,1782475582993805430,1782475582994058346,1782475582994058346,,1782475582994114189,1782475582994114189,,2,1.000000000000,1.000000000000,1.000000000000,,0.539281274017,,1
851,307006,307006,307006,55512,,1782475582993922951,1782475582994174445,1782475582994174445,,1782475582994229957,1782475582994229957,,2,1.000000000000,1.000000000000,1.000000000000,,0.541175312472,,1
852,322453,322453,322453,58052,,1782475582994039442,1782475582994303843,1782475582994303843,,1782475582994361895,1782475582994361895,,0,1.000000000000,1.000000000000,1.000000000000,,0.524711862704,,1
853,327642,327642,327642,72322,,1782475582994170582,1782475582994425902,1782475582994425902,,1782475582994498224,1782475582994498224,,3,1.000000000000,1.000000000000,1.000000000000,,0.519294561987,,1
854,312759,312759,312759,57383,,1782475582994287104,1782475582994542480,1782475582994542480,,1782475582994599863,1782475582994599863,,0,1.000000000000,1.000000000000,1.000000000000,,0.534984234898,,1
855,309656,309656,309656,56932,,1782475582994404345,1782475582994657069,1782475582994657069,,1782475582994714001,1782475582994714001,,2,1.000000000000,1.000000000000,1.000000000000,,0.538314670713,,1
856,314565,314565,314565,57732,,1782475582994523515,1782475582994780348,1782475582994780348,,1782475582994838080,1782475582994838080,,0,1.000000000000,1.000000000000,1.000000000000,,0.533055357492,,1
857,310362,310362,310362,57361,,1782475582994640176,1782475582994893177,1782475582994893177,,1782475582994950538,1782475582994950538,,3,1.000000000000,1.000000000000,1.000000000000,,0.537555106777,,1
858,310939,310939,310939,58091,,1782475582994756407,1782475582995009255,1782475582995009255,,1782475582995067346,1782475582995067346,,1,1.000000000000,1.000000000000,1.000000000000,,0.536935125981,,1
859,309648,309648,309648,58641,,1782475582994873417,1782475582995124424,1782475582995124424,,1782475582995183065,1782475582995183065,,0,1.000000000000,1.000000000000,1.000000000000,,0.538323283817,,1
860,309375,309375,309375,57111,,1782475582994989518,1782475582995241782,1782475582995241782,,1782475582995298893,1782475582995298893,,3,1.000000000000,1.000000000000,1.000000000000,,0.538617288586,,1
861,312393,312393,312393,59720,,1782475582995105708,1782475582995358381,1782475582995358381,,1782475582995418101,1782475582995418101,,1,1.000000000000,1.000000000000,1.000000000000,,0.535375986722,,1
862,317461,317461,317461,60331,,1782475582995229979,1782475582995487109,1782475582995487109,,1782475582995547440,1782475582995547440,,1,1.000000000000,1.000000000000,1.000000000000,,0.529976824898,,1
863,312998,312998,312998,57310,,1782475582995347050,1782475582995602738,1782475582995602738,,1782475582995660048,1782475582995660048,,2,1.000000000000,1.000000000000,1.000000000000,,0.534728573542,,1
864,315035,315035,315035,56250,,1782475582995463411,1782475582995722196,1782475582995722196,,1782475582995778446,1782475582995778446,,2,1.000000000000,1.000000000000,1.000000000000,,0.532554520886,,1
865,309233,309233,309233,57210,,1782475582995577782,1782475582995829805,1782475582995829805,,1782475582995887015,1782475582995887015,,3,1.000000000000,1.000000000000,1.000000000000,,0.538770277619,,1
866,309890,309890,309890,57219,,1782475582995694073,1782475582995946744,1782475582995946744,,1782475582996003963,1782475582996003963,,0,1.000000000000,1.000000000000,1.000000000000,,0.538062798390,,1
867,307819,307819,307819,56480,,1782475582995810543,1782475582996061882,1782475582996061882,,1782475582996118362,1782475582996118362,,2,1.000000000000,1.000000000000,1.000000000000,,0.540296076427,,1
868,328436,328436,328436,61810,,1782475582995926714,1782475582996193340,1782475582996193340,,1782475582996255150,1782475582996255150,,3,1.000000000000,1.000000000000,1.000000000000,,0.518470576640,,1
869,315833,315833,315833,63289,,1782475582996055555,1782475582996308099,1782475582996308099,,1782475582996371388,1782475582996371388,,0,1.000000000000,1.000000000000,1.000000000000,,0.531705241775,,1
870,317651,317651,317651,60199,,1782475582996173085,1782475582996430537,1782475582996430537,,1782475582996490736,1782475582996490736,,3,1.000000000000,1.000000000000,1.000000000000,,0.529775471964,,1
871,313019,313019,313019,59049,,1782475582996290436,1782475582996544406,1782475582996544406,,1782475582996603455,1782475582996603455,,3,1.000000000000,1.000000000000,1.000000000000,,0.534706115414,,1
872,312026,312026,312026,59238,,1782475582996406897,1782475582996659685,1782475582996659685,,1782475582996718923,1782475582996718923,,2,1.000000000000,1.000000000000,1.000000000000,,0.535769096950,,1
873,314614,314614,314614,59798,,1782475582996523647,1782475582996778463,1782475582996778463,,1782475582996838261,1782475582996838261,,1,1.000000000000,1.000000000000,1.000000000000,,0.533003120626,,1
874,312411,312411,312411,58688,,1782475582996640099,1782475582996893822,1782475582996893822,,1782475582996952510,1782475582996952510,,0,1.000000000000,1.000000000000,1.000000000000,,0.535356713533,,1
875,309089,309089,309089,56528,,1782475582996756569,1782475582997009130,1782475582997009130,,1782475582997065658,1782475582997065658,,0,1.000000000000,1.000000000000,1.000000000000,,0.538925465805,,1
876,308517,308517,308517,57118,,1782475582996873010,1782475582997124409,1782475582997124409,,1782475582997181527,1782475582997181527,,3,1.000000000000,1.000000000000,1.000000000000,,0.539542349328,,1
877,315794,315794,315794,61008,,1782475582996989371,1782475582997244157,1782475582997244157,,1782475582997305165,1782475582997305165,,2,1.000000000000,1.000000000000,1.000000000000,,0.531746716402,,1
878,313912,313912,313912,58937,,1782475582997105651,1782475582997360626,1782475582997360626,,1782475582997419563,1782475582997419563,,1,1.000000000000,1.000000000000,1.000000000000,,0.533751982586,,1
879,316360,316360,316360,58858,,1782475582997224642,1782475582997482144,1782475582997482144,,1782475582997541002,1782475582997541002,,1,1.000000000000,1.000000000000,1.000000000000,,0.531145119687,,1
880,313288,313288,313288,59018,,1782475582997341633,1782475582997595903,1782475582997595903,,1782475582997654921,1782475582997654921,,0,1.000000000000,1.000000000000,1.000000000000,,0.534418520893,,1
881,308226,308226,308226,56288,,1782475582997458143,1782475582997710081,1782475582997710081,,1782475582997766369,1782475582997766369,,3,1.000000000000,1.000000000000,1.000000000000,,0.539856454371,,1
882,309394,309394,309394,56487,,1782475582997574794,1782475582997827701,1782475582997827701,,1782475582997884188,1782475582997884188,,1,1.000000000000,1.000000000000,1.000000000000,,0.538596821518,,1
883,308241,308241,308241,57386,,1782475582997691125,1782475582997941980,1782475582997941980,,1782475582997999366,1782475582997999366,,3,1.000000000000,1.000000000000,1.000000000000,,0.539840258921,,1
884,311659,311659,311659,55596,,1782475582997807365,1782475582998063428,1782475582998063428,,1782475582998119024,1782475582998119024,,3,1.000000000000,1.000000000000,1.000000000000,,0.536162495827,,1
885,306966,306966,306966,55016,,1782475582997923787,1782475582998175737,1782475582998175737,,1782475582998230753,1782475582998230753,,1,1.000000000000,1.000000000000,1.000000000000,,0.541218608229,,1
886,328044,328044,328044,69876,,1782475582998040027,1782475582998298195,1782475582998298195,,1782475582998368071,1782475582998368071,,3,1.000000000000,1.000000000000,1.000000000000,,0.518877216955,,1
887,317021,317021,317021,60155,,1782475582998156378,1782475582998413244,1782475582998413244,,1782475582998473399,1782475582998473399,,2,1.000000000000,1.000000000000,1.000000000000,,0.530443409771,,1
888,317739,317739,317739,61066,,1782475582998275209,1782475582998531882,1782475582998531882,,1782475582998592948,1782475582998592948,,3,1.000000000000,1.000000000000,1.000000000000,,0.529682239685,,1
889,313187,313187,313187,59495,,1782475582998391959,1782475582998645651,1782475582998645651,,1782475582998705146,1782475582998705146,,3,1.000000000000,1.000000000000,1.000000000000,,0.534526484338,,1
890,311944,311944,311944,58665,,1782475582998508430,1782475582998761709,1782475582998761709,,1782475582998820374,1782475582998820374,,1,1.000000000000,1.000000000000,1.000000000000,,0.535856970287,,1
891,312962,312962,312962,60125,,1782475582998625751,1782475582998878588,1782475582998878588,,1782475582998938713,1782475582998938713,,1,1.000000000000,1.000000000000,1.000000000000,,0.534767075385,,1
892,317630,317630,317630,58005,,1782475582998742191,1782475582999001816,1782475582999001816,,1782475582999059821,1782475582999059821,,3,1.000000000000,1.000000000000,1.000000000000,,0.529797723001,,1
893,313898,313898,313898,62555,,1782475582998856002,1782475582999107345,1782475582999107345,,1782475582999169900,1782475582999169900,,0,1.000000000000,1.000000000000,1.000000000000,,0.533766927850,,1
894,309515,309515,309515,57105,,1782475582998972513,1782475582999224923,1782475582999224923,,1782475582999282028,1782475582999282028,,0,1.000000000000,1.000000000000,1.000000000000,,0.538466496857,,1
895,320172,320172,320172,58194,,1782475582999088914,1782475582999350892,1782475582999350892,,1782475582999409086,1782475582999409086,,0,1.000000000000,1.000000000000,1.000000000000,,0.527111066644,,1
896,313020,313020,313020,59935,,1782475582999205355,1782475582999458440,1782475582999458440,,1782475582999518375,1782475582999518375,,1,1.000000000000,1.000000000000,1.000000000000,,0.534705046002,,1
897,310738,310738,310738,57334,,1782475582999322315,1782475582999575719,1782475582999575719,,1782475582999633053,1782475582999633053,,0,1.000000000000,1.000000000000,1.000000000000,,0.537151017293,,1
898,312115,312115,312115,59954,,1782475582999438956,1782475582999691117,1782475582999691117,,1782475582999751071,1782475582999751071,,2,1.000000000000,1.000000000000,1.000000000000,,0.535673738538,,1
899,311213,311213,311213,57014,,1782475582999555467,1782475582999809666,1782475582999809666,,1782475582999866680,1782475582999866680,,0,1.000000000000,1.000000000000,1.000000000000,,0.536640966139,,1
900,309951,309951,309951,57603,,1782475582999672307,1782475582999924655,1782475582999924655,,1782475582999982258,1782475582999982258,,3,1.000000000000,1.000000000000,1.000000000000,,0.537997158733,,1
901,309549,309549,309549,56564,,1782475582999788748,1782475583000041733,1782475583000041733,,1782475583000098297,1782475583000098297,,3,1.000000000000,1.000000000000,1.000000000000,,0.538429882380,,1
902,312826,312826,312826,60313,,1782475582999905119,1782475583000157632,1782475583000157632,,1782475583000217945,1782475583000217945,,2,1.000000000000,1.000000000000,1.000000000000,,0.534912551814,,1
903,310804,310804,310804,57363,,1782475583000021509,1782475583000274950,1782475583000274950,,1782475583000332313,1782475583000332313,,3,1.000000000000,1.000000000000,1.000000000000,,0.537080118038,,1
904,321011,321011,321011,60592,,1782475583000138400,1782475583000398819,1782475583000398819,,1782475583000459411,1782475583000459411,,3,1.000000000000,1.000000000000,1.000000000000,,0.526227315949,,1
905,314779,314779,314779,60274,,1782475583000263372,1782475583000517877,1782475583000517877,,1782475583000578151,1782475583000578151,,1,1.000000000000,1.000000000000,1.000000000000,,0.532827258615,,1
906,311897,311897,311897,56833,,1782475583000381072,1782475583000636136,1782475583000636136,,1782475583000692969,1782475583000692969,,3,1.000000000000,1.000000000000,1.000000000000,,0.535907343210,,1
907,310665,310665,310665,56623,,1782475583000497533,1782475583000751575,1782475583000751575,,1782475583000808198,1782475583000808198,,0,1.000000000000,1.000000000000,1.000000000000,,0.537229447067,,1
908,309562,309562,309562,57662,,1782475583000614404,1782475583000866304,1782475583000866304,,1782475583000923966,1782475583000923966,,0,1.000000000000,1.000000000000,1.000000000000,,0.538415883385,,1
909,309760,309760,309760,56822,,1782475583000730824,1782475583000983762,1782475583000983762,,1782475583001040584,1782475583001040584,,1,1.000000000000,1.000000000000,1.000000000000,,0.538202712906,,1
910,314778,314778,314778,58022,,1782475583000847285,1782475583001104041,1782475583001104041,,1782475583001162063,1782475583001162063,,2,1.000000000000,1.000000000000,1.000000000000,,0.532828324271,,1
911,313366,313366,313366,56652,,1782475583000964175,1782475583001220889,1782475583001220889,,1782475583001277541,1782475583001277541,,3,1.000000000000,1.000000000000,1.000000000000,,0.534335158107,,1
912,316733,316733,316733,58741,,1782475583001081086,1782475583001339078,1782475583001339078,,1782475583001397819,1782475583001397819,,1,1.000000000000,1.000000000000,1.000000000000,,0.530749033186,,1
913,323640,323640,323640,63271,,1782475583001197877,1782475583001458246,1782475583001458246,,1782475583001521517,1782475583001521517,,1,1.000000000000,1.000000000000,1.000000000000,,0.523467674178,,1
914,312389,312389,312389,58021,,1782475583001314547,1782475583001568915,1782475583001568915,,1782475583001626936,1782475583001626936,,3,1.000000000000,1.000000000000,1.000000000000,,0.535380269747,,1
915,311545,311545,311545,56961,,1782475583001430759,1782475583001685343,1782475583001685343,,1782475583001742304,1782475583001742304,,2,1.000000000000,1.000000000000,1.000000000000,,0.536284754813,,1
916,313723,313723,313723,56201,,1782475583001547490,1782475583001805012,1782475583001805012,,1782475583001861213,1782475583001861213,,1,1.000000000000,1.000000000000,1.000000000000,,0.533953778972,,1
917,311521,311521,311521,56961,,1782475583001664020,1782475583001918580,1782475583001918580,,1782475583001975541,1782475583001975541,,0,1.000000000000,1.000000000000,1.000000000000,,0.536310497099,,1
918,309868,309868,309868,57200,,1782475583001780341,1782475583002033009,1782475583002033009,,1782475583002090209,1782475583002090209,,1,1.000000000000,1.000000000000,1.000000000000,,0.538086473674,,1
919,314576,314576,314576,63211,,1782475583001896492,1782475583002147857,1782475583002147857,,1782475583002211068,1782475583002211068,,0,1.000000000000,1.000000000000,1.000000000000,,0.533043630403,,1
920,324264,324264,324264,58780,,1782475583002012792,1782475583002278276,1782475583002278276,,1782475583002337056,1782475583002337056,,0,1.000000000000,1.000000000000,1.000000000000,,0.522814794002,,1
921,320102,320102,320102,58621,,1782475583002126533,1782475583002388014,1782475583002388014,,1782475583002446635,1782475583002446635,,2,1.000000000000,1.000000000000,1.000000000000,,0.527184867360,,1
922,317029,317029,317029,58570,,1782475583002245184,1782475583002503643,1782475583002503643,,1782475583002562213,1782475583002562213,,1,1.000000000000,1.000000000000,1.000000000000,,0.530434922744,,1
923,315767,315767,315767,58639,,1782475583002361684,1782475583002618812,1782475583002618812,,1782475583002677451,1782475583002677451,,1,1.000000000000,1.000000000000,1.000000000000,,0.531775431500,,1
924,319345,319345,319345,57960,,1782475583002478035,1782475583002739420,1782475583002739420,,1782475583002797380,1782475583002797380,,1,1.000000000000,1.000000000000,1.000000000000,,0.527983629759,,1
925,316543,316543,316543,57989,,1782475583002594325,1782475583002852879,1782475583002852879,,1782475583002910868,1782475583002910868,,0,1.000000000000,1.000000000000,1.000000000000,,0.530950756144,,1
926,315499,315499,315499,57659,,1782475583002710777,1782475583002968617,1782475583002968617,,1782475583003026276,1782475583003026276,,1,1.000000000000,1.000000000000,1.000000000000,,0.532060539533,,1
927,315257,315257,315257,56529,,1782475583002827038,1782475583003085766,1782475583003085766,,1782475583003142295,1782475583003142295,,2,1.000000000000,1.000000000000,1.000000000000,,0.532318119163,,1
928,327755,327755,327755,58439,,1782475583002943598,1782475583003212914,1782475583003212914,,1782475583003271353,1782475583003271353,,2,1.000000000000,1.000000000000,1.000000000000,,0.519177214677,,1
929,349302,349302,349302,82228,,1782475583003060359,1782475583003327433,1782475583003327433,,1782475583003409661,1782475583003409661,,2,1.000000000000,1.000000000000,1.000000000000,,0.497279020977,,1
930,331291,331291,331291,84170,,1782475583003176890,1782475583003424011,1782475583003424011,,1782475583003508181,1782475583003508181,,1,1.000000000000,1.000000000000,1.000000000000,,0.515518545717,,1
931,317249,317249,317249,58419,,1782475583003293930,1782475583003552760,1782475583003552760,,1782475583003611179,1782475583003611179,,0,1.000000000000,1.000000000000,1.000000000000,,0.530201582717,,1
932,318537,318537,318537,58170,,1782475583003410231,1782475583003670598,1782475583003670598,,1782475583003728768,1782475583003728768,,1,1.000000000000,1.000000000000,1.000000000000,,0.528837541080,,1
933,324004,324004,324004,66468,,1782475583003526842,1782475583003784378,1782475583003784378,,1782475583003850846,1782475583003850846,,3,1.000000000000,1.000000000000,1.000000000000,,0.523086728392,,1
934,315472,315472,315472,57728,,1782475583003643202,1782475583003900946,1782475583003900946,,1782475583003958674,1782475583003958674,,3,1.000000000000,1.000000000000,1.000000000000,,0.532089271578,,1
935,317520,317520,317520,57728,,1782475583003759483,1782475583004019275,1782475583004019275,,1782475583004077003,1782475583004077003,,3,1.000000000000,1.000000000000,1.000000000000,,0.529914291322,,1
936,313827,313827,313827,57287,,1782475583003876244,1782475583004132784,1782475583004132784,,1782475583004190071,1782475583004190071,,1,1.000000000000,1.000000000000,1.000000000000,,0.533842728136,,1
937,314445,314445,314445,57528,,1782475583003992795,1782475583004249712,1782475583004249712,,1782475583004307240,1782475583004307240,,0,1.000000000000,1.000000000000,1.000000000000,,0.533183306131,,1
938,317352,317352,317352,58667,,1782475583004109806,1782475583004368491,1782475583004368491,,1782475583004427158,1782475583004427158,,0,1.000000000000,1.000000000000,1.000000000000,,0.530092372440,,1
939,317830,317830,317830,57237,,1782475583004228966,1782475583004489559,1782475583004489559,,1782475583004546796,1782475583004546796,,1,1.000000000000,1.000000000000,1.000000000000,,0.529585846290,,1
940,314278,314278,314278,56717,,1782475583004345707,1782475583004603268,1782475583004603268,,1782475583004659985,1782475583004659985,,2,1.000000000000,1.000000000000,1.000000000000,,0.533361419098,,1
941,315405,315405,315405,58527,,1782475583004462098,1782475583004718976,1782475583004718976,,1782475583004777503,1782475583004777503,,2,1.000000000000,1.000000000000,1.000000000000,,0.532160576318,,1
942,314093,314093,314093,56916,,1782475583004578628,1782475583004835805,1782475583004835805,,1782475583004892721,1782475583004892721,,2,1.000000000000,1.000000000000,1.000000000000,,0.533558799336,,1
943,321251,321251,321251,58067,,1782475583004695259,1782475583004958443,1782475583004958443,,1782475583005016510,1782475583005016510,,3,1.000000000000,1.000000000000,1.000000000000,,0.525974787449,,1
944,314239,314239,314239,56736,,1782475583004811959,1782475583005069462,1782475583005069462,,1782475583005126198,1782475583005126198,,3,1.000000000000,1.000000000000,1.000000000000,,0.533403022911,,1
945,313197,313197,313197,56537,,1782475583004929280,1782475583005185940,1782475583005185940,,1782475583005242477,1782475583005242477,,0,1.000000000000,1.000000000000,1.000000000000,,0.534515793916,,1
946,316883,316883,316883,58176,,1782475583005046002,1782475583005304709,1782475583005304709,,1782475583005362885,1782475583005362885,,0,1.000000000000,1.000000000000,1.000000000000,,0.530589832357,,1
947,315861,315861,315861,57546,,1782475583005165252,1782475583005423567,1782475583005423567,,1782475583005481113,1782475583005481113,,0,1.000000000000,1.000000000000,1.000000000000,,0.531675467115,,1
948,321108,321108,321108,58545,,1782475583005284323,1782475583005546886,1782475583005546886,,1782475583005605431,1782475583005605431,,2,1.000000000000,1.000000000000,1.000000000000,,0.526125237751,,1
949,315716,315716,315716,57396,,1782475583005398894,1782475583005657214,1782475583005657214,,1782475583005714610,1782475583005714610,,1,1.000000000000,1.000000000000,1.000000000000,,0.531829675360,,1
950,318234,318234,318234,58675,,1782475583005516014,1782475583005775573,1782475583005775573,,1782475583005834248,1782475583005834248,,3,1.000000000000,1.000000000000,1.000000000000,,0.529158113753,,1
951,315352,315352,315352,57275,,1782475583005632355,1782475583005890432,1782475583005890432,,1782475583005947707,1782475583005947707,,2,1.000000000000,1.000000000000,1.000000000000,,0.532216988329,,1
952,324909,324909,324909,67055,,1782475583005748716,1782475583006006570,1782475583006006570,,1782475583006073625,1782475583006073625,,1,1.000000000000,1.000000000000,1.000000000000,,0.522140797739,,1
953,321127,321127,321127,62744,,1782475583005865446,1782475583006123829,1782475583006123829,,1782475583006186573,1782475583006186573,,1,1.000000000000,1.000000000000,1.000000000000,,0.526105245372,,1
954,319615,319615,319615,59365,,1782475583005982327,1782475583006242577,1782475583006242577,,1782475583006301942,1782475583006301942,,0,1.000000000000,1.000000000000,1.000000000000,,0.527698595566,,1
955,320733,320733,320733,58334,,1782475583006099057,1782475583006361456,1782475583006361456,,1782475583006419790,1782475583006419790,,0,1.000000000000,1.000000000000,1.000000000000,,0.526519979689,,1
956,313650,313650,313650,56835,,1782475583006218219,1782475583006475034,1782475583006475034,,1782475583006531869,1782475583006531869,,2,1.000000000000,1.000000000000,1.000000000000,,0.534031741915,,1
957,318678,318678,318678,57775,,1782475583006334690,1782475583006595593,1782475583006595593,,1782475583006653368,1782475583006653368,,0,1.000000000000,1.000000000000,1.000000000000,,0.528688429919,,1
958,317026,317026,317026,57655,,1782475583006451070,1782475583006710441,1782475583006710441,,1782475583006768096,1782475583006768096,,3,1.000000000000,1.000000000000,1.000000000000,,0.530438105363,,1
959,315784,315784,315784,57054,,1782475583006567351,1782475583006826081,1782475583006826081,,1782475583006883135,1782475583006883135,,0,1.000000000000,1.000000000000,1.000000000000,,0.531757351442,,1
960,315021,315021,315021,56824,,1782475583006683642,1782475583006941839,1782475583006941839,,1782475583006998663,1782475583006998663,,2,1.000000000000,1.000000000000,1.000000000000,,0.532569432621,,1
961,321009,321009,321009,60363,,1782475583006799852,1782475583007060498,1782475583007060498,,1782475583007120861,1782475583007120861,,2,1.000000000000,1.000000000000,1.000000000000,,0.526229420862,,1
962,313717,313717,313717,57133,,1782475583006916353,1782475583007172937,1782475583007172937,,1782475583007230070,1782475583007230070,,3,1.000000000000,1.000000000000,1.000000000000,,0.533960186456,,1
963,313875,313875,313875,57593,,1782475583007032483,1782475583007288765,1782475583007288765,,1782475583007346358,1782475583007346358,,3,1.000000000000,1.000000000000,1.000000000000,,0.533791481694,,1
964,316102,316102,316102,57672,,1782475583007151414,1782475583007409844,1782475583007409844,,1782475583007467516,1782475583007467516,,0,1.000000000000,1.000000000000,1.000000000000,,0.531419261291,,1
965,317990,317990,317990,57543,,1782475583007269785,1782475583007530232,1782475583007530232,,1782475583007587775,1782475583007587775,,1,1.000000000000,1.000000000000,1.000000000000,,0.529416405931,,1
966,314818,314818,314818,57292,,1782475583007386125,1782475583007643651,1782475583007643651,,1782475583007700943,1782475583007700943,,1,1.000000000000,1.000000000000,1.000000000000,,0.532785699710,,1
967,315584,315584,315584,57062,,1782475583007502417,1782475583007760939,1782475583007760939,,1782475583007818001,1782475583007818001,,3,1.000000000000,1.000000000000,1.000000000000,,0.531970096929,,1
968,319012,319012,319012,59032,,1782475583007618988,1782475583007878968,1782475583007878968,,1782475583007938000,1782475583007938000,,0,1.000000000000,1.000000000000,1.000000000000,,0.528335383978,,1
969,315690,315690,315690,56942,,1782475583007735268,1782475583007994016,1782475583007994016,,1782475583008050958,1782475583008050958,,2,1.000000000000,1.000000000000,1.000000000000,,0.531857331222,,1
970,313138,313138,313138,56472,,1782475583007851789,1782475583008108455,1782475583008108455,,1782475583008164927,1782475583008164927,,0,1.000000000000,1.000000000000,1.000000000000,,0.534578870501,,1
971,313756,313756,313756,56752,,1782475583007968069,1782475583008225073,1782475583008225073,,1782475583008281825,1782475583008281825,,3,1.000000000000,1.000000000000,1.000000000000,,0.533918539186,,1
972,322493,322493,322493,57621,,1782475583008084680,1782475583008349552,1782475583008349552,,1782475583008407173,1782475583008407173,,2,1.000000000000,1.000000000000,1.000000000000,,0.524669887434,,1
973,320050,320050,320050,61841,,1782475583008203461,1782475583008461670,1782475583008461670,,1782475583008523511,1782475583008523511,,2,1.000000000000,1.000000000000,1.000000000000,,0.527239697437,,1
974,315439,315439,315439,57351,,1782475583008325241,1782475583008583329,1782475583008583329,,1782475583008640680,1782475583008640680,,3,1.000000000000,1.000000000000,1.000000000000,,0.532124390629,,1
975,317656,317656,317656,56631,,1782475583008441622,1782475583008702647,1782475583008702647,,1782475583008759278,1782475583008759278,,3,1.000000000000,1.000000000000,1.000000000000,,0.529770174236,,1
976,319183,319183,319183,56240,,1782475583008558433,1782475583008821376,1782475583008821376,,1782475583008877616,1782475583008877616,,3,1.000000000000,1.000000000000,1.000000000000,,0.528154724171,,1
977,314791,314791,314791,57170,,1782475583008672294,1782475583008929915,1782475583008929915,,1782475583008987085,1782475583008987085,,2,1.000000000000,1.000000000000,1.000000000000,,0.532814470914,,1
978,314738,314738,314738,57510,,1782475583008788915,1782475583009046143,1782475583009046143,,1782475583009103653,1782475583009103653,,0,1.000000000000,1.000000000000,1.000000000000,,0.532870952242,,1
979,312506,312506,312506,55830,,1782475583008905106,1782475583009161782,1782475583009161782,,1782475583009217612,1782475583009217612,,0,1.000000000000,1.000000000000,1.000000000000,,0.535255005420,,1
980,312784,312784,312784,56220,,1782475583009021526,1782475583009278090,1782475583009278090,,1782475583009334310,1782475583009334310,,0,1.000000000000,1.000000000000,1.000000000000,,0.534957486355,,1
981,330181,330181,330181,62039,,1782475583009137807,1782475583009405949,1782475583009405949,,1782475583009467988,1782475583009467988,,2,1.000000000000,1.000000000000,1.000000000000,,0.516664268170,,1
982,320260,320260,320260,57501,,1782475583009260028,1782475583009522787,1782475583009522787,,1782475583009580288,1782475583009580288,,0,1.000000000000,1.000000000000,1.000000000000,,0.527018303260,,1
983,316048,316048,316048,58130,,1782475583009377398,1782475583009635316,1782475583009635316,,1782475583009693446,1782475583009693446,,1,1.000000000000,1.000000000000,1.000000000000,,0.531476657670,,1
984,315175,315175,315175,57329,,1782475583009493759,1782475583009751605,1782475583009751605,,1782475583009808934,1782475583009808934,,0,1.000000000000,1.000000000000,1.000000000000,,0.532405426494,,1
985,324354,324354,324354,65729,,1782475583009610149,1782475583009868774,1782475583009868774,,1782475583009934503,1782475583009934503,,2,1.000000000000,1.000000000000,1.000000000000,,0.522720695808,,1
986,316551,316551,316551,56769,,1782475583009726860,1782475583009986642,1782475583009986642,,1782475583010043411,1782475583010043411,,3,1.000000000000,1.000000000000,1.000000000000,,0.530942260999,,1
987,313807,313807,313807,56428,,1782475583009843362,1782475583010100741,1782475583010100741,,1782475583010157169,1782475583010157169,,2,1.000000000000,1.000000000000,1.000000000000,,0.533864082272,,1
988,315646,315646,315646,56619,,1782475583009959882,1782475583010218909,1782475583010218909,,1782475583010275528,1782475583010275528,,3,1.000000000000,1.000000000000,1.000000000000,,0.531904136727,,1
989,327623,327623,327623,61598,,1782475583010076453,1782475583010342478,1782475583010342478,,1782475583010404076,1782475583010404076,,3,1.000000000000,1.000000000000,1.000000000000,,0.519314295556,,1
990,315861,315861,315861,57399,,1782475583010192744,1782475583010451206,1782475583010451206,,1782475583010508605,1782475583010508605,,2,1.000000000000,1.000000000000,1.000000000000,,0.531675467115,,1
991,317709,317709,317709,57778,,1782475583010307184,1782475583010567115,1782475583010567115,,1782475583010624893,1782475583010624893,,3,1.000000000000,1.000000000000,1.000000000000,,0.529714021573,,1
992,313436,313436,313436,57217,,1782475583010423665,1782475583010679884,1782475583010679884,,1782475583010737101,1782475583010737101,,0,1.000000000000,1.000000000000,1.000000000000,,0.534260356421,,1
993,316584,316584,316584,58108,,1782475583010540316,1782475583010798792,1782475583010798792,,1782475583010856900,1782475583010856900,,3,1.000000000000,1.000000000000,1.000000000000,,0.530907219967,,1
994,313612,313612,313612,56067,,1782475583010656766,1782475583010914311,1782475583010914311,,1782475583010970378,1782475583010970378,,3,1.000000000000,1.000000000000,1.000000000000,,0.534072329870,,1
995,314569,314569,314569,57917,,1782475583010773197,1782475583011029849,1782475583011029849,,1782475583011087766,1782475583011087766,,3,1.000000000000,1.000000000000,1.000000000000,,0.533051093066,,1
996,312678,312678,312678,55737,,1782475583010889577,1782475583011146518,1782475583011146518,,1782475583011202255,1782475583011202255,,3,1.000000000000,1.000000000000,1.000000000000,,0.535070909365,,1
997,315905,315905,315905,56287,,1782475583011013248,1782475583011272866,1782475583011272866,,1782475583011329153,1782475583011329153,,1,1.000000000000,1.000000000000,1.000000000000,,0.531628681733,,1
998,318691,318691,318691,61416,,1782475583011130410,1782475583011387685,1782475583011387685,,1782475583011449101,1782475583011449101,,3,1.000000000000,1.000000000000,1.000000000000,,0.528674684198,,1
999,312270,312270,312270,58247,,1782475583011246810,1782475583011500833,1782475583011500833,,1782475583011559080,1782475583011559080,,1,1.000000000000,1.000000000000,1.000000000000,,0.535507705415,,1
1000,313697,313697,313697,59236,,1782475583011363351,1782475583011617812,1782475583011617812,,1782475583011677048,1782475583011677048,,2,1.000000000000,1.000000000000,1.000000000000,,0.533981545291,,1
1001,308935,308935,308935,56767,,1782475583011479952,1782475583011732120,1782475583011732120,,1782475583011788887,1782475583011788887,,2,1.000000000000,1.000000000000,1.000000000000,,0.539091480414,,1
1002,308743,308743,308743,56556,,1782475583011596422,1782475583011848609,1782475583011848609,,1782475583011905165,1782475583011905165,,3,1.000000000000,1.000000000000,1.000000000000,,0.539298531293,,1
1003,310090,310090,310090,57215,,1782475583011713473,1782475583011966348,1782475583011966348,,1782475583012023563,1782475583012023563,,1,1.000000000000,1.000000000000,1.000000000000,,0.537847616310,,1
1004,319977,319977,319977,58575,,1782475583011829854,1782475583012091256,1782475583012091256,,1782475583012149831,1782475583012149831,,3,1.000000000000,1.000000000000,1.000000000000,,0.527316680052,,1
1005,312366,312366,312366,57625,,1782475583011952654,1782475583012207395,1782475583012207395,,1782475583012265020,1782475583012265020,,2,1.000000000000,1.000000000000,1.000000000000,,0.535404897806,,1
1006,327493,327493,327493,74565,,1782475583012069555,1782475583012322483,1782475583012322483,,1782475583012397048,1782475583012397048,,3,1.000000000000,1.000000000000,1.000000000000,,0.519449334827,,1
1007,318721,318721,318721,57806,,1782475583012186596,1782475583012447511,1782475583012447511,,1782475583012505317,1782475583012505317,,3,1.000000000000,1.000000000000,1.000000000000,,0.528642964669,,1
1008,315659,315659,315659,58896,,1782475583012303927,1782475583012560690,1782475583012560690,,1782475583012619586,1782475583012619586,,2,1.000000000000,1.000000000000,1.000000000000,,0.531890307399,,1
1009,312496,312496,312496,57585,,1782475583012420788,1782475583012675699,1782475583012675699,,1782475583012733284,1782475583012733284,,3,1.000000000000,1.000000000000,1.000000000000,,0.535265710628,,1
1010,308275,308275,308275,56365,,1782475583012536908,1782475583012788818,1782475583012788818,,1782475583012845183,1782475583012845183,,2,1.000000000000,1.000000000000,1.000000000000,,0.539803551031,,1
1011,312692,312692,312692,57584,,1782475583012653389,1782475583012908497,1782475583012908497,,1782475583012966081,1782475583012966081,,3,1.000000000000,1.000000000000,1.000000000000,,0.535055927589,,1
1012,311879,311879,311879,57504,,1782475583012770010,1782475583013024385,1782475583013024385,,1782475583013081889,1782475583013081889,,0,1.000000000000,1.000000000000,1.000000000000,,0.535926636222,,1
1013,312038,312038,312038,57954,,1782475583012887100,1782475583013141184,1782475583013141184,,1782475583013199138,1782475583013199138,,3,1.000000000000,1.000000000000,1.000000000000,,0.535756238646,,1
1014,309605,309605,309605,57414,,1782475583013006061,1782475583013258252,1782475583013258252,,1782475583013315666,1782475583013315666,,0,1.000000000000,1.000000000000,1.000000000000,,0.538369581610,,1
1015,314032,314032,314032,57933,,1782475583013122542,1782475583013378641,1782475583013378641,,1782475583013436574,1782475583013436574,,2,1.000000000000,1.000000000000,1.000000000000,,0.533623897481,,1
1016,311951,311951,311951,57764,,1782475583013239022,1782475583013493209,1782475583013493209,,1782475583013550973,1782475583013550973,,2,1.000000000000,1.000000000000,1.000000000000,,0.535849468342,,1
1017,313778,313778,313778,60883,,1782475583013356163,1782475583013609058,1782475583013609058,,1782475583013669941,1782475583013669941,,0,1.000000000000,1.000000000000,1.000000000000,,0.533895047287,,1
1018,321864,321864,321864,68103,,1782475583013472755,1782475583013726516,1782475583013726516,,1782475583013794619,1782475583013794619,,1,1.000000000000,1.000000000000,1.000000000000,,0.525330337488,,1
1019,313463,313463,313463,57973,,1782475583013589895,1782475583013845385,1782475583013845385,,1782475583013903358,1782475583013903358,,2,1.000000000000,1.000000000000,1.000000000000,,0.534231507140,,1
1020,310130,310130,310130,56742,,1782475583013707586,1782475583013960974,1782475583013960974,,1782475583014017716,1782475583014017716,,1,1.000000000000,1.000000000000,1.000000000000,,0.537804590222,,1
1021,308338,308338,308338,56613,,1782475583013824277,1782475583014076002,1782475583014076002,,1782475583014132615,1782475583014132615,,3,1.000000000000,1.000000000000,1.000000000000,,0.539735540068,,1
1022,323816,323816,323816,58303,,1782475583013942947,1782475583014208460,1782475583014208460,,1782475583014266763,1782475583014266763,,2,1.000000000000,1.000000000000,1.000000000000,,0.523283445982,,1
1023,344373,344373,344373,82732,,1782475583014059678,1782475583014321319,1782475583014321319,,1782475583014404051,1782475583014404051,,0,1.000000000000,1.000000000000,1.000000000000,,0.502205439990,,1
1024,326571,326571,326571,76891,,1782475583014175948,1782475583014425628,1782475583014425628,,1782475583014502519,1782475583014502519,,3,1.000000000000,1.000000000000,1.000000000000,,0.520408083094,,1
1025,319709,319709,319709,58472,,1782475583014293929,1782475583014555166,1782475583014555166,,1782475583014613638,1782475583014613638,,1,1.000000000000,1.000000000000,1.000000000000,,0.527599397554,,1
1026,316626,316626,316626,57901,,1782475583014410460,1782475583014669185,1782475583014669185,,1782475583014727086,1782475583014727086,,2,1.000000000000,1.000000000000,1.000000000000,,0.530862625633,,1
1027,315245,315245,315245,58082,,1782475583014527000,1782475583014784163,1782475583014784163,,1782475583014842245,1782475583014842245,,2,1.000000000000,1.000000000000,1.000000000000,,0.532330894952,,1
1028,315851,315851,315851,58051,,1782475583014643392,1782475583014901192,1782475583014901192,,1782475583014959243,1782475583014959243,,0,1.000000000000,1.000000000000,1.000000000000,,0.531686100731,,1
1029,315408,315408,315408,57291,,1782475583014759663,1782475583015017780,1782475583015017780,,1782475583015075071,1782475583015075071,,2,1.000000000000,1.000000000000,1.000000000000,,0.532157383364,,1
1030,313797,313797,313797,56831,,1782475583014879063,1782475583015136029,1782475583015136029,,1782475583015192860,1782475583015192860,,2,1.000000000000,1.000000000000,1.000000000000,,0.533874759660,,1
1031,314854,314854,314854,58001,,1782475583014995744,1782475583015252597,1782475583015252597,,1782475583015310598,1782475583015310598,,1,1.000000000000,1.000000000000,1.000000000000,,0.532747340520,,1
1032,327591,327591,327591,59710,,1782475583015112095,1782475583015379976,1782475583015379976,,1782475583015439686,1782475583015439686,,0,1.000000000000,1.000000000000,1.000000000000,,0.519347532734,,1
1033,315681,315681,315681,57052,,1782475583015226005,1782475583015484634,1782475583015484634,,1782475583015541686,1782475583015541686,,3,1.000000000000,1.000000000000,1.000000000000,,0.531866904740,,1
1034,314118,314118,314118,57241,,1782475583015342486,1782475583015599363,1782475583015599363,,1782475583015656604,1782475583015656604,,3,1.000000000000,1.000000000000,1.000000000000,,0.533532122063,,1
1035,314467,314467,314467,57041,,1782475583015458486,1782475583015715912,1782475583015715912,,1782475583015772953,1782475583015772953,,0,1.000000000000,1.000000000000,1.000000000000,,0.533159846581,,1
1036,316234,316234,316234,56920,,1782475583015574567,1782475583015833881,1782475583015833881,,1782475583015890801,1782475583015890801,,0,1.000000000000,1.000000000000,1.000000000000,,0.531278985123,,1
1037,314621,314621,314621,57700,,1782475583015691348,1782475583015948269,1782475583015948269,,1782475583016005969,1782475583016005969,,1,1.000000000000,1.000000000000,1.000000000000,,0.532995658635,,1
1038,314460,314460,314460,58420,,1782475583015807588,1782475583016063628,1782475583016063628,,1782475583016122048,1782475583016122048,,0,1.000000000000,1.000000000000,1.000000000000,,0.533167310871,,1
1039,331066,331066,331066,59670,,1782475583015926000,1782475583016197396,1782475583016197396,,1782475583016257066,1782475583016257066,,0,1.000000000000,1.000000000000,1.000000000000,,0.515750581266,,1
1040,313723,313723,313723,56599,,1782475583016052871,1782475583016309995,1782475583016309995,,1782475583016366594,1782475583016366594,,3,1.000000000000,1.000000000000,1.000000000000,,0.533953778972,,1
1041,316931,316931,316931,57469,,1782475583016169651,1782475583016429113,1782475583016429113,,1782475583016486582,1782475583016486582,,3,1.000000000000,1.000000000000,1.000000000000,,0.530538898178,,1
1042,315069,315069,315069,57399,,1782475583016285982,1782475583016543652,1782475583016543652,,1782475583016601051,1782475583016601051,,3,1.000000000000,1.000000000000,1.000000000000,,0.532518308409,,1
1043,318666,318666,318666,58649,,1782475583016402283,1782475583016662300,1782475583016662300,,1782475583016720949,1782475583016720949,,1,1.000000000000,1.000000000000,1.000000000000,,0.528701118593,,1
1044,315365,315365,315365,57909,,1782475583016519423,1782475583016776879,1782475583016776879,,1782475583016834788,1782475583016834788,,2,1.000000000000,1.000000000000,1.000000000000,,0.532203150867,,1
1045,317752,317752,317752,61488,,1782475583016635754,1782475583016892018,1782475583016892018,,1782475583016953506,1782475583016953506,,2,1.000000000000,1.000000000000,1.000000000000,,0.529668468126,,1
1046,320179,320179,320179,57428,,1782475583016751985,1782475583017014736,1782475583017014736,,1782475583017072164,1782475583017072164,,2,1.000000000000,1.000000000000,1.000000000000,,0.527103687141,,1
1047,317328,317328,317328,57758,,1782475583016870675,1782475583017130245,1782475583017130245,,1782475583017188003,1782475583017188003,,1,1.000000000000,1.000000000000,1.000000000000,,0.530117817484,,1
1048,317705,317705,317705,60358,,1782475583016987416,1782475583017244763,1782475583017244763,,1782475583017305121,1782475583017305121,,0,1.000000000000,1.000000000000,1.000000000000,,0.529718259302,,1
1049,319041,319041,319041,57987,,1782475583017103918,1782475583017364972,1782475583017364972,,1782475583017422959,1782475583017422959,,2,1.000000000000,1.000000000000,1.000000000000,,0.528304741414,,1
1050,318420,318420,318420,59978,,1782475583017220308,1782475583017478750,1782475583017478750,,1782475583017538728,1782475583017538728,,0,1.000000000000,1.000000000000,1.000000000000,,0.528961303544,,1
1051,320597,320597,320597,61997,,1782475583017336989,1782475583017595589,1782475583017595589,,1782475583017657586,1782475583017657586,,3,1.000000000000,1.000000000000,1.000000000000,,0.526663212603,,1
1052,314795,314795,314795,56897,,1782475583017453709,1782475583017711607,1782475583017711607,,1782475583017768504,1782475583017768504,,2,1.000000000000,1.000000000000,1.000000000000,,0.532810208416,,1
1053,316873,316873,316873,58497,,1782475583017569990,1782475583017828366,1782475583017828366,,1782475583017886863,1782475583017886863,,2,1.000000000000,1.000000000000,1.000000000000,,0.530600444260,,1
1054,316760,316760,316760,57627,,1782475583017686421,1782475583017945554,1782475583017945554,,1782475583018003181,1782475583018003181,,2,1.000000000000,1.000000000000,1.000000000000,,0.530720373512,,1
1055,315869,315869,315869,56717,,1782475583017802841,1782475583018061993,1782475583018061993,,1782475583018118710,1782475583018118710,,2,1.000000000000,1.000000000000,1.000000000000,,0.531666960376,,1
1056,314086,314086,314086,57057,,1782475583017921522,1782475583018178551,1782475583018178551,,1782475583018235608,1782475583018235608,,1,1.000000000000,1.000000000000,1.000000000000,,0.533566269212,,1
1057,314753,314753,314753,57486,,1782475583018038273,1782475583018295540,1782475583018295540,,1782475583018353026,1782475583018353026,,2,1.000000000000,1.000000000000,1.000000000000,,0.532854966353,,1
1058,325071,325071,325071,61006,,1782475583018154583,1782475583018418648,1782475583018418648,,1782475583018479654,1782475583018479654,,0,1.000000000000,1.000000000000,1.000000000000,,0.521971651524,,1
1059,319059,319059,319059,57967,,1782475583018270805,1782475583018531897,1782475583018531897,,1782475583018589864,1782475583018589864,,0,1.000000000000,1.000000000000,1.000000000000,,0.528285722786,,1
1060,321016,321016,321016,57947,,1782475583018387386,1782475583018650455,1782475583018650455,,1782475583018708402,1782475583018708402,,3,1.000000000000,1.000000000000,1.000000000000,,0.526222053702,,1
1061,316635,316635,316635,57766,,1782475583018501136,1782475583018760005,1782475583018760005,,1782475583018817771,1782475583018817771,,2,1.000000000000,1.000000000000,1.000000000000,,0.530853070192,,1
1062,315082,315082,315082,57785,,1782475583018617367,1782475583018874664,1782475583018874664,,1782475583018932449,1782475583018932449,,2,1.000000000000,1.000000000000,1.000000000000,,0.532504463113,,1
1063,314890,314890,314890,58255,,1782475583018733727,1782475583018990362,1782475583018990362,,1782475583019048617,1782475583019048617,,1,1.000000000000,1.000000000000,1.000000000000,,0.532708984093,,1
1064,316278,316278,316278,58335,,1782475583018852488,1782475583019110431,1782475583019110431,,1782475583019168766,1782475583019168766,,2,1.000000000000,1.000000000000,1.000000000000,,0.531232234630,,1
1065,317635,317635,317635,57265,,1782475583018969349,1782475583019229719,1782475583019229719,,1782475583019286984,1782475583019286984,,3,1.000000000000,1.000000000000,1.000000000000,,0.529792425050,,1
1066,321473,321473,321473,58404,,1782475583019087229,1782475583019350298,1782475583019350298,,1782475583019408702,1782475583019408702,,2,1.000000000000,1.000000000000,1.000000000000,,0.525741306480,,1
1067,315921,315921,315921,56955,,1782475583019203930,1782475583019462896,1782475583019462896,,1782475583019519851,1782475583019519851,,1,1.000000000000,1.000000000000,1.000000000000,,0.531611669887,,1
1068,315988,315988,315988,58354,,1782475583019320731,1782475583019578365,1782475583019578365,,1782475583019636719,1782475583019636719,,0,1.000000000000,1.000000000000,1.000000000000,,0.531540438696,,1
1069,317335,317335,317335,57974,,1782475583019437212,1782475583019696573,1782475583019696573,,1782475583019754547,1782475583019754547,,0,1.000000000000,1.000000000000,1.000000000000,,0.530110395887,,1
1070,314483,314483,314483,56934,,1782475583019551503,1782475583019809052,1782475583019809052,,1782475583019865986,1782475583019865986,,2,1.000000000000,1.000000000000,1.000000000000,,0.533142785739,,1
1071,317440,317440,317440,56874,,1782475583019668064,1782475583019928630,1782475583019928630,,1782475583019985504,1782475583019985504,,2,1.000000000000,1.000000000000,1.000000000000,,0.529999084392,,1
1072,316489,316489,316489,57094,,1782475583019785034,1782475583020044429,1782475583020044429,,1782475583020101523,1782475583020101523,,3,1.000000000000,1.000000000000,1.000000000000,,0.531008101922,,1
1073,317176,317176,317176,60884,,1782475583019904175,1782475583020160467,1782475583020160467,,1782475583020221351,1782475583020221351,,0,1.000000000000,1.000000000000,1.000000000000,,0.530278997799,,1
1074,314103,314103,314103,56593,,1782475583020020606,1782475583020278116,1782475583020278116,,1782475583020334709,1782475583020334709,,1,1.000000000000,1.000000000000,1.000000000000,,0.533548128267,,1
1075,323862,323862,323862,58964,,1782475583020137876,1782475583020402774,1782475583020402774,,1782475583020461738,1782475583020461738,,3,1.000000000000,1.000000000000,1.000000000000,,0.523235306120,,1
1076,321329,321329,321329,59973,,1782475583020260847,1782475583020522203,1782475583020522203,,1782475583020582176,1782475583020582176,,3,1.000000000000,1.000000000000,1.000000000000,,0.525892741782,,1
1077,315237,315237,315237,56352,,1782475583020378057,1782475583020636942,1782475583020636942,,1782475583020693294,1782475583020693294,,3,1.000000000000,1.000000000000,1.000000000000,,0.532339412314,,1
1078,316675,316675,316675,59023,,1782475583020494408,1782475583020752060,1782475583020752060,,1782475583020811083,1782475583020811083,,0,1.000000000000,1.000000000000,1.000000000000,,0.530810603645,,1
1079,313232,313232,313232,56282,,1782475583020610639,1782475583020867589,1782475583020867589,,1782475583020923871,1782475583020923871,,2,1.000000000000,1.000000000000,1.000000000000,,0.534478379120,,1
1080,327269,327269,327269,59452,,1782475583020726880,1782475583020994697,1782475583020994697,,1782475583021054149,1782475583021054149,,0,1.000000000000,1.000000000000,1.000000000000,,0.519682100264,,1
1081,314787,314787,314787,56432,,1782475583020845871,1782475583021104226,1782475583021104226,,1782475583021160658,1782475583021160658,,2,1.000000000000,1.000000000000,1.000000000000,,0.532818733447,,1
1082,312354,312354,312354,56422,,1782475583020962732,1782475583021218664,1782475583021218664,,1782475583021275086,1782475583021275086,,1,1.000000000000,1.000000000000,1.000000000000,,0.535417747678,,1
1083,323312,323312,323312,58051,,1782475583021079522,1782475583021344783,1782475583021344783,,1782475583021402834,1782475583021402834,,0,1.000000000000,1.000000000000,1.000000000000,,0.523811181630,,1
1084,324471,324471,324471,65893,,1782475583021196023,1782475583021454601,1782475583021454601,,1782475583021520494,1782475583021520494,,3,1.000000000000,1.000000000000,1.000000000000,,0.522598393476,,1
1085,315059,315059,315059,57952,,1782475583021312923,1782475583021570030,1782475583021570030,,1782475583021627982,1782475583021627982,,3,1.000000000000,1.000000000000,1.000000000000,,0.532528958882,,1
1086,315136,315136,315136,57292,,1782475583021429814,1782475583021687658,1782475583021687658,,1782475583021744950,1782475583021744950,,1,1.000000000000,1.000000000000,1.000000000000,,0.532446955737,,1
1087,320184,320184,320184,57121,,1782475583021546095,1782475583021809158,1782475583021809158,,1782475583021866279,1782475583021866279,,1,1.000000000000,1.000000000000,1.000000000000,,0.527098416131,,1
1088,321742,321742,321742,58551,,1782475583021663365,1782475583021926556,1782475583021926556,,1782475583021985107,1782475583021985107,,0,1.000000000000,1.000000000000,1.000000000000,,0.525458533730,,1
1089,314840,314840,314840,57241,,1782475583021777526,1782475583022035125,1782475583022035125,,1782475583022092366,1782475583022092366,,0,1.000000000000,1.000000000000,1.000000000000,,0.532762257655,,1
1090,313436,313436,313436,57230,,1782475583021896978,1782475583022153184,1782475583022153184,,1782475583022210414,1782475583022210414,,2,1.000000000000,1.000000000000,1.000000000000,,0.534260356421,,1
1091,318484,318484,318484,57820,,1782475583022013468,1782475583022274132,1782475583022274132,,1782475583022331952,1782475583022331952,,1,1.000000000000,1.000000000000,1.000000000000,,0.528893600830,,1
1092,317582,317582,317582,57330,,1782475583022129979,1782475583022390231,1782475583022390231,,1782475583022447561,1782475583022447561,,2,1.000000000000,1.000000000000,1.000000000000,,0.529848586024,,1
1093,317070,317070,317070,60040,,1782475583022246389,1782475583022503419,1782475583022503419,,1782475583022563459,1782475583022563459,,1,1.000000000000,1.000000000000,1.000000000000,,0.530391428864,,1
1094,316277,316277,316277,57379,,1782475583022360700,1782475583022619598,1782475583022619598,,1782475583022676977,1782475583022676977,,0,1.000000000000,1.000000000000,1.000000000000,,0.531233297095,,1
1095,313885,313885,313885,56990,,1782475583022477071,1782475583022733966,1782475583022733966,,1782475583022790956,1782475583022790956,,3,1.000000000000,1.000000000000,1.000000000000,,0.533780805971,,1
1096,314493,314493,314493,58319,,1782475583022593321,1782475583022849495,1782475583022849495,,1782475583022907814,1782475583022907814,,3,1.000000000000,1.000000000000,1.000000000000,,0.533132122990,,1
1097,313721,313721,313721,56260,,1782475583022709952,1782475583022967413,1782475583022967413,,1782475583023023673,1782475583023023673,,3,1.000000000000,1.000000000000,1.000000000000,,0.533955914792,,1
1098,318048,318048,318048,58589,,1782475583022826343,1782475583023085802,1782475583023085802,,1782475583023144391,1782475583023144391,,1,1.000000000000,1.000000000000,1.000000000000,,0.529354997190,,1
1099,313456,313456,313456,56419,,1782475583022942863,1782475583023199900,1782475583023199900,,1782475583023256319,1782475583023256319,,2,1.000000000000,1.000000000000,1.000000000000,,0.534238986434,,1
1100,316323,316323,316323,60409,,1782475583023059305,1782475583023315219,1782475583023315219,,1782475583023375628,1782475583023375628,,0,1.000000000000,1.000000000000,1.000000000000,,0.531184425880,,1
1101,322531,322531,322531,62668,,1782475583023173435,1782475583023433298,1782475583023433298,,1782475583023495966,1782475583023495966,,1,1.000000000000,1.000000000000,1.000000000000,,0.524630014037,,1
1102,317728,317728,317728,58378,,1782475583023296066,1782475583023555416,1782475583023555416,,1782475583023613794,1782475583023613794,,3,1.000000000000,1.000000000000,1.000000000000,,0.529693892823,,1
1103,321136,321136,321136,60828,,1782475583023412797,1782475583023673105,1782475583023673105,,1782475583023733933,1782475583023733933,,0,1.000000000000,1.000000000000,1.000000000000,,0.526095775563,,1
1104,313994,313994,313994,56998,,1782475583023529267,1782475583023786263,1782475583023786263,,1782475583023843261,1782475583023843261,,2,1.000000000000,1.000000000000,1.000000000000,,0.533664454438,,1
1105,314212,314212,314212,57388,,1782475583023645898,1782475583023902722,1782475583023902722,,1782475583023960110,1782475583023960110,,2,1.000000000000,1.000000000000,1.000000000000,,0.533431827452,,1
1106,313689,313689,313689,56758,,1782475583023762629,1782475583024019560,1782475583024019560,,1782475583024076318,1782475583024076318,,1,1.000000000000,1.000000000000,1.000000000000,,0.533990089064,,1
1107,315117,315117,315117,57787,,1782475583023879059,1782475583024136389,1782475583024136389,,1782475583024194176,1782475583024194176,,1,1.000000000000,1.000000000000,1.000000000000,,0.532467189106,,1
1108,315325,315325,315325,57958,,1782475583023995410,1782475583024252777,1782475583024252777,,1782475583024310735,1782475583024310735,,0,1.000000000000,1.000000000000,1.000000000000,,0.532245728822,,1
1109,317543,317543,317543,58187,,1782475583024112130,1782475583024371486,1782475583024371486,,1782475583024429673,1782475583024429673,,1,1.000000000000,1.000000000000,1.000000000000,,0.529889915825,,1
1110,317020,317020,317020,58818,,1782475583024228772,1782475583024486974,1782475583024486974,,1782475583024545792,1782475583024545792,,1,1.000000000000,1.000000000000,1.000000000000,,0.530444470659,,1
1111,326808,326808,326808,58598,,1782475583024345503,1782475583024613713,1782475583024613713,,1782475583024672311,1782475583024672311,,3,1.000000000000,1.000000000000,1.000000000000,,0.520161468115,,1
1112,327646,327646,327646,59137,,1782475583024461863,1782475583024730372,1782475583024730372,,1782475583024789509,1782475583024789509,,0,1.000000000000,1.000000000000,1.000000000000,,0.519290407647,,1
1113,315204,315204,315204,57997,,1782475583024578594,1782475583024835801,1782475583024835801,,1782475583024893798,1782475583024893798,,1,1.000000000000,1.000000000000,1.000000000000,,0.532374547875,,1
1114,313441,313441,313441,56646,,1782475583024694915,1782475583024951710,1782475583024951710,,1782475583025008356,1782475583025008356,,2,1.000000000000,1.000000000000,1.000000000000,,0.534255013844,,1
1115,315939,315939,315939,56646,,1782475583024811255,1782475583025070548,1782475583025070548,,1782475583025127194,1782475583025127194,,3,1.000000000000,1.000000000000,1.000000000000,,0.531592532212,,1
1116,320357,320357,320357,57156,,1782475583024927486,1782475583025190687,1782475583025190687,,1782475583025247843,1782475583025247843,,3,1.000000000000,1.000000000000,1.000000000000,,0.526916071626,,1
1117,321704,321704,321704,64326,,1782475583025041447,1782475583025298825,1782475583025298825,,1782475583025363151,1782475583025363151,,1,1.000000000000,1.000000000000,1.000000000000,,0.525498470096,,1
1118,319212,319212,319212,59445,,1782475583025158237,1782475583025418004,1782475583025418004,,1782475583025477449,1782475583025477449,,3,1.000000000000,1.000000000000,1.000000000000,,0.528124092086,,1
1119,326140,326140,326140,61546,,1782475583025274568,1782475583025539162,1782475583025539162,,1782475583025600708,1782475583025600708,,3,1.000000000000,1.000000000000,1.000000000000,,0.520856868261,,1
1120,318238,318238,318238,58965,,1782475583025391388,1782475583025650661,1782475583025650661,,1782475583025709626,1782475583025709626,,2,1.000000000000,1.000000000000,1.000000000000,,0.529153880505,,1
1121,313965,313965,313965,56806,,1782475583025508650,1782475583025765809,1782475583025765809,,1782475583025822615,1782475583025822615,,2,1.000000000000,1.000000000000,1.000000000000,,0.533695407874,,1
1122,313842,313842,313842,57475,,1782475583025629921,1782475583025886288,1782475583025886288,,1782475583025943763,1782475583025943763,,3,1.000000000000,1.000000000000,1.000000000000,,0.533826713094,,1
1123,318830,318830,318830,60365,,1782475583025746511,1782475583026004976,1782475583026004976,,1782475583026065341,1782475583026065341,,0,1.000000000000,1.000000000000,1.000000000000,,0.528527733063,,1
1124,314788,314788,314788,57365,,1782475583025863132,1782475583026120555,1782475583026120555,,1782475583026177920,1782475583026177920,,3,1.000000000000,1.000000000000,1.000000000000,,0.532817667811,,1
1125,323025,323025,323025,63905,,1782475583025979853,1782475583026238973,1782475583026238973,,1782475583026302878,1782475583026302878,,1,1.000000000000,1.000000000000,1.000000000000,,0.524111935556,,1
1126,322713,322713,322713,58934,,1782475583026096643,1782475583026360422,1782475583026360422,,1782475583026419356,1782475583026419356,,2,1.000000000000,1.000000000000,1.000000000000,,0.524439083464,,1
1127,315951,315951,315951,57275,,1782475583026213194,1782475583026471870,1782475583026471870,,1782475583026529145,1782475583026529145,,1,1.000000000000,1.000000000000,1.000000000000,,0.531579774144,,1
1128,320468,320468,320468,62564,,1782475583026330025,1782475583026587929,1782475583026587929,,1782475583026650493,1782475583026650493,,0,1.000000000000,1.000000000000,1.000000000000,,0.526799109241,,1
1129,319926,319926,319926,61254,,1782475583026446465,1782475583026705137,1782475583026705137,,1782475583026766391,1782475583026766391,,1,1.000000000000,1.000000000000,1.000000000000,,0.527370469097,,1
1130,316694,316694,316694,56804,,1782475583026565396,1782475583026825286,1782475583026825286,,1782475583026882090,1782475583026882090,,0,1.000000000000,1.000000000000,1.000000000000,,0.530790433225,,1
1131,315260,315260,315260,56873,,1782475583026682008,1782475583026940395,1782475583026940395,,1782475583026997268,1782475583026997268,,2,1.000000000000,1.000000000000,1.000000000000,,0.532314925264,,1
1132,314888,314888,314888,56493,,1782475583026798228,1782475583027056623,1782475583027056623,,1782475583027113116,1782475583027113116,,3,1.000000000000,1.000000000000,1.000000000000,,0.532711114933,,1
1133,314446,314446,314446,57713,,1782475583026914819,1782475583027171552,1782475583027171552,,1782475583027229265,1782475583027229265,,3,1.000000000000,1.000000000000,1.000000000000,,0.533182239765,,1
1134,314524,314524,314524,57723,,1782475583027031669,1782475583027288470,1782475583027288470,,1782475583027346193,1782475583027346193,,2,1.000000000000,1.000000000000,1.000000000000,,0.533099069823,,1
1135,320211,320211,320211,58403,,1782475583027166560,1782475583027428368,1782475583027428368,,1782475583027486771,1782475583027486771,,2,1.000000000000,1.000000000000,1.000000000000,,0.527069953585,,1
1136,315760,315760,315760,57854,,1782475583027282551,1782475583027540457,1782475583027540457,,1782475583027598311,1782475583027598311,,1,1.000000000000,1.000000000000,1.000000000000,,0.531782876408,,1
1137,318638,318638,318638,58294,,1782475583027399581,1782475583027659925,1782475583027659925,,1782475583027718219,1782475583027718219,,0,1.000000000000,1.000000000000,1.000000000000,,0.528730726685,,1
1138,317255,317255,317255,58952,,1782475583027515892,1782475583027774195,1782475583027774195,,1782475583027833147,1782475583027833147,,1,1.000000000000,1.000000000000,1.000000000000,,0.530195220336,,1
1139,315473,315473,315473,56833,,1782475583027634873,1782475583027893513,1782475583027893513,,1782475583027950346,1782475583027950346,,1,1.000000000000,1.000000000000,1.000000000000,,0.532088207400,,1
1140,316301,316301,316301,57802,,1782475583027751403,1782475583028009902,1782475583028009902,,1782475583028067704,1782475583028067704,,3,1.000000000000,1.000000000000,1.000000000000,,0.531207798509,,1
1141,316317,316317,316317,57191,,1782475583027867715,1782475583028126841,1782475583028126841,,1782475583028184032,1782475583028184032,,3,1.000000000000,1.000000000000,1.000000000000,,0.531190800131,,1
1142,314525,314525,314525,57452,,1782475583027984086,1782475583028241159,1782475583028241159,,1782475583028298611,1782475583028298611,,0,1.000000000000,1.000000000000,1.000000000000,,0.533098003626,,1
1143,322783,322783,322783,61491,,1782475583028100976,1782475583028362268,1782475583028362268,,1782475583028423759,1782475583028423759,,0,1.000000000000,1.000000000000,1.000000000000,,0.524365667131,,1
1144,324050,324050,324050,61211,,1782475583028218097,1782475583028480936,1782475583028480936,,1782475583028542147,1782475583028542147,,3,1.000000000000,1.000000000000,1.000000000000,,0.523038606627,,1
1145,315278,315278,315278,56811,,1782475583028332288,1782475583028590755,1782475583028590755,,1782475583028647566,1782475583028647566,,3,1.000000000000,1.000000000000,1.000000000000,,0.532295762272,,1
1146,313656,313656,313656,56501,,1782475583028448818,1782475583028705973,1782475583028705973,,1782475583028762474,1782475583028762474,,0,1.000000000000,1.000000000000,1.000000000000,,0.534025333573,,1
1147,314554,314554,314554,57061,,1782475583028567559,1782475583028825052,1782475583028825052,,1782475583028882113,1782475583028882113,,3,1.000000000000,1.000000000000,1.000000000000,,0.533067084838,,1
1148,318481,318481,318481,58111,,1782475583028684000,1782475583028944370,1782475583028944370,,1782475583029002481,1782475583029002481,,3,1.000000000000,1.000000000000,1.000000000000,,0.528896774201,,1
1149,315329,315329,315329,57030,,1782475583028800680,1782475583029058979,1782475583029058979,,1782475583029116009,1782475583029116009,,3,1.000000000000,1.000000000000,1.000000000000,,0.532241470873,,1
1150,318107,318107,318107,62831,,1782475583028917151,1782475583029172427,1782475583029172427,,1782475583029235258,1782475583029235258,,0,1.000000000000,1.000000000000,1.000000000000,,0.529292536985,,1
1151,314094,314094,314094,56540,,1782475583029033292,1782475583029290846,1782475583029290846,,1782475583029347386,1782475583029347386,,3,1.000000000000,1.000000000000,1.000000000000,,0.533557732220,,1
1152,316961,316961,316961,57980,,1782475583029152163,1782475583029411144,1782475583029411144,,1782475583029469124,1782475583029469124,,2,1.000000000000,1.000000000000,1.000000000000,,0.530507066799,,1
1153,317659,317659,317659,58880,,1782475583029268674,1782475583029527453,1782475583029527453,,1782475583029586333,1782475583029586333,,0,1.000000000000,1.000000000000,1.000000000000,,0.529766995624,,1
1154,316337,316337,316337,58280,,1782475583029385314,1782475583029643371,1782475583029643371,,1782475583029701651,1782475583029701651,,2,1.000000000000,1.000000000000,1.000000000000,,0.531169552924,,1
1155,318784,318784,318784,60419,,1782475583029501675,1782475583029760040,1782475583029760040,,1782475583029820459,1782475583029820459,,1,1.000000000000,1.000000000000,1.000000000000,,0.528576359851,,1
1156,316622,316622,316622,58210,,1782475583029620956,1782475583029879368,1782475583029879368,,1782475583029937578,1782475583029937578,,1,1.000000000000,1.000000000000,1.000000000000,,0.530866872551,,1
1157,319140,319140,319140,60979,,1782475583029737576,1782475583029995737,1782475583029995737,,1782475583030056716,1782475583030056716,,3,1.000000000000,1.000000000000,1.000000000000,,0.528200147431,,1
1158,315227,315227,315227,58349,,1782475583029854027,1782475583030110905,1782475583030110905,,1782475583030169254,1782475583030169254,,0,1.000000000000,1.000000000000,1.000000000000,,0.532350059209,,1
1159,319505,319505,319505,58109,,1782475583029970328,1782475583030231724,1782475583030231724,,1782475583030289833,1782475583030289833,,3,1.000000000000,1.000000000000,1.000000000000,,0.527814702028,,1
1160,321513,321513,321513,58629,,1782475583030087308,1782475583030350192,1782475583030350192,,1782475583030408821,1782475583030408821,,3,1.000000000000,1.000000000000,1.000000000000,,0.525699248858,,1
1161,315252,315252,315252,57190,,1782475583030203919,1782475583030461981,1782475583030461981,,1782475583030519171,1782475583030519171,,1,1.000000000000,1.000000000000,1.000000000000,,0.532323442371,,1
1162,315678,315678,315678,56989,,1782475583030320641,1782475583030579330,1782475583030579330,,1782475583030636319,1782475583030636319,,0,1.000000000000,1.000000000000,1.000000000000,,0.531870095951,,1
1163,319676,319676,319676,60289,,1782475583030438141,1782475583030697528,1782475583030697528,,1782475583030757817,1782475583030757817,,0,1.000000000000,1.000000000000,1.000000000000,,0.527634220264,,1
1164,315424,315424,315424,56648,,1782475583030557102,1782475583030815878,1782475583030815878,,1782475583030872526,1782475583030872526,,2,1.000000000000,1.000000000000,1.000000000000,,0.532140354600,,1
1165,315982,315982,315982,57828,,1782475583030674042,1782475583030932196,1782475583030932196,,1782475583030990024,1782475583030990024,,0,1.000000000000,1.000000000000,1.000000000000,,0.531546817220,,1
1166,317879,317879,317879,59297,,1782475583030790883,1782475583031049465,1782475583031049465,,1782475583031108762,1782475583031108762,,3,1.000000000000,1.000000000000,1.000000000000,,0.529533949420,,1
1167,317017,317017,317017,56398,,1782475583030907264,1782475583031167883,1782475583031167883,,1782475583031224281,1782475583031224281,,0,1.000000000000,1.000000000000,1.000000000000,,0.530447653335,,1
1168,315495,315495,315495,58337,,1782475583031023484,1782475583031280642,1782475583031280642,,1782475583031338979,1782475583031338979,,2,1.000000000000,1.000000000000,1.000000000000,,0.532064796034,,1
1169,324372,324372,324372,61637,,1782475583031140615,1782475583031403350,1782475583031403350,,1782475583031464987,1782475583031464987,,3,1.000000000000,1.000000000000,1.000000000000,,0.522701878202,,1
1170,319210,319210,319210,58497,,1782475583031261166,1782475583031521879,1782475583031521879,,1782475583031580376,1782475583031580376,,2,1.000000000000,1.000000000000,1.000000000000,,0.528126204586,,1
1171,315788,315788,315788,56917,,1782475583031377606,1782475583031636477,1782475583031636477,,1782475583031693394,1782475583031693394,,1,1.000000000000,1.000000000000,1.000000000000,,0.531753097401,,1
1172,319454,319454,319454,56636,,1782475583031494398,1782475583031757216,1782475583031757216,,1782475583031813852,1782475583031813852,,3,1.000000000000,1.000000000000,1.000000000000,,0.527868541873,,1
1173,315552,315552,315552,57997,,1782475583031610719,1782475583031868274,1782475583031868274,,1782475583031926271,1782475583031926271,,3,1.000000000000,1.000000000000,1.000000000000,,0.532004144105,,1
1174,319230,319230,319230,57936,,1782475583031727169,1782475583031988463,1782475583031988463,,1782475583032046399,1782475583032046399,,1,1.000000000000,1.000000000000,1.000000000000,,0.528105079961,,1
1175,313748,313748,313748,57256,,1782475583031843400,1782475583032099892,1782475583032099892,,1782475583032157148,1782475583032157148,,3,1.000000000000,1.000000000000,1.000000000000,,0.533927081951,,1
1176,314015,314015,314015,57996,,1782475583031959651,1782475583032215670,1782475583032215670,,1782475583032273666,1782475583032273666,,2,1.000000000000,1.000000000000,1.000000000000,,0.533642041002,,1
1177,326553,326553,326553,59066,,1782475583032076501,1782475583032343988,1782475583032343988,,1782475583032403054,1782475583032403054,,1,1.000000000000,1.000000000000,1.000000000000,,0.520426818123,,1
1178,319280,319280,319280,58715,,1782475583032193862,1782475583032454427,1782475583032454427,,1782475583032513142,1782475583032513142,,2,1.000000000000,1.000000000000,1.000000000000,,0.528052272093,,1
1179,316449,316449,316449,57965,,1782475583032310922,1782475583032569406,1782475583032569406,,1782475583032627371,1782475583032627371,,3,1.000000000000,1.000000000000,1.000000000000,,0.531050584269,,1
1180,313906,313906,313906,57185,,1782475583032427643,1782475583032684364,1782475583032684364,,1782475583032741549,1782475583032741549,,3,1.000000000000,1.000000000000,1.000000000000,,0.533758387648,,1
1181,316884,316884,316884,57765,,1782475583032546734,1782475583032805853,1782475583032805853,,1782475583032863618,1782475583032863618,,1,1.000000000000,1.000000000000,1.000000000000,,0.530588771179,,1
1182,315271,315271,315271,56775,,1782475583032662945,1782475583032921441,1782475583032921441,,1782475583032978216,1782475583032978216,,3,1.000000000000,1.000000000000,1.000000000000,,0.532303214465,,1
1183,327888,327888,327888,67684,,1782475583032779386,1782475583033039590,1782475583033039590,,1782475583033107274,1782475583033107274,,3,1.000000000000,1.000000000000,1.000000000000,,0.519039131904,,1
1184,314416,314416,314416,57445,,1782475583032895657,1782475583033152628,1782475583033152628,,1782475583033210073,1782475583033210073,,2,1.000000000000,1.000000000000,1.000000000000,,0.533214231659,,1
1185,318454,318454,318454,60184,,1782475583033012137,1782475583033270407,1782475583033270407,,1782475583033330591,1782475583033330591,,2,1.000000000000,1.000000000000,1.000000000000,,0.528925335398,,1
1186,315771,315771,315771,57384,,1782475583033128678,1782475583033387065,1782475583033387065,,1782475583033444449,1782475583033444449,,0,1.000000000000,1.000000000000,1.000000000000,,0.531771177313,,1
1187,315081,315081,315081,58005,,1782475583033245028,1782475583033502104,1782475583033502104,,1782475583033560109,1782475583033560109,,1,1.000000000000,1.000000000000,1.000000000000,,0.532505528123,,1
1188,326138,326138,326138,66524,,1782475583033361779,1782475583033621393,1782475583033621393,,1782475583033687917,1782475583033687917,,3,1.000000000000,1.000000000000,1.000000000000,,0.520858951692,,1
1189,315575,315575,315575,57323,,1782475583033478270,1782475583033736522,1782475583033736522,,1782475583033793845,1782475583033793845,,0,1.000000000000,1.000000000000,1.000000000000,,0.531979672477,,1
1190,314964,314964,314964,57133,,1782475583033597030,1782475583033854861,1782475583033854861,,1782475583033911994,1782475583033911994,,1,1.000000000000,1.000000000000,1.000000000000,,0.532630148997,,1
1191,314361,314361,314361,56413,,1782475583033713631,1782475583033971579,1782475583033971579,,1782475583034027992,1782475583034027992,,1,1.000000000000,1.000000000000,1.000000000000,,0.533272888451,,1
1192,318058,318058,318058,58463,,1782475583033829893,1782475583034089488,1782475583034089488,,1782475583034147951,1782475583034147951,,1,1.000000000000,1.000000000000,1.000000000000,,0.529344410196,,1
1193,315986,315986,315986,58123,,1782475583033946533,1782475583034204396,1782475583034204396,,1782475583034262519,1782475583034262519,,2,1.000000000000,1.000000000000,1.000000000000,,0.531542564862,,1
1194,319173,319173,319173,62772,,1782475583034062854,1782475583034319255,1782475583034319255,,1782475583034382027,1782475583034382027,,0,1.000000000000,1.000000000000,1.000000000000,,0.528165287371,,1
1195,318322,318322,318322,57893,,1782475583034179304,1782475583034439733,1782475583034439733,,1782475583034497626,1782475583034497626,,1,1.000000000000,1.000000000000,1.000000000000,,0.529064990120,,1
1196,320809,320809,320809,58802,,1782475583034296205,1782475583034558212,1782475583034558212,,1782475583034617014,1782475583034617014,,0,1.000000000000,1.000000000000,1.000000000000,,0.526439954735,,1
1197,315956,315956,315956,57912,,1782475583034412396,1782475583034670440,1782475583034670440,,1782475583034728352,1782475583034728352,,0,1.000000000000,1.000000000000,1.000000000000,,0.531574458373,,1
1198,315515,315515,315515,58312,,1782475583034528766,1782475583034785969,1782475583034785969,,1782475583034844281,1782475583034844281,,0,1.000000000000,1.000000000000,1.000000000000,,0.532043513868,,1
1199,320462,320462,320462,57792,,1782475583034645067,1782475583034907737,1782475583034907737,,1782475583034965529,1782475583034965529,,2,1.000000000000,1.000000000000,1.000000000000,,0.526805430869,,1
1200,319709,319709,319709,57081,,1782475583034761478,1782475583035024106,1782475583035024106,,1782475583035081187,1782475583035081187,,1,1.000000000000,1.000000000000,1.000000000000,,0.527599397554,,1
1201,313218,313218,313218,57061,,1782475583034875958,1782475583035132115,1782475583035132115,,1782475583035189176,1782475583035189176,,3,1.000000000000,1.000000000000,1.000000000000,,0.534493344724,,1
1202,313895,313895,313895,57371,,1782475583034992349,1782475583035248873,1782475583035248873,,1782475583035306244,1782475583035306244,,3,1.000000000000,1.000000000000,1.000000000000,,0.533770130462,,1
1203,322872,322872,322872,60180,,1782475583035108950,1782475583035371642,1782475583035371642,,1782475583035431822,1782475583035431822,,2,1.000000000000,1.000000000000,1.000000000000,,0.524272338349,,1
1204,315980,315980,315980,56751,,1782475583035225481,1782475583035484710,1782475583035484710,,1782475583035541461,1782475583035541461,,1,1.000000000000,1.000000000000,1.000000000000,,0.531548943411,,1
1205,316427,316427,316427,58140,,1782475583035342672,1782475583035600959,1782475583035600959,,1782475583035659099,1782475583035659099,,0,1.000000000000,1.000000000000,1.000000000000,,0.531073951009,,1
1206,315686,315686,315686,58271,,1782475583035459172,1782475583035716587,1782475583035716587,,1782475583035774858,1782475583035774858,,0,1.000000000000,1.000000000000,1.000000000000,,0.531861586098,,1
1207,316333,316333,316333,56880,,1782475583035578023,1782475583035837476,1782475583035837476,,1782475583035894356,1782475583035894356,,2,1.000000000000,1.000000000000,1.000000000000,,0.531173802298,,1
1208,317550,317550,317550,60630,,1782475583035694424,1782475583035951344,1782475583035951344,,1782475583036011974,1782475583036011974,,1,1.000000000000,1.000000000000,1.000000000000,,0.529882497418,,1
1209,314029,314029,314029,56600,,1782475583035810824,1782475583036068253,1782475583036068253,,1782475583036124853,1782475583036124853,,1,1.000000000000,1.000000000000,1.000000000000,,0.533627099234,,1
1210,332826,332826,332826,57690,,1782475583035927425,1782475583036202561,1782475583036202561,,1782475583036260251,1782475583036260251,,3,1.000000000000,1.000000000000,1.000000000000,,0.513938330653,,1
1211,318754,318754,318754,60919,,1782475583036054705,1782475583036312540,1782475583036312540,,1782475583036373459,1782475583036373459,,1,1.000000000000,1.000000000000,1.000000000000,,0.528608075384,,1
1212,319192,319192,319192,58100,,1782475583036171116,1782475583036432208,1782475583036432208,,1782475583036490308,1782475583036490308,,1,1.000000000000,1.000000000000,1.000000000000,,0.528145217472,,1
1213,321559,321559,321559,63560,,1782475583036287978,1782475583036545977,1782475583036545977,,1782475583036609537,1782475583036609537,,3,1.000000000000,1.000000000000,1.000000000000,,0.525650886751,,1
1214,318017,318017,318017,58350,,1782475583036404418,1782475583036664085,1782475583036664085,,1782475583036722435,1782475583036722435,,1,1.000000000000,1.000000000000,1.000000000000,,0.529387818217,,1
1215,318355,318355,318355,57679,,1782475583036520969,1782475583036781645,1782475583036781645,,1782475583036839324,1782475583036839324,,3,1.000000000000,1.000000000000,1.000000000000,,0.529030072983,,1
1216,321002,321002,321002,64568,,1782475583036637330,1782475583036893764,1782475583036893764,,1782475583036958332,1782475583036958332,,1,1.000000000000,1.000000000000,1.000000000000,,0.526236788126,,1
1217,314090,314090,314090,57678,,1782475583036753730,1782475583037010142,1782475583037010142,,1782475583037067820,1782475583037067820,,2,1.000000000000,1.000000000000,1.000000000000,,0.533562000699,,1
1218,317228,317228,317228,58588,,1782475583036870131,1782475583037128771,1782475583037128771,,1782475583037187359,1782475583037187359,,0,1.000000000000,1.000000000000,1.000000000000,,0.530223851651,,1
1219,323945,323945,323945,59878,,1782475583036986642,1782475583037250709,1782475583037250709,,1782475583037310587,1782475583037310587,,1,1.000000000000,1.000000000000,1.000000000000,,0.523148456268,,1
1220,321223,321223,321223,62847,,1782475583037103032,1782475583037361408,1782475583037361408,,1782475583037424255,1782475583037424255,,3,1.000000000000,1.000000000000,1.000000000000,,0.526004242862,,1
1221,320391,320391,320391,62608,,1782475583037219833,1782475583037477616,1782475583037477616,,1782475583037540224,1782475583037540224,,0,1.000000000000,1.000000000000,1.000000000000,,0.526880242551,,1
1222,326758,326758,326758,60387,,1782475583037336594,1782475583037602965,1782475583037602965,,1782475583037663352,1782475583037663352,,0,1.000000000000,1.000000000000,1.000000000000,,0.520213486863,,1
1223,311665,311665,311665,58457,,1782475583037465125,1782475583037718333,1782475583037718333,,1782475583037776790,1782475583037776790,,2,1.000000000000,1.000000000000,1.000000000000,,0.536156061916,,1
1224,314153,314153,314153,59297,,1782475583037583896,1782475583037838752,1782475583037838752,,1782475583037898049,1782475583037898049,,3,1.000000000000,1.000000000000,1.000000000000,,0.533494776122,,1
1225,312430,312430,312430,57747,,1782475583037700497,1782475583037955180,1782475583037955180,,1782475583038012927,1782475583038012927,,1,1.000000000000,1.000000000000,1.000000000000,,0.535336370365,,1
1226,308789,308789,308789,56327,,1782475583037817037,1782475583038069499,1782475583038069499,,1782475583038125826,1782475583038125826,,1,1.000000000000,1.000000000000,1.000000000000,,0.539248918111,,1
1227,327526,327526,327526,75947,,1782475583037933738,1782475583038185317,1782475583038185317,,1782475583038261264,1782475583038261264,,2,1.000000000000,1.000000000000,1.000000000000,,0.519415052302,,1
1228,325604,325604,325604,61656,,1782475583038050088,1782475583038314036,1782475583038314036,,1782475583038375692,1782475583038375692,,0,1.000000000000,1.000000000000,1.000000000000,,0.521415526211,,1
1229,319662,319662,319662,59837,,1782475583038164009,1782475583038423834,1782475583038423834,,1782475583038483671,1782475583038483671,,3,1.000000000000,1.000000000000,1.000000000000,,0.527648994229,,1
1230,311959,311959,311959,57506,,1782475583038280020,1782475583038534473,1782475583038534473,,1782475583038591979,1782475583038591979,,0,1.000000000000,1.000000000000,1.000000000000,,0.535840894819,,1
1231,312417,312417,312417,57345,,1782475583038396850,1782475583038651922,1782475583038651922,,1782475583038709267,1782475583038709267,,2,1.000000000000,1.000000000000,1.000000000000,,0.535350289291,,1
1232,314225,314225,314225,58146,,1782475583038513111,1782475583038769190,1782475583038769190,,1782475583038827336,1782475583038827336,,1,1.000000000000,1.000000000000,1.000000000000,,0.533417958405,,1
1233,309691,309691,309691,57135,,1782475583038629683,1782475583038882239,1782475583038882239,,1782475583038939374,1782475583038939374,,1,1.000000000000,1.000000000000,1.000000000000,,0.538276990005,,1
1234,308339,308339,308339,57495,,1782475583038746353,1782475583038997197,1782475583038997197,,1782475583039054692,1782475583039054692,,0,1.000000000000,1.000000000000,1.000000000000,,0.539734460598,,1
1235,309427,309427,309427,57285,,1782475583038863064,1782475583039115206,1782475583039115206,,1782475583039172491,1782475583039172491,,2,1.000000000000,1.000000000000,1.000000000000,,0.538561275301,,1
1236,311884,311884,311884,57845,,1782475583038979565,1782475583039233604,1782475583039233604,,1782475583039291449,1782475583039291449,,0,1.000000000000,1.000000000000,1.000000000000,,0.535921276982,,1
1237,321522,321522,321522,61354,,1782475583039096225,1782475583039356393,1782475583039356393,,1782475583039417747,1782475583039417747,,3,1.000000000000,1.000000000000,1.000000000000,,0.525689786356,,1
1238,311661,311661,311661,56866,,1782475583039212846,1782475583039467641,1782475583039467641,,1782475583039524507,1782475583039524507,,2,1.000000000000,1.000000000000,1.000000000000,,0.536160351181,,1
1239,311849,311849,311849,57805,,1782475583039329446,1782475583039583490,1782475583039583490,,1782475583039641295,1782475583039641295,,3,1.000000000000,1.000000000000,1.000000000000,,0.535958792785,,1
1240,310947,310947,310947,57706,,1782475583039445997,1782475583039699238,1782475583039699238,,1782475583039756944,1782475583039756944,,0,1.000000000000,1.000000000000,1.000000000000,,0.536926535088,,1
1241,311674,311674,311674,59164,,1782475583039564738,1782475583039817248,1782475583039817248,,1782475583039876412,1782475583039876412,,2,1.000000000000,1.000000000000,1.000000000000,,0.536146411193,,1
1242,312002,312002,312002,58614,,1782475583039681008,1782475583039934396,1782475583039934396,,1782475583039993010,1782475583039993010,,3,1.000000000000,1.000000000000,1.000000000000,,0.535794814484,,1
1243,311640,311640,311640,56614,,1782475583039797929,1782475583040052955,1782475583040052955,,1782475583040109569,1782475583040109569,,2,1.000000000000,1.000000000000,1.000000000000,,0.536182870389,,1
1244,308926,308926,308926,56293,,1782475583039914271,1782475583040166904,1782475583040166904,,1782475583040223197,1782475583040223197,,0,1.000000000000,1.000000000000,1.000000000000,,0.539101184148,,1
1245,309914,309914,309914,57493,,1782475583040031361,1782475583040283782,1782475583040283782,,1782475583040341275,1782475583040341275,,3,1.000000000000,1.000000000000,1.000000000000,,0.538036971996,,1
1246,314492,314492,314492,58034,,1782475583040159162,1782475583040415620,1782475583040415620,,1782475583040473654,1782475583040473654,,3,1.000000000000,1.000000000000,1.000000000000,,0.533133189255,,1
1247,314819,314819,314819,59513,,1782475583040275483,1782475583040530789,1782475583040530789,,1782475583040590302,1782475583040590302,,3,1.000000000000,1.000000000000,1.000000000000,,0.532784634140,,1
1248,319257,319257,319257,65792,,1782475583040392703,1782475583040646168,1782475583040646168,,1782475583040711960,1782475583040711960,,1,1.000000000000,1.000000000000,1.000000000000,,0.528076563056,,1
1249,307435,307435,307435,56703,,1782475583040509104,1782475583040759836,1782475583040759836,,1782475583040816539,1782475583040816539,,3,1.000000000000,1.000000000000,1.000000000000,,0.540711183194,,1
1250,309872,309872,309872,57232,,1782475583040625195,1782475583040877835,1782475583040877835,,1782475583040935067,1782475583040935067,,3,1.000000000000,1.000000000000,1.000000000000,,0.538082169000,,1
1251,308530,308530,308530,56972,,1782475583040741575,1782475583040993133,1782475583040993133,,1782475583041050105,1782475583041050105,,0,1.000000000000,1.000000000000,1.000000000000,,0.539528321410,,1
1252,309108,309108,309108,57692,,1782475583040857566,1782475583041108982,1782475583041108982,,1782475583041166674,1782475583041166674,,0,1.000000000000,1.000000000000,1.000000000000,,0.538904987027,,1
1253,308316,308316,308316,56822,,1782475583040973786,1782475583041225280,1782475583041225280,,1782475583041282102,1782475583041282102,,1,1.000000000000,1.000000000000,1.000000000000,,0.539759288955,,1
1254,315952,315952,315952,57881,,1782475583041089898,1782475583041347969,1782475583041347969,,1782475583041405850,1782475583041405850,,3,1.000000000000,1.000000000000,1.000000000000,,0.531578710986,,1
1255,318880,318880,318880,60582,,1782475583041206449,1782475583041464747,1782475583041464747,,1782475583041525329,1782475583041525329,,0,1.000000000000,1.000000000000,1.000000000000,,0.528474882932,,1
1256,322638,322638,322638,59301,,1782475583041324179,1782475583041587516,1782475583041587516,,1782475583041646817,1782475583041646817,,2,1.000000000000,1.000000000000,1.000000000000,,0.524517755226,,1
1257,311566,311566,311566,59412,,1782475583041438830,1782475583041690984,1782475583041690984,,1782475583041750396,1782475583041750396,,1,1.000000000000,1.000000000000,1.000000000000,,0.536262231326,,1
1258,309163,309163,309163,56781,,1782475583041555911,1782475583041808293,1782475583041808293,,1782475583041865074,1782475583041865074,,2,1.000000000000,1.000000000000,1.000000000000,,0.538845710738,,1
1259,308731,308731,308731,56920,,1782475583041673441,1782475583041925252,1782475583041925252,,1782475583041982172,1782475583041982172,,0,1.000000000000,1.000000000000,1.000000000000,,0.539311474613,,1
1260,312939,312939,312939,57501,,1782475583041790022,1782475583042045460,1782475583042045460,,1782475583042102961,1782475583042102961,,1,1.000000000000,1.000000000000,1.000000000000,,0.534791675237,,1
1261,309506,309506,309506,56010,,1782475583041906813,1782475583042160309,1782475583042160309,,1782475583042216319,1782475583042216319,,3,1.000000000000,1.000000000000,1.000000000000,,0.538476189341,,1
1262,312634,312634,312634,58740,,1782475583042023563,1782475583042277457,1782475583042277457,,1782475583042336197,1782475583042336197,,2,1.000000000000,1.000000000000,1.000000000000,,0.535117997677,,1
1263,321442,321442,321442,60080,,1782475583042140574,1782475583042401936,1782475583042401936,,1782475583042462016,1782475583042462016,,2,1.000000000000,1.000000000000,1.000000000000,,0.525773903451,,1
1264,311669,311669,311669,59471,,1782475583042261236,1782475583042513434,1782475583042513434,,1782475583042572905,1782475583042572905,,1,1.000000000000,1.000000000000,1.000000000000,,0.536151772684,,1
1265,308227,308227,308227,56220,,1782475583042377926,1782475583042629933,1782475583042629933,,1782475583042686153,1782475583042686153,,0,1.000000000000,1.000000000000,1.000000000000,,0.539855374659,,1
1266,308775,308775,308775,57560,,1782475583042494767,1782475583042745982,1782475583042745982,,1782475583042803542,1782475583042803542,,1,1.000000000000,1.000000000000,1.000000000000,,0.539264017292,,1
1267,313653,313653,313653,59709,,1782475583042611367,1782475583042865311,1782475583042865311,,1782475583042925020,1782475583042925020,,0,1.000000000000,1.000000000000,1.000000000000,,0.534028537734,,1
1268,310811,310811,310811,58460,,1782475583042727978,1782475583042980329,1782475583042980329,,1782475583043038789,1782475583043038789,,0,1.000000000000,1.000000000000,1.000000000000,,0.537072598969,,1
1269,312398,312398,312398,58659,,1782475583042844399,1782475583043098138,1782475583043098138,,1782475583043156797,1782475583043156797,,1,1.000000000000,1.000000000000,1.000000000000,,0.535370632989,,1
1270,308796,308796,308796,56849,,1782475583042961299,1782475583043213246,1782475583043213246,,1782475583043270095,1782475583043270095,,3,1.000000000000,1.000000000000,1.000000000000,,0.539241368679,,1
1271,320184,320184,320184,58489,,1782475583043077810,1782475583043339505,1782475583043339505,,1782475583043397994,1782475583043397994,,2,1.000000000000,1.000000000000,1.000000000000,,0.527098416131,,1
1272,315381,315381,315381,60299,,1782475583043194861,1782475583043449943,1782475583043449943,,1782475583043510242,1782475583043510242,,3,1.000000000000,1.000000000000,1.000000000000,,0.532186120638,,1
1273,312529,312529,312529,58438,,1782475583043320951,1782475583043575042,1782475583043575042,,1782475583043633480,1782475583043633480,,2,1.000000000000,1.000000000000,1.000000000000,,0.535230384256,,1
1274,313016,313016,313016,60769,,1782475583043438673,1782475583043690920,1782475583043690920,,1782475583043751689,1782475583043751689,,3,1.000000000000,1.000000000000,1.000000000000,,0.534709323660,,1
1275,307713,307713,307713,56698,,1782475583043555304,1782475583043806319,1782475583043806319,,1782475583043863017,1782475583043863017,,0,1.000000000000,1.000000000000,1.000000000000,,0.540410631338,,1
1276,308631,308631,308631,56798,,1782475583043671424,1782475583043923257,1782475583043923257,,1782475583043980055,1782475583043980055,,0,1.000000000000,1.000000000000,1.000000000000,,0.539419347695,,1
1277,311659,311659,311659,60298,,1782475583043788005,1782475583044039366,1782475583044039366,,1782475583044099664,1782475583044099664,,3,1.000000000000,1.000000000000,1.000000000000,,0.536162495827,,1
1278,312426,312426,312426,57818,,1782475583043904296,1782475583044158904,1782475583044158904,,1782475583044216722,1782475583044216722,,2,1.000000000000,1.000000000000,1.000000000000,,0.535340653073,,1
1279,310144,310144,310144,56517,,1782475583044020746,1782475583044274373,1782475583044274373,,1782475583044330890,1782475583044330890,,1,1.000000000000,1.000000000000,1.000000000000,,0.537789531904,,1
1280,313772,313772,313772,57948,,1782475583044137627,1782475583044393451,1782475583044393451,,1782475583044451399,1782475583044451399,,3,1.000000000000,1.000000000000,1.000000000000,,0.533901454066,,1
1281,317290,317290,317290,64307,,1782475583044260157,1782475583044513140,1782475583044513140,,1782475583044577447,1782475583044577447,,0,1.000000000000,1.000000000000,1.000000000000,,0.530158107970,,1
1282,313847,313847,313847,59477,,1782475583044376628,1782475583044630998,1782475583044630998,,1782475583044690475,1782475583044690475,,1,1.000000000000,1.000000000000,1.000000000000,,0.533821374854,,1
1283,309145,309145,309145,56537,,1782475583044492869,1782475583044745477,1782475583044745477,,1782475583044802014,1782475583044802014,,1,1.000000000000,1.000000000000,1.000000000000,,0.538865109533,,1
1284,312673,312673,312673,56607,,1782475583044609049,1782475583044865115,1782475583044865115,,1782475583044921722,1782475583044921722,,1,1.000000000000,1.000000000000,1.000000000000,,0.535076260101,,1
1285,310670,310670,310670,58977,,1782475583044722761,1782475583044974454,1782475583044974454,,1782475583045033431,1782475583045033431,,0,1.000000000000,1.000000000000,1.000000000000,,0.537224074799,,1
1286,309087,309087,309087,56976,,1782475583044839522,1782475583045091633,1782475583045091633,,1782475583045148609,1782475583045148609,,2,1.000000000000,1.000000000000,1.000000000000,,0.538927621511,,1
1287,309375,309375,309375,58476,,1782475583044955772,1782475583045206671,1782475583045206671,,1782475583045265147,1782475583045265147,,2,1.000000000000,1.000000000000,1.000000000000,,0.538617288586,,1
1288,317233,317233,317233,65036,,1782475583045072193,1782475583045324390,1782475583045324390,,1782475583045389426,1782475583045389426,,2,1.000000000000,1.000000000000,1.000000000000,,0.530218549439,,1
1289,318081,318081,318081,59937,,1782475583045188674,1782475583045446818,1782475583045446818,,1782475583045506755,1782475583045506755,,2,1.000000000000,1.000000000000,1.000000000000,,0.529320060913,,1
1290,311510,311510,311510,58717,,1782475583045307994,1782475583045560787,1782475583045560787,,1782475583045619504,1782475583045619504,,3,1.000000000000,1.000000000000,1.000000000000,,0.536322296060,,1
1291,310977,310977,310977,57667,,1782475583045425005,1782475583045678315,1782475583045678315,,1782475583045735982,1782475583045735982,,1,1.000000000000,1.000000000000,1.000000000000,,0.536894320462,,1
1292,309364,309364,309364,57535,,1782475583045541396,1782475583045793225,1782475583045793225,,1782475583045850760,1782475583045850760,,0,1.000000000000,1.000000000000,1.000000000000,,0.538629138297,,1
1293,313183,313183,313183,57726,,1782475583045657786,1782475583045913243,1782475583045913243,,1782475583045970969,1782475583045970969,,0,1.000000000000,1.000000000000,1.000000000000,,0.534530760567,,1
1294,309950,309950,309950,56905,,1782475583045774257,1782475583046027302,1782475583046027302,,1782475583046084207,1782475583046084207,,1,1.000000000000,1.000000000000,1.000000000000,,0.537998234728,,1
1295,318017,318017,318017,57395,,1782475583045890838,1782475583046151460,1782475583046151460,,1782475583046208855,1782475583046208855,,0,1.000000000000,1.000000000000,1.000000000000,,0.529387818217,,1
1296,321445,321445,321445,57335,,1782475583046007159,1782475583046271269,1782475583046271269,,1782475583046328604,1782475583046328604,,2,1.000000000000,1.000000000000,1.000000000000,,0.525770748817,,1
1297,314242,314242,314242,60965,,1782475583046124680,1782475583046377957,1782475583046377957,,1782475583046438922,1782475583046438922,,1,1.000000000000,1.000000000000,1.000000000000,,0.533399822503,,1
1298,313390,313390,313390,59474,,1782475583046243530,1782475583046497446,1782475583046497446,,1782475583046556920,1782475583046556920,,2,1.000000000000,1.000000000000,1.000000000000,,0.534309510634,,1
1299,308238,308238,308238,56595,,1782475583046360341,1782475583046611984,1782475583046611984,,1782475583046668579,1782475583046668579,,2,1.000000000000,1.000000000000,1.000000000000,,0.539843497972,,1
1300,312115,312115,312115,58224,,1782475583046476592,1782475583046730483,1782475583046730483,,1782475583046788707,1782475583046788707,,3,1.000000000000,1.000000000000,1.000000000000,,0.535673738538,,1
1301,310314,310314,310314,57485,,1782475583046593082,1782475583046845911,1782475583046845911,,1782475583046903396,1782475583046903396,,0,1.000000000000,1.000000000000,1.000000000000,,0.537606714544,,1
1302,317741,317741,317741,57194,,1782475583046709433,1782475583046969980,1782475583046969980,,1782475583047027174,1782475583047027174,,2,1.000000000000,1.000000000000,1.000000000000,,0.529680120961,,1
1303,308678,308678,308678,56173,,1782475583046826504,1782475583047079009,1782475583047079009,,1782475583047135182,1782475583047135182,,3,1.000000000000,1.000000000000,1.000000000000,,0.539368644660,,1
1304,312697,312697,312697,57754,,1782475583046942684,1782475583047197627,1782475583047197627,,1782475583047255381,1782475583047255381,,2,1.000000000000,1.000000000000,1.000000000000,,0.535050577057,,1
1305,308233,308233,308233,56203,,1782475583047058986,1782475583047311016,1782475583047311016,,1782475583047367219,1782475583047367219,,1,1.000000000000,1.000000000000,1.000000000000,,0.539848896434,,1
1306,315811,315811,315811,61113,,1782475583047175196,1782475583047429894,1782475583047429894,,1782475583047491007,1782475583047491007,,0,1.000000000000,1.000000000000,1.000000000000,,0.531728637321,,1
1307,322229,322229,322229,59623,,1782475583047294257,1782475583047556863,1782475583047556863,,1782475583047616486,1782475583047616486,,1,1.000000000000,1.000000000000,1.000000000000,,0.524946986282,,1
1308,311786,311786,311786,58783,,1782475583047410678,1782475583047663681,1782475583047663681,,1782475583047722464,1782475583047722464,,0,1.000000000000,1.000000000000,1.000000000000,,0.536026327847,,1
1309,309444,309444,309444,57562,,1782475583047527228,1782475583047779110,1782475583047779110,,1782475583047836672,1782475583047836672,,2,1.000000000000,1.000000000000,1.000000000000,,0.538542964529,,1
1310,310112,310112,310112,56723,,1782475583047643269,1782475583047896658,1782475583047896658,,1782475583047953381,1782475583047953381,,0,1.000000000000,1.000000000000,1.000000000000,,0.537823951536,,1
1311,313099,313099,313099,56612,,1782475583047759970,1782475583048016457,1782475583048016457,,1782475583048073069,1782475583048073069,,2,1.000000000000,1.000000000000,1.000000000000,,0.534620569279,,1
1312,319797,319797,319797,60942,,1782475583047876310,1782475583048135165,1782475583048135165,,1782475583048196107,1782475583048196107,,0,1.000000000000,1.000000000000,1.000000000000,,0.527506548231,,1
1313,311885,311885,311885,58042,,1782475583047990281,1782475583048244124,1782475583048244124,,1782475583048302166,1782475583048302166,,2,1.000000000000,1.000000000000,1.000000000000,,0.535920205141,,1
1314,320242,320242,320242,67231,,1782475583048107262,1782475583048360273,1782475583048360273,,1782475583048427504,1782475583048427504,,2,1.000000000000,1.000000000000,1.000000000000,,0.527037276261,,1
1315,314831,314831,314831,58463,,1782475583048226513,1782475583048482881,1782475583048482881,,1782475583048541344,1782475583048541344,,0,1.000000000000,1.000000000000,1.000000000000,,0.532771847462,,1
1316,309828,309828,309828,56962,,1782475583048343124,1782475583048595990,1782475583048595990,,1782475583048652952,1782475583048652952,,3,1.000000000000,1.000000000000,1.000000000000,,0.538129522314,,1
1317,312966,312966,312966,59772,,1782475583048459814,1782475583048713008,1782475583048713008,,1782475583048772780,1782475583048772780,,3,1.000000000000,1.000000000000,1.000000000000,,0.534762797266,,1
1318,312334,312334,312334,57521,,1782475583048576565,1782475583048831378,1782475583048831378,,1782475583048888899,1782475583048888899,,0,1.000000000000,1.000000000000,1.000000000000,,0.535439164816,,1
1319,311901,311901,311901,56381,,1782475583048693136,1782475583048948656,1782475583048948656,,1782475583049005037,1782475583049005037,,1,1.000000000000,1.000000000000,1.000000000000,,0.535903055968,,1
1320,309339,309339,309339,57620,,1782475583048809756,1782475583049061475,1782475583049061475,,1782475583049119095,1782475583049119095,,2,1.000000000000,1.000000000000,1.000000000000,,0.538656070427,,1
1321,308267,308267,308267,56171,,1782475583048923977,1782475583049176073,1782475583049176073,,1782475583049232244,1782475583049232244,,3,1.000000000000,1.000000000000,1.000000000000,,0.539812187957,,1
1322,311784,311784,311784,58660,,1782475583049040438,1782475583049293562,1782475583049293562,,1782475583049352222,1782475583049352222,,0,1.000000000000,1.000000000000,1.000000000000,,0.536028471957,,1
1323,314142,314142,314142,58190,,1782475583049166668,1782475583049422620,1782475583049422620,,1782475583049480810,1782475583049480810,,3,1.000000000000,1.000000000000,1.000000000000,,0.533506513136,,1
1324,310190,310190,310190,58160,,1782475583049285219,1782475583049537249,1782475583049537249,,1782475583049595409,1782475583049595409,,1,1.000000000000,1.000000000000,1.000000000000,,0.537740057543,,1
1325,315828,315828,315828,63080,,1782475583049401809,1782475583049654557,1782475583049654557,,1782475583049717637,1782475583049717637,,3,1.000000000000,1.000000000000,1.000000000000,,0.531710558854,,1
1326,312894,312894,312894,57639,,1782475583049518601,1782475583049773856,1782475583049773856,,1782475583049831495,1782475583049831495,,3,1.000000000000,1.000000000000,1.000000000000,,0.534839808653,,1
1327,314332,314332,314332,57690,,1782475583049635172,1782475583049891814,1782475583049891814,,1782475583049949504,1782475583049949504,,2,1.000000000000,1.000000000000,1.000000000000,,0.533303819175,,1
1328,309440,309440,309440,56299,,1782475583049752632,1782475583050005773,1782475583050005773,,1782475583050062072,1782475583050062072,,1,1.000000000000,1.000000000000,1.000000000000,,0.538547272890,,1
1329,311097,311097,311097,55979,,1782475583049869003,1782475583050124121,1782475583050124121,,1782475583050180100,1782475583050180100,,1,1.000000000000,1.000000000000,1.000000000000,,0.536765481287,,1
1330,314845,314845,314845,56989,,1782475583049985644,1782475583050243500,1782475583050243500,,1782475583050300489,1782475583050300489,,3,1.000000000000,1.000000000000,1.000000000000,,0.532756930059,,1
1331,320523,320523,320523,59929,,1782475583050101974,1782475583050362568,1782475583050362568,,1782475583050422497,1782475583050422497,,1,1.000000000000,1.000000000000,1.000000000000,,0.526741164526,,1
1332,318420,318420,318420,61988,,1782475583050221055,1782475583050477487,1782475583050477487,,1782475583050539475,1782475583050539475,,2,1.000000000000,1.000000000000,1.000000000000,,0.528961303544,,1
1333,316288,316288,316288,56768,,1782475583050337806,1782475583050597326,1782475583050597326,,1782475583050654094,1782475583050654094,,1,1.000000000000,1.000000000000,1.000000000000,,0.531221610091,,1
1334,316466,316466,316466,57968,,1782475583050454426,1782475583050712924,1782475583050712924,,1782475583050770892,1782475583050770892,,3,1.000000000000,1.000000000000,1.000000000000,,0.531032528856,,1
1335,314454,314454,314454,57038,,1782475583050571167,1782475583050828583,1782475583050828583,,1782475583050885621,1782475583050885621,,2,1.000000000000,1.000000000000,1.000000000000,,0.533173708917,,1
1336,325571,325571,325571,68838,,1782475583050687598,1782475583050944331,1782475583050944331,,1782475583051013169,1782475583051013169,,1,1.000000000000,1.000000000000,1.000000000000,,0.521449940771,,1
1337,325028,325028,325028,58127,,1782475583050804179,1782475583051071080,1782475583051071080,,1782475583051129207,1782475583051129207,,1,1.000000000000,1.000000000000,1.000000000000,,0.522016543016,,1
1338,313916,313916,313916,57108,,1782475583050920840,1782475583051177648,1782475583051177648,,1782475583051234756,1782475583051234756,,0,1.000000000000,1.000000000000,1.000000000000,,0.533747712587,,1
1339,311684,311684,311684,56157,,1782475583051037290,1782475583051292817,1782475583051292817,,1782475583051348974,1782475583051348974,,2,1.000000000000,1.000000000000,1.000000000000,,0.536135688372,,1
1340,324331,324331,324331,58027,,1782475583051153581,1782475583051419885,1782475583051419885,,1782475583051477912,1782475583051477912,,2,1.000000000000,1.000000000000,1.000000000000,,0.522744741513,,1
1341,322970,322970,322970,59578,,1782475583051269172,1782475583051532564,1782475583051532564,,1782475583051592142,1782475583051592142,,2,1.000000000000,1.000000000000,1.000000000000,,0.524169591040,,1
1342,316758,316758,316758,57168,,1782475583051386072,1782475583051645662,1782475583051645662,,1782475583051702830,1782475583051702830,,0,1.000000000000,1.000000000000,1.000000000000,,0.530722496398,,1
1343,317555,317555,317555,57426,,1782475583051503463,1782475583051763592,1782475583051763592,,1782475583051821018,1782475583051821018,,1,1.000000000000,1.000000000000,1.000000000000,,0.529877198620,,1
1344,316314,316314,316314,57757,,1782475583051620353,1782475583051878910,1782475583051878910,,1782475583051936667,1782475583051936667,,0,1.000000000000,1.000000000000,1.000000000000,,0.531193987286,,1
1345,314201,314201,314201,56886,,1782475583051736594,1782475583051993909,1782475583051993909,,1782475583052050795,1782475583052050795,,1,1.000000000000,1.000000000000,1.000000000000,,0.533443563082,,1
1346,315447,315447,315447,58575,,1782475583051853196,1782475583052110068,1782475583052110068,,1782475583052168643,1782475583052168643,,3,1.000000000000,1.000000000000,1.000000000000,,0.532115876707,,1
1347,322716,322716,322716,66186,,1782475583051969706,1782475583052226236,1782475583052226236,,1782475583052292422,1782475583052292422,,3,1.000000000000,1.000000000000,1.000000000000,,0.524435936839,,1
1348,322693,322693,322693,58285,,1782475583052086227,1782475583052350635,1782475583052350635,,1782475583052408920,1782475583052408920,,0,1.000000000000,1.000000000000,1.000000000000,,0.524460061447,,1
1349,315991,315991,315991,57206,,1782475583052202938,1782475583052461723,1782475583052461723,,1782475583052518929,1782475583052518929,,3,1.000000000000,1.000000000000,1.000000000000,,0.531537249463,,1
1350,314049,314049,314049,57095,,1782475583052319728,1782475583052576682,1782475583052576682,,1782475583052633777,1782475583052633777,,2,1.000000000000,1.000000000000,1.000000000000,,0.533605754577,,1
1351,318336,318336,318336,59495,,1782475583052436299,1782475583052695140,1782475583052695140,,1782475583052754635,1782475583052754635,,0,1.000000000000,1.000000000000,1.000000000000,,0.529050176508,,1
1352,316695,316695,316695,58025,,1782475583052552579,1782475583052811249,1782475583052811249,,1782475583052869274,1782475583052869274,,2,1.000000000000,1.000000000000,1.000000000000,,0.530789371645,,1
1353,317652,317652,317652,61615,,1782475583052669100,1782475583052925137,1782475583052925137,,1782475583052986752,1782475583052986752,,3,1.000000000000,1.000000000000,1.000000000000,,0.529774412414,,1
1354,312389,312389,312389,56494,,1782475583052785251,1782475583053041146,1782475583053041146,,1782475583053097640,1782475583053097640,,1,1.000000000000,1.000000000000,1.000000000000,,0.535380269747,,1
1355,315978,315978,315978,56575,,1782475583052901381,1782475583053160784,1782475583053160784,,1782475583053217359,1782475583053217359,,2,1.000000000000,1.000000000000,1.000000000000,,0.531551069611,,1
1356,313055,313055,313055,57254,,1782475583053015512,1782475583053271313,1782475583053271313,,1782475583053328567,1782475583053328567,,3,1.000000000000,1.000000000000,1.000000000000,,0.534667617959,,1
1357,319471,319471,319471,57403,,1782475583053132284,1782475583053394352,1782475583053394352,,1782475583053451755,1782475583053451755,,2,1.000000000000,1.000000000000,1.000000000000,,0.527850594648,,1
1358,317280,317280,317280,60194,,1782475583053257024,1782475583053514110,1782475583053514110,,1782475583053574304,1782475583053574304,,0,1.000000000000,1.000000000000,1.000000000000,,0.530168711238,,1
1359,317897,317897,317897,56793,,1782475583053371955,1782475583053633059,1782475583053633059,,1782475583053689852,1782475583053689852,,3,1.000000000000,1.000000000000,1.000000000000,,0.529514886541,,1
1360,314524,314524,314524,56653,,1782475583053489076,1782475583053746947,1782475583053746947,,1782475583053803600,1782475583053803600,,1,1.000000000000,1.000000000000,1.000000000000,,0.533099069823,,1
1361,314663,314663,314663,57163,,1782475583053605886,1782475583053863386,1782475583053863386,,1782475583053920549,1782475583053920549,,2,1.000000000000,1.000000000000,1.000000000000,,0.532950888880,,1
1362,314580,314580,314580,56813,,1782475583053722517,1782475583053980284,1782475583053980284,,1782475583054037097,1782475583054037097,,0,1.000000000000,1.000000000000,1.000000000000,,0.533039366071,,1
1363,313678,313678,313678,56433,,1782475583053838938,1782475583054096183,1782475583054096183,,1782475583054152616,1782475583054152616,,1,1.000000000000,1.000000000000,1.000000000000,,0.534001836975,,1
1364,315256,315256,315256,56223,,1782475583053955628,1782475583054214661,1782475583054214661,,1782475583054270884,1782475583054270884,,2,1.000000000000,1.000000000000,1.000000000000,,0.532319183801,,1
1365,318023,318023,318023,62182,,1782475583054071789,1782475583054327630,1782475583054327630,,1782475583054389812,1782475583054389812,,0,1.000000000000,1.000000000000,1.000000000000,,0.529381465601,,1
1366,320293,320293,320293,58944,,1782475583054187929,1782475583054449278,1782475583054449278,,1782475583054508222,1782475583054508222,,3,1.000000000000,1.000000000000,1.000000000000,,0.526983521200,,1
1367,319729,319729,319729,58113,,1782475583054305121,1782475583054566737,1782475583054566737,,1782475583054624850,1782475583054624850,,0,1.000000000000,1.000000000000,1.000000000000,,0.527578294001,,1
1368,315286,315286,315286,59243,,1782475583054422132,1782475583054678175,1782475583054678175,,1782475583054737418,1782475583054737418,,3,1.000000000000,1.000000000000,1.000000000000,,0.532287245608,,1
1369,314165,314165,314165,57202,,1782475583054538402,1782475583054795365,1782475583054795365,,1782475583054852567,1782475583054852567,,0,1.000000000000,1.000000000000,1.000000000000,,0.533481972401,,1
1370,316242,316242,316242,57601,,1782475583054654773,1782475583054913414,1782475583054913414,,1782475583054971015,1782475583054971015,,3,1.000000000000,1.000000000000,1.000000000000,,0.531270484727,,1
1371,314949,314949,314949,59351,,1782475583054771554,1782475583055027152,1782475583055027152,,1782475583055086503,1782475583055086503,,2,1.000000000000,1.000000000000,1.000000000000,,0.532646128141,,1
1372,313818,313818,313818,56921,,1782475583054887694,1782475583055144591,1782475583055144591,,1782475583055201512,1782475583055201512,,0,1.000000000000,1.000000000000,1.000000000000,,0.533852337391,,1
1373,316255,316255,316255,57461,,1782475583055003785,1782475583055262579,1782475583055262579,,1782475583055320040,1782475583055320040,,0,1.000000000000,1.000000000000,1.000000000000,,0.531256671874,,1
1374,314883,314883,314883,57351,,1782475583055120676,1782475583055378208,1782475583055378208,,1782475583055435559,1782475583055435559,,3,1.000000000000,1.000000000000,1.000000000000,,0.532716442071,,1
1375,317571,317571,317571,58191,,1782475583055241626,1782475583055501006,1782475583055501006,,1782475583055559197,1782475583055559197,,3,1.000000000000,1.000000000000,1.000000000000,,0.529860242821,,1
1376,315628,315628,315628,58080,,1782475583055358197,1782475583055615745,1782475583055615745,,1782475583055673825,1782475583055673825,,3,1.000000000000,1.000000000000,1.000000000000,,0.531923285620,,1
1377,316946,316946,316946,57061,,1782475583055474728,1782475583055734613,1782475583055734613,,1782475583055791674,1782475583055791674,,0,1.000000000000,1.000000000000,1.000000000000,,0.530522982250,,1
1378,314043,314043,314043,56270,,1782475583055591419,1782475583055849192,1782475583055849192,,1782475583055905462,1782475583055905462,,0,1.000000000000,1.000000000000,1.000000000000,,0.533612157884,,1
1379,312800,312800,312800,56180,,1782475583055707790,1782475583055964410,1782475583055964410,,1782475583056020590,1782475583056020590,,0,1.000000000000,1.000000000000,1.000000000000,,0.534940367990,,1
1380,320519,320519,320519,63270,,1782475583055823910,1782475583056081159,1782475583056081159,,1782475583056144429,1782475583056144429,,1,1.000000000000,1.000000000000,1.000000000000,,0.526745378473,,1
1381,324786,324786,324786,68050,,1782475583055946191,1782475583056202927,1782475583056202927,,1782475583056270977,1782475583056270977,,3,1.000000000000,1.000000000000,1.000000000000,,0.522269260176,,1
1382,316023,316023,316023,59689,,1782475583056062162,1782475583056318496,1782475583056318496,,1782475583056378185,1782475583056378185,,1,1.000000000000,1.000000000000,1.000000000000,,0.531503232168,,1
1383,316212,316212,316212,56730,,1782475583056178882,1782475583056438364,1782475583056438364,,1782475583056495094,1782475583056495094,,3,1.000000000000,1.000000000000,1.000000000000,,0.531302361913,,1
1384,318639,318639,318639,59349,,1782475583056295663,1782475583056554953,1782475583056554953,,1782475583056614302,1782475583056614302,,2,1.000000000000,1.000000000000,1.000000000000,,0.528729669225,,1
1385,314576,314576,314576,56778,,1782475583056412204,1782475583056670002,1782475583056670002,,1782475583056726780,1782475583056726780,,1,1.000000000000,1.000000000000,1.000000000000,,0.533043630403,,1
1386,316255,316255,316255,58779,,1782475583056528724,1782475583056786200,1782475583056786200,,1782475583056844979,1782475583056844979,,2,1.000000000000,1.000000000000,1.000000000000,,0.531256671874,,1
1387,313921,313921,313921,56618,,1782475583056645096,1782475583056902399,1782475583056902399,,1782475583056959017,1782475583056959017,,3,1.000000000000,1.000000000000,1.000000000000,,0.533742375136,,1
1388,318038,318038,318038,57698,,1782475583056761347,1782475583057021687,1782475583057021687,,1782475583057079385,1782475583057079385,,3,1.000000000000,1.000000000000,1.000000000000,,0.529365584395,,1
1389,315447,315447,315447,58588,,1782475583056877857,1782475583057134716,1782475583057134716,,1782475583057193304,1782475583057193304,,1,1.000000000000,1.000000000000,1.000000000000,,0.532115876707,,1
1390,313664,313664,313664,57018,,1782475583056993988,1782475583057250634,1782475583057250634,,1782475583057307652,1782475583057307652,,0,1.000000000000,1.000000000000,1.000000000000,,0.534016789236,,1
1391,323162,323162,323162,60577,,1782475583057110518,1782475583057373103,1782475583057373103,,1782475583057433680,1782475583057433680,,2,1.000000000000,1.000000000000,1.000000000000,,0.523968348558,,1
1392,317401,317401,317401,58509,,1782475583057229249,1782475583057488141,1782475583057488141,,1782475583057546650,1782475583057546650,,1,1.000000000000,1.000000000000,1.000000000000,,0.530040425933,,1
1393,314478,314478,314478,56258,,1782475583057345860,1782475583057604080,1782475583057604080,,1782475583057660338,1782475583057660338,,0,1.000000000000,1.000000000000,1.000000000000,,0.533148117194,,1
1394,313947,313947,313947,56588,,1782475583057462610,1782475583057719969,1782475583057719969,,1782475583057776557,1782475583057776557,,3,1.000000000000,1.000000000000,1.000000000000,,0.533714621255,,1
1395,318474,318474,318474,56727,,1782475583057579101,1782475583057840848,1782475583057840848,,1782475583057897575,1782475583057897575,,3,1.000000000000,1.000000000000,1.000000000000,,0.528904178808,,1
1396,314271,314271,314271,57317,,1782475583057695562,1782475583057952516,1782475583057952516,,1782475583058009833,1782475583058009833,,3,1.000000000000,1.000000000000,1.000000000000,,0.533368886210,,1
1397,312870,312870,312870,56097,,1782475583057811632,1782475583058068405,1782475583058068405,,1782475583058124502,1782475583058124502,,0,1.000000000000,1.000000000000,1.000000000000,,0.534865481580,,1
1398,323926,323926,323926,67386,,1782475583057927794,1782475583058184334,1782475583058184334,,1782475583058251720,1782475583058251720,,2,1.000000000000,1.000000000000,1.000000000000,,0.523168336287,,1
1399,316893,316893,316893,56126,,1782475583058044125,1782475583058304892,1782475583058304892,,1782475583058361018,1782475583058361018,,0,1.000000000000,1.000000000000,1.000000000000,,0.530579220667,,1
1400,321522,321522,321522,59746,,1782475583058160465,1782475583058422241,1782475583058422241,,1782475583058481987,1782475583058481987,,2,1.000000000000,1.000000000000,1.000000000000,,0.525689786356,,1
1401,316829,316829,316829,58356,,1782475583058279536,1782475583058538009,1782475583058538009,,1782475583058596365,1782475583058596365,,0,1.000000000000,1.000000000000,1.000000000000,,0.530647139154,,1
1402,317836,317836,317836,60775,,1782475583058397297,1782475583058654358,1782475583058654358,,1782475583058715133,1782475583058715133,,3,1.000000000000,1.000000000000,1.000000000000,,0.529579491298,,1
1403,315405,315405,315405,57836,,1782475583058513597,1782475583058771166,1782475583058771166,,1782475583058829002,1782475583058829002,,1,1.000000000000,1.000000000000,1.000000000000,,0.532160576318,,1
1404,313672,313672,313672,57095,,1782475583058630258,1782475583058886835,1782475583058886835,,1782475583058943930,1782475583058943930,,0,1.000000000000,1.000000000000,1.000000000000,,0.534008245035,,1
1405,314441,314441,314441,57956,,1782475583058746778,1782475583059003263,1782475583059003263,,1782475583059061219,1782475583059061219,,1,1.000000000000,1.000000000000,1.000000000000,,0.533187571614,,1
1406,317888,317888,317888,59015,,1782475583058870819,1782475583059129692,1782475583059129692,,1782475583059188707,1782475583059188707,,3,1.000000000000,1.000000000000,1.000000000000,,0.529524417895,,1
1407,318125,318125,318125,58305,,1782475583058987170,1782475583059246990,1782475583059246990,,1782475583059305295,1782475583059305295,,2,1.000000000000,1.000000000000,1.000000000000,,0.529273482797,,1
1408,319092,319092,319092,58294,,1782475583059103781,1782475583059364579,1782475583059364579,,1782475583059422873,1782475583059422873,,3,1.000000000000,1.000000000000,1.000000000000,,0.528250857079,,1
1409,318800,318800,318800,60255,,1782475583059220822,1782475583059479367,1782475583059479367,,1782475583059539622,1782475583059539622,,1,1.000000000000,1.000000000000,1.000000000000,,0.528559445679,,1
1410,313237,313237,313237,56034,,1782475583059338023,1782475583059595226,1782475583059595226,,1782475583059651260,1782475583059651260,,1,1.000000000000,1.000000000000,1.000000000000,,0.534473034363,,1
1411,315406,315406,315406,57685,,1782475583059454523,1782475583059712244,1782475583059712244,,1782475583059769929,1782475583059769929,,3,1.000000000000,1.000000000000,1.000000000000,,0.532159511998,,1
1412,314343,314343,314343,56884,,1782475583059570974,1782475583059828433,1782475583059828433,,1782475583059885317,1782475583059885317,,1,1.000000000000,1.000000000000,1.000000000000,,0.533292086620,,1
1413,320180,320180,320180,63854,,1782475583059687505,1782475583059943831,1782475583059943831,,1782475583060007685,1782475583060007685,,2,1.000000000000,1.000000000000,1.000000000000,,0.527102632935,,1
1414,314629,314629,314629,57104,,1782475583059804055,1782475583060061580,1782475583060061580,,1782475583060118684,1782475583060118684,,0,1.000000000000,1.000000000000,1.000000000000,,0.532987130772,,1
1415,314956,314956,314956,56304,,1782475583059920496,1782475583060179148,1782475583060179148,,1782475583060235452,1782475583060235452,,2,1.000000000000,1.000000000000,1.000000000000,,0.532638671148,,1
1416,318873,318873,318873,59513,,1782475583060047657,1782475583060307017,1782475583060307017,,1782475583060366530,1782475583060366530,,2,1.000000000000,1.000000000000,1.000000000000,,0.528482281633,,1
1417,318012,318012,318012,58114,,1782475583060165257,1782475583060425155,1782475583060425155,,1782475583060483269,1782475583060483269,,0,1.000000000000,1.000000000000,1.000000000000,,0.529393112122,,1
1418,315829,315829,315829,58174,,1782475583060282059,1782475583060539714,1782475583060539714,,1782475583060597888,1782475583060597888,,0,1.000000000000,1.000000000000,1.000000000000,,0.531709495434,,1
1419,318647,318647,318647,60504,,1782475583060398589,1782475583060656732,1782475583060656732,,1782475583060717236,1782475583060717236,,3,1.000000000000,1.000000000000,1.000000000000,,0.528721209618,,1
1420,315925,315925,315925,57993,,1782475583060515080,1782475583060773012,1782475583060773012,,1782475583060831005,1782475583060831005,,0,1.000000000000,1.000000000000,1.000000000000,,0.531607417011,,1
1421,316302,316302,316302,59073,,1782475583060631581,1782475583060888810,1782475583060888810,,1782475583060947883,1782475583060947883,,2,1.000000000000,1.000000000000,1.000000000000,,0.531206736094,,1
1422,314290,314290,314290,56502,,1782475583060748201,1782475583061005989,1782475583061005989,,1782475583061062491,1782475583061062491,,3,1.000000000000,1.000000000000,1.000000000000,,0.533348618578,,1
1423,322678,322678,322678,58323,,1782475583060864682,1782475583061129037,1782475583061129037,,1782475583061187360,1782475583061187360,,3,1.000000000000,1.000000000000,1.000000000000,,0.524475795484,,1
1424,313505,313505,313505,57112,,1782475583060981223,1782475583061237616,1782475583061237616,,1782475583061294728,1782475583061294728,,0,1.000000000000,1.000000000000,1.000000000000,,0.534186633578,,1
1425,321073,321073,321073,58242,,1782475583061097603,1782475583061360434,1782475583061360434,,1782475583061418676,1782475583061418676,,2,1.000000000000,1.000000000000,1.000000000000,,0.526162067807,,1
1426,315871,315871,315871,57712,,1782475583061214094,1782475583061472253,1782475583061472253,,1782475583061529965,1782475583061529965,,3,1.000000000000,1.000000000000,1.000000000000,,0.531664833712,,1
1427,321199,321199,321199,58252,,1782475583061330844,1782475583061593791,1782475583061593791,,1782475583061652043,1782475583061652043,,0,1.000000000000,1.000000000000,1.000000000000,,0.526029491671,,1
1428,314506,314506,314506,56812,,1782475583061447976,1782475583061705670,1782475583061705670,,1782475583061762482,1782475583061762482,,1,1.000000000000,1.000000000000,1.000000000000,,0.533118261735,,1
1429,314393,314393,314393,56741,,1782475583061564797,1782475583061822449,1782475583061822449,,1782475583061879190,1782475583061879190,,1,1.000000000000,1.000000000000,1.000000000000,,0.533238760078,,1
1430,317131,317131,317131,58941,,1782475583061682247,1782475583061940437,1782475583061940437,,1782475583061999378,1782475583061999378,,1,1.000000000000,1.000000000000,1.000000000000,,0.530326725057,,1
1431,315849,315849,315849,57091,,1782475583061798628,1782475583062057386,1782475583062057386,,1782475583062114477,1782475583062114477,,0,1.000000000000,1.000000000000,1.000000000000,,0.531688227480,,1
1432,313556,313556,313556,56911,,1782475583061917769,1782475583062174414,1782475583062174414,,1782475583062231325,1782475583062231325,,1,1.000000000000,1.000000000000,1.000000000000,,0.534132149321,,1
1433,320504,320504,320504,61860,,1782475583062034149,1782475583062292793,1782475583062292793,,1782475583062354653,1782475583062354653,,1,1.000000000000,1.000000000000,1.000000000000,,0.526761181071,,1
1434,321262,321262,321262,58741,,1782475583062151680,1782475583062414201,1782475583062414201,,1782475583062472942,1782475583062472942,,2,1.000000000000,1.000000000000,1.000000000000,,0.525963216131,,1
1435,316810,316810,316810,58210,,1782475583062267980,1782475583062526580,1782475583062526580,,1782475583062584790,1782475583062584790,,1,1.000000000000,1.000000000000,1.000000000000,,0.530667304128,,1
1436,317967,317967,317967,59690,,1782475583062384471,1782475583062642748,1782475583062642748,,1782475583062702438,1782475583062702438,,2,1.000000000000,1.000000000000,1.000000000000,,0.529440759646,,1
1437,319845,319845,319845,62190,,1782475583062501042,1782475583062758697,1782475583062758697,,1782475583062820887,1782475583062820887,,3,1.000000000000,1.000000000000,1.000000000000,,0.527455910034,,1
1438,317583,317583,317583,57360,,1782475583062618472,1782475583062878695,1782475583062878695,,1782475583062936055,1782475583062936055,,0,1.000000000000,1.000000000000,1.000000000000,,0.529847526328,,1
1439,318569,318569,318569,58079,,1782475583062734864,1782475583062995354,1782475583062995354,,1782475583063053433,1782475583063053433,,3,1.000000000000,1.000000000000,1.000000000000,,0.528803696560,,1
1440,314947,314947,314947,57390,,1782475583062853965,1782475583063111522,1782475583063111522,,1782475583063168912,1782475583063168912,,2,1.000000000000,1.000000000000,1.000000000000,,0.532648258730,,1
1441,318155,318155,318155,61129,,1782475583062970545,1782475583063227571,1782475583063227571,,1782475583063288700,1782475583063288700,,0,1.000000000000,1.000000000000,1.000000000000,,0.529241727341,,1
1442,320933,320933,320933,57460,,1782475583063087046,1782475583063350519,1782475583063350519,,1782475583063407979,1782475583063407979,,3,1.000000000000,1.000000000000,1.000000000000,,0.526309413814,,1
1443,315492,315492,315492,57600,,1782475583063204426,1782475583063462318,1782475583063462318,,1782475583063519918,1782475583063519918,,3,1.000000000000,1.000000000000,1.000000000000,,0.532067988433,,1
1444,313449,313449,313449,56249,,1782475583063321077,1782475583063578277,1782475583063578277,,1782475583063634526,1782475583063634526,,0,1.000000000000,1.000000000000,1.000000000000,,0.534246465832,,1
1445,317697,317697,317697,57250,,1782475583063437318,1782475583063697765,1782475583063697765,,1782475583063755015,1782475583063755015,,2,1.000000000000,1.000000000000,1.000000000000,,0.529726734862,,1
1446,321265,321265,321265,63488,,1782475583063553618,1782475583063811395,1782475583063811395,,1782475583063874883,1782475583063874883,,0,1.000000000000,1.000000000000,1.000000000000,,0.525960060361,,1
1447,314282,314282,314282,56938,,1782475583063669869,1782475583063927213,1782475583063927213,,1782475583063984151,1782475583063984151,,3,1.000000000000,1.000000000000,1.000000000000,,0.533357152224,,1
1448,314270,314270,314270,57478,,1782475583063786060,1782475583064042852,1782475583064042852,,1782475583064100330,1782475583064100330,,3,1.000000000000,1.000000000000,1.000000000000,,0.533369952949,,1
1449,317577,317577,317577,57728,,1782475583063904671,1782475583064164520,1782475583064164520,,1782475583064222248,1782475583064222248,,2,1.000000000000,1.000000000000,1.000000000000,,0.529853884536,,1
1450,313865,313865,313865,56348,,1782475583064021942,1782475583064279459,1782475583064279459,,1782475583064335807,1782475583064335807,,0,1.000000000000,1.000000000000,1.000000000000,,0.533802157630,,1
1451,327712,327712,327712,60978,,1782475583064138693,1782475583064405427,1782475583064405427,,1782475583064466405,1782475583064466405,,2,1.000000000000,1.000000000000,1.000000000000,,0.519221865838,,1
1452,316260,316260,316260,58077,,1782475583064260733,1782475583064518916,1782475583064518916,,1782475583064576993,1782475583064576993,,2,1.000000000000,1.000000000000,1.000000000000,,0.531251359334,,1
1453,312848,312848,312848,57428,,1782475583064374414,1782475583064629834,1782475583064629834,,1782475583064687262,1782475583064687262,,2,1.000000000000,1.000000000000,1.000000000000,,0.534889016179,,1
1454,313346,313346,313346,56787,,1782475583064490674,1782475583064747233,1782475583064747233,,1782475583064804020,1782475583064804020,,0,1.000000000000,1.000000000000,1.000000000000,,0.534356531940,,1
1455,316503,316503,316503,56967,,1782475583064606735,1782475583064866271,1782475583064866271,,1782475583064923238,1782475583064923238,,1,1.000000000000,1.000000000000,1.000000000000,,0.530993233903,,1
1456,320031,320031,320031,60037,,1782475583064722816,1782475583064982810,1782475583064982810,,1782475583065042847,1782475583065042847,,1,1.000000000000,1.000000000000,1.000000000000,,0.527259732926,,1
1457,314609,314609,314609,56636,,1782475583064841346,1782475583065099319,1782475583065099319,,1782475583065155955,1782475583065155955,,3,1.000000000000,1.000000000000,1.000000000000,,0.533008450684,,1
1458,315286,315286,315286,56416,,1782475583064958347,1782475583065217217,1782475583065217217,,1782475583065273633,1782475583065273633,,3,1.000000000000,1.000000000000,1.000000000000,,0.532287245608,,1
1459,320653,320653,320653,58266,,1782475583065075169,1782475583065337556,1782475583065337556,,1782475583065395822,1782475583065395822,,0,1.000000000000,1.000000000000,1.000000000000,,0.526604229626,,1
1460,318541,318541,318541,56756,,1782475583065191779,1782475583065453564,1782475583065453564,,1782475583065510320,1782475583065510320,,3,1.000000000000,1.000000000000,1.000000000000,,0.528833310396,,1
1461,316099,316099,316099,57906,,1782475583065308310,1782475583065566503,1782475583065566503,,1782475583065624409,1782475583065624409,,0,1.000000000000,1.000000000000,1.000000000000,,0.531422449816,,1
1462,313546,313546,313546,56756,,1782475583065424921,1782475583065681711,1782475583065681711,,1782475583065738467,1782475583065738467,,1,1.000000000000,1.000000000000,1.000000000000,,0.534142832070,,1
1463,318904,318904,318904,57665,,1782475583065538921,1782475583065800160,1782475583065800160,,1782475583065857825,1782475583065857825,,3,1.000000000000,1.000000000000,1.000000000000,,0.528449516747,,1
1464,318992,318992,318992,60206,,1782475583065655552,1782475583065914338,1782475583065914338,,1782475583065974544,1782475583065974544,,3,1.000000000000,1.000000000000,1.000000000000,,0.528356517816,,1
1465,318870,318870,318870,61955,,1782475583065772022,1782475583066028937,1782475583066028937,,1782475583066090892,1782475583066090892,,0,1.000000000000,1.000000000000,1.000000000000,,0.528485452536,,1
1466,313608,313608,313608,57096,,1782475583065890723,1782475583066147235,1782475583066147235,,1782475583066204331,1782475583066204331,,1,1.000000000000,1.000000000000,1.000000000000,,0.534076602466,,1
1467,318365,318365,318365,57615,,1782475583066007334,1782475583066268084,1782475583066268084,,1782475583066325699,1782475583066325699,,2,1.000000000000,1.000000000000,1.000000000000,,0.529019492488,,1
1468,316773,316773,316773,57705,,1782475583066123874,1782475583066382942,1782475583066382942,,1782475583066440647,1782475583066440647,,0,1.000000000000,1.000000000000,1.000000000000,,0.530706574962,,1
1469,318521,318521,318521,59016,,1782475583066240356,1782475583066499861,1782475583066499861,,1782475583066558877,1782475583066558877,,0,1.000000000000,1.000000000000,1.000000000000,,0.528854464152,,1
1470,315128,315128,315128,56615,,1782475583066357277,1782475583066615790,1782475583066615790,,1782475583066672405,1782475583066672405,,3,1.000000000000,1.000000000000,1.000000000000,,0.532455474956,,1
1471,321286,321286,321286,58434,,1782475583066473317,1782475583066736169,1782475583066736169,,1782475583066794603,1782475583066794603,,2,1.000000000000,1.000000000000,1.000000000000,,0.525937970502,,1
1472,315934,315934,315934,56274,,1782475583066589938,1782475583066849598,1782475583066849598,,1782475583066905872,1782475583066905872,,3,1.000000000000,1.000000000000,1.000000000000,,0.531597848164,,1
1473,313321,313321,313321,56194,,1782475583066706309,1782475583066963436,1782475583066963436,,1782475583067019630,1782475583067019630,,1,1.000000000000,1.000000000000,1.000000000000,,0.534383250435,,1
1474,315699,315699,315699,56603,,1782475583066825399,1782475583067084495,1782475583067084495,,1782475583067141098,1782475583067141098,,3,1.000000000000,1.000000000000,1.000000000000,,0.531847757876,,1
1475,316287,316287,316287,58144,,1782475583066942060,1782475583067200203,1782475583067200203,,1782475583067258347,1782475583067258347,,2,1.000000000000,1.000000000000,1.000000000000,,0.531222672535,,1
1476,318794,318794,318794,61433,,1782475583067058371,1782475583067315732,1782475583067315732,,1782475583067377165,1782475583067377165,,2,1.000000000000,1.000000000000,1.000000000000,,0.528565788430,,1
1477,317072,317072,317072,56483,,1782475583067176061,1782475583067436650,1782475583067436650,,1782475583067493133,1782475583067493133,,2,1.000000000000,1.000000000000,1.000000000000,,0.530389307302,,1
1478,317490,317490,317490,57433,,1782475583067293192,1782475583067553249,1782475583067553249,,1782475583067610682,1782475583067610682,,3,1.000000000000,1.000000000000,1.000000000000,,0.529946087133,,1
1479,324248,324248,324248,63943,,1782475583067409422,1782475583067669727,1782475583067669727,,1782475583067733670,1782475583067733670,,1,1.000000000000,1.000000000000,1.000000000000,,0.522831524343,,1
1480,317074,317074,317074,58482,,1782475583067525994,1782475583067784586,1782475583067784586,,1782475583067843068,1782475583067843068,,3,1.000000000000,1.000000000000,1.000000000000,,0.530387185749,,1
1481,316082,316082,316082,58883,,1782475583067642345,1782475583067899544,1782475583067899544,,1782475583067958427,1782475583067958427,,3,1.000000000000,1.000000000000,1.000000000000,,0.531440518486,,1
1482,316410,316410,316410,57452,,1782475583067758845,1782475583068017803,1782475583068017803,,1782475583068075255,1782475583068075255,,2,1.000000000000,1.000000000000,1.000000000000,,0.531092007830,,1
1483,315968,315968,315968,57962,,1782475583067879166,1782475583068137172,1782475583068137172,,1782475583068195134,1782475583068195134,,2,1.000000000000,1.000000000000,1.000000000000,,0.531561700739,,1
1484,313915,313915,313915,57622,,1782475583067995737,1782475583068252030,1782475583068252030,,1782475583068309652,1782475583068309652,,1,1.000000000000,1.000000000000,1.000000000000,,0.533748780083,,1
1485,321723,321723,321723,60371,,1782475583068111957,1782475583068373309,1782475583068373309,,1782475583068433680,1782475583068433680,,0,1.000000000000,1.000000000000,1.000000000000,,0.525478501533,,1
1486,318891,318891,318891,59632,,1782475583068228838,1782475583068488097,1782475583068488097,,1782475583068547729,1782475583068547729,,0,1.000000000000,1.000000000000,1.000000000000,,0.528463256613,,1
1487,318858,318858,318858,57811,,1782475583068345789,1782475583068606836,1782475583068606836,,1782475583068664647,1782475583068664647,,0,1.000000000000,1.000000000000,1.000000000000,,0.528498136339,,1
1488,315696,315696,315696,57261,,1782475583068463329,1782475583068721764,1782475583068721764,,1782475583068779025,1782475583068779025,,2,1.000000000000,1.000000000000,1.000000000000,,0.531850948973,,1
1489,318474,318474,318474,58411,,1782475583068579640,1782475583068839703,1782475583068839703,,1782475583068898114,1782475583068898114,,0,1.000000000000,1.000000000000,1.000000000000,,0.528904178808,,1
1490,315820,315820,315820,56401,,1782475583068696102,1782475583068955521,1782475583068955521,,1782475583069011922,1782475583069011922,,3,1.000000000000,1.000000000000,1.000000000000,,0.531719066291,,1
1491,317078,317078,317078,59250,,1782475583068812692,1782475583069070520,1782475583069070520,,1782475583069129770,1782475583069129770,,2,1.000000000000,1.000000000000,1.000000000000,,0.530382942669,,1
1492,312016,312016,312016,55521,,1782475583068929603,1782475583069186098,1782475583069186098,,1782475583069241619,1782475583069241619,,1,1.000000000000,1.000000000000,1.000000000000,,0.535779812439,,1
1493,319234,319234,319234,60200,,1782475583069045893,1782475583069304927,1782475583069304927,,1782475583069365127,1782475583069365127,,0,1.000000000000,1.000000000000,1.000000000000,,0.528100855137,,1
1494,320471,320471,320471,57910,,1782475583069162544,1782475583069425105,1782475583069425105,,1782475583069483015,1782475583069483015,,0,1.000000000000,1.000000000000,1.000000000000,,0.526795948456,,1
1495,316290,316290,316290,57091,,1782475583069278825,1782475583069538024,1782475583069538024,,1782475583069595115,1782475583069595115,,2,1.000000000000,1.000000000000,1.000000000000,,0.531219485209,,1
1496,321268,321268,321268,60860,,1782475583069395275,1782475583069655683,1782475583069655683,,1782475583069716543,1782475583069716543,,3,1.000000000000,1.000000000000,1.000000000000,,0.525956904610,,1
1497,316536,316536,316536,57670,,1782475583069511516,1782475583069770382,1782475583069770382,,1782475583069828052,1782475583069828052,,2,1.000000000000,1.000000000000,1.000000000000,,0.530958189506,,1
1498,315903,315903,315903,57709,,1782475583069627817,1782475583069886011,1782475583069886011,,1782475583069943720,1782475583069943720,,0,1.000000000000,1.000000000000,1.000000000000,,0.531630808252,,1
1499,316121,316121,316121,57869,,1782475583069744307,1782475583070002559,1782475583070002559,,1782475583070060428,1782475583070060428,,2,1.000000000000,1.000000000000,1.000000000000,,0.531399067743,,1
1500,318918,318918,318918,58229,,1782475583069864709,1782475583070125398,1782475583070125398,,1782475583070183627,1782475583070183627,,1,1.000000000000,1.000000000000,1.000000000000,,0.528434720368,,1
1501,319265,319265,319265,59979,,1782475583069981260,1782475583070240546,1782475583070240546,,1782475583070300525,1782475583070300525,,3,1.000000000000,1.000000000000,1.000000000000,,0.528068113899,,1
1502,319133,319133,319133,58358,,1782475583070097750,1782475583070358525,1782475583070358525,,1782475583070416883,1782475583070416883,,0,1.000000000000,1.000000000000,1.000000000000,,0.528207542285,,1
1503,317241,317241,317241,57019,,1782475583070214231,1782475583070474453,1782475583070474453,,1782475583070531472,1782475583070531472,,1,1.000000000000,1.000000000000,1.000000000000,,0.530210066010,,1
1504,315409,315409,315409,56538,,1782475583070330861,1782475583070589732,1782475583070589732,,1782475583070646270,1782475583070646270,,1,1.000000000000,1.000000000000,1.000000000000,,0.532156319050,,1
1505,315106,315106,315106,56398,,1782475583070447142,1782475583070705850,1782475583070705850,,1782475583070762248,1782475583070762248,,0,1.000000000000,1.000000000000,1.000000000000,,0.532478903513,,1
1506,316474,316474,316474,57658,,1782475583070563863,1782475583070822679,1782475583070822679,,1782475583070880337,1782475583070880337,,3,1.000000000000,1.000000000000,1.000000000000,,0.531024032404,,1
1507,320512,320512,320512,57838,,1782475583070681303,1782475583070943977,1782475583070943977,,1782475583071001815,1782475583071001815,,1,1.000000000000,1.000000000000,1.000000000000,,0.526752752960,,1
1508,315579,315579,315579,56457,,1782475583070797934,1782475583071057056,1782475583071057056,,1782475583071113513,1782475583071113513,,0,1.000000000000,1.000000000000,1.000000000000,,0.531975416657,,1
1509,311547,311547,311547,55657,,1782475583070914815,1782475583071170705,1782475583071170705,,1782475583071226362,1782475583071226362,,0,1.000000000000,1.000000000000,1.000000000000,,0.536282609678,,1
1510,316365,316365,316365,56487,,1782475583071031335,1782475583071291213,1782475583071291213,,1782475583071347700,1782475583071347700,,2,1.000000000000,1.000000000000,1.000000000000,,0.531139808262,,1
1511,329011,329011,329011,58907,,1782475583071166217,1782475583071436321,1782475583071436321,,1782475583071495228,1782475583071495228,,2,1.000000000000,1.000000000000,1.000000000000,,0.517874678185,,1
1512,324949,324949,324949,65267,,1782475583071282438,1782475583071542120,1782475583071542120,,1782475583071607387,1782475583071607387,,0,1.000000000000,1.000000000000,1.000000000000,,0.522099028146,,1
1513,314697,314697,314697,57307,,1782475583071398658,1782475583071656048,1782475583071656048,,1782475583071713355,1782475583071713355,,2,1.000000000000,1.000000000000,1.000000000000,,0.532914649452,,1
1514,316034,316034,316034,57806,,1782475583071515269,1782475583071773497,1782475583071773497,,1782475583071831303,1782475583071831303,,3,1.000000000000,1.000000000000,1.000000000000,,0.531491539225,,1
1515,316132,316132,316132,57146,,1782475583071631820,1782475583071890806,1782475583071890806,,1782475583071947952,1782475583071947952,,2,1.000000000000,1.000000000000,1.000000000000,,0.531387377092,,1
1516,316210,316210,316210,58276,,1782475583071748340,1782475583072006274,1782475583072006274,,1782475583072064550,1782475583072064550,,3,1.000000000000,1.000000000000,1.000000000000,,0.531304487127,,1
1517,316247,316247,316247,58315,,1782475583071867151,1782475583072125083,1782475583072125083,,1782475583072183398,1782475583072183398,,2,1.000000000000,1.000000000000,1.000000000000,,0.531265172049,,1
1518,317055,317055,317055,57546,,1782475583071983982,1782475583072243491,1782475583072243491,,1782475583072301037,1782475583072301037,,1,1.000000000000,1.000000000000,1.000000000000,,0.530407340845,,1
1519,322483,322483,322483,57685,,1782475583072100292,1782475583072365090,1782475583072365090,,1782475583072422775,1782475583072422775,,3,1.000000000000,1.000000000000,1.000000000000,,0.524680380936,,1
1520,314652,314652,314652,56637,,1782475583072217223,1782475583072475238,1782475583072475238,,1782475583072531875,1782475583072531875,,1,1.000000000000,1.000000000000,1.000000000000,,0.532962613928,,1
1521,321849,321849,321849,63536,,1782475583072333654,1782475583072591967,1782475583072591967,,1782475583072655503,1782475583072655503,,3,1.000000000000,1.000000000000,1.000000000000,,0.525346097635,,1
1522,318336,318336,318336,56176,,1782475583072450235,1782475583072712395,1782475583072712395,,1782475583072768571,1782475583072768571,,3,1.000000000000,1.000000000000,1.000000000000,,0.529050176508,,1
1523,315994,315994,315994,56885,,1782475583072568416,1782475583072827525,1782475583072827525,,1782475583072884410,1782475583072884410,,0,1.000000000000,1.000000000000,1.000000000000,,0.531534060249,,1
1524,314592,314592,314592,56075,,1782475583072685656,1782475583072944173,1782475583072944173,,1782475583073000248,1782475583073000248,,3,1.000000000000,1.000000000000,1.000000000000,,0.533026573279,,1
1525,313929,313929,313929,56144,,1782475583072801957,1782475583073059742,1782475583073059742,,1782475583073115886,1782475583073115886,,0,1.000000000000,1.000000000000,1.000000000000,,0.533733835327,,1
1526,314437,314437,314437,56975,,1782475583072918978,1782475583073176440,1782475583073176440,,1782475583073233415,1782475583073233415,,0,1.000000000000,1.000000000000,1.000000000000,,0.533191837132,,1
1527,312985,312985,312985,56034,,1782475583073035358,1782475583073292309,1782475583073292309,,1782475583073348343,1782475583073348343,,1,1.000000000000,1.000000000000,1.000000000000,,0.534742476666,,1
1528,320222,320222,320222,59474,,1782475583073152089,1782475583073412837,1782475583073412837,,1782475583073472311,1782475583073472311,,1,1.000000000000,1.000000000000,1.000000000000,,0.527058358173,,1
1529,317700,317700,317700,58094,,1782475583073268310,1782475583073527916,1782475583073527916,,1782475583073586010,1782475583073586010,,0,1.000000000000,1.000000000000,1.000000000000,,0.529723556511,,1
1530,316008,316008,316008,57443,,1782475583073385500,1782475583073644065,1782475583073644065,,1782475583073701508,1782475583073701508,,0,1.000000000000,1.000000000000,1.000000000000,,0.531519177504,,1
1531,317814,317814,317814,58953,,1782475583073502312,1782475583073761173,1782475583073761173,,1782475583073820126,1782475583073820126,,1,1.000000000000,1.000000000000,1.000000000000,,0.529602793308,,1
1532,317582,317582,317582,57633,,1782475583073619113,1782475583073879062,1782475583073879062,,1782475583073936695,1782475583073936695,,1,1.000000000000,1.000000000000,1.000000000000,,0.529848586024,,1
1533,319410,319410,319410,58693,,1782475583073735913,1782475583073996630,1782475583073996630,,1782475583074055323,1782475583074055323,,1,1.000000000000,1.000000000000,1.000000000000,,0.527914996349,,1
1534,316777,316777,316777,57292,,1782475583073854964,1782475583074114449,1782475583074114449,,1782475583074171741,1782475583074171741,,2,1.000000000000,1.000000000000,1.000000000000,,0.530702329326,,1
1535,319446,319446,319446,57673,,1782475583073971994,1782475583074233767,1782475583074233767,,1782475583074291440,1782475583074291440,,3,1.000000000000,1.000000000000,1.000000000000,,0.527876987837,,1
1536,328813,328813,328813,69032,,1782475583074088545,1782475583074348326,1782475583074348326,,1782475583074417358,1782475583074417358,,3,1.000000000000,1.000000000000,1.000000000000,,0.518079797168,,1
1537,311001,311001,311001,57633,,1782475583074205036,1782475583074458404,1782475583074458404,,1782475583074516037,1782475583074516037,,0,1.000000000000,1.000000000000,1.000000000000,,0.536868550153,,1
1538,309369,309369,309369,57242,,1782475583074321546,1782475583074573673,1782475583074573673,,1782475583074630915,1782475583074630915,,2,1.000000000000,1.000000000000,1.000000000000,,0.538623752032,,1
1539,309576,309576,309576,56212,,1782475583074437897,1782475583074691261,1782475583074691261,,1782475583074747473,1782475583074747473,,3,1.000000000000,1.000000000000,1.000000000000,,0.538400807951,,1
1540,312074,312074,312074,57032,,1782475583074554468,1782475583074809510,1782475583074809510,,1782475583074866542,1782475583074866542,,1,1.000000000000,1.000000000000,1.000000000000,,0.535717665585,,1
1541,315961,315961,315961,60892,,1782475583074670649,1782475583074925718,1782475583074925718,,1782475583074986610,1782475583074986610,,1,1.000000000000,1.000000000000,1.000000000000,,0.531569142655,,1
1542,311948,311948,311948,56571,,1782475583074787380,1782475583075042757,1782475583075042757,,1782475583075099328,1782475583075099328,,3,1.000000000000,1.000000000000,1.000000000000,,0.535852683449,,1
1543,311246,311246,311246,57222,,1782475583074906261,1782475583075160285,1782475583075160285,,1782475583075217507,1782475583075217507,,3,1.000000000000,1.000000000000,1.000000000000,,0.536605549004,,1
1544,312854,312854,312854,57741,,1782475583075022811,1782475583075277924,1782475583075277924,,1782475583075335665,1782475583075335665,,3,1.000000000000,1.000000000000,1.000000000000,,0.534882597550,,1
1545,328851,328851,328851,67471,,1782475583075139222,1782475583075400602,1782475583075400602,,1782475583075468073,1782475583075468073,,2,1.000000000000,1.000000000000,1.000000000000,,0.518040424600,,1
1546,314130,314130,314130,60732,,1782475583075260993,1782475583075514391,1782475583075514391,,1782475583075575123,1782475583075575123,,3,1.000000000000,1.000000000000,1.000000000000,,0.533519317446,,1
1547,312768,312768,312768,58591,,1782475583075377593,1782475583075631770,1782475583075631770,,1782475583075690361,1782475583075690361,,3,1.000000000000,1.000000000000,1.000000000000,,0.534974605269,,1
1548,309465,309465,309465,56900,,1782475583075494694,1782475583075747259,1782475583075747259,,1782475583075804159,1782475583075804159,,1,1.000000000000,1.000000000000,1.000000000000,,0.538520346199,,1
1549,317004,317004,317004,63190,,1782475583075610864,1782475583075864678,1782475583075864678,,1782475583075927868,1782475583075927868,,2,1.000000000000,1.000000000000,1.000000000000,,0.530461445153,,1
1550,310581,310581,310581,56580,,1782475583075727365,1782475583075981366,1782475583075981366,,1782475583076037946,1782475583076037946,,0,1.000000000000,1.000000000000,1.000000000000,,0.537319709196,,1
1551,317317,317317,317317,57780,,1782475583075851567,1782475583076111104,1782475583076111104,,1782475583076168884,1782475583076168884,,1,1.000000000000,1.000000000000,1.000000000000,,0.530129480205,,1
1552,311286,311286,311286,56260,,1782475583075969007,1782475583076224033,1782475583076224033,,1782475583076280293,1782475583076280293,,2,1.000000000000,1.000000000000,1.000000000000,,0.536562622277,,1
1553,318143,318143,318143,57819,,1782475583076086128,1782475583076346452,1782475583076346452,,1782475583076404271,1782475583076404271,,0,1.000000000000,1.000000000000,1.000000000000,,0.529254429294,,1
1554,313910,313910,313910,58759,,1782475583076202409,1782475583076457560,1782475583076457560,,1782475583076516319,1782475583076516319,,3,1.000000000000,1.000000000000,1.000000000000,,0.533754117598,,1
1555,317479,317479,317479,58859,,1782475583076319129,1782475583076577749,1782475583076577749,,1782475583076636608,1782475583076636608,,3,1.000000000000,1.000000000000,1.000000000000,,0.529957746075,,1
1556,312366,312366,312366,59339,,1782475583076435680,1782475583076688707,1782475583076688707,,1782475583076748046,1782475583076748046,,2,1.000000000000,1.000000000000,1.000000000000,,0.535404897806,,1
1557,309694,309694,309694,57019,,1782475583076551971,1782475583076804646,1782475583076804646,,1782475583076861665,1782475583076861665,,0,1.000000000000,1.000000000000,1.000000000000,,0.538273760353,,1
1558,319792,319792,319792,58749,,1782475583076668761,1782475583076929804,1782475583076929804,,1782475583076988553,1782475583076988553,,1,1.000000000000,1.000000000000,1.000000000000,,0.527511823323,,1
1559,311909,311909,311909,57848,,1782475583076785072,1782475583077039133,1782475583077039133,,1782475583077096981,1782475583077096981,,2,1.000000000000,1.000000000000,1.000000000000,,0.535894481588,,1
1560,311858,311858,311858,57819,,1782475583076903682,1782475583077157721,1782475583077157721,,1782475583077215540,1782475583077215540,,2,1.000000000000,1.000000000000,1.000000000000,,0.535949145613,,1
1561,312315,312315,312315,58678,,1782475583077019953,1782475583077273590,1782475583077273590,,1782475583077332268,1782475583077332268,,0,1.000000000000,1.000000000000,1.000000000000,,0.535459511891,,1
1562,322991,322991,322991,60078,,1782475583077136355,1782475583077399268,1782475583077399268,,1782475583077459346,1782475583077459346,,2,1.000000000000,1.000000000000,1.000000000000,,0.524147576380,,1
1563,311370,311370,311370,55888,,1782475583077258365,1782475583077513847,1782475583077513847,,1782475583077569735,1782475583077569735,,2,1.000000000000,1.000000000000,1.000000000000,,0.536472487328,,1
1564,309457,309457,309457,56938,,1782475583077375146,1782475583077627665,1782475583077627665,,1782475583077684603,1782475583077684603,,1,1.000000000000,1.000000000000,1.000000000000,,0.538528962594,,1
1565,309314,309314,309314,57417,,1782475583077491347,1782475583077743244,1782475583077743244,,1782475583077800661,1782475583077800661,,3,1.000000000000,1.000000000000,1.000000000000,,0.538683003904,,1
1566,312903,312903,312903,58118,,1782475583077607717,1782475583077862502,1782475583077862502,,1782475583077920620,1782475583077920620,,1,1.000000000000,1.000000000000,1.000000000000,,0.534830181623,,1
1567,314630,314630,314630,58347,,1782475583077725978,1782475583077982261,1782475583077982261,,1782475583078040608,1782475583078040608,,3,1.000000000000,1.000000000000,1.000000000000,,0.532986064799,,1
1568,311528,311528,311528,56817,,1782475583077845598,1782475583078100309,1782475583078100309,,1782475583078157126,1782475583078157126,,1,1.000000000000,1.000000000000,1.000000000000,,0.536302988805,,1
1569,319416,319416,319416,60307,,1782475583077962089,1782475583078221198,1782475583078221198,,1782475583078281505,1782475583078281505,,3,1.000000000000,1.000000000000,1.000000000000,,0.527908661407,,1
1570,324483,324483,324483,59187,,1782475583078078790,1782475583078344086,1782475583078344086,,1782475583078403273,1782475583078403273,,3,1.000000000000,1.000000000000,1.000000000000,,0.522585851265,,1
1571,314952,314952,314952,57677,,1782475583078195370,1782475583078452645,1782475583078452645,,1782475583078510322,1782475583078510322,,3,1.000000000000,1.000000000000,1.000000000000,,0.532642932274,,1
1572,312159,312159,312159,56348,,1782475583078312462,1782475583078568273,1782475583078568273,,1782475583078624621,1782475583078624621,,3,1.000000000000,1.000000000000,1.000000000000,,0.535626601323,,1
1573,315876,315876,315876,58337,,1782475583078429053,1782475583078686592,1782475583078686592,,1782475583078744929,1782475583078744929,,3,1.000000000000,1.000000000000,1.000000000000,,0.531659517091,,1
1574,313035,313035,313035,56546,,1782475583078545393,1782475583078801882,1782475583078801882,,1782475583078858428,1782475583078858428,,3,1.000000000000,1.000000000000,1.000000000000,,0.534689005092,,1
1575,312772,312772,312772,55836,,1782475583078661574,1782475583078918510,1782475583078918510,,1782475583078974346,1782475583078974346,,0,1.000000000000,1.000000000000,1.000000000000,,0.534970325489,,1
1576,314810,314810,314810,58055,,1782475583078778104,1782475583079034859,1782475583079034859,,1782475583079092914,1782475583079092914,,1,1.000000000000,1.000000000000,1.000000000000,,0.532794224349,,1
1577,320997,320997,320997,62295,,1782475583078896905,1782475583079155607,1782475583079155607,,1782475583079217902,1782475583079217902,,0,1.000000000000,1.000000000000,1.000000000000,,0.526242050520,,1
1578,323655,323655,323655,65305,,1782475583079013846,1782475583079272196,1782475583079272196,,1782475583079337501,1782475583079337501,,1,1.000000000000,1.000000000000,1.000000000000,,0.523451970383,,1
1579,317153,317153,317153,57095,,1782475583079130426,1782475583079390484,1782475583079390484,,1782475583079447579,1782475583079447579,,2,1.000000000000,1.000000000000,1.000000000000,,0.530303391194,,1
1580,319011,319011,319011,59425,,1782475583079247247,1782475583079506833,1782475583079506833,,1782475583079566258,1782475583079566258,,3,1.000000000000,1.000000000000,1.000000000000,,0.528336440650,,1
1581,316218,316218,316218,59875,,1782475583079363748,1782475583079620091,1782475583079620091,,1782475583079679966,1782475583079679966,,2,1.000000000000,1.000000000000,1.000000000000,,0.531295986323,,1
1582,311935,311935,311935,56564,,1782475583079480519,1782475583079735890,1782475583079735890,,1782475583079792454,1782475583079792454,,2,1.000000000000,1.000000000000,1.000000000000,,0.535866615800,,1
1583,314753,314753,314753,57275,,1782475583079596670,1782475583079854148,1782475583079854148,,1782475583079911423,1782475583079911423,,3,1.000000000000,1.000000000000,1.000000000000,,0.532854966353,,1
1584,313521,313521,313521,56474,,1782475583079712860,1782475583079969907,1782475583079969907,,1782475583080026381,1782475583080026381,,1,1.000000000000,1.000000000000,1.000000000000,,0.534169539880,,1
1585,315878,315878,315878,57544,,1782475583079832041,1782475583080090375,1782475583080090375,,1782475583080147919,1782475583080147919,,0,1.000000000000,1.000000000000,1.000000000000,,0.531657390457,,1
1586,315826,315826,315826,58414,,1782475583079959152,1782475583080216564,1782475583080216564,,1782475583080274978,1782475583080274978,,0,1.000000000000,1.000000000000,1.000000000000,,0.531712685701,,1
1587,340894,340894,340894,59564,,1782475583080075622,1782475583080356952,1782475583080356952,,1782475583080416516,1782475583080416516,,2,1.000000000000,1.000000000000,1.000000000000,,0.505711970514,,1
1588,323331,323331,323331,63163,,1782475583080193043,1782475583080453211,1782475583080453211,,1782475583080516374,1782475583080516374,,1,1.000000000000,1.000000000000,1.000000000000,,0.523791277183,,1
1589,314229,314229,314229,56764,,1782475583080309914,1782475583080567379,1782475583080567379,,1782475583080624143,1782475583080624143,,0,1.000000000000,1.000000000000,1.000000000000,,0.533413691078,,1
1590,312037,312037,312037,56603,,1782475583080426774,1782475583080682208,1782475583080682208,,1782475583080738811,1782475583080738811,,1,1.000000000000,1.000000000000,1.000000000000,,0.535757310160,,1
1591,315934,315934,315934,58382,,1782475583080543215,1782475583080800767,1782475583080800767,,1782475583080859149,1782475583080859149,,0,1.000000000000,1.000000000000,1.000000000000,,0.531597848164,,1
1592,313561,313561,313561,57693,,1782475583080659497,1782475583080915365,1782475583080915365,,1782475583080973058,1782475583080973058,,2,1.000000000000,1.000000000000,1.000000000000,,0.534126808026,,1
1593,312819,312819,312819,57062,,1782475583080775617,1782475583081031374,1782475583081031374,,1782475583081088436,1782475583081088436,,0,1.000000000000,1.000000000000,1.000000000000,,0.534920040642,,1
1594,312127,312127,312127,56983,,1782475583080891778,1782475583081146922,1782475583081146922,,1782475583081203905,1782475583081203905,,3,1.000000000000,1.000000000000,1.000000000000,,0.535660882522,,1
1595,313214,313214,313214,56482,,1782475583081008259,1782475583081264991,1782475583081264991,,1782475583081321473,1782475583081321473,,0,1.000000000000,1.000000000000,1.000000000000,,0.534497620688,,1
1596,317012,317012,317012,58212,,1782475583081124519,1782475583081383319,1782475583081383319,,1782475583081441531,1782475583081441531,,2,1.000000000000,1.000000000000,1.000000000000,,0.530452957838,,1
1597,317471,317471,317471,57793,,1782475583081240970,1782475583081500648,1782475583081500648,,1782475583081558441,1782475583081558441,,2,1.000000000000,1.000000000000,1.000000000000,,0.529966225467,,1
1598,314589,314589,314589,56593,,1782475583081357980,1782475583081615976,1782475583081615976,,1782475583081672569,1782475583081672569,,3,1.000000000000,1.000000000000,1.000000000000,,0.533029771449,,1
1599,316146,316146,316146,57801,,1782475583081474881,1782475583081733226,1782475583081733226,,1782475583081791027,1782475583081791027,,2,1.000000000000,1.000000000000,1.000000000000,,0.531372498453,,1
1600,312764,312764,312764,56502,,1782475583081591572,1782475583081847834,1782475583081847834,,1782475583081904336,1782475583081904336,,3,1.000000000000,1.000000000000,1.000000000000,,0.534978885083,,1
1601,318072,318072,318072,59151,,1782475583081707982,1782475583081966903,1782475583081966903,,1782475583082026054,1782475583082026054,,1,1.000000000000,1.000000000000,1.000000000000,,0.529329588760,,1
1602,312079,312079,312079,55660,,1782475583081824283,1782475583082080702,1782475583082080702,,1782475583082136362,1782475583082136362,,2,1.000000000000,1.000000000000,1.000000000000,,0.535712308436,,1
1603,320336,320336,320336,56791,,1782475583081940555,1782475583082204100,1782475583082204100,,1782475583082260891,1782475583082260891,,0,1.000000000000,1.000000000000,1.000000000000,,0.526938202566,,1
1604,316784,316784,316784,59290,,1782475583082057075,1782475583082314569,1782475583082314569,,1782475583082373859,1782475583082373859,,1,1.000000000000,1.000000000000,1.000000000000,,0.530694899546,,1
1605,319341,319341,319341,60870,,1782475583082173526,1782475583082431997,1782475583082431997,,1782475583082492867,1782475583082492867,,3,1.000000000000,1.000000000000,1.000000000000,,0.527987853645,,1
1606,316159,316159,316159,58620,,1782475583082290167,1782475583082547706,1782475583082547706,,1782475583082606326,1782475583082606326,,1,1.000000000000,1.000000000000,1.000000000000,,0.531358682948,,1
1607,313497,313497,313497,56450,,1782475583082406377,1782475583082663424,1782475583082663424,,1782475583082719874,1782475583082719874,,3,1.000000000000,1.000000000000,1.000000000000,,0.534195180633,,1
1608,317465,317465,317465,58140,,1782475583082523218,1782475583082782543,1782475583082782543,,1782475583082840683,1782475583082840683,,0,1.000000000000,1.000000000000,1.000000000000,,0.529972585100,,1
1609,314362,314362,314362,57290,,1782475583082639529,1782475583082896601,1782475583082896601,,1782475583082953891,1782475583082953891,,2,1.000000000000,1.000000000000,1.000000000000,,0.533271821906,,1
1610,313850,313850,313850,57019,,1782475583082756149,1782475583083012980,1782475583083012980,,1782475583083069999,1782475583083069999,,3,1.000000000000,1.000000000000,1.000000000000,,0.533818171935,,1
1611,319768,319768,319768,64030,,1782475583082872740,1782475583083128478,1782475583083128478,,1782475583083192508,1782475583083192508,,0,1.000000000000,1.000000000000,1.000000000000,,0.527537144499,,1
1612,315906,315906,315906,57969,,1782475583082989660,1782475583083247597,1782475583083247597,,1782475583083305566,1782475583083305566,,2,1.000000000000,1.000000000000,1.000000000000,,0.531627618477,,1
1613,320542,320542,320542,60199,,1782475583083106252,1782475583083366595,1782475583083366595,,1782475583083426794,1782475583083426794,,2,1.000000000000,1.000000000000,1.000000000000,,0.526721148743,,1
1614,315070,315070,315070,57289,,1782475583083222933,1782475583083480714,1782475583083480714,,1782475583083538003,1782475583083538003,,2,1.000000000000,1.000000000000,1.000000000000,,0.532517243374,,1
1615,320998,320998,320998,61378,,1782475583083339583,1782475583083599203,1782475583083599203,,1782475583083660581,1782475583083660581,,2,1.000000000000,1.000000000000,1.000000000000,,0.526240998037,,1
1616,318135,318135,318135,59588,,1782475583083460304,1782475583083718851,1782475583083718851,,1782475583083778439,1782475583083778439,,2,1.000000000000,1.000000000000,1.000000000000,,0.529262897433,,1
1617,314003,314003,314003,57938,,1782475583083577405,1782475583083833470,1782475583083833470,,1782475583083891408,1782475583083891408,,2,1.000000000000,1.000000000000,1.000000000000,,0.533654848564,,1
1618,313831,313831,313831,56378,,1782475583083694085,1782475583083951538,1782475583083951538,,1782475583084007916,1782475583084007916,,2,1.000000000000,1.000000000000,1.000000000000,,0.533838457411,,1
1619,317109,317109,317109,56508,,1782475583083810396,1782475583084070997,1782475583084070997,,1782475583084127505,1782475583084127505,,1,1.000000000000,1.000000000000,1.000000000000,,0.530350059946,,1
1620,323126,323126,323126,56268,,1782475583083927127,1782475583084193985,1782475583084193985,,1782475583084250253,1782475583084250253,,2,1.000000000000,1.000000000000,1.000000000000,,0.524006075638,,1
1621,314184,314184,314184,57337,,1782475583084053377,1782475583084310224,1782475583084310224,,1782475583084367561,1782475583084367561,,1,1.000000000000,1.000000000000,1.000000000000,,0.533461700471,,1
1622,316132,316132,316132,57308,,1782475583084171588,1782475583084430412,1782475583084430412,,1782475583084487720,1782475583084487720,,0,1.000000000000,1.000000000000,1.000000000000,,0.531387377092,,1
1623,317589,317589,317589,58238,,1782475583084289380,1782475583084548731,1782475583084548731,,1782475583084606969,1782475583084606969,,1,1.000000000000,1.000000000000,1.000000000000,,0.529841168195,,1
1624,316457,316457,316457,58128,,1782475583084406060,1782475583084664389,1782475583084664389,,1782475583084722517,1782475583084722517,,3,1.000000000000,1.000000000000,1.000000000000,,0.531042087528,,1
1625,312335,312335,312335,57137,,1782475583084522951,1782475583084778149,1782475583084778149,,1782475583084835286,1782475583084835286,,3,1.000000000000,1.000000000000,1.000000000000,,0.535438093939,,1
1626,319373,319373,319373,61857,,1782475583084639591,1782475583084897107,1782475583084897107,,1782475583084958964,1782475583084958964,,0,1.000000000000,1.000000000000,1.000000000000,,0.527954063504,,1
1627,314870,314870,314870,57986,,1782475583084756492,1782475583085013376,1782475583085013376,,1782475583085071362,1782475583085071362,,2,1.000000000000,1.000000000000,1.000000000000,,0.532730292878,,1
1628,313628,313628,313628,57817,,1782475583084870973,1782475583085126784,1782475583085126784,,1782475583085184601,1782475583085184601,,2,1.000000000000,1.000000000000,1.000000000000,,0.534055239829,,1
1629,313916,313916,313916,57386,,1782475583084987753,1782475583085244283,1782475583085244283,,1782475583085301669,1782475583085301669,,3,1.000000000000,1.000000000000,1.000000000000,,0.533747712587,,1
1630,319044,319044,319044,57767,,1782475583085103914,1782475583085365191,1782475583085365191,,1782475583085422958,1782475583085422958,,2,1.000000000000,1.000000000000,1.000000000000,,0.528301571595,,1
1631,319041,319041,319041,58716,,1782475583085220105,1782475583085480430,1782475583085480430,,1782475583085539146,1782475583085539146,,3,1.000000000000,1.000000000000,1.000000000000,,0.528304741414,,1
1632,315309,315309,315309,56815,,1782475583085336975,1782475583085595469,1782475583085595469,,1782475583085652284,1782475583085652284,,3,1.000000000000,1.000000000000,1.000000000000,,0.532262760958,,1
1633,316946,316946,316946,59906,,1782475583085455727,1782475583085712767,1782475583085712767,,1782475583085772673,1782475583085772673,,0,1.000000000000,1.000000000000,1.000000000000,,0.530522982250,,1
1634,315763,315763,315763,56355,,1782475583085572348,1782475583085831756,1782475583085831756,,1782475583085888111,1782475583085888111,,1,1.000000000000,1.000000000000,1.000000000000,,0.531779685720,,1
1635,313551,313551,313551,56525,,1782475583085688768,1782475583085945794,1782475583085945794,,1782475583086002319,1782475583086002319,,1,1.000000000000,1.000000000000,1.000000000000,,0.534137490669,,1
1636,313519,313519,313519,57165,,1782475583085805219,1782475583086061573,1782475583086061573,,1782475583086118738,1782475583086118738,,2,1.000000000000,1.000000000000,1.000000000000,,0.534171676562,,1
1637,332476,332476,332476,75835,,1782475583085921980,1782475583086178621,1782475583086178621,,1782475583086254456,1782475583086254456,,0,1.000000000000,1.000000000000,1.000000000000,,0.514298213428,,1
1638,313615,313615,313615,55945,,1782475583086038640,1782475583086296310,1782475583086296310,,1782475583086352255,1782475583086352255,,0,1.000000000000,1.000000000000,1.000000000000,,0.534069125445,,1
1639,315992,315992,315992,57615,,1782475583086154811,1782475583086413188,1782475583086413188,,1782475583086470803,1782475583086470803,,2,1.000000000000,1.000000000000,1.000000000000,,0.531536186390,,1
1640,314870,314870,314870,58364,,1782475583086271011,1782475583086527517,1782475583086527517,,1782475583086585881,1782475583086585881,,2,1.000000000000,1.000000000000,1.000000000000,,0.532730292878,,1
1641,319368,319368,319368,59445,,1782475583086387542,1782475583086647465,1782475583086647465,,1782475583086706910,1782475583086706910,,2,1.000000000000,1.000000000000,1.000000000000,,0.527959343071,,1
1642,314445,314445,314445,57394,,1782475583086503913,1782475583086760964,1782475583086760964,,1782475583086818358,1782475583086818358,,3,1.000000000000,1.000000000000,1.000000000000,,0.533183306131,,1
1643,313813,313813,313813,57294,,1782475583086621223,1782475583086877742,1782475583086877742,,1782475583086935036,1782475583086935036,,3,1.000000000000,1.000000000000,1.000000000000,,0.533857675942,,1
1644,321000,321000,321000,64014,,1782475583086737825,1782475583086994811,1782475583086994811,,1782475583087058825,1782475583087058825,,3,1.000000000000,1.000000000000,1.000000000000,,0.526238893077,,1
1645,317907,317907,317907,58814,,1782475583086854606,1782475583087113699,1782475583087113699,,1782475583087172513,1782475583087172513,,2,1.000000000000,1.000000000000,1.000000000000,,0.529504296349,,1
1646,317355,317355,317355,59723,,1782475583086971426,1782475583087229058,1782475583087229058,,1782475583087288781,1782475583087288781,,1,1.000000000000,1.000000000000,1.000000000000,,0.530089191895,,1
1647,332703,332703,332703,58934,,1782475583087087837,1782475583087361606,1782475583087361606,,1782475583087420540,1782475583087420540,,3,1.000000000000,1.000000000000,1.000000000000,,0.514064775034,,1
1648,315961,315961,315961,60304,,1782475583087204828,1782475583087460485,1782475583087460485,,1782475583087520789,1782475583087520789,,0,1.000000000000,1.000000000000,1.000000000000,,0.531569142655,,1
1649,312050,312050,312050,56624,,1782475583087321378,1782475583087576804,1782475583087576804,,1782475583087633428,1782475583087633428,,2,1.000000000000,1.000000000000,1.000000000000,,0.535743380651,,1
1650,311897,311897,311897,56644,,1782475583087440269,1782475583087695522,1782475583087695522,,1782475583087752166,1782475583087752166,,0,1.000000000000,1.000000000000,1.000000000000,,0.535907343210,,1
1651,314165,314165,314165,58262,,1782475583087556619,1782475583087812522,1782475583087812522,,1782475583087870784,1782475583087870784,,3,1.000000000000,1.000000000000,1.000000000000,,0.533481972401,,1
1652,315743,315743,315743,56743,,1782475583087673000,1782475583087932000,1782475583087932000,,1782475583087988743,1782475583087988743,,1,1.000000000000,1.000000000000,1.000000000000,,0.531800957333,,1
1653,314260,314260,314260,57212,,1782475583087789541,1782475583088046589,1782475583088046589,,1782475583088103801,1782475583088103801,,1,1.000000000000,1.000000000000,1.000000000000,,0.533380620455,,1
1654,313517,313517,313517,56752,,1782475583087905942,1782475583088162707,1782475583088162707,,1782475583088219459,1782475583088219459,,0,1.000000000000,1.000000000000,1.000000000000,,0.534173813253,,1
1655,311735,311735,311735,55352,,1782475583088023273,1782475583088279656,1782475583088279656,,1782475583088335008,1782475583088335008,,3,1.000000000000,1.000000000000,1.000000000000,,0.536081005321,,1
1656,325722,325722,325722,62822,,1782475583088140234,1782475583088403134,1782475583088403134,,1782475583088465956,1782475583088465956,,2,1.000000000000,1.000000000000,1.000000000000,,0.521292486666,,1
1657,315260,315260,315260,57721,,1782475583088259904,1782475583088517443,1782475583088517443,,1782475583088575164,1782475583088575164,,3,1.000000000000,1.000000000000,1.000000000000,,0.532314925264,,1
1658,313788,313788,313788,56632,,1782475583088376525,1782475583088633681,1782475583088633681,,1782475583088690313,1782475583088690313,,1,1.000000000000,1.000000000000,1.000000000000,,0.533884369493,,1
1659,315995,315995,315995,57781,,1782475583088495906,1782475583088754120,1782475583088754120,,1782475583088811901,1782475583088811901,,1,1.000000000000,1.000000000000,1.000000000000,,0.531532997182,,1
1660,313323,313323,313323,56931,,1782475583088612656,1782475583088869048,1782475583088869048,,1782475583088925979,1782475583088925979,,3,1.000000000000,1.000000000000,1.000000000000,,0.534381112906,,1
1661,319091,319091,319091,62321,,1782475583088729757,1782475583088986527,1782475583088986527,,1782475583089048848,1782475583089048848,,1,1.000000000000,1.000000000000,1.000000000000,,0.528251913582,,1
1662,312479,312479,312479,56491,,1782475583088846447,1782475583089102435,1782475583089102435,,1782475583089158926,1782475583089158926,,0,1.000000000000,1.000000000000,1.000000000000,,0.535283909971,,1
1663,319626,319626,319626,58330,,1782475583088962868,1782475583089224164,1782475583089224164,,1782475583089282494,1782475583089282494,,1,1.000000000000,1.000000000000,1.000000000000,,0.527686986324,,1
1664,319843,319843,319843,56771,,1782475583089079250,1782475583089342322,1782475583089342322,,1782475583089399093,1782475583089399093,,0,1.000000000000,1.000000000000,1.000000000000,,0.527458019861,,1
1665,315331,315331,315331,56840,,1782475583089195450,1782475583089453941,1782475583089453941,,1782475583089510781,1782475583089510781,,3,1.000000000000,1.000000000000,1.000000000000,,0.532239341911,,1
1666,317998,317998,317998,60890,,1782475583089312721,1782475583089569829,1782475583089569829,,1782475583089630719,1782475583089630719,,0,1.000000000000,1.000000000000,1.000000000000,,0.529407935336,,1
1667,316236,316236,316236,57550,,1782475583089431812,1782475583089690498,1782475583089690498,,1782475583089748048,1782475583089748048,,2,1.000000000000,1.000000000000,1.000000000000,,0.531276860011,,1
1668,314214,314214,314214,57540,,1782475583089548422,1782475583089805096,1782475583089805096,,1782475583089862636,1782475583089862636,,2,1.000000000000,1.000000000000,1.000000000000,,0.533429693729,,1
1669,312842,312842,312842,55830,,1782475583089664923,1782475583089921935,1782475583089921935,,1782475583089977765,1782475583089977765,,0,1.000000000000,1.000000000000,1.000000000000,,0.534895434886,,1
1670,315310,315310,315310,56830,,1782475583089781423,1782475583090039903,1782475583090039903,,1782475583090096733,1782475583090096733,,1,1.000000000000,1.000000000000,1.000000000000,,0.532261696433,,1
1671,317157,317157,317157,59229,,1782475583089898364,1782475583090156292,1782475583090156292,,1782475583090215521,1782475583090215521,,1,1.000000000000,1.000000000000,1.000000000000,,0.530299148784,,1
1672,313875,313875,313875,58519,,1782475583090015235,1782475583090270591,1782475583090270591,,1782475583090329110,1782475583090329110,,3,1.000000000000,1.000000000000,1.000000000000,,0.533791481694,,1
1673,313943,313943,313943,57119,,1782475583090131735,1782475583090388559,1782475583090388559,,1782475583090445678,1782475583090445678,,2,1.000000000000,1.000000000000,1.000000000000,,0.533718890989,,1
1674,314950,314950,314950,58299,,1782475583090252027,1782475583090508678,1782475583090508678,,1782475583090566977,1782475583090566977,,2,1.000000000000,1.000000000000,1.000000000000,,0.532645062850,,1
1675,314598,314598,314598,56730,,1782475583090368598,1782475583090626466,1782475583090626466,,1782475583090683196,1782475583090683196,,1,1.000000000000,1.000000000000,1.000000000000,,0.533020176999,,1
1676,309266,309266,309266,57198,,1782475583090487318,1782475583090739386,1782475583090739386,,1782475583090796584,1782475583090796584,,2,1.000000000000,1.000000000000,1.000000000000,,0.538734719954,,1
1677,316673,316673,316673,63608,,1782475583090603509,1782475583090856574,1782475583090856574,,1782475583090920182,1782475583090920182,,3,1.000000000000,1.000000000000,1.000000000000,,0.530812726892,,1
1678,312302,312302,312302,56798,,1782475583090719799,1782475583090975303,1782475583090975303,,1782475583091032101,1782475583091032101,,0,1.000000000000,1.000000000000,1.000000000000,,0.535473434019,,1
1679,313679,313679,313679,57048,,1782475583090836530,1782475583091093161,1782475583091093161,,1782475583091150209,1782475583091150209,,2,1.000000000000,1.000000000000,1.000000000000,,0.534000768972,,1
1680,308817,308817,308817,55828,,1782475583090952701,1782475583091205690,1782475583091205690,,1782475583091261518,1782475583091261518,,0,1.000000000000,1.000000000000,1.000000000000,,0.539218721017,,1
1681,338354,338354,338354,83537,,1782475583091068641,1782475583091323458,1782475583091323458,,1782475583091406995,1782475583091406995,,2,1.000000000000,1.000000000000,1.000000000000,,0.508287523690,,1
1682,319432,319432,319432,61577,,1782475583091185012,1782475583091442867,1782475583091442867,,1782475583091504444,1782475583091504444,,2,1.000000000000,1.000000000000,1.000000000000,,0.527891768600,,1
1683,310250,310250,310250,57348,,1782475583091301813,1782475583091554715,1782475583091554715,,1782475583091612063,1782475583091612063,,3,1.000000000000,1.000000000000,1.000000000000,,0.537675532608,,1
1684,311728,311728,311728,58487,,1782475583091420503,1782475583091673744,1782475583091673744,,1782475583091732231,1782475583091732231,,0,1.000000000000,1.000000000000,1.000000000000,,0.536088510508,,1
1685,313324,313324,313324,57767,,1782475583091537115,1782475583091792672,1782475583091792672,,1782475583091850439,1782475583091850439,,0,1.000000000000,1.000000000000,1.000000000000,,0.534380044145,,1
1686,316833,316833,316833,61497,,1782475583091653255,1782475583091908591,1782475583091908591,,1782475583091970088,1782475583091970088,,3,1.000000000000,1.000000000000,1.000000000000,,0.530642893994,,1
1687,312250,312250,312250,57136,,1782475583091770336,1782475583092025450,1782475583092025450,,1782475583092082586,1782475583092082586,,2,1.000000000000,1.000000000000,1.000000000000,,0.535529126152,,1
1688,312847,312847,312847,58036,,1782475583091886777,1782475583092141588,1782475583092141588,,1782475583092199624,1782475583092199624,,3,1.000000000000,1.000000000000,1.000000000000,,0.534890085958,,1
1689,318566,318566,318566,61826,,1782475583092003977,1782475583092260717,1782475583092260717,,1782475583092322543,1782475583092322543,,1,1.000000000000,1.000000000000,1.000000000000,,0.528806869392,,1
1690,312393,312393,312393,57676,,1782475583092120898,1782475583092375615,1782475583092375615,,1782475583092433291,1782475583092433291,,3,1.000000000000,1.000000000000,1.000000000000,,0.535375986722,,1
1691,311820,311820,311820,58865,,1782475583092237729,1782475583092490684,1782475583092490684,,1782475583092549549,1782475583092549549,,0,1.000000000000,1.000000000000,1.000000000000,,0.535989879296,,1
1692,322819,322819,322819,60416,,1782475583092353969,1782475583092616372,1782475583092616372,,1782475583092676788,1782475583092676788,,2,1.000000000000,1.000000000000,1.000000000000,,0.524327914162,,1
1693,315316,315316,315316,59115,,1782475583092472940,1782475583092729141,1782475583092729141,,1782475583092788256,1782475583092788256,,3,1.000000000000,1.000000000000,1.000000000000,,0.532255309331,,1
1694,312713,312713,312713,58235,,1782475583092589671,1782475583092844149,1782475583092844149,,1782475583092902384,1782475583092902384,,3,1.000000000000,1.000000000000,1.000000000000,,0.535033455712,,1
1695,313781,313781,313781,57565,,1782475583092706422,1782475583092962638,1782475583092962638,,1782475583093020203,1782475583093020203,,2,1.000000000000,1.000000000000,1.000000000000,,0.533891843926,,1
1696,313898,313898,313898,57815,,1782475583092822823,1782475583093078906,1782475583093078906,,1782475583093136721,1782475583093136721,,1,1.000000000000,1.000000000000,1.000000000000,,0.533766927850,,1
1697,310856,310856,310856,56165,,1782475583092939244,1782475583093193935,1782475583093193935,,1782475583093250100,1782475583093250100,,2,1.000000000000,1.000000000000,1.000000000000,,0.537024264610,,1
1698,309484,309484,309484,56415,,1782475583093055814,1782475583093308883,1782475583093308883,,1782475583093365298,1782475583093365298,,2,1.000000000000,1.000000000000,1.000000000000,,0.538499882815,,1
1699,313911,313911,313911,59024,,1782475583093172595,1782475583093427482,1782475583093427482,,1782475583093486506,1782475583093486506,,1,1.000000000000,1.000000000000,1.000000000000,,0.533753050091,,1
1700,315431,315431,315431,59635,,1782475583093289515,1782475583093545311,1782475583093545311,,1782475583093604946,1782475583093604946,,2,1.000000000000,1.000000000000,1.000000000000,,0.532132904687,,1
1701,313098,313098,313098,59165,,1782475583093408666,1782475583093662599,1782475583093662599,,1782475583093721764,1782475583093721764,,2,1.000000000000,1.000000000000,1.000000000000,,0.534621638521,,1
1702,311915,311915,311915,57833,,1782475583093525057,1782475583093779139,1782475583093779139,,1782475583093836972,1782475583093836972,,2,1.000000000000,1.000000000000,1.000000000000,,0.535888050893,,1
1703,320514,320514,320514,59074,,1782475583093641737,1782475583093903177,1782475583093903177,,1782475583093962251,1782475583093962251,,0,1.000000000000,1.000000000000,1.000000000000,,0.526750645953,,1
1704,314251,314251,314251,57653,,1782475583093758408,1782475583094015006,1782475583094015006,,1782475583094072659,1782475583094072659,,3,1.000000000000,1.000000000000,1.000000000000,,0.533390221392,,1
1705,311067,311067,311067,58263,,1782475583093874810,1782475583094127614,1782475583094127614,,1782475583094185877,1782475583094185877,,0,1.000000000000,1.000000000000,1.000000000000,,0.536797688182,,1
1706,315036,315036,315036,60193,,1782475583093991220,1782475583094246063,1782475583094246063,,1782475583094306256,1782475583094306256,,3,1.000000000000,1.000000000000,1.000000000000,,0.532553455778,,1
1707,316513,316513,316513,58983,,1782475583094107491,1782475583094365021,1782475583094365021,,1782475583094424004,1782475583094424004,,0,1.000000000000,1.000000000000,1.000000000000,,0.530982614145,,1
1708,311520,311520,311520,57872,,1782475583094224402,1782475583094478050,1782475583094478050,,1782475583094535922,1782475583094535922,,2,1.000000000000,1.000000000000,1.000000000000,,0.536311569721,,1
1709,312509,312509,312509,58573,,1782475583094341092,1782475583094595028,1782475583094595028,,1782475583094653601,1782475583094653601,,2,1.000000000000,1.000000000000,1.000000000000,,0.535251793900,,1
1710,317476,317476,317476,64742,,1782475583094460643,1782475583094713377,1782475583094713377,,1782475583094778119,1782475583094778119,,1,1.000000000000,1.000000000000,1.000000000000,,0.529960925832,,1
1711,315274,315274,315274,57762,,1782475583094576943,1782475583094834455,1782475583094834455,,1782475583094892217,1782475583094892217,,0,1.000000000000,1.000000000000,1.000000000000,,0.532300020655,,1
1712,310872,310872,310872,56462,,1782475583094693404,1782475583094947814,1782475583094947814,,1782475583095004276,1782475583095004276,,0,1.000000000000,1.000000000000,1.000000000000,,0.537007080109,,1
1713,309219,309219,309219,56201,,1782475583094810335,1782475583095063353,1782475583095063353,,1782475583095119554,1782475583095119554,,3,1.000000000000,1.000000000000,1.000000000000,,0.538785363398,,1
1714,311688,311688,311688,56812,,1782475583094926775,1782475583095181651,1782475583095181651,,1782475583095238463,1782475583095238463,,2,1.000000000000,1.000000000000,1.000000000000,,0.536131399304,,1
1715,308714,308714,308714,56621,,1782475583095043307,1782475583095295400,1782475583095295400,,1782475583095352021,1782475583095352021,,2,1.000000000000,1.000000000000,1.000000000000,,0.539329811515,,1
1716,315181,315181,315181,59361,,1782475583095159568,1782475583095415388,1782475583095415388,,1782475583095474749,1782475583095474749,,0,1.000000000000,1.000000000000,1.000000000000,,0.532399037667,,1
1717,314780,314780,314780,60701,,1782475583095275908,1782475583095529987,1782475583095529987,,1782475583095590688,1782475583095590688,,2,1.000000000000,1.000000000000,1.000000000000,,0.532826192962,,1
1718,313997,313997,313997,57701,,1782475583095395409,1782475583095651705,1782475583095651705,,1782475583095709406,1782475583095709406,,2,1.000000000000,1.000000000000,1.000000000000,,0.533661252461,,1
1719,311374,311374,311374,57220,,1782475583095511810,1782475583095765964,1782475583095765964,,1782475583095823184,1782475583095823184,,0,1.000000000000,1.000000000000,1.000000000000,,0.536468195566,,1
1720,312013,312013,312013,57221,,1782475583095628520,1782475583095883312,1782475583095883312,,1782475583095940533,1782475583095940533,,1,1.000000000000,1.000000000000,1.000000000000,,0.535783027128,,1
1721,312050,312050,312050,58430,,1782475583095745261,1782475583095998881,1782475583095998881,,1782475583096057311,1782475583096057311,,3,1.000000000000,1.000000000000,1.000000000000,,0.535743380651,,1
1722,312197,312197,312197,56870,,1782475583095861572,1782475583096116899,1782475583096116899,,1782475583096173769,1782475583096173769,,1,1.000000000000,1.000000000000,1.000000000000,,0.535585895248,,1
1723,310956,310956,310956,57720,,1782475583095978552,1782475583096231788,1782475583096231788,,1782475583096289508,1782475583096289508,,3,1.000000000000,1.000000000000,1.000000000000,,0.536916870497,,1
1724,317193,317193,317193,57660,,1782475583096095203,1782475583096354736,1782475583096354736,,1782475583096412396,1782475583096412396,,3,1.000000000000,1.000000000000,1.000000000000,,0.530260968620,,1
1725,314062,314062,314062,57630,,1782475583096212513,1782475583096468945,1782475583096468945,,1782475583096526575,1782475583096526575,,1,1.000000000000,1.000000000000,1.000000000000,,0.533591881007,,1
1726,310679,310679,310679,56880,,1782475583096329085,1782475583096582884,1782475583096582884,,1782475583096639764,1782475583096639764,,3,1.000000000000,1.000000000000,1.000000000000,,0.537214404853,,1
1727,311056,311056,311056,56360,,1782475583096448606,1782475583096703302,1782475583096703302,,1782475583096759662,1782475583096759662,,0,1.000000000000,1.000000000000,1.000000000000,,0.536809497861,,1
1728,311035,311035,311035,56279,,1782475583096565166,1782475583096819922,1782475583096819922,,1782475583096876201,1782475583096876201,,2,1.000000000000,1.000000000000,1.000000000000,,0.536832044333,,1
1729,312192,312192,312192,56879,,1782475583096682667,1782475583096937980,1782475583096937980,,1782475583096994859,1782475583096994859,,3,1.000000000000,1.000000000000,1.000000000000,,0.535591251134,,1
1730,311169,311169,311169,56808,,1782475583096799428,1782475583097053789,1782475583097053789,,1782475583097110597,1782475583097110597,,1,1.000000000000,1.000000000000,1.000000000000,,0.536688192622,,1
1731,315308,315308,315308,58739,,1782475583096916178,1782475583097172747,1782475583097172747,,1782475583097231486,1782475583097231486,,0,1.000000000000,1.000000000000,1.000000000000,,0.532263825484,,1
1732,308275,308275,308275,56388,,1782475583097032519,1782475583097284406,1782475583097284406,,1782475583097340794,1782475583097340794,,0,1.000000000000,1.000000000000,1.000000000000,,0.539803551031,,1
1733,314762,314762,314762,60618,,1782475583097151540,1782475583097405684,1782475583097405684,,1782475583097466302,1782475583097466302,,2,1.000000000000,1.000000000000,1.000000000000,,0.532845375050,,1
1734,311071,311071,311071,57318,,1782475583097267960,1782475583097521713,1782475583097521713,,1782475583097579031,1782475583097579031,,0,1.000000000000,1.000000000000,1.000000000000,,0.536793393817,,1
1735,310498,310498,310498,56478,,1782475583097384491,1782475583097638511,1782475583097638511,,1782475583097694989,1782475583097694989,,0,1.000000000000,1.000000000000,1.000000000000,,0.537408911671,,1
1736,316034,316034,316034,59277,,1782475583097501793,1782475583097758550,1782475583097758550,,1782475583097817827,1782475583097817827,,2,1.000000000000,1.000000000000,1.000000000000,,0.531491539225,,1
1737,311623,311623,311623,57218,,1782475583097619243,1782475583097873648,1782475583097873648,,1782475583097930866,1782475583097930866,,2,1.000000000000,1.000000000000,1.000000000000,,0.536201100916,,1
1738,310320,310320,310320,57027,,1782475583097735364,1782475583097988657,1782475583097988657,,1782475583098045684,1782475583098045684,,0,1.000000000000,1.000000000000,1.000000000000,,0.537600263302,,1
1739,309348,309348,309348,56447,,1782475583097852174,1782475583098105075,1782475583098105075,,1782475583098161522,1782475583098161522,,1,1.000000000000,1.000000000000,1.000000000000,,0.538646374705,,1
1740,314556,314556,314556,58087,,1782475583097968655,1782475583098225124,1782475583098225124,,1782475583098283211,1782475583098283211,,3,1.000000000000,1.000000000000,1.000000000000,,0.533064952574,,1
1741,324963,324963,324963,60407,,1782475583098084986,1782475583098349542,1782475583098349542,,1782475583098409949,1782475583098409949,,2,1.000000000000,1.000000000000,1.000000000000,,0.522084409578,,1
1742,316931,316931,316931,56626,,1782475583098201546,1782475583098461851,1782475583098461851,,1782475583098518477,1782475583098518477,,2,1.000000000000,1.000000000000,1.000000000000,,0.530538898178,,1
1743,325209,325209,325209,63616,,1782475583098318027,1782475583098579620,1782475583098579620,,1782475583098643236,1782475583098643236,,1,1.000000000000,1.000000000000,1.000000000000,,0.521827607227,,1
1744,316626,316626,316626,57466,,1782475583098436638,1782475583098695798,1782475583098695798,,1782475583098753264,1782475583098753264,,1,1.000000000000,1.000000000000,1.000000000000,,0.530862625633,,1
1745,320114,320114,320114,60595,,1782475583098553288,1782475583098812807,1782475583098812807,,1782475583098873402,1782475583098873402,,0,1.000000000000,1.000000000000,1.000000000000,,0.527172215075,,1
1746,314961,314961,314961,57186,,1782475583098669580,1782475583098927355,1782475583098927355,,1782475583098984541,1782475583098984541,,0,1.000000000000,1.000000000000,1.000000000000,,0.532633344788,,1
1747,318258,318258,318258,57155,,1782475583098786531,1782475583099047634,1782475583099047634,,1782475583099104789,1782475583099104789,,0,1.000000000000,1.000000000000,1.000000000000,,0.529132714773,,1
1748,314687,314687,314687,56936,,1782475583098903091,1782475583099160842,1782475583099160842,,1782475583099217778,1782475583099217778,,2,1.000000000000,1.000000000000,1.000000000000,,0.532925307851,,1
1749,312884,312884,312884,55845,,1782475583099019242,1782475583099276281,1782475583099276281,,1782475583099332126,1782475583099332126,,3,1.000000000000,1.000000000000,1.000000000000,,0.534850505557,,1
1750,324342,324342,324342,59015,,1782475583099135402,1782475583099400729,1782475583099400729,,1782475583099459744,1782475583099459744,,1,1.000000000000,1.000000000000,1.000000000000,,0.522733241256,,1
1751,323620,323620,323620,62975,,1782475583099257243,1782475583099517888,1782475583099517888,,1782475583099580863,1782475583099580863,,3,1.000000000000,1.000000000000,1.000000000000,,0.523488613303,,1
1752,317438,317438,317438,57956,,1782475583099373404,1782475583099632886,1782475583099632886,,1782475583099690842,1782475583099690842,,0,1.000000000000,1.000000000000,1.000000000000,,0.530001204392,,1
1753,314746,314746,314746,56464,,1782475583099489634,1782475583099747916,1782475583099747916,,1782475583099804380,1782475583099804380,,0,1.000000000000,1.000000000000,1.000000000000,,0.532862426375,,1
1754,316384,316384,316384,58745,,1782475583099606515,1782475583099864154,1782475583099864154,,1782475583099922899,1782475583099922899,,0,1.000000000000,1.000000000000,1.000000000000,,0.531119625333,,1
1755,316671,316671,316671,57054,,1782475583099722706,1782475583099982323,1782475583099982323,,1782475583100039377,1782475583100039377,,1,1.000000000000,1.000000000000,1.000000000000,,0.530814850147,,1
1756,314409,314409,314409,57303,,1782475583099839506,1782475583100096612,1782475583100096612,,1782475583100153915,1782475583100153915,,0,1.000000000000,1.000000000000,1.000000000000,,0.533221696711,,1
1757,314316,314316,314316,56924,,1782475583099956138,1782475583100213530,1782475583100213530,,1782475583100270454,1782475583100270454,,1,1.000000000000,1.000000000000,1.000000000000,,0.533320885171,,1
1758,323313,323313,323313,57214,,1782475583100072619,1782475583100338718,1782475583100338718,,1782475583100395932,1782475583100395932,,1,1.000000000000,1.000000000000,1.000000000000,,0.523810134009,,1
1759,324691,324691,324691,58373,,1782475583100189389,1782475583100455707,1782475583100455707,,1782475583100514080,1782475583100514080,,2,1.000000000000,1.000000000000,1.000000000000,,0.522368500762,,1
1760,318269,318269,318269,58343,,1782475583100306130,1782475583100566056,1782475583100566056,,1782475583100624399,1782475583100624399,,3,1.000000000000,1.000000000000,1.000000000000,,0.529121073982,,1
1761,315276,315276,315276,57623,,1782475583100425891,1782475583100683544,1782475583100683544,,1782475583100741167,1782475583100741167,,3,1.000000000000,1.000000000000,1.000000000000,,0.532297891459,,1
1762,318164,318164,318164,57172,,1782475583100542581,1782475583100803573,1782475583100803573,,1782475583100860745,1782475583100860745,,3,1.000000000000,1.000000000000,1.000000000000,,0.529232201075,,1
1763,315612,315612,315612,56163,,1782475583100658862,1782475583100918311,1782475583100918311,,1782475583100974474,1782475583100974474,,3,1.000000000000,1.000000000000,1.000000000000,,0.531940307438,,1
1764,312960,312960,312960,56392,,1782475583100775072,1782475583101031640,1782475583101031640,,1782475583101088032,1782475583101088032,,1,1.000000000000,1.000000000000,1.000000000000,,0.534769214458,,1
1765,324727,324727,324727,67282,,1782475583100891183,1782475583101148628,1782475583101148628,,1782475583101215910,1782475583101215910,,0,1.000000000000,1.000000000000,1.000000000000,,0.522330891584,,1
1766,315045,315045,315045,57612,,1782475583101007454,1782475583101264887,1782475583101264887,,1782475583101322499,1782475583101322499,,2,1.000000000000,1.000000000000,1.000000000000,,0.532543869902,,1
1767,316682,316682,316682,57122,,1782475583101123805,1782475583101383365,1782475583101383365,,1782475583101440487,1782475583101440487,,1,1.000000000000,1.000000000000,1.000000000000,,0.530803172348,,1
1768,317300,317300,317300,59272,,1782475583101240566,1782475583101498594,1782475583101498594,,1782475583101557866,1782475583101557866,,2,1.000000000000,1.000000000000,1.000000000000,,0.530147504913,,1
1769,316327,316327,316327,55952,,1782475583101357237,1782475583101617612,1782475583101617612,,1782475583101673564,1782475583101673564,,1,1.000000000000,1.000000000000,1.000000000000,,0.531180176421,,1
1770,315245,315245,315245,57141,,1782475583101473557,1782475583101731661,1782475583101731661,,1782475583101788802,1782475583101788802,,2,1.000000000000,1.000000000000,1.000000000000,,0.532330894952,,1
1771,316403,316403,316403,58531,,1782475583101590338,1782475583101848210,1782475583101848210,,1782475583101906741,1782475583101906741,,1,1.000000000000,1.000000000000,1.000000000000,,0.531099443171,,1
1772,313710,313710,313710,56361,,1782475583101706929,1782475583101964278,1782475583101964278,,1782475583102020639,1782475583102020639,,3,1.000000000000,1.000000000000,1.000000000000,,0.533967661951,,1
1773,323038,323038,323038,60850,,1782475583101823119,1782475583102085307,1782475583102085307,,1782475583102146157,1782475583102146157,,1,1.000000000000,1.000000000000,1.000000000000,,0.524098308823,,1
1774,322346,322346,322346,57271,,1782475583101939630,1782475583102204705,1782475583102204705,,1782475583102261976,1782475583102261976,,0,1.000000000000,1.000000000000,1.000000000000,,0.524824163058,,1
1775,321433,321433,321433,60280,,1782475583102055961,1782475583102317114,1782475583102317114,,1782475583102377394,1782475583102377394,,3,1.000000000000,1.000000000000,1.000000000000,,0.525783367467,,1
1776,327611,327611,327611,68680,,1782475583102172411,1782475583102431342,1782475583102431342,,1782475583102500022,1782475583102500022,,0,1.000000000000,1.000000000000,1.000000000000,,0.519326759248,,1
1777,317199,317199,317199,57351,,1782475583102289143,1782475583102548991,1782475583102548991,,1782475583102606342,1782475583102606342,,3,1.000000000000,1.000000000000,1.000000000000,,0.530254605526,,1
1778,314787,314787,314787,57301,,1782475583102407733,1782475583102665219,1782475583102665219,,1782475583102722520,1782475583102722520,,3,1.000000000000,1.000000000000,1.000000000000,,0.532818733447,,1
1779,315385,315385,315385,56740,,1782475583102524144,1782475583102782789,1782475583102782789,,1782475583102839529,1782475583102839529,,2,1.000000000000,1.000000000000,1.000000000000,,0.532181863166,,1
1780,318342,318342,318342,57880,,1782475583102641365,1782475583102901827,1782475583102901827,,1782475583102959707,1782475583102959707,,2,1.000000000000,1.000000000000,1.000000000000,,0.529043827944,,1
1781,316040,316040,316040,57469,,1782475583102757975,1782475583103016546,1782475583103016546,,1782475583103074015,1782475583103074015,,1,1.000000000000,1.000000000000,1.000000000000,,0.531485161365,,1
1782,315188,315188,315188,57430,,1782475583102874616,1782475583103132374,1782475583103132374,,1782475583103189804,1782475583103189804,,0,1.000000000000,1.000000000000,1.000000000000,,0.532391584133,,1
1783,315045,315045,315045,57549,,1782475583102991967,1782475583103249463,1782475583103249463,,1782475583103307012,1782475583103307012,,1,1.000000000000,1.000000000000,1.000000000000,,0.532543869902,,1
1784,323923,323923,323923,60939,,1782475583103108507,1782475583103371491,1782475583103371491,,1782475583103432430,1782475583103432430,,3,1.000000000000,1.000000000000,1.000000000000,,0.523171475306,,1
1785,318481,318481,318481,59419,,1782475583103224848,1782475583103483910,1782475583103483910,,1782475583103543329,1782475583103543329,,3,1.000000000000,1.000000000000,1.000000000000,,0.528896774201,,1
1786,317788,317788,317788,59218,,1782475583103341739,1782475583103600309,1782475583103600309,,1782475583103659527,1782475583103659527,,1,1.000000000000,1.000000000000,1.000000000000,,0.529630333369,,1
1787,324086,324086,324086,59119,,1782475583103460350,1782475583103725317,1782475583103725317,,1782475583103784436,1782475583103784436,,2,1.000000000000,1.000000000000,1.000000000000,,0.523000949203,,1
1788,313813,313813,313813,55618,,1782475583103577051,1782475583103835246,1782475583103835246,,1782475583103890864,1782475583103890864,,0,1.000000000000,1.000000000000,1.000000000000,,0.533857675942,,1
1789,314031,314031,314031,56538,,1782475583103693791,1782475583103951284,1782475583103951284,,1782475583104007822,1782475583104007822,,3,1.000000000000,1.000000000000,1.000000000000,,0.533624964730,,1
1790,315039,315039,315039,57039,,1782475583103820572,1782475583104078572,1782475583104078572,,1782475583104135611,1782475583104135611,,3,1.000000000000,1.000000000000,1.000000000000,,0.532550260467,,1
1791,318206,318206,318206,58498,,1782475583103944023,1782475583104203731,1782475583104203731,,1782475583104262229,1782475583104262229,,1,1.000000000000,1.000000000000,1.000000000000,,0.529187747437,,1
1792,317834,317834,317834,59988,,1782475583104060483,1782475583104318329,1782475583104318329,,1782475583104378317,1782475583104378317,,1,1.000000000000,1.000000000000,1.000000000000,,0.529581609620,,1
1793,315302,315302,315302,56858,,1782475583104177474,1782475583104435918,1782475583104435918,,1782475583104492776,1782475583104492776,,2,1.000000000000,1.000000000000,1.000000000000,,0.532270212689,,1
1794,316269,316269,316269,57208,,1782475583104293965,1782475583104553026,1782475583104553026,,1782475583104610234,1782475583104610234,,1,1.000000000000,1.000000000000,1.000000000000,,0.531241796896,,1
1795,317457,317457,317457,56817,,1782475583104410775,1782475583104671415,1782475583104671415,,1782475583104728232,1782475583104728232,,0,1.000000000000,1.000000000000,1.000000000000,,0.529981064729,,1
1796,320055,320055,320055,57788,,1782475583104527106,1782475583104789373,1782475583104789373,,1782475583104847161,1782475583104847161,,1,1.000000000000,1.000000000000,1.000000000000,,0.527234425066,,1
1797,315392,315392,315392,57207,,1782475583104643637,1782475583104901822,1782475583104901822,,1782475583104959029,1782475583104959029,,3,1.000000000000,1.000000000000,1.000000000000,,0.532174412673,,1
1798,314650,314650,314650,56697,,1782475583104760548,1782475583105018501,1782475583105018501,,1782475583105075198,1782475583105075198,,3,1.000000000000,1.000000000000,1.000000000000,,0.532964745783,,1
1799,313977,313977,313977,56807,,1782475583104877179,1782475583105134349,1782475583105134349,,1782475583105191156,1782475583105191156,,0,1.000000000000,1.000000000000,1.000000000000,,0.533682599338,,1
1800,316045,316045,316045,57876,,1782475583104993889,1782475583105252058,1782475583105252058,,1782475583105309934,1782475583105309934,,0,1.000000000000,1.000000000000,1.000000000000,,0.531479846540,,1
1801,322973,322973,322973,64347,,1782475583105110340,1782475583105368966,1782475583105368966,,1782475583105433313,1782475583105433313,,0,1.000000000000,1.000000000000,1.000000000000,,0.524166446032,,1
1802,317251,317251,317251,57997,,1782475583105226641,1782475583105485895,1782475583105485895,,1782475583105543892,1782475583105543892,,0,1.000000000000,1.000000000000,1.000000000000,,0.530199461915,,1
1803,317989,317989,317989,58017,,1782475583105344011,1782475583105603983,1782475583105603983,,1782475583105662000,1782475583105662000,,0,1.000000000000,1.000000000000,1.000000000000,,0.529417464765,,1
1804,320937,320937,320937,57786,,1782475583105462132,1782475583105725283,1782475583105725283,,1782475583105783069,1782475583105783069,,0,1.000000000000,1.000000000000,1.000000000000,,0.526305203355,,1
1805,316894,316894,316894,57066,,1782475583105579883,1782475583105839711,1782475583105839711,,1782475583105896777,1782475583105896777,,1,1.000000000000,1.000000000000,1.000000000000,,0.530578159509,,1
1806,316922,316922,316922,59325,,1782475583105696503,1782475583105954100,1782475583105954100,,1782475583106013425,1782475583106013425,,0,1.000000000000,1.000000000000,1.000000000000,,0.530548447964,,1
1807,316080,316080,316080,55806,,1782475583105812914,1782475583106073188,1782475583106073188,,1782475583106128994,1782475583106128994,,1,1.000000000000,1.000000000000,1.000000000000,,0.531442644253,,1
1808,325116,325116,325116,65605,,1782475583105929416,1782475583106188927,1782475583106188927,,1782475583106254532,1782475583106254532,,2,1.000000000000,1.000000000000,1.000000000000,,0.521924676189,,1
1809,321615,321615,321615,63046,,1782475583106046016,1782475583106304585,1782475583106304585,,1782475583106367631,1782475583106367631,,0,1.000000000000,1.000000000000,1.000000000000,,0.525592017149,,1
1810,317682,317682,317682,57915,,1782475583106162617,1782475583106422384,1782475583106422384,,1782475583106480299,1782475583106480299,,2,1.000000000000,1.000000000000,1.000000000000,,0.529742626903,,1
1811,320760,320760,320760,60385,,1782475583106278647,1782475583106539022,1782475583106539022,,1782475583106599407,1782475583106599407,,1,1.000000000000,1.000000000000,1.000000000000,,0.526491548378,,1
1812,316408,316408,316408,56745,,1782475583106395218,1782475583106654881,1782475583106654881,,1782475583106711626,1782475583106711626,,2,1.000000000000,1.000000000000,1.000000000000,,0.531094132203,,1
1813,314605,314605,314605,56874,,1782475583106511829,1782475583106769560,1782475583106769560,,1782475583106826434,1782475583106826434,,1,1.000000000000,1.000000000000,1.000000000000,,0.533012714769,,1
1814,321103,321103,321103,57054,,1782475583106628319,1782475583106892368,1782475583106892368,,1782475583106949422,1782475583106949422,,1,1.000000000000,1.000000000000,1.000000000000,,0.526130499030,,1
1815,320101,320101,320101,58434,,1782475583106744550,1782475583107006217,1782475583107006217,,1782475583107064651,1782475583107064651,,3,1.000000000000,1.000000000000,1.000000000000,,0.527185921730,,1
1816,317948,317948,317948,59564,,1782475583106861171,1782475583107119555,1782475583107119555,,1782475583107179119,1782475583107179119,,3,1.000000000000,1.000000000000,1.000000000000,,0.529460878777,,1
1817,313847,313847,313847,57134,,1782475583106977551,1782475583107234264,1782475583107234264,,1782475583107291398,1782475583107291398,,2,1.000000000000,1.000000000000,1.000000000000,,0.533821374854,,1
1818,321923,321923,321923,58234,,1782475583107091633,1782475583107355322,1782475583107355322,,1782475583107413556,1782475583107413556,,3,1.000000000000,1.000000000000,1.000000000000,,0.525268352165,,1
1819,319981,319981,319981,58413,,1782475583107208333,1782475583107469901,1782475583107469901,,1782475583107528314,1782475583107528314,,0,1.000000000000,1.000000000000,1.000000000000,,0.527312461536,,1
1820,315629,315629,315629,56624,,1782475583107325134,1782475583107584139,1782475583107584139,,1782475583107640763,1782475583107640763,,3,1.000000000000,1.000000000000,1.000000000000,,0.531922221775,,1
1821,316626,316626,316626,57763,,1782475583107441225,1782475583107700088,1782475583107700088,,1782475583107757851,1782475583107757851,,2,1.000000000000,1.000000000000,1.000000000000,,0.530862625633,,1
1822,317964,317964,317964,56883,,1782475583107557985,1782475583107819066,1782475583107819066,,1782475583107875949,1782475583107875949,,3,1.000000000000,1.000000000000,1.000000000000,,0.529443936300,,1
1823,314112,314112,314112,55963,,1782475583107674946,1782475583107933095,1782475583107933095,,1782475583107989058,1782475583107989058,,3,1.000000000000,1.000000000000,1.000000000000,,0.533538524487,,1
1824,313420,313420,313420,56772,,1782475583107789056,1782475583108045704,1782475583108045704,,1782475583108102476,1782475583108102476,,2,1.000000000000,1.000000000000,1.000000000000,,0.534277453026,,1
1825,312907,312907,312907,56132,,1782475583107905647,1782475583108162422,1782475583108162422,,1782475583108218554,1782475583108218554,,0,1.000000000000,1.000000000000,1.000000000000,,0.534825902999,,1
1826,321015,321015,321015,57843,,1782475583108028458,1782475583108291630,1782475583108291630,,1782475583108349473,1782475583108349473,,0,1.000000000000,1.000000000000,1.000000000000,,0.526223106147,,1
1827,322183,322183,322183,57542,,1782475583108145338,1782475583108409979,1782475583108409979,,1782475583108467521,1782475583108467521,,3,1.000000000000,1.000000000000,1.000000000000,,0.524995283626,,1
1828,316520,316520,316520,57832,,1782475583108266850,1782475583108525538,1782475583108525538,,1782475583108583370,1782475583108583370,,0,1.000000000000,1.000000000000,1.000000000000,,0.530975180440,,1
1829,318348,318348,318348,60003,,1782475583108383241,1782475583108641586,1782475583108641586,,1782475583108701589,1782475583108701589,,2,1.000000000000,1.000000000000,1.000000000000,,0.529037479456,,1
1830,316506,316506,316506,56431,,1782475583108499461,1782475583108759536,1782475583108759536,,1782475583108815967,1782475583108815967,,1,1.000000000000,1.000000000000,1.000000000000,,0.530990047953,,1
1831,315973,315973,315973,57201,,1782475583108615682,1782475583108874454,1782475583108874454,,1782475583108931655,1782475583108931655,,1,1.000000000000,1.000000000000,1.000000000000,,0.531556385149,,1
1832,315311,315311,315311,58061,,1782475583108732493,1782475583108989743,1782475583108989743,,1782475583109047804,1782475583109047804,,3,1.000000000000,1.000000000000,1.000000000000,,0.532260631911,,1
1833,317599,317599,317599,58291,,1782475583108848703,1782475583109108011,1782475583109108011,,1782475583109166302,1782475583109166302,,2,1.000000000000,1.000000000000,1.000000000000,,0.529830571478,,1
1834,315616,315616,315616,56700,,1782475583108967944,1782475583109226860,1782475583109226860,,1782475583109283560,1782475583109283560,,2,1.000000000000,1.000000000000,1.000000000000,,0.531936051932,,1
1835,321074,321074,321074,57761,,1782475583109085415,1782475583109348728,1782475583109348728,,1782475583109406489,1782475583109406489,,1,1.000000000000,1.000000000000,1.000000000000,,0.526161015484,,1
1836,320612,320612,320612,60380,,1782475583109202075,1782475583109462307,1782475583109462307,,1782475583109522687,1782475583109522687,,1,1.000000000000,1.000000000000,1.000000000000,,0.526647412943,,1
1837,318539,318539,318539,58100,,1782475583109319566,1782475583109580005,1782475583109580005,,1782475583109638105,1782475583109638105,,3,1.000000000000,1.000000000000,1.000000000000,,0.528835425734,,1
1838,316048,316048,316048,56770,,1782475583109436196,1782475583109695474,1782475583109695474,,1782475583109752244,1782475583109752244,,1,1.000000000000,1.000000000000,1.000000000000,,0.531476657670,,1
1839,317254,317254,317254,56260,,1782475583109552848,1782475583109813842,1782475583109813842,,1782475583109870102,1782475583109870102,,1,1.000000000000,1.000000000000,1.000000000000,,0.530196280727,,1
1840,314352,314352,314352,56390,,1782475583109669089,1782475583109927051,1782475583109927051,,1782475583109983441,1782475583109983441,,1,1.000000000000,1.000000000000,1.000000000000,,0.533282487449,,1
1841,317050,317050,317050,57129,,1782475583109785169,1782475583110045090,1782475583110045090,,1782475583110102219,1782475583110102219,,3,1.000000000000,1.000000000000,1.000000000000,,0.530412644945,,1
1842,320347,320347,320347,62879,,1782475583109901520,1782475583110158988,1782475583110158988,,1782475583110221867,1782475583110221867,,3,1.000000000000,1.000000000000,1.000000000000,,0.526926610053,,1
1843,325055,325055,325055,57400,,1782475583110020111,1782475583110287766,1782475583110287766,,1782475583110345166,1782475583110345166,,2,1.000000000000,1.000000000000,1.000000000000,,0.521988354884,,1
1844,325333,325333,325333,58719,,1782475583110137081,1782475583110403695,1782475583110403695,,1782475583110462414,1782475583110462414,,1,1.000000000000,1.000000000000,1.000000000000,,0.521698210026,,1
1845,314860,314860,314860,56328,,1782475583110258342,1782475583110516874,1782475583110516874,,1782475583110573202,1782475583110573202,,2,1.000000000000,1.000000000000,1.000000000000,,0.532740947591,,1
1846,315608,315608,315608,57799,,1782475583110375173,1782475583110632982,1782475583110632982,,1782475583110690781,1782475583110690781,,3,1.000000000000,1.000000000000,1.000000000000,,0.531944562977,,1
1847,315286,315286,315286,56268,,1782475583110491623,1782475583110750641,1782475583110750641,,1782475583110806909,1782475583110806909,,1,1.000000000000,1.000000000000,1.000000000000,,0.532287245608,,1
1848,317873,317873,317873,57628,,1782475583110607914,1782475583110868159,1782475583110868159,,1782475583110925787,1782475583110925787,,0,1.000000000000,1.000000000000,1.000000000000,,0.529540303865,,1
1849,315010,315010,315010,56508,,1782475583110724266,1782475583110982768,1782475583110982768,,1782475583111039276,1782475583111039276,,3,1.000000000000,1.000000000000,1.000000000000,,0.532581149277,,1
1850,312878,312878,312878,56238,,1782475583110840696,1782475583111097336,1782475583111097336,,1782475583111153574,1782475583111153574,,0,1.000000000000,1.000000000000,1.000000000000,,0.534856923801,,1
1851,315685,315685,315685,58507,,1782475583110959287,1782475583111216465,1782475583111216465,,1782475583111274972,1782475583111274972,,2,1.000000000000,1.000000000000,1.000000000000,,0.531862649822,,1
1852,322954,322954,322954,57108,,1782475583111076007,1782475583111341853,1782475583111341853,,1782475583111398961,1782475583111398961,,1,1.000000000000,1.000000000000,1.000000000000,,0.524186364736,,1
1853,315061,315061,315061,57017,,1782475583111192668,1782475583111450712,1782475583111450712,,1782475583111507729,1782475583111507729,,2,1.000000000000,1.000000000000,1.000000000000,,0.532526828771,,1
1854,315010,315010,315010,56629,,1782475583111309519,1782475583111567900,1782475583111567900,,1782475583111624529,1782475583111624529,,3,1.000000000000,1.000000000000,1.000000000000,,0.532581149277,,1
1855,317818,317818,317818,57308,,1782475583111425979,1782475583111686489,1782475583111686489,,1782475583111743797,1782475583111743797,,1,1.000000000000,1.000000000000,1.000000000000,,0.529598556503,,1
1856,318555,318555,318555,60396,,1782475583111540670,1782475583111798829,1782475583111798829,,1782475583111859225,1782475583111859225,,2,1.000000000000,1.000000000000,1.000000000000,,0.528818503271,,1
1857,318773,318773,318773,59737,,1782475583111656881,1782475583111915917,1782475583111915917,,1782475583111975654,1782475583111975654,,0,1.000000000000,1.000000000000,1.000000000000,,0.528587988659,,1
1858,313301,313301,313301,56596,,1782475583111773131,1782475583112029836,1782475583112029836,,1782475583112086432,1782475583112086432,,0,1.000000000000,1.000000000000,1.000000000000,,0.534404626192,,1
1859,316947,316947,316947,57356,,1782475583111889653,1782475583112149244,1782475583112149244,,1782475583112206600,1782475583112206600,,1,1.000000000000,1.000000000000,1.000000000000,,0.530521921205,,1
1860,317065,317065,317065,57226,,1782475583112008874,1782475583112268713,1782475583112268713,,1782475583112325939,1782475583112325939,,0,1.000000000000,1.000000000000,1.000000000000,,0.530396732805,,1
1861,316623,316623,316623,57796,,1782475583112126254,1782475583112385081,1782475583112385081,,1782475583112442877,1782475583112442877,,3,1.000000000000,1.000000000000,1.000000000000,,0.530865810818,,1
1862,316100,316100,316100,57685,,1782475583112242735,1782475583112501150,1782475583112501150,,1782475583112558835,1782475583112558835,,0,1.000000000000,1.000000000000,1.000000000000,,0.531421386972,,1
1863,316298,316298,316298,56826,,1782475583112359326,1782475583112618798,1782475583112618798,,1782475583112675624,1782475583112675624,,0,1.000000000000,1.000000000000,1.000000000000,,0.531210985765,,1
1864,316086,316086,316086,58075,,1782475583112475926,1782475583112733937,1782475583112733937,,1782475583112792012,1782475583112792012,,3,1.000000000000,1.000000000000,1.000000000000,,0.531436266979,,1
1865,314744,314744,314744,56366,,1782475583112592057,1782475583112850435,1782475583112850435,,1782475583112906801,1782475583112906801,,0,1.000000000000,1.000000000000,1.000000000000,,0.532864557829,,1
1866,316352,316352,316352,57655,,1782475583112708917,1782475583112967614,1782475583112967614,,1782475583113025269,1782475583113025269,,2,1.000000000000,1.000000000000,1.000000000000,,0.531153618077,,1
1867,315749,315749,315749,58205,,1782475583112825468,1782475583113083012,1782475583113083012,,1782475583113141217,1782475583113141217,,0,1.000000000000,1.000000000000,1.000000000000,,0.531794575760,,1
1868,314847,314847,314847,55775,,1782475583112944939,1782475583113204011,1782475583113204011,,1782475583113259786,1782475583113259786,,1,1.000000000000,1.000000000000,1.000000000000,,0.532754799035,,1
1869,318654,318654,318654,61644,,1782475583113061390,1782475583113318400,1782475583113318400,,1782475583113380044,1782475583113380044,,3,1.000000000000,1.000000000000,1.000000000000,,0.528713807572,,1
1870,321171,321171,321171,57994,,1782475583113177871,1782475583113441048,1782475583113441048,,1782475583113499042,1782475583113499042,,3,1.000000000000,1.000000000000,1.000000000000,,0.526058950148,,1
1871,326328,326328,326328,58084,,1782475583113294582,1782475583113562826,1782475583113562826,,1782475583113620910,1782475583113620910,,2,1.000000000000,1.000000000000,1.000000000000,,0.520661062892,,1
1872,317337,317337,317337,57974,,1782475583113411222,1782475583113670585,1782475583113670585,,1782475583113728559,1782475583113728559,,1,1.000000000000,1.000000000000,1.000000000000,,0.530108275450,,1
1873,316034,316034,316034,57693,,1782475583113528363,1782475583113786704,1782475583113786704,,1782475583113844397,1782475583113844397,,0,1.000000000000,1.000000000000,1.000000000000,,0.531491539225,,1
1874,316332,316332,316332,57504,,1782475583113644874,1782475583113903702,1782475583113903702,,1782475583113961206,1782475583113961206,,2,1.000000000000,1.000000000000,1.000000000000,,0.531174864646,,1
1875,321670,321670,321670,64493,,1782475583113761474,1782475583114018651,1782475583114018651,,1782475583114083144,1782475583114083144,,3,1.000000000000,1.000000000000,1.000000000000,,0.525534205207,,1
1876,318957,318957,318957,60833,,1782475583113877995,1782475583114136119,1782475583114136119,,1782475583114196952,1782475583114196952,,2,1.000000000000,1.000000000000,1.000000000000,,0.528393504067,,1
1877,319415,319415,319415,57513,,1782475583113999586,1782475583114261488,1782475583114261488,,1782475583114319001,1782475583114319001,,0,1.000000000000,1.000000000000,1.000000000000,,0.527909717225,,1
1878,317703,317703,317703,57533,,1782475583114116526,1782475583114376696,1782475583114376696,,1782475583114434229,1782475583114434229,,0,1.000000000000,1.000000000000,1.000000000000,,0.529720378180,,1
1879,315371,315371,315371,56073,,1782475583114233377,1782475583114492675,1782475583114492675,,1782475583114548748,1782475583114548748,,2,1.000000000000,1.000000000000,1.000000000000,,0.532196764467,,1
1880,317069,317069,317069,58864,,1782475583114350498,1782475583114608703,1782475583114608703,,1782475583114667567,1782475583114667567,,2,1.000000000000,1.000000000000,1.000000000000,,0.530392489648,,1
1881,321046,321046,321046,59012,,1782475583114467489,1782475583114729523,1782475583114729523,,1782475583114788535,1782475583114788535,,1,1.000000000000,1.000000000000,1.000000000000,,0.526190481326,,1
1882,316143,316143,316143,56902,,1782475583114584440,1782475583114843681,1782475583114843681,,1782475583114900583,1782475583114900583,,2,1.000000000000,1.000000000000,1.000000000000,,0.531375686698,,1
1883,314502,314502,314502,57452,,1782475583114701700,1782475583114958750,1782475583114958750,,1782475583115016202,1782475583115016202,,2,1.000000000000,1.000000000000,1.000000000000,,0.533122526698,,1
1884,314899,314899,314899,58281,,1782475583114817881,1782475583115074499,1782475583115074499,,1782475583115132780,1782475583115132780,,2,1.000000000000,1.000000000000,1.000000000000,,0.532699395417,,1
1885,319106,319106,319106,61221,,1782475583114936862,1782475583115194747,1782475583115194747,,1782475583115255968,1782475583115255968,,3,1.000000000000,1.000000000000,1.000000000000,,0.528236066262,,1
1886,318685,318685,318685,59891,,1782475583115053452,1782475583115312246,1782475583115312246,,1782475583115372137,1782475583115372137,,0,1.000000000000,1.000000000000,1.000000000000,,0.528681028333,,1
1887,317212,317212,317212,56881,,1782475583115170073,1782475583115430404,1782475583115430404,,1782475583115487285,1782475583115487285,,3,1.000000000000,1.000000000000,1.000000000000,,0.530240819086,,1
1888,317440,317440,317440,57761,,1782475583115286844,1782475583115546523,1782475583115546523,,1782475583115604284,1782475583115604284,,2,1.000000000000,1.000000000000,1.000000000000,,0.529999084392,,1
1889,315368,315368,315368,56821,,1782475583115403964,1782475583115662511,1782475583115662511,,1782475583115719332,1782475583115719332,,3,1.000000000000,1.000000000000,1.000000000000,,0.532199957657,,1
1890,316034,316034,316034,56920,,1782475583115520496,1782475583115779610,1782475583115779610,,1782475583115836530,1782475583115836530,,1,1.000000000000,1.000000000000,1.000000000000,,0.531491539225,,1
1891,317023,317023,317023,58321,,1782475583115637446,1782475583115896148,1782475583115896148,,1782475583115954469,1782475583115954469,,0,1.000000000000,1.000000000000,1.000000000000,,0.530441288002,,1
1892,318350,318350,318350,57230,,1782475583115753697,1782475583116014817,1782475583116014817,,1782475583116072047,1782475583116072047,,3,1.000000000000,1.000000000000,1.000000000000,,0.529035363310,,1
1893,320837,320837,320837,62720,,1782475583115870228,1782475583116128345,1782475583116128345,,1782475583116191065,1782475583116191065,,2,1.000000000000,1.000000000000,1.000000000000,,0.526410474923,,1
1894,313966,313966,313966,56650,,1782475583115989398,1782475583116246714,1782475583116246714,,1782475583116303364,1782475583116303364,,1,1.000000000000,1.000000000000,1.000000000000,,0.533694340484,,1
1895,322623,322623,322623,63080,,1782475583116106499,1782475583116366042,1782475583116366042,,1782475583116429122,1782475583116429122,,1,1.000000000000,1.000000000000,1.000000000000,,0.524533490995,,1
1896,319850,319850,319850,62269,,1782475583116223170,1782475583116480751,1782475583116480751,,1782475583116543020,1782475583116543020,,2,1.000000000000,1.000000000000,1.000000000000,,0.527450635501,,1
1897,315269,315269,315269,57509,,1782475583116339750,1782475583116597510,1782475583116597510,,1782475583116655019,1782475583116655019,,1,1.000000000000,1.000000000000,1.000000000000,,0.532305343682,,1
1898,315126,315126,315126,57319,,1782475583116456141,1782475583116713948,1782475583116713948,,1782475583116771267,1782475583116771267,,1,1.000000000000,1.000000000000,1.000000000000,,0.532457604782,,1
1899,323243,323243,323243,57969,,1782475583116572522,1782475583116837796,1782475583116837796,,1782475583116895765,1782475583116895765,,3,1.000000000000,1.000000000000,1.000000000000,,0.523883472561,,1
1900,316411,316411,316411,56199,,1782475583116689203,1782475583116949415,1782475583116949415,,1782475583117005614,1782475583117005614,,2,1.000000000000,1.000000000000,1.000000000000,,0.531090945647,,1
1901,316218,316218,316218,58118,,1782475583116805784,1782475583117063884,1782475583117063884,,1782475583117122002,1782475583117122002,,3,1.000000000000,1.000000000000,1.000000000000,,0.531295986323,,1
1902,313957,313957,313957,57099,,1782475583116924834,1782475583117181692,1782475583117181692,,1782475583117238791,1782475583117238791,,3,1.000000000000,1.000000000000,1.000000000000,,0.533703947069,,1
1903,320854,320854,320854,58718,,1782475583117041215,1782475583117303351,1782475583117303351,,1782475583117362069,1782475583117362069,,0,1.000000000000,1.000000000000,1.000000000000,,0.526392577271,,1
1904,317561,317561,317561,58308,,1782475583117157306,1782475583117416559,1782475583117416559,,1782475583117474867,1782475583117474867,,1,1.000000000000,1.000000000000,1.000000000000,,0.529870840132,,1
1905,315451,315451,315451,57149,,1782475583117273286,1782475583117531588,1782475583117531588,,1782475583117588737,1782475583117588737,,1,1.000000000000,1.000000000000,1.000000000000,,0.532111619797,,1
1906,318768,318768,318768,60639,,1782475583117389617,1782475583117647746,1782475583117647746,,1782475583117708385,1782475583117708385,,0,1.000000000000,1.000000000000,1.000000000000,,0.528593274566,,1
1907,315875,315875,315875,57137,,1782475583117506248,1782475583117764986,1782475583117764986,,1782475583117822123,1782475583117822123,,3,1.000000000000,1.000000000000,1.000000000000,,0.531660580411,,1
1908,321494,321494,321494,63658,,1782475583117622668,1782475583117880504,1782475583117880504,,1782475583117944162,1782475583117944162,,2,1.000000000000,1.000000000000,1.000000000000,,0.525719225809,,1
1909,315101,315101,315101,56977,,1782475583117739049,1782475583117997173,1782475583117997173,,1782475583118054150,1782475583118054150,,0,1.000000000000,1.000000000000,1.000000000000,,0.532484228328,,1
1910,317368,317368,317368,57596,,1782475583117855620,1782475583118115392,1782475583118115392,,1782475583118172988,1782475583118172988,,2,1.000000000000,1.000000000000,1.000000000000,,0.530075409755,,1
1911,316816,316816,316816,57907,,1782475583117974051,1782475583118232960,1782475583118232960,,1782475583118290867,1782475583118290867,,1,1.000000000000,1.000000000000,1.000000000000,,0.530660936159,,1
1912,320643,320643,320643,58366,,1782475583118090972,1782475583118353249,1782475583118353249,,1782475583118411615,1782475583118411615,,0,1.000000000000,1.000000000000,1.000000000000,,0.526614761816,,1
1913,319991,319991,319991,61676,,1782475583118207372,1782475583118465687,1782475583118465687,,1782475583118527363,1782475583118527363,,3,1.000000000000,1.000000000000,1.000000000000,,0.527301915392,,1
1914,316909,316909,316909,56786,,1782475583118323893,1782475583118584016,1782475583118584016,,1782475583118640802,1782475583118640802,,1,1.000000000000,1.000000000000,1.000000000000,,0.530562242403,,1
1915,314336,314336,314336,56136,,1782475583118440294,1782475583118698494,1782475583118698494,,1782475583118754630,1782475583118754630,,2,1.000000000000,1.000000000000,1.000000000000,,0.533299552762,,1
1916,317995,317995,317995,59956,,1782475583118556914,1782475583118814953,1782475583118814953,,1782475583118874909,1782475583118874909,,2,1.000000000000,1.000000000000,1.000000000000,,0.529411111793,,1
1917,317192,317192,317192,56776,,1782475583118673505,1782475583118933921,1782475583118933921,,1782475583118990697,1782475583118990697,,3,1.000000000000,1.000000000000,1.000000000000,,0.530262029143,,1
1918,314930,314930,314930,56745,,1782475583118790455,1782475583119048640,1782475583119048640,,1782475583119105385,1782475583119105385,,1,1.000000000000,1.000000000000,1.000000000000,,0.532666369079,,1
1919,314018,314018,314018,56276,,1782475583118907296,1782475583119165038,1782475583119165038,,1782475583119221314,1782475583119221314,,2,1.000000000000,1.000000000000,1.000000000000,,0.533638839159,,1
1920,313855,313855,313855,56685,,1782475583119023787,1782475583119280957,1782475583119280957,,1782475583119337642,1782475583119337642,,0,1.000000000000,1.000000000000,1.000000000000,,0.533812833780,,1
1921,327512,327512,327512,61465,,1782475583119140808,1782475583119406855,1782475583119406855,,1782475583119468320,1782475583119468320,,0,1.000000000000,1.000000000000,1.000000000000,,0.519429596127,,1
1922,316440,316440,316440,57375,,1782475583119260619,1782475583119519684,1782475583119519684,,1782475583119577059,1782475583119577059,,3,1.000000000000,1.000000000000,1.000000000000,,0.531060143266,,1
1923,315037,315037,315037,56775,,1782475583119376940,1782475583119635202,1782475583119635202,,1782475583119691977,1782475583119691977,,0,1.000000000000,1.000000000000,1.000000000000,,0.532552390672,,1
1924,314945,314945,314945,56214,,1782475583119493380,1782475583119752111,1782475583119752111,,1782475583119808325,1782475583119808325,,3,1.000000000000,1.000000000000,1.000000000000,,0.532650389327,,1
1925,317023,317023,317023,56825,,1782475583119609831,1782475583119870029,1782475583119870029,,1782475583119926854,1782475583119926854,,0,1.000000000000,1.000000000000,1.000000000000,,0.530441288002,,1
1926,315911,315911,315911,57734,,1782475583119726081,1782475583119984258,1782475583119984258,,1782475583120041992,1782475583120041992,,2,1.000000000000,1.000000000000,1.000000000000,,0.531622302227,,1
1927,319698,319698,319698,56464,,1782475583119842552,1782475583120105786,1782475583120105786,,1782475583120162250,1782475583120162250,,3,1.000000000000,1.000000000000,1.000000000000,,0.527611004869,,1
1928,317966,317966,317966,58574,,1782475583119961403,1782475583120220795,1782475583120220795,,1782475583120279369,1782475583120279369,,2,1.000000000000,1.000000000000,1.000000000000,,0.529441818528,,1
1929,322224,322224,322224,58154,,1782475583120078003,1782475583120342073,1782475583120342073,,1782475583120400227,1782475583120400227,,3,1.000000000000,1.000000000000,1.000000000000,,0.524952235778,,1
1930,316473,316473,316473,56865,,1782475583120194694,1782475583120454302,1782475583120454302,,1782475583120511167,1782475583120511167,,2,1.000000000000,1.000000000000,1.000000000000,,0.531025094453,,1
1931,316669,316669,316669,57945,,1782475583120311666,1782475583120570390,1782475583120570390,,1782475583120628335,1782475583120628335,,2,1.000000000000,1.000000000000,1.000000000000,,0.530816973410,,1
1932,317987,317987,317987,57374,,1782475583120428516,1782475583120689129,1782475583120689129,,1782475583120746503,1782475583120746503,,1,1.000000000000,1.000000000000,1.000000000000,,0.529419582439,,1
1933,316905,316905,316905,57903,,1782475583120545237,1782475583120804239,1782475583120804239,,1782475583120862142,1782475583120862142,,3,1.000000000000,1.000000000000,1.000000000000,,0.530566486918,,1
1934,314352,314352,314352,56293,,1782475583120661638,1782475583120919697,1782475583120919697,,1782475583120975990,1782475583120975990,,3,1.000000000000,1.000000000000,1.000000000000,,0.533282487449,,1
1935,319990,319990,319990,57132,,1782475583120777768,1782475583121040626,1782475583121040626,,1782475583121097758,1782475583121097758,,3,1.000000000000,1.000000000000,1.000000000000,,0.527302969997,,1
1936,330787,330787,330787,59152,,1782475583120894729,1782475583121166364,1782475583121166364,,1782475583121225516,1782475583121225516,,3,1.000000000000,1.000000000000,1.000000000000,,0.516038450399,,1
1937,315366,315366,315366,56442,,1782475583121011079,1782475583121270003,1782475583121270003,,1782475583121326445,1782475583121326445,,1,1.000000000000,1.000000000000,1.000000000000,,0.532202086461,,1
1938,317303,317303,317303,57732,,1782475583121127940,1782475583121387511,1782475583121387511,,1782475583121445243,1782475583121445243,,0,1.000000000000,1.000000000000,1.000000000000,,0.530144324038,,1
1939,320451,320451,320451,61192,,1782475583121244451,1782475583121503710,1782475583121503710,,1782475583121564902,1782475583121564902,,1,1.000000000000,1.000000000000,1.000000000000,,0.526817020716,,1
1940,314649,314649,314649,56842,,1782475583121360991,1782475583121618798,1782475583121618798,,1782475583121675640,1782475583121675640,,3,1.000000000000,1.000000000000,1.000000000000,,0.532965811714,,1
1941,330335,330335,330335,72111,,1782475583121477373,1782475583121735597,1782475583121735597,,1782475583121807708,1782475583121807708,,2,1.000000000000,1.000000000000,1.000000000000,,0.516505160079,,1
1942,314053,314053,314053,55812,,1782475583121593894,1782475583121852135,1782475583121852135,,1782475583121907947,1782475583121907947,,3,1.000000000000,1.000000000000,1.000000000000,,0.533601485748,,1
1943,317311,317311,317311,56451,,1782475583121710674,1782475583121971534,1782475583121971534,,1782475583122027985,1782475583122027985,,2,1.000000000000,1.000000000000,1.000000000000,,0.530135841797,,1
1944,316979,316979,316979,57662,,1782475583121827315,1782475583122086632,1782475583122086632,,1782475583122144294,1782475583122144294,,1,1.000000000000,1.000000000000,1.000000000000,,0.530487968889,,1
1945,315596,315596,315596,56741,,1782475583121946276,1782475583122205131,1782475583122205131,,1782475583122261872,1782475583122261872,,3,1.000000000000,1.000000000000,1.000000000000,,0.531957329800,,1
1946,320134,320134,320134,63011,,1782475583122062756,1782475583122319879,1782475583122319879,,1782475583122382890,1782475583122382890,,2,1.000000000000,1.000000000000,1.000000000000,,0.527151128608,,1
1947,320482,320482,320482,57221,,1782475583122179527,1782475583122442788,1782475583122442788,,1782475583122500009,1782475583122500009,,2,1.000000000000,1.000000000000,1.000000000000,,0.526784359073,,1
1948,315719,315719,315719,56891,,1782475583122296478,1782475583122555306,1782475583122555306,,1782475583122612197,1782475583122612197,,3,1.000000000000,1.000000000000,1.000000000000,,0.531826484392,,1
1949,314697,314697,314697,56910,,1782475583122412688,1782475583122670475,1782475583122670475,,1782475583122727385,1782475583122727385,,3,1.000000000000,1.000000000000,1.000000000000,,0.532914649452,,1
1950,317335,317335,317335,56830,,1782475583122528819,1782475583122789324,1782475583122789324,,1782475583122846154,1782475583122846154,,2,1.000000000000,1.000000000000,1.000000000000,,0.530110395887,,1
1951,316503,316503,316503,57610,,1782475583122645079,1782475583122903972,1782475583122903972,,1782475583122961582,1782475583122961582,,2,1.000000000000,1.000000000000,1.000000000000,,0.530993233903,,1
1952,314630,314630,314630,57260,,1782475583122761391,1782475583123018761,1782475583123018761,,1782475583123076021,1782475583123076021,,1,1.000000000000,1.000000000000,1.000000000000,,0.532986064799,,1
1953,314667,314667,314667,56300,,1782475583122878052,1782475583123136419,1782475583123136419,,1782475583123192719,1782475583123192719,,2,1.000000000000,1.000000000000,1.000000000000,,0.532946625290,,1
1954,317375,317375,317375,57439,,1782475583122994712,1782475583123254648,1782475583123254648,,1782475583123312087,1782475583123312087,,0,1.000000000000,1.000000000000,1.000000000000,,0.530067988752,,1
1955,322493,322493,322493,59290,,1782475583123110963,1782475583123374166,1782475583123374166,,1782475583123433456,1782475583123433456,,3,1.000000000000,1.000000000000,1.000000000000,,0.524669887434,,1
1956,316731,316731,316731,58770,,1782475583123227404,1782475583123485365,1782475583123485365,,1782475583123544135,1782475583123544135,,0,1.000000000000,1.000000000000,1.000000000000,,0.530751156186,,1
1957,315729,315729,315729,57480,,1782475583123344034,1782475583123602283,1782475583123602283,,1782475583123659763,1782475583123659763,,0,1.000000000000,1.000000000000,1.000000000000,,0.531815847968,,1
1958,318207,318207,318207,58160,,1782475583123460765,1782475583123720812,1782475583123720812,,1782475583123778972,1782475583123778972,,1,1.000000000000,1.000000000000,1.000000000000,,0.529186689063,,1
1959,313824,313824,313824,56069,,1782475583123577206,1782475583123834961,1782475583123834961,,1782475583123891030,1782475583123891030,,0,1.000000000000,1.000000000000,1.000000000000,,0.533845931202,,1
1960,315183,315183,315183,58849,,1782475583123693496,1782475583123949830,1782475583123949830,,1782475583124008679,1782475583124008679,,2,1.000000000000,1.000000000000,1.000000000000,,0.532396908075,,1
1961,321820,321820,321820,60389,,1782475583123809917,1782475583124071348,1782475583124071348,,1782475583124131737,1782475583124131737,,0,1.000000000000,1.000000000000,1.000000000000,,0.525376568592,,1
1962,323397,323397,323397,56218,,1782475583123928858,1782475583124196037,1782475583124196037,,1782475583124252255,1782475583124252255,,0,1.000000000000,1.000000000000,1.000000000000,,0.523722141298,,1
1963,312145,312145,312145,55689,,1782475583124053799,1782475583124310255,1782475583124310255,,1782475583124365944,1782475583124365944,,2,1.000000000000,1.000000000000,1.000000000000,,0.535641599078,,1
1964,322262,322262,322262,58728,,1782475583124170130,1782475583124433664,1782475583124433664,,1782475583124492392,1782475583124492392,,0,1.000000000000,1.000000000000,1.000000000000,,0.524912340924,,1
1965,319360,319360,319360,58737,,1782475583124287370,1782475583124547993,1782475583124547993,,1782475583124606730,1782475583124606730,,2,1.000000000000,1.000000000000,1.000000000000,,0.527967790488,,1
1966,318078,318078,318078,59018,,1782475583124404071,1782475583124663131,1782475583124663131,,1782475583124722149,1782475583124722149,,0,1.000000000000,1.000000000000,1.000000000000,,0.529323236843,,1
1967,317795,317795,317795,57247,,1782475583124520822,1782475583124781370,1782475583124781370,,1782475583124838617,1782475583124838617,,0,1.000000000000,1.000000000000,1.000000000000,,0.529622918597,,1
1968,313723,313723,313723,57007,,1782475583124637382,1782475583124894098,1782475583124894098,,1782475583124951105,1782475583124951105,,3,1.000000000000,1.000000000000,1.000000000000,,0.533953778972,,1
1969,321741,321741,321741,61047,,1782475583124753713,1782475583125014407,1782475583125014407,,1782475583125075454,1782475583125075454,,1,1.000000000000,1.000000000000,1.000000000000,,0.525459584648,,1
1970,315568,315568,315568,56777,,1782475583124870214,1782475583125129005,1782475583125129005,,1782475583125185782,1782475583125185782,,3,1.000000000000,1.000000000000,1.000000000000,,0.531987120245,,1
1971,314126,314126,314126,57246,,1782475583124989154,1782475583125246034,1782475583125246034,,1782475583125303280,1782475583125303280,,2,1.000000000000,1.000000000000,1.000000000000,,0.533523585618,,1
1972,320843,320843,320843,58887,,1782475583125105576,1782475583125367532,1782475583125367532,,1782475583125426419,1782475583125426419,,0,1.000000000000,1.000000000000,1.000000000000,,0.526404158035,,1
1973,318300,318300,318300,57446,,1782475583125223147,1782475583125484001,1782475583125484001,,1782475583125541447,1782475583125541447,,0,1.000000000000,1.000000000000,1.000000000000,,0.529088269492,,1
1974,321618,321618,321618,63206,,1782475583125340187,1782475583125598599,1782475583125598599,,1782475583125661805,1782475583125661805,,2,1.000000000000,1.000000000000,1.000000000000,,0.525588863606,,1
1975,317066,317066,317066,57816,,1782475583125456588,1782475583125715838,1782475583125715838,,1782475583125773654,1782475583125773654,,3,1.000000000000,1.000000000000,1.000000000000,,0.530395672012,,1
1976,319853,319853,319853,60466,,1782475583125574239,1782475583125833626,1782475583125833626,,1782475583125894092,1782475583125894092,,3,1.000000000000,1.000000000000,1.000000000000,,0.527447470806,,1
1977,315002,315002,315002,56126,,1782475583125691299,1782475583125950175,1782475583125950175,,1782475583126006301,1782475583126006301,,3,1.000000000000,1.000000000000,1.000000000000,,0.532589670644,,1
1978,315249,315249,315249,55736,,1782475583125807730,1782475583126067243,1782475583126067243,,1782475583126122979,1782475583126122979,,3,1.000000000000,1.000000000000,1.000000000000,,0.532326636321,,1
1979,323947,323947,323947,65625,,1782475583125928300,1782475583126186622,1782475583126186622,,1782475583126252247,1782475583126252247,,0,1.000000000000,1.000000000000,1.000000000000,,0.523146363678,,1
1980,316835,316835,316835,57765,,1782475583126045191,1782475583126304261,1782475583126304261,,1782475583126362026,1782475583126362026,,2,1.000000000000,1.000000000000,1.000000000000,,0.530640771426,,1
1981,322022,322022,322022,61285,,1782475583126165142,1782475583126425879,1782475583126425879,,1782475583126487164,1782475583126487164,,0,1.000000000000,1.000000000000,1.000000000000,,0.525164359327,,1
1982,316620,316620,316620,57505,,1782475583126281463,1782475583126540578,1782475583126540578,,1782475583126598083,1782475583126598083,,2,1.000000000000,1.000000000000,1.000000000000,,0.530868996023,,1
1983,323418,323418,323418,57186,,1782475583126398184,1782475583126664416,1782475583126664416,,1782475583126721602,1782475583126721602,,0,1.000000000000,1.000000000000,1.000000000000,,0.523700145430,,1
1984,316715,316715,316715,57694,,1782475583126515125,1782475583126774146,1782475583126774146,,1782475583126831840,1782475583126831840,,3,1.000000000000,1.000000000000,1.000000000000,,0.530768140495,,1
1985,313654,313654,313654,56885,,1782475583126631785,1782475583126888554,1782475583126888554,,1782475583126945439,1782475583126945439,,3,1.000000000000,1.000000000000,1.000000000000,,0.534027469678,,1
1986,315271,315271,315271,57544,,1782475583126748186,1782475583127005913,1782475583127005913,,1782475583127063457,1782475583127063457,,0,1.000000000000,1.000000000000,1.000000000000,,0.532303214465,,1
1987,318028,318028,318028,57134,,1782475583126865337,1782475583127126231,1782475583127126231,,1782475583127183365,1782475583127183365,,3,1.000000000000,1.000000000000,1.000000000000,,0.529376171813,,1
1988,316587,316587,316587,57184,,1782475583126985037,1782475583127244440,1782475583127244440,,1782475583127301624,1782475583127301624,,3,1.000000000000,1.000000000000,1.000000000000,,0.530904034533,,1
1989,320954,320954,320954,57874,,1782475583127102028,1782475583127365108,1782475583127365108,,1782475583127422982,1782475583127422982,,3,1.000000000000,1.000000000000,1.000000000000,,0.526287309282,,1
1990,315841,315841,315841,57483,,1782475583127220119,1782475583127478477,1782475583127478477,,1782475583127535960,1782475583127535960,,3,1.000000000000,1.000000000000,1.000000000000,,0.531696734560,,1
1991,315510,315510,315510,56974,,1782475583127337019,1782475583127595555,1782475583127595555,,1782475583127652529,1782475583127652529,,0,1.000000000000,1.000000000000,1.000000000000,,0.532048834330,,1
1992,314866,314866,314866,57233,,1782475583127453261,1782475583127710894,1782475583127710894,,1782475583127768127,1782475583127768127,,0,1.000000000000,1.000000000000,1.000000000000,,0.532734554738,,1
1993,314344,314344,314344,55883,,1782475583127569691,1782475583127828152,1782475583127828152,,1782475583127884035,1782475583127884035,,0,1.000000000000,1.000000000000,1.000000000000,,0.533291020037,,1
1994,325232,325232,325232,56613,,1782475583127686152,1782475583127954771,1782475583127954771,,1782475583128011384,1782475583128011384,,2,1.000000000000,1.000000000000,1.000000000000,,0.521803603709,,1
1995,314489,314489,314489,55952,,1782475583127802613,1782475583128061150,1782475583128061150,,1782475583128117102,1782475583128117102,,1,1.000000000000,1.000000000000,1.000000000000,,0.533136388064,,1
1996,314257,314257,314257,56842,,1782475583127922193,1782475583128179608,1782475583128179608,,1782475583128236450,1782475583128236450,,3,1.000000000000,1.000000000000,1.000000000000,,0.533383820748,,1
1997,319265,319265,319265,61643,,1782475583128047814,1782475583128305436,1782475583128305436,,1782475583128367079,1782475583128367079,,0,1.000000000000,1.000000000000,1.000000000000,,0.528068113899,,1
1998,318912,318912,318912,57462,,1782475583128164355,1782475583128425805,1782475583128425805,,1782475583128483267,1782475583128483267,,0,1.000000000000,1.000000000000,1.000000000000,,0.528441061622,,1
1999,319170,319170,319170,57361,,1782475583128280615,1782475583128542424,1782475583128542424,,1782475583128599785,1782475583128599785,,0,1.000000000000,1.000000000000,1.000000000000,,0.528168456373,,1
2000,315048,315048,315048,56762,,1782475583128397036,1782475583128655322,1782475583128655322,,1782475583128712084,1782475583128712084,,0,1.000000000000,1.000000000000,1.000000000000,,0.532540674648,,1
