count_idx,delay_ns,delay_physical_ns,ts_r2_ns,ts_r2_on_r1_ns,stage2_recv_local_ns,stage2_recv_r1_ns,stage2_recv_r2_ns,bits_final,w14,w56,w_final_raw,state_final_peer_id
51,47676,47676,1782988438552321538,1782988438552321538,1782988438552369214,1782988438552369214,1782988438552369214,2,1.000000000000,1.000000000000,1.000000000000,1
52,50256,50256,1782988438552438056,1782988438552438056,1782988438552488312,1782988438552488312,1782988438552488312,1,1.000000000000,1.000000000000,1.000000000000,1
53,49756,49756,1782988438552552655,1782988438552552655,1782988438552602411,1782988438552602411,1782988438552602411,1,1.000000000000,1.000000000000,1.000000000000,1
54,49316,49316,1782988438552667483,1782988438552667483,1782988438552716799,1782988438552716799,1782988438552716799,3,1.000000000000,1.000000000000,1.000000000000,1
55,49048,49048,1782988438552781021,1782988438552781021,1782988438552830069,1782988438552830069,1782988438552830069,0,1.000000000000,1.000000000000,1.000000000000,1
56,48437,48437,1782988438552898050,1782988438552898050,1782988438552946487,1782988438552946487,1782988438552946487,2,1.000000000000,1.000000000000,1.000000000000,1
57,48448,48448,1782988438553011548,1782988438553011548,1782988438553059996,1782988438553059996,1782988438553059996,0,1.000000000000,1.000000000000,1.000000000000,1
58,49858,49858,1782988438553133506,1782988438553133506,1782988438553183364,1782988438553183364,1782988438553183364,3,1.000000000000,1.000000000000,1.000000000000,1
59,48118,48118,1782988438553253845,1782988438553253845,1782988438553301963,1782988438553301963,1782988438553301963,2,1.000000000000,1.000000000000,1.000000000000,1
60,47178,47178,1782988438553374633,1782988438553374633,1782988438553421811,1782988438553421811,1782988438553421811,2,1.000000000000,1.000000000000,1.000000000000,1
61,48209,48209,1782988438553487431,1782988438553487431,1782988438553535640,1782988438553535640,1782988438553535640,1,1.000000000000,1.000000000000,1.000000000000,1
62,46978,46978,1782988438553608700,1782988438553608700,1782988438553655678,1782988438553655678,1782988438553655678,0,1.000000000000,1.000000000000,1.000000000000,1
63,53029,53029,1782988438553725588,1782988438553725588,1782988438553778617,1782988438553778617,1782988438553778617,0,1.000000000000,1.000000000000,1.000000000000,1
64,49889,49889,1782988438553840547,1782988438553840547,1782988438553890436,1782988438553890436,1782988438553890436,0,1.000000000000,1.000000000000,1.000000000000,1
65,59318,59318,1782988438553953536,1782988438553953536,1782988438554012854,1782988438554012854,1782988438554012854,0,1.000000000000,1.000000000000,1.000000000000,1
66,49019,49019,1782988438554081424,1782988438554081424,1782988438554130443,1782988438554130443,1782988438554130443,3,1.000000000000,1.000000000000,1.000000000000,1
67,50359,50359,1782988438554200902,1782988438554200902,1782988438554251261,1782988438554251261,1782988438554251261,3,1.000000000000,1.000000000000,1.000000000000,1
68,51539,51539,1782988438554328790,1782988438554328790,1782988438554380329,1782988438554380329,1782988438554380329,3,1.000000000000,1.000000000000,1.000000000000,1
69,48929,48929,1782988438554440599,1782988438554440599,1782988438554489528,1782988438554489528,1782988438554489528,0,1.000000000000,1.000000000000,1.000000000000,1
70,48390,48390,1782988438554560607,1782988438554560607,1782988438554608997,1782988438554608997,1782988438554608997,2,1.000000000000,1.000000000000,1.000000000000,1
71,50070,50070,1782988438554673745,1782988438554673745,1782988438554723815,1782988438554723815,1782988438554723815,2,1.000000000000,1.000000000000,1.000000000000,1
72,49910,49910,1782988438554788534,1782988438554788534,1782988438554838444,1782988438554838444,1782988438554838444,1,1.000000000000,1.000000000000,1.000000000000,1
73,51510,51510,1782988438554904402,1782988438554904402,1782988438554955912,1782988438554955912,1782988438554955912,0,1.000000000000,1.000000000000,1.000000000000,1
74,47791,47791,1782988438555018190,1782988438555018190,1782988438555065981,1782988438555065981,1782988438555065981,0,1.000000000000,1.000000000000,1.000000000000,1
75,48990,48990,1782988438555140989,1782988438555140989,1782988438555189979,1782988438555189979,1782988438555189979,3,1.000000000000,1.000000000000,1.000000000000,1
76,48601,48601,1782988438555257437,1782988438555257437,1782988438555306038,1782988438555306038,1782988438555306038,0,1.000000000000,1.000000000000,1.000000000000,1
77,48341,48341,1782988438555379085,1782988438555379085,1782988438555427426,1782988438555427426,1782988438555427426,2,1.000000000000,1.000000000000,1.000000000000,1
78,49822,49822,1782988438555499663,1782988438555499663,1782988438555549485,1782988438555549485,1782988438555549485,3,1.000000000000,1.000000000000,1.000000000000,1
79,48241,48241,1782988438555614302,1782988438555614302,1782988438555662543,1782988438555662543,1782988438555662543,0,1.000000000000,1.000000000000,1.000000000000,1
80,48762,48762,1782988438555727800,1782988438555727800,1782988438555776562,1782988438555776562,1782988438555776562,2,1.000000000000,1.000000000000,1.000000000000,1
81,49372,49372,1782988438555844299,1782988438555844299,1782988438555893671,1782988438555893671,1782988438555893671,2,1.000000000000,1.000000000000,1.000000000000,1
82,49693,49693,1782988438555964917,1782988438555964917,1782988438556014610,1782988438556014610,1782988438556014610,1,1.000000000000,1.000000000000,1.000000000000,1
83,53003,53003,1782988438556077805,1782988438556077805,1782988438556130808,1782988438556130808,1782988438556130808,1,1.000000000000,1.000000000000,1.000000000000,1
84,51343,51343,1782988438556189004,1782988438556189004,1782988438556240347,1782988438556240347,1782988438556240347,2,1.000000000000,1.000000000000,1.000000000000,1
85,48014,48014,1782988438556310702,1782988438556310702,1782988438556358716,1782988438556358716,1782988438556358716,0,1.000000000000,1.000000000000,1.000000000000,1
86,48394,48394,1782988438556431390,1782988438556431390,1782988438556479784,1782988438556479784,1782988438556479784,1,1.000000000000,1.000000000000,1.000000000000,1
87,47315,47315,1782988438556552748,1782988438556552748,1782988438556600063,1782988438556600063,1782988438556600063,3,1.000000000000,1.000000000000,1.000000000000,1
88,48394,48394,1782988438556666047,1782988438556666047,1782988438556714441,1782988438556714441,1782988438556714441,2,1.000000000000,1.000000000000,1.000000000000,1
89,47585,47585,1782988438556780895,1782988438556780895,1782988438556828480,1782988438556828480,1782988438556828480,3,1.000000000000,1.000000000000,1.000000000000,1
90,48814,48814,1782988438556896164,1782988438556896164,1782988438556944978,1782988438556944978,1782988438556944978,1,1.000000000000,1.000000000000,1.000000000000,1
91,50034,50034,1782988438557009623,1782988438557009623,1782988438557059657,1782988438557059657,1782988438557059657,2,1.000000000000,1.000000000000,1.000000000000,1
92,48034,48034,1782988438557132021,1782988438557132021,1782988438557180055,1782988438557180055,1782988438557180055,0,1.000000000000,1.000000000000,1.000000000000,1
93,49395,49395,1782988438557246749,1782988438557246749,1782988438557296144,1782988438557296144,1782988438557296144,2,1.000000000000,1.000000000000,1.000000000000,1
94,49044,49044,1782988438557368818,1782988438557368818,1782988438557417862,1782988438557417862,1782988438557417862,1,1.000000000000,1.000000000000,1.000000000000,1
95,49225,49225,1782988438557489366,1782988438557489366,1782988438557538591,1782988438557538591,1782988438557538591,3,1.000000000000,1.000000000000,1.000000000000,1
96,47975,47975,1782988438557611484,1782988438557611484,1782988438557659459,1782988438557659459,1782988438557659459,1,1.000000000000,1.000000000000,1.000000000000,1
97,48885,48885,1782988438557723783,1782988438557723783,1782988438557772668,1782988438557772668,1782988438557772668,2,1.000000000000,1.000000000000,1.000000000000,1
98,68315,68315,1782988438557850641,1782988438557850641,1782988438557918956,1782988438557918956,1782988438557918956,3,1.000000000000,1.000000000000,1.000000000000,1
99,51616,51616,1782988438557953599,1782988438557953599,1782988438558005215,1782988438558005215,1782988438558005215,0,1.000000000000,1.000000000000,1.000000000000,1
100,48776,48776,1782988438558069218,1782988438558069218,1782988438558117994,1782988438558117994,1782988438558117994,3,1.000000000000,1.000000000000,1.000000000000,1
101,47206,47206,1782988438558184886,1782988438558184886,1782988438558232092,1782988438558232092,1782988438558232092,1,1.000000000000,1.000000000000,1.000000000000,1
102,47167,47167,1782988438558301774,1782988438558301774,1782988438558348941,1782988438558348941,1782988438558348941,0,1.000000000000,1.000000000000,1.000000000000,1
103,53046,53046,1782988438558419343,1782988438558419343,1782988438558472389,1782988438558472389,1782988438558472389,1,1.000000000000,1.000000000000,1.000000000000,1
104,46937,46937,1782988438558539281,1782988438558539281,1782988438558586218,1782988438558586218,1782988438558586218,1,1.000000000000,1.000000000000,1.000000000000,1
105,47777,47777,1782988438558653379,1782988438558653379,1782988438558701156,1782988438558701156,1782988438558701156,1,1.000000000000,1.000000000000,1.000000000000,1
106,47938,47938,1782988438558767848,1782988438558767848,1782988438558815786,1782988438558815786,1782988438558815786,3,1.000000000000,1.000000000000,1.000000000000,1
107,48928,48928,1782988438558884616,1782988438558884616,1782988438558933544,1782988438558933544,1782988438558933544,0,1.000000000000,1.000000000000,1.000000000000,1
108,50229,50229,1782988438558995674,1782988438558995674,1782988438559045903,1782988438559045903,1782988438559045903,2,1.000000000000,1.000000000000,1.000000000000,1
109,49859,49859,1782988438559112233,1782988438559112233,1782988438559162092,1782988438559162092,1782988438559162092,0,1.000000000000,1.000000000000,1.000000000000,1
110,48319,48319,1782988438559228461,1782988438559228461,1782988438559276780,1782988438559276780,1782988438559276780,0,1.000000000000,1.000000000000,1.000000000000,1
111,55369,55369,1782988438559350059,1782988438559350059,1782988438559405428,1782988438559405428,1782988438559405428,2,1.000000000000,1.000000000000,1.000000000000,1
112,50060,50060,1782988438559491317,1782988438559491317,1782988438559541377,1782988438559541377,1782988438559541377,0,1.000000000000,1.000000000000,1.000000000000,1
113,50269,50269,1782988438559610806,1782988438559610806,1782988438559661075,1782988438559661075,1782988438559661075,0,1.000000000000,1.000000000000,1.000000000000,1
114,47570,47570,1782988438559725314,1782988438559725314,1782988438559772884,1782988438559772884,1782988438559772884,0,1.000000000000,1.000000000000,1.000000000000,1
115,51869,51869,1782988438559846573,1782988438559846573,1782988438559898442,1782988438559898442,1782988438559898442,2,1.000000000000,1.000000000000,1.000000000000,1
116,51369,51369,1782988438559965802,1782988438559965802,1782988438560017171,1782988438560017171,1782988438560017171,0,1.000000000000,1.000000000000,1.000000000000,1
117,48450,48450,1782988438560071840,1782988438560071840,1782988438560120290,1782988438560120290,1782988438560120290,3,1.000000000000,1.000000000000,1.000000000000,1
118,49900,49900,1782988438560185378,1782988438560185378,1782988438560235278,1782988438560235278,1782988438560235278,0,1.000000000000,1.000000000000,1.000000000000,1
119,47510,47510,1782988438560307337,1782988438560307337,1782988438560354847,1782988438560354847,1782988438560354847,3,1.000000000000,1.000000000000,1.000000000000,1
120,47040,47040,1782988438560427215,1782988438560427215,1782988438560474255,1782988438560474255,1782988438560474255,2,1.000000000000,1.000000000000,1.000000000000,1
121,48361,48361,1782988438560547983,1782988438560547983,1782988438560596344,1782988438560596344,1782988438560596344,0,1.000000000000,1.000000000000,1.000000000000,1
122,46940,46940,1782988438560662392,1782988438560662392,1782988438560709332,1782988438560709332,1782988438560709332,1,1.000000000000,1.000000000000,1.000000000000,1
123,53001,53001,1782988438560776750,1782988438560776750,1782988438560829751,1782988438560829751,1782988438560829751,3,1.000000000000,1.000000000000,1.000000000000,1
124,48221,48221,1782988438560893748,1782988438560893748,1782988438560941969,1782988438560941969,1782988438560941969,0,1.000000000000,1.000000000000,1.000000000000,1
125,49351,49351,1782988438561005717,1782988438561005717,1782988438561055068,1782988438561055068,1782988438561055068,1,1.000000000000,1.000000000000,1.000000000000,1
126,48341,48341,1782988438561122245,1782988438561122245,1782988438561170586,1782988438561170586,1782988438561170586,3,1.000000000000,1.000000000000,1.000000000000,1
127,52022,52022,1782988438561237843,1782988438561237843,1782988438561289865,1782988438561289865,1782988438561289865,3,1.000000000000,1.000000000000,1.000000000000,1
128,50391,50391,1782988438561359542,1782988438561359542,1782988438561409933,1782988438561409933,1782988438561409933,2,1.000000000000,1.000000000000,1.000000000000,1
129,48582,48582,1782988438561482040,1782988438561482040,1782988438561530622,1782988438561530622,1782988438561530622,1,1.000000000000,1.000000000000,1.000000000000,1
130,49302,49302,1782988438561602798,1782988438561602798,1782988438561652100,1782988438561652100,1782988438561652100,2,1.000000000000,1.000000000000,1.000000000000,1
131,56773,56773,1782988438561719566,1782988438561719566,1782988438561776339,1782988438561776339,1782988438561776339,1,1.000000000000,1.000000000000,1.000000000000,1
132,50303,50303,1782988438561834865,1782988438561834865,1782988438561885168,1782988438561885168,1782988438561885168,1,1.000000000000,1.000000000000,1.000000000000,1
133,49294,49294,1782988438561945803,1782988438561945803,1782988438561995097,1782988438561995097,1782988438561995097,1,1.000000000000,1.000000000000,1.000000000000,1
134,47594,47594,1782988438562060882,1782988438562060882,1782988438562108476,1782988438562108476,1782988438562108476,1,1.000000000000,1.000000000000,1.000000000000,1
135,48884,48884,1782988438562179820,1782988438562179820,1782988438562228704,1782988438562228704,1782988438562228704,3,1.000000000000,1.000000000000,1.000000000000,1
136,47755,47755,1782988438562302618,1782988438562302618,1782988438562350373,1782988438562350373,1782988438562350373,0,1.000000000000,1.000000000000,1.000000000000,1
137,48425,48425,1782988438562427446,1782988438562427446,1782988438562475871,1782988438562475871,1782988438562475871,3,1.000000000000,1.000000000000,1.000000000000,1
138,54434,54434,1782988438562547845,1782988438562547845,1782988438562602279,1782988438562602279,1782988438562602279,1,1.000000000000,1.000000000000,1.000000000000,1
139,48825,48825,1782988438562662323,1782988438562662323,1782988438562711148,1782988438562711148,1782988438562711148,0,1.000000000000,1.000000000000,1.000000000000,1
140,47836,47836,1782988438562776221,1782988438562776221,1782988438562824057,1782988438562824057,1782988438562824057,0,1.000000000000,1.000000000000,1.000000000000,1
141,49084,49084,1782988438562893431,1782988438562893431,1782988438562942515,1782988438562942515,1782988438562942515,0,1.000000000000,1.000000000000,1.000000000000,1
142,48705,48705,1782988438563005119,1782988438563005119,1782988438563053824,1782988438563053824,1782988438563053824,0,1.000000000000,1.000000000000,1.000000000000,1
143,54555,54555,1782988438563121017,1782988438563121017,1782988438563175572,1782988438563175572,1782988438563175572,3,1.000000000000,1.000000000000,1.000000000000,1
144,48755,48755,1782988438563237836,1782988438563237836,1782988438563286591,1782988438563286591,1782988438563286591,1,1.000000000000,1.000000000000,1.000000000000,1
145,48995,48995,1782988438563360524,1782988438563360524,1782988438563409519,1782988438563409519,1782988438563409519,0,1.000000000000,1.000000000000,1.000000000000,1
146,48486,48486,1782988438563481582,1782988438563481582,1782988438563530068,1782988438563530068,1782988438563530068,2,1.000000000000,1.000000000000,1.000000000000,1
147,50625,50625,1782988438563604521,1782988438563604521,1782988438563655146,1782988438563655146,1782988438563655146,2,1.000000000000,1.000000000000,1.000000000000,1
148,53426,53426,1782988438563716009,1782988438563716009,1782988438563769435,1782988438563769435,1782988438563769435,2,1.000000000000,1.000000000000,1.000000000000,1
149,50386,50386,1782988438563834527,1782988438563834527,1782988438563884913,1782988438563884913,1782988438563884913,0,1.000000000000,1.000000000000,1.000000000000,1
150,58646,58646,1782988438563946946,1782988438563946946,1782988438564005592,1782988438564005592,1782988438564005592,0,1.000000000000,1.000000000000,1.000000000000,1
151,48117,48117,1782988438564061344,1782988438564061344,1782988438564109461,1782988438564109461,1782988438564109461,1,1.000000000000,1.000000000000,1.000000000000,1
152,48067,48067,1782988438564177262,1782988438564177262,1782988438564225329,1782988438564225329,1782988438564225329,0,1.000000000000,1.000000000000,1.000000000000,1
153,49888,49888,1782988438564302610,1782988438564302610,1782988438564352498,1782988438564352498,1782988438564352498,2,1.000000000000,1.000000000000,1.000000000000,1
154,47777,47777,1782988438564425929,1782988438564425929,1782988438564473706,1782988438564473706,1782988438564473706,1,1.000000000000,1.000000000000,1.000000000000,1
155,49827,49827,1782988438564546847,1782988438564546847,1782988438564596674,1782988438564596674,1782988438564596674,1,1.000000000000,1.000000000000,1.000000000000,1
156,48108,48108,1782988438564661015,1782988438564661015,1782988438564709123,1782988438564709123,1782988438564709123,2,1.000000000000,1.000000000000,1.000000000000,1
157,47389,47389,1782988438564775994,1782988438564775994,1782988438564823383,1782988438564823383,1782988438564823383,0,1.000000000000,1.000000000000,1.000000000000,1
158,50459,50459,1782988438564892872,1782988438564892872,1782988438564943331,1782988438564943331,1782988438564943331,3,1.000000000000,1.000000000000,1.000000000000,1
159,48230,48230,1782988438565006100,1782988438565006100,1782988438565054330,1782988438565054330,1782988438565054330,3,1.000000000000,1.000000000000,1.000000000000,1
160,49109,49109,1782988438565124439,1782988438565124439,1782988438565173548,1782988438565173548,1782988438565173548,0,1.000000000000,1.000000000000,1.000000000000,1
161,52850,52850,1782988438565241217,1782988438565241217,1782988438565294067,1782988438565294067,1782988438565294067,3,1.000000000000,1.000000000000,1.000000000000,1
162,50730,50730,1782988438565363695,1782988438565363695,1782988438565414425,1782988438565414425,1782988438565414425,1,1.000000000000,1.000000000000,1.000000000000,1
163,49511,49511,1782988438565491203,1782988438565491203,1782988438565540714,1782988438565540714,1782988438565540714,0,1.000000000000,1.000000000000,1.000000000000,1
164,63880,63880,1782988438565606602,1782988438565606602,1782988438565670482,1782988438565670482,1782988438565670482,0,1.000000000000,1.000000000000,1.000000000000,1
165,49511,49511,1782988438565721050,1782988438565721050,1782988438565770561,1782988438565770561,1782988438565770561,0,1.000000000000,1.000000000000,1.000000000000,1
166,50060,50060,1782988438565835759,1782988438565835759,1782988438565885819,1782988438565885819,1782988438565885819,2,1.000000000000,1.000000000000,1.000000000000,1
167,47780,47780,1782988438565949008,1782988438565949008,1782988438565996788,1782988438565996788,1782988438565996788,2,1.000000000000,1.000000000000,1.000000000000,1
168,51940,51940,1782988438566063796,1782988438566063796,1782988438566115736,1782988438566115736,1782988438566115736,0,1.000000000000,1.000000000000,1.000000000000,1
169,47121,47121,1782988438566179914,1782988438566179914,1782988438566227035,1782988438566227035,1782988438566227035,0,1.000000000000,1.000000000000,1.000000000000,1
170,47611,47611,1782988438566302423,1782988438566302423,1782988438566350034,1782988438566350034,1782988438566350034,2,1.000000000000,1.000000000000,1.000000000000,1
171,47861,47861,1782988438566422101,1782988438566422101,1782988438566469962,1782988438566469962,1782988438566469962,3,1.000000000000,1.000000000000,1.000000000000,1
172,49061,49061,1782988438566557349,1782988438566557349,1782988438566606410,1782988438566606410,1782988438566606410,3,1.000000000000,1.000000000000,1.000000000000,1
173,48722,48722,1782988438566666797,1782988438566666797,1782988438566715519,1782988438566715519,1782988438566715519,2,1.000000000000,1.000000000000,1.000000000000,1
174,48092,48092,1782988438566781256,1782988438566781256,1782988438566829348,1782988438566829348,1782988438566829348,3,1.000000000000,1.000000000000,1.000000000000,1
175,49002,49002,1782988438566895924,1782988438566895924,1782988438566944926,1782988438566944926,1782988438566944926,2,1.000000000000,1.000000000000,1.000000000000,1
176,50093,50093,1782988438567012032,1782988438567012032,1782988438567062125,1782988438567062125,1782988438567062125,3,1.000000000000,1.000000000000,1.000000000000,1
177,48402,48402,1782988438567124071,1782988438567124071,1782988438567172473,1782988438567172473,1782988438567172473,3,1.000000000000,1.000000000000,1.000000000000,1
178,49973,49973,1782988438567241629,1782988438567241629,1782988438567291602,1782988438567291602,1782988438567291602,0,1.000000000000,1.000000000000,1.000000000000,1
179,48163,48163,1782988438567366707,1782988438567366707,1782988438567414870,1782988438567414870,1782988438567414870,1,1.000000000000,1.000000000000,1.000000000000,1
180,53353,53353,1782988438567500575,1782988438567500575,1782988438567553928,1782988438567553928,1782988438567553928,2,1.000000000000,1.000000000000,1.000000000000,1
181,48563,48563,1782988438567623934,1782988438567623934,1782988438567672497,1782988438567672497,1782988438567672497,3,1.000000000000,1.000000000000,1.000000000000,1
182,49544,49544,1782988438567737462,1782988438567737462,1782988438567787006,1782988438567787006,1782988438567787006,1,1.000000000000,1.000000000000,1.000000000000,1
183,54805,54805,1782988438567858650,1782988438567858650,1782988438567913455,1782988438567913455,1782988438567913455,2,1.000000000000,1.000000000000,1.000000000000,1
184,49745,49745,1782988438567975479,1782988438567975479,1782988438568025224,1782988438568025224,1782988438568025224,2,1.000000000000,1.000000000000,1.000000000000,1
185,47145,47145,1782988438568085817,1782988438568085817,1782988438568132962,1782988438568132962,1782988438568132962,1,1.000000000000,1.000000000000,1.000000000000,1
186,47066,47066,1782988438568201595,1782988438568201595,1782988438568248661,1782988438568248661,1782988438568248661,1,1.000000000000,1.000000000000,1.000000000000,1
187,47286,47286,1782988438568329873,1782988438568329873,1782988438568377159,1782988438568377159,1782988438568377159,2,1.000000000000,1.000000000000,1.000000000000,1
188,53026,53026,1782988438568446572,1782988438568446572,1782988438568499598,1782988438568499598,1782988438568499598,1,1.000000000000,1.000000000000,1.000000000000,1
189,48086,48086,1782988438568565300,1782988438568565300,1782988438568613386,1782988438568613386,1782988438568613386,0,1.000000000000,1.000000000000,1.000000000000,1
190,48767,48767,1782988438568679638,1782988438568679638,1782988438568728405,1782988438568728405,1782988438568728405,3,1.000000000000,1.000000000000,1.000000000000,1
191,70755,70755,1782988438568796108,1782988438568796108,1782988438568866863,1782988438568866863,1782988438568866863,2,1.000000000000,1.000000000000,1.000000000000,1
192,55656,55656,1782988438568911036,1782988438568911036,1782988438568966692,1782988438568966692,1782988438568966692,1,1.000000000000,1.000000000000,1.000000000000,1
193,49366,49366,1782988438569025494,1782988438569025494,1782988438569074860,1782988438569074860,1782988438569074860,3,1.000000000000,1.000000000000,1.000000000000,1
194,48866,48866,1782988438569138333,1782988438569138333,1782988438569187199,1782988438569187199,1782988438569187199,1,1.000000000000,1.000000000000,1.000000000000,1
195,48657,48657,1782988438569255331,1782988438569255331,1782988438569303988,1782988438569303988,1782988438569303988,1,1.000000000000,1.000000000000,1.000000000000,1
196,48887,48887,1782988438569377749,1782988438569377749,1782988438569426636,1782988438569426636,1782988438569426636,1,1.000000000000,1.000000000000,1.000000000000,1
197,60236,60236,1782988438569496478,1782988438569496478,1782988438569556714,1782988438569556714,1782988438569556714,1,1.000000000000,1.000000000000,1.000000000000,1
198,50537,50537,1782988438569616026,1782988438569616026,1782988438569666563,1782988438569666563,1782988438569666563,1,1.000000000000,1.000000000000,1.000000000000,1
199,47458,47458,1782988438569730434,1782988438569730434,1782988438569777892,1782988438569777892,1782988438569777892,0,1.000000000000,1.000000000000,1.000000000000,1
200,49587,49587,1782988438569852853,1782988438569852853,1782988438569902440,1782988438569902440,1782988438569902440,3,1.000000000000,1.000000000000,1.000000000000,1
201,49358,49358,1782988438569963601,1782988438569963601,1782988438570012959,1782988438570012959,1782988438570012959,0,1.000000000000,1.000000000000,1.000000000000,1
202,48308,48308,1782988438570077929,1782988438570077929,1782988438570126237,1782988438570126237,1782988438570126237,0,1.000000000000,1.000000000000,1.000000000000,1
203,48568,48568,1782988438570193258,1782988438570193258,1782988438570241826,1782988438570241826,1782988438570241826,3,1.000000000000,1.000000000000,1.000000000000,1
204,47878,47878,1782988438570316466,1782988438570316466,1782988438570364344,1782988438570364344,1782988438570364344,3,1.000000000000,1.000000000000,1.000000000000,1
205,48179,48179,1782988438570435264,1782988438570435264,1782988438570483443,1782988438570483443,1782988438570483443,1,1.000000000000,1.000000000000,1.000000000000,1
206,49128,49128,1782988438570560063,1782988438570560063,1782988438570609191,1782988438570609191,1782988438570609191,3,1.000000000000,1.000000000000,1.000000000000,1
207,48209,48209,1782988438570672731,1782988438570672731,1782988438570720940,1782988438570720940,1782988438570720940,2,1.000000000000,1.000000000000,1.000000000000,1
208,58270,58270,1782988438570790979,1782988438570790979,1782988438570849249,1782988438570849249,1782988438570849249,0,1.000000000000,1.000000000000,1.000000000000,1
209,49610,49610,1782988438570909148,1782988438570909148,1782988438570958758,1782988438570958758,1782988438570958758,2,1.000000000000,1.000000000000,1.000000000000,1
210,51290,51290,1782988438571020076,1782988438571020076,1782988438571071366,1782988438571071366,1782988438571071366,2,1.000000000000,1.000000000000,1.000000000000,1
211,54251,54251,1782988438571139264,1782988438571139264,1782988438571193515,1782988438571193515,1782988438571193515,0,1.000000000000,1.000000000000,1.000000000000,1
212,52561,52561,1782988438571251803,1782988438571251803,1782988438571304364,1782988438571304364,1782988438571304364,3,1.000000000000,1.000000000000,1.000000000000,1
213,48991,48991,1782988438571371781,1782988438571371781,1782988438571420772,1782988438571420772,1782988438571420772,2,1.000000000000,1.000000000000,1.000000000000,1
214,48872,48872,1782988438571492359,1782988438571492359,1782988438571541231,1782988438571541231,1782988438571541231,2,1.000000000000,1.000000000000,1.000000000000,1
215,48712,48712,1782988438571613457,1782988438571613457,1782988438571662169,1782988438571662169,1782988438571662169,3,1.000000000000,1.000000000000,1.000000000000,1
216,48362,48362,1782988438571727826,1782988438571727826,1782988438571776188,1782988438571776188,1782988438571776188,3,1.000000000000,1.000000000000,1.000000000000,1
217,50061,50061,1782988438571843425,1782988438571843425,1782988438571893486,1782988438571893486,1782988438571893486,2,1.000000000000,1.000000000000,1.000000000000,1
218,51962,51962,1782988438571965063,1782988438571965063,1782988438572017025,1782988438572017025,1782988438572017025,1,1.000000000000,1.000000000000,1.000000000000,1
219,48371,48371,1782988438572074332,1782988438572074332,1782988438572122703,1782988438572122703,1782988438572122703,1,1.000000000000,1.000000000000,1.000000000000,1
220,47672,47672,1782988438572187350,1782988438572187350,1782988438572235022,1782988438572235022,1782988438572235022,1,1.000000000000,1.000000000000,1.000000000000,1
221,47691,47691,1782988438572306979,1782988438572306979,1782988438572354670,1782988438572354670,1782988438572354670,3,1.000000000000,1.000000000000,1.000000000000,1
222,48222,48222,1782988438572428297,1782988438572428297,1782988438572476519,1782988438572476519,1782988438572476519,0,1.000000000000,1.000000000000,1.000000000000,1
223,48622,48622,1782988438572551295,1782988438572551295,1782988438572599917,1782988438572599917,1782988438572599917,2,1.000000000000,1.000000000000,1.000000000000,1
224,48893,48893,1782988438572669823,1782988438572669823,1782988438572718716,1782988438572718716,1782988438572718716,2,1.000000000000,1.000000000000,1.000000000000,1
225,50922,50922,1782988438572789612,1782988438572789612,1782988438572840534,1782988438572840534,1782988438572840534,0,1.000000000000,1.000000000000,1.000000000000,1
226,48933,48933,1782988438572905340,1782988438572905340,1782988438572954273,1782988438572954273,1782988438572954273,0,1.000000000000,1.000000000000,1.000000000000,1
227,49513,49513,1782988438573025788,1782988438573025788,1782988438573075301,1782988438573075301,1782988438573075301,3,1.000000000000,1.000000000000,1.000000000000,1
228,54694,54694,1782988438573151926,1782988438573151926,1782988438573206620,1782988438573206620,1782988438573206620,0,1.000000000000,1.000000000000,1.000000000000,1
229,47723,47723,1782988438573272565,1782988438573272565,1782988438573320288,1782988438573320288,1782988438573320288,2,1.000000000000,1.000000000000,1.000000000000,1
230,60934,60934,1782988438573393633,1782988438573393633,1782988438573454567,1782988438573454567,1782988438573454567,2,1.000000000000,1.000000000000,1.000000000000,1
231,48444,48444,1782988438573514861,1782988438573514861,1782988438573563305,1782988438573563305,1782988438573563305,0,1.000000000000,1.000000000000,1.000000000000,1
232,48784,48784,1782988438573634850,1782988438573634850,1782988438573683634,1782988438573683634,1782988438573683634,1,1.000000000000,1.000000000000,1.000000000000,1
233,50435,50435,1782988438573749728,1782988438573749728,1782988438573800163,1782988438573800163,1782988438573800163,1,1.000000000000,1.000000000000,1.000000000000,1
234,50456,50456,1782988438573870906,1782988438573870906,1782988438573921362,1782988438573921362,1782988438573921362,0,1.000000000000,1.000000000000,1.000000000000,1
235,48075,48075,1782988438573982995,1782988438573982995,1782988438574031070,1782988438574031070,1782988438574031070,0,1.000000000000,1.000000000000,1.000000000000,1
236,49046,49046,1782988438574108443,1782988438574108443,1782988438574157489,1782988438574157489,1782988438574157489,3,1.000000000000,1.000000000000,1.000000000000,1
237,48666,48666,1782988438574223791,1782988438574223791,1782988438574272457,1782988438574272457,1782988438574272457,2,1.000000000000,1.000000000000,1.000000000000,1
238,49206,49206,1782988438574336340,1782988438574336340,1782988438574385546,1782988438574385546,1782988438574385546,3,1.000000000000,1.000000000000,1.000000000000,1
239,51786,51786,1782988438574457218,1782988438574457218,1782988438574509004,1782988438574509004,1782988438574509004,0,1.000000000000,1.000000000000,1.000000000000,1
240,48547,48547,1782988438574585866,1782988438574585866,1782988438574634413,1782988438574634413,1782988438574634413,1,1.000000000000,1.000000000000,1.000000000000,1
241,48557,48557,1782988438574706034,1782988438574706034,1782988438574754591,1782988438574754591,1782988438574754591,2,1.000000000000,1.000000000000,1.000000000000,1
242,49957,49957,1782988438574834843,1782988438574834843,1782988438574884800,1782988438574884800,1782988438574884800,2,1.000000000000,1.000000000000,1.000000000000,1
243,50096,50096,1782988438574946892,1782988438574946892,1782988438574996988,1782988438574996988,1782988438574996988,0,1.000000000000,1.000000000000,1.000000000000,1
244,51837,51837,1782988438575057060,1782988438575057060,1782988438575108897,1782988438575108897,1782988438575108897,3,1.000000000000,1.000000000000,1.000000000000,1
245,48307,48307,1782988438575170369,1782988438575170369,1782988438575218676,1782988438575218676,1782988438575218676,1,1.000000000000,1.000000000000,1.000000000000,1
246,48787,48787,1782988438575289037,1782988438575289037,1782988438575337824,1782988438575337824,1782988438575337824,1,1.000000000000,1.000000000000,1.000000000000,1
247,47628,47628,1782988438575412375,1782988438575412375,1782988438575460003,1782988438575460003,1782988438575460003,1,1.000000000000,1.000000000000,1.000000000000,1
248,51978,51978,1782988438575534293,1782988438575534293,1782988438575586271,1782988438575586271,1782988438575586271,0,1.000000000000,1.000000000000,1.000000000000,1
249,48377,48377,1782988438575656032,1782988438575656032,1782988438575704409,1782988438575704409,1782988438575704409,2,1.000000000000,1.000000000000,1.000000000000,1
250,48558,48558,1782988438575768930,1782988438575768930,1782988438575817488,1782988438575817488,1782988438575817488,1,1.000000000000,1.000000000000,1.000000000000,1
251,47969,47969,1782988438575885298,1782988438575885298,1782988438575933267,1782988438575933267,1782988438575933267,2,1.000000000000,1.000000000000,1.000000000000,1
252,49928,49928,1782988438576000067,1782988438576000067,1782988438576049995,1782988438576049995,1782988438576049995,2,1.000000000000,1.000000000000,1.000000000000,1
253,49969,49969,1782988438576114305,1782988438576114305,1782988438576164274,1782988438576164274,1782988438576164274,1,1.000000000000,1.000000000000,1.000000000000,1
254,49019,49019,1782988438576229083,1782988438576229083,1782988438576278102,1782988438576278102,1782988438576278102,3,1.000000000000,1.000000000000,1.000000000000,1
255,47959,47959,1782988438576349842,1782988438576349842,1782988438576397801,1782988438576397801,1782988438576397801,3,1.000000000000,1.000000000000,1.000000000000,1
256,48329,48329,1782988438576480710,1782988438576480710,1782988438576529039,1782988438576529039,1782988438576529039,3,1.000000000000,1.000000000000,1.000000000000,1
257,48850,48850,1782988438576601598,1782988438576601598,1782988438576650448,1782988438576650448,1782988438576650448,2,1.000000000000,1.000000000000,1.000000000000,1
258,49740,49740,1782988438576716376,1782988438576716376,1782988438576766116,1782988438576766116,1782988438576766116,2,1.000000000000,1.000000000000,1.000000000000,1
259,49881,49881,1782988438576834625,1782988438576834625,1782988438576884506,1782988438576884506,1782988438576884506,2,1.000000000000,1.000000000000,1.000000000000,1
260,53401,53401,1782988438576944893,1782988438576944893,1782988438576998294,1782988438576998294,1782988438576998294,2,1.000000000000,1.000000000000,1.000000000000,1
261,48131,48131,1782988438577059212,1782988438577059212,1782988438577107343,1782988438577107343,1782988438577107343,1,1.000000000000,1.000000000000,1.000000000000,1
262,49181,49181,1782988438577173640,1782988438577173640,1782988438577222821,1782988438577222821,1782988438577222821,1,1.000000000000,1.000000000000,1.000000000000,1
263,61032,61032,1782988438577297058,1782988438577297058,1782988438577358090,1782988438577358090,1782988438577358090,0,1.000000000000,1.000000000000,1.000000000000,1
264,49102,49102,1782988438577429476,1782988438577429476,1782988438577478578,1782988438577478578,1782988438577478578,3,1.000000000000,1.000000000000,1.000000000000,1
265,48942,48942,1782988438577544015,1782988438577544015,1782988438577592957,1782988438577592957,1782988438577592957,1,1.000000000000,1.000000000000,1.000000000000,1
266,48042,48042,1782988438577657653,1782988438577657653,1782988438577705695,1782988438577705695,1782988438577705695,1,1.000000000000,1.000000000000,1.000000000000,1
267,53273,53273,1782988438577780021,1782988438577780021,1782988438577833294,1782988438577833294,1782988438577833294,0,1.000000000000,1.000000000000,1.000000000000,1
268,50181,50181,1782988438577898451,1782988438577898451,1782988438577948632,1782988438577948632,1782988438577948632,0,1.000000000000,1.000000000000,1.000000000000,1
269,49822,49822,1782988438578009399,1782988438578009399,1782988438578059221,1782988438578059221,1782988438578059221,3,1.000000000000,1.000000000000,1.000000000000,1
270,49512,49512,1782988438578128867,1782988438578128867,1782988438578178379,1782988438578178379,1782988438578178379,0,1.000000000000,1.000000000000,1.000000000000,1
271,48572,48572,1782988438578245366,1782988438578245366,1782988438578293938,1782988438578293938,1782988438578293938,1,1.000000000000,1.000000000000,1.000000000000,1
272,48563,48563,1782988438578366264,1782988438578366264,1782988438578414827,1782988438578414827,1782988438578414827,3,1.000000000000,1.000000000000,1.000000000000,1
273,53963,53963,1782988438578494982,1782988438578494982,1782988438578548945,1782988438578548945,1782988438578548945,0,1.000000000000,1.000000000000,1.000000000000,1
274,49703,49703,1782988438578618280,1782988438578618280,1782988438578667983,1782988438578667983,1782988438578667983,3,1.000000000000,1.000000000000,1.000000000000,1
275,48953,48953,1782988438578733969,1782988438578733969,1782988438578782922,1782988438578782922,1782988438578782922,0,1.000000000000,1.000000000000,1.000000000000,1
276,53343,53343,1782988438578847717,1782988438578847717,1782988438578901060,1782988438578901060,1782988438578901060,3,1.000000000000,1.000000000000,1.000000000000,1
277,49474,49474,1782988438578958635,1782988438578958635,1782988438579008109,1782988438579008109,1782988438579008109,1,1.000000000000,1.000000000000,1.000000000000,1
278,50474,50474,1782988438579075994,1782988438579075994,1782988438579126468,1782988438579126468,1782988438579126468,0,1.000000000000,1.000000000000,1.000000000000,1
279,47594,47594,1782988438579189712,1782988438579189712,1782988438579237306,1782988438579237306,1782988438579237306,0,1.000000000000,1.000000000000,1.000000000000,1
280,48385,48385,1782988438579310620,1782988438579310620,1782988438579359005,1782988438579359005,1782988438579359005,1,1.000000000000,1.000000000000,1.000000000000,1
281,48174,48174,1782988438579438659,1782988438579438659,1782988438579486833,1782988438579486833,1782988438579486833,3,1.000000000000,1.000000000000,1.000000000000,1
282,48205,48205,1782988438579562127,1782988438579562127,1782988438579610332,1782988438579610332,1782988438579610332,0,1.000000000000,1.000000000000,1.000000000000,1
283,48095,48095,1782988438579675305,1782988438579675305,1782988438579723400,1782988438579723400,1782988438579723400,1,1.000000000000,1.000000000000,1.000000000000,1
284,52647,52647,1782988438579790363,1782988438579790363,1782988438579843010,1782988438579843010,1782988438579843010,0,1.000000000000,1.000000000000,1.000000000000,1
285,48716,48716,1782988438579900182,1782988438579900182,1782988438579948898,1782988438579948898,1782988438579948898,1,1.000000000000,1.000000000000,1.000000000000,1
286,50477,50477,1782988438580020220,1782988438580020220,1782988438580070697,1782988438580070697,1782988438580070697,3,1.000000000000,1.000000000000,1.000000000000,1
287,48966,48966,1782988438580133149,1782988438580133149,1782988438580182115,1782988438580182115,1782988438580182115,2,1.000000000000,1.000000000000,1.000000000000,1
288,49727,49727,1782988438580247937,1782988438580247937,1782988438580297664,1782988438580297664,1782988438580297664,1,1.000000000000,1.000000000000,1.000000000000,1
289,49587,49587,1782988438580376805,1782988438580376805,1782988438580426392,1782988438580426392,1782988438580426392,0,1.000000000000,1.000000000000,1.000000000000,1
290,48868,48868,1782988438580495363,1782988438580495363,1782988438580544231,1782988438580544231,1782988438580544231,2,1.000000000000,1.000000000000,1.000000000000,1
291,47937,47937,1782988438580615682,1782988438580615682,1782988438580663619,1782988438580663619,1782988438580663619,2,1.000000000000,1.000000000000,1.000000000000,1
292,49748,49748,1782988438580735950,1782988438580735950,1782988438580785698,1782988438580785698,1782988438580785698,2,1.000000000000,1.000000000000,1.000000000000,1
293,55117,55117,1782988438580847669,1782988438580847669,1782988438580902786,1782988438580902786,1782988438580902786,3,1.000000000000,1.000000000000,1.000000000000,1
294,51277,51277,1782988438580961088,1782988438580961088,1782988438581012365,1782988438581012365,1782988438581012365,2,1.000000000000,1.000000000000,1.000000000000,1
295,51388,51388,1782988438581074036,1782988438581074036,1782988438581125424,1782988438581125424,1782988438581125424,0,1.000000000000,1.000000000000,1.000000000000,1
296,56958,56958,1782988438581193444,1782988438581193444,1782988438581250402,1782988438581250402,1782988438581250402,2,1.000000000000,1.000000000000,1.000000000000,1
297,47628,47628,1782988438581312083,1782988438581312083,1782988438581359711,1782988438581359711,1782988438581359711,0,1.000000000000,1.000000000000,1.000000000000,1
298,49618,49618,1782988438581434661,1782988438581434661,1782988438581484279,1782988438581484279,1782988438581484279,1,1.000000000000,1.000000000000,1.000000000000,1
299,47129,47129,1782988438581554349,1782988438581554349,1782988438581601478,1782988438581601478,1782988438581601478,3,1.000000000000,1.000000000000,1.000000000000,1
300,48108,48108,1782988438581671408,1782988438581671408,1782988438581719516,1782988438581719516,1782988438581719516,0,1.000000000000,1.000000000000,1.000000000000,1
301,51219,51219,1782988438581787276,1782988438581787276,1782988438581838495,1782988438581838495,1782988438581838495,2,1.000000000000,1.000000000000,1.000000000000,1
302,48889,48889,1782988438581902924,1782988438581902924,1782988438581951813,1782988438581951813,1782988438581951813,0,1.000000000000,1.000000000000,1.000000000000,1
303,50249,50249,1782988438582016523,1782988438582016523,1782988438582066772,1782988438582066772,1782988438582066772,0,1.000000000000,1.000000000000,1.000000000000,1
304,50069,50069,1782988438582130631,1782988438582130631,1782988438582180700,1782988438582180700,1782988438582180700,2,1.000000000000,1.000000000000,1.000000000000,1
305,48080,48080,1782988438582246569,1782988438582246569,1782988438582294649,1782988438582294649,1782988438582294649,1,1.000000000000,1.000000000000,1.000000000000,1
306,48329,48329,1782988438582375938,1782988438582375938,1782988438582424267,1782988438582424267,1782988438582424267,2,1.000000000000,1.000000000000,1.000000000000,1
307,53310,53310,1782988438582503246,1782988438582503246,1782988438582556556,1782988438582556556,1782988438582556556,1,1.000000000000,1.000000000000,1.000000000000,1
308,54650,54650,1782988438582612784,1782988438582612784,1782988438582667434,1782988438582667434,1782988438582667434,1,1.000000000000,1.000000000000,1.000000000000,1
309,48700,48700,1782988438582726023,1782988438582726023,1782988438582774723,1782988438582774723,1782988438582774723,1,1.000000000000,1.000000000000,1.000000000000,1
310,50391,50391,1782988438582847281,1782988438582847281,1782988438582897672,1782988438582897672,1782988438582897672,3,1.000000000000,1.000000000000,1.000000000000,1
311,47432,47432,1782988438582959409,1782988438582959409,1782988438583006841,1782988438583006841,1782988438583006841,1,1.000000000000,1.000000000000,1.000000000000,1
312,47842,47842,1782988438583074028,1782988438583074028,1782988438583121870,1782988438583121870,1782988438583121870,1,1.000000000000,1.000000000000,1.000000000000,1
313,53052,53052,1782988438583190196,1782988438583190196,1782988438583243248,1782988438583243248,1782988438583243248,3,1.000000000000,1.000000000000,1.000000000000,1
314,48843,48843,1782988438583316324,1782988438583316324,1782988438583365167,1782988438583365167,1782988438583365167,1,1.000000000000,1.000000000000,1.000000000000,1
315,48283,48283,1782988438583436802,1782988438583436802,1782988438583485085,1782988438583485085,1782988438583485085,3,1.000000000000,1.000000000000,1.000000000000,1
316,48703,48703,1782988438583557661,1782988438583557661,1782988438583606364,1782988438583606364,1782988438583606364,1,1.000000000000,1.000000000000,1.000000000000,1
317,47483,47483,1782988438583674269,1782988438583674269,1782988438583721752,1782988438583721752,1782988438583721752,3,1.000000000000,1.000000000000,1.000000000000,1
318,56483,56483,1782988438583791578,1782988438583791578,1782988438583848061,1782988438583848061,1782988438583848061,0,1.000000000000,1.000000000000,1.000000000000,1
319,47992,47992,1782988438583905807,1782988438583905807,1782988438583953799,1782988438583953799,1782988438583953799,0,1.000000000000,1.000000000000,1.000000000000,1
320,49583,49583,1782988438584023745,1782988438584023745,1782988438584073328,1782988438584073328,1782988438584073328,0,1.000000000000,1.000000000000,1.000000000000,1
321,48713,48713,1782988438584132263,1782988438584132263,1782988438584180976,1782988438584180976,1782988438584180976,3,1.000000000000,1.000000000000,1.000000000000,1
322,48583,48583,1782988438584256032,1782988438584256032,1782988438584304615,1782988438584304615,1782988438584304615,3,1.000000000000,1.000000000000,1.000000000000,1
323,52643,52643,1782988438584379770,1782988438584379770,1782988438584432413,1782988438584432413,1782988438584432413,1,1.000000000000,1.000000000000,1.000000000000,1
324,49544,49544,1782988438584503408,1782988438584503408,1782988438584552952,1782988438584552952,1782988438584552952,2,1.000000000000,1.000000000000,1.000000000000,1
325,48924,48924,1782988438584618256,1782988438584618256,1782988438584667180,1782988438584667180,1782988438584667180,3,1.000000000000,1.000000000000,1.000000000000,1
326,49354,49354,1782988438584730265,1782988438584730265,1782988438584779619,1782988438584779619,1782988438584779619,0,1.000000000000,1.000000000000,1.000000000000,1
327,48534,48534,1782988438584845263,1782988438584845263,1782988438584893797,1782988438584893797,1782988438584893797,0,1.000000000000,1.000000000000,1.000000000000,1
328,48564,48564,1782988438584958732,1782988438584958732,1782988438585007296,1782988438585007296,1782988438585007296,2,1.000000000000,1.000000000000,1.000000000000,1
329,59784,59784,1782988438585076910,1782988438585076910,1782988438585136694,1782988438585136694,1782988438585136694,3,1.000000000000,1.000000000000,1.000000000000,1
330,48975,48975,1782988438585196218,1782988438585196218,1782988438585245193,1782988438585245193,1782988438585245193,0,1.000000000000,1.000000000000,1.000000000000,1
331,48155,48155,1782988438585325016,1782988438585325016,1782988438585373171,1782988438585373171,1782988438585373171,0,1.000000000000,1.000000000000,1.000000000000,1
332,50005,50005,1782988438585449065,1782988438585449065,1782988438585499070,1782988438585499070,1782988438585499070,1,1.000000000000,1.000000000000,1.000000000000,1
333,51295,51295,1782988438585569683,1782988438585569683,1782988438585620978,1782988438585620978,1782988438585620978,0,1.000000000000,1.000000000000,1.000000000000,1
334,48796,48796,1782988438585683701,1782988438585683701,1782988438585732497,1782988438585732497,1782988438585732497,2,1.000000000000,1.000000000000,1.000000000000,1
335,53056,53056,1782988438585796760,1782988438585796760,1782988438585849816,1782988438585849816,1782988438585849816,1,1.000000000000,1.000000000000,1.000000000000,1
336,51327,51327,1782988438585915058,1782988438585915058,1782988438585966385,1782988438585966385,1782988438585966385,2,1.000000000000,1.000000000000,1.000000000000,1
337,49458,49458,1782988438586026676,1782988438586026676,1782988438586076134,1782988438586076134,1782988438586076134,1,1.000000000000,1.000000000000,1.000000000000,1
338,50607,50607,1782988438586146915,1782988438586146915,1782988438586197522,1782988438586197522,1782988438586197522,3,1.000000000000,1.000000000000,1.000000000000,1
339,48328,48328,1782988438586268933,1782988438586268933,1782988438586317261,1782988438586317261,1782988438586317261,1,1.000000000000,1.000000000000,1.000000000000,1
340,52618,52618,1782988438586389821,1782988438586389821,1782988438586442439,1782988438586442439,1782988438586442439,3,1.000000000000,1.000000000000,1.000000000000,1
341,47319,47319,1782988438586509199,1782988438586509199,1782988438586556518,1782988438586556518,1782988438586556518,3,1.000000000000,1.000000000000,1.000000000000,1
342,48268,48268,1782988438586628558,1782988438586628558,1782988438586676826,1782988438586676826,1782988438586676826,0,1.000000000000,1.000000000000,1.000000000000,1
343,50899,50899,1782988438586750516,1782988438586750516,1782988438586801415,1782988438586801415,1782988438586801415,2,1.000000000000,1.000000000000,1.000000000000,1
344,47138,47138,1782988438586873955,1782988438586873955,1782988438586921093,1782988438586921093,1782988438586921093,2,1.000000000000,1.000000000000,1.000000000000,1
345,47739,47739,1782988438586993463,1782988438586993463,1782988438587041202,1782988438587041202,1782988438587041202,0,1.000000000000,1.000000000000,1.000000000000,1
346,48508,48508,1782988438587114082,1782988438587114082,1782988438587162590,1782988438587162590,1782988438587162590,0,1.000000000000,1.000000000000,1.000000000000,1
347,47879,47879,1782988438587232850,1782988438587232850,1782988438587280729,1782988438587280729,1782988438587280729,2,1.000000000000,1.000000000000,1.000000000000,1
348,49449,49449,1782988438587352308,1782988438587352308,1782988438587401757,1782988438587401757,1782988438587401757,0,1.000000000000,1.000000000000,1.000000000000,1
349,48239,48239,1782988438587463377,1782988438587463377,1782988438587511616,1782988438587511616,1782988438587511616,0,1.000000000000,1.000000000000,1.000000000000,1
350,48129,48129,1782988438587588225,1782988438587588225,1782988438587636354,1782988438587636354,1782988438587636354,1,1.000000000000,1.000000000000,1.000000000000,1
351,50670,50670,1782988438587706023,1782988438587706023,1782988438587756693,1782988438587756693,1782988438587756693,0,1.000000000000,1.000000000000,1.000000000000,1
352,49229,49229,1782988438587825592,1782988438587825592,1782988438587874821,1782988438587874821,1782988438587874821,3,1.000000000000,1.000000000000,1.000000000000,1
353,52810,52810,1782988438587934990,1782988438587934990,1782988438587987800,1782988438587987800,1782988438587987800,2,1.000000000000,1.000000000000,1.000000000000,1
354,48690,48690,1782988438588064278,1782988438588064278,1782988438588112968,1782988438588112968,1782988438588112968,2,1.000000000000,1.000000000000,1.000000000000,1
355,46991,46991,1782988438588185966,1782988438588185966,1782988438588232957,1782988438588232957,1782988438588232957,1,1.000000000000,1.000000000000,1.000000000000,1
356,49340,49340,1782988438588302945,1782988438588302945,1782988438588352285,1782988438588352285,1782988438588352285,3,1.000000000000,1.000000000000,1.000000000000,1
357,48131,48131,1782988438588417573,1782988438588417573,1782988438588465704,1782988438588465704,1782988438588465704,1,1.000000000000,1.000000000000,1.000000000000,1
358,50201,50201,1782988438588539961,1782988438588539961,1782988438588590162,1782988438588590162,1782988438588590162,1,1.000000000000,1.000000000000,1.000000000000,1
359,47151,47151,1782988438588652350,1782988438588652350,1782988438588699501,1782988438588699501,1782988438588699501,1,1.000000000000,1.000000000000,1.000000000000,1
360,48423,48423,1782988438588767118,1782988438588767118,1782988438588815541,1782988438588815541,1782988438588815541,0,1.000000000000,1.000000000000,1.000000000000,1
361,47963,47963,1782988438588885986,1782988438588885986,1782988438588933949,1782988438588933949,1782988438588933949,2,1.000000000000,1.000000000000,1.000000000000,1
362,58233,58233,1782988438588997535,1782988438588997535,1782988438589055768,1782988438589055768,1782988438589055768,3,1.000000000000,1.000000000000,1.000000000000,1
363,50443,50443,1782988438589111863,1782988438589111863,1782988438589162306,1782988438589162306,1782988438589162306,2,1.000000000000,1.000000000000,1.000000000000,1
364,48124,48124,1782988438589228111,1782988438589228111,1782988438589276235,1782988438589276235,1782988438589276235,1,1.000000000000,1.000000000000,1.000000000000,1
365,47903,47903,1782988438589352440,1782988438589352440,1782988438589400343,1782988438589400343,1782988438589400343,2,1.000000000000,1.000000000000,1.000000000000,1
366,48884,48884,1782988438589491028,1782988438589491028,1782988438589539912,1782988438589539912,1782988438589539912,3,1.000000000000,1.000000000000,1.000000000000,1
367,54194,54194,1782988438589607336,1782988438589607336,1782988438589661530,1782988438589661530,1782988438589661530,3,1.000000000000,1.000000000000,1.000000000000,1
368,49485,49485,1782988438589722524,1782988438589722524,1782988438589772009,1782988438589772009,1782988438589772009,0,1.000000000000,1.000000000000,1.000000000000,1
369,51724,51724,1782988438589842323,1782988438589842323,1782988438589894047,1782988438589894047,1782988438589894047,1,1.000000000000,1.000000000000,1.000000000000,1
370,48884,48884,1782988438589951922,1782988438589951922,1782988438590000806,1782988438590000806,1782988438590000806,2,1.000000000000,1.000000000000,1.000000000000,1
371,47754,47754,1782988438590068960,1782988438590068960,1782988438590116714,1782988438590116714,1782988438590116714,2,1.000000000000,1.000000000000,1.000000000000,1
372,53574,53574,1782988438590185009,1782988438590185009,1782988438590238583,1782988438590238583,1782988438590238583,1,1.000000000000,1.000000000000,1.000000000000,1
373,48755,48755,1782988438590308467,1782988438590308467,1782988438590357222,1782988438590357222,1782988438590357222,2,1.000000000000,1.000000000000,1.000000000000,1
374,49445,49445,1782988438590428645,1782988438590428645,1782988438590478090,1782988438590478090,1782988438590478090,3,1.000000000000,1.000000000000,1.000000000000,1
375,47786,47786,1782988438590548513,1782988438590548513,1782988438590596299,1782988438590596299,1782988438590596299,0,1.000000000000,1.000000000000,1.000000000000,1
376,47695,47695,1782988438590669622,1782988438590669622,1782988438590717317,1782988438590717317,1782988438590717317,0,1.000000000000,1.000000000000,1.000000000000,1
377,47566,47566,1782988438590778050,1782988438590778050,1782988438590825616,1782988438590825616,1782988438590825616,3,1.000000000000,1.000000000000,1.000000000000,1
378,54666,54666,1782988438590896288,1782988438590896288,1782988438590950954,1782988438590950954,1782988438590950954,3,1.000000000000,1.000000000000,1.000000000000,1
379,53996,53996,1782988438591006497,1782988438591006497,1782988438591060493,1782988438591060493,1782988438591060493,0,1.000000000000,1.000000000000,1.000000000000,1
380,49526,49526,1782988438591124685,1782988438591124685,1782988438591174211,1782988438591174211,1782988438591174211,2,1.000000000000,1.000000000000,1.000000000000,1
381,47797,47797,1782988438591239203,1782988438591239203,1782988438591287000,1782988438591287000,1782988438591287000,1,1.000000000000,1.000000000000,1.000000000000,1
382,48986,48986,1782988438591363032,1782988438591363032,1782988438591412018,1782988438591412018,1782988438591412018,2,1.000000000000,1.000000000000,1.000000000000,1
383,49777,49777,1782988438591487080,1782988438591487080,1782988438591536857,1782988438591536857,1782988438591536857,2,1.000000000000,1.000000000000,1.000000000000,1
384,48397,48397,1782988438591604988,1782988438591604988,1782988438591653385,1782988438591653385,1782988438591653385,3,1.000000000000,1.000000000000,1.000000000000,1
385,47888,47888,1782988438591718786,1782988438591718786,1782988438591766674,1782988438591766674,1782988438591766674,3,1.000000000000,1.000000000000,1.000000000000,1
386,50488,50488,1782988438591837135,1782988438591837135,1782988438591887623,1782988438591887623,1782988438591887623,3,1.000000000000,1.000000000000,1.000000000000,1
387,58729,58729,1782988438591953923,1782988438591953923,1782988438592012652,1782988438592012652,1782988438592012652,1,1.000000000000,1.000000000000,1.000000000000,1
388,49280,49280,1782988438592064461,1782988438592064461,1782988438592113741,1782988438592113741,1782988438592113741,2,1.000000000000,1.000000000000,1.000000000000,1
389,47899,47899,1782988438592178850,1782988438592178850,1782988438592226749,1782988438592226749,1782988438592226749,0,1.000000000000,1.000000000000,1.000000000000,1
390,48930,48930,1782988438592302108,1782988438592302108,1782988438592351038,1782988438592351038,1782988438592351038,1,1.000000000000,1.000000000000,1.000000000000,1
391,48190,48190,1782988438592427426,1782988438592427426,1782988438592475616,1782988438592475616,1782988438592475616,0,1.000000000000,1.000000000000,1.000000000000,1
392,47620,47620,1782988438592545775,1782988438592545775,1782988438592593395,1782988438592593395,1782988438592593395,3,1.000000000000,1.000000000000,1.000000000000,1
393,48670,48670,1782988438592659373,1782988438592659373,1782988438592708043,1782988438592708043,1782988438592708043,2,1.000000000000,1.000000000000,1.000000000000,1
394,47891,47891,1782988438592776431,1782988438592776431,1782988438592824322,1782988438592824322,1782988438592824322,1,1.000000000000,1.000000000000,1.000000000000,1
395,60989,60989,1782988438592890881,1782988438592890881,1782988438592951870,1782988438592951870,1782988438592951870,2,1.000000000000,1.000000000000,1.000000000000,1
396,49880,49880,1782988438593003619,1782988438593003619,1782988438593053499,1782988438593053499,1782988438593053499,3,1.000000000000,1.000000000000,1.000000000000,1
397,48550,48550,1782988438593120907,1782988438593120907,1782988438593169457,1782988438593169457,1782988438593169457,1,1.000000000000,1.000000000000,1.000000000000,1
398,53590,53590,1782988438593239316,1782988438593239316,1782988438593292906,1782988438593292906,1782988438593292906,0,1.000000000000,1.000000000000,1.000000000000,1
399,49030,49030,1782988438593354994,1782988438593354994,1782988438593404024,1782988438593404024,1782988438593404024,0,1.000000000000,1.000000000000,1.000000000000,1
400,49081,49081,1782988438593480442,1782988438593480442,1782988438593529523,1782988438593529523,1782988438593529523,1,1.000000000000,1.000000000000,1.000000000000,1
401,49011,49011,1782988438593599680,1782988438593599680,1782988438593648691,1782988438593648691,1782988438593648691,2,1.000000000000,1.000000000000,1.000000000000,1
402,49491,49491,1782988438593718599,1782988438593718599,1782988438593768090,1782988438593768090,1782988438593768090,1,1.000000000000,1.000000000000,1.000000000000,1
403,52201,52201,1782988438593839707,1782988438593839707,1782988438593891908,1782988438593891908,1782988438593891908,3,1.000000000000,1.000000000000,1.000000000000,1
404,53992,53992,1782988438593955145,1782988438593955145,1782988438594009137,1782988438594009137,1782988438594009137,2,1.000000000000,1.000000000000,1.000000000000,1
405,49671,49671,1782988438594065084,1782988438594065084,1782988438594114755,1782988438594114755,1782988438594114755,1,1.000000000000,1.000000000000,1.000000000000,1
406,49572,49572,1782988438594178222,1782988438594178222,1782988438594227794,1782988438594227794,1782988438594227794,1,1.000000000000,1.000000000000,1.000000000000,1
407,50703,50703,1782988438594299420,1782988438594299420,1782988438594350123,1782988438594350123,1782988438594350123,0,1.000000000000,1.000000000000,1.000000000000,1
408,48212,48212,1782988438594421359,1782988438594421359,1782988438594469571,1782988438594469571,1782988438594469571,0,1.000000000000,1.000000000000,1.000000000000,1
409,47553,47553,1782988438594542597,1782988438594542597,1782988438594590150,1782988438594590150,1782988438594590150,1,1.000000000000,1.000000000000,1.000000000000,1
410,49083,49083,1782988438594658065,1782988438594658065,1782988438594707148,1782988438594707148,1782988438594707148,0,1.000000000000,1.000000000000,1.000000000000,1
411,48024,48024,1782988438594771084,1782988438594771084,1782988438594819108,1782988438594819108,1782988438594819108,0,1.000000000000,1.000000000000,1.000000000000,1
412,48824,48824,1782988438594889842,1782988438594889842,1782988438594938666,1782988438594938666,1782988438594938666,0,1.000000000000,1.000000000000,1.000000000000,1
413,50015,50015,1782988438595000210,1782988438595000210,1782988438595050225,1782988438595050225,1782988438595050225,3,1.000000000000,1.000000000000,1.000000000000,1
414,48924,48924,1782988438595116559,1782988438595116559,1782988438595165483,1782988438595165483,1782988438595165483,0,1.000000000000,1.000000000000,1.000000000000,1
415,48535,48535,1782988438595235567,1782988438595235567,1782988438595284102,1782988438595284102,1782988438595284102,0,1.000000000000,1.000000000000,1.000000000000,1
416,48805,48805,1782988438595355215,1782988438595355215,1782988438595404020,1782988438595404020,1782988438595404020,3,1.000000000000,1.000000000000,1.000000000000,1
417,48565,48565,1782988438595479714,1782988438595479714,1782988438595528279,1782988438595528279,1782988438595528279,2,1.000000000000,1.000000000000,1.000000000000,1
418,53035,53035,1782988438595600552,1782988438595600552,1782988438595653587,1782988438595653587,1782988438595653587,1,1.000000000000,1.000000000000,1.000000000000,1
419,49246,49246,1782988438595722630,1782988438595722630,1782988438595771876,1782988438595771876,1782988438595771876,3,1.000000000000,1.000000000000,1.000000000000,1
420,53605,53605,1782988438595839429,1782988438595839429,1782988438595893034,1782988438595893034,1782988438595893034,3,1.000000000000,1.000000000000,1.000000000000,1
421,58405,58405,1782988438595952168,1782988438595952168,1782988438596010573,1782988438596010573,1782988438596010573,1,1.000000000000,1.000000000000,1.000000000000,1
422,48885,48885,1782988438596066566,1782988438596066566,1782988438596115451,1782988438596115451,1782988438596115451,1,1.000000000000,1.000000000000,1.000000000000,1
423,48976,48976,1782988438596184774,1782988438596184774,1782988438596233750,1782988438596233750,1782988438596233750,1,1.000000000000,1.000000000000,1.000000000000,1
424,48186,48186,1782988438596298873,1782988438596298873,1782988438596347059,1782988438596347059,1782988438596347059,2,1.000000000000,1.000000000000,1.000000000000,1
425,47166,47166,1782988438596418621,1782988438596418621,1782988438596465787,1782988438596465787,1782988438596465787,2,1.000000000000,1.000000000000,1.000000000000,1
426,47457,47457,1782988438596540149,1782988438596540149,1782988438596587606,1782988438596587606,1782988438596587606,0,1.000000000000,1.000000000000,1.000000000000,1
427,48216,48216,1782988438596664828,1782988438596664828,1782988438596713044,1782988438596713044,1782988438596713044,0,1.000000000000,1.000000000000,1.000000000000,1
428,64666,64666,1782988438596782636,1782988438596782636,1782988438596847302,1782988438596847302,1782988438596847302,3,1.000000000000,1.000000000000,1.000000000000,1
429,48787,48787,1782988438596906164,1782988438596906164,1782988438596954951,1782988438596954951,1782988438596954951,2,1.000000000000,1.000000000000,1.000000000000,1
430,51396,51396,1782988438597019453,1782988438597019453,1782988438597070849,1782988438597070849,1782988438597070849,0,1.000000000000,1.000000000000,1.000000000000,1
431,48357,48357,1782988438597133841,1782988438597133841,1782988438597182198,1782988438597182198,1782988438597182198,1,1.000000000000,1.000000000000,1.000000000000,1
432,48088,48088,1782988438597249479,1782988438597249479,1782988438597297567,1782988438597297567,1782988438597297567,2,1.000000000000,1.000000000000,1.000000000000,1
433,49027,49027,1782988438597362048,1782988438597362048,1782988438597411075,1782988438597411075,1782988438597411075,0,1.000000000000,1.000000000000,1.000000000000,1
434,49408,49408,1782988438597485636,1782988438597485636,1782988438597535044,1782988438597535044,1782988438597535044,3,1.000000000000,1.000000000000,1.000000000000,1
435,51138,51138,1782988438597602224,1782988438597602224,1782988438597653362,1782988438597653362,1782988438597653362,2,1.000000000000,1.000000000000,1.000000000000,1
436,51548,51548,1782988438597714303,1782988438597714303,1782988438597765851,1782988438597765851,1782988438597765851,1,1.000000000000,1.000000000000,1.000000000000,1
437,48359,48359,1782988438597836361,1782988438597836361,1782988438597884720,1782988438597884720,1782988438597884720,3,1.000000000000,1.000000000000,1.000000000000,1
438,52760,52760,1782988438597951649,1782988438597951649,1782988438598004409,1782988438598004409,1782988438598004409,2,1.000000000000,1.000000000000,1.000000000000,1
439,47419,47419,1782988438598063858,1782988438598063858,1782988438598111277,1782988438598111277,1782988438598111277,0,1.000000000000,1.000000000000,1.000000000000,1
440,47540,47540,1782988438598180346,1782988438598180346,1782988438598227886,1782988438598227886,1782988438598227886,2,1.000000000000,1.000000000000,1.000000000000,1
441,50790,50790,1782988438598297664,1782988438598297664,1782988438598348454,1782988438598348454,1782988438598348454,3,1.000000000000,1.000000000000,1.000000000000,1
442,46690,46690,1782988438598419893,1782988438598419893,1782988438598466583,1782988438598466583,1782988438598466583,3,1.000000000000,1.000000000000,1.000000000000,1
443,48561,48561,1782988438598537011,1782988438598537011,1782988438598585572,1782988438598585572,1782988438598585572,2,1.000000000000,1.000000000000,1.000000000000,1
444,46571,46571,1782988438598653149,1782988438598653149,1782988438598699720,1782988438598699720,1782988438598699720,2,1.000000000000,1.000000000000,1.000000000000,1
445,47061,47061,1782988438598769518,1782988438598769518,1782988438598816579,1782988438598816579,1782988438598816579,1,1.000000000000,1.000000000000,1.000000000000,1
446,48950,48950,1782988438598884187,1782988438598884187,1782988438598933137,1782988438598933137,1782988438598933137,1,1.000000000000,1.000000000000,1.000000000000,1
447,48261,48261,1782988438598997085,1782988438598997085,1782988438599045346,1782988438599045346,1782988438599045346,3,1.000000000000,1.000000000000,1.000000000000,1
448,49060,49060,1782988438599112204,1782988438599112204,1782988438599161264,1782988438599161264,1782988438599161264,0,1.000000000000,1.000000000000,1.000000000000,1
449,48721,48721,1782988438599228902,1782988438599228902,1782988438599277623,1782988438599277623,1782988438599277623,1,1.000000000000,1.000000000000,1.000000000000,1
450,49301,49301,1782988438599347990,1782988438599347990,1782988438599397291,1782988438599397291,1782988438599397291,2,1.000000000000,1.000000000000,1.000000000000,1
451,48142,48142,1782988438599475838,1782988438599475838,1782988438599523980,1782988438599523980,1782988438599523980,2,1.000000000000,1.000000000000,1.000000000000,1
452,49091,49091,1782988438599595327,1782988438599595327,1782988438599644418,1782988438599644418,1782988438599644418,2,1.000000000000,1.000000000000,1.000000000000,1
453,49322,49322,1782988438599713255,1782988438599713255,1782988438599762577,1782988438599762577,1782988438599762577,2,1.000000000000,1.000000000000,1.000000000000,1
454,49322,49322,1782988438599830913,1782988438599830913,1782988438599880235,1782988438599880235,1782988438599880235,2,1.000000000000,1.000000000000,1.000000000000,1
455,49032,49032,1782988438599942112,1782988438599942112,1782988438599991144,1782988438599991144,1782988438599991144,2,1.000000000000,1.000000000000,1.000000000000,1
456,47652,47652,1782988438600060420,1782988438600060420,1782988438600108072,1782988438600108072,1782988438600108072,2,1.000000000000,1.000000000000,1.000000000000,1
457,46593,46593,1782988438600174098,1782988438600174098,1782988438600220691,1782988438600220691,1782988438600220691,3,1.000000000000,1.000000000000,1.000000000000,1
458,52943,52943,1782988438600291987,1782988438600291987,1782988438600344930,1782988438600344930,1782988438600344930,3,1.000000000000,1.000000000000,1.000000000000,1
459,46903,46903,1782988438600414445,1782988438600414445,1782988438600461348,1782988438600461348,1782988438600461348,3,1.000000000000,1.000000000000,1.000000000000,1
460,46783,46783,1782988438600547023,1782988438600547023,1782988438600593806,1782988438600593806,1782988438600593806,2,1.000000000000,1.000000000000,1.000000000000,1
461,54863,54863,1782988438600652282,1782988438600652282,1782988438600707145,1782988438600707145,1782988438600707145,2,1.000000000000,1.000000000000,1.000000000000,1
462,47865,47865,1782988438600767440,1782988438600767440,1782988438600815305,1782988438600815305,1782988438600815305,1,1.000000000000,1.000000000000,1.000000000000,1
463,52775,52775,1782988438600884748,1782988438600884748,1782988438600937523,1782988438600937523,1782988438600937523,2,1.000000000000,1.000000000000,1.000000000000,1
464,49685,49685,1782988438600996907,1782988438600996907,1782988438601046592,1782988438601046592,1782988438601046592,0,1.000000000000,1.000000000000,1.000000000000,1
465,47705,47705,1782988438601111675,1782988438601111675,1782988438601159380,1782988438601159380,1782988438601159380,1,1.000000000000,1.000000000000,1.000000000000,1
466,48026,48026,1782988438601234593,1782988438601234593,1782988438601282619,1782988438601282619,1782988438601282619,2,1.000000000000,1.000000000000,1.000000000000,1
467,49646,49646,1782988438601360171,1782988438601360171,1782988438601409817,1782988438601409817,1782988438601409817,1,1.000000000000,1.000000000000,1.000000000000,1
468,52516,52516,1782988438601481080,1782988438601481080,1782988438601533596,1782988438601533596,1782988438601533596,3,1.000000000000,1.000000000000,1.000000000000,1
469,48156,48156,1782988438601596768,1782988438601596768,1782988438601644924,1782988438601644924,1782988438601644924,0,1.000000000000,1.000000000000,1.000000000000,1
470,49057,49057,1782988438601717896,1782988438601717896,1782988438601766953,1782988438601766953,1782988438601766953,0,1.000000000000,1.000000000000,1.000000000000,1
471,50436,50436,1782988438601850935,1782988438601850935,1782988438601901371,1782988438601901371,1782988438601901371,0,1.000000000000,1.000000000000,1.000000000000,1
472,54156,54156,1782988438601947574,1782988438601947574,1782988438602001730,1782988438602001730,1782988438602001730,2,1.000000000000,1.000000000000,1.000000000000,1
473,49046,49046,1782988438602072902,1782988438602072902,1782988438602121948,1782988438602121948,1782988438602121948,3,1.000000000000,1.000000000000,1.000000000000,1
474,47987,47987,1782988438602197860,1782988438602197860,1782988438602245847,1782988438602245847,1782988438602245847,2,1.000000000000,1.000000000000,1.000000000000,1
475,47476,47476,1782988438602315419,1782988438602315419,1782988438602362895,1782988438602362895,1782988438602362895,3,1.000000000000,1.000000000000,1.000000000000,1
476,47897,47897,1782988438602437177,1782988438602437177,1782988438602485074,1782988438602485074,1782988438602485074,3,1.000000000000,1.000000000000,1.000000000000,1
477,47447,47447,1782988438602556995,1782988438602556995,1782988438602604442,1782988438602604442,1782988438602604442,0,1.000000000000,1.000000000000,1.000000000000,1
478,55967,55967,1782988438602671824,1782988438602671824,1782988438602727791,1782988438602727791,1782988438602727791,1,1.000000000000,1.000000000000,1.000000000000,1
479,54717,54717,1782988438602790372,1782988438602790372,1782988438602845089,1782988438602845089,1782988438602845089,1,1.000000000000,1.000000000000,1.000000000000,1
480,48258,48258,1782988438602901620,1782988438602901620,1782988438602949878,1782988438602949878,1782988438602949878,0,1.000000000000,1.000000000000,1.000000000000,1
481,49407,49407,1782988438603018229,1782988438603018229,1782988438603067636,1782988438603067636,1782988438603067636,2,1.000000000000,1.000000000000,1.000000000000,1
482,48878,48878,1782988438603130627,1782988438603130627,1782988438603179505,1782988438603179505,1782988438603179505,2,1.000000000000,1.000000000000,1.000000000000,1
483,52539,52539,1782988438603245615,1782988438603245615,1782988438603298154,1782988438603298154,1782988438603298154,3,1.000000000000,1.000000000000,1.000000000000,1
484,49398,49398,1782988438603367514,1782988438603367514,1782988438603416912,1782988438603416912,1782988438603416912,0,1.000000000000,1.000000000000,1.000000000000,1
485,49458,49458,1782988438603492102,1782988438603492102,1782988438603541560,1782988438603541560,1782988438603541560,0,1.000000000000,1.000000000000,1.000000000000,1
486,48239,48239,1782988438603609740,1782988438603609740,1782988438603657979,1782988438603657979,1782988438603657979,0,1.000000000000,1.000000000000,1.000000000000,1
487,47989,47989,1782988438603723389,1782988438603723389,1782988438603771378,1782988438603771378,1782988438603771378,1,1.000000000000,1.000000000000,1.000000000000,1
488,49260,49260,1782988438603847957,1782988438603847957,1782988438603897217,1782988438603897217,1782988438603897217,0,1.000000000000,1.000000000000,1.000000000000,1
489,48041,48041,1782988438603963775,1782988438603963775,1782988438604011816,1782988438604011816,1782988438604011816,2,1.000000000000,1.000000000000,1.000000000000,1
490,47170,47170,1782988438604071334,1782988438604071334,1782988438604118504,1782988438604118504,1782988438604118504,1,1.000000000000,1.000000000000,1.000000000000,1
491,51981,51981,1782988438604185772,1782988438604185772,1782988438604237753,1782988438604237753,1782988438604237753,1,1.000000000000,1.000000000000,1.000000000000,1
492,48431,48431,1782988438604309240,1782988438604309240,1782988438604357671,1782988438604357671,1782988438604357671,1,1.000000000000,1.000000000000,1.000000000000,1
493,48101,48101,1782988438604428639,1782988438604428639,1782988438604476740,1782988438604476740,1782988438604476740,1,1.000000000000,1.000000000000,1.000000000000,1
494,60641,60641,1782988438604552367,1782988438604552367,1782988438604613008,1782988438604613008,1782988438604613008,2,1.000000000000,1.000000000000,1.000000000000,1
495,47892,47892,1782988438604667515,1782988438604667515,1782988438604715407,1782988438604715407,1782988438604715407,3,1.000000000000,1.000000000000,1.000000000000,1
496,50952,50952,1782988438604783583,1782988438604783583,1782988438604834535,1782988438604834535,1782988438604834535,1,1.000000000000,1.000000000000,1.000000000000,1
497,48451,48451,1782988438604899803,1782988438604899803,1782988438604948254,1782988438604948254,1782988438604948254,3,1.000000000000,1.000000000000,1.000000000000,1
498,48081,48081,1782988438605017481,1782988438605017481,1782988438605065562,1782988438605065562,1782988438605065562,3,1.000000000000,1.000000000000,1.000000000000,1
499,48442,48442,1782988438605138059,1782988438605138059,1782988438605186501,1782988438605186501,1782988438605186501,2,1.000000000000,1.000000000000,1.000000000000,1
500,53011,53011,1782988438605255298,1782988438605255298,1782988438605308309,1782988438605308309,1782988438605308309,0,1.000000000000,1.000000000000,1.000000000000,1
501,48782,48782,1782988438605370486,1782988438605370486,1782988438605419268,1782988438605419268,1782988438605419268,2,1.000000000000,1.000000000000,1.000000000000,1
502,48293,48293,1782988438605489834,1782988438605489834,1782988438605538127,1782988438605538127,1782988438605538127,2,1.000000000000,1.000000000000,1.000000000000,1
503,53062,53062,1782988438605607033,1782988438605607033,1782988438605660095,1782988438605660095,1782988438605660095,1,1.000000000000,1.000000000000,1.000000000000,1
504,47833,47833,1782988438605718701,1782988438605718701,1782988438605766534,1782988438605766534,1782988438605766534,0,1.000000000000,1.000000000000,1.000000000000,1
505,49393,49393,1782988438605837039,1782988438605837039,1782988438605886432,1782988438605886432,1782988438605886432,2,1.000000000000,1.000000000000,1.000000000000,1
506,47613,47613,1782988438605947748,1782988438605947748,1782988438605995361,1782988438605995361,1782988438605995361,1,1.000000000000,1.000000000000,1.000000000000,1
507,47623,47623,1782988438606066726,1782988438606066726,1782988438606114349,1782988438606114349,1782988438606114349,0,1.000000000000,1.000000000000,1.000000000000,1
508,48224,48224,1782988438606185474,1782988438606185474,1782988438606233698,1782988438606233698,1782988438606233698,2,1.000000000000,1.000000000000,1.000000000000,1
509,47473,47473,1782988438606300583,1782988438606300583,1782988438606348056,1782988438606348056,1782988438606348056,3,1.000000000000,1.000000000000,1.000000000000,1
510,50434,50434,1782988438606425181,1782988438606425181,1782988438606475615,1782988438606475615,1782988438606475615,2,1.000000000000,1.000000000000,1.000000000000,1
511,47774,47774,1782988438606541179,1782988438606541179,1782988438606588953,1782988438606588953,1782988438606588953,2,1.000000000000,1.000000000000,1.000000000000,1
512,48564,48564,1782988438606656498,1782988438606656498,1782988438606705062,1782988438606705062,1782988438606705062,3,1.000000000000,1.000000000000,1.000000000000,1
513,48415,48415,1782988438606772416,1782988438606772416,1782988438606820831,1782988438606820831,1782988438606820831,3,1.000000000000,1.000000000000,1.000000000000,1
514,48166,48166,1782988438606890264,1782988438606890264,1782988438606938430,1782988438606938430,1782988438606938430,0,1.000000000000,1.000000000000,1.000000000000,1
515,48016,48016,1782988438607005373,1782988438607005373,1782988438607053389,1782988438607053389,1782988438607053389,0,1.000000000000,1.000000000000,1.000000000000,1
516,49526,49526,1782988438607125941,1782988438607125941,1782988438607175467,1782988438607175467,1782988438607175467,1,1.000000000000,1.000000000000,1.000000000000,1
517,47837,47837,1782988438607235059,1782988438607235059,1782988438607282896,1782988438607282896,1782988438607282896,0,1.000000000000,1.000000000000,1.000000000000,1
518,49796,49796,1782988438607355548,1782988438607355548,1782988438607405344,1782988438607405344,1782988438607405344,3,1.000000000000,1.000000000000,1.000000000000,1
519,51986,51986,1782988438607483696,1782988438607483696,1782988438607535682,1782988438607535682,1782988438607535682,2,1.000000000000,1.000000000000,1.000000000000,1
520,47847,47847,1782988438607598164,1782988438607598164,1782988438607646011,1782988438607646011,1782988438607646011,0,1.000000000000,1.000000000000,1.000000000000,1
521,48517,48517,1782988438607716373,1782988438607716373,1782988438607764890,1782988438607764890,1782988438607764890,2,1.000000000000,1.000000000000,1.000000000000,1
522,49136,49136,1782988438607837422,1782988438607837422,1782988438607886558,1782988438607886558,1782988438607886558,1,1.000000000000,1.000000000000,1.000000000000,1
523,60967,60967,1782988438607948010,1782988438607948010,1782988438608008977,1782988438608008977,1782988438608008977,2,1.000000000000,1.000000000000,1.000000000000,1
524,47756,47756,1782988438608066419,1782988438608066419,1782988438608114175,1782988438608114175,1782988438608114175,2,1.000000000000,1.000000000000,1.000000000000,1
525,47127,47127,1782988438608180907,1782988438608180907,1782988438608228034,1782988438608228034,1782988438608228034,1,1.000000000000,1.000000000000,1.000000000000,1
526,47527,47527,1782988438608301645,1782988438608301645,1782988438608349172,1782988438608349172,1782988438608349172,1,1.000000000000,1.000000000000,1.000000000000,1
527,57318,57318,1782988438608422933,1782988438608422933,1782988438608480251,1782988438608480251,1782988438608480251,3,1.000000000000,1.000000000000,1.000000000000,1
528,48567,48567,1782988438608546482,1782988438608546482,1782988438608595049,1782988438608595049,1782988438608595049,1,1.000000000000,1.000000000000,1.000000000000,1
529,46938,46938,1782988438608659040,1782988438608659040,1782988438608705978,1782988438608705978,1782988438608705978,3,1.000000000000,1.000000000000,1.000000000000,1
530,60118,60118,1782988438608775998,1782988438608775998,1782988438608836116,1782988438608836116,1782988438608836116,3,1.000000000000,1.000000000000,1.000000000000,1
531,52098,52098,1782988438608892737,1782988438608892737,1782988438608944835,1782988438608944835,1782988438608944835,1,1.000000000000,1.000000000000,1.000000000000,1
532,51408,51408,1782988438609002575,1782988438609002575,1782988438609053983,1782988438609053983,1782988438609053983,0,1.000000000000,1.000000000000,1.000000000000,1
533,48549,48549,1782988438609117453,1782988438609117453,1782988438609166002,1782988438609166002,1782988438609166002,0,1.000000000000,1.000000000000,1.000000000000,1
534,48359,48359,1782988438609232772,1782988438609232772,1782988438609281131,1782988438609281131,1782988438609281131,0,1.000000000000,1.000000000000,1.000000000000,1
535,47929,47929,1782988438609358280,1782988438609358280,1782988438609406209,1782988438609406209,1782988438609406209,0,1.000000000000,1.000000000000,1.000000000000,1
536,48400,48400,1782988438609481008,1782988438609481008,1782988438609529408,1782988438609529408,1782988438609529408,3,1.000000000000,1.000000000000,1.000000000000,1
537,47889,47889,1782988438609599267,1782988438609599267,1782988438609647156,1782988438609647156,1782988438609647156,1,1.000000000000,1.000000000000,1.000000000000,1
538,48480,48480,1782988438609713565,1782988438609713565,1782988438609762045,1782988438609762045,1782988438609762045,2,1.000000000000,1.000000000000,1.000000000000,1
539,50021,50021,1782988438609839913,1782988438609839913,1782988438609889934,1782988438609889934,1782988438609889934,1,1.000000000000,1.000000000000,1.000000000000,1
540,46991,46991,1782988438609945592,1782988438609945592,1782988438609992583,1782988438609992583,1782988438609992583,1,1.000000000000,1.000000000000,1.000000000000,1
541,46521,46521,1782988438610058970,1782988438610058970,1782988438610105491,1782988438610105491,1782988438610105491,0,1.000000000000,1.000000000000,1.000000000000,1
542,48732,48732,1782988438610174768,1782988438610174768,1782988438610223500,1782988438610223500,1782988438610223500,1,1.000000000000,1.000000000000,1.000000000000,1
543,50841,50841,1782988438610296157,1782988438610296157,1782988438610346998,1782988438610346998,1782988438610346998,1,1.000000000000,1.000000000000,1.000000000000,1
544,46922,46922,1782988438610422215,1782988438610422215,1782988438610469137,1782988438610469137,1782988438610469137,0,1.000000000000,1.000000000000,1.000000000000,1
545,47342,47342,1782988438610536633,1782988438610536633,1782988438610583975,1782988438610583975,1782988438610583975,0,1.000000000000,1.000000000000,1.000000000000,1
546,47853,47853,1782988438610660401,1782988438610660401,1782988438610708254,1782988438610708254,1782988438610708254,2,1.000000000000,1.000000000000,1.000000000000,1
547,54062,54062,1782988438610780460,1782988438610780460,1782988438610834522,1782988438610834522,1782988438610834522,2,1.000000000000,1.000000000000,1.000000000000,1
548,49942,49942,1782988438610895979,1782988438610895979,1782988438610945921,1782988438610945921,1782988438610945921,3,1.000000000000,1.000000000000,1.000000000000,1
549,47022,47022,1782988438611019467,1782988438611019467,1782988438611066489,1782988438611066489,1782988438611066489,3,1.000000000000,1.000000000000,1.000000000000,1
550,48412,48412,1782988438611138656,1782988438611138656,1782988438611187068,1782988438611187068,1782988438611187068,3,1.000000000000,1.000000000000,1.000000000000,1
551,47613,47613,1782988438611238624,1782988438611238624,1782988438611286237,1782988438611286237,1782988438611286237,1,1.000000000000,1.000000000000,1.000000000000,1
552,47673,47673,1782988438611358442,1782988438611358442,1782988438611406115,1782988438611406115,1782988438611406115,2,1.000000000000,1.000000000000,1.000000000000,1
553,49213,49213,1782988438611496330,1782988438611496330,1782988438611545543,1782988438611545543,1782988438611545543,0,1.000000000000,1.000000000000,1.000000000000,1
554,47363,47363,1782988438611608449,1782988438611608449,1782988438611655812,1782988438611655812,1782988438611655812,2,1.000000000000,1.000000000000,1.000000000000,1
555,47323,47323,1782988438611723817,1782988438611723817,1782988438611771140,1782988438611771140,1782988438611771140,2,1.000000000000,1.000000000000,1.000000000000,1
556,50883,50883,1782988438611840516,1782988438611840516,1782988438611891399,1782988438611891399,1782988438611891399,0,1.000000000000,1.000000000000,1.000000000000,1
557,49653,49653,1782988438611966804,1782988438611966804,1782988438612016457,1782988438612016457,1782988438612016457,1,1.000000000000,1.000000000000,1.000000000000,1
558,47724,47724,1782988438612069392,1782988438612069392,1782988438612117116,1782988438612117116,1782988438612117116,3,1.000000000000,1.000000000000,1.000000000000,1
559,47014,47014,1782988438612182971,1782988438612182971,1782988438612229985,1782988438612229985,1782988438612229985,3,1.000000000000,1.000000000000,1.000000000000,1
560,58104,58104,1782988438612303269,1782988438612303269,1782988438612361373,1782988438612361373,1782988438612361373,3,1.000000000000,1.000000000000,1.000000000000,1
561,47775,47775,1782988438612426977,1782988438612426977,1782988438612474752,1782988438612474752,1782988438612474752,1,1.000000000000,1.000000000000,1.000000000000,1
562,46695,46695,1782988438612545305,1782988438612545305,1782988438612592000,1782988438612592000,1782988438612592000,1,1.000000000000,1.000000000000,1.000000000000,1
563,50965,50965,1782988438612669064,1782988438612669064,1782988438612720029,1782988438612720029,1782988438612720029,1,1.000000000000,1.000000000000,1.000000000000,1
564,78866,78866,1782988438612802342,1782988438612802342,1782988438612881208,1782988438612881208,1782988438612881208,0,1.000000000000,1.000000000000,1.000000000000,1
565,80526,80526,1782988438612897320,1782988438612897320,1782988438612977846,1782988438612977846,1782988438612977846,2,1.000000000000,1.000000000000,1.000000000000,1
566,48927,48927,1782988438613027088,1782988438613027088,1782988438613076015,1782988438613076015,1782988438613076015,3,1.000000000000,1.000000000000,1.000000000000,1
567,48187,48187,1782988438613143567,1782988438613143567,1782988438613191754,1782988438613191754,1782988438613191754,1,1.000000000000,1.000000000000,1.000000000000,1
568,49147,49147,1782988438613268225,1782988438613268225,1782988438613317372,1782988438613317372,1782988438613317372,3,1.000000000000,1.000000000000,1.000000000000,1
569,47608,47608,1782988438613387323,1782988438613387323,1782988438613434931,1782988438613434931,1782988438613434931,2,1.000000000000,1.000000000000,1.000000000000,1
570,47608,47608,1782988438613507641,1782988438613507641,1782988438613555249,1782988438613555249,1782988438613555249,3,1.000000000000,1.000000000000,1.000000000000,1
571,47848,47848,1782988438613627390,1782988438613627390,1782988438613675238,1782988438613675238,1782988438613675238,2,1.000000000000,1.000000000000,1.000000000000,1
572,47848,47848,1782988438613747578,1782988438613747578,1782988438613795426,1782988438613795426,1782988438613795426,0,1.000000000000,1.000000000000,1.000000000000,1
573,52568,52568,1782988438613861117,1782988438613861117,1782988438613913685,1782988438613913685,1782988438613913685,0,1.000000000000,1.000000000000,1.000000000000,1
574,48017,48017,1782988438613980786,1782988438613980786,1782988438614028803,1782988438614028803,1782988438614028803,1,1.000000000000,1.000000000000,1.000000000000,1
575,50878,50878,1782988438614096224,1782988438614096224,1782988438614147102,1782988438614147102,1782988438614147102,0,1.000000000000,1.000000000000,1.000000000000,1
576,47028,47028,1782988438614209132,1782988438614209132,1782988438614256160,1782988438614256160,1782988438614256160,1,1.000000000000,1.000000000000,1.000000000000,1
577,46548,46548,1782988438614329451,1782988438614329451,1782988438614375999,1782988438614375999,1782988438614375999,0,1.000000000000,1.000000000000,1.000000000000,1
578,47858,47858,1782988438614451689,1782988438614451689,1782988438614499547,1782988438614499547,1782988438614499547,0,1.000000000000,1.000000000000,1.000000000000,1
579,47559,47559,1782988438614577837,1782988438614577837,1782988438614625396,1782988438614625396,1782988438614625396,0,1.000000000000,1.000000000000,1.000000000000,1
580,48949,48949,1782988438614694065,1782988438614694065,1782988438614743014,1782988438614743014,1782988438614743014,1,1.000000000000,1.000000000000,1.000000000000,1
581,54009,54009,1782988438614802094,1782988438614802094,1782988438614856103,1782988438614856103,1782988438614856103,0,1.000000000000,1.000000000000,1.000000000000,1
582,50349,50349,1782988438614920642,1782988438614920642,1782988438614970991,1782988438614970991,1782988438614970991,2,1.000000000000,1.000000000000,1.000000000000,1
583,50600,50600,1782988438615044670,1782988438615044670,1782988438615095270,1782988438615095270,1782988438615095270,1,1.000000000000,1.000000000000,1.000000000000,1
584,47039,47039,1782988438615158319,1782988438615158319,1782988438615205358,1782988438615205358,1782988438615205358,0,1.000000000000,1.000000000000,1.000000000000,1
585,46770,46770,1782988438615272037,1782988438615272037,1782988438615318807,1782988438615318807,1782988438615318807,3,1.000000000000,1.000000000000,1.000000000000,1
586,45941,45941,1782988438615395245,1782988438615395245,1782988438615441186,1782988438615441186,1782988438615441186,1,1.000000000000,1.000000000000,1.000000000000,1
587,47340,47340,1782988438615513994,1782988438615513994,1782988438615561334,1782988438615561334,1782988438615561334,0,1.000000000000,1.000000000000,1.000000000000,1
588,51281,51281,1782988438615626172,1782988438615626172,1782988438615677453,1782988438615677453,1782988438615677453,3,1.000000000000,1.000000000000,1.000000000000,1
589,47581,47581,1782988438615740560,1782988438615740560,1782988438615788141,1782988438615788141,1782988438615788141,1,1.000000000000,1.000000000000,1.000000000000,1
590,49092,49092,1782988438615864219,1782988438615864219,1782988438615913311,1782988438615913311,1782988438615913311,0,1.000000000000,1.000000000000,1.000000000000,1
591,47382,47382,1782988438615974197,1782988438615974197,1782988438616021579,1782988438616021579,1782988438616021579,3,1.000000000000,1.000000000000,1.000000000000,1
592,48023,48023,1782988438616087455,1782988438616087455,1782988438616135478,1782988438616135478,1782988438616135478,2,1.000000000000,1.000000000000,1.000000000000,1
593,55962,55962,1782988438616203224,1782988438616203224,1782988438616259186,1782988438616259186,1782988438616259186,1,1.000000000000,1.000000000000,1.000000000000,1
594,48103,48103,1782988438616330112,1782988438616330112,1782988438616378215,1782988438616378215,1782988438616378215,1,1.000000000000,1.000000000000,1.000000000000,1
595,46703,46703,1782988438616453620,1782988438616453620,1782988438616500323,1782988438616500323,1782988438616500323,3,1.000000000000,1.000000000000,1.000000000000,1
596,50104,50104,1782988438616571848,1782988438616571848,1782988438616621952,1782988438616621952,1782988438616621952,2,1.000000000000,1.000000000000,1.000000000000,1
597,47263,47263,1782988438616686387,1782988438616686387,1782988438616733650,1782988438616733650,1782988438616733650,0,1.000000000000,1.000000000000,1.000000000000,1
598,55723,55723,1782988438616801756,1782988438616801756,1782988438616857479,1782988438616857479,1782988438616857479,0,1.000000000000,1.000000000000,1.000000000000,1
599,49003,49003,1782988438616919544,1782988438616919544,1782988438616968547,1782988438616968547,1782988438616968547,1,1.000000000000,1.000000000000,1.000000000000,1
600,49223,49223,1782988438617038853,1782988438617038853,1782988438617088076,1782988438617088076,1782988438617088076,2,1.000000000000,1.000000000000,1.000000000000,1
601,49754,49754,1782988438617145911,1782988438617145911,1782988438617195665,1782988438617195665,1782988438617195665,0,1.000000000000,1.000000000000,1.000000000000,1
602,46943,46943,1782988438617259530,1782988438617259530,1782988438617306473,1782988438617306473,1782988438617306473,3,1.000000000000,1.000000000000,1.000000000000,1
603,50404,50404,1782988438617380468,1782988438617380468,1782988438617430872,1782988438617430872,1782988438617430872,3,1.000000000000,1.000000000000,1.000000000000,1
604,46894,46894,1782988438617504146,1782988438617504146,1782988438617551040,1782988438617551040,1782988438617551040,3,1.000000000000,1.000000000000,1.000000000000,1
605,46815,46815,1782988438617622034,1782988438617622034,1782988438617668849,1782988438617668849,1782988438617668849,2,1.000000000000,1.000000000000,1.000000000000,1
606,46264,46264,1782988438617747083,1782988438617747083,1782988438617793347,1782988438617793347,1782988438617793347,0,1.000000000000,1.000000000000,1.000000000000,1
607,49595,49595,1782988438617863941,1782988438617863941,1782988438617913536,1782988438617913536,1782988438617913536,0,1.000000000000,1.000000000000,1.000000000000,1
608,52065,52065,1782988438617979399,1782988438617979399,1782988438618031464,1782988438618031464,1782988438618031464,2,1.000000000000,1.000000000000,1.000000000000,1
609,47485,47485,1782988438618091048,1782988438618091048,1782988438618138533,1782988438618138533,1782988438618138533,0,1.000000000000,1.000000000000,1.000000000000,1
610,48055,48055,1782988438618207386,1782988438618207386,1782988438618255441,1782988438618255441,1782988438618255441,3,1.000000000000,1.000000000000,1.000000000000,1
611,47026,47026,1782988438618333154,1782988438618333154,1782988438618380180,1782988438618380180,1782988438618380180,1,1.000000000000,1.000000000000,1.000000000000,1
612,47936,47936,1782988438618450692,1782988438618450692,1782988438618498628,1782988438618498628,1782988438618498628,0,1.000000000000,1.000000000000,1.000000000000,1
613,47296,47296,1782988438618571441,1782988438618571441,1782988438618618737,1782988438618618737,1782988438618618737,1,1.000000000000,1.000000000000,1.000000000000,1
614,47216,47216,1782988438618685669,1782988438618685669,1782988438618732885,1782988438618732885,1782988438618732885,1,1.000000000000,1.000000000000,1.000000000000,1
615,54028,54028,1782988438618801877,1782988438618801877,1782988438618855905,1782988438618855905,1782988438618855905,1,1.000000000000,1.000000000000,1.000000000000,1
616,48927,48927,1782988438618916536,1782988438618916536,1782988438618965463,1782988438618965463,1782988438618965463,1,1.000000000000,1.000000000000,1.000000000000,1
617,48268,48268,1782988438619029754,1782988438619029754,1782988438619078022,1782988438619078022,1782988438619078022,2,1.000000000000,1.000000000000,1.000000000000,1
618,48778,48778,1782988438619143203,1782988438619143203,1782988438619191981,1782988438619191981,1782988438619191981,2,1.000000000000,1.000000000000,1.000000000000,1
619,47328,47328,1782988438619262951,1782988438619262951,1782988438619310279,1782988438619310279,1782988438619310279,2,1.000000000000,1.000000000000,1.000000000000,1
620,46889,46889,1782988438619379869,1782988438619379869,1782988438619426758,1782988438619426758,1782988438619426758,1,1.000000000000,1.000000000000,1.000000000000,1
621,46839,46839,1782988438619502007,1782988438619502007,1782988438619548846,1782988438619548846,1782988438619548846,3,1.000000000000,1.000000000000,1.000000000000,1
622,47789,47789,1782988438619622566,1782988438619622566,1782988438619670355,1782988438619670355,1782988438619670355,1,1.000000000000,1.000000000000,1.000000000000,1
623,53689,53689,1782988438619737074,1782988438619737074,1782988438619790763,1782988438619790763,1782988438619790763,3,1.000000000000,1.000000000000,1.000000000000,1
624,48649,48649,1782988438619853883,1782988438619853883,1782988438619902532,1782988438619902532,1782988438619902532,3,1.000000000000,1.000000000000,1.000000000000,1
625,47278,47278,1782988438619974262,1782988438619974262,1782988438620021540,1782988438620021540,1782988438620021540,1,1.000000000000,1.000000000000,1.000000000000,1
626,59309,59309,1782988438620083850,1782988438620083850,1782988438620143159,1782988438620143159,1782988438620143159,2,1.000000000000,1.000000000000,1.000000000000,1
627,47409,47409,1782988438620199908,1782988438620199908,1782988438620247317,1782988438620247317,1782988438620247317,2,1.000000000000,1.000000000000,1.000000000000,1
628,55639,55639,1782988438620320867,1782988438620320867,1782988438620376506,1782988438620376506,1782988438620376506,2,1.000000000000,1.000000000000,1.000000000000,1
629,47299,47299,1782988438620439525,1782988438620439525,1782988438620486824,1782988438620486824,1782988438620486824,1,1.000000000000,1.000000000000,1.000000000000,1
630,48290,48290,1782988438620562013,1782988438620562013,1782988438620610303,1782988438620610303,1782988438620610303,0,1.000000000000,1.000000000000,1.000000000000,1
631,48519,48519,1782988438620674782,1782988438620674782,1782988438620723301,1782988438620723301,1782988438620723301,1,1.000000000000,1.000000000000,1.000000000000,1
632,48800,48800,1782988438620790690,1782988438620790690,1782988438620839490,1782988438620839490,1782988438620839490,1,1.000000000000,1.000000000000,1.000000000000,1
633,48370,48370,1782988438620910058,1782988438620910058,1782988438620958428,1782988438620958428,1782988438620958428,1,1.000000000000,1.000000000000,1.000000000000,1
634,46670,46670,1782988438621021917,1782988438621021917,1782988438621068587,1782988438621068587,1782988438621068587,3,1.000000000000,1.000000000000,1.000000000000,1
635,47291,47291,1782988438621134365,1782988438621134365,1782988438621181656,1782988438621181656,1782988438621181656,2,1.000000000000,1.000000000000,1.000000000000,1
636,47371,47371,1782988438621249953,1782988438621249953,1782988438621297324,1782988438621297324,1782988438621297324,0,1.000000000000,1.000000000000,1.000000000000,1
637,47561,47561,1782988438621373032,1782988438621373032,1782988438621420593,1782988438621420593,1782988438621420593,3,1.000000000000,1.000000000000,1.000000000000,1
638,47891,47891,1782988438621492630,1782988438621492630,1782988438621540521,1782988438621540521,1782988438621540521,3,1.000000000000,1.000000000000,1.000000000000,1
639,46722,46722,1782988438621613098,1782988438621613098,1782988438621659820,1782988438621659820,1782988438621659820,0,1.000000000000,1.000000000000,1.000000000000,1
640,47421,47421,1782988438621728187,1782988438621728187,1782988438621775608,1782988438621775608,1782988438621775608,1,1.000000000000,1.000000000000,1.000000000000,1
641,50443,50443,1782988438621848115,1782988438621848115,1782988438621898558,1782988438621898558,1782988438621898558,2,1.000000000000,1.000000000000,1.000000000000,1
642,49453,49453,1782988438621958053,1782988438621958053,1782988438622007506,1782988438622007506,1782988438622007506,0,1.000000000000,1.000000000000,1.000000000000,1
643,48263,48263,1782988438622072912,1782988438622072912,1782988438622121175,1782988438622121175,1782988438622121175,3,1.000000000000,1.000000000000,1.000000000000,1
644,47573,47573,1782988438622191340,1782988438622191340,1782988438622238913,1782988438622238913,1782988438622238913,0,1.000000000000,1.000000000000,1.000000000000,1
645,47984,47984,1782988438622310028,1782988438622310028,1782988438622358012,1782988438622358012,1782988438622358012,1,1.000000000000,1.000000000000,1.000000000000,1
646,47933,47933,1782988438622431807,1782988438622431807,1782988438622479740,1782988438622479740,1782988438622479740,3,1.000000000000,1.000000000000,1.000000000000,1
647,46584,46584,1782988438622553745,1782988438622553745,1782988438622600329,1782988438622600329,1782988438622600329,0,1.000000000000,1.000000000000,1.000000000000,1
648,51154,51154,1782988438622670453,1782988438622670453,1782988438622721607,1782988438622721607,1782988438622721607,2,1.000000000000,1.000000000000,1.000000000000,1
649,47484,47484,1782988438622782892,1782988438622782892,1782988438622830376,1782988438622830376,1782988438622830376,3,1.000000000000,1.000000000000,1.000000000000,1
650,47584,47584,1782988438622898811,1782988438622898811,1782988438622946395,1782988438622946395,1782988438622946395,1,1.000000000000,1.000000000000,1.000000000000,1
651,48404,48404,1782988438623010639,1782988438623010639,1782988438623059043,1782988438623059043,1782988438623059043,1,1.000000000000,1.000000000000,1.000000000000,1
652,48434,48434,1782988438623125198,1782988438623125198,1782988438623173632,1782988438623173632,1782988438623173632,3,1.000000000000,1.000000000000,1.000000000000,1
653,48504,48504,1782988438623241326,1782988438623241326,1782988438623289830,1782988438623289830,1782988438623289830,1,1.000000000000,1.000000000000,1.000000000000,1
654,47585,47585,1782988438623361494,1782988438623361494,1782988438623409079,1782988438623409079,1782988438623409079,2,1.000000000000,1.000000000000,1.000000000000,1
655,49685,49685,1782988438623486082,1782988438623486082,1782988438623535767,1782988438623535767,1782988438623535767,0,1.000000000000,1.000000000000,1.000000000000,1
656,47985,47985,1782988438623607701,1782988438623607701,1782988438623655686,1782988438623655686,1782988438623655686,2,1.000000000000,1.000000000000,1.000000000000,1
657,48225,48225,1782988438623714569,1782988438623714569,1782988438623762794,1782988438623762794,1782988438623762794,3,1.000000000000,1.000000000000,1.000000000000,1
658,50756,50756,1782988438623846867,1782988438623846867,1782988438623897623,1782988438623897623,1782988438623897623,2,1.000000000000,1.000000000000,1.000000000000,1
659,69725,69725,1782988438623950866,1782988438623950866,1782988438624020591,1782988438624020591,1782988438624020591,3,1.000000000000,1.000000000000,1.000000000000,1
660,52596,52596,1782988438624060134,1782988438624060134,1782988438624112730,1782988438624112730,1782988438624112730,0,1.000000000000,1.000000000000,1.000000000000,1
661,46466,46466,1782988438624172243,1782988438624172243,1782988438624218709,1782988438624218709,1782988438624218709,0,1.000000000000,1.000000000000,1.000000000000,1
662,48576,48576,1782988438624295821,1782988438624295821,1782988438624344397,1782988438624344397,1782988438624344397,1,1.000000000000,1.000000000000,1.000000000000,1
663,49557,49557,1782988438624416659,1782988438624416659,1782988438624466216,1782988438624466216,1782988438624466216,2,1.000000000000,1.000000000000,1.000000000000,1
664,47307,47307,1782988438624538257,1782988438624538257,1782988438624585564,1782988438624585564,1782988438624585564,2,1.000000000000,1.000000000000,1.000000000000,1
665,47277,47277,1782988438624651496,1782988438624651496,1782988438624698773,1782988438624698773,1782988438624698773,2,1.000000000000,1.000000000000,1.000000000000,1
666,47138,47138,1782988438624770354,1782988438624770354,1782988438624817492,1782988438624817492,1782988438624817492,1,1.000000000000,1.000000000000,1.000000000000,1
667,48469,48469,1782988438624884002,1782988438624884002,1782988438624932471,1782988438624932471,1782988438624932471,2,1.000000000000,1.000000000000,1.000000000000,1
668,52278,52278,1782988438624997071,1782988438624997071,1782988438625049349,1782988438625049349,1782988438625049349,2,1.000000000000,1.000000000000,1.000000000000,1
669,48279,48279,1782988438625110699,1782988438625110699,1782988438625158978,1782988438625158978,1782988438625158978,2,1.000000000000,1.000000000000,1.000000000000,1
670,48228,48228,1782988438625228878,1782988438625228878,1782988438625277106,1782988438625277106,1782988438625277106,0,1.000000000000,1.000000000000,1.000000000000,1
671,47609,47609,1782988438625349186,1782988438625349186,1782988438625396795,1782988438625396795,1782988438625396795,3,1.000000000000,1.000000000000,1.000000000000,1
672,48699,48699,1782988438625474274,1782988438625474274,1782988438625522973,1782988438625522973,1782988438625522973,0,1.000000000000,1.000000000000,1.000000000000,1
673,49690,49690,1782988438625593152,1782988438625593152,1782988438625642842,1782988438625642842,1782988438625642842,2,1.000000000000,1.000000000000,1.000000000000,1
674,48430,48430,1782988438625721480,1782988438625721480,1782988438625769910,1782988438625769910,1782988438625769910,0,1.000000000000,1.000000000000,1.000000000000,1
675,50239,50239,1782988438625839410,1782988438625839410,1782988438625889649,1782988438625889649,1782988438625889649,1,1.000000000000,1.000000000000,1.000000000000,1
676,50069,50069,1782988438625949828,1782988438625949828,1782988438625999897,1782988438625999897,1782988438625999897,1,1.000000000000,1.000000000000,1.000000000000,1
677,48299,48299,1782988438626064017,1782988438626064017,1782988438626112316,1782988438626112316,1782988438626112316,0,1.000000000000,1.000000000000,1.000000000000,1
678,48460,48460,1782988438626177855,1782988438626177855,1782988438626226315,1782988438626226315,1782988438626226315,1,1.000000000000,1.000000000000,1.000000000000,1
679,47080,47080,1782988438626293133,1782988438626293133,1782988438626340213,1782988438626340213,1782988438626340213,1,1.000000000000,1.000000000000,1.000000000000,1
680,47500,47500,1782988438626416722,1782988438626416722,1782988438626464222,1782988438626464222,1782988438626464222,1,1.000000000000,1.000000000000,1.000000000000,1
681,47280,47280,1782988438626532660,1782988438626532660,1782988438626579940,1782988438626579940,1782988438626579940,0,1.000000000000,1.000000000000,1.000000000000,1
682,47051,47051,1782988438626645318,1782988438626645318,1782988438626692369,1782988438626692369,1782988438626692369,0,1.000000000000,1.000000000000,1.000000000000,1
683,47380,47380,1782988438626759297,1782988438626759297,1782988438626806677,1782988438626806677,1782988438626806677,3,1.000000000000,1.000000000000,1.000000000000,1
684,47921,47921,1782988438626884605,1782988438626884605,1782988438626932526,1782988438626932526,1782988438626932526,2,1.000000000000,1.000000000000,1.000000000000,1
685,46731,46731,1782988438626987993,1782988438626987993,1782988438627034724,1782988438627034724,1782988438627034724,2,1.000000000000,1.000000000000,1.000000000000,1
686,48261,48261,1782988438627103562,1782988438627103562,1782988438627151823,1782988438627151823,1782988438627151823,2,1.000000000000,1.000000000000,1.000000000000,1
687,50811,50811,1782988438627225070,1782988438627225070,1782988438627275881,1782988438627275881,1782988438627275881,3,1.000000000000,1.000000000000,1.000000000000,1
688,48972,48972,1782988438627346668,1782988438627346668,1782988438627395640,1782988438627395640,1782988438627395640,1,1.000000000000,1.000000000000,1.000000000000,1
689,47592,47592,1782988438627474026,1782988438627474026,1782988438627521618,1782988438627521618,1782988438627521618,0,1.000000000000,1.000000000000,1.000000000000,1
690,47852,47852,1782988438627598735,1782988438627598735,1782988438627646587,1782988438627646587,1782988438627646587,0,1.000000000000,1.000000000000,1.000000000000,1
691,48392,48392,1782988438627723403,1782988438627723403,1782988438627771795,1782988438627771795,1782988438627771795,0,1.000000000000,1.000000000000,1.000000000000,1
692,62484,62484,1782988438627835481,1782988438627835481,1782988438627897965,1782988438627897965,1782988438627897965,0,1.000000000000,1.000000000000,1.000000000000,1
693,61763,61763,1782988438627948220,1782988438627948220,1782988438628009983,1782988438628009983,1782988438628009983,3,1.000000000000,1.000000000000,1.000000000000,1
694,48114,48114,1782988438628063238,1782988438628063238,1782988438628111352,1782988438628111352,1782988438628111352,3,1.000000000000,1.000000000000,1.000000000000,1
695,47614,47614,1782988438628186366,1782988438628186366,1782988438628233980,1782988438628233980,1782988438628233980,3,1.000000000000,1.000000000000,1.000000000000,1
696,46854,46854,1782988438628304995,1782988438628304995,1782988438628351849,1782988438628351849,1782988438628351849,1,1.000000000000,1.000000000000,1.000000000000,1
697,46414,46414,1782988438628426183,1782988438628426183,1782988438628472597,1782988438628472597,1782988438628472597,3,1.000000000000,1.000000000000,1.000000000000,1
698,51155,51155,1782988438628549581,1782988438628549581,1782988438628600736,1782988438628600736,1782988438628600736,0,1.000000000000,1.000000000000,1.000000000000,1
699,47775,47775,1782988438628664159,1782988438628664159,1782988438628711934,1782988438628711934,1782988438628711934,0,1.000000000000,1.000000000000,1.000000000000,1
700,46715,46715,1782988438628776918,1782988438628776918,1782988438628823633,1782988438628823633,1782988438628823633,2,1.000000000000,1.000000000000,1.000000000000,1
701,47285,47285,1782988438628893587,1782988438628893587,1782988438628940872,1782988438628940872,1782988438628940872,0,1.000000000000,1.000000000000,1.000000000000,1
702,48085,48085,1782988438629008045,1782988438629008045,1782988438629056130,1782988438629056130,1782988438629056130,1,1.000000000000,1.000000000000,1.000000000000,1
703,48415,48415,1782988438629123364,1782988438629123364,1782988438629171779,1782988438629171779,1782988438629171779,2,1.000000000000,1.000000000000,1.000000000000,1
704,47875,47875,1782988438629242182,1782988438629242182,1782988438629290057,1782988438629290057,1782988438629290057,1,1.000000000000,1.000000000000,1.000000000000,1
705,48056,48056,1782988438629362350,1782988438629362350,1782988438629410406,1782988438629410406,1782988438629410406,2,1.000000000000,1.000000000000,1.000000000000,1
706,48055,48055,1782988438629485469,1782988438629485469,1782988438629533524,1782988438629533524,1782988438629533524,3,1.000000000000,1.000000000000,1.000000000000,1
707,48126,48126,1782988438629608677,1782988438629608677,1782988438629656803,1782988438629656803,1782988438629656803,1,1.000000000000,1.000000000000,1.000000000000,1
708,50316,50316,1782988438629721375,1782988438629721375,1782988438629771691,1782988438629771691,1782988438629771691,2,1.000000000000,1.000000000000,1.000000000000,1
709,52136,52136,1782988438629836774,1782988438629836774,1782988438629888910,1782988438629888910,1782988438629888910,0,1.000000000000,1.000000000000,1.000000000000,1
710,48916,48916,1782988438629949872,1782988438629949872,1782988438629998788,1782988438629998788,1782988438629998788,0,1.000000000000,1.000000000000,1.000000000000,1
711,48087,48087,1782988438630064230,1782988438630064230,1782988438630112317,1782988438630112317,1782988438630112317,1,1.000000000000,1.000000000000,1.000000000000,1
712,47826,47826,1782988438630191199,1782988438630191199,1782988438630239025,1782988438630239025,1782988438630239025,0,1.000000000000,1.000000000000,1.000000000000,1
713,51727,51727,1782988438630300837,1782988438630300837,1782988438630352564,1782988438630352564,1782988438630352564,0,1.000000000000,1.000000000000,1.000000000000,1
714,47117,47117,1782988438630421805,1782988438630421805,1782988438630468922,1782988438630468922,1782988438630468922,3,1.000000000000,1.000000000000,1.000000000000,1
715,49128,49128,1782988438630547823,1782988438630547823,1782988438630596951,1782988438630596951,1782988438630596951,2,1.000000000000,1.000000000000,1.000000000000,1
716,46657,46657,1782988438630661692,1782988438630661692,1782988438630708349,1782988438630708349,1782988438630708349,0,1.000000000000,1.000000000000,1.000000000000,1
717,47279,47279,1782988438630778580,1782988438630778580,1782988438630825859,1782988438630825859,1782988438630825859,1,1.000000000000,1.000000000000,1.000000000000,1
718,49109,49109,1782988438630892779,1782988438630892779,1782988438630941888,1782988438630941888,1782988438630941888,0,1.000000000000,1.000000000000,1.000000000000,1
719,47309,47309,1782988438631006437,1782988438631006437,1782988438631053746,1782988438631053746,1782988438631053746,0,1.000000000000,1.000000000000,1.000000000000,1
720,50580,50580,1782988438631125255,1782988438631125255,1782988438631175835,1782988438631175835,1782988438631175835,0,1.000000000000,1.000000000000,1.000000000000,1
721,48479,48479,1782988438631242144,1782988438631242144,1782988438631290623,1782988438631290623,1782988438631290623,1,1.000000000000,1.000000000000,1.000000000000,1
722,47240,47240,1782988438631362322,1782988438631362322,1782988438631409562,1782988438631409562,1782988438631409562,1,1.000000000000,1.000000000000,1.000000000000,1
723,49280,49280,1782988438631484010,1782988438631484010,1782988438631533290,1782988438631533290,1782988438631533290,3,1.000000000000,1.000000000000,1.000000000000,1
724,51831,51831,1782988438631599628,1782988438631599628,1782988438631651459,1782988438631651459,1782988438631651459,3,1.000000000000,1.000000000000,1.000000000000,1
725,59260,59260,1782988438631712047,1782988438631712047,1782988438631771307,1782988438631771307,1782988438631771307,2,1.000000000000,1.000000000000,1.000000000000,1
726,50080,50080,1782988438631830706,1782988438631830706,1782988438631880786,1782988438631880786,1782988438631880786,1,1.000000000000,1.000000000000,1.000000000000,1
727,46929,46929,1782988438631940455,1782988438631940455,1782988438631987384,1782988438631987384,1782988438631987384,2,1.000000000000,1.000000000000,1.000000000000,1
728,48090,48090,1782988438632058143,1782988438632058143,1782988438632106233,1782988438632106233,1782988438632106233,2,1.000000000000,1.000000000000,1.000000000000,1
729,46411,46411,1782988438632169551,1782988438632169551,1782988438632215962,1782988438632215962,1782988438632215962,3,1.000000000000,1.000000000000,1.000000000000,1
730,46910,46910,1782988438632290300,1782988438632290300,1782988438632337210,1782988438632337210,1782988438632337210,3,1.000000000000,1.000000000000,1.000000000000,1
731,46821,46821,1782988438632412908,1782988438632412908,1782988438632459729,1782988438632459729,1782988438632459729,0,1.000000000000,1.000000000000,1.000000000000,1
732,47321,47321,1782988438632539206,1782988438632539206,1782988438632586527,1782988438632586527,1782988438632586527,2,1.000000000000,1.000000000000,1.000000000000,1
733,51511,51511,1782988438632659494,1782988438632659494,1782988438632711005,1782988438632711005,1782988438632711005,3,1.000000000000,1.000000000000,1.000000000000,1
734,47352,47352,1782988438632780622,1782988438632780622,1782988438632827974,1782988438632827974,1782988438632827974,0,1.000000000000,1.000000000000,1.000000000000,1
735,48551,48551,1782988438632912761,1782988438632912761,1782988438632961312,1782988438632961312,1782988438632961312,3,1.000000000000,1.000000000000,1.000000000000,1
736,47072,47072,1782988438633024579,1782988438633024579,1782988438633071651,1782988438633071651,1782988438633071651,0,1.000000000000,1.000000000000,1.000000000000,1
737,46992,46992,1782988438633137847,1782988438633137847,1782988438633184839,1782988438633184839,1782988438633184839,2,1.000000000000,1.000000000000,1.000000000000,1
738,47772,47772,1782988438633259566,1782988438633259566,1782988438633307338,1782988438633307338,1782988438633307338,2,1.000000000000,1.000000000000,1.000000000000,1
739,48232,48232,1782988438633385824,1782988438633385824,1782988438633434056,1782988438633434056,1782988438633434056,1,1.000000000000,1.000000000000,1.000000000000,1
740,48413,48413,1782988438633501572,1782988438633501572,1782988438633549985,1782988438633549985,1782988438633549985,1,1.000000000000,1.000000000000,1.000000000000,1
741,46613,46613,1782988438633611761,1782988438633611761,1782988438633658374,1782988438633658374,1782988438633658374,3,1.000000000000,1.000000000000,1.000000000000,1
742,48253,48253,1782988438633728259,1782988438633728259,1782988438633776512,1782988438633776512,1782988438633776512,0,1.000000000000,1.000000000000,1.000000000000,1
743,51475,51475,1782988438633843167,1782988438633843167,1782988438633894642,1782988438633894642,1782988438633894642,0,1.000000000000,1.000000000000,1.000000000000,1
744,46814,46814,1782988438633955696,1782988438633955696,1782988438634002510,1782988438634002510,1782988438634002510,0,1.000000000000,1.000000000000,1.000000000000,1
745,46145,46145,1782988438634071574,1782988438634071574,1782988438634117719,1782988438634117719,1782988438634117719,2,1.000000000000,1.000000000000,1.000000000000,1
746,47345,47345,1782988438634195432,1782988438634195432,1782988438634242777,1782988438634242777,1782988438634242777,3,1.000000000000,1.000000000000,1.000000000000,1
747,46715,46715,1782988438634314551,1782988438634314551,1782988438634361266,1782988438634361266,1782988438634361266,3,1.000000000000,1.000000000000,1.000000000000,1
748,47425,47425,1782988438634429659,1782988438634429659,1782988438634477084,1782988438634477084,1782988438634477084,3,1.000000000000,1.000000000000,1.000000000000,1
749,47166,47166,1782988438634557557,1782988438634557557,1782988438634604723,1782988438634604723,1782988438634604723,0,1.000000000000,1.000000000000,1.000000000000,1
750,46726,46726,1782988438634670385,1782988438634670385,1782988438634717111,1782988438634717111,1782988438634717111,1,1.000000000000,1.000000000000,1.000000000000,1
751,50896,50896,1782988438634785484,1782988438634785484,1782988438634836380,1782988438634836380,1782988438634836380,3,1.000000000000,1.000000000000,1.000000000000,1
752,49275,49275,1782988438634901393,1782988438634901393,1782988438634950668,1782988438634950668,1782988438634950668,1,1.000000000000,1.000000000000,1.000000000000,1
753,53275,53275,1782988438635016672,1782988438635016672,1782988438635069947,1782988438635069947,1782988438635069947,1,1.000000000000,1.000000000000,1.000000000000,1
754,47415,47415,1782988438635136030,1782988438635136030,1782988438635183445,1782988438635183445,1782988438635183445,3,1.000000000000,1.000000000000,1.000000000000,1
755,48036,48036,1782988438635258108,1782988438635258108,1782988438635306144,1782988438635306144,1782988438635306144,0,1.000000000000,1.000000000000,1.000000000000,1
756,50856,50856,1782988438635370046,1782988438635370046,1782988438635420902,1782988438635420902,1782988438635420902,3,1.000000000000,1.000000000000,1.000000000000,1
757,47936,47936,1782988438635491695,1782988438635491695,1782988438635539631,1782988438635539631,1782988438635539631,3,1.000000000000,1.000000000000,1.000000000000,1
758,59286,59286,1782988438635607023,1782988438635607023,1782988438635666309,1782988438635666309,1782988438635666309,2,1.000000000000,1.000000000000,1.000000000000,1
759,46577,46577,1782988438635720421,1782988438635720421,1782988438635766998,1782988438635766998,1782988438635766998,3,1.000000000000,1.000000000000,1.000000000000,1
760,48757,48757,1782988438635837980,1782988438635837980,1782988438635886737,1782988438635886737,1782988438635886737,2,1.000000000000,1.000000000000,1.000000000000,1
761,49127,49127,1782988438635968438,1782988438635968438,1782988438636017565,1782988438636017565,1782988438636017565,3,1.000000000000,1.000000000000,1.000000000000,1
762,49528,49528,1782988438636083596,1782988438636083596,1782988438636133124,1782988438636133124,1782988438636133124,0,1.000000000000,1.000000000000,1.000000000000,1
763,50037,50037,1782988438636201735,1782988438636201735,1782988438636251772,1782988438636251772,1782988438636251772,3,1.000000000000,1.000000000000,1.000000000000,1
764,48578,48578,1782988438636316603,1782988438636316603,1782988438636365181,1782988438636365181,1782988438636365181,1,1.000000000000,1.000000000000,1.000000000000,1
765,46708,46708,1782988438636439091,1782988438636439091,1782988438636485799,1782988438636485799,1782988438636485799,0,1.000000000000,1.000000000000,1.000000000000,1
766,46819,46819,1782988438636559359,1782988438636559359,1782988438636606178,1782988438636606178,1782988438636606178,0,1.000000000000,1.000000000000,1.000000000000,1
767,47148,47148,1782988438636676558,1782988438636676558,1782988438636723706,1782988438636723706,1782988438636723706,1,1.000000000000,1.000000000000,1.000000000000,1
768,54610,54610,1782988438636793826,1782988438636793826,1782988438636848436,1782988438636848436,1782988438636848436,1,1.000000000000,1.000000000000,1.000000000000,1
769,47840,47840,1782988438636902524,1782988438636902524,1782988438636950364,1782988438636950364,1782988438636950364,0,1.000000000000,1.000000000000,1.000000000000,1
770,48420,48420,1782988438637017213,1782988438637017213,1782988438637065633,1782988438637065633,1782988438637065633,2,1.000000000000,1.000000000000,1.000000000000,1
771,52410,52410,1782988438637140271,1782988438637140271,1782988438637192681,1782988438637192681,1782988438637192681,3,1.000000000000,1.000000000000,1.000000000000,1
772,47821,47821,1782988438637252109,1782988438637252109,1782988438637299930,1782988438637299930,1782988438637299930,2,1.000000000000,1.000000000000,1.000000000000,1
773,51900,51900,1782988438637372338,1782988438637372338,1782988438637424238,1782988438637424238,1782988438637424238,0,1.000000000000,1.000000000000,1.000000000000,1
774,48671,48671,1782988438637495566,1782988438637495566,1782988438637544237,1782988438637544237,1782988438637544237,1,1.000000000000,1.000000000000,1.000000000000,1
775,47441,47441,1782988438637608654,1782988438637608654,1782988438637656095,1782988438637656095,1782988438637656095,2,1.000000000000,1.000000000000,1.000000000000,1
776,48241,48241,1782988438637722503,1782988438637722503,1782988438637770744,1782988438637770744,1782988438637770744,2,1.000000000000,1.000000000000,1.000000000000,1
777,50331,50331,1782988438637839172,1782988438637839172,1782988438637889503,1782988438637889503,1782988438637889503,2,1.000000000000,1.000000000000,1.000000000000,1
778,50421,50421,1782988438637953620,1782988438637953620,1782988438638004041,1782988438638004041,1782988438638004041,0,1.000000000000,1.000000000000,1.000000000000,1
779,48581,48581,1782988438638066599,1782988438638066599,1782988438638115180,1782988438638115180,1782988438638115180,0,1.000000000000,1.000000000000,1.000000000000,1
780,48851,48851,1782988438638180307,1782988438638180307,1782988438638229158,1782988438638229158,1782988438638229158,1,1.000000000000,1.000000000000,1.000000000000,1
781,47352,47352,1782988438638301945,1782988438638301945,1782988438638349297,1782988438638349297,1782988438638349297,3,1.000000000000,1.000000000000,1.000000000000,1
782,47062,47062,1782988438638428873,1782988438638428873,1782988438638475935,1782988438638475935,1782988438638475935,0,1.000000000000,1.000000000000,1.000000000000,1
783,50062,50062,1782988438638548632,1782988438638548632,1782988438638598694,1782988438638598694,1782988438638598694,1,1.000000000000,1.000000000000,1.000000000000,1
784,47432,47432,1782988438638662210,1782988438638662210,1782988438638709642,1782988438638709642,1782988438638709642,3,1.000000000000,1.000000000000,1.000000000000,1
785,46903,46903,1782988438638775328,1782988438638775328,1782988438638822231,1782988438638822231,1782988438638822231,3,1.000000000000,1.000000000000,1.000000000000,1
786,48912,48912,1782988438638891717,1782988438638891717,1782988438638940629,1782988438638940629,1782988438638940629,0,1.000000000000,1.000000000000,1.000000000000,1
787,47803,47803,1782988438639008115,1782988438639008115,1782988438639055918,1782988438639055918,1782988438639055918,2,1.000000000000,1.000000000000,1.000000000000,1
788,52514,52514,1782988438639119173,1782988438639119173,1782988438639171687,1782988438639171687,1782988438639171687,2,1.000000000000,1.000000000000,1.000000000000,1
789,48083,48083,1782988438639236582,1782988438639236582,1782988438639284665,1782988438639284665,1782988438639284665,2,1.000000000000,1.000000000000,1.000000000000,1
790,48084,48084,1782988438639358190,1782988438639358190,1782988438639406274,1782988438639406274,1782988438639406274,2,1.000000000000,1.000000000000,1.000000000000,1
791,59954,59954,1782988438639481548,1782988438639481548,1782988438639541502,1782988438639541502,1782988438639541502,1,1.000000000000,1.000000000000,1.000000000000,1
792,47865,47865,1782988438639602146,1782988438639602146,1782988438639650011,1782988438639650011,1782988438639650011,1,1.000000000000,1.000000000000,1.000000000000,1
793,48964,48964,1782988438639717995,1782988438639717995,1782988438639766959,1782988438639766959,1782988438639766959,0,1.000000000000,1.000000000000,1.000000000000,1
794,49016,49016,1782988438639834333,1782988438639834333,1782988438639883349,1782988438639883349,1782988438639883349,1,1.000000000000,1.000000000000,1.000000000000,1
795,58285,58285,1782988438639944922,1782988438639944922,1782988438640003207,1782988438640003207,1782988438640003207,3,1.000000000000,1.000000000000,1.000000000000,1
796,47036,47036,1782988438640064730,1782988438640064730,1782988438640111766,1782988438640111766,1782988438640111766,2,1.000000000000,1.000000000000,1.000000000000,1
797,47756,47756,1782988438640174148,1782988438640174148,1782988438640221904,1782988438640221904,1782988438640221904,1,1.000000000000,1.000000000000,1.000000000000,1
798,51236,51236,1782988438640294777,1782988438640294777,1782988438640346013,1782988438640346013,1782988438640346013,1,1.000000000000,1.000000000000,1.000000000000,1
799,50466,50466,1782988438640421565,1782988438640421565,1782988438640472031,1782988438640472031,1782988438640472031,1,1.000000000000,1.000000000000,1.000000000000,1
800,46287,46287,1782988438640543793,1782988438640543793,1782988438640590080,1782988438640590080,1782988438640590080,2,1.000000000000,1.000000000000,1.000000000000,1
801,46707,46707,1782988438640655661,1782988438640655661,1782988438640702368,1782988438640702368,1782988438640702368,1,1.000000000000,1.000000000000,1.000000000000,1
802,46097,46097,1782988438640769300,1782988438640769300,1782988438640815397,1782988438640815397,1782988438640815397,2,1.000000000000,1.000000000000,1.000000000000,1
803,48856,48856,1782988438640888329,1782988438640888329,1782988438640937185,1782988438640937185,1782988438640937185,2,1.000000000000,1.000000000000,1.000000000000,1
804,49097,49097,1782988438641003237,1782988438641003237,1782988438641052334,1782988438641052334,1782988438641052334,2,1.000000000000,1.000000000000,1.000000000000,1
805,47417,47417,1782988438641115676,1782988438641115676,1782988438641163093,1782988438641163093,1782988438641163093,1,1.000000000000,1.000000000000,1.000000000000,1
806,48347,48347,1782988438641231554,1782988438641231554,1782988438641279901,1782988438641279901,1782988438641279901,0,1.000000000000,1.000000000000,1.000000000000,1
807,50768,50768,1782988438641354862,1782988438641354862,1782988438641405630,1782988438641405630,1782988438641405630,0,1.000000000000,1.000000000000,1.000000000000,1
808,48158,48158,1782988438641488270,1782988438641488270,1782988438641536428,1782988438641536428,1782988438641536428,2,1.000000000000,1.000000000000,1.000000000000,1
809,47377,47377,1782988438641608799,1782988438641608799,1782988438641656176,1782988438641656176,1782988438641656176,2,1.000000000000,1.000000000000,1.000000000000,1
810,47128,47128,1782988438641720797,1782988438641720797,1782988438641767925,1782988438641767925,1782988438641767925,0,1.000000000000,1.000000000000,1.000000000000,1
811,49898,49898,1782988438641839355,1782988438641839355,1782988438641889253,1782988438641889253,1782988438641889253,1,1.000000000000,1.000000000000,1.000000000000,1
812,48768,48768,1782988438641949634,1782988438641949634,1782988438641998402,1782988438641998402,1782988438641998402,0,1.000000000000,1.000000000000,1.000000000000,1
813,48539,48539,1782988438642063892,1782988438642063892,1782988438642112431,1782988438642112431,1782988438642112431,1,1.000000000000,1.000000000000,1.000000000000,1
814,47678,47678,1782988438642181291,1782988438642181291,1782988438642228969,1782988438642228969,1782988438642228969,2,1.000000000000,1.000000000000,1.000000000000,1
815,47979,47979,1782988438642299059,1782988438642299059,1782988438642347038,1782988438642347038,1782988438642347038,2,1.000000000000,1.000000000000,1.000000000000,1
816,47619,47619,1782988438642420747,1782988438642420747,1782988438642468366,1782988438642468366,1782988438642468366,0,1.000000000000,1.000000000000,1.000000000000,1
817,46670,46670,1782988438642542945,1782988438642542945,1782988438642589615,1782988438642589615,1782988438642589615,3,1.000000000000,1.000000000000,1.000000000000,1
818,52709,52709,1782988438642656194,1782988438642656194,1782988438642708903,1782988438642708903,1782988438642708903,2,1.000000000000,1.000000000000,1.000000000000,1
819,47051,47051,1782988438642775142,1782988438642775142,1782988438642822193,1782988438642822193,1782988438642822193,2,1.000000000000,1.000000000000,1.000000000000,1
820,51381,51381,1782988438642886410,1782988438642886410,1782988438642937791,1782988438642937791,1782988438642937791,3,1.000000000000,1.000000000000,1.000000000000,1
821,48001,48001,1782988438642998809,1782988438642998809,1782988438643046810,1782988438643046810,1782988438643046810,3,1.000000000000,1.000000000000,1.000000000000,1
822,47972,47972,1782988438643115697,1782988438643115697,1782988438643163669,1782988438643163669,1782988438643163669,2,1.000000000000,1.000000000000,1.000000000000,1
823,49071,49071,1782988438643228526,1782988438643228526,1782988438643277597,1782988438643277597,1782988438643277597,1,1.000000000000,1.000000000000,1.000000000000,1
824,57131,57131,1782988438643356974,1782988438643356974,1782988438643414105,1782988438643414105,1782988438643414105,3,1.000000000000,1.000000000000,1.000000000000,1
825,47522,47522,1782988438643479222,1782988438643479222,1782988438643526744,1782988438643526744,1782988438643526744,1,1.000000000000,1.000000000000,1.000000000000,1
826,47912,47912,1782988438643602570,1782988438643602570,1782988438643650482,1782988438643650482,1782988438643650482,2,1.000000000000,1.000000000000,1.000000000000,1
827,51502,51502,1782988438643713879,1782988438643713879,1782988438643765381,1782988438643765381,1782988438643765381,0,1.000000000000,1.000000000000,1.000000000000,1
828,48292,48292,1782988438643832408,1782988438643832408,1782988438643880700,1782988438643880700,1782988438643880700,1,1.000000000000,1.000000000000,1.000000000000,1
829,58782,58782,1782988438643945376,1782988438643945376,1782988438644004158,1782988438644004158,1782988438644004158,0,1.000000000000,1.000000000000,1.000000000000,1
830,47582,47582,1782988438644059075,1782988438644059075,1782988438644106657,1782988438644106657,1782988438644106657,0,1.000000000000,1.000000000000,1.000000000000,1
831,46912,46912,1782988438644173123,1782988438644173123,1782988438644220035,1782988438644220035,1782988438644220035,3,1.000000000000,1.000000000000,1.000000000000,1
832,46363,46363,1782988438644292771,1782988438644292771,1782988438644339134,1782988438644339134,1782988438644339134,1,1.000000000000,1.000000000000,1.000000000000,1
833,47673,47673,1782988438644422089,1782988438644422089,1782988438644469762,1782988438644469762,1782988438644469762,2,1.000000000000,1.000000000000,1.000000000000,1
834,46073,46073,1782988438644543838,1782988438644543838,1782988438644589911,1782988438644589911,1782988438644589911,0,1.000000000000,1.000000000000,1.000000000000,1
835,46393,46393,1782988438644657436,1782988438644657436,1782988438644703829,1782988438644703829,1782988438644703829,1,1.000000000000,1.000000000000,1.000000000000,1
836,47054,47054,1782988438644776384,1782988438644776384,1782988438644823438,1782988438644823438,1782988438644823438,1,1.000000000000,1.000000000000,1.000000000000,1
837,48213,48213,1782988438644888483,1782988438644888483,1782988438644936696,1782988438644936696,1782988438644936696,0,1.000000000000,1.000000000000,1.000000000000,1
838,53494,53494,1782988438644999331,1782988438644999331,1782988438645052825,1782988438645052825,1782988438645052825,2,1.000000000000,1.000000000000,1.000000000000,1
839,48884,48884,1782988438645114050,1782988438645114050,1782988438645162934,1782988438645162934,1782988438645162934,0,1.000000000000,1.000000000000,1.000000000000,1
840,47804,47804,1782988438645231628,1782988438645231628,1782988438645279432,1782988438645279432,1782988438645279432,0,1.000000000000,1.000000000000,1.000000000000,1
841,48195,48195,1782988438645352096,1782988438645352096,1782988438645400291,1782988438645400291,1782988438645400291,0,1.000000000000,1.000000000000,1.000000000000,1
842,48025,48025,1782988438645475064,1782988438645475064,1782988438645523089,1782988438645523089,1782988438645523089,3,1.000000000000,1.000000000000,1.000000000000,1
843,67994,67994,1782988438645592963,1782988438645592963,1782988438645660957,1782988438645660957,1782988438645660957,1,1.000000000000,1.000000000000,1.000000000000,1
844,62145,62145,1782988438645727581,1782988438645727581,1782988438645789726,1782988438645789726,1782988438645789726,1,1.000000000000,1.000000000000,1.000000000000,1
845,50506,50506,1782988438645837189,1782988438645837189,1782988438645887695,1782988438645887695,1782988438645887695,2,1.000000000000,1.000000000000,1.000000000000,1
846,47946,47946,1782988438645940598,1782988438645940598,1782988438645988544,1782988438645988544,1782988438645988544,2,1.000000000000,1.000000000000,1.000000000000,1
847,48687,48687,1782988438646053566,1782988438646053566,1782988438646102253,1782988438646102253,1782988438646102253,0,1.000000000000,1.000000000000,1.000000000000,1
848,48277,48277,1782988438646170884,1782988438646170884,1782988438646219161,1782988438646219161,1782988438646219161,1,1.000000000000,1.000000000000,1.000000000000,1
849,47447,47447,1782988438646285543,1782988438646285543,1782988438646332990,1782988438646332990,1782988438646332990,1,1.000000000000,1.000000000000,1.000000000000,1
850,46847,46847,1782988438646409921,1782988438646409921,1782988438646456768,1782988438646456768,1782988438646456768,3,1.000000000000,1.000000000000,1.000000000000,1
851,67037,67037,1782988438646536369,1782988438646536369,1782988438646603406,1782988438646603406,1782988438646603406,1,1.000000000000,1.000000000000,1.000000000000,1
852,67407,67407,1782988438646655298,1782988438646655298,1782988438646722705,1782988438646722705,1782988438646722705,0,1.000000000000,1.000000000000,1.000000000000,1
853,62698,62698,1782988438646768156,1782988438646768156,1782988438646830854,1782988438646830854,1782988438646830854,0,1.000000000000,1.000000000000,1.000000000000,1
854,63867,63867,1782988438646884705,1782988438646884705,1782988438646948572,1782988438646948572,1782988438646948572,1,1.000000000000,1.000000000000,1.000000000000,1
855,65887,65887,1782988438646998394,1782988438646998394,1782988438647064281,1782988438647064281,1782988438647064281,2,1.000000000000,1.000000000000,1.000000000000,1
856,74417,74417,1782988438647111182,1782988438647111182,1782988438647185599,1782988438647185599,1782988438647185599,3,1.000000000000,1.000000000000,1.000000000000,1
857,67088,67088,1782988438647225920,1782988438647225920,1782988438647293008,1782988438647293008,1782988438647293008,2,1.000000000000,1.000000000000,1.000000000000,1
858,46048,46048,1782988438647347399,1782988438647347399,1782988438647393447,1782988438647393447,1782988438647393447,1,1.000000000000,1.000000000000,1.000000000000,1
859,62698,62698,1782988438647474797,1782988438647474797,1782988438647537495,1782988438647537495,1782988438647537495,1,1.000000000000,1.000000000000,1.000000000000,1
860,48189,48189,1782988438647587765,1782988438647587765,1782988438647635954,1782988438647635954,1782988438647635954,3,1.000000000000,1.000000000000,1.000000000000,1
861,46888,46888,1782988438647700774,1782988438647700774,1782988438647747662,1782988438647747662,1782988438647747662,2,1.000000000000,1.000000000000,1.000000000000,1
862,47619,47619,1782988438647828412,1782988438647828412,1782988438647876031,1782988438647876031,1782988438647876031,3,1.000000000000,1.000000000000,1.000000000000,1
863,47149,47149,1782988438647935550,1782988438647935550,1782988438647982699,1782988438647982699,1782988438647982699,2,1.000000000000,1.000000000000,1.000000000000,1
864,48399,48399,1782988438648052489,1782988438648052489,1782988438648100888,1782988438648100888,1782988438648100888,1,1.000000000000,1.000000000000,1.000000000000,1
865,48079,48079,1782988438648165057,1782988438648165057,1782988438648213136,1782988438648213136,1782988438648213136,3,1.000000000000,1.000000000000,1.000000000000,1
866,46700,46700,1782988438648287175,1782988438648287175,1782988438648333875,1782988438648333875,1782988438648333875,2,1.000000000000,1.000000000000,1.000000000000,1
867,47350,47350,1782988438648409583,1782988438648409583,1782988438648456933,1782988438648456933,1782988438648456933,2,1.000000000000,1.000000000000,1.000000000000,1
868,48160,48160,1782988438648528502,1782988438648528502,1782988438648576662,1782988438648576662,1782988438648576662,2,1.000000000000,1.000000000000,1.000000000000,1
869,48220,48220,1782988438648644860,1782988438648644860,1782988438648693080,1782988438648693080,1782988438648693080,1,1.000000000000,1.000000000000,1.000000000000,1
870,46402,46402,1782988438648756838,1782988438648756838,1782988438648803240,1782988438648803240,1782988438648803240,0,1.000000000000,1.000000000000,1.000000000000,1
871,48461,48461,1782988438648873107,1782988438648873107,1782988438648921568,1782988438648921568,1782988438648921568,0,1.000000000000,1.000000000000,1.000000000000,1
872,49942,49942,1782988438648990305,1782988438648990305,1782988438649040247,1782988438649040247,1782988438649040247,3,1.000000000000,1.000000000000,1.000000000000,1
873,46733,46733,1782988438649111283,1782988438649111283,1782988438649158016,1782988438649158016,1782988438649158016,3,1.000000000000,1.000000000000,1.000000000000,1
874,46542,46542,1782988438649227052,1782988438649227052,1782988438649273594,1782988438649273594,1782988438649273594,3,1.000000000000,1.000000000000,1.000000000000,1
875,46443,46443,1782988438649348730,1782988438649348730,1782988438649395173,1782988438649395173,1782988438649395173,3,1.000000000000,1.000000000000,1.000000000000,1
876,46533,46533,1782988438649476408,1782988438649476408,1782988438649522941,1782988438649522941,1782988438649522941,1,1.000000000000,1.000000000000,1.000000000000,1
877,51023,51023,1782988438649594536,1782988438649594536,1782988438649645559,1782988438649645559,1782988438649645559,2,1.000000000000,1.000000000000,1.000000000000,1
878,46483,46483,1782988438649707895,1782988438649707895,1782988438649754378,1782988438649754378,1782988438649754378,1,1.000000000000,1.000000000000,1.000000000000,1
879,53812,53812,1782988438649829614,1782988438649829614,1782988438649883426,1782988438649883426,1782988438649883426,3,1.000000000000,1.000000000000,1.000000000000,1
880,47163,47163,1782988438649947522,1782988438649947522,1782988438649994685,1782988438649994685,1782988438649994685,2,1.000000000000,1.000000000000,1.000000000000,1
881,46413,46413,1782988438650051741,1782988438650051741,1782988438650098154,1782988438650098154,1782988438650098154,0,1.000000000000,1.000000000000,1.000000000000,1
882,48103,48103,1782988438650178649,1782988438650178649,1782988438650226752,1782988438650226752,1782988438650226752,0,1.000000000000,1.000000000000,1.000000000000,1
883,50304,50304,1782988438650306357,1782988438650306357,1782988438650356661,1782988438650356661,1782988438650356661,3,1.000000000000,1.000000000000,1.000000000000,1
884,49593,49593,1782988438650422446,1782988438650422446,1782988438650472039,1782988438650472039,1782988438650472039,1,1.000000000000,1.000000000000,1.000000000000,1
885,47014,47014,1782988438650541564,1782988438650541564,1782988438650588578,1782988438650588578,1782988438650588578,0,1.000000000000,1.000000000000,1.000000000000,1
886,47304,47304,1782988438650657422,1782988438650657422,1782988438650704726,1782988438650704726,1782988438650704726,1,1.000000000000,1.000000000000,1.000000000000,1
887,47694,47694,1782988438650773001,1782988438650773001,1782988438650820695,1782988438650820695,1782988438650820695,2,1.000000000000,1.000000000000,1.000000000000,1
888,47254,47254,1782988438650888949,1782988438650888949,1782988438650936203,1782988438650936203,1782988438650936203,3,1.000000000000,1.000000000000,1.000000000000,1
889,58765,58765,1782988438650999017,1782988438650999017,1782988438651057782,1782988438651057782,1782988438651057782,2,1.000000000000,1.000000000000,1.000000000000,1
890,47874,47874,1782988438651116106,1782988438651116106,1782988438651163980,1782988438651163980,1782988438651163980,3,1.000000000000,1.000000000000,1.000000000000,1
891,47635,47635,1782988438651247414,1782988438651247414,1782988438651295049,1782988438651295049,1782988438651295049,2,1.000000000000,1.000000000000,1.000000000000,1
892,48515,48515,1782988438651366162,1782988438651366162,1782988438651414677,1782988438651414677,1782988438651414677,1,1.000000000000,1.000000000000,1.000000000000,1
893,47576,47576,1782988438651490690,1782988438651490690,1782988438651538266,1782988438651538266,1782988438651538266,3,1.000000000000,1.000000000000,1.000000000000,1
894,47445,47445,1782988438651607529,1782988438651607529,1782988438651654974,1782988438651654974,1782988438651654974,2,1.000000000000,1.000000000000,1.000000000000,1
895,47546,47546,1782988438651722247,1782988438651722247,1782988438651769793,1782988438651769793,1782988438651769793,3,1.000000000000,1.000000000000,1.000000000000,1
896,47437,47437,1782988438651837535,1782988438651837535,1782988438651884972,1782988438651884972,1782988438651884972,3,1.000000000000,1.000000000000,1.000000000000,1
897,56937,56937,1782988438651949854,1782988438651949854,1782988438652006791,1782988438652006791,1782988438652006791,0,1.000000000000,1.000000000000,1.000000000000,1
898,48097,48097,1782988438652068622,1782988438652068622,1782988438652116719,1782988438652116719,1782988438652116719,1,1.000000000000,1.000000000000,1.000000000000,1
899,46408,46408,1782988438652185440,1782988438652185440,1782988438652231848,1782988438652231848,1782988438652231848,1,1.000000000000,1.000000000000,1.000000000000,1
900,48138,48138,1782988438652302429,1782988438652302429,1782988438652350567,1782988438652350567,1782988438652350567,1,1.000000000000,1.000000000000,1.000000000000,1
901,47408,47408,1782988438652424417,1782988438652424417,1782988438652471825,1782988438652471825,1782988438652471825,3,1.000000000000,1.000000000000,1.000000000000,1
902,52558,52558,1782988438652547265,1782988438652547265,1782988438652599823,1782988438652599823,1782988438652599823,2,1.000000000000,1.000000000000,1.000000000000,1
903,46768,46768,1782988438652662114,1782988438652662114,1782988438652708882,1782988438652708882,1782988438652708882,0,1.000000000000,1.000000000000,1.000000000000,1
904,47669,47669,1782988438652774182,1782988438652774182,1782988438652821851,1782988438652821851,1782988438652821851,1,1.000000000000,1.000000000000,1.000000000000,1
905,47258,47258,1782988438652891911,1782988438652891911,1782988438652939169,1782988438652939169,1782988438652939169,0,1.000000000000,1.000000000000,1.000000000000,1
906,46858,46858,1782988438653002530,1782988438653002530,1782988438653049388,1782988438653049388,1782988438653049388,0,1.000000000000,1.000000000000,1.000000000000,1
907,47528,47528,1782988438653126628,1782988438653126628,1782988438653174156,1782988438653174156,1782988438653174156,0,1.000000000000,1.000000000000,1.000000000000,1
908,48349,48349,1782988438653255796,1782988438653255796,1782988438653304145,1782988438653304145,1782988438653304145,0,1.000000000000,1.000000000000,1.000000000000,1
909,47858,47858,1782988438653358215,1782988438653358215,1782988438653406073,1782988438653406073,1782988438653406073,1,1.000000000000,1.000000000000,1.000000000000,1
910,47749,47749,1782988438653478193,1782988438653478193,1782988438653525942,1782988438653525942,1782988438653525942,3,1.000000000000,1.000000000000,1.000000000000,1
911,51039,51039,1782988438653598881,1782988438653598881,1782988438653649920,1782988438653649920,1782988438653649920,3,1.000000000000,1.000000000000,1.000000000000,1
912,47909,47909,1782988438653712680,1782988438653712680,1782988438653760589,1782988438653760589,1782988438653760589,2,1.000000000000,1.000000000000,1.000000000000,1
913,48529,48529,1782988438653835818,1782988438653835818,1782988438653884347,1782988438653884347,1782988438653884347,0,1.000000000000,1.000000000000,1.000000000000,1
914,47370,47370,1782988438653942186,1782988438653942186,1782988438653989556,1782988438653989556,1782988438653989556,1,1.000000000000,1.000000000000,1.000000000000,1
915,46030,46030,1782988438654057805,1782988438654057805,1782988438654103835,1782988438654103835,1782988438654103835,1,1.000000000000,1.000000000000,1.000000000000,1
916,50290,50290,1782988438654175203,1782988438654175203,1782988438654225493,1782988438654225493,1782988438654225493,3,1.000000000000,1.000000000000,1.000000000000,1
917,46891,46891,1782988438654294791,1782988438654294791,1782988438654341682,1782988438654341682,1782988438654341682,3,1.000000000000,1.000000000000,1.000000000000,1
918,47120,47120,1782988438654416560,1782988438654416560,1782988438654463680,1782988438654463680,1782988438654463680,1,1.000000000000,1.000000000000,1.000000000000,1
919,46611,46611,1782988438654538998,1782988438654538998,1782988438654585609,1782988438654585609,1782988438654585609,3,1.000000000000,1.000000000000,1.000000000000,1
920,47581,47581,1782988438654654646,1782988438654654646,1782988438654702227,1782988438654702227,1782988438654702227,3,1.000000000000,1.000000000000,1.000000000000,1
921,46392,46392,1782988438654766345,1782988438654766345,1782988438654812737,1782988438654812737,1782988438654812737,1,1.000000000000,1.000000000000,1.000000000000,1
922,61562,61562,1782988438654883853,1782988438654883853,1782988438654945415,1782988438654945415,1782988438654945415,2,1.000000000000,1.000000000000,1.000000000000,1
923,48343,48343,1782988438654994921,1782988438654994921,1782988438655043264,1782988438655043264,1782988438655043264,0,1.000000000000,1.000000000000,1.000000000000,1
924,47232,47232,1782988438655111410,1782988438655111410,1782988438655158642,1782988438655158642,1782988438655158642,2,1.000000000000,1.000000000000,1.000000000000,1
925,46813,46813,1782988438655231668,1782988438655231668,1782988438655278481,1782988438655278481,1782988438655278481,3,1.000000000000,1.000000000000,1.000000000000,1
926,46283,46283,1782988438655350436,1782988438655350436,1782988438655396719,1782988438655396719,1782988438655396719,2,1.000000000000,1.000000000000,1.000000000000,1
927,49954,49954,1782988438655493194,1782988438655493194,1782988438655543148,1782988438655543148,1782988438655543148,1,1.000000000000,1.000000000000,1.000000000000,1
928,47244,47244,1782988438655612182,1782988438655612182,1782988438655659426,1782988438655659426,1782988438655659426,2,1.000000000000,1.000000000000,1.000000000000,1
929,47494,47494,1782988438655725921,1782988438655725921,1782988438655773415,1782988438655773415,1782988438655773415,0,1.000000000000,1.000000000000,1.000000000000,1
930,47773,47773,1782988438655841650,1782988438655841650,1782988438655889423,1782988438655889423,1782988438655889423,0,1.000000000000,1.000000000000,1.000000000000,1
931,48534,48534,1782988438655968138,1782988438655968138,1782988438656016672,1782988438656016672,1782988438656016672,3,1.000000000000,1.000000000000,1.000000000000,1
932,48723,48723,1782988438656071137,1782988438656071137,1782988438656119860,1782988438656119860,1782988438656119860,0,1.000000000000,1.000000000000,1.000000000000,1
933,46434,46434,1782988438656183205,1782988438656183205,1782988438656229639,1782988438656229639,1782988438656229639,2,1.000000000000,1.000000000000,1.000000000000,1
934,46774,46774,1782988438656305203,1782988438656305203,1782988438656351977,1782988438656351977,1782988438656351977,1,1.000000000000,1.000000000000,1.000000000000,1
935,46044,46044,1782988438656427872,1782988438656427872,1782988438656473916,1782988438656473916,1782988438656473916,0,1.000000000000,1.000000000000,1.000000000000,1
936,48454,48454,1782988438656553980,1782988438656553980,1782988438656602434,1782988438656602434,1782988438656602434,0,1.000000000000,1.000000000000,1.000000000000,1
937,47215,47215,1782988438656661878,1782988438656661878,1782988438656709093,1782988438656709093,1782988438656709093,2,1.000000000000,1.000000000000,1.000000000000,1
938,46075,46075,1782988438656776117,1782988438656776117,1782988438656822192,1782988438656822192,1782988438656822192,2,1.000000000000,1.000000000000,1.000000000000,1
939,51045,51045,1782988438656892225,1782988438656892225,1782988438656943270,1782988438656943270,1782988438656943270,2,1.000000000000,1.000000000000,1.000000000000,1
940,46425,46425,1782988438657003044,1782988438657003044,1782988438657049469,1782988438657049469,1782988438657049469,3,1.000000000000,1.000000000000,1.000000000000,1
941,47525,47525,1782988438657116872,1782988438657116872,1782988438657164397,1782988438657164397,1782988438657164397,3,1.000000000000,1.000000000000,1.000000000000,1
942,51256,51256,1782988438657236990,1782988438657236990,1782988438657288246,1782988438657288246,1782988438657288246,2,1.000000000000,1.000000000000,1.000000000000,1
943,46686,46686,1782988438657357938,1782988438657357938,1782988438657404624,1782988438657404624,1782988438657404624,2,1.000000000000,1.000000000000,1.000000000000,1
944,47956,47956,1782988438657478027,1782988438657478027,1782988438657525983,1782988438657525983,1782988438657525983,2,1.000000000000,1.000000000000,1.000000000000,1
945,47036,47036,1782988438657598825,1782988438657598825,1782988438657645861,1782988438657645861,1782988438657645861,2,1.000000000000,1.000000000000,1.000000000000,1
946,46817,46817,1782988438657713863,1782988438657713863,1782988438657760680,1782988438657760680,1782988438657760680,1,1.000000000000,1.000000000000,1.000000000000,1
947,50227,50227,1782988438657835632,1782988438657835632,1782988438657885859,1782988438657885859,1782988438657885859,3,1.000000000000,1.000000000000,1.000000000000,1
948,49498,49498,1782988438657940140,1782988438657940140,1782988438657989638,1782988438657989638,1782988438657989638,2,1.000000000000,1.000000000000,1.000000000000,1
949,47649,47649,1782988438658056098,1782988438658056098,1782988438658103747,1782988438658103747,1782988438658103747,1,1.000000000000,1.000000000000,1.000000000000,1
950,46638,46638,1782988438658169997,1782988438658169997,1782988438658216635,1782988438658216635,1782988438658216635,3,1.000000000000,1.000000000000,1.000000000000,1
951,46279,46279,1782988438658290575,1782988438658290575,1782988438658336854,1782988438658336854,1782988438658336854,0,1.000000000000,1.000000000000,1.000000000000,1
952,47159,47159,1782988438658413453,1782988438658413453,1782988438658460612,1782988438658460612,1782988438658460612,2,1.000000000000,1.000000000000,1.000000000000,1
953,47279,47279,1782988438658535002,1782988438658535002,1782988438658582281,1782988438658582281,1782988438658582281,0,1.000000000000,1.000000000000,1.000000000000,1
954,47009,47009,1782988438658647440,1782988438658647440,1782988438658694449,1782988438658694449,1782988438658694449,1,1.000000000000,1.000000000000,1.000000000000,1
955,57070,57070,1782988438658761698,1782988438658761698,1782988438658818768,1782988438658818768,1782988438658818768,0,1.000000000000,1.000000000000,1.000000000000,1
956,50118,50118,1782988438658878288,1782988438658878288,1782988438658928406,1782988438658928406,1782988438658928406,0,1.000000000000,1.000000000000,1.000000000000,1
957,49999,49999,1782988438658992046,1782988438658992046,1782988438659042045,1782988438659042045,1782988438659042045,2,1.000000000000,1.000000000000,1.000000000000,1
958,48009,48009,1782988438659105264,1782988438659105264,1782988438659153273,1782988438659153273,1782988438659153273,1,1.000000000000,1.000000000000,1.000000000000,1
959,46959,46959,1782988438659220773,1782988438659220773,1782988438659267732,1782988438659267732,1782988438659267732,2,1.000000000000,1.000000000000,1.000000000000,1
960,48949,48949,1782988438659355841,1782988438659355841,1782988438659404790,1782988438659404790,1782988438659404790,3,1.000000000000,1.000000000000,1.000000000000,1
961,46910,46910,1782988438659476859,1782988438659476859,1782988438659523769,1782988438659523769,1782988438659523769,2,1.000000000000,1.000000000000,1.000000000000,1
962,51070,51070,1782988438659596857,1782988438659596857,1782988438659647927,1782988438659647927,1782988438659647927,0,1.000000000000,1.000000000000,1.000000000000,1
963,47660,47660,1782988438659713506,1782988438659713506,1782988438659761166,1782988438659761166,1782988438659761166,3,1.000000000000,1.000000000000,1.000000000000,1
964,49350,49350,1782988438659838104,1782988438659838104,1782988438659887454,1782988438659887454,1782988438659887454,3,1.000000000000,1.000000000000,1.000000000000,1
965,48851,48851,1782988438659941482,1782988438659941482,1782988438659990333,1782988438659990333,1782988438659990333,0,1.000000000000,1.000000000000,1.000000000000,1
966,49490,49490,1782988438660061681,1782988438660061681,1782988438660111171,1782988438660111171,1782988438660111171,2,1.000000000000,1.000000000000,1.000000000000,1
967,53011,53011,1782988438660175769,1782988438660175769,1782988438660228780,1782988438660228780,1782988438660228780,0,1.000000000000,1.000000000000,1.000000000000,1
968,46741,46741,1782988438660297007,1782988438660297007,1782988438660343748,1782988438660343748,1782988438660343748,3,1.000000000000,1.000000000000,1.000000000000,1
969,47171,47171,1782988438660417286,1782988438660417286,1782988438660464457,1782988438660464457,1782988438660464457,2,1.000000000000,1.000000000000,1.000000000000,1
970,45751,45751,1782988438660537664,1782988438660537664,1782988438660583415,1782988438660583415,1782988438660583415,1,1.000000000000,1.000000000000,1.000000000000,1
971,46392,46392,1782988438660654102,1782988438660654102,1782988438660700494,1782988438660700494,1782988438660700494,1,1.000000000000,1.000000000000,1.000000000000,1
972,48003,48003,1782988438660767161,1782988438660767161,1782988438660815164,1782988438660815164,1782988438660815164,2,1.000000000000,1.000000000000,1.000000000000,1
973,47123,47123,1782988438660881779,1782988438660881779,1782988438660928902,1782988438660928902,1782988438660928902,1,1.000000000000,1.000000000000,1.000000000000,1
974,47784,47784,1782988438661008797,1782988438661008797,1782988438661056581,1782988438661056581,1782988438661056581,2,1.000000000000,1.000000000000,1.000000000000,1
975,47734,47734,1782988438661122155,1782988438661122155,1782988438661169889,1782988438661169889,1782988438661169889,3,1.000000000000,1.000000000000,1.000000000000,1
976,48154,48154,1782988438661242834,1782988438661242834,1782988438661290988,1782988438661290988,1782988438661290988,3,1.000000000000,1.000000000000,1.000000000000,1
977,48464,48464,1782988438661358282,1782988438661358282,1782988438661406746,1782988438661406746,1782988438661406746,0,1.000000000000,1.000000000000,1.000000000000,1
978,47295,47295,1782988438661481850,1782988438661481850,1782988438661529145,1782988438661529145,1782988438661529145,1,1.000000000000,1.000000000000,1.000000000000,1
979,47065,47065,1782988438661604828,1782988438661604828,1782988438661651893,1782988438661651893,1782988438661651893,0,1.000000000000,1.000000000000,1.000000000000,1
980,51725,51725,1782988438661716347,1782988438661716347,1782988438661768072,1782988438661768072,1782988438661768072,2,1.000000000000,1.000000000000,1.000000000000,1
981,48584,48584,1782988438661837136,1782988438661837136,1782988438661885720,1782988438661885720,1782988438661885720,0,1.000000000000,1.000000000000,1.000000000000,1
982,50294,50294,1782988438661945735,1782988438661945735,1782988438661996029,1782988438661996029,1782988438661996029,1,1.000000000000,1.000000000000,1.000000000000,1
983,46194,46194,1782988438662062263,1782988438662062263,1782988438662108457,1782988438662108457,1782988438662108457,3,1.000000000000,1.000000000000,1.000000000000,1
984,46445,46445,1782988438662183111,1782988438662183111,1782988438662229556,1782988438662229556,1782988438662229556,2,1.000000000000,1.000000000000,1.000000000000,1
985,46555,46555,1782988438662298839,1782988438662298839,1782988438662345394,1782988438662345394,1782988438662345394,3,1.000000000000,1.000000000000,1.000000000000,1
986,46675,46675,1782988438662418018,1782988438662418018,1782988438662464693,1782988438662464693,1782988438662464693,3,1.000000000000,1.000000000000,1.000000000000,1
987,50375,50375,1782988438662537236,1782988438662537236,1782988438662587611,1782988438662587611,1782988438662587611,0,1.000000000000,1.000000000000,1.000000000000,1
988,52566,52566,1782988438662652044,1782988438662652044,1782988438662704610,1782988438662704610,1782988438662704610,3,1.000000000000,1.000000000000,1.000000000000,1
989,47516,47516,1782988438662769563,1782988438662769563,1782988438662817079,1782988438662817079,1782988438662817079,1,1.000000000000,1.000000000000,1.000000000000,1
990,47366,47366,1782988438662882531,1782988438662882531,1782988438662929897,1782988438662929897,1782988438662929897,1,1.000000000000,1.000000000000,1.000000000000,1
991,47147,47147,1782988438662998429,1782988438662998429,1782988438663045576,1782988438663045576,1782988438663045576,0,1.000000000000,1.000000000000,1.000000000000,1
992,48476,48476,1782988438663120948,1782988438663120948,1782988438663169424,1782988438663169424,1782988438663169424,3,1.000000000000,1.000000000000,1.000000000000,1
993,50697,50697,1782988438663229886,1782988438663229886,1782988438663280583,1782988438663280583,1782988438663280583,1,1.000000000000,1.000000000000,1.000000000000,1
994,46817,46817,1782988438663350424,1782988438663350424,1782988438663397241,1782988438663397241,1782988438663397241,0,1.000000000000,1.000000000000,1.000000000000,1
995,50507,50507,1782988438663475643,1782988438663475643,1782988438663526150,1782988438663526150,1782988438663526150,3,1.000000000000,1.000000000000,1.000000000000,1
996,48507,48507,1782988438663597891,1782988438663597891,1782988438663646398,1782988438663646398,1782988438663646398,1,1.000000000000,1.000000000000,1.000000000000,1
997,48478,48478,1782988438663711319,1782988438663711319,1782988438663759797,1782988438663759797,1782988438663759797,3,1.000000000000,1.000000000000,1.000000000000,1
998,48139,48139,1782988438663829127,1782988438663829127,1782988438663877266,1782988438663877266,1782988438663877266,2,1.000000000000,1.000000000000,1.000000000000,1
999,47149,47149,1782988438663938916,1782988438663938916,1782988438663986065,1782988438663986065,1782988438663986065,2,1.000000000000,1.000000000000,1.000000000000,1
1000,46789,46789,1782988438664054594,1782988438664054594,1782988438664101383,1782988438664101383,1782988438664101383,0,1.000000000000,1.000000000000,1.000000000000,1
1001,45569,45569,1782988438664167893,1782988438664167893,1782988438664213462,1782988438664213462,1782988438664213462,1,1.000000000000,1.000000000000,1.000000000000,1
1002,47869,47869,1782988438664290401,1782988438664290401,1782988438664338270,1782988438664338270,1782988438664338270,0,1.000000000000,1.000000000000,1.000000000000,1
1003,47310,47310,1782988438664408399,1782988438664408399,1782988438664455709,1782988438664455709,1782988438664455709,2,1.000000000000,1.000000000000,1.000000000000,1
1004,46051,46051,1782988438664529347,1782988438664529347,1782988438664575398,1782988438664575398,1782988438664575398,3,1.000000000000,1.000000000000,1.000000000000,1
1005,46700,46700,1782988438664649656,1782988438664649656,1782988438664696356,1782988438664696356,1782988438664696356,2,1.000000000000,1.000000000000,1.000000000000,1
1006,46240,46240,1782988438664771104,1782988438664771104,1782988438664817344,1782988438664817344,1782988438664817344,3,1.000000000000,1.000000000000,1.000000000000,1
1007,51810,51810,1782988438664895323,1782988438664895323,1782988438664947133,1782988438664947133,1782988438664947133,2,1.000000000000,1.000000000000,1.000000000000,1
1008,47730,47730,1782988438665008672,1782988438665008672,1782988438665056402,1782988438665056402,1782988438665056402,3,1.000000000000,1.000000000000,1.000000000000,1
1009,47620,47620,1782988438665121210,1782988438665121210,1782988438665168830,1782988438665168830,1782988438665168830,2,1.000000000000,1.000000000000,1.000000000000,1
1010,46731,46731,1782988438665235188,1782988438665235188,1782988438665281919,1782988438665281919,1782988438665281919,3,1.000000000000,1.000000000000,1.000000000000,1
1011,52470,52470,1782988438665355647,1782988438665355647,1782988438665408117,1782988438665408117,1782988438665408117,1,1.000000000000,1.000000000000,1.000000000000,1
1012,54101,54101,1782988438665475575,1782988438665475575,1782988438665529676,1782988438665529676,1782988438665529676,2,1.000000000000,1.000000000000,1.000000000000,1
1013,47771,47771,1782988438665590193,1782988438665590193,1782988438665637964,1782988438665637964,1782988438665637964,1,1.000000000000,1.000000000000,1.000000000000,1
1014,47322,47322,1782988438665709401,1782988438665709401,1782988438665756723,1782988438665756723,1782988438665756723,1,1.000000000000,1.000000000000,1.000000000000,1
1015,48731,48731,1782988438665831750,1782988438665831750,1782988438665880481,1782988438665880481,1782988438665880481,0,1.000000000000,1.000000000000,1.000000000000,1
1016,47202,47202,1782988438665953948,1782988438665953948,1782988438666001150,1782988438666001150,1782988438666001150,2,1.000000000000,1.000000000000,1.000000000000,1
1017,47492,47492,1782988438666067736,1782988438666067736,1782988438666115228,1782988438666115228,1782988438666115228,1,1.000000000000,1.000000000000,1.000000000000,1
1018,46662,46662,1782988438666185045,1782988438666185045,1782988438666231707,1782988438666231707,1782988438666231707,1,1.000000000000,1.000000000000,1.000000000000,1
1019,45282,45282,1782988438666297233,1782988438666297233,1782988438666342515,1782988438666342515,1782988438666342515,0,1.000000000000,1.000000000000,1.000000000000,1
1020,45883,45883,1782988438666417071,1782988438666417071,1782988438666462954,1782988438666462954,1782988438666462954,0,1.000000000000,1.000000000000,1.000000000000,1
1021,57732,57732,1782988438666531130,1782988438666531130,1782988438666588862,1782988438666588862,1782988438666588862,3,1.000000000000,1.000000000000,1.000000000000,1
1022,48323,48323,1782988438666645658,1782988438666645658,1782988438666693981,1782988438666693981,1782988438666693981,3,1.000000000000,1.000000000000,1.000000000000,1
1023,49675,49675,1782988438666760586,1782988438666760586,1782988438666810261,1782988438666810261,1782988438666810261,1,1.000000000000,1.000000000000,1.000000000000,1
1024,49024,49024,1782988438666887085,1782988438666887085,1782988438666936109,1782988438666936109,1782988438666936109,3,1.000000000000,1.000000000000,1.000000000000,1
1025,47255,47255,1782988438667000313,1782988438667000313,1782988438667047568,1782988438667047568,1782988438667047568,1,1.000000000000,1.000000000000,1.000000000000,1
1026,47235,47235,1782988438667113861,1782988438667113861,1782988438667161096,1782988438667161096,1782988438667161096,0,1.000000000000,1.000000000000,1.000000000000,1
1027,50465,50465,1782988438667229200,1782988438667229200,1782988438667279665,1782988438667279665,1782988438667279665,0,1.000000000000,1.000000000000,1.000000000000,1
1028,48915,48915,1782988438667345698,1782988438667345698,1782988438667394613,1782988438667394613,1782988438667394613,1,1.000000000000,1.000000000000,1.000000000000,1
1029,48736,48736,1782988438667470726,1782988438667470726,1782988438667519462,1782988438667519462,1782988438667519462,2,1.000000000000,1.000000000000,1.000000000000,1
1030,47185,47185,1782988438667588275,1782988438667588275,1782988438667635460,1782988438667635460,1782988438667635460,3,1.000000000000,1.000000000000,1.000000000000,1
1031,47606,47606,1782988438667711543,1782988438667711543,1782988438667759149,1782988438667759149,1782988438667759149,0,1.000000000000,1.000000000000,1.000000000000,1
1032,50905,50905,1782988438667828742,1782988438667828742,1782988438667879647,1782988438667879647,1782988438667879647,1,1.000000000000,1.000000000000,1.000000000000,1
1033,59066,59066,1782988438667952020,1782988438667952020,1782988438668011086,1782988438668011086,1782988438668011086,3,1.000000000000,1.000000000000,1.000000000000,1
1034,46995,46995,1782988438668071089,1782988438668071089,1782988438668118084,1782988438668118084,1782988438668118084,2,1.000000000000,1.000000000000,1.000000000000,1
1035,47106,47106,1782988438668185657,1782988438668185657,1782988438668232763,1782988438668232763,1782988438668232763,3,1.000000000000,1.000000000000,1.000000000000,1
1036,47546,47546,1782988438668296895,1782988438668296895,1782988438668344441,1782988438668344441,1782988438668344441,0,1.000000000000,1.000000000000,1.000000000000,1
1037,47626,47626,1782988438668411544,1782988438668411544,1782988438668459170,1782988438668459170,1782988438668459170,3,1.000000000000,1.000000000000,1.000000000000,1
1038,47216,47216,1782988438668533782,1782988438668533782,1782988438668580998,1782988438668580998,1782988438668580998,2,1.000000000000,1.000000000000,1.000000000000,1
1039,47337,47337,1782988438668656310,1782988438668656310,1782988438668703647,1782988438668703647,1782988438668703647,3,1.000000000000,1.000000000000,1.000000000000,1
1040,46426,46426,1782988438668774319,1782988438668774319,1782988438668820745,1782988438668820745,1782988438668820745,3,1.000000000000,1.000000000000,1.000000000000,1
1041,47777,47777,1782988438668890907,1782988438668890907,1782988438668938684,1782988438668938684,1782988438668938684,2,1.000000000000,1.000000000000,1.000000000000,1
1042,48657,48657,1782988438669005935,1782988438669005935,1782988438669054592,1782988438669054592,1782988438669054592,3,1.000000000000,1.000000000000,1.000000000000,1
1043,48367,48367,1782988438669120524,1782988438669120524,1782988438669168891,1782988438669168891,1782988438669168891,0,1.000000000000,1.000000000000,1.000000000000,1
1044,50568,50568,1782988438669233062,1782988438669233062,1782988438669283630,1782988438669283630,1782988438669283630,2,1.000000000000,1.000000000000,1.000000000000,1
1045,50218,50218,1782988438669355370,1782988438669355370,1782988438669405588,1782988438669405588,1782988438669405588,1,1.000000000000,1.000000000000,1.000000000000,1
1046,48077,48077,1782988438669483179,1782988438669483179,1782988438669531256,1782988438669531256,1782988438669531256,3,1.000000000000,1.000000000000,1.000000000000,1
1047,51498,51498,1782988438669594537,1782988438669594537,1782988438669646035,1782988438669646035,1782988438669646035,0,1.000000000000,1.000000000000,1.000000000000,1
1048,47269,47269,1782988438669713725,1782988438669713725,1782988438669760994,1782988438669760994,1782988438669760994,3,1.000000000000,1.000000000000,1.000000000000,1
1049,47639,47639,1782988438669828834,1782988438669828834,1782988438669876473,1782988438669876473,1782988438669876473,2,1.000000000000,1.000000000000,1.000000000000,1
1050,46890,46890,1782988438669944292,1782988438669944292,1782988438669991182,1782988438669991182,1782988438669991182,3,1.000000000000,1.000000000000,1.000000000000,1
1051,50130,50130,1782988438670055680,1782988438670055680,1782988438670105810,1782988438670105810,1782988438670105810,2,1.000000000000,1.000000000000,1.000000000000,1
1052,47110,47110,1782988438670169849,1782988438670169849,1782988438670216959,1782988438670216959,1782988438670216959,1,1.000000000000,1.000000000000,1.000000000000,1
1053,46790,46790,1782988438670288617,1782988438670288617,1782988438670335407,1782988438670335407,1782988438670335407,3,1.000000000000,1.000000000000,1.000000000000,1
1054,52801,52801,1782988438670407395,1782988438670407395,1782988438670460196,1782988438670460196,1782988438670460196,3,1.000000000000,1.000000000000,1.000000000000,1
1055,45880,45880,1782988438670527054,1782988438670527054,1782988438670572934,1782988438670572934,1782988438670572934,0,1.000000000000,1.000000000000,1.000000000000,1
1056,46851,46851,1782988438670640952,1782988438670640952,1782988438670687803,1782988438670687803,1782988438670687803,2,1.000000000000,1.000000000000,1.000000000000,1
1057,47642,47642,1782988438670757570,1782988438670757570,1782988438670805212,1782988438670805212,1782988438670805212,2,1.000000000000,1.000000000000,1.000000000000,1
1058,47900,47900,1782988438670873420,1782988438670873420,1782988438670921320,1782988438670921320,1782988438670921320,2,1.000000000000,1.000000000000,1.000000000000,1
1059,47031,47031,1782988438670984628,1782988438670984628,1782988438671031659,1782988438671031659,1782988438671031659,3,1.000000000000,1.000000000000,1.000000000000,1
1060,48201,48201,1782988438671098376,1782988438671098376,1782988438671146577,1782988438671146577,1782988438671146577,1,1.000000000000,1.000000000000,1.000000000000,1
1061,48291,48291,1782988438671215425,1782988438671215425,1782988438671263716,1782988438671263716,1782988438671263716,2,1.000000000000,1.000000000000,1.000000000000,1
1062,47241,47241,1782988438671334503,1782988438671334503,1782988438671381744,1782988438671381744,1782988438671381744,2,1.000000000000,1.000000000000,1.000000000000,1
1063,46192,46192,1782988438671455901,1782988438671455901,1782988438671502093,1782988438671502093,1782988438671502093,2,1.000000000000,1.000000000000,1.000000000000,1
1064,46831,46831,1782988438671574580,1782988438671574580,1782988438671621411,1782988438671621411,1782988438671621411,1,1.000000000000,1.000000000000,1.000000000000,1
1065,47462,47462,1782988438671692608,1782988438671692608,1782988438671740070,1782988438671740070,1782988438671740070,1,1.000000000000,1.000000000000,1.000000000000,1
1066,47672,47672,1782988438671813136,1782988438671813136,1782988438671860808,1782988438671860808,1782988438671860808,2,1.000000000000,1.000000000000,1.000000000000,1
1067,50192,50192,1782988438671925515,1782988438671925515,1782988438671975707,1782988438671975707,1782988438671975707,2,1.000000000000,1.000000000000,1.000000000000,1
1068,47782,47782,1782988438672042393,1782988438672042393,1782988438672090175,1782988438672090175,1782988438672090175,1,1.000000000000,1.000000000000,1.000000000000,1
1069,46923,46923,1782988438672154791,1782988438672154791,1782988438672201714,1782988438672201714,1782988438672201714,3,1.000000000000,1.000000000000,1.000000000000,1
1070,46883,46883,1782988438672276630,1782988438672276630,1782988438672323513,1782988438672323513,1782988438672323513,3,1.000000000000,1.000000000000,1.000000000000,1
1071,46353,46353,1782988438672396318,1782988438672396318,1782988438672442671,1782988438672442671,1782988438672442671,2,1.000000000000,1.000000000000,1.000000000000,1
1072,47733,47733,1782988438672521966,1782988438672521966,1782988438672569699,1782988438672569699,1782988438672569699,1,1.000000000000,1.000000000000,1.000000000000,1
1073,46094,46094,1782988438672634144,1782988438672634144,1782988438672680238,1782988438672680238,1782988438672680238,3,1.000000000000,1.000000000000,1.000000000000,1
1074,46724,46724,1782988438672747923,1782988438672747923,1782988438672794647,1782988438672794647,1782988438672794647,0,1.000000000000,1.000000000000,1.000000000000,1
1075,49655,49655,1782988438672869151,1782988438672869151,1782988438672918806,1782988438672918806,1782988438672918806,1,1.000000000000,1.000000000000,1.000000000000,1
1076,50046,50046,1782988438672981689,1782988438672981689,1782988438673031735,1782988438673031735,1782988438673031735,2,1.000000000000,1.000000000000,1.000000000000,1
1077,49535,49535,1782988438673092418,1782988438673092418,1782988438673141953,1782988438673141953,1782988438673141953,1,1.000000000000,1.000000000000,1.000000000000,1
1078,46676,46676,1782988438673207266,1782988438673207266,1782988438673253942,1782988438673253942,1782988438673253942,0,1.000000000000,1.000000000000,1.000000000000,1
1079,51416,51416,1782988438673331404,1782988438673331404,1782988438673382820,1782988438673382820,1782988438673382820,0,1.000000000000,1.000000000000,1.000000000000,1
1080,46496,46496,1782988438673451713,1782988438673451713,1782988438673498209,1782988438673498209,1782988438673498209,2,1.000000000000,1.000000000000,1.000000000000,1
1081,48266,48266,1782988438673569221,1782988438673569221,1782988438673617487,1782988438673617487,1782988438673617487,3,1.000000000000,1.000000000000,1.000000000000,1
1082,47667,47667,1782988438673684369,1782988438673684369,1782988438673732036,1782988438673732036,1782988438673732036,2,1.000000000000,1.000000000000,1.000000000000,1
1083,53865,53865,1782988438673800189,1782988438673800189,1782988438673854054,1782988438673854054,1782988438673854054,2,1.000000000000,1.000000000000,1.000000000000,1
1084,49476,49476,1782988438673918647,1782988438673918647,1782988438673968123,1782988438673968123,1782988438673968123,0,1.000000000000,1.000000000000,1.000000000000,1
1085,47687,47687,1782988438674031805,1782988438674031805,1782988438674079492,1782988438674079492,1782988438674079492,0,1.000000000000,1.000000000000,1.000000000000,1
1086,48646,48646,1782988438674155304,1782988438674155304,1782988438674203950,1782988438674203950,1782988438674203950,1,1.000000000000,1.000000000000,1.000000000000,1
1087,55086,55086,1782988438674275592,1782988438674275592,1782988438674330678,1782988438674330678,1782988438674330678,0,1.000000000000,1.000000000000,1.000000000000,1
1088,48847,48847,1782988438674392250,1782988438674392250,1782988438674441097,1782988438674441097,1782988438674441097,0,1.000000000000,1.000000000000,1.000000000000,1
1089,46557,46557,1782988438674511859,1782988438674511859,1782988438674558416,1782988438674558416,1782988438674558416,1,1.000000000000,1.000000000000,1.000000000000,1
1090,47237,47237,1782988438674628457,1782988438674628457,1782988438674675694,1782988438674675694,1782988438674675694,3,1.000000000000,1.000000000000,1.000000000000,1
1091,47428,47428,1782988438674742805,1782988438674742805,1782988438674790233,1782988438674790233,1782988438674790233,0,1.000000000000,1.000000000000,1.000000000000,1
1092,51037,51037,1782988438674862474,1782988438674862474,1782988438674913511,1782988438674913511,1782988438674913511,2,1.000000000000,1.000000000000,1.000000000000,1
1093,48518,48518,1782988438674971252,1782988438674971252,1782988438675019770,1782988438675019770,1782988438675019770,0,1.000000000000,1.000000000000,1.000000000000,1
1094,46618,46618,1782988438675098850,1782988438675098850,1782988438675145468,1782988438675145468,1782988438675145468,2,1.000000000000,1.000000000000,1.000000000000,1
1095,46438,46438,1782988438675214159,1782988438675214159,1782988438675260597,1782988438675260597,1782988438675260597,1,1.000000000000,1.000000000000,1.000000000000,1
1096,46319,46319,1782988438675322057,1782988438675322057,1782988438675368376,1782988438675368376,1782988438675368376,1,1.000000000000,1.000000000000,1.000000000000,1
1097,47509,47509,1782988438675444735,1782988438675444735,1782988438675492244,1782988438675492244,1782988438675492244,3,1.000000000000,1.000000000000,1.000000000000,1
1098,45929,45929,1782988438675564764,1782988438675564764,1782988438675610693,1782988438675610693,1782988438675610693,2,1.000000000000,1.000000000000,1.000000000000,1
1099,46099,46099,1782988438675679292,1782988438675679292,1782988438675725391,1782988438675725391,1782988438675725391,1,1.000000000000,1.000000000000,1.000000000000,1
1100,52751,52751,1782988438675792330,1782988438675792330,1782988438675845081,1782988438675845081,1782988438675845081,1,1.000000000000,1.000000000000,1.000000000000,1
1101,46980,46980,1782988438675913049,1782988438675913049,1782988438675960029,1782988438675960029,1782988438675960029,3,1.000000000000,1.000000000000,1.000000000000,1
1102,48121,48121,1782988438676037247,1782988438676037247,1782988438676085368,1782988438676085368,1782988438676085368,1,1.000000000000,1.000000000000,1.000000000000,1
1103,46801,46801,1782988438676152945,1782988438676152945,1782988438676199746,1782988438676199746,1782988438676199746,1,1.000000000000,1.000000000000,1.000000000000,1
1104,48182,48182,1782988438676268833,1782988438676268833,1782988438676317015,1782988438676317015,1782988438676317015,1,1.000000000000,1.000000000000,1.000000000000,1
1105,46691,46691,1782988438676387492,1782988438676387492,1782988438676434183,1782988438676434183,1782988438676434183,1,1.000000000000,1.000000000000,1.000000000000,1
1106,46422,46422,1782988438676508450,1782988438676508450,1782988438676554872,1782988438676554872,1782988438676554872,1,1.000000000000,1.000000000000,1.000000000000,1
1107,50882,50882,1782988438676625558,1782988438676625558,1782988438676676440,1782988438676676440,1782988438676676440,2,1.000000000000,1.000000000000,1.000000000000,1
1108,49972,49972,1782988438676737227,1782988438676737227,1782988438676787199,1782988438676787199,1782988438676787199,2,1.000000000000,1.000000000000,1.000000000000,1
1109,49201,49201,1782988438676854676,1782988438676854676,1782988438676903877,1782988438676903877,1782988438676903877,1,1.000000000000,1.000000000000,1.000000000000,1
1110,47242,47242,1782988438676968344,1782988438676968344,1782988438677015586,1782988438677015586,1782988438677015586,0,1.000000000000,1.000000000000,1.000000000000,1
1111,46292,46292,1782988438677085573,1782988438677085573,1782988438677131865,1782988438677131865,1782988438677131865,3,1.000000000000,1.000000000000,1.000000000000,1
1112,48442,48442,1782988438677199491,1782988438677199491,1782988438677247933,1782988438677247933,1782988438677247933,2,1.000000000000,1.000000000000,1.000000000000,1
1113,45183,45183,1782988438677321409,1782988438677321409,1782988438677366592,1782988438677366592,1782988438677366592,3,1.000000000000,1.000000000000,1.000000000000,1
1114,49412,49412,1782988438677437488,1782988438677437488,1782988438677486900,1782988438677486900,1782988438677486900,1,1.000000000000,1.000000000000,1.000000000000,1
1115,46503,46503,1782988438677558956,1782988438677558956,1782988438677605459,1782988438677605459,1782988438677605459,2,1.000000000000,1.000000000000,1.000000000000,1
1116,45723,45723,1782988438677671864,1782988438677671864,1782988438677717587,1782988438677717587,1782988438677717587,0,1.000000000000,1.000000000000,1.000000000000,1
1117,50513,50513,1782988438677785543,1782988438677785543,1782988438677836056,1782988438677836056,1782988438677836056,3,1.000000000000,1.000000000000,1.000000000000,1
1118,48753,48753,1782988438677906511,1782988438677906511,1782988438677955264,1782988438677955264,1782988438677955264,2,1.000000000000,1.000000000000,1.000000000000,1
1119,46724,46724,1782988438678022219,1782988438678022219,1782988438678068943,1782988438678068943,1782988438678068943,2,1.000000000000,1.000000000000,1.000000000000,1
1120,53294,53294,1782988438678136188,1782988438678136188,1782988438678189482,1782988438678189482,1782988438678189482,1,1.000000000000,1.000000000000,1.000000000000,1
1121,46664,46664,1782988438678258036,1782988438678258036,1782988438678304700,1782988438678304700,1782988438678304700,2,1.000000000000,1.000000000000,1.000000000000,1
1122,48385,48385,1782988438678380004,1782988438678380004,1782988438678428389,1782988438678428389,1782988438678428389,1,1.000000000000,1.000000000000,1.000000000000,1
1123,46924,46924,1782988438678500523,1782988438678500523,1782988438678547447,1782988438678547447,1782988438678547447,2,1.000000000000,1.000000000000,1.000000000000,1
1124,47695,47695,1782988438678618321,1782988438678618321,1782988438678666016,1782988438678666016,1782988438678666016,1,1.000000000000,1.000000000000,1.000000000000,1
1125,49755,49755,1782988438678732599,1782988438678732599,1782988438678782354,1782988438678782354,1782988438678782354,0,1.000000000000,1.000000000000,1.000000000000,1
1126,48956,48956,1782988438678847718,1782988438678847718,1782988438678896674,1782988438678896674,1782988438678896674,0,1.000000000000,1.000000000000,1.000000000000,1
1127,49526,49526,1782988438678962716,1782988438678962716,1782988438679012242,1782988438679012242,1782988438679012242,0,1.000000000000,1.000000000000,1.000000000000,1
1128,46817,46817,1782988438679076724,1782988438679076724,1782988438679123541,1782988438679123541,1782988438679123541,3,1.000000000000,1.000000000000,1.000000000000,1
1129,47216,47216,1782988438679199443,1782988438679199443,1782988438679246659,1782988438679246659,1782988438679246659,0,1.000000000000,1.000000000000,1.000000000000,1
1130,46657,46657,1782988438679313711,1782988438679313711,1782988438679360368,1782988438679360368,1782988438679360368,1,1.000000000000,1.000000000000,1.000000000000,1
1131,45997,45997,1782988438679434769,1782988438679434769,1782988438679480766,1782988438679480766,1782988438679480766,0,1.000000000000,1.000000000000,1.000000000000,1
1132,49708,49708,1782988438679555137,1782988438679555137,1782988438679604845,1782988438679604845,1782988438679604845,1,1.000000000000,1.000000000000,1.000000000000,1
1133,47177,47177,1782988438679676216,1782988438679676216,1782988438679723393,1782988438679723393,1782988438679723393,0,1.000000000000,1.000000000000,1.000000000000,1
1134,49968,49968,1782988438679785264,1782988438679785264,1782988438679835232,1782988438679835232,1782988438679835232,1,1.000000000000,1.000000000000,1.000000000000,1
1135,57857,57857,1782988438679901133,1782988438679901133,1782988438679958990,1782988438679958990,1782988438679958990,1,1.000000000000,1.000000000000,1.000000000000,1
1136,51037,51037,1782988438680016902,1782988438680016902,1782988438680067939,1782988438680067939,1782988438680067939,1,1.000000000000,1.000000000000,1.000000000000,1
1137,48248,48248,1782988438680136620,1782988438680136620,1782988438680184868,1782988438680184868,1782988438680184868,2,1.000000000000,1.000000000000,1.000000000000,1
1138,46758,46758,1782988438680251758,1782988438680251758,1782988438680298516,1782988438680298516,1782988438680298516,0,1.000000000000,1.000000000000,1.000000000000,1
1139,47708,47708,1782988438680374987,1782988438680374987,1782988438680422695,1782988438680422695,1782988438680422695,0,1.000000000000,1.000000000000,1.000000000000,1
1140,50578,50578,1782988438680494095,1782988438680494095,1782988438680544673,1782988438680544673,1782988438680544673,1,1.000000000000,1.000000000000,1.000000000000,1
1141,48229,48229,1782988438680606633,1782988438680606633,1782988438680654862,1782988438680654862,1782988438680654862,0,1.000000000000,1.000000000000,1.000000000000,1
1142,47388,47388,1782988438680719582,1782988438680719582,1782988438680766970,1782988438680766970,1782988438680766970,2,1.000000000000,1.000000000000,1.000000000000,1
1143,46979,46979,1782988438680835970,1782988438680835970,1782988438680882949,1782988438680882949,1782988438680882949,1,1.000000000000,1.000000000000,1.000000000000,1
1144,46549,46549,1782988438680951008,1782988438680951008,1782988438680997557,1782988438680997557,1782988438680997557,0,1.000000000000,1.000000000000,1.000000000000,1
1145,46599,46599,1782988438681062537,1782988438681062537,1782988438681109136,1782988438681109136,1782988438681109136,3,1.000000000000,1.000000000000,1.000000000000,1
1146,45980,45980,1782988438681177495,1782988438681177495,1782988438681223475,1782988438681223475,1782988438681223475,1,1.000000000000,1.000000000000,1.000000000000,1
1147,47540,47540,1782988438681300713,1782988438681300713,1782988438681348253,1782988438681348253,1782988438681348253,0,1.000000000000,1.000000000000,1.000000000000,1
1148,46160,46160,1782988438681420092,1782988438681420092,1782988438681466252,1782988438681466252,1782988438681466252,3,1.000000000000,1.000000000000,1.000000000000,1
1149,46090,46090,1782988438681541520,1782988438681541520,1782988438681587610,1782988438681587610,1782988438681587610,3,1.000000000000,1.000000000000,1.000000000000,1
1150,46350,46350,1782988438681667388,1782988438681667388,1782988438681713738,1782988438681713738,1782988438681713738,1,1.000000000000,1.000000000000,1.000000000000,1
1151,49022,49022,1782988438681788426,1782988438681788426,1782988438681837448,1782988438681837448,1782988438681837448,1,1.000000000000,1.000000000000,1.000000000000,1
1152,52171,52171,1782988438681903935,1782988438681903935,1782988438681956106,1782988438681956106,1782988438681956106,0,1.000000000000,1.000000000000,1.000000000000,1
1153,53202,53202,1782988438682014833,1782988438682014833,1782988438682068035,1782988438682068035,1782988438682068035,3,1.000000000000,1.000000000000,1.000000000000,1
1154,46782,46782,1782988438682130202,1782988438682130202,1782988438682176984,1782988438682176984,1782988438682176984,0,1.000000000000,1.000000000000,1.000000000000,1
1155,46892,46892,1782988438682248620,1782988438682248620,1782988438682295512,1782988438682295512,1782988438682295512,1,1.000000000000,1.000000000000,1.000000000000,1
1156,48013,48013,1782988438682366178,1782988438682366178,1782988438682414191,1782988438682414191,1782988438682414191,0,1.000000000000,1.000000000000,1.000000000000,1
1157,49732,49732,1782988438682484217,1782988438682484217,1782988438682533949,1782988438682533949,1782988438682533949,0,1.000000000000,1.000000000000,1.000000000000,1
1158,46833,46833,1782988438682601805,1782988438682601805,1782988438682648638,1782988438682648638,1782988438682648638,0,1.000000000000,1.000000000000,1.000000000000,1
1159,47323,47323,1782988438682719603,1782988438682719603,1782988438682766926,1782988438682766926,1782988438682766926,0,1.000000000000,1.000000000000,1.000000000000,1
1160,48583,48583,1782988438682837122,1782988438682837122,1782988438682885705,1782988438682885705,1782988438682885705,3,1.000000000000,1.000000000000,1.000000000000,1
1161,47212,47212,1782988438682948331,1782988438682948331,1782988438682995543,1782988438682995543,1782988438682995543,0,1.000000000000,1.000000000000,1.000000000000,1
1162,48443,48443,1782988438683064439,1782988438683064439,1782988438683112882,1782988438683112882,1782988438683112882,2,1.000000000000,1.000000000000,1.000000000000,1
1163,51863,51863,1782988438683177218,1782988438683177218,1782988438683229081,1782988438683229081,1782988438683229081,3,1.000000000000,1.000000000000,1.000000000000,1
1164,47533,47533,1782988438683298726,1782988438683298726,1782988438683346259,1782988438683346259,1782988438683346259,0,1.000000000000,1.000000000000,1.000000000000,1
1165,46244,46244,1782988438683420434,1782988438683420434,1782988438683466678,1782988438683466678,1782988438683466678,0,1.000000000000,1.000000000000,1.000000000000,1
1166,46914,46914,1782988438683542222,1782988438683542222,1782988438683589136,1782988438683589136,1782988438683589136,0,1.000000000000,1.000000000000,1.000000000000,1
1167,48034,48034,1782988438683657591,1782988438683657591,1782988438683705625,1782988438683705625,1782988438683705625,3,1.000000000000,1.000000000000,1.000000000000,1
1168,46364,46364,1782988438683771059,1782988438683771059,1782988438683817423,1782988438683817423,1782988438683817423,3,1.000000000000,1.000000000000,1.000000000000,1
1169,47675,47675,1782988438683888797,1782988438683888797,1782988438683936472,1782988438683936472,1782988438683936472,1,1.000000000000,1.000000000000,1.000000000000,1
1170,48604,48604,1782988438684001196,1782988438684001196,1782988438684049800,1782988438684049800,1782988438684049800,1,1.000000000000,1.000000000000,1.000000000000,1
1171,47215,47215,1782988438684115924,1782988438684115924,1782988438684163139,1782988438684163139,1782988438684163139,2,1.000000000000,1.000000000000,1.000000000000,1
1172,54944,54944,1782988438684228803,1782988438684228803,1782988438684283747,1782988438684283747,1782988438684283747,0,1.000000000000,1.000000000000,1.000000000000,1
1173,48345,48345,1782988438684353611,1782988438684353611,1782988438684401956,1782988438684401956,1782988438684401956,3,1.000000000000,1.000000000000,1.000000000000,1
1174,46735,46735,1782988438684477759,1782988438684477759,1782988438684524494,1782988438684524494,1782988438684524494,0,1.000000000000,1.000000000000,1.000000000000,1
1175,47646,47646,1782988438684597277,1782988438684597277,1782988438684644923,1782988438684644923,1782988438684644923,0,1.000000000000,1.000000000000,1.000000000000,1
1176,47005,47005,1782988438684713816,1782988438684713816,1782988438684760821,1782988438684760821,1782988438684760821,0,1.000000000000,1.000000000000,1.000000000000,1
1177,50197,50197,1782988438684835404,1782988438684835404,1782988438684885601,1782988438684885601,1782988438684885601,2,1.000000000000,1.000000000000,1.000000000000,1
1178,46457,46457,1782988438684944412,1782988438684944412,1782988438684990869,1782988438684990869,1782988438684990869,3,1.000000000000,1.000000000000,1.000000000000,1
1179,46187,46187,1782988438685057461,1782988438685057461,1782988438685103648,1782988438685103648,1782988438685103648,0,1.000000000000,1.000000000000,1.000000000000,1
1180,46328,46328,1782988438685174519,1782988438685174519,1782988438685220847,1782988438685220847,1782988438685220847,1,1.000000000000,1.000000000000,1.000000000000,1
1181,46368,46368,1782988438685295567,1782988438685295567,1782988438685341935,1782988438685341935,1782988438685341935,0,1.000000000000,1.000000000000,1.000000000000,1
1182,47239,47239,1782988438685415075,1782988438685415075,1782988438685462314,1782988438685462314,1782988438685462314,1,1.000000000000,1.000000000000,1.000000000000,1
1183,45938,45938,1782988438685534734,1782988438685534734,1782988438685580672,1782988438685580672,1782988438685580672,0,1.000000000000,1.000000000000,1.000000000000,1
1184,46799,46799,1782988438685654352,1782988438685654352,1782988438685701151,1782988438685701151,1782988438685701151,2,1.000000000000,1.000000000000,1.000000000000,1
1185,46289,46289,1782988438685782560,1782988438685782560,1782988438685828849,1782988438685828849,1782988438685828849,1,1.000000000000,1.000000000000,1.000000000000,1
1186,54728,54728,1782988438685898079,1782988438685898079,1782988438685952807,1782988438685952807,1782988438685952807,0,1.000000000000,1.000000000000,1.000000000000,1
1187,48728,48728,1782988438686009988,1782988438686009988,1782988438686058716,1782988438686058716,1782988438686058716,3,1.000000000000,1.000000000000,1.000000000000,1
1188,48749,48749,1782988438686129506,1782988438686129506,1782988438686178255,1782988438686178255,1782988438686178255,0,1.000000000000,1.000000000000,1.000000000000,1
1189,48379,48379,1782988438686246384,1782988438686246384,1782988438686294763,1782988438686294763,1782988438686294763,0,1.000000000000,1.000000000000,1.000000000000,1
1190,47979,47979,1782988438686367033,1782988438686367033,1782988438686415012,1782988438686415012,1782988438686415012,3,1.000000000000,1.000000000000,1.000000000000,1
1191,51029,51029,1782988438686488231,1782988438686488231,1782988438686539260,1782988438686539260,1782988438686539260,1,1.000000000000,1.000000000000,1.000000000000,1
1192,50380,50380,1782988438686600729,1782988438686600729,1782988438686651109,1782988438686651109,1782988438686651109,0,1.000000000000,1.000000000000,1.000000000000,1
1193,46869,46869,1782988438686716288,1782988438686716288,1782988438686763157,1782988438686763157,1782988438686763157,1,1.000000000000,1.000000000000,1.000000000000,1
1194,47870,47870,1782988438686835896,1782988438686835896,1782988438686883766,1782988438686883766,1782988438686883766,3,1.000000000000,1.000000000000,1.000000000000,1
1195,47390,47390,1782988438686955114,1782988438686955114,1782988438687002504,1782988438687002504,1782988438687002504,1,1.000000000000,1.000000000000,1.000000000000,1
1196,46380,46380,1782988438687066283,1782988438687066283,1782988438687112663,1782988438687112663,1782988438687112663,1,1.000000000000,1.000000000000,1.000000000000,1
1197,47430,47430,1782988438687181831,1782988438687181831,1782988438687229261,1782988438687229261,1782988438687229261,1,1.000000000000,1.000000000000,1.000000000000,1
1198,46971,46971,1782988438687301799,1782988438687301799,1782988438687348770,1782988438687348770,1782988438687348770,3,1.000000000000,1.000000000000,1.000000000000,1
1199,47221,47221,1782988438687425677,1782988438687425677,1782988438687472898,1782988438687472898,1782988438687472898,0,1.000000000000,1.000000000000,1.000000000000,1
1200,46561,46561,1782988438687543986,1782988438687543986,1782988438687590547,1782988438687590547,1782988438687590547,2,1.000000000000,1.000000000000,1.000000000000,1
1201,46351,46351,1782988438687659874,1782988438687659874,1782988438687706225,1782988438687706225,1782988438687706225,3,1.000000000000,1.000000000000,1.000000000000,1
1202,47413,47413,1782988438687775522,1782988438687775522,1782988438687822935,1782988438687822935,1782988438687822935,1,1.000000000000,1.000000000000,1.000000000000,1
1203,47543,47543,1782988438687893851,1782988438687893851,1782988438687941394,1782988438687941394,1782988438687941394,2,1.000000000000,1.000000000000,1.000000000000,1
1204,51783,51783,1782988438688003169,1782988438688003169,1782988438688054952,1782988438688054952,1782988438688054952,3,1.000000000000,1.000000000000,1.000000000000,1
1205,48284,48284,1782988438688117077,1782988438688117077,1782988438688165361,1782988438688165361,1782988438688165361,3,1.000000000000,1.000000000000,1.000000000000,1
1206,47283,47283,1782988438688240956,1782988438688240956,1782988438688288239,1782988438688288239,1782988438688288239,1,1.000000000000,1.000000000000,1.000000000000,1
1207,48484,48484,1782988438688359234,1782988438688359234,1782988438688407718,1782988438688407718,1782988438688407718,2,1.000000000000,1.000000000000,1.000000000000,1
1208,47714,47714,1782988438688495522,1782988438688495522,1782988438688543236,1782988438688543236,1782988438688543236,3,1.000000000000,1.000000000000,1.000000000000,1
1209,46985,46985,1782988438688608070,1782988438688608070,1782988438688655055,1782988438688655055,1782988438688655055,2,1.000000000000,1.000000000000,1.000000000000,1
1210,46984,46984,1782988438688725179,1782988438688725179,1782988438688772163,1782988438688772163,1782988438688772163,0,1.000000000000,1.000000000000,1.000000000000,1
1211,49054,49054,1782988438688841438,1782988438688841438,1782988438688890492,1782988438688890492,1782988438688890492,1,1.000000000000,1.000000000000,1.000000000000,1
1212,47944,47944,1782988438688953466,1782988438688953466,1782988438689001410,1782988438689001410,1782988438689001410,0,1.000000000000,1.000000000000,1.000000000000,1
1213,47884,47884,1782988438689070995,1782988438689070995,1782988438689118879,1782988438689118879,1782988438689118879,1,1.000000000000,1.000000000000,1.000000000000,1
1214,47334,47334,1782988438689183213,1782988438689183213,1782988438689230547,1782988438689230547,1782988438689230547,0,1.000000000000,1.000000000000,1.000000000000,1
1215,46495,46495,1782988438689305411,1782988438689305411,1782988438689351906,1782988438689351906,1782988438689351906,3,1.000000000000,1.000000000000,1.000000000000,1
1216,46854,46854,1782988438689426930,1782988438689426930,1782988438689473784,1782988438689473784,1782988438689473784,1,1.000000000000,1.000000000000,1.000000000000,1
1217,50005,50005,1782988438689547798,1782988438689547798,1782988438689597803,1782988438689597803,1782988438689597803,1,1.000000000000,1.000000000000,1.000000000000,1
1218,46605,46605,1782988438689662926,1782988438689662926,1782988438689709531,1782988438689709531,1782988438689709531,2,1.000000000000,1.000000000000,1.000000000000,1
1219,61105,61105,1782988438689785625,1782988438689785625,1782988438689846730,1782988438689846730,1782988438689846730,1,1.000000000000,1.000000000000,1.000000000000,1
1220,49405,49405,1782988438689901733,1782988438689901733,1782988438689951138,1782988438689951138,1782988438689951138,0,1.000000000000,1.000000000000,1.000000000000,1
1221,48646,48646,1782988438690013271,1782988438690013271,1782988438690061917,1782988438690061917,1782988438690061917,3,1.000000000000,1.000000000000,1.000000000000,1
1222,49076,49076,1782988438690127080,1782988438690127080,1782988438690176156,1782988438690176156,1782988438690176156,0,1.000000000000,1.000000000000,1.000000000000,1
1223,47286,47286,1782988438690243788,1782988438690243788,1782988438690291074,1782988438690291074,1782988438690291074,2,1.000000000000,1.000000000000,1.000000000000,1
1224,47957,47957,1782988438690368176,1782988438690368176,1782988438690416133,1782988438690416133,1782988438690416133,0,1.000000000000,1.000000000000,1.000000000000,1
1225,47486,47486,1782988438690486755,1782988438690486755,1782988438690534241,1782988438690534241,1782988438690534241,0,1.000000000000,1.000000000000,1.000000000000,1
1226,47367,47367,1782988438690606403,1782988438690606403,1782988438690653770,1782988438690653770,1782988438690653770,1,1.000000000000,1.000000000000,1.000000000000,1
1227,47337,47337,1782988438690722231,1782988438690722231,1782988438690769568,1782988438690769568,1782988438690769568,0,1.000000000000,1.000000000000,1.000000000000,1
1228,61018,61018,1782988438690854959,1782988438690854959,1782988438690915977,1782988438690915977,1782988438690915977,0,1.000000000000,1.000000000000,1.000000000000,1
1229,68688,68688,1782988438690943668,1782988438690943668,1782988438691012356,1782988438691012356,1782988438691012356,2,1.000000000000,1.000000000000,1.000000000000,1
1230,48839,48839,1782988438691063226,1782988438691063226,1782988438691112065,1782988438691112065,1782988438691112065,3,1.000000000000,1.000000000000,1.000000000000,1
1231,49848,49848,1782988438691177895,1782988438691177895,1782988438691227743,1782988438691227743,1782988438691227743,2,1.000000000000,1.000000000000,1.000000000000,1
1232,48269,48269,1782988438691300683,1782988438691300683,1782988438691348952,1782988438691348952,1782988438691348952,2,1.000000000000,1.000000000000,1.000000000000,1
1233,46769,46769,1782988438691420891,1782988438691420891,1782988438691467660,1782988438691467660,1782988438691467660,1,1.000000000000,1.000000000000,1.000000000000,1
1234,48040,48040,1782988438691540789,1782988438691540789,1782988438691588829,1782988438691588829,1782988438691588829,2,1.000000000000,1.000000000000,1.000000000000,1
1235,46559,46559,1782988438691657398,1782988438691657398,1782988438691703957,1782988438691703957,1782988438691703957,0,1.000000000000,1.000000000000,1.000000000000,1
1236,50580,50580,1782988438691769066,1782988438691769066,1782988438691819646,1782988438691819646,1782988438691819646,0,1.000000000000,1.000000000000,1.000000000000,1
1237,54819,54819,1782988438691893955,1782988438691893955,1782988438691948774,1782988438691948774,1782988438691948774,2,1.000000000000,1.000000000000,1.000000000000,1
1238,48559,48559,1782988438692001024,1782988438692001024,1782988438692049583,1782988438692049583,1782988438692049583,3,1.000000000000,1.000000000000,1.000000000000,1
1239,48590,48590,1782988438692115602,1782988438692115602,1782988438692164192,1782988438692164192,1782988438692164192,3,1.000000000000,1.000000000000,1.000000000000,1
1240,48589,48589,1782988438692228511,1782988438692228511,1782988438692277100,1782988438692277100,1782988438692277100,0,1.000000000000,1.000000000000,1.000000000000,1
1241,47200,47200,1782988438692348499,1782988438692348499,1782988438692395699,1782988438692395699,1782988438692395699,1,1.000000000000,1.000000000000,1.000000000000,1
1242,51670,51670,1782988438692473487,1782988438692473487,1782988438692525157,1782988438692525157,1782988438692525157,2,1.000000000000,1.000000000000,1.000000000000,1
1243,47971,47971,1782988438692594695,1782988438692594695,1782988438692642666,1782988438692642666,1782988438692642666,3,1.000000000000,1.000000000000,1.000000000000,1
1244,47340,47340,1782988438692718454,1782988438692718454,1782988438692765794,1782988438692765794,1782988438692765794,0,1.000000000000,1.000000000000,1.000000000000,1
1245,47971,47971,1782988438692830732,1782988438692830732,1782988438692878703,1782988438692878703,1782988438692878703,2,1.000000000000,1.000000000000,1.000000000000,1
1246,47331,47331,1782988438692952220,1782988438692952220,1782988438692999551,1782988438692999551,1782988438692999551,0,1.000000000000,1.000000000000,1.000000000000,1
1247,51241,51241,1782988438693064689,1782988438693064689,1782988438693115930,1782988438693115930,1782988438693115930,2,1.000000000000,1.000000000000,1.000000000000,1
1248,46771,46771,1782988438693178667,1782988438693178667,1782988438693225438,1782988438693225438,1782988438693225438,2,1.000000000000,1.000000000000,1.000000000000,1
1249,46102,46102,1782988438693300425,1782988438693300425,1782988438693346527,1782988438693346527,1782988438693346527,3,1.000000000000,1.000000000000,1.000000000000,1
1250,46721,46721,1782988438693422164,1782988438693422164,1782988438693468885,1782988438693468885,1782988438693468885,2,1.000000000000,1.000000000000,1.000000000000,1
1251,46792,46792,1782988438693544242,1782988438693544242,1782988438693591034,1782988438693591034,1782988438693591034,1,1.000000000000,1.000000000000,1.000000000000,1
1252,56062,56062,1782988438693657670,1782988438693657670,1782988438693713732,1782988438693713732,1782988438693713732,1,1.000000000000,1.000000000000,1.000000000000,1
1253,48514,48514,1782988438693781508,1782988438693781508,1782988438693830022,1782988438693830022,1782988438693830022,0,1.000000000000,1.000000000000,1.000000000000,1
1254,50113,50113,1782988438693898867,1782988438693898867,1782988438693948980,1782988438693948980,1782988438693948980,1,1.000000000000,1.000000000000,1.000000000000,1
1255,48514,48514,1782988438694011715,1782988438694011715,1782988438694060229,1782988438694060229,1782988438694060229,0,1.000000000000,1.000000000000,1.000000000000,1
1256,47735,47735,1782988438694126493,1782988438694126493,1782988438694174228,1782988438694174228,1782988438694174228,2,1.000000000000,1.000000000000,1.000000000000,1
1257,51644,51644,1782988438694240692,1782988438694240692,1782988438694292336,1782988438694292336,1782988438694292336,2,1.000000000000,1.000000000000,1.000000000000,1
1258,48685,48685,1782988438694362360,1782988438694362360,1782988438694411045,1782988438694411045,1782988438694411045,0,1.000000000000,1.000000000000,1.000000000000,1
1259,48525,48525,1782988438694483728,1782988438694483728,1782988438694532253,1782988438694532253,1782988438694532253,1,1.000000000000,1.000000000000,1.000000000000,1
1260,47725,47725,1782988438694602137,1782988438694602137,1782988438694649862,1782988438694649862,1782988438694649862,0,1.000000000000,1.000000000000,1.000000000000,1
1261,48365,48365,1782988438694716845,1782988438694716845,1782988438694765210,1782988438694765210,1782988438694765210,2,1.000000000000,1.000000000000,1.000000000000,1
1262,48745,48745,1782988438694836014,1782988438694836014,1782988438694884759,1782988438694884759,1782988438694884759,2,1.000000000000,1.000000000000,1.000000000000,1
1263,47104,47104,1782988438694947733,1782988438694947733,1782988438694994837,1782988438694994837,1782988438694994837,1,1.000000000000,1.000000000000,1.000000000000,1
1264,46965,46965,1782988438695059841,1782988438695059841,1782988438695106806,1782988438695106806,1782988438695106806,1,1.000000000000,1.000000000000,1.000000000000,1
1265,46714,46714,1782988438695174410,1782988438695174410,1782988438695221124,1782988438695221124,1782988438695221124,0,1.000000000000,1.000000000000,1.000000000000,1
1266,46905,46905,1782988438695298878,1782988438695298878,1782988438695345783,1782988438695345783,1782988438695345783,0,1.000000000000,1.000000000000,1.000000000000,1
1267,47075,47075,1782988438695421216,1782988438695421216,1782988438695468291,1782988438695468291,1782988438695468291,2,1.000000000000,1.000000000000,1.000000000000,1
1268,49676,49676,1782988438695539204,1782988438695539204,1782988438695588880,1782988438695588880,1782988438695588880,1,1.000000000000,1.000000000000,1.000000000000,1
1269,46895,46895,1782988438695652043,1782988438695652043,1782988438695698938,1782988438695698938,1782988438695698938,1,1.000000000000,1.000000000000,1.000000000000,1
1270,47396,47396,1782988438695769411,1782988438695769411,1782988438695816807,1782988438695816807,1782988438695816807,3,1.000000000000,1.000000000000,1.000000000000,1
1271,48587,48587,1782988438695883689,1782988438695883689,1782988438695932276,1782988438695932276,1782988438695932276,2,1.000000000000,1.000000000000,1.000000000000,1
1272,49176,49176,1782988438696000238,1782988438696000238,1782988438696049414,1782988438696049414,1782988438696049414,1,1.000000000000,1.000000000000,1.000000000000,1
1273,48187,48187,1782988438696109536,1782988438696109536,1782988438696157723,1782988438696157723,1782988438696157723,2,1.000000000000,1.000000000000,1.000000000000,1
1274,47767,47767,1782988438696228234,1782988438696228234,1782988438696276001,1782988438696276001,1782988438696276001,3,1.000000000000,1.000000000000,1.000000000000,1
1275,50717,50717,1782988438696347213,1782988438696347213,1782988438696397930,1782988438696397930,1782988438696397930,3,1.000000000000,1.000000000000,1.000000000000,1
1276,47447,47447,1782988438696472671,1782988438696472671,1782988438696520118,1782988438696520118,1782988438696520118,3,1.000000000000,1.000000000000,1.000000000000,1
1277,50928,50928,1782988438696595659,1782988438696595659,1782988438696646587,1782988438696646587,1782988438696646587,0,1.000000000000,1.000000000000,1.000000000000,1
1278,47328,47328,1782988438696717467,1782988438696717467,1782988438696764795,1782988438696764795,1782988438696764795,3,1.000000000000,1.000000000000,1.000000000000,1
1279,47939,47939,1782988438696827536,1782988438696827536,1782988438696875475,1782988438696875475,1782988438696875475,0,1.000000000000,1.000000000000,1.000000000000,1
1280,47409,47409,1782988438696935804,1782988438696935804,1782988438696983213,1782988438696983213,1782988438696983213,0,1.000000000000,1.000000000000,1.000000000000,1
1281,47389,47389,1782988438697051793,1782988438697051793,1782988438697099182,1782988438697099182,1782988438697099182,2,1.000000000000,1.000000000000,1.000000000000,1
1282,47629,47629,1782988438697165971,1782988438697165971,1782988438697213600,1782988438697213600,1782988438697213600,2,1.000000000000,1.000000000000,1.000000000000,1
1283,46700,46700,1782988438697290909,1782988438697290909,1782988438697337609,1782988438697337609,1782988438697337609,3,1.000000000000,1.000000000000,1.000000000000,1
1284,48240,48240,1782988438697413817,1782988438697413817,1782988438697462057,1782988438697462057,1782988438697462057,1,1.000000000000,1.000000000000,1.000000000000,1
1285,53620,53620,1782988438697538036,1782988438697538036,1782988438697591656,1782988438697591656,1782988438697591656,0,1.000000000000,1.000000000000,1.000000000000,1
1286,47340,47340,1782988438697649484,1782988438697649484,1782988438697696824,1782988438697696824,1782988438697696824,2,1.000000000000,1.000000000000,1.000000000000,1
1287,47331,47331,1782988438697778462,1782988438697778462,1782988438697825793,1782988438697825793,1782988438697825793,1,1.000000000000,1.000000000000,1.000000000000,1
1288,48679,48679,1782988438697898662,1782988438697898662,1782988438697947341,1782988438697947341,1782988438697947341,0,1.000000000000,1.000000000000,1.000000000000,1
1289,47200,47200,1782988438698008360,1782988438698008360,1782988438698055560,1782988438698055560,1782988438698055560,0,1.000000000000,1.000000000000,1.000000000000,1
1290,46920,46920,1782988438698122798,1782988438698122798,1782988438698169718,1782988438698169718,1782988438698169718,3,1.000000000000,1.000000000000,1.000000000000,1
1291,47100,47100,1782988438698243117,1782988438698243117,1782988438698290217,1782988438698290217,1782988438698290217,1,1.000000000000,1.000000000000,1.000000000000,1
1292,48380,48380,1782988438698368535,1782988438698368535,1782988438698416915,1782988438698416915,1782988438698416915,3,1.000000000000,1.000000000000,1.000000000000,1
1293,47741,47741,1782988438698490673,1782988438698490673,1782988438698538414,1782988438698538414,1782988438698538414,0,1.000000000000,1.000000000000,1.000000000000,1
1294,47401,47401,1782988438698603941,1782988438698603941,1782988438698651342,1782988438698651342,1782988438698651342,3,1.000000000000,1.000000000000,1.000000000000,1
1295,47201,47201,1782988438698717560,1782988438698717560,1782988438698764761,1782988438698764761,1782988438698764761,1,1.000000000000,1.000000000000,1.000000000000,1
1296,48001,48001,1782988438698840698,1782988438698840698,1782988438698888699,1782988438698888699,1782988438698888699,2,1.000000000000,1.000000000000,1.000000000000,1
1297,50522,50522,1782988438698953226,1782988438698953226,1782988438699003748,1782988438699003748,1782988438699003748,1,1.000000000000,1.000000000000,1.000000000000,1
1298,46352,46352,1782988438699067825,1782988438699067825,1782988438699114177,1782988438699114177,1782988438699114177,3,1.000000000000,1.000000000000,1.000000000000,1
1299,46432,46432,1782988438699189023,1782988438699189023,1782988438699235455,1782988438699235455,1782988438699235455,3,1.000000000000,1.000000000000,1.000000000000,1
1300,49913,49913,1782988438699309601,1782988438699309601,1782988438699359514,1782988438699359514,1782988438699359514,0,1.000000000000,1.000000000000,1.000000000000,1
1301,47452,47452,1782988438699428180,1782988438699428180,1782988438699475632,1782988438699475632,1782988438699475632,0,1.000000000000,1.000000000000,1.000000000000,1
1302,48073,48073,1782988438699550218,1782988438699550218,1782988438699598291,1782988438699598291,1782988438699598291,3,1.000000000000,1.000000000000,1.000000000000,1
1303,49423,49423,1782988438699664956,1782988438699664956,1782988438699714379,1782988438699714379,1782988438699714379,2,1.000000000000,1.000000000000,1.000000000000,1
1304,52234,52234,1782988438699777365,1782988438699777365,1782988438699829599,1782988438699829599,1782988438699829599,2,1.000000000000,1.000000000000,1.000000000000,1
1305,46584,46584,1782988438699893063,1782988438699893063,1782988438699939647,1782988438699939647,1782988438699939647,1,1.000000000000,1.000000000000,1.000000000000,1
1306,48015,48015,1782988438700007611,1782988438700007611,1782988438700055626,1782988438700055626,1782988438700055626,3,1.000000000000,1.000000000000,1.000000000000,1
1307,48644,48644,1782988438700123870,1782988438700123870,1782988438700172514,1782988438700172514,1782988438700172514,0,1.000000000000,1.000000000000,1.000000000000,1
1308,47895,47895,1782988438700237148,1782988438700237148,1782988438700285043,1782988438700285043,1782988438700285043,1,1.000000000000,1.000000000000,1.000000000000,1
1309,47565,47565,1782988438700359436,1782988438700359436,1782988438700407001,1782988438700407001,1782988438700407001,2,1.000000000000,1.000000000000,1.000000000000,1
1310,48095,48095,1782988438700483955,1782988438700483955,1782988438700532050,1782988438700532050,1782988438700532050,2,1.000000000000,1.000000000000,1.000000000000,1
1311,48275,48275,1782988438700601763,1782988438700601763,1782988438700650038,1782988438700650038,1782988438700650038,2,1.000000000000,1.000000000000,1.000000000000,1
1312,48096,48096,1782988438700717751,1782988438700717751,1782988438700765847,1782988438700765847,1782988438700765847,2,1.000000000000,1.000000000000,1.000000000000,1
1313,48815,48815,1782988438700839530,1782988438700839530,1782988438700888345,1782988438700888345,1782988438700888345,2,1.000000000000,1.000000000000,1.000000000000,1
1314,47975,47975,1782988438700951869,1782988438700951869,1782988438700999844,1782988438700999844,1782988438700999844,2,1.000000000000,1.000000000000,1.000000000000,1
1315,46476,46476,1782988438701065227,1782988438701065227,1782988438701111703,1782988438701111703,1782988438701111703,0,1.000000000000,1.000000000000,1.000000000000,1
1316,47495,47495,1782988438701177816,1782988438701177816,1782988438701225311,1782988438701225311,1782988438701225311,2,1.000000000000,1.000000000000,1.000000000000,1
1317,48096,48096,1782988438701299604,1782988438701299604,1782988438701347700,1782988438701347700,1782988438701347700,1,1.000000000000,1.000000000000,1.000000000000,1
1318,54396,54396,1782988438701428342,1782988438701428342,1782988438701482738,1782988438701482738,1782988438701482738,0,1.000000000000,1.000000000000,1.000000000000,1
1319,46427,46427,1782988438701546250,1782988438701546250,1782988438701592677,1782988438701592677,1782988438701592677,2,1.000000000000,1.000000000000,1.000000000000,1
1320,47136,47136,1782988438701660449,1782988438701660449,1782988438701707585,1782988438701707585,1782988438701707585,0,1.000000000000,1.000000000000,1.000000000000,1
1321,50247,50247,1782988438701788007,1782988438701788007,1782988438701838254,1782988438701838254,1782988438701838254,1,1.000000000000,1.000000000000,1.000000000000,1
1322,52187,52187,1782988438701902125,1782988438701902125,1782988438701954312,1782988438701954312,1782988438701954312,3,1.000000000000,1.000000000000,1.000000000000,1
1323,49007,49007,1782988438702014384,1782988438702014384,1782988438702063391,1782988438702063391,1782988438702063391,0,1.000000000000,1.000000000000,1.000000000000,1
1324,47987,47987,1782988438702128432,1782988438702128432,1782988438702176419,1782988438702176419,1782988438702176419,0,1.000000000000,1.000000000000,1.000000000000,1
1325,46878,46878,1782988438702246120,1782988438702246120,1782988438702292998,1782988438702292998,1782988438702292998,0,1.000000000000,1.000000000000,1.000000000000,1
1326,47397,47397,1782988438702367059,1782988438702367059,1782988438702414456,1782988438702414456,1782988438702414456,0,1.000000000000,1.000000000000,1.000000000000,1
1327,48278,48278,1782988438702492947,1782988438702492947,1782988438702541225,1782988438702541225,1782988438702541225,0,1.000000000000,1.000000000000,1.000000000000,1
1328,47598,47598,1782988438702612205,1782988438702612205,1782988438702659803,1782988438702659803,1782988438702659803,1,1.000000000000,1.000000000000,1.000000000000,1
1329,47058,47058,1782988438702722514,1782988438702722514,1782988438702769572,1782988438702769572,1782988438702769572,1,1.000000000000,1.000000000000,1.000000000000,1
1330,48319,48319,1782988438702838812,1782988438702838812,1782988438702887131,1782988438702887131,1782988438702887131,0,1.000000000000,1.000000000000,1.000000000000,1
1331,49310,49310,1782988438702952750,1782988438702952750,1782988438703002060,1782988438703002060,1782988438703002060,0,1.000000000000,1.000000000000,1.000000000000,1
1332,51420,51420,1782988438703068039,1782988438703068039,1782988438703119459,1782988438703119459,1782988438703119459,0,1.000000000000,1.000000000000,1.000000000000,1
1333,46630,46630,1782988438703181707,1782988438703181707,1782988438703228337,1782988438703228337,1782988438703228337,3,1.000000000000,1.000000000000,1.000000000000,1
1334,46851,46851,1782988438703302715,1782988438703302715,1782988438703349566,1782988438703349566,1782988438703349566,3,1.000000000000,1.000000000000,1.000000000000,1
1335,46231,46231,1782988438703429563,1782988438703429563,1782988438703475794,1782988438703475794,1782988438703475794,2,1.000000000000,1.000000000000,1.000000000000,1
1336,47531,47531,1782988438703551272,1782988438703551272,1782988438703598803,1782988438703598803,1782988438703598803,3,1.000000000000,1.000000000000,1.000000000000,1
1337,47461,47461,1782988438703663170,1782988438703663170,1782988438703710631,1782988438703710631,1782988438703710631,1,1.000000000000,1.000000000000,1.000000000000,1
1338,46802,46802,1782988438703778438,1782988438703778438,1782988438703825240,1782988438703825240,1782988438703825240,2,1.000000000000,1.000000000000,1.000000000000,1
1339,47880,47880,1782988438703896678,1782988438703896678,1782988438703944558,1782988438703944558,1782988438703944558,0,1.000000000000,1.000000000000,1.000000000000,1
1340,48011,48011,1782988438704008156,1782988438704008156,1782988438704056167,1782988438704056167,1782988438704056167,0,1.000000000000,1.000000000000,1.000000000000,1
1341,47330,47330,1782988438704121125,1782988438704121125,1782988438704168455,1782988438704168455,1782988438704168455,3,1.000000000000,1.000000000000,1.000000000000,1
1342,51691,51691,1782988438704236873,1782988438704236873,1782988438704288564,1782988438704288564,1782988438704288564,2,1.000000000000,1.000000000000,1.000000000000,1
1343,48051,48051,1782988438704360851,1782988438704360851,1782988438704408902,1782988438704408902,1782988438704408902,0,1.000000000000,1.000000000000,1.000000000000,1
1344,47072,47072,1782988438704486299,1782988438704486299,1782988438704533371,1782988438704533371,1782988438704533371,2,1.000000000000,1.000000000000,1.000000000000,1
1345,46561,46561,1782988438704601008,1782988438704601008,1782988438704647569,1782988438704647569,1782988438704647569,0,1.000000000000,1.000000000000,1.000000000000,1
1346,48142,48142,1782988438704715386,1782988438704715386,1782988438704763528,1782988438704763528,1782988438704763528,0,1.000000000000,1.000000000000,1.000000000000,1
1347,49652,49652,1782988438704837284,1782988438704837284,1782988438704886936,1782988438704886936,1782988438704886936,1,1.000000000000,1.000000000000,1.000000000000,1
1348,48302,48302,1782988438704950833,1782988438704950833,1782988438704999135,1782988438704999135,1782988438704999135,2,1.000000000000,1.000000000000,1.000000000000,1
1349,55612,55612,1782988438705068431,1782988438705068431,1782988438705124043,1782988438705124043,1782988438705124043,2,1.000000000000,1.000000000000,1.000000000000,1
1350,74593,74593,1782988438705182689,1782988438705182689,1782988438705257282,1782988438705257282,1782988438705257282,2,1.000000000000,1.000000000000,1.000000000000,1
1351,61713,61713,1782988438705290648,1782988438705290648,1782988438705352361,1782988438705352361,1782988438705352361,2,1.000000000000,1.000000000000,1.000000000000,1
1352,60233,60233,1782988438705415746,1782988438705415746,1782988438705475979,1782988438705475979,1782988438705475979,2,1.000000000000,1.000000000000,1.000000000000,1
1353,60084,60084,1782988438705537874,1782988438705537874,1782988438705597958,1782988438705597958,1782988438705597958,1,1.000000000000,1.000000000000,1.000000000000,1
1354,60384,60384,1782988438705652972,1782988438705652972,1782988438705713356,1782988438705713356,1782988438705713356,0,1.000000000000,1.000000000000,1.000000000000,1
1355,60624,60624,1782988438705783361,1782988438705783361,1782988438705843985,1782988438705843985,1782988438705843985,2,1.000000000000,1.000000000000,1.000000000000,1
1356,48645,48645,1782988438705903209,1782988438705903209,1782988438705951854,1782988438705951854,1782988438705951854,1,1.000000000000,1.000000000000,1.000000000000,1
1357,58886,58886,1782988438706011327,1782988438706011327,1782988438706070213,1782988438706070213,1782988438706070213,2,1.000000000000,1.000000000000,1.000000000000,1
1358,45695,45695,1782988438706129806,1782988438706129806,1782988438706175501,1782988438706175501,1782988438706175501,1,1.000000000000,1.000000000000,1.000000000000,1
1359,46936,46936,1782988438706248564,1782988438706248564,1782988438706295500,1782988438706295500,1782988438706295500,2,1.000000000000,1.000000000000,1.000000000000,1
1360,44556,44556,1782988438706368762,1782988438706368762,1782988438706413318,1782988438706413318,1782988438706413318,2,1.000000000000,1.000000000000,1.000000000000,1
1361,49257,49257,1782988438706500190,1782988438706500190,1782988438706549447,1782988438706549447,1782988438706549447,2,1.000000000000,1.000000000000,1.000000000000,1
1362,44366,44366,1782988438706615579,1782988438706615579,1782988438706659945,1782988438706659945,1782988438706659945,3,1.000000000000,1.000000000000,1.000000000000,1
1363,44857,44857,1782988438706730947,1782988438706730947,1782988438706775804,1782988438706775804,1782988438706775804,1,1.000000000000,1.000000000000,1.000000000000,1
1364,49296,49296,1782988438706845546,1782988438706845546,1782988438706894842,1782988438706894842,1782988438706894842,1,1.000000000000,1.000000000000,1.000000000000,1
1365,44407,44407,1782988438706966974,1782988438706966974,1782988438707011381,1782988438707011381,1782988438707011381,3,1.000000000000,1.000000000000,1.000000000000,1
1366,44666,44666,1782988438707079353,1782988438707079353,1782988438707124019,1782988438707124019,1782988438707124019,1,1.000000000000,1.000000000000,1.000000000000,1
1367,43157,43157,1782988438707193411,1782988438707193411,1782988438707236568,1782988438707236568,1782988438707236568,2,1.000000000000,1.000000000000,1.000000000000,1
1368,43327,43327,1782988438707314379,1782988438707314379,1782988438707357706,1782988438707357706,1782988438707357706,0,1.000000000000,1.000000000000,1.000000000000,1
1369,43247,43247,1782988438707444648,1782988438707444648,1782988438707487895,1782988438707487895,1782988438707487895,1,1.000000000000,1.000000000000,1.000000000000,1
1370,43557,43557,1782988438707558106,1782988438707558106,1782988438707601663,1782988438707601663,1782988438707601663,2,1.000000000000,1.000000000000,1.000000000000,1
1371,44138,44138,1782988438707671694,1782988438707671694,1782988438707715832,1782988438707715832,1782988438707715832,3,1.000000000000,1.000000000000,1.000000000000,1
1372,53997,53997,1782988438707786933,1782988438707786933,1782988438707840930,1782988438707840930,1782988438707840930,3,1.000000000000,1.000000000000,1.000000000000,1
1373,43828,43828,1782988438707902791,1782988438707902791,1782988438707946619,1782988438707946619,1782988438707946619,0,1.000000000000,1.000000000000,1.000000000000,1
1374,46209,46209,1782988438708017639,1782988438708017639,1782988438708063848,1782988438708063848,1782988438708063848,1,1.000000000000,1.000000000000,1.000000000000,1
1375,44338,44338,1782988438708134348,1782988438708134348,1782988438708178686,1782988438708178686,1782988438708178686,1,1.000000000000,1.000000000000,1.000000000000,1
1376,45569,45569,1782988438708247216,1782988438708247216,1782988438708292785,1782988438708292785,1782988438708292785,0,1.000000000000,1.000000000000,1.000000000000,1
1377,44499,44499,1782988438708366624,1782988438708366624,1782988438708411123,1782988438708411123,1782988438708411123,2,1.000000000000,1.000000000000,1.000000000000,1
1378,44319,44319,1782988438708490383,1782988438708490383,1782988438708534702,1782988438708534702,1782988438708534702,2,1.000000000000,1.000000000000,1.000000000000,1
1379,44509,44509,1782988438708606511,1782988438708606511,1782988438708651020,1782988438708651020,1782988438708651020,2,1.000000000000,1.000000000000,1.000000000000,1
1380,46850,46850,1782988438708721189,1782988438708721189,1782988438708768039,1782988438708768039,1782988438708768039,3,1.000000000000,1.000000000000,1.000000000000,1
1381,48901,48901,1782988438708843127,1782988438708843127,1782988438708892028,1782988438708892028,1782988438708892028,3,1.000000000000,1.000000000000,1.000000000000,1
1382,43841,43841,1782988438708947566,1782988438708947566,1782988438708991407,1782988438708991407,1782988438708991407,0,1.000000000000,1.000000000000,1.000000000000,1
1383,50122,50122,1782988438709061554,1782988438709061554,1782988438709111676,1782988438709111676,1782988438709111676,2,1.000000000000,1.000000000000,1.000000000000,1
1384,43911,43911,1782988438709186983,1782988438709186983,1782988438709230894,1782988438709230894,1782988438709230894,0,1.000000000000,1.000000000000,1.000000000000,1
1385,42852,42852,1782988438709303001,1782988438709303001,1782988438709345853,1782988438709345853,1782988438709345853,1,1.000000000000,1.000000000000,1.000000000000,1
1386,45132,45132,1782988438709427009,1782988438709427009,1782988438709472141,1782988438709472141,1782988438709472141,0,1.000000000000,1.000000000000,1.000000000000,1
1387,46193,46193,1782988438709543747,1782988438709543747,1782988438709589940,1782988438709589940,1782988438709589940,0,1.000000000000,1.000000000000,1.000000000000,1
1388,42852,42852,1782988438709655916,1782988438709655916,1782988438709698768,1782988438709698768,1782988438709698768,0,1.000000000000,1.000000000000,1.000000000000,1
1389,43103,43103,1782988438709783864,1782988438709783864,1782988438709826967,1782988438709826967,1782988438709826967,2,1.000000000000,1.000000000000,1.000000000000,1
1390,44032,44032,1782988438709898533,1782988438709898533,1782988438709942565,1782988438709942565,1782988438709942565,1,1.000000000000,1.000000000000,1.000000000000,1
1391,51202,51202,1782988438710019282,1782988438710019282,1782988438710070484,1782988438710070484,1782988438710070484,0,1.000000000000,1.000000000000,1.000000000000,1
1392,45252,45252,1782988438710146360,1782988438710146360,1782988438710191612,1782988438710191612,1782988438710191612,0,1.000000000000,1.000000000000,1.000000000000,1
1393,44303,44303,1782988438710257268,1782988438710257268,1782988438710301571,1782988438710301571,1782988438710301571,3,1.000000000000,1.000000000000,1.000000000000,1
1394,45412,45412,1782988438710374657,1782988438710374657,1782988438710420069,1782988438710420069,1782988438710420069,0,1.000000000000,1.000000000000,1.000000000000,1
1395,44973,44973,1782988438710502835,1782988438710502835,1782988438710547808,1782988438710547808,1782988438710547808,2,1.000000000000,1.000000000000,1.000000000000,1
1396,50063,50063,1782988438710612303,1782988438710612303,1782988438710662366,1782988438710662366,1782988438710662366,2,1.000000000000,1.000000000000,1.000000000000,1
1397,44783,44783,1782988438710725862,1782988438710725862,1782988438710770645,1782988438710770645,1782988438710770645,3,1.000000000000,1.000000000000,1.000000000000,1
1398,45353,45353,1782988438710843910,1782988438710843910,1782988438710889263,1782988438710889263,1782988438710889263,1,1.000000000000,1.000000000000,1.000000000000,1
1399,43714,43714,1782988438710961418,1782988438710961418,1782988438711005132,1782988438711005132,1782988438711005132,3,1.000000000000,1.000000000000,1.000000000000,1
1400,45413,45413,1782988438711075637,1782988438711075637,1782988438711121050,1782988438711121050,1782988438711121050,1,1.000000000000,1.000000000000,1.000000000000,1
1401,48854,48854,1782988438711197795,1782988438711197795,1782988438711246649,1782988438711246649,1782988438711246649,1,1.000000000000,1.000000000000,1.000000000000,1
1402,44784,44784,1782988438711322843,1782988438711322843,1782988438711367627,1782988438711367627,1782988438711367627,0,1.000000000000,1.000000000000,1.000000000000,1
1403,43135,43135,1782988438711437361,1782988438711437361,1782988438711480496,1782988438711480496,1782988438711480496,1,1.000000000000,1.000000000000,1.000000000000,1
1404,43594,43594,1782988438711555040,1782988438711555040,1782988438711598634,1782988438711598634,1782988438711598634,3,1.000000000000,1.000000000000,1.000000000000,1
1405,42905,42905,1782988438711671408,1782988438711671408,1782988438711714313,1782988438711714313,1782988438711714313,2,1.000000000000,1.000000000000,1.000000000000,1
1406,70956,70956,1782988438711798906,1782988438711798906,1782988438711869862,1782988438711869862,1782988438711869862,3,1.000000000000,1.000000000000,1.000000000000,1
1407,67726,67726,1782988438711900325,1782988438711900325,1782988438711968051,1782988438711968051,1782988438711968051,3,1.000000000000,1.000000000000,1.000000000000,1
1408,45716,45716,1782988438712026913,1782988438712026913,1782988438712072629,1782988438712072629,1782988438712072629,1,1.000000000000,1.000000000000,1.000000000000,1
1409,42917,42917,1782988438712140261,1782988438712140261,1782988438712183178,1782988438712183178,1782988438712183178,0,1.000000000000,1.000000000000,1.000000000000,1
1410,42717,42717,1782988438712261340,1782988438712261340,1782988438712304057,1782988438712304057,1782988438712304057,3,1.000000000000,1.000000000000,1.000000000000,1
1411,44497,44497,1782988438712385268,1782988438712385268,1782988438712429765,1782988438712429765,1782988438712429765,2,1.000000000000,1.000000000000,1.000000000000,1
1412,45937,45937,1782988438712511626,1782988438712511626,1782988438712557563,1782988438712557563,1782988438712557563,3,1.000000000000,1.000000000000,1.000000000000,1
1413,43917,43917,1782988438712616275,1782988438712616275,1782988438712660192,1782988438712660192,1782988438712660192,2,1.000000000000,1.000000000000,1.000000000000,1
1414,42978,42978,1782988438712730063,1782988438712730063,1782988438712773041,1782988438712773041,1782988438712773041,0,1.000000000000,1.000000000000,1.000000000000,1
1415,47077,47077,1782988438712847352,1782988438712847352,1782988438712894429,1782988438712894429,1782988438712894429,0,1.000000000000,1.000000000000,1.000000000000,1
1416,50068,50068,1782988438712967250,1782988438712967250,1782988438713017318,1782988438713017318,1782988438713017318,0,1.000000000000,1.000000000000,1.000000000000,1
1417,43307,43307,1782988438713088159,1782988438713088159,1782988438713131466,1782988438713131466,1782988438713131466,0,1.000000000000,1.000000000000,1.000000000000,1
1418,43978,43978,1782988438713202267,1782988438713202267,1782988438713246245,1782988438713246245,1782988438713246245,3,1.000000000000,1.000000000000,1.000000000000,1
1419,43688,43688,1782988438713318375,1782988438713318375,1782988438713362063,1782988438713362063,1782988438713362063,1,1.000000000000,1.000000000000,1.000000000000,1
1420,43718,43718,1782988438713432024,1782988438713432024,1782988438713475742,1782988438713475742,1782988438713475742,0,1.000000000000,1.000000000000,1.000000000000,1
1421,44138,44138,1782988438713550812,1782988438713550812,1782988438713594950,1782988438713594950,1782988438713594950,3,1.000000000000,1.000000000000,1.000000000000,1
1422,43169,43169,1782988438713667360,1782988438713667360,1782988438713710529,1782988438713710529,1782988438713710529,0,1.000000000000,1.000000000000,1.000000000000,1
1423,43869,43869,1782988438713783479,1782988438713783479,1782988438713827348,1782988438713827348,1782988438713827348,1,1.000000000000,1.000000000000,1.000000000000,1
1424,44619,44619,1782988438713905647,1782988438713905647,1782988438713950266,1782988438713950266,1782988438713950266,1,1.000000000000,1.000000000000,1.000000000000,1
1425,44219,44219,1782988438714027835,1782988438714027835,1782988438714072054,1782988438714072054,1782988438714072054,2,1.000000000000,1.000000000000,1.000000000000,1
1426,49329,49329,1782988438714144054,1782988438714144054,1782988438714193383,1782988438714193383,1782988438714193383,1,1.000000000000,1.000000000000,1.000000000000,1
1427,44920,44920,1782988438714260602,1782988438714260602,1782988438714305522,1782988438714305522,1782988438714305522,1,1.000000000000,1.000000000000,1.000000000000,1
1428,49000,49000,1782988438714371730,1782988438714371730,1782988438714420730,1782988438714420730,1782988438714420730,0,1.000000000000,1.000000000000,1.000000000000,1
1429,43450,43450,1782988438714489409,1782988438714489409,1782988438714532859,1782988438714532859,1782988438714532859,1,1.000000000000,1.000000000000,1.000000000000,1
1430,44430,44430,1782988438714606287,1782988438714606287,1782988438714650717,1782988438714650717,1782988438714650717,2,1.000000000000,1.000000000000,1.000000000000,1
1431,44961,44961,1782988438714718985,1782988438714718985,1782988438714763946,1782988438714763946,1782988438714763946,3,1.000000000000,1.000000000000,1.000000000000,1
1432,44801,44801,1782988438714837914,1782988438714837914,1782988438714882715,1782988438714882715,1782988438714882715,0,1.000000000000,1.000000000000,1.000000000000,1
1433,43812,43812,1782988438714957252,1782988438714957252,1782988438715001064,1782988438715001064,1782988438715001064,0,1.000000000000,1.000000000000,1.000000000000,1
1434,45242,45242,1782988438715068850,1782988438715068850,1782988438715114092,1782988438715114092,1782988438715114092,3,1.000000000000,1.000000000000,1.000000000000,1
1435,43352,43352,1782988438715193419,1782988438715193419,1782988438715236771,1782988438715236771,1782988438715236771,2,1.000000000000,1.000000000000,1.000000000000,1
1436,44082,44082,1782988438715309917,1782988438715309917,1782988438715353999,1782988438715353999,1782988438715353999,3,1.000000000000,1.000000000000,1.000000000000,1
1437,43683,43683,1782988438715429515,1782988438715429515,1782988438715473198,1782988438715473198,1782988438715473198,0,1.000000000000,1.000000000000,1.000000000000,1
1438,43592,43592,1782988438715542904,1782988438715542904,1782988438715586496,1782988438715586496,1782988438715586496,2,1.000000000000,1.000000000000,1.000000000000,1
1439,43873,43873,1782988438715655572,1782988438715655572,1782988438715699445,1782988438715699445,1782988438715699445,1,1.000000000000,1.000000000000,1.000000000000,1
1440,43254,43254,1782988438715777370,1782988438715777370,1782988438715820624,1782988438715820624,1782988438715820624,1,1.000000000000,1.000000000000,1.000000000000,1
1441,45412,45412,1782988438715887620,1782988438715887620,1782988438715933032,1782988438715933032,1782988438715933032,1,1.000000000000,1.000000000000,1.000000000000,1
1442,45233,45233,1782988438716001188,1782988438716001188,1782988438716046421,1782988438716046421,1782988438716046421,2,1.000000000000,1.000000000000,1.000000000000,1
1443,49713,49713,1782988438716119166,1782988438716119166,1782988438716168879,1782988438716168879,1782988438716168879,2,1.000000000000,1.000000000000,1.000000000000,1
1444,54283,54283,1782988438716231725,1782988438716231725,1782988438716286008,1782988438716286008,1782988438716286008,2,1.000000000000,1.000000000000,1.000000000000,1
1445,43663,43663,1782988438716353323,1782988438716353323,1782988438716396986,1782988438716396986,1782988438716396986,0,1.000000000000,1.000000000000,1.000000000000,1
1446,48204,48204,1782988438716478621,1782988438716478621,1782988438716526825,1782988438716526825,1782988438716526825,2,1.000000000000,1.000000000000,1.000000000000,1
1447,44913,44913,1782988438716592340,1782988438716592340,1782988438716637253,1782988438716637253,1782988438716637253,3,1.000000000000,1.000000000000,1.000000000000,1
1448,45064,45064,1782988438716707908,1782988438716707908,1782988438716752972,1782988438716752972,1782988438716752972,3,1.000000000000,1.000000000000,1.000000000000,1
1449,48484,48484,1782988438716825636,1782988438716825636,1782988438716874120,1782988438716874120,1782988438716874120,1,1.000000000000,1.000000000000,1.000000000000,1
1450,43574,43574,1782988438716935055,1782988438716935055,1782988438716978629,1782988438716978629,1782988438716978629,3,1.000000000000,1.000000000000,1.000000000000,1
1451,44805,44805,1782988438717048473,1782988438717048473,1782988438717093278,1782988438717093278,1782988438717093278,2,1.000000000000,1.000000000000,1.000000000000,1
1452,43395,43395,1782988438717169601,1782988438717169601,1782988438717212996,1782988438717212996,1782988438717212996,2,1.000000000000,1.000000000000,1.000000000000,1
1453,43385,43385,1782988438717286450,1782988438717286450,1782988438717329835,1782988438717329835,1782988438717329835,2,1.000000000000,1.000000000000,1.000000000000,1
1454,43755,43755,1782988438717407358,1782988438717407358,1782988438717451113,1782988438717451113,1782988438717451113,0,1.000000000000,1.000000000000,1.000000000000,1
1455,43896,43896,1782988438717528856,1782988438717528856,1782988438717572752,1782988438717572752,1782988438717572752,0,1.000000000000,1.000000000000,1.000000000000,1
1456,44055,44055,1782988438717641815,1782988438717641815,1782988438717685870,1782988438717685870,1782988438717685870,3,1.000000000000,1.000000000000,1.000000000000,1
1457,44496,44496,1782988438717755783,1782988438717755783,1782988438717800279,1782988438717800279,1782988438717800279,2,1.000000000000,1.000000000000,1.000000000000,1
1458,45537,45537,1782988438717873911,1782988438717873911,1782988438717919448,1782988438717919448,1782988438717919448,3,1.000000000000,1.000000000000,1.000000000000,1
1459,46387,46387,1782988438717990110,1782988438717990110,1782988438718036497,1782988438718036497,1782988438718036497,2,1.000000000000,1.000000000000,1.000000000000,1
1460,48467,48467,1782988438718101558,1782988438718101558,1782988438718150025,1782988438718150025,1782988438718150025,0,1.000000000000,1.000000000000,1.000000000000,1
1461,44328,44328,1782988438718217786,1782988438718217786,1782988438718262114,1782988438718262114,1782988438718262114,0,1.000000000000,1.000000000000,1.000000000000,1
1462,43548,43548,1782988438718333985,1782988438718333985,1782988438718377533,1782988438718377533,1782988438718377533,3,1.000000000000,1.000000000000,1.000000000000,1
1463,44088,44088,1782988438718459273,1782988438718459273,1782988438718503361,1782988438718503361,1782988438718503361,0,1.000000000000,1.000000000000,1.000000000000,1
1464,44779,44779,1782988438718572521,1782988438718572521,1782988438718617300,1782988438718617300,1782988438718617300,2,1.000000000000,1.000000000000,1.000000000000,1
1465,43808,43808,1782988438718692520,1782988438718692520,1782988438718736328,1782988438718736328,1782988438718736328,0,1.000000000000,1.000000000000,1.000000000000,1
1466,48817,48817,1782988438718815009,1782988438718815009,1782988438718863826,1782988438718863826,1782988438718863826,3,1.000000000000,1.000000000000,1.000000000000,1
1467,43938,43938,1782988438718922287,1782988438718922287,1782988438718966225,1782988438718966225,1782988438718966225,3,1.000000000000,1.000000000000,1.000000000000,1
1468,43828,43828,1782988438719046356,1782988438719046356,1782988438719090184,1782988438719090184,1782988438719090184,3,1.000000000000,1.000000000000,1.000000000000,1
1469,44098,44098,1782988438719153954,1782988438719153954,1782988438719198052,1782988438719198052,1782988438719198052,0,1.000000000000,1.000000000000,1.000000000000,1
1470,44169,44169,1782988438719272482,1782988438719272482,1782988438719316651,1782988438719316651,1782988438719316651,0,1.000000000000,1.000000000000,1.000000000000,1
1471,48318,48318,1782988438719392741,1782988438719392741,1782988438719441059,1782988438719441059,1782988438719441059,0,1.000000000000,1.000000000000,1.000000000000,1
1472,43499,43499,1782988438719513829,1782988438719513829,1782988438719557328,1782988438719557328,1782988438719557328,2,1.000000000000,1.000000000000,1.000000000000,1
1473,43609,43609,1782988438719627107,1782988438719627107,1782988438719670716,1782988438719670716,1782988438719670716,1,1.000000000000,1.000000000000,1.000000000000,1
1474,44119,44119,1782988438719744606,1782988438719744606,1782988438719788725,1782988438719788725,1782988438719788725,1,1.000000000000,1.000000000000,1.000000000000,1
1475,47599,47599,1782988438719861554,1782988438719861554,1782988438719909153,1782988438719909153,1782988438719909153,0,1.000000000000,1.000000000000,1.000000000000,1
1476,47680,47680,1782988438719973582,1782988438719973582,1782988438720021262,1782988438720021262,1782988438720021262,2,1.000000000000,1.000000000000,1.000000000000,1
1477,43790,43790,1782988438720091561,1782988438720091561,1782988438720135351,1782988438720135351,1782988438720135351,1,1.000000000000,1.000000000000,1.000000000000,1
1478,44070,44070,1782988438720204499,1782988438720204499,1782988438720248569,1782988438720248569,1782988438720248569,3,1.000000000000,1.000000000000,1.000000000000,1
1479,42871,42871,1782988438720325197,1782988438720325197,1782988438720368068,1782988438720368068,1782988438720368068,2,1.000000000000,1.000000000000,1.000000000000,1
1480,43440,43440,1782988438720445546,1782988438720445546,1782988438720488986,1782988438720488986,1782988438720488986,3,1.000000000000,1.000000000000,1.000000000000,1
1481,45411,45411,1782988438720568384,1782988438720568384,1782988438720613795,1782988438720613795,1782988438720613795,2,1.000000000000,1.000000000000,1.000000000000,1
1482,46441,46441,1782988438720680382,1782988438720680382,1782988438720726823,1782988438720726823,1782988438720726823,0,1.000000000000,1.000000000000,1.000000000000,1
1483,50442,50442,1782988438720793241,1782988438720793241,1782988438720843683,1782988438720843683,1782988438720843683,0,1.000000000000,1.000000000000,1.000000000000,1
1484,44912,44912,1782988438720910659,1782988438720910659,1782988438720955571,1782988438720955571,1782988438720955571,2,1.000000000000,1.000000000000,1.000000000000,1
1485,44953,44953,1782988438721022757,1782988438721022757,1782988438721067710,1782988438721067710,1782988438721067710,2,1.000000000000,1.000000000000,1.000000000000,1
1486,48802,48802,1782988438721140396,1782988438721140396,1782988438721189198,1782988438721189198,1782988438721189198,3,1.000000000000,1.000000000000,1.000000000000,1
1487,44613,44613,1782988438721256084,1782988438721256084,1782988438721300697,1782988438721300697,1782988438721300697,1,1.000000000000,1.000000000000,1.000000000000,1
1488,44463,44463,1782988438721378652,1782988438721378652,1782988438721423115,1782988438721423115,1782988438721423115,0,1.000000000000,1.000000000000,1.000000000000,1
1489,44164,44164,1782988438721495660,1782988438721495660,1782988438721539824,1782988438721539824,1782988438721539824,2,1.000000000000,1.000000000000,1.000000000000,1
1490,45003,45003,1782988438721615019,1782988438721615019,1782988438721660022,1782988438721660022,1782988438721660022,2,1.000000000000,1.000000000000,1.000000000000,1
1491,44774,44774,1782988438721731077,1782988438721731077,1782988438721775851,1782988438721775851,1782988438721775851,2,1.000000000000,1.000000000000,1.000000000000,1
1492,50673,50673,1782988438721849526,1782988438721849526,1782988438721900199,1782988438721900199,1782988438721900199,2,1.000000000000,1.000000000000,1.000000000000,1
1493,43683,43683,1782988438721958485,1782988438721958485,1782988438722002168,1782988438722002168,1782988438722002168,3,1.000000000000,1.000000000000,1.000000000000,1
1494,44014,44014,1782988438722074383,1782988438722074383,1782988438722118397,1782988438722118397,1782988438722118397,1,1.000000000000,1.000000000000,1.000000000000,1
1495,43463,43463,1782988438722189502,1782988438722189502,1782988438722232965,1782988438722232965,1782988438722232965,0,1.000000000000,1.000000000000,1.000000000000,1
1496,44754,44754,1782988438722315870,1782988438722315870,1782988438722360624,1782988438722360624,1782988438722360624,0,1.000000000000,1.000000000000,1.000000000000,1
1497,43484,43484,1782988438722424298,1782988438722424298,1782988438722467782,1782988438722467782,1782988438722467782,2,1.000000000000,1.000000000000,1.000000000000,1
1498,42895,42895,1782988438722546366,1782988438722546366,1782988438722589261,1782988438722589261,1782988438722589261,1,1.000000000000,1.000000000000,1.000000000000,1
1499,49224,49224,1782988438722662785,1782988438722662785,1782988438722712009,1782988438722712009,1782988438722712009,3,1.000000000000,1.000000000000,1.000000000000,1
1500,44065,44065,1782988438722776023,1782988438722776023,1782988438722820088,1782988438722820088,1782988438722820088,2,1.000000000000,1.000000000000,1.000000000000,1
1501,45804,45804,1782988438722892002,1782988438722892002,1782988438722937806,1782988438722937806,1782988438722937806,1,1.000000000000,1.000000000000,1.000000000000,1
1502,44935,44935,1782988438723004640,1782988438723004640,1782988438723049575,1782988438723049575,1782988438723049575,2,1.000000000000,1.000000000000,1.000000000000,1
1503,43626,43626,1782988438723123068,1782988438723123068,1782988438723166694,1782988438723166694,1782988438723166694,2,1.000000000000,1.000000000000,1.000000000000,1
1504,44566,44566,1782988438723243166,1782988438723243166,1782988438723287732,1782988438723287732,1782988438723287732,1,1.000000000000,1.000000000000,1.000000000000,1
1505,43886,43886,1782988438723364215,1782988438723364215,1782988438723408101,1782988438723408101,1782988438723408101,2,1.000000000000,1.000000000000,1.000000000000,1
1506,49516,49516,1782988438723479473,1782988438723479473,1782988438723528989,1782988438723528989,1782988438723528989,2,1.000000000000,1.000000000000,1.000000000000,1
1507,44407,44407,1782988438723602871,1782988438723602871,1782988438723647278,1782988438723647278,1782988438723647278,2,1.000000000000,1.000000000000,1.000000000000,1
1508,46236,46236,1782988438723712450,1782988438723712450,1782988438723758686,1782988438723758686,1782988438723758686,3,1.000000000000,1.000000000000,1.000000000000,1
1509,43938,43938,1782988438723831848,1782988438723831848,1782988438723875786,1782988438723875786,1782988438723875786,2,1.000000000000,1.000000000000,1.000000000000,1
1510,44288,44288,1782988438723942736,1782988438723942736,1782988438723987024,1782988438723987024,1782988438723987024,2,1.000000000000,1.000000000000,1.000000000000,1
1511,44658,44658,1782988438724060035,1782988438724060035,1782988438724104693,1782988438724104693,1782988438724104693,1,1.000000000000,1.000000000000,1.000000000000,1
1512,43688,43688,1782988438724179233,1782988438724179233,1782988438724222921,1782988438724222921,1782988438724222921,1,1.000000000000,1.000000000000,1.000000000000,1
1513,42819,42819,1782988438724300741,1782988438724300741,1782988438724343560,1782988438724343560,1782988438724343560,1,1.000000000000,1.000000000000,1.000000000000,1
1514,44468,44468,1782988438724419230,1782988438724419230,1782988438724463698,1782988438724463698,1782988438724463698,3,1.000000000000,1.000000000000,1.000000000000,1
1515,47959,47959,1782988438724537898,1782988438724537898,1782988438724585857,1782988438724585857,1782988438724585857,0,1.000000000000,1.000000000000,1.000000000000,1
1516,43369,43369,1782988438724651096,1782988438724651096,1782988438724694465,1782988438724694465,1782988438724694465,2,1.000000000000,1.000000000000,1.000000000000,1
1517,45719,45719,1782988438724765775,1782988438724765775,1782988438724811494,1782988438724811494,1782988438724811494,1,1.000000000000,1.000000000000,1.000000000000,1
1518,44119,44119,1782988438724884474,1782988438724884474,1782988438724928593,1782988438724928593,1782988438724928593,2,1.000000000000,1.000000000000,1.000000000000,1
1519,44359,44359,1782988438724997862,1782988438724997862,1782988438725042221,1782988438725042221,1782988438725042221,1,1.000000000000,1.000000000000,1.000000000000,1
1520,44649,44649,1782988438725125211,1782988438725125211,1782988438725169860,1782988438725169860,1782988438725169860,0,1.000000000000,1.000000000000,1.000000000000,1
1521,45469,45469,1782988438725251239,1782988438725251239,1782988438725296708,1782988438725296708,1782988438725296708,0,1.000000000000,1.000000000000,1.000000000000,1
1522,43700,43700,1782988438725363597,1782988438725363597,1782988438725407297,1782988438725407297,1782988438725407297,1,1.000000000000,1.000000000000,1.000000000000,1
1523,44100,44100,1782988438725481255,1782988438725481255,1782988438725525355,1782988438725525355,1782988438725525355,0,1.000000000000,1.000000000000,1.000000000000,1
1524,48809,48809,1782988438725607764,1782988438725607764,1782988438725656573,1782988438725656573,1782988438725656573,1,1.000000000000,1.000000000000,1.000000000000,1
1525,44240,44240,1782988438725714522,1782988438725714522,1782988438725758762,1782988438725758762,1782988438725758762,3,1.000000000000,1.000000000000,1.000000000000,1
1526,46181,46181,1782988438725832190,1782988438725832190,1782988438725878371,1782988438725878371,1782988438725878371,3,1.000000000000,1.000000000000,1.000000000000,1
1527,45370,45370,1782988438725942599,1782988438725942599,1782988438725987969,1782988438725987969,1782988438725987969,1,1.000000000000,1.000000000000,1.000000000000,1
1528,43341,43341,1782988438726066417,1782988438726066417,1782988438726109758,1782988438726109758,1782988438726109758,1,1.000000000000,1.000000000000,1.000000000000,1
1529,43030,43030,1782988438726178386,1782988438726178386,1782988438726221416,1782988438726221416,1782988438726221416,1,1.000000000000,1.000000000000,1.000000000000,1
1530,43041,43041,1782988438726291134,1782988438726291134,1782988438726334175,1782988438726334175,1782988438726334175,3,1.000000000000,1.000000000000,1.000000000000,1
1531,47641,47641,1782988438726407362,1782988438726407362,1782988438726455003,1782988438726455003,1782988438726455003,0,1.000000000000,1.000000000000,1.000000000000,1
1532,43732,43732,1782988438726529880,1782988438726529880,1782988438726573612,1782988438726573612,1782988438726573612,1,1.000000000000,1.000000000000,1.000000000000,1
1533,42662,42662,1782988438726642329,1782988438726642329,1782988438726684991,1782988438726684991,1782988438726684991,1,1.000000000000,1.000000000000,1.000000000000,1
1534,43542,43542,1782988438726756887,1782988438726756887,1782988438726800429,1782988438726800429,1782988438726800429,3,1.000000000000,1.000000000000,1.000000000000,1
1535,46243,46243,1782988438726873046,1782988438726873046,1782988438726919289,1782988438726919289,1782988438726919289,0,1.000000000000,1.000000000000,1.000000000000,1
1536,46623,46623,1782988438726988324,1782988438726988324,1782988438727034947,1782988438727034947,1782988438727034947,2,1.000000000000,1.000000000000,1.000000000000,1
1537,43724,43724,1782988438727114952,1782988438727114952,1782988438727158676,1782988438727158676,1782988438727158676,3,1.000000000000,1.000000000000,1.000000000000,1
1538,44054,44054,1782988438727235580,1782988438727235580,1782988438727279634,1782988438727279634,1782988438727279634,1,1.000000000000,1.000000000000,1.000000000000,1
1539,43764,43764,1782988438727353119,1782988438727353119,1782988438727396883,1782988438727396883,1782988438727396883,3,1.000000000000,1.000000000000,1.000000000000,1
1540,45424,45424,1782988438727470987,1782988438727470987,1782988438727516411,1782988438727516411,1782988438727516411,1,1.000000000000,1.000000000000,1.000000000000,1
1541,44655,44655,1782988438727588415,1782988438727588415,1782988438727633070,1782988438727633070,1782988438727633070,1,1.000000000000,1.000000000000,1.000000000000,1
1542,43624,43624,1782988438727709084,1782988438727709084,1782988438727752708,1782988438727752708,1782988438727752708,1,1.000000000000,1.000000000000,1.000000000000,1
1543,44254,44254,1782988438727830983,1782988438727830983,1782988438727875237,1782988438727875237,1782988438727875237,3,1.000000000000,1.000000000000,1.000000000000,1
1544,45194,45194,1782988438727937261,1782988438727937261,1782988438727982455,1782988438727982455,1782988438727982455,3,1.000000000000,1.000000000000,1.000000000000,1
1545,43704,43704,1782988438728053350,1782988438728053350,1782988438728097054,1782988438728097054,1782988438728097054,2,1.000000000000,1.000000000000,1.000000000000,1
1546,43714,43714,1782988438728173038,1782988438728173038,1782988438728216752,1782988438728216752,1782988438728216752,3,1.000000000000,1.000000000000,1.000000000000,1
1547,44615,44615,1782988438728296066,1782988438728296066,1782988438728340681,1782988438728340681,1782988438728340681,3,1.000000000000,1.000000000000,1.000000000000,1
1548,50285,50285,1782988438728414934,1782988438728414934,1782988438728465219,1782988438728465219,1782988438728465219,1,1.000000000000,1.000000000000,1.000000000000,1
1549,43395,43395,1782988438728535423,1782988438728535423,1782988438728578818,1782988438728578818,1782988438728578818,1,1.000000000000,1.000000000000,1.000000000000,1
1550,43225,43225,1782988438728652061,1782988438728652061,1782988438728695286,1782988438728695286,1782988438728695286,0,1.000000000000,1.000000000000,1.000000000000,1
1551,47086,47086,1782988438728765149,1782988438728765149,1782988438728812235,1782988438728812235,1782988438728812235,0,1.000000000000,1.000000000000,1.000000000000,1
1552,44875,44875,1782988438728889068,1782988438728889068,1782988438728933943,1782988438728933943,1782988438728933943,3,1.000000000000,1.000000000000,1.000000000000,1
1553,44186,44186,1782988438728994076,1782988438728994076,1782988438729038262,1782988438729038262,1782988438729038262,2,1.000000000000,1.000000000000,1.000000000000,1
1554,45007,45007,1782988438729121874,1782988438729121874,1782988438729166881,1782988438729166881,1782988438729166881,3,1.000000000000,1.000000000000,1.000000000000,1
1555,46536,46536,1782988438729241043,1782988438729241043,1782988438729287579,1782988438729287579,1782988438729287579,2,1.000000000000,1.000000000000,1.000000000000,1
1556,49327,49327,1782988438729354161,1782988438729354161,1782988438729403488,1782988438729403488,1782988438729403488,3,1.000000000000,1.000000000000,1.000000000000,1
1557,44497,44497,1782988438729478779,1782988438729478779,1782988438729523276,1782988438729523276,1782988438729523276,0,1.000000000000,1.000000000000,1.000000000000,1
1558,44068,44068,1782988438729595417,1782988438729595417,1782988438729639485,1782988438729639485,1782988438729639485,0,1.000000000000,1.000000000000,1.000000000000,1
1559,43467,43467,1782988438729707316,1782988438729707316,1782988438729750783,1782988438729750783,1782988438729750783,2,1.000000000000,1.000000000000,1.000000000000,1
1560,44759,44759,1782988438729826104,1782988438729826104,1782988438729870863,1782988438729870863,1782988438729870863,3,1.000000000000,1.000000000000,1.000000000000,1
1561,44208,44208,1782988438729937033,1782988438729937033,1782988438729981241,1782988438729981241,1782988438729981241,1,1.000000000000,1.000000000000,1.000000000000,1
1562,43409,43409,1782988438730051611,1782988438730051611,1782988438730095020,1782988438730095020,1782988438730095020,1,1.000000000000,1.000000000000,1.000000000000,1
1563,44539,44539,1782988438730172809,1782988438730172809,1782988438730217348,1782988438730217348,1782988438730217348,3,1.000000000000,1.000000000000,1.000000000000,1
1564,42700,42700,1782988438730287317,1782988438730287317,1782988438730330017,1782988438730330017,1782988438730330017,2,1.000000000000,1.000000000000,1.000000000000,1
1565,43629,43629,1782988438730410886,1782988438730410886,1782988438730454515,1782988438730454515,1782988438730454515,3,1.000000000000,1.000000000000,1.000000000000,1
1566,44530,44530,1782988438730531294,1782988438730531294,1782988438730575824,1782988438730575824,1782988438730575824,0,1.000000000000,1.000000000000,1.000000000000,1
1567,42710,42710,1782988438730644502,1782988438730644502,1782988438730687212,1782988438730687212,1782988438730687212,0,1.000000000000,1.000000000000,1.000000000000,1
1568,43090,43090,1782988438730758421,1782988438730758421,1782988438730801511,1782988438730801511,1782988438730801511,0,1.000000000000,1.000000000000,1.000000000000,1
1569,44660,44660,1782988438730877970,1782988438730877970,1782988438730922630,1782988438730922630,1782988438730922630,3,1.000000000000,1.000000000000,1.000000000000,1
1570,44650,44650,1782988438730988068,1782988438730988068,1782988438731032718,1782988438731032718,1782988438731032718,3,1.000000000000,1.000000000000,1.000000000000,1
1571,48950,48950,1782988438731105957,1782988438731105957,1782988438731154907,1782988438731154907,1782988438731154907,2,1.000000000000,1.000000000000,1.000000000000,1
1572,47000,47000,1782988438731221135,1782988438731221135,1782988438731268135,1782988438731268135,1782988438731268135,2,1.000000000000,1.000000000000,1.000000000000,1
1573,44321,44321,1782988438731340363,1782988438731340363,1782988438731384684,1782988438731384684,1782988438731384684,0,1.000000000000,1.000000000000,1.000000000000,1
1574,44481,44481,1782988438731463301,1782988438731463301,1782988438731507782,1782988438731507782,1782988438731507782,2,1.000000000000,1.000000000000,1.000000000000,1
1575,43911,43911,1782988438731583400,1782988438731583400,1782988438731627311,1782988438731627311,1782988438731627311,2,1.000000000000,1.000000000000,1.000000000000,1
1576,45251,45251,1782988438731701328,1782988438731701328,1782988438731746579,1782988438731746579,1782988438731746579,1,1.000000000000,1.000000000000,1.000000000000,1
1577,44362,44362,1782988438731819006,1782988438731819006,1782988438731863368,1782988438731863368,1782988438731863368,0,1.000000000000,1.000000000000,1.000000000000,1
1578,42781,42781,1782988438731927375,1782988438731927375,1782988438731970156,1782988438731970156,1782988438731970156,2,1.000000000000,1.000000000000,1.000000000000,1
1579,44672,44672,1782988438732042153,1782988438732042153,1782988438732086825,1782988438732086825,1782988438732086825,1,1.000000000000,1.000000000000,1.000000000000,1
1580,43452,43452,1782988438732167421,1782988438732167421,1782988438732210873,1782988438732210873,1782988438732210873,2,1.000000000000,1.000000000000,1.000000000000,1
1581,48672,48672,1782988438732273120,1782988438732273120,1782988438732321792,1782988438732321792,1782988438732321792,1,1.000000000000,1.000000000000,1.000000000000,1
1582,44293,44293,1782988438732393408,1782988438732393408,1782988438732437701,1782988438732437701,1782988438732437701,0,1.000000000000,1.000000000000,1.000000000000,1
1583,46303,46303,1782988438732516016,1782988438732516016,1782988438732562319,1782988438732562319,1782988438732562319,1,1.000000000000,1.000000000000,1.000000000000,1
1584,43013,43013,1782988438732628105,1782988438732628105,1782988438732671118,1782988438732671118,1782988438732671118,1,1.000000000000,1.000000000000,1.000000000000,1
1585,42603,42603,1782988438732740813,1782988438732740813,1782988438732783416,1782988438732783416,1782988438732783416,1,1.000000000000,1.000000000000,1.000000000000,1
1586,44824,44824,1782988438732880221,1782988438732880221,1782988438732925045,1782988438732925045,1782988438732925045,0,1.000000000000,1.000000000000,1.000000000000,1
1587,44084,44084,1782988438732995980,1782988438732995980,1782988438733040064,1782988438733040064,1782988438733040064,1,1.000000000000,1.000000000000,1.000000000000,1
1588,48504,48504,1782988438733115938,1782988438733115938,1782988438733164442,1782988438733164442,1782988438733164442,3,1.000000000000,1.000000000000,1.000000000000,1
1589,44175,44175,1782988438733231986,1782988438733231986,1782988438733276161,1782988438733276161,1782988438733276161,2,1.000000000000,1.000000000000,1.000000000000,1
1590,44435,44435,1782988438733345285,1782988438733345285,1782988438733389720,1782988438733389720,1782988438733389720,1,1.000000000000,1.000000000000,1.000000000000,1
1591,47805,47805,1782988438733471413,1782988438733471413,1782988438733519218,1782988438733519218,1782988438733519218,2,1.000000000000,1.000000000000,1.000000000000,1
1592,43936,43936,1782988438733589131,1782988438733589131,1782988438733633067,1782988438733633067,1782988438733633067,1,1.000000000000,1.000000000000,1.000000000000,1
1593,43476,43476,1782988438733709349,1782988438733709349,1782988438733752825,1782988438733752825,1782988438733752825,2,1.000000000000,1.000000000000,1.000000000000,1
1594,45785,45785,1782988438733827499,1782988438733827499,1782988438733873284,1782988438733873284,1782988438733873284,3,1.000000000000,1.000000000000,1.000000000000,1
1595,44085,44085,1782988438733939507,1782988438733939507,1782988438733983592,1782988438733983592,1782988438733983592,1,1.000000000000,1.000000000000,1.000000000000,1
1596,44196,44196,1782988438734060215,1782988438734060215,1782988438734104411,1782988438734104411,1782988438734104411,1,1.000000000000,1.000000000000,1.000000000000,1
1597,43415,43415,1782988438734181944,1782988438734181944,1782988438734225359,1782988438734225359,1782988438734225359,1,1.000000000000,1.000000000000,1.000000000000,1
1598,44356,44356,1782988438734303932,1782988438734303932,1782988438734348288,1782988438734348288,1782988438734348288,3,1.000000000000,1.000000000000,1.000000000000,1
1599,43206,43206,1782988438734424680,1782988438734424680,1782988438734467886,1782988438734467886,1782988438734467886,2,1.000000000000,1.000000000000,1.000000000000,1
1600,43997,43997,1782988438734547218,1782988438734547218,1782988438734591215,1782988438734591215,1782988438734591215,1,1.000000000000,1.000000000000,1.000000000000,1
1601,44156,44156,1782988438734659407,1782988438734659407,1782988438734703563,1782988438734703563,1782988438734703563,3,1.000000000000,1.000000000000,1.000000000000,1
1602,43407,43407,1782988438734772345,1782988438734772345,1782988438734815752,1782988438734815752,1782988438734815752,0,1.000000000000,1.000000000000,1.000000000000,1
1603,43467,43467,1782988438734892123,1782988438734892123,1782988438734935590,1782988438734935590,1782988438734935590,3,1.000000000000,1.000000000000,1.000000000000,1
1604,46187,46187,1782988438735011402,1782988438735011402,1782988438735057589,1782988438735057589,1782988438735057589,2,1.000000000000,1.000000000000,1.000000000000,1
1605,44517,44517,1782988438735119420,1782988438735119420,1782988438735163937,1782988438735163937,1782988438735163937,0,1.000000000000,1.000000000000,1.000000000000,1
1606,45588,45588,1782988438735241128,1782988438735241128,1782988438735286716,1782988438735286716,1782988438735286716,1,1.000000000000,1.000000000000,1.000000000000,1
1607,46437,46437,1782988438735355587,1782988438735355587,1782988438735402024,1782988438735402024,1782988438735402024,0,1.000000000000,1.000000000000,1.000000000000,1
1608,58457,58457,1782988438735507705,1782988438735507705,1782988438735566162,1782988438735566162,1782988438735566162,2,1.000000000000,1.000000000000,1.000000000000,1
1609,76758,76758,1782988438735588003,1782988438735588003,1782988438735664761,1782988438735664761,1782988438735664761,3,1.000000000000,1.000000000000,1.000000000000,1
1610,49208,49208,1782988438735713782,1782988438735713782,1782988438735762990,1782988438735762990,1782988438735762990,2,1.000000000000,1.000000000000,1.000000000000,1
1611,54079,54079,1782988438735836920,1782988438735836920,1782988438735890999,1782988438735890999,1782988438735890999,3,1.000000000000,1.000000000000,1.000000000000,1
1612,47150,47150,1782988438735941008,1782988438735941008,1782988438735988158,1782988438735988158,1782988438735988158,2,1.000000000000,1.000000000000,1.000000000000,1
1613,44270,44270,1782988438736052187,1782988438736052187,1782988438736096457,1782988438736096457,1782988438736096457,1,1.000000000000,1.000000000000,1.000000000000,1
1614,45840,45840,1782988438736170615,1782988438736170615,1782988438736216455,1782988438736216455,1782988438736216455,2,1.000000000000,1.000000000000,1.000000000000,1
1615,43431,43431,1782988438736287563,1782988438736287563,1782988438736330994,1782988438736330994,1782988438736330994,3,1.000000000000,1.000000000000,1.000000000000,1
1616,44590,44590,1782988438736406472,1782988438736406472,1782988438736451062,1782988438736451062,1782988438736451062,1,1.000000000000,1.000000000000,1.000000000000,1
1617,43251,43251,1782988438736530780,1782988438736530780,1782988438736574031,1782988438736574031,1782988438736574031,0,1.000000000000,1.000000000000,1.000000000000,1
1618,43031,43031,1782988438736647168,1782988438736647168,1782988438736690199,1782988438736690199,1782988438736690199,2,1.000000000000,1.000000000000,1.000000000000,1
1619,43771,43771,1782988438736763517,1782988438736763517,1782988438736807288,1782988438736807288,1782988438736807288,0,1.000000000000,1.000000000000,1.000000000000,1
1620,48780,48780,1782988438736879886,1782988438736879886,1782988438736928666,1782988438736928666,1782988438736928666,2,1.000000000000,1.000000000000,1.000000000000,1
1621,44511,44511,1782988438736990484,1782988438736990484,1782988438737034995,1782988438737034995,1782988438737034995,3,1.000000000000,1.000000000000,1.000000000000,1
1622,44131,44131,1782988438737108143,1782988438737108143,1782988438737152274,1782988438737152274,1782988438737152274,0,1.000000000000,1.000000000000,1.000000000000,1
1623,43431,43431,1782988438737220061,1782988438737220061,1782988438737263492,1782988438737263492,1782988438737263492,2,1.000000000000,1.000000000000,1.000000000000,1
1624,44372,44372,1782988438737340009,1782988438737340009,1782988438737384381,1782988438737384381,1782988438737384381,0,1.000000000000,1.000000000000,1.000000000000,1
1625,43651,43651,1782988438737466098,1782988438737466098,1782988438737509749,1782988438737509749,1782988438737509749,3,1.000000000000,1.000000000000,1.000000000000,1
1626,45092,45092,1782988438737588486,1782988438737588486,1782988438737633578,1782988438737633578,1782988438737633578,1,1.000000000000,1.000000000000,1.000000000000,1
1627,45262,45262,1782988438737711654,1782988438737711654,1782988438737756916,1782988438737756916,1782988438737756916,1,1.000000000000,1.000000000000,1.000000000000,1
1628,47732,47732,1782988438737829752,1782988438737829752,1782988438737877484,1782988438737877484,1782988438737877484,3,1.000000000000,1.000000000000,1.000000000000,1
1629,44082,44082,1782988438737943111,1782988438737943111,1782988438737987193,1782988438737987193,1782988438737987193,0,1.000000000000,1.000000000000,1.000000000000,1
1630,43553,43553,1782988438738055759,1782988438738055759,1782988438738099312,1782988438738099312,1782988438738099312,0,1.000000000000,1.000000000000,1.000000000000,1
1631,44272,44272,1782988438738168618,1782988438738168618,1782988438738212890,1782988438738212890,1782988438738212890,1,1.000000000000,1.000000000000,1.000000000000,1
1632,43393,43393,1782988438738284016,1782988438738284016,1782988438738327409,1782988438738327409,1782988438738327409,0,1.000000000000,1.000000000000,1.000000000000,1
1633,43623,43623,1782988438738408624,1782988438738408624,1782988438738452247,1782988438738452247,1782988438738452247,0,1.000000000000,1.000000000000,1.000000000000,1
1634,43544,43544,1782988438738526372,1782988438738526372,1782988438738569916,1782988438738569916,1782988438738569916,3,1.000000000000,1.000000000000,1.000000000000,1
1635,42453,42453,1782988438738641371,1782988438738641371,1782988438738683824,1782988438738683824,1782988438738683824,3,1.000000000000,1.000000000000,1.000000000000,1
1636,50065,50065,1782988438738764529,1782988438738764529,1782988438738814594,1782988438738814594,1782988438738814594,2,1.000000000000,1.000000000000,1.000000000000,1
1637,42595,42595,1782988438738875517,1782988438738875517,1782988438738918112,1782988438738918112,1782988438738918112,0,1.000000000000,1.000000000000,1.000000000000,1
1638,42875,42875,1782988438738985216,1782988438738985216,1782988438739028091,1782988438739028091,1782988438739028091,0,1.000000000000,1.000000000000,1.000000000000,1
1639,47696,47696,1782988438739101464,1782988438739101464,1782988438739149160,1782988438739149160,1782988438739149160,2,1.000000000000,1.000000000000,1.000000000000,1
1640,44376,44376,1782988438739225002,1782988438739225002,1782988438739269378,1782988438739269378,1782988438739269378,2,1.000000000000,1.000000000000,1.000000000000,1
1641,43946,43946,1782988438739342761,1782988438739342761,1782988438739386707,1782988438739386707,1782988438739386707,1,1.000000000000,1.000000000000,1.000000000000,1
1642,44716,44716,1782988438739465859,1782988438739465859,1782988438739510575,1782988438739510575,1782988438739510575,3,1.000000000000,1.000000000000,1.000000000000,1
1643,43257,43257,1782988438739582827,1782988438739582827,1782988438739626084,1782988438739626084,1782988438739626084,0,1.000000000000,1.000000000000,1.000000000000,1
1644,43036,43036,1782988438739703726,1782988438739703726,1782988438739746762,1782988438739746762,1782988438739746762,2,1.000000000000,1.000000000000,1.000000000000,1
1645,45586,45586,1782988438739822185,1782988438739822185,1782988438739867771,1782988438739867771,1782988438739867771,0,1.000000000000,1.000000000000,1.000000000000,1
1646,44736,44736,1782988438739931733,1782988438739931733,1782988438739976469,1782988438739976469,1782988438739976469,2,1.000000000000,1.000000000000,1.000000000000,1
1647,54776,54776,1782988438740053092,1782988438740053092,1782988438740107868,1782988438740107868,1782988438740107868,3,1.000000000000,1.000000000000,1.000000000000,1
1648,44366,44366,1782988438740177000,1782988438740177000,1782988438740221366,1782988438740221366,1782988438740221366,1,1.000000000000,1.000000000000,1.000000000000,1
1649,43127,43127,1782988438740298888,1782988438740298888,1782988438740342015,1782988438740342015,1782988438740342015,3,1.000000000000,1.000000000000,1.000000000000,1
1650,43317,43317,1782988438740419386,1782988438740419386,1782988438740462703,1782988438740462703,1782988438740462703,1,1.000000000000,1.000000000000,1.000000000000,1
1651,45067,45067,1782988438740543095,1782988438740543095,1782988438740588162,1782988438740588162,1782988438740588162,3,1.000000000000,1.000000000000,1.000000000000,1
1652,47547,47547,1782988438740652873,1782988438740652873,1782988438740700420,1782988438740700420,1782988438740700420,0,1.000000000000,1.000000000000,1.000000000000,1
1653,43068,43068,1782988438740769171,1782988438740769171,1782988438740812239,1782988438740812239,1782988438740812239,0,1.000000000000,1.000000000000,1.000000000000,1
1654,43847,43847,1782988438740885110,1782988438740885110,1782988438740928957,1782988438740928957,1782988438740928957,2,1.000000000000,1.000000000000,1.000000000000,1
1655,45658,45658,1782988438741000208,1782988438741000208,1782988438741045866,1782988438741045866,1782988438741045866,3,1.000000000000,1.000000000000,1.000000000000,1
1656,48418,48418,1782988438741112156,1782988438741112156,1782988438741160574,1782988438741160574,1782988438741160574,2,1.000000000000,1.000000000000,1.000000000000,1
1657,43968,43968,1782988438741227565,1782988438741227565,1782988438741271533,1782988438741271533,1782988438741271533,2,1.000000000000,1.000000000000,1.000000000000,1
1658,44558,44558,1782988438741348463,1782988438741348463,1782988438741393021,1782988438741393021,1782988438741393021,0,1.000000000000,1.000000000000,1.000000000000,1
1659,44369,44369,1782988438741476851,1782988438741476851,1782988438741521220,1782988438741521220,1782988438741521220,0,1.000000000000,1.000000000000,1.000000000000,1
1660,44339,44339,1782988438741595009,1782988438741595009,1782988438741639348,1782988438741639348,1782988438741639348,1,1.000000000000,1.000000000000,1.000000000000,1
1661,44909,44909,1782988438741709418,1782988438741709418,1782988438741754327,1782988438741754327,1782988438741754327,0,1.000000000000,1.000000000000,1.000000000000,1
1662,45990,45990,1782988438741833036,1782988438741833036,1782988438741879026,1782988438741879026,1782988438741879026,1,1.000000000000,1.000000000000,1.000000000000,1
1663,43490,43490,1782988438741938465,1782988438741938465,1782988438741981955,1782988438741981955,1782988438741981955,0,1.000000000000,1.000000000000,1.000000000000,1
1664,43691,43691,1782988438742059963,1782988438742059963,1782988438742103654,1782988438742103654,1782988438742103654,2,1.000000000000,1.000000000000,1.000000000000,1
1665,43121,43121,1782988438742166461,1782988438742166461,1782988438742209582,1782988438742209582,1782988438742209582,2,1.000000000000,1.000000000000,1.000000000000,1
1666,44181,44181,1782988438742289930,1782988438742289930,1782988438742334111,1782988438742334111,1782988438742334111,2,1.000000000000,1.000000000000,1.000000000000,1
1667,47301,47301,1782988438742411768,1782988438742411768,1782988438742459069,1782988438742459069,1782988438742459069,3,1.000000000000,1.000000000000,1.000000000000,1
1668,45532,45532,1782988438742531006,1782988438742531006,1782988438742576538,1782988438742576538,1782988438742576538,3,1.000000000000,1.000000000000,1.000000000000,1
1669,42982,42982,1782988438742651624,1782988438742651624,1782988438742694606,1782988438742694606,1782988438742694606,3,1.000000000000,1.000000000000,1.000000000000,1
1670,43392,43392,1782988438742779503,1782988438742779503,1782988438742822895,1782988438742822895,1782988438742822895,2,1.000000000000,1.000000000000,1.000000000000,1
1671,44911,44911,1782988438742899142,1782988438742899142,1782988438742944053,1782988438742944053,1782988438742944053,2,1.000000000000,1.000000000000,1.000000000000,1
1672,43992,43992,1782988438743012410,1782988438743012410,1782988438743056402,1782988438743056402,1782988438743056402,2,1.000000000000,1.000000000000,1.000000000000,1
1673,44421,44421,1782988438743129199,1782988438743129199,1782988438743173620,1782988438743173620,1782988438743173620,0,1.000000000000,1.000000000000,1.000000000000,1
1674,43752,43752,1782988438743242967,1782988438743242967,1782988438743286719,1782988438743286719,1782988438743286719,3,1.000000000000,1.000000000000,1.000000000000,1
1675,43752,43752,1782988438743358865,1782988438743358865,1782988438743402617,1782988438743402617,1782988438743402617,1,1.000000000000,1.000000000000,1.000000000000,1
1676,47723,47723,1782988438743493563,1782988438743493563,1782988438743541286,1782988438743541286,1782988438743541286,1,1.000000000000,1.000000000000,1.000000000000,1
1677,44382,44382,1782988438743610782,1782988438743610782,1782988438743655164,1782988438743655164,1782988438743655164,1,1.000000000000,1.000000000000,1.000000000000,1
1678,44643,44643,1782988438743723580,1782988438743723580,1782988438743768223,1782988438743768223,1782988438743768223,0,1.000000000000,1.000000000000,1.000000000000,1
1679,44843,44843,1782988438743845228,1782988438743845228,1782988438743890071,1782988438743890071,1782988438743890071,0,1.000000000000,1.000000000000,1.000000000000,1
1680,47823,47823,1782988438743970697,1782988438743970697,1782988438744018520,1782988438744018520,1782988438744018520,1,1.000000000000,1.000000000000,1.000000000000,1
1681,44823,44823,1782988438744069675,1782988438744069675,1782988438744114498,1782988438744114498,1782988438744114498,0,1.000000000000,1.000000000000,1.000000000000,1
1682,43164,43164,1782988438744181923,1782988438744181923,1782988438744225087,1782988438744225087,1782988438744225087,3,1.000000000000,1.000000000000,1.000000000000,1
1683,42824,42824,1782988438744299162,1782988438744299162,1782988438744341986,1782988438744341986,1782988438744341986,2,1.000000000000,1.000000000000,1.000000000000,1
1684,47124,47124,1782988438744419430,1782988438744419430,1782988438744466554,1782988438744466554,1782988438744466554,3,1.000000000000,1.000000000000,1.000000000000,1
1685,42985,42985,1782988438744539748,1782988438744539748,1782988438744582733,1782988438744582733,1782988438744582733,1,1.000000000000,1.000000000000,1.000000000000,1
1686,44074,44074,1782988438744653517,1782988438744653517,1782988438744697591,1782988438744697591,1782988438744697591,2,1.000000000000,1.000000000000,1.000000000000,1
1687,43846,43846,1782988438744780975,1782988438744780975,1782988438744824821,1782988438744824821,1782988438744824821,2,1.000000000000,1.000000000000,1.000000000000,1
1688,46526,46526,1782988438744900253,1782988438744900253,1782988438744946779,1782988438744946779,1782988438744946779,1,1.000000000000,1.000000000000,1.000000000000,1
1689,45566,45566,1782988438745008882,1782988438745008882,1782988438745054448,1782988438745054448,1782988438745054448,0,1.000000000000,1.000000000000,1.000000000000,1
1690,45546,45546,1782988438745122380,1782988438745122380,1782988438745167926,1782988438745167926,1782988438745167926,3,1.000000000000,1.000000000000,1.000000000000,1
1691,46477,46477,1782988438745238628,1782988438745238628,1782988438745285105,1782988438745285105,1782988438745285105,0,1.000000000000,1.000000000000,1.000000000000,1
1692,46286,46286,1782988438745367057,1782988438745367057,1782988438745413343,1782988438745413343,1782988438745413343,3,1.000000000000,1.000000000000,1.000000000000,1
1693,44367,44367,1782988438745474075,1782988438745474075,1782988438745518442,1782988438745518442,1782988438745518442,2,1.000000000000,1.000000000000,1.000000000000,1
1694,43217,43217,1782988438745587753,1782988438745587753,1782988438745630970,1782988438745630970,1782988438745630970,1,1.000000000000,1.000000000000,1.000000000000,1
1695,49097,49097,1782988438745703812,1782988438745703812,1782988438745752909,1782988438745752909,1782988438745752909,0,1.000000000000,1.000000000000,1.000000000000,1
1696,49206,49206,1782988438745824801,1782988438745824801,1782988438745874007,1782988438745874007,1782988438745874007,0,1.000000000000,1.000000000000,1.000000000000,1
1697,42767,42767,1782988438745933329,1782988438745933329,1782988438745976096,1782988438745976096,1782988438745976096,3,1.000000000000,1.000000000000,1.000000000000,1
1698,43407,43407,1782988438746048048,1782988438746048048,1782988438746091455,1782988438746091455,1782988438746091455,0,1.000000000000,1.000000000000,1.000000000000,1
1699,43387,43387,1782988438746166986,1782988438746166986,1782988438746210373,1782988438746210373,1782988438746210373,1,1.000000000000,1.000000000000,1.000000000000,1
1700,45608,45608,1782988438746285494,1782988438746285494,1782988438746331102,1782988438746331102,1782988438746331102,0,1.000000000000,1.000000000000,1.000000000000,1
1701,44207,44207,1782988438746408083,1782988438746408083,1782988438746452290,1782988438746452290,1782988438746452290,1,1.000000000000,1.000000000000,1.000000000000,1
1702,43868,43868,1782988438746529851,1782988438746529851,1782988438746573719,1782988438746573719,1782988438746573719,2,1.000000000000,1.000000000000,1.000000000000,1
1703,44498,44498,1782988438746644789,1782988438746644789,1782988438746689287,1782988438746689287,1782988438746689287,0,1.000000000000,1.000000000000,1.000000000000,1
1704,42698,42698,1782988438746760088,1782988438746760088,1782988438746802786,1782988438746802786,1782988438746802786,1,1.000000000000,1.000000000000,1.000000000000,1
1705,42668,42668,1782988438746876056,1782988438746876056,1782988438746918724,1782988438746918724,1782988438746918724,3,1.000000000000,1.000000000000,1.000000000000,1
1706,44479,44479,1782988438746991114,1782988438746991114,1782988438747035593,1782988438747035593,1782988438747035593,3,1.000000000000,1.000000000000,1.000000000000,1
1707,43428,43428,1782988438747103873,1782988438747103873,1782988438747147301,1782988438747147301,1782988438747147301,0,1.000000000000,1.000000000000,1.000000000000,1
1708,42679,42679,1782988438747219791,1782988438747219791,1782988438747262470,1782988438747262470,1782988438747262470,3,1.000000000000,1.000000000000,1.000000000000,1
1709,43429,43429,1782988438747342099,1782988438747342099,1782988438747385528,1782988438747385528,1782988438747385528,2,1.000000000000,1.000000000000,1.000000000000,1
1710,43810,43810,1782988438747468227,1782988438747468227,1782988438747512037,1782988438747512037,1782988438747512037,1,1.000000000000,1.000000000000,1.000000000000,1
1711,45579,45579,1782988438747586896,1782988438747586896,1782988438747632475,1782988438747632475,1782988438747632475,3,1.000000000000,1.000000000000,1.000000000000,1
1712,43850,43850,1782988438747706434,1782988438747706434,1782988438747750284,1782988438747750284,1782988438747750284,2,1.000000000000,1.000000000000,1.000000000000,1
1713,51111,51111,1782988438747835482,1782988438747835482,1782988438747886593,1782988438747886593,1782988438747886593,1,1.000000000000,1.000000000000,1.000000000000,1
1714,54821,54821,1782988438747948891,1782988438747948891,1782988438748003712,1782988438748003712,1782988438748003712,3,1.000000000000,1.000000000000,1.000000000000,1
1715,43951,43951,1782988438748065479,1782988438748065479,1782988438748109430,1782988438748109430,1782988438748109430,3,1.000000000000,1.000000000000,1.000000000000,1
1716,51982,51982,1782988438748176427,1782988438748176427,1782988438748228409,1782988438748228409,1782988438748228409,3,1.000000000000,1.000000000000,1.000000000000,1
1717,43262,43262,1782988438748294046,1782988438748294046,1782988438748337308,1782988438748337308,1782988438748337308,0,1.000000000000,1.000000000000,1.000000000000,1
1718,42882,42882,1782988438748415244,1782988438748415244,1782988438748458126,1782988438748458126,1782988438748458126,0,1.000000000000,1.000000000000,1.000000000000,1
1719,43812,43812,1782988438748536992,1782988438748536992,1782988438748580804,1782988438748580804,1782988438748580804,1,1.000000000000,1.000000000000,1.000000000000,1
1720,43023,43023,1782988438748663710,1782988438748663710,1782988438748706733,1782988438748706733,1782988438748706733,3,1.000000000000,1.000000000000,1.000000000000,1
1721,44123,44123,1782988438748775199,1782988438748775199,1782988438748819322,1782988438748819322,1782988438748819322,1,1.000000000000,1.000000000000,1.000000000000,1
1722,44412,44412,1782988438748887788,1782988438748887788,1782988438748932200,1782988438748932200,1782988438748932200,2,1.000000000000,1.000000000000,1.000000000000,1
1723,48432,48432,1782988438749001477,1782988438749001477,1782988438749049909,1782988438749049909,1782988438749049909,2,1.000000000000,1.000000000000,1.000000000000,1
1724,45482,45482,1782988438749115535,1782988438749115535,1782988438749161017,1782988438749161017,1782988438749161017,0,1.000000000000,1.000000000000,1.000000000000,1
1725,44373,44373,1782988438749230433,1782988438749230433,1782988438749274806,1782988438749274806,1782988438749274806,2,1.000000000000,1.000000000000,1.000000000000,1
1726,44542,44542,1782988438749345402,1782988438749345402,1782988438749389944,1782988438749389944,1782988438749389944,0,1.000000000000,1.000000000000,1.000000000000,1
1727,43983,43983,1782988438749471080,1782988438749471080,1782988438749515063,1782988438749515063,1782988438749515063,2,1.000000000000,1.000000000000,1.000000000000,1
1728,44283,44283,1782988438749593998,1782988438749593998,1782988438749638281,1782988438749638281,1782988438749638281,1,1.000000000000,1.000000000000,1.000000000000,1
1729,44974,44974,1782988438749714426,1782988438749714426,1782988438749759400,1782988438749759400,1782988438749759400,2,1.000000000000,1.000000000000,1.000000000000,1
1730,46253,46253,1782988438749833755,1782988438749833755,1782988438749880008,1782988438749880008,1782988438749880008,3,1.000000000000,1.000000000000,1.000000000000,1
1731,44694,44694,1782988438749948003,1782988438749948003,1782988438749992697,1782988438749992697,1782988438749992697,2,1.000000000000,1.000000000000,1.000000000000,1
1732,45764,45764,1782988438750064411,1782988438750064411,1782988438750110175,1782988438750110175,1782988438750110175,0,1.000000000000,1.000000000000,1.000000000000,1
1733,43244,43244,1782988438750174250,1782988438750174250,1782988438750217494,1782988438750217494,1782988438750217494,3,1.000000000000,1.000000000000,1.000000000000,1
1734,43195,43195,1782988438750288068,1782988438750288068,1782988438750331263,1782988438750331263,1782988438750331263,0,1.000000000000,1.000000000000,1.000000000000,1
1735,46155,46155,1782988438750408866,1782988438750408866,1782988438750455021,1782988438750455021,1782988438750455021,1,1.000000000000,1.000000000000,1.000000000000,1
1736,44555,44555,1782988438750530475,1782988438750530475,1782988438750575030,1782988438750575030,1782988438750575030,2,1.000000000000,1.000000000000,1.000000000000,1
1737,42475,42475,1782988438750653133,1782988438750653133,1782988438750695608,1782988438750695608,1782988438750695608,2,1.000000000000,1.000000000000,1.000000000000,1
1738,43366,43366,1782988438750780931,1782988438750780931,1782988438750824297,1782988438750824297,1782988438750824297,3,1.000000000000,1.000000000000,1.000000000000,1
1739,46727,46727,1782988438750905419,1782988438750905419,1782988438750952146,1782988438750952146,1782988438750952146,2,1.000000000000,1.000000000000,1.000000000000,1
1740,44416,44416,1782988438751015768,1782988438751015768,1782988438751060184,1782988438751060184,1782988438751060184,2,1.000000000000,1.000000000000,1.000000000000,1
1741,48237,48237,1782988438751132906,1782988438751132906,1782988438751181143,1782988438751181143,1782988438751181143,1,1.000000000000,1.000000000000,1.000000000000,1
1742,45948,45948,1782988438751247514,1782988438751247514,1782988438751293462,1782988438751293462,1782988438751293462,1,1.000000000000,1.000000000000,1.000000000000,1
1743,45127,45127,1782988438751366083,1782988438751366083,1782988438751411210,1782988438751411210,1782988438751411210,2,1.000000000000,1.000000000000,1.000000000000,1
1744,45368,45368,1782988438751482921,1782988438751482921,1782988438751528289,1782988438751528289,1782988438751528289,2,1.000000000000,1.000000000000,1.000000000000,1
1745,43758,43758,1782988438751597339,1782988438751597339,1782988438751641097,1782988438751641097,1782988438751641097,0,1.000000000000,1.000000000000,1.000000000000,1
1746,46618,46618,1782988438751713948,1782988438751713948,1782988438751760566,1782988438751760566,1782988438751760566,0,1.000000000000,1.000000000000,1.000000000000,1
1747,45457,45457,1782988438751845927,1782988438751845927,1782988438751891384,1782988438751891384,1782988438751891384,2,1.000000000000,1.000000000000,1.000000000000,1
1748,48977,48977,1782988438751982015,1782988438751982015,1782988438752030992,1782988438752030992,1782988438752030992,1,1.000000000000,1.000000000000,1.000000000000,1
1749,46118,46118,1782988438752079823,1782988438752079823,1782988438752125941,1782988438752125941,1782988438752125941,1,1.000000000000,1.000000000000,1.000000000000,1
1750,43888,43888,1782988438752195992,1782988438752195992,1782988438752239880,1782988438752239880,1782988438752239880,2,1.000000000000,1.000000000000,1.000000000000,1
1751,49118,49118,1782988438752307960,1782988438752307960,1782988438752357078,1782988438752357078,1782988438752357078,1,1.000000000000,1.000000000000,1.000000000000,1
1752,43038,43038,1782988438752423409,1782988438752423409,1782988438752466447,1782988438752466447,1782988438752466447,1,1.000000000000,1.000000000000,1.000000000000,1
1753,43268,43268,1782988438752544187,1782988438752544187,1782988438752587455,1782988438752587455,1782988438752587455,2,1.000000000000,1.000000000000,1.000000000000,1
1754,43159,43159,1782988438752660475,1782988438752660475,1782988438752703634,1782988438752703634,1782988438752703634,1,1.000000000000,1.000000000000,1.000000000000,1
1755,43219,43219,1782988438752777253,1782988438752777253,1782988438752820472,1782988438752820472,1782988438752820472,1,1.000000000000,1.000000000000,1.000000000000,1
1756,44829,44829,1782988438752898192,1782988438752898192,1782988438752943021,1782988438752943021,1782988438752943021,1,1.000000000000,1.000000000000,1.000000000000,1
1757,44329,44329,1782988438753014310,1782988438753014310,1782988438753058639,1782988438753058639,1782988438753058639,3,1.000000000000,1.000000000000,1.000000000000,1
1758,44660,44660,1782988438753134208,1782988438753134208,1782988438753178868,1782988438753178868,1782988438753178868,3,1.000000000000,1.000000000000,1.000000000000,1
1759,44690,44690,1782988438753247837,1782988438753247837,1782988438753292527,1782988438753292527,1782988438753292527,2,1.000000000000,1.000000000000,1.000000000000,1
1760,43980,43980,1782988438753361595,1782988438753361595,1782988438753405575,1782988438753405575,1782988438753405575,3,1.000000000000,1.000000000000,1.000000000000,1
1761,47700,47700,1782988438753488183,1782988438753488183,1782988438753535883,1782988438753535883,1782988438753535883,2,1.000000000000,1.000000000000,1.000000000000,1
1762,44210,44210,1782988438753599322,1782988438753599322,1782988438753643532,1782988438753643532,1782988438753643532,0,1.000000000000,1.000000000000,1.000000000000,1
1763,44581,44581,1782988438753715890,1782988438753715890,1782988438753760471,1782988438753760471,1782988438753760471,0,1.000000000000,1.000000000000,1.000000000000,1
1764,46712,46712,1782988438753835438,1782988438753835438,1782988438753882150,1782988438753882150,1782988438753882150,1,1.000000000000,1.000000000000,1.000000000000,1
1765,44302,44302,1782988438753950167,1782988438753950167,1782988438753994469,1782988438753994469,1782988438753994469,2,1.000000000000,1.000000000000,1.000000000000,1
1766,43512,43512,1782988438754068835,1782988438754068835,1782988438754112347,1782988438754112347,1782988438754112347,1,1.000000000000,1.000000000000,1.000000000000,1
1767,43893,43893,1782988438754181953,1782988438754181953,1782988438754225846,1782988438754225846,1782988438754225846,1,1.000000000000,1.000000000000,1.000000000000,1
1768,43463,43463,1782988438754305171,1782988438754305171,1782988438754348634,1782988438754348634,1782988438754348634,1,1.000000000000,1.000000000000,1.000000000000,1
1769,43403,43403,1782988438754433230,1782988438754433230,1782988438754476633,1782988438754476633,1782988438754476633,2,1.000000000000,1.000000000000,1.000000000000,1
1770,43353,43353,1782988438754541168,1782988438754541168,1782988438754584521,1782988438754584521,1782988438754584521,1,1.000000000000,1.000000000000,1.000000000000,1
1771,44184,44184,1782988438754654796,1782988438754654796,1782988438754698980,1782988438754698980,1782988438754698980,0,1.000000000000,1.000000000000,1.000000000000,1
1772,42903,42903,1782988438754771255,1782988438754771255,1782988438754814158,1782988438754814158,1782988438754814158,0,1.000000000000,1.000000000000,1.000000000000,1
1773,44013,44013,1782988438754886994,1782988438754886994,1782988438754931007,1782988438754931007,1782988438754931007,3,1.000000000000,1.000000000000,1.000000000000,1
1774,44234,44234,1782988438754997822,1782988438754997822,1782988438755042056,1782988438755042056,1782988438755042056,2,1.000000000000,1.000000000000,1.000000000000,1
1775,43973,43973,1782988438755112201,1782988438755112201,1782988438755156174,1782988438755156174,1782988438755156174,0,1.000000000000,1.000000000000,1.000000000000,1
1776,46104,46104,1782988438755235359,1782988438755235359,1782988438755281463,1782988438755281463,1782988438755281463,3,1.000000000000,1.000000000000,1.000000000000,1
1777,44234,44234,1782988438755342407,1782988438755342407,1782988438755386641,1782988438755386641,1782988438755386641,1,1.000000000000,1.000000000000,1.000000000000,1
1778,43854,43854,1782988438755460466,1782988438755460466,1782988438755504320,1782988438755504320,1782988438755504320,1,1.000000000000,1.000000000000,1.000000000000,1
1779,52534,52534,1782988438755587814,1782988438755587814,1782988438755640348,1782988438755640348,1782988438755640348,2,1.000000000000,1.000000000000,1.000000000000,1
1780,46945,46945,1782988438755704522,1782988438755704522,1782988438755751467,1782988438755751467,1782988438755751467,2,1.000000000000,1.000000000000,1.000000000000,1
1781,49745,49745,1782988438755826550,1782988438755826550,1782988438755876295,1782988438755876295,1782988438755876295,1,1.000000000000,1.000000000000,1.000000000000,1
1782,43595,43595,1782988438755936359,1782988438755936359,1782988438755979954,1782988438755979954,1782988438755979954,3,1.000000000000,1.000000000000,1.000000000000,1
1783,45305,45305,1782988438756054517,1782988438756054517,1782988438756099822,1782988438756099822,1782988438756099822,0,1.000000000000,1.000000000000,1.000000000000,1
1784,43685,43685,1782988438756165946,1782988438756165946,1782988438756209631,1782988438756209631,1782988438756209631,1,1.000000000000,1.000000000000,1.000000000000,1
1785,42926,42926,1782988438756286204,1782988438756286204,1782988438756329130,1782988438756329130,1782988438756329130,2,1.000000000000,1.000000000000,1.000000000000,1
1786,44296,44296,1782988438756408572,1782988438756408572,1782988438756452868,1782988438756452868,1782988438756452868,1,1.000000000000,1.000000000000,1.000000000000,1
1787,43476,43476,1782988438756526790,1782988438756526790,1782988438756570266,1782988438756570266,1782988438756570266,1,1.000000000000,1.000000000000,1.000000000000,1
1788,43476,43476,1782988438756636639,1782988438756636639,1782988438756680115,1782988438756680115,1782988438756680115,3,1.000000000000,1.000000000000,1.000000000000,1
1789,42967,42967,1782988438756751817,1782988438756751817,1782988438756794784,1782988438756794784,1782988438756794784,1,1.000000000000,1.000000000000,1.000000000000,1
1790,44918,44918,1782988438756885095,1782988438756885095,1782988438756930013,1782988438756930013,1782988438756930013,3,1.000000000000,1.000000000000,1.000000000000,1
1791,46948,46948,1782988438756995144,1782988438756995144,1782988438757042092,1782988438757042092,1782988438757042092,3,1.000000000000,1.000000000000,1.000000000000,1
1792,44368,44368,1782988438757109342,1782988438757109342,1782988438757153710,1782988438757153710,1782988438757153710,2,1.000000000000,1.000000000000,1.000000000000,1
1793,44439,44439,1782988438757225060,1782988438757225060,1782988438757269499,1782988438757269499,1782988438757269499,2,1.000000000000,1.000000000000,1.000000000000,1
1794,44508,44508,1782988438757346739,1782988438757346739,1782988438757391247,1782988438757391247,1782988438757391247,2,1.000000000000,1.000000000000,1.000000000000,1
1795,44799,44799,1782988438757467257,1782988438757467257,1782988438757512056,1782988438757512056,1782988438757512056,1,1.000000000000,1.000000000000,1.000000000000,1
1796,47119,47119,1782988438757585295,1782988438757585295,1782988438757632414,1782988438757632414,1782988438757632414,3,1.000000000000,1.000000000000,1.000000000000,1
1797,44149,44149,1782988438757707904,1782988438757707904,1782988438757752053,1782988438757752053,1782988438757752053,1,1.000000000000,1.000000000000,1.000000000000,1
1798,44578,44578,1782988438757832543,1782988438757832543,1782988438757877121,1782988438757877121,1782988438757877121,2,1.000000000000,1.000000000000,1.000000000000,1
1799,44969,44969,1782988438757942401,1782988438757942401,1782988438757987370,1782988438757987370,1782988438757987370,1,1.000000000000,1.000000000000,1.000000000000,1
1800,43598,43598,1782988438758057450,1782988438758057450,1782988438758101048,1782988438758101048,1782988438758101048,2,1.000000000000,1.000000000000,1.000000000000,1
1801,46569,46569,1782988438758180458,1782988438758180458,1782988438758227027,1782988438758227027,1782988438758227027,1,1.000000000000,1.000000000000,1.000000000000,1
1802,43449,43449,1782988438758301276,1782988438758301276,1782988438758344725,1782988438758344725,1782988438758344725,3,1.000000000000,1.000000000000,1.000000000000,1
1803,44290,44290,1782988438758426974,1782988438758426974,1782988438758471264,1782988438758471264,1782988438758471264,2,1.000000000000,1.000000000000,1.000000000000,1
1804,42970,42970,1782988438758548622,1782988438758548622,1782988438758591592,1782988438758591592,1782988438758591592,3,1.000000000000,1.000000000000,1.000000000000,1
1805,43240,43240,1782988438758653511,1782988438758653511,1782988438758696751,1782988438758696751,1782988438758696751,2,1.000000000000,1.000000000000,1.000000000000,1
1806,44050,44050,1782988438758769119,1782988438758769119,1782988438758813169,1782988438758813169,1782988438758813169,1,1.000000000000,1.000000000000,1.000000000000,1
1807,48880,48880,1782988438758886348,1782988438758886348,1782988438758935228,1782988438758935228,1782988438758935228,3,1.000000000000,1.000000000000,1.000000000000,1
1808,44241,44241,1782988438758998066,1782988438758998066,1782988438759042307,1782988438759042307,1782988438759042307,3,1.000000000000,1.000000000000,1.000000000000,1
1809,43981,43981,1782988438759111724,1782988438759111724,1782988438759155705,1782988438759155705,1782988438759155705,2,1.000000000000,1.000000000000,1.000000000000,1
1810,43761,43761,1782988438759227293,1782988438759227293,1782988438759271054,1782988438759271054,1782988438759271054,0,1.000000000000,1.000000000000,1.000000000000,1
1811,45581,45581,1782988438759352271,1782988438759352271,1782988438759397852,1782988438759397852,1782988438759397852,0,1.000000000000,1.000000000000,1.000000000000,1
1812,51821,51821,1782988438759473829,1782988438759473829,1782988438759525650,1782988438759525650,1782988438759525650,3,1.000000000000,1.000000000000,1.000000000000,1
1813,43951,43951,1782988438759593298,1782988438759593298,1782988438759637249,1782988438759637249,1782988438759637249,1,1.000000000000,1.000000000000,1.000000000000,1
1814,44952,44952,1782988438759710116,1782988438759710116,1782988438759755068,1782988438759755068,1782988438759755068,0,1.000000000000,1.000000000000,1.000000000000,1
1815,44303,44303,1782988438759828084,1782988438759828084,1782988438759872387,1782988438759872387,1782988438759872387,0,1.000000000000,1.000000000000,1.000000000000,1
1816,44113,44113,1782988438759936233,1782988438759936233,1782988438759980346,1782988438759980346,1782988438759980346,0,1.000000000000,1.000000000000,1.000000000000,1
1817,43663,43663,1782988438760050861,1782988438760050861,1782988438760094524,1782988438760094524,1782988438760094524,0,1.000000000000,1.000000000000,1.000000000000,1
1818,43074,43074,1782988438760167129,1782988438760167129,1782988438760210203,1782988438760210203,1782988438760210203,0,1.000000000000,1.000000000000,1.000000000000,1
1819,43573,43573,1782988438760286148,1782988438760286148,1782988438760329721,1782988438760329721,1782988438760329721,3,1.000000000000,1.000000000000,1.000000000000,1
1820,43304,43304,1782988438760406456,1782988438760406456,1782988438760449760,1782988438760449760,1782988438760449760,1,1.000000000000,1.000000000000,1.000000000000,1
1821,45994,45994,1782988438760526774,1782988438760526774,1782988438760572768,1782988438760572768,1782988438760572768,3,1.000000000000,1.000000000000,1.000000000000,1
1822,43435,43435,1782988438760648762,1782988438760648762,1782988438760692197,1782988438760692197,1782988438760692197,2,1.000000000000,1.000000000000,1.000000000000,1
1823,43774,43774,1782988438760768331,1782988438760768331,1782988438760812105,1782988438760812105,1782988438760812105,0,1.000000000000,1.000000000000,1.000000000000,1
1824,43734,43734,1782988438760883350,1782988438760883350,1782988438760927084,1782988438760927084,1782988438760927084,3,1.000000000000,1.000000000000,1.000000000000,1
1825,44494,44494,1782988438760999888,1782988438760999888,1782988438761044382,1782988438761044382,1782988438761044382,0,1.000000000000,1.000000000000,1.000000000000,1
1826,44914,44914,1782988438761111277,1782988438761111277,1782988438761156191,1782988438761156191,1782988438761156191,2,1.000000000000,1.000000000000,1.000000000000,1
1827,44515,44515,1782988438761228775,1782988438761228775,1782988438761273290,1782988438761273290,1782988438761273290,3,1.000000000000,1.000000000000,1.000000000000,1
1828,46345,46345,1782988438761351463,1782988438761351463,1782988438761397808,1782988438761397808,1782988438761397808,3,1.000000000000,1.000000000000,1.000000000000,1
1829,44445,44445,1782988438761476152,1782988438761476152,1782988438761520597,1782988438761520597,1782988438761520597,1,1.000000000000,1.000000000000,1.000000000000,1
1830,43495,43495,1782988438761591180,1782988438761591180,1782988438761634675,1782988438761634675,1782988438761634675,2,1.000000000000,1.000000000000,1.000000000000,1
1831,44886,44886,1782988438761706458,1782988438761706458,1782988438761751344,1782988438761751344,1782988438761751344,0,1.000000000000,1.000000000000,1.000000000000,1
1832,44886,44886,1782988438761838716,1782988438761838716,1782988438761883602,1782988438761883602,1782988438761883602,3,1.000000000000,1.000000000000,1.000000000000,1
1833,44746,44746,1782988438761942495,1782988438761942495,1782988438761987241,1782988438761987241,1782988438761987241,2,1.000000000000,1.000000000000,1.000000000000,1
1834,42806,42806,1782988438762056363,1782988438762056363,1782988438762099169,1782988438762099169,1782988438762099169,0,1.000000000000,1.000000000000,1.000000000000,1
1835,48106,48106,1782988438762170362,1782988438762170362,1782988438762218468,1782988438762218468,1782988438762218468,1,1.000000000000,1.000000000000,1.000000000000,1
1836,43926,43926,1782988438762294580,1782988438762294580,1782988438762338506,1782988438762338506,1782988438762338506,0,1.000000000000,1.000000000000,1.000000000000,1
1837,42857,42857,1782988438762418508,1782988438762418508,1782988438762461365,1782988438762461365,1782988438762461365,0,1.000000000000,1.000000000000,1.000000000000,1
1838,44637,44637,1782988438762539556,1782988438762539556,1782988438762584193,1782988438762584193,1782988438762584193,0,1.000000000000,1.000000000000,1.000000000000,1
1839,43177,43177,1782988438762653905,1782988438762653905,1782988438762697082,1782988438762697082,1782988438762697082,1,1.000000000000,1.000000000000,1.000000000000,1
1840,42868,42868,1782988438762770923,1782988438762770923,1782988438762813791,1782988438762813791,1782988438762813791,1,1.000000000000,1.000000000000,1.000000000000,1
1841,44869,44869,1782988438762884591,1782988438762884591,1782988438762929460,1782988438762929460,1782988438762929460,3,1.000000000000,1.000000000000,1.000000000000,1
1842,43819,43819,1782988438762996750,1782988438762996750,1782988438763040569,1782988438763040569,1782988438763040569,3,1.000000000000,1.000000000000,1.000000000000,1
1843,47029,47029,1782988438763114078,1782988438763114078,1782988438763161107,1782988438763161107,1782988438763161107,1,1.000000000000,1.000000000000,1.000000000000,1
1844,48399,48399,1782988438763226357,1782988438763226357,1782988438763274756,1782988438763274756,1782988438763274756,0,1.000000000000,1.000000000000,1.000000000000,1
1845,46899,46899,1782988438763347665,1782988438763347665,1782988438763394564,1782988438763394564,1782988438763394564,3,1.000000000000,1.000000000000,1.000000000000,1
1846,47350,47350,1782988438763471983,1782988438763471983,1782988438763519333,1782988438763519333,1782988438763519333,0,1.000000000000,1.000000000000,1.000000000000,1
1847,45160,45160,1782988438763595561,1782988438763595561,1782988438763640721,1782988438763640721,1782988438763640721,2,1.000000000000,1.000000000000,1.000000000000,1
1848,43780,43780,1782988438763708900,1782988438763708900,1782988438763752680,1782988438763752680,1782988438763752680,0,1.000000000000,1.000000000000,1.000000000000,1
1849,44169,44169,1782988438763827419,1782988438763827419,1782988438763871588,1782988438763871588,1782988438763871588,1,1.000000000000,1.000000000000,1.000000000000,1
1850,43480,43480,1782988438763936347,1782988438763936347,1782988438763979827,1782988438763979827,1782988438763979827,2,1.000000000000,1.000000000000,1.000000000000,1
1851,44929,44929,1782988438764056086,1782988438764056086,1782988438764101015,1782988438764101015,1782988438764101015,0,1.000000000000,1.000000000000,1.000000000000,1
1852,42870,42870,1782988438764166724,1782988438764166724,1782988438764209594,1782988438764209594,1782988438764209594,2,1.000000000000,1.000000000000,1.000000000000,1
1853,43280,43280,1782988438764288772,1782988438764288772,1782988438764332052,1782988438764332052,1782988438764332052,3,1.000000000000,1.000000000000,1.000000000000,1
1854,45670,45670,1782988438764416301,1782988438764416301,1782988438764461971,1782988438764461971,1782988438764461971,2,1.000000000000,1.000000000000,1.000000000000,1
1855,43680,43680,1782988438764538619,1782988438764538619,1782988438764582299,1782988438764582299,1782988438764582299,3,1.000000000000,1.000000000000,1.000000000000,1
1856,44091,44091,1782988438764651847,1782988438764651847,1782988438764695938,1782988438764695938,1782988438764695938,1,1.000000000000,1.000000000000,1.000000000000,1
1857,42640,42640,1782988438764766486,1782988438764766486,1782988438764809126,1782988438764809126,1782988438764809126,3,1.000000000000,1.000000000000,1.000000000000,1
1858,50431,50431,1782988438764883154,1782988438764883154,1782988438764933585,1782988438764933585,1782988438764933585,3,1.000000000000,1.000000000000,1.000000000000,1
1859,45391,45391,1782988438764997542,1782988438764997542,1782988438765042933,1782988438765042933,1782988438765042933,0,1.000000000000,1.000000000000,1.000000000000,1
1860,45702,45702,1782988438765123360,1782988438765123360,1782988438765169062,1782988438765169062,1782988438765169062,0,1.000000000000,1.000000000000,1.000000000000,1
1861,45302,45302,1782988438765223739,1782988438765223739,1782988438765269041,1782988438765269041,1782988438765269041,2,1.000000000000,1.000000000000,1.000000000000,1
1862,44122,44122,1782988438765346667,1782988438765346667,1782988438765390789,1782988438765390789,1782988438765390789,0,1.000000000000,1.000000000000,1.000000000000,1
1863,50382,50382,1782988438765490215,1782988438765490215,1782988438765540597,1782988438765540597,1782988438765540597,0,1.000000000000,1.000000000000,1.000000000000,1
1864,43392,43392,1782988438765603594,1782988438765603594,1782988438765646986,1782988438765646986,1782988438765646986,2,1.000000000000,1.000000000000,1.000000000000,1
1865,46722,46722,1782988438765718352,1782988438765718352,1782988438765765074,1782988438765765074,1782988438765765074,1,1.000000000000,1.000000000000,1.000000000000,1
1866,48794,48794,1782988438765835930,1782988438765835930,1782988438765884724,1782988438765884724,1782988438765884724,1,1.000000000000,1.000000000000,1.000000000000,1
1867,42774,42774,1782988438765946169,1782988438765946169,1782988438765988943,1782988438765988943,1782988438765988943,3,1.000000000000,1.000000000000,1.000000000000,1
1868,43474,43474,1782988438766060737,1782988438766060737,1782988438766104211,1782988438766104211,1782988438766104211,3,1.000000000000,1.000000000000,1.000000000000,1
1869,43085,43085,1782988438766184425,1782988438766184425,1782988438766227510,1782988438766227510,1782988438766227510,3,1.000000000000,1.000000000000,1.000000000000,1
1870,42434,42434,1782988438766299214,1782988438766299214,1782988438766341648,1782988438766341648,1782988438766341648,0,1.000000000000,1.000000000000,1.000000000000,1
1871,44195,44195,1782988438766426562,1782988438766426562,1782988438766470757,1782988438766470757,1782988438766470757,1,1.000000000000,1.000000000000,1.000000000000,1
1872,46575,46575,1782988438766546190,1782988438766546190,1782988438766592765,1782988438766592765,1782988438766592765,1,1.000000000000,1.000000000000,1.000000000000,1
1873,43376,43376,1782988438766662008,1782988438766662008,1782988438766705384,1782988438766705384,1782988438766705384,1,1.000000000000,1.000000000000,1.000000000000,1
1874,42915,42915,1782988438766774637,1782988438766774637,1782988438766817552,1782988438766817552,1782988438766817552,1,1.000000000000,1.000000000000,1.000000000000,1
1875,45105,45105,1782988438766896066,1782988438766896066,1782988438766941171,1782988438766941171,1782988438766941171,0,1.000000000000,1.000000000000,1.000000000000,1
1876,52434,52434,1782988438767002195,1782988438767002195,1782988438767054629,1782988438767054629,1782988438767054629,1,1.000000000000,1.000000000000,1.000000000000,1
1877,45545,45545,1782988438767118223,1782988438767118223,1782988438767163768,1782988438767163768,1782988438767163768,3,1.000000000000,1.000000000000,1.000000000000,1
1878,47425,47425,1782988438767238831,1782988438767238831,1782988438767286256,1782988438767286256,1782988438767286256,2,1.000000000000,1.000000000000,1.000000000000,1
1879,44286,44286,1782988438767359749,1782988438767359749,1782988438767404035,1782988438767404035,1782988438767404035,3,1.000000000000,1.000000000000,1.000000000000,1
1880,45205,45205,1782988438767481258,1782988438767481258,1782988438767526463,1782988438767526463,1782988438767526463,1,1.000000000000,1.000000000000,1.000000000000,1
1881,44356,44356,1782988438767599586,1782988438767599586,1782988438767643942,1782988438767643942,1782988438767643942,0,1.000000000000,1.000000000000,1.000000000000,1
1882,43267,43267,1782988438767712624,1782988438767712624,1782988438767755891,1782988438767755891,1782988438767755891,2,1.000000000000,1.000000000000,1.000000000000,1
1883,45176,45176,1782988438767830703,1782988438767830703,1782988438767875879,1782988438767875879,1782988438767875879,1,1.000000000000,1.000000000000,1.000000000000,1
1884,54937,54937,1782988438767943711,1782988438767943711,1782988438767998648,1782988438767998648,1782988438767998648,2,1.000000000000,1.000000000000,1.000000000000,1
1885,43486,43486,1782988438768053820,1782988438768053820,1782988438768097306,1782988438768097306,1782988438768097306,1,1.000000000000,1.000000000000,1.000000000000,1
1886,46397,46397,1782988438768173258,1782988438768173258,1782988438768219655,1782988438768219655,1782988438768219655,3,1.000000000000,1.000000000000,1.000000000000,1
1887,43227,43227,1782988438768293346,1782988438768293346,1782988438768336573,1782988438768336573,1782988438768336573,0,1.000000000000,1.000000000000,1.000000000000,1
1888,43628,43628,1782988438768423314,1782988438768423314,1782988438768466942,1782988438768466942,1782988438768466942,2,1.000000000000,1.000000000000,1.000000000000,1
1889,43398,43398,1782988438768529573,1782988438768529573,1782988438768572971,1782988438768572971,1782988438768572971,1,1.000000000000,1.000000000000,1.000000000000,1
1890,42778,42778,1782988438768643011,1782988438768643011,1782988438768685789,1782988438768685789,1782988438768685789,2,1.000000000000,1.000000000000,1.000000000000,1
1891,49019,49019,1782988438768761199,1782988438768761199,1782988438768810218,1782988438768810218,1782988438768810218,0,1.000000000000,1.000000000000,1.000000000000,1
1892,46979,46979,1782988438768873898,1782988438768873898,1782988438768920877,1782988438768920877,1782988438768920877,1,1.000000000000,1.000000000000,1.000000000000,1
1893,45000,45000,1782988438768986886,1782988438768986886,1782988438769031886,1782988438769031886,1782988438769031886,1,1.000000000000,1.000000000000,1.000000000000,1
1894,42449,42449,1782988438769099675,1782988438769099675,1782988438769142124,1782988438769142124,1782988438769142124,0,1.000000000000,1.000000000000,1.000000000000,1
1895,43980,43980,1782988438769218413,1782988438769218413,1782988438769262393,1782988438769262393,1782988438769262393,1,1.000000000000,1.000000000000,1.000000000000,1
1896,44240,44240,1782988438769336951,1782988438769336951,1782988438769381191,1782988438769381191,1782988438769381191,3,1.000000000000,1.000000000000,1.000000000000,1
1897,43261,43261,1782988438769467589,1782988438769467589,1782988438769510850,1782988438769510850,1782988438769510850,0,1.000000000000,1.000000000000,1.000000000000,1
1898,43360,43360,1782988438769587428,1782988438769587428,1782988438769630788,1782988438769630788,1782988438769630788,1,1.000000000000,1.000000000000,1.000000000000,1
1899,44171,44171,1782988438769707636,1782988438769707636,1782988438769751807,1782988438769751807,1782988438769751807,1,1.000000000000,1.000000000000,1.000000000000,1
1900,44480,44480,1782988438769832265,1782988438769832265,1782988438769876745,1782988438769876745,1782988438769876745,1,1.000000000000,1.000000000000,1.000000000000,1
1901,44350,44350,1782988438769935434,1782988438769935434,1782988438769979784,1782988438769979784,1782988438769979784,1,1.000000000000,1.000000000000,1.000000000000,1
1902,44151,44151,1782988438770052302,1782988438770052302,1782988438770096453,1782988438770096453,1782988438770096453,1,1.000000000000,1.000000000000,1.000000000000,1
1903,49211,49211,1782988438770165110,1782988438770165110,1782988438770214321,1782988438770214321,1782988438770214321,0,1.000000000000,1.000000000000,1.000000000000,1
1904,42361,42361,1782988438770285599,1782988438770285599,1782988438770327960,1782988438770327960,1782988438770327960,0,1.000000000000,1.000000000000,1.000000000000,1
1905,43581,43581,1782988438770410177,1782988438770410177,1782988438770453758,1782988438770453758,1782988438770453758,0,1.000000000000,1.000000000000,1.000000000000,1
1906,47692,47692,1782988438770532025,1782988438770532025,1782988438770579717,1782988438770579717,1782988438770579717,0,1.000000000000,1.000000000000,1.000000000000,1
1907,43212,43212,1782988438770657233,1782988438770657233,1782988438770700445,1782988438770700445,1782988438770700445,0,1.000000000000,1.000000000000,1.000000000000,1
1908,46652,46652,1782988438770770622,1782988438770770622,1782988438770817274,1782988438770817274,1782988438770817274,2,1.000000000000,1.000000000000,1.000000000000,1
1909,42612,42612,1782988438770876100,1782988438770876100,1782988438770918712,1782988438770918712,1782988438770918712,3,1.000000000000,1.000000000000,1.000000000000,1
1910,43502,43502,1782988438770987029,1782988438770987029,1782988438771030531,1782988438771030531,1782988438771030531,1,1.000000000000,1.000000000000,1.000000000000,1
1911,46013,46013,1782988438771100777,1782988438771100777,1782988438771146790,1782988438771146790,1782988438771146790,3,1.000000000000,1.000000000000,1.000000000000,1
1912,43543,43543,1782988438771214945,1782988438771214945,1782988438771258488,1782988438771258488,1782988438771258488,3,1.000000000000,1.000000000000,1.000000000000,1
1913,43053,43053,1782988438771337894,1782988438771337894,1782988438771380947,1782988438771380947,1782988438771380947,1,1.000000000000,1.000000000000,1.000000000000,1
1914,43663,43663,1782988438771468922,1782988438771468922,1782988438771512585,1782988438771512585,1782988438771512585,0,1.000000000000,1.000000000000,1.000000000000,1
1915,44873,44873,1782988438771589640,1782988438771589640,1782988438771634513,1782988438771634513,1782988438771634513,0,1.000000000000,1.000000000000,1.000000000000,1
1916,44074,44074,1782988438771713128,1782988438771713128,1782988438771757202,1782988438771757202,1782988438771757202,1,1.000000000000,1.000000000000,1.000000000000,1
1917,44724,44724,1782988438771827287,1782988438771827287,1782988438771872011,1782988438771872011,1782988438771872011,3,1.000000000000,1.000000000000,1.000000000000,1
1918,44075,44075,1782988438771932555,1782988438771932555,1782988438771976630,1782988438771976630,1782988438771976630,1,1.000000000000,1.000000000000,1.000000000000,1
1919,52646,52646,1782988438772050413,1782988438772050413,1782988438772103059,1782988438772103059,1782988438772103059,3,1.000000000000,1.000000000000,1.000000000000,1
1920,43915,43915,1782988438772167292,1782988438772167292,1782988438772211207,1782988438772211207,1782988438772211207,3,1.000000000000,1.000000000000,1.000000000000,1
1921,44506,44506,1782988438772287310,1782988438772287310,1782988438772331816,1782988438772331816,1782988438772331816,1,1.000000000000,1.000000000000,1.000000000000,1
1922,42686,42686,1782988438772412038,1782988438772412038,1782988438772454724,1782988438772454724,1782988438772454724,2,1.000000000000,1.000000000000,1.000000000000,1
1923,42787,42787,1782988438772534466,1782988438772534466,1782988438772577253,1782988438772577253,1782988438772577253,3,1.000000000000,1.000000000000,1.000000000000,1
1924,45516,45516,1782988438772648775,1782988438772648775,1782988438772694291,1782988438772694291,1782988438772694291,1,1.000000000000,1.000000000000,1.000000000000,1
1925,42657,42657,1782988438772761793,1782988438772761793,1782988438772804450,1782988438772804450,1782988438772804450,1,1.000000000000,1.000000000000,1.000000000000,1
1926,46205,46205,1782988438772877013,1782988438772877013,1782988438772923218,1782988438772923218,1782988438772923218,3,1.000000000000,1.000000000000,1.000000000000,1
1927,44096,44096,1782988438772989841,1782988438772989841,1782988438773033937,1782988438773033937,1782988438773033937,1,1.000000000000,1.000000000000,1.000000000000,1
1928,44336,44336,1782988438773105749,1782988438773105749,1782988438773150085,1782988438773150085,1782988438773150085,1,1.000000000000,1.000000000000,1.000000000000,1
1929,44156,44156,1782988438773218698,1782988438773218698,1782988438773262854,1782988438773262854,1782988438773262854,1,1.000000000000,1.000000000000,1.000000000000,1
1930,44227,44227,1782988438773338716,1782988438773338716,1782988438773382943,1782988438773382943,1782988438773382943,2,1.000000000000,1.000000000000,1.000000000000,1
1931,45197,45197,1782988438773469444,1782988438773469444,1782988438773514641,1782988438773514641,1782988438773514641,0,1.000000000000,1.000000000000,1.000000000000,1
1932,44037,44037,1782988438773588062,1782988438773588062,1782988438773632099,1782988438773632099,1782988438773632099,0,1.000000000000,1.000000000000,1.000000000000,1
1933,43557,43557,1782988438773707121,1782988438773707121,1782988438773750678,1782988438773750678,1782988438773750678,0,1.000000000000,1.000000000000,1.000000000000,1
1934,44127,44127,1782988438773828049,1782988438773828049,1782988438773872176,1782988438773872176,1782988438773872176,2,1.000000000000,1.000000000000,1.000000000000,1
1935,44958,44958,1782988438773938247,1782988438773938247,1782988438773983205,1782988438773983205,1782988438773983205,1,1.000000000000,1.000000000000,1.000000000000,1
1936,43978,43978,1782988438774050286,1782988438774050286,1782988438774094264,1782988438774094264,1782988438774094264,3,1.000000000000,1.000000000000,1.000000000000,1
1937,42988,42988,1782988438774166374,1782988438774166374,1782988438774209362,1782988438774209362,1782988438774209362,0,1.000000000000,1.000000000000,1.000000000000,1
1938,42439,42439,1782988438774280612,1782988438774280612,1782988438774323051,1782988438774323051,1782988438774323051,1,1.000000000000,1.000000000000,1.000000000000,1
1939,43448,43448,1782988438774410861,1782988438774410861,1782988438774454309,1782988438774454309,1782988438774454309,0,1.000000000000,1.000000000000,1.000000000000,1
1940,47059,47059,1782988438774525019,1782988438774525019,1782988438774572078,1782988438774572078,1782988438774572078,0,1.000000000000,1.000000000000,1.000000000000,1
1941,43969,43969,1782988438774639947,1782988438774639947,1782988438774683916,1782988438774683916,1782988438774683916,2,1.000000000000,1.000000000000,1.000000000000,1
1942,42769,42769,1782988438774756276,1782988438774756276,1782988438774799045,1782988438774799045,1782988438774799045,3,1.000000000000,1.000000000000,1.000000000000,1
1943,45480,45480,1782988438774870434,1782988438774870434,1782988438774915914,1782988438774915914,1782988438774915914,2,1.000000000000,1.000000000000,1.000000000000,1
1944,47951,47951,1782988438774991062,1782988438774991062,1782988438775039013,1782988438775039013,1782988438775039013,1,1.000000000000,1.000000000000,1.000000000000,1
1945,43231,43231,1782988438775098111,1782988438775098111,1782988438775141342,1782988438775141342,1782988438775141342,3,1.000000000000,1.000000000000,1.000000000000,1
1946,44381,44381,1782988438775221969,1782988438775221969,1782988438775266350,1782988438775266350,1782988438775266350,2,1.000000000000,1.000000000000,1.000000000000,1
1947,47861,47861,1782988438775341077,1782988438775341077,1782988438775388938,1782988438775388938,1782988438775388938,3,1.000000000000,1.000000000000,1.000000000000,1
1948,43642,43642,1782988438775472255,1782988438775472255,1782988438775515897,1782988438775515897,1782988438775515897,1,1.000000000000,1.000000000000,1.000000000000,1
1949,42831,42831,1782988438775590184,1782988438775590184,1782988438775633015,1782988438775633015,1782988438775633015,0,1.000000000000,1.000000000000,1.000000000000,1
1950,43312,43312,1782988438775711052,1782988438775711052,1782988438775754364,1782988438775754364,1782988438775754364,0,1.000000000000,1.000000000000,1.000000000000,1
1951,48861,48861,1782988438775832631,1782988438775832631,1782988438775881492,1782988438775881492,1782988438775881492,0,1.000000000000,1.000000000000,1.000000000000,1
1952,44001,44001,1782988438775940210,1782988438775940210,1782988438775984211,1782988438775984211,1782988438775984211,3,1.000000000000,1.000000000000,1.000000000000,1
1953,47261,47261,1782988438776058408,1782988438776058408,1782988438776105669,1782988438776105669,1782988438776105669,3,1.000000000000,1.000000000000,1.000000000000,1
1954,43482,43482,1782988438776169206,1782988438776169206,1782988438776212688,1782988438776212688,1782988438776212688,0,1.000000000000,1.000000000000,1.000000000000,1
1955,43042,43042,1782988438776293265,1782988438776293265,1782988438776336307,1782988438776336307,1782988438776336307,1,1.000000000000,1.000000000000,1.000000000000,1
1956,45852,45852,1782988438776415013,1782988438776415013,1782988438776460865,1782988438776460865,1782988438776460865,3,1.000000000000,1.000000000000,1.000000000000,1
1957,44422,44422,1782988438776540261,1782988438776540261,1782988438776584683,1782988438776584683,1782988438776584683,2,1.000000000000,1.000000000000,1.000000000000,1
1958,42603,42603,1782988438776651199,1782988438776651199,1782988438776693802,1782988438776693802,1782988438776693802,2,1.000000000000,1.000000000000,1.000000000000,1
1959,42773,42773,1782988438776764268,1782988438776764268,1782988438776807041,1782988438776807041,1782988438776807041,2,1.000000000000,1.000000000000,1.000000000000,1
1960,43903,43903,1782988438776880986,1782988438776880986,1782988438776924889,1782988438776924889,1782988438776924889,2,1.000000000000,1.000000000000,1.000000000000,1
1961,44724,44724,1782988438776994704,1782988438776994704,1782988438777039428,1782988438777039428,1782988438777039428,1,1.000000000000,1.000000000000,1.000000000000,1
1962,43533,43533,1782988438777107973,1782988438777107973,1782988438777151506,1782988438777151506,1782988438777151506,2,1.000000000000,1.000000000000,1.000000000000,1
1963,44434,44434,1782988438777222001,1782988438777222001,1782988438777266435,1782988438777266435,1782988438777266435,1,1.000000000000,1.000000000000,1.000000000000,1
1964,43744,43744,1782988438777346089,1782988438777346089,1782988438777389833,1782988438777389833,1782988438777389833,0,1.000000000000,1.000000000000,1.000000000000,1
1965,43904,43904,1782988438777471228,1782988438777471228,1782988438777515132,1782988438777515132,1782988438777515132,2,1.000000000000,1.000000000000,1.000000000000,1
1966,46084,46084,1782988438777590306,1782988438777590306,1782988438777636390,1782988438777636390,1782988438777636390,2,1.000000000000,1.000000000000,1.000000000000,1
1967,44475,44475,1782988438777705054,1782988438777705054,1782988438777749529,1782988438777749529,1782988438777749529,3,1.000000000000,1.000000000000,1.000000000000,1
1968,45766,45766,1782988438777826932,1782988438777826932,1782988438777872698,1782988438777872698,1782988438777872698,0,1.000000000000,1.000000000000,1.000000000000,1
1969,43656,43656,1782988438777935841,1782988438777935841,1782988438777979497,1782988438777979497,1782988438777979497,1,1.000000000000,1.000000000000,1.000000000000,1
1970,43097,43097,1782988438778048209,1782988438778048209,1782988438778091306,1782988438778091306,1782988438778091306,0,1.000000000000,1.000000000000,1.000000000000,1
1971,50326,50326,1782988438778164898,1782988438778164898,1782988438778215224,1782988438778215224,1782988438778215224,3,1.000000000000,1.000000000000,1.000000000000,1
1972,47336,47336,1782988438778292836,1782988438778292836,1782988438778340172,1782988438778340172,1782988438778340172,0,1.000000000000,1.000000000000,1.000000000000,1
1973,42867,42867,1782988438778400194,1782988438778400194,1782988438778443061,1782988438778443061,1782988438778443061,0,1.000000000000,1.000000000000,1.000000000000,1
1974,42998,42998,1782988438778520152,1782988438778520152,1782988438778563150,1782988438778563150,1782988438778563150,1,1.000000000000,1.000000000000,1.000000000000,1
1975,47017,47017,1782988438778636201,1782988438778636201,1782988438778683218,1782988438778683218,1782988438778683218,1,1.000000000000,1.000000000000,1.000000000000,1
1976,44558,44558,1782988438778748479,1782988438778748479,1782988438778793037,1782988438778793037,1782988438778793037,2,1.000000000000,1.000000000000,1.000000000000,1
1977,47466,47466,1782988438778864989,1782988438778864989,1782988438778912455,1782988438778912455,1782988438778912455,1,1.000000000000,1.000000000000,1.000000000000,1
1978,44767,44767,1782988438778977527,1782988438778977527,1782988438779022294,1782988438779022294,1782988438779022294,1,1.000000000000,1.000000000000,1.000000000000,1
1979,43547,43547,1782988438779095545,1782988438779095545,1782988438779139092,1782988438779139092,1782988438779139092,0,1.000000000000,1.000000000000,1.000000000000,1
1980,42578,42578,1782988438779214763,1782988438779214763,1782988438779257341,1782988438779257341,1782988438779257341,2,1.000000000000,1.000000000000,1.000000000000,1
1981,44307,44307,1782988438779334362,1782988438779334362,1782988438779378669,1782988438779378669,1782988438779378669,0,1.000000000000,1.000000000000,1.000000000000,1
1982,45858,45858,1782988438779452240,1782988438779452240,1782988438779498098,1782988438779498098,1782988438779498098,0,1.000000000000,1.000000000000,1.000000000000,1
1983,44428,44428,1782988438779575178,1782988438779575178,1782988438779619606,1782988438779619606,1782988438779619606,1,1.000000000000,1.000000000000,1.000000000000,1
1984,43708,43708,1782988438779693227,1782988438779693227,1782988438779736935,1782988438779736935,1782988438779736935,1,1.000000000000,1.000000000000,1.000000000000,1
1985,44638,44638,1782988438779814215,1782988438779814215,1782988438779858853,1782988438779858853,1782988438779858853,3,1.000000000000,1.000000000000,1.000000000000,1
1986,44479,44479,1782988438779925723,1782988438779925723,1782988438779970202,1782988438779970202,1782988438779970202,3,1.000000000000,1.000000000000,1.000000000000,1
1987,44449,44449,1782988438780041322,1782988438780041322,1782988438780085771,1782988438780085771,1782988438780085771,1,1.000000000000,1.000000000000,1.000000000000,1
1988,45949,45949,1782988438780151980,1782988438780151980,1782988438780197929,1782988438780197929,1782988438780197929,0,1.000000000000,1.000000000000,1.000000000000,1
1989,42880,42880,1782988438780273468,1782988438780273468,1782988438780316348,1782988438780316348,1782988438780316348,1,1.000000000000,1.000000000000,1.000000000000,1
1990,44120,44120,1782988438780397116,1782988438780397116,1782988438780441236,1782988438780441236,1782988438780441236,3,1.000000000000,1.000000000000,1.000000000000,1
1991,46850,46850,1782988438780526805,1782988438780526805,1782988438780573655,1782988438780573655,1782988438780573655,0,1.000000000000,1.000000000000,1.000000000000,1
1992,43590,43590,1782988438780639593,1782988438780639593,1782988438780683183,1782988438780683183,1782988438780683183,0,1.000000000000,1.000000000000,1.000000000000,1
1993,46571,46571,1782988438780754381,1782988438780754381,1782988438780800952,1782988438780800952,1782988438780800952,1,1.000000000000,1.000000000000,1.000000000000,1
1994,46041,46041,1782988438780870350,1782988438780870350,1782988438780916391,1782988438780916391,1782988438780916391,1,1.000000000000,1.000000000000,1.000000000000,1
1995,44172,44172,1782988438780981698,1782988438780981698,1782988438781025870,1782988438781025870,1782988438781025870,2,1.000000000000,1.000000000000,1.000000000000,1
1996,44212,44212,1782988438781095956,1782988438781095956,1782988438781140168,1782988438781140168,1782988438781140168,0,1.000000000000,1.000000000000,1.000000000000,1
1997,43502,43502,1782988438781214595,1782988438781214595,1782988438781258097,1782988438781258097,1782988438781258097,2,1.000000000000,1.000000000000,1.000000000000,1
1998,43462,43462,1782988438781335203,1782988438781335203,1782988438781378665,1782988438781378665,1782988438781378665,1,1.000000000000,1.000000000000,1.000000000000,1
1999,43733,43733,1782988438781461331,1782988438781461331,1782988438781505064,1782988438781505064,1782988438781505064,3,1.000000000000,1.000000000000,1.000000000000,1
2000,43473,43473,1782988438781587449,1782988438781587449,1782988438781630922,1782988438781630922,1782988438781630922,2,1.000000000000,1.000000000000,1.000000000000,1
