count,link,ts_recv,e2r_ns,w_recv,pgen_effective,bit_success
1,B,1791296290892125763,205767,1.000000,0.176653096607,0
2,A,1791296290892276111,268010,1.000000,0.0656328487185,0
3,B,1791296290892687446,261317,1.000000,0.176653096607,0
4,A,1791296290892720185,191492,1.000000,0.0656328487185,1
5,B,1791296290892981352,153562,1.000000,0.176653096607,0
6,B,1791296290893235209,150888,1.000000,0.176653096607,0
7,B,1791296290893458626,129965,1.000000,0.176653096607,1
8,B,1791296290893739132,129910,1.000000,0.176653096607,1
9,A,1791296290893909950,198928,1.000000,0.0656328487185,0
10,A,1791296290894334934,193191,1.000000,0.0656328487185,0
11,A,1791296290894730489,167826,1.000000,0.0656328487185,0
12,A,1791296290895122384,167612,1.000000,0.0656328487185,0
13,A,1791296290895503259,162367,1.000000,0.0656328487185,0
14,A,1791296290895883094,162243,1.000000,0.0656328487185,0
15,A,1791296290896259029,160649,1.000000,0.0656328487185,0
16,A,1791296290896638973,164194,1.000000,0.0656328487185,0
17,A,1791296290897019008,163190,1.000000,0.0656328487185,0
18,A,1791296290897403213,162105,1.000000,0.0656328487185,0
19,A,1791296290897787268,164711,1.000000,0.0656328487185,0
20,A,1791296290898164803,159977,1.000000,0.0656328487185,0
21,A,1791296290898551658,166793,1.000000,0.0656328487185,0
22,A,1791296290898928963,160398,1.000000,0.0656328487185,0
23,A,1791296290899308168,161174,1.000000,0.0656328487185,0
24,A,1791296290899689233,161770,1.000000,0.0656328487185,0
25,A,1791296290900072968,162146,1.000000,0.0656328487185,0
26,A,1791296290900454863,162032,1.000000,0.0656328487185,0
27,A,1791296290900854948,178747,1.000000,0.0656328487185,0
28,A,1791296290901241233,165023,1.000000,0.0656328487185,0
29,A,1791296290901623368,163168,1.000000,0.0656328487185,0
30,A,1791296290902010062,163793,1.000000,0.0656328487185,0
31,A,1791296290902397777,160258,1.000000,0.0656328487185,0
32,A,1791296290902779642,163264,1.000000,0.0656328487185,0
33,A,1791296290903165127,161880,1.000000,0.0656328487185,0
34,A,1791296290903545792,164936,1.000000,0.0656328487185,0
35,A,1791296290903926287,162991,1.000000,0.0656328487185,0
36,A,1791296290904304852,162317,1.000000,0.0656328487185,0
37,A,1791296290904683027,160823,1.000000,0.0656328487185,0
38,A,1791296290905061702,162179,1.000000,0.0656328487185,0
39,A,1791296290905446617,161574,1.000000,0.0656328487185,0
40,A,1791296290905832622,162240,1.000000,0.0656328487185,0
41,A,1791296290906222707,163706,1.000000,0.0656328487185,0
42,A,1791296290906607662,160981,1.000000,0.0656328487185,0
43,A,1791296290907003706,172196,1.000000,0.0656328487185,0
44,A,1791296290907393051,165261,1.000000,0.0656328487185,0
45,A,1791296290907776426,160587,1.000000,0.0656328487185,0
46,A,1791296290908165801,161873,1.000000,0.0656328487185,0
47,A,1791296290908554216,161998,1.000000,0.0656328487185,0
48,A,1791296290908937251,161184,1.000000,0.0656328487185,0
49,A,1791296290909317676,159560,1.000000,0.0656328487185,0
50,A,1791296290909697881,160095,1.000000,0.0656328487185,0
51,A,1791296290910078326,160261,1.000000,0.0656328487185,0
52,A,1791296290910460241,160177,1.000000,0.0656328487185,0
53,A,1791296290910846745,160622,1.000000,0.0656328487185,0
54,A,1791296290911230710,161387,1.000000,0.0656328487185,0
55,A,1791296290911611865,159943,1.000000,0.0656328487185,0
56,A,1791296290911993040,160119,1.000000,0.0656328487185,0
57,A,1791296290912376725,160425,1.000000,0.0656328487185,0
58,A,1791296290912757930,160320,1.000000,0.0656328487185,0
59,A,1791296290913139635,162196,1.000000,0.0656328487185,0
60,A,1791296290913532100,171292,1.000000,0.0656328487185,0
61,A,1791296290913916745,161737,1.000000,0.0656328487185,0
62,A,1791296290914301820,162253,1.000000,0.0656328487185,0
63,A,1791296290914685225,162319,1.000000,0.0656328487185,0
64,A,1791296290915073120,159844,1.000000,0.0656328487185,0
65,A,1791296290915452925,158710,1.000000,0.0656328487185,0
66,A,1791296290915834279,161305,1.000000,0.0656328487185,0
67,A,1791296290916215504,160521,1.000000,0.0656328487185,0
68,A,1791296290916597069,160686,1.000000,0.0656328487185,0
69,A,1791296290916982184,161772,1.000000,0.0656328487185,0
70,A,1791296290917361079,158248,1.000000,0.0656328487185,0
71,A,1791296290917741104,160754,1.000000,0.0656328487185,0
72,A,1791296290918120469,158739,1.000000,0.0656328487185,0
73,A,1791296290918502834,162425,1.000000,0.0656328487185,0
74,A,1791296290918885809,160331,1.000000,0.0656328487185,0
75,A,1791296290919265174,159307,1.000000,0.0656328487185,1
76,B,1791296293897393230,386968,1.000000,0.176653096607,0
77,B,1791296293898217649,304247,1.000000,0.176653096607,0
78,B,1791296293898737322,270032,1.000000,0.176653096607,0
79,B,1791296293899130637,263644,1.000000,0.176653096607,1
80,A,1791296293921392292,367846,1.000000,0.0656328487185,0
81,A,1791296293922009434,259850,1.000000,0.0656328487185,0
82,A,1791296293922498157,217627,1.000000,0.0656328487185,0
83,A,1791296293922978781,211456,1.000000,0.0656328487185,0
84,A,1791296293923429315,201135,1.000000,0.0656328487185,0
85,A,1791296293923862309,181324,1.000000,0.0656328487185,0
86,A,1791296293924293773,175413,1.000000,0.0656328487185,0
87,A,1791296293924716488,175594,1.000000,0.0656328487185,0
88,A,1791296293925146702,179813,1.000000,0.0656328487185,0
89,A,1791296293925547837,152384,1.000000,0.0656328487185,1
90,B,1791296296902660859,259826,1.000000,0.176653096607,0
91,B,1791296296903378409,300921,1.000000,0.176653096607,1
92,A,1791296296929371495,478708,1.000000,0.0656328487185,0
93,A,1791296296930253473,478420,1.000000,0.0656328487185,0
94,A,1791296296930978584,331216,1.000000,0.0656328487185,0
95,A,1791296296931591745,316936,1.000000,0.0656328487185,0
96,A,1791296296932182178,315008,1.000000,0.0656328487185,0
97,A,1791296296932662211,201321,1.000000,0.0656328487185,0
98,A,1791296296933114235,189766,1.000000,0.0656328487185,0
99,A,1791296296933557039,185302,1.000000,0.0656328487185,0
100,A,1791296296934002564,184839,1.000000,0.0656328487185,0
101,A,1791296296934430038,166035,1.000000,0.0656328487185,0
102,A,1791296296934829283,140713,1.000000,0.0656328487185,0
103,A,1791296296935220937,138760,1.000000,0.0656328487185,0
104,A,1791296296935609792,135688,1.000000,0.0656328487185,0
105,A,1791296296935995997,136236,1.000000,0.0656328487185,0
106,A,1791296296936386632,141264,1.000000,0.0656328487185,0
107,A,1791296296936782887,142612,1.000000,0.0656328487185,0
108,A,1791296296937172082,137000,1.000000,0.0656328487185,0
109,A,1791296296937555666,139468,1.000000,0.0656328487185,0
110,A,1791296296937937271,135786,1.000000,0.0656328487185,0
111,A,1791296296938318366,136484,1.000000,0.0656328487185,1
112,B,1791296299907264436,423424,1.000000,0.176653096607,0
113,B,1791296299908240503,502918,1.000000,0.176653096607,0
114,B,1791296299908760316,182696,1.000000,0.176653096607,1
115,A,1791296299942227033,519252,1.000000,0.0656328487185,0
116,A,1791296299943013522,363482,1.000000,0.0656328487185,0
117,A,1791296299943746583,327876,1.000000,0.0656328487185,0
118,A,1791296299944346835,310603,1.000000,0.0656328487185,0
119,A,1791296299944942397,310849,1.000000,0.0656328487185,0
120,A,1791296299945416571,187368,1.000000,0.0656328487185,0
121,A,1791296299945865455,180727,1.000000,0.0656328487185,0
122,A,1791296299946308879,178187,1.000000,0.0656328487185,0
123,A,1791296299946759033,182707,1.000000,0.0656328487185,0
124,A,1791296299947186517,163087,1.000000,0.0656328487185,0
125,A,1791296299947610962,158918,1.000000,0.0656328487185,1
126,B,1791296302912517635,421240,1.000000,0.176653096607,0
127,B,1791296302913393314,388370,1.000000,0.176653096607,0
128,B,1791296302913926737,259174,1.000000,0.176653096607,1
129,A,1791296302949505705,496516,1.000000,0.0656328487185,0
130,A,1791296302950351124,458455,1.000000,0.0656328487185,0
131,A,1791296302950990396,319110,1.000000,0.0656328487185,0
132,A,1791296302951585548,312938,1.000000,0.0656328487185,0
133,A,1791296302952038112,181749,1.000000,0.0656328487185,0
134,A,1791296302952475246,175824,1.000000,0.0656328487185,0
135,A,1791296302952897580,163738,1.000000,0.0656328487185,0
136,A,1791296302953319725,159704,1.000000,0.0656328487185,0
137,A,1791296302953739389,156958,1.000000,0.0656328487185,0
138,A,1791296302954166634,156354,1.000000,0.0656328487185,0
139,A,1791296302954590548,161148,1.000000,0.0656328487185,0
140,A,1791296302954983123,132494,1.000000,0.0656328487185,0
141,A,1791296302955366338,128910,1.000000,0.0656328487185,0
142,A,1791296302955748223,128477,1.000000,0.0656328487185,0
143,A,1791296302956127738,127764,1.000000,0.0656328487185,0
144,A,1791296302956504853,126440,1.000000,0.0656328487185,0
145,A,1791296302956884098,129137,1.000000,0.0656328487185,1
146,B,1791296305917705824,454495,1.000000,0.176653096607,0
147,B,1791296305918508674,368580,1.000000,0.176653096607,1
148,A,1791296305960601346,375763,1.000000,0.0656328487185,0
149,A,1791296305961398806,381071,1.000000,0.0656328487185,0
150,A,1791296305962056277,314290,1.000000,0.0656328487185,0
151,A,1791296305962667579,312442,1.000000,0.0656328487185,0
152,A,1791296305963138513,176917,1.000000,0.0656328487185,0
153,A,1791296305963593387,177534,1.000000,0.0656328487185,0
154,A,1791296305964042881,171830,1.000000,0.0656328487185,0
155,A,1791296305964485955,168977,1.000000,0.0656328487185,0
156,A,1791296305964931579,170644,1.000000,0.0656328487185,0
157,A,1791296305965348133,142861,1.000000,0.0656328487185,1
158,B,1791296308922292882,292789,1.000000,0.176653096607,0
159,B,1791296308922979113,224771,1.000000,0.176653096607,0
160,B,1791296308923432477,173126,1.000000,0.176653096607,0
161,B,1791296308923714283,143792,1.000000,0.176653096607,1
162,A,1791296308969059442,350972,1.000000,0.0656328487185,0
163,A,1791296308969732873,262730,1.000000,0.0656328487185,0
164,A,1791296308970232546,165583,1.000000,0.0656328487185,0
165,A,1791296308970706630,193600,1.000000,0.0656328487185,0
166,A,1791296308971154724,160766,1.000000,0.0656328487185,0
167,A,1791296308971599738,167702,1.000000,0.0656328487185,1
168,B,1791296311927376773,397870,1.000000,0.176653096607,0
169,B,1791296311928150963,421016,1.000000,0.176653096607,0
170,B,1791296311928776584,262605,1.000000,0.176653096607,0
171,B,1791296311929219488,156662,1.000000,0.176653096607,0
172,B,1791296311929475405,132835,1.000000,0.176653096607,0
173,B,1791296311929736021,141447,1.000000,0.176653096607,1
174,A,1791296311975485645,491294,1.000000,0.0656328487185,0
175,A,1791296311976313094,383886,1.000000,0.0656328487185,0
176,A,1791296311976895667,253703,1.000000,0.0656328487185,0
177,A,1791296311977368841,168273,1.000000,0.0656328487185,0
178,A,1791296311977806045,165323,1.000000,0.0656328487185,0
179,A,1791296311978239349,163174,1.000000,0.0656328487185,0
180,A,1791296311978674683,165885,1.000000,0.0656328487185,0
181,A,1791296311979106788,163196,1.000000,0.0656328487185,0
182,A,1791296311979537892,162047,1.000000,0.0656328487185,0
183,A,1791296311979952996,144727,1.000000,0.0656328487185,0
184,A,1791296311980339351,117979,1.000000,0.0656328487185,0
185,A,1791296311980727326,116171,1.000000,0.0656328487185,0
186,A,1791296311981106941,116163,1.000000,0.0656328487185,0
187,A,1791296311981482936,113695,1.000000,0.0656328487185,0
188,A,1791296311981857421,114667,1.000000,0.0656328487185,0
189,A,1791296311982230546,114250,1.000000,0.0656328487185,0
190,A,1791296311982602181,112212,1.000000,0.0656328487185,0
191,A,1791296311982984456,114554,1.000000,0.0656328487185,0
192,A,1791296311983358491,113866,1.000000,0.0656328487185,0
193,A,1791296311983740496,113488,1.000000,0.0656328487185,0
194,A,1791296311984125981,126800,1.000000,0.0656328487185,0
195,A,1791296311984500026,114462,1.000000,0.0656328487185,0
196,A,1791296311984873661,115664,1.000000,0.0656328487185,0
197,A,1791296311985242126,110436,1.000000,0.0656328487185,0
198,A,1791296311985613891,114328,1.000000,0.0656328487185,0
199,A,1791296311985988696,111830,1.000000,0.0656328487185,0
200,A,1791296311986355781,109633,1.000000,0.0656328487185,0
201,A,1791296311986728196,111685,1.000000,0.0656328487185,0
202,A,1791296311987212390,110565,1.000000,0.0656328487185,0
203,A,1791296311987582875,109507,1.000000,0.0656328487185,0
204,A,1791296311987954330,112239,1.000000,0.0656328487185,0
205,A,1791296311988322255,109311,1.000000,0.0656328487185,0
206,A,1791296311988689000,110533,1.000000,0.0656328487185,0
207,A,1791296311989074705,116866,1.000000,0.0656328487185,0
208,A,1791296311989449290,113728,1.000000,0.0656328487185,0
209,A,1791296311989833325,124500,1.000000,0.0656328487185,0
210,A,1791296311990206650,114402,1.000000,0.0656328487185,0
211,A,1791296311990579095,113474,1.000000,0.0656328487185,0
212,A,1791296311990953240,114996,1.000000,0.0656328487185,0
213,A,1791296311991323875,111558,1.000000,0.0656328487185,0
214,A,1791296311991692950,112260,1.000000,0.0656328487185,0
215,A,1791296311992066066,112893,1.000000,0.0656328487185,0
216,A,1791296311992436561,112275,1.000000,0.0656328487185,0
217,A,1791296311992816266,120298,1.000000,0.0656328487185,1
218,B,1791296314933471588,435048,1.000000,0.176653096607,0
219,B,1791296314934387615,395306,1.000000,0.176653096607,0
220,B,1791296314934988777,298570,1.000000,0.176653096607,0
221,B,1791296314935439351,170246,1.000000,0.176653096607,0
222,B,1791296314935711918,149763,1.000000,0.176653096607,0
223,B,1791296314935970354,139410,1.000000,0.176653096607,1
224,A,1791296314996661149,495037,1.000000,0.0656328487185,0
225,A,1791296314997415759,395973,1.000000,0.0656328487185,0
226,A,1791296314998213799,434090,1.000000,0.0656328487185,0
227,A,1791296314998743402,182290,1.000000,0.0656328487185,0
228,A,1791296314999176566,172497,1.000000,0.0656328487185,0
229,A,1791296314999609620,171804,1.000000,0.0656328487185,0
230,A,1791296315000049505,171241,1.000000,0.0656328487185,0
231,A,1791296315000479929,170688,1.000000,0.0656328487185,0
232,A,1791296315000898163,158905,1.000000,0.0656328487185,0
233,A,1791296315001316158,152563,1.000000,0.0656328487185,0
234,A,1791296315001711073,129721,1.000000,0.0656328487185,0
235,A,1791296315002092827,124498,1.000000,0.0656328487185,0
236,A,1791296315002470802,122817,1.000000,0.0656328487185,0
237,A,1791296315002850467,124386,1.000000,0.0656328487185,0
238,A,1791296315003225582,120784,1.000000,0.0656328487185,0
239,A,1791296315003603877,125333,1.000000,0.0656328487185,1
240,B,1791296317939702052,444977,1.000000,0.176653096607,0
241,B,1791296317940534841,416842,1.000000,0.176653096607,1
242,A,1791296318007459754,496138,1.000000,0.0656328487185,0
243,A,1791296318008267184,386668,1.000000,0.0656328487185,0
244,A,1791296318008888435,234611,1.000000,0.0656328487185,0
245,A,1791296318009400739,190650,1.000000,0.0656328487185,0
246,A,1791296318009881972,204198,1.000000,0.0656328487185,0
247,A,1791296318010325296,172357,1.000000,0.0656328487185,0
248,A,1791296318010766071,173587,1.000000,0.0656328487185,0
249,A,1791296318011203665,171177,1.000000,0.0656328487185,0
250,A,1791296318011651389,183716,1.000000,0.0656328487185,0
251,A,1791296318012088203,170355,1.000000,0.0656328487185,0
252,A,1791296318012525377,172865,1.000000,0.0656328487185,0
253,A,1791296318012919852,130265,1.000000,0.0656328487185,0
254,A,1791296318013305177,125106,1.000000,0.0656328487185,0
255,A,1791296318013687482,125347,1.000000,0.0656328487185,1
256,B,1791296320944487858,448059,1.000000,0.176653096607,0
257,B,1791296320945377706,412527,1.000000,0.176653096607,0
258,B,1791296320945966528,288239,1.000000,0.176653096607,0
259,B,1791296320946376873,268664,1.000000,0.176653096607,0
260,B,1791296320946634009,145929,1.000000,0.176653096607,1
261,A,1791296321017559800,493812,1.000000,0.0656328487185,0
262,A,1791296321018400218,423184,1.000000,0.0656328487185,0
263,A,1791296321019095859,313360,1.000000,0.0656328487185,0
264,A,1791296321019581573,195923,1.000000,0.0656328487185,0
265,A,1791296321020023407,175848,1.000000,0.0656328487185,0
266,A,1791296321020462341,172944,1.000000,0.0656328487185,0
267,A,1791296321020902655,175310,1.000000,0.0656328487185,0
268,A,1791296321021343759,172566,1.000000,0.0656328487185,0
269,A,1791296321021784954,175052,1.000000,0.0656328487185,0
270,A,1791296321022222928,171348,1.000000,0.0656328487185,0
271,A,1791296321022674112,186014,1.000000,0.0656328487185,0
272,A,1791296321023072367,131411,1.000000,0.0656328487185,0
273,A,1791296321023455582,125979,1.000000,0.0656328487185,0
274,A,1791296321023840876,126116,1.000000,0.0656328487185,0
275,A,1791296321024221931,125253,1.000000,0.0656328487185,0
276,A,1791296321024602686,122771,1.000000,0.0656328487185,0
277,A,1791296321024982831,124539,1.000000,0.0656328487185,0
278,A,1791296321025360766,123277,1.000000,0.0656328487185,0
279,A,1791296321025737391,122825,1.000000,0.0656328487185,1
280,B,1791296323950320460,390542,1.000000,0.176653096607,0
281,B,1791296323951256788,472507,1.000000,0.176653096607,1
282,A,1791296324029569650,461804,1.000000,0.0656328487185,0
283,A,1791296324030333360,342998,1.000000,0.0656328487185,0
284,A,1791296324031003291,317025,1.000000,0.0656328487185,0
285,A,1791296324031471295,180865,1.000000,0.0656328487185,0
286,A,1791296324031908639,170716,1.000000,0.0656328487185,0
287,A,1791296324032341153,169147,1.000000,0.0656328487185,0
288,A,1791296324032766688,160689,1.000000,0.0656328487185,0
289,A,1791296324033204842,170381,1.000000,0.0656328487185,0
290,A,1791296324033620896,152882,1.000000,0.0656328487185,0
291,A,1791296324034017751,131764,1.000000,0.0656328487185,1
292,B,1791296326954411371,367081,1.000000,0.176653096607,0
293,B,1791296326955252889,347589,1.000000,0.176653096607,0
294,B,1791296326955861501,300929,1.000000,0.176653096607,0
295,B,1791296326956160927,152689,1.000000,0.176653096607,0
296,B,1791296326956425884,143229,1.000000,0.176653096607,0
297,B,1791296326956686280,141518,1.000000,0.176653096607,0
298,B,1791296326956934807,121698,1.000000,0.176653096607,0
299,B,1791296326957166634,119598,1.000000,0.176653096607,0
300,B,1791296326957377481,116157,1.000000,0.176653096607,0
301,B,1791296326957557399,91397,1.000000,0.176653096607,0
302,B,1791296326957731557,91027,1.000000,0.176653096607,0
303,B,1791296326957886695,75167,1.000000,0.176653096607,0
304,B,1791296326958037043,71517,1.000000,0.176653096607,0
305,B,1791296326958187771,70947,1.000000,0.176653096607,0
306,B,1791296326958339349,72047,1.000000,0.176653096607,0
307,B,1791296326958488077,71336,1.000000,0.176653096607,0
308,B,1791296326958637475,71666,1.000000,0.176653096607,0
309,B,1791296326958789043,73016,1.000000,0.176653096607,0
310,B,1791296326958940011,72964,1.000000,0.176653096607,0
311,B,1791296326959087629,69704,1.000000,0.176653096607,0
312,B,1791296326959238087,71134,1.000000,0.176653096607,0
313,B,1791296326959408864,85773,1.000000,0.176653096607,0
314,B,1791296326959556372,71442,1.000000,0.176653096607,0
315,B,1791296326959711530,77402,1.000000,0.176653096607,0
316,B,1791296326959861968,72242,1.000000,0.176653096607,0
317,B,1791296326960014086,73242,1.000000,0.176653096607,1
318,A,1791296327037787847,365136,1.000000,0.0656328487185,0
319,A,1791296327038566826,404682,1.000000,0.0656328487185,0
320,A,1791296327039300186,383339,1.000000,0.0656328487185,0
321,A,1791296327039767060,187182,1.000000,0.0656328487185,0
322,A,1791296327040200314,172938,1.000000,0.0656328487185,0
323,A,1791296327040632329,174286,1.000000,0.0656328487185,0
324,A,1791296327041069523,176522,1.000000,0.0656328487185,0
325,A,1791296327041504427,174259,1.000000,0.0656328487185,0
326,A,1791296327041942761,175835,1.000000,0.0656328487185,0
327,A,1791296327042383705,173461,1.000000,0.0656328487185,0
328,A,1791296327042777310,132409,1.000000,0.0656328487185,0
329,A,1791296327043160315,126587,1.000000,0.0656328487185,0
330,A,1791296327043538540,124076,1.000000,0.0656328487185,1
331,B,1791296329963638469,392195,1.000000,0.176653096607,1
332,A,1791296330047289871,412765,1.000000,0.0656328487185,0
333,A,1791296330048046071,374081,1.000000,0.0656328487185,0
334,A,1791296330048767531,312347,1.000000,0.0656328487185,0
335,A,1791296330049236815,180498,1.000000,0.0656328487185,0
336,A,1791296330049677349,175089,1.000000,0.0656328487185,0
337,A,1791296330050119203,175911,1.000000,0.0656328487185,0
338,A,1791296330050566637,174902,1.000000,0.0656328487185,0
339,A,1791296330051005902,175665,1.000000,0.0656328487185,0
340,A,1791296330051444416,175657,1.000000,0.0656328487185,0
341,A,1791296330051844051,139159,1.000000,0.0656328487185,0
342,A,1791296330052230925,130011,1.000000,0.0656328487185,0
343,A,1791296330052615470,126054,1.000000,0.0656328487185,0
344,A,1791296330052996895,125977,1.000000,0.0656328487185,0
345,A,1791296330053378490,126430,1.000000,0.0656328487185,0
346,A,1791296330053756225,123613,1.000000,0.0656328487185,0
347,A,1791296330054133660,125036,1.000000,0.0656328487185,0
348,A,1791296330054515195,124369,1.000000,0.0656328487185,0
349,A,1791296330054897040,125002,1.000000,0.0656328487185,0
350,A,1791296330055277065,125175,1.000000,0.0656328487185,0
351,A,1791296330055653990,122068,1.000000,0.0656328487185,0
352,A,1791296330056030805,123071,1.000000,0.0656328487185,0
353,A,1791296330056408600,123654,1.000000,0.0656328487185,1
354,B,1791296332967598578,417807,1.000000,0.176653096607,0
355,B,1791296332968477006,373049,1.000000,0.176653096607,1
356,A,1791296333060253239,487846,1.000000,0.0656328487185,0
357,A,1791296333061066448,393152,1.000000,0.0656328487185,0
358,A,1791296333061789259,319652,1.000000,0.0656328487185,0
359,A,1791296333062257543,185107,1.000000,0.0656328487185,0
360,A,1791296333062701197,180375,1.000000,0.0656328487185,0
361,A,1791296333063144921,179252,1.000000,0.0656328487185,0
362,A,1791296333063583155,177960,1.000000,0.0656328487185,0
363,A,1791296333064023309,179788,1.000000,0.0656328487185,0
364,A,1791296333064460923,177595,1.000000,0.0656328487185,0
365,A,1791296333064885578,167524,1.000000,0.0656328487185,0
366,A,1791296333065298662,155092,1.000000,0.0656328487185,0
367,A,1791296333065689267,134391,1.000000,0.0656328487185,0
368,A,1791296333066072632,132761,1.000000,0.0656328487185,0
369,A,1791296333066451657,128240,1.000000,0.0656328487185,0
370,A,1791296333066829742,129770,1.000000,0.0656328487185,0
371,A,1791296333067211017,128709,1.000000,0.0656328487185,0
372,A,1791296333067589002,128089,1.000000,0.0656328487185,0
373,A,1791296333067966727,129148,1.000000,0.0656328487185,0
374,A,1791296333068344032,127268,1.000000,0.0656328487185,0
375,A,1791296333068721367,128058,1.000000,0.0656328487185,0
376,A,1791296333069123482,144357,1.000000,0.0656328487185,0
377,A,1791296333069503607,127956,1.000000,0.0656328487185,0
378,A,1791296333069884832,132856,1.000000,0.0656328487185,0
379,A,1791296333070265927,130016,1.000000,0.0656328487185,0
380,A,1791296333070642462,127845,1.000000,0.0656328487185,0
381,A,1791296333071021287,129325,1.000000,0.0656328487185,0
382,A,1791296333071395772,127064,1.000000,0.0656328487185,0
383,A,1791296333071781327,128884,1.000000,0.0656328487185,0
384,A,1791296333072163171,130032,1.000000,0.0656328487185,0
385,A,1791296333072541306,128442,1.000000,0.0656328487185,0
386,A,1791296333072919351,128402,1.000000,0.0656328487185,0
387,A,1791296333073295986,127151,1.000000,0.0656328487185,0
388,A,1791296333073670931,126681,1.000000,0.0656328487185,0
389,A,1791296333074048356,127340,1.000000,0.0656328487185,0
390,A,1791296333074436701,138960,1.000000,0.0656328487185,0
391,A,1791296333074816126,126349,1.000000,0.0656328487185,0
392,A,1791296333075198511,129089,1.000000,0.0656328487185,0
393,A,1791296333075575866,127659,1.000000,0.0656328487185,0
394,A,1791296333075955791,128258,1.000000,0.0656328487185,0
395,A,1791296333076334996,129028,1.000000,0.0656328487185,0
396,A,1791296333076711391,126547,1.000000,0.0656328487185,0
397,A,1791296333077095326,129517,1.000000,0.0656328487185,0
398,A,1791296333077472381,127866,1.000000,0.0656328487185,0
399,A,1791296333077849436,128816,1.000000,0.0656328487185,0
400,A,1791296333078228341,128476,1.000000,0.0656328487185,0
401,A,1791296333078604926,127535,1.000000,0.0656328487185,0
402,A,1791296333078986591,128845,1.000000,0.0656328487185,0
403,A,1791296333079366326,128154,1.000000,0.0656328487185,0
404,A,1791296333079746971,131294,1.000000,0.0656328487185,0
405,A,1791296333080124746,126314,1.000000,0.0656328487185,0
406,A,1791296333080501231,127893,1.000000,0.0656328487185,0
407,A,1791296333080883996,131913,1.000000,0.0656328487185,0
408,A,1791296333081263481,128292,1.000000,0.0656328487185,0
409,A,1791296333081651395,138161,1.000000,0.0656328487185,0
410,A,1791296333082033990,130820,1.000000,0.0656328487185,0
411,A,1791296333082413325,126720,1.000000,0.0656328487185,0
412,A,1791296333082792360,129699,1.000000,0.0656328487185,0
413,A,1791296333083172375,129019,1.000000,0.0656328487185,0
414,A,1791296333083550080,127869,1.000000,0.0656328487185,0
415,A,1791296333083928165,129468,1.000000,0.0656328487185,0
416,A,1791296333084313820,127738,1.000000,0.0656328487185,0
417,A,1791296333084687745,126207,1.000000,0.0656328487185,0
418,A,1791296333085077880,128927,1.000000,0.0656328487185,0
419,A,1791296333085456455,127336,1.000000,0.0656328487185,1
420,B,1791296335972400829,393934,1.000000,0.176653096607,0
421,B,1791296335973269987,340188,1.000000,0.176653096607,0
422,B,1791296335973899179,240822,1.000000,0.176653096607,0
423,B,1791296335974358882,124835,1.000000,0.176653096607,0
424,B,1791296335974629049,102067,1.000000,0.176653096607,0
425,B,1791296335974894555,104966,1.000000,0.176653096607,0
426,B,1791296335975152172,98688,1.000000,0.176653096607,1
427,A,1791296336089182901,384720,1.000000,0.0656328487185,0
428,A,1791296336090029940,459001,1.000000,0.0656328487185,0
429,A,1791296336090775160,365913,1.000000,0.0656328487185,1
430,B,1791296338978865325,352599,1.000000,0.176653096607,0
431,B,1791296338979585545,307659,1.000000,0.176653096607,0
432,B,1791296338980198537,246210,1.000000,0.176653096607,0
433,B,1791296338980691841,130244,1.000000,0.176653096607,0
434,B,1791296338980997007,109150,1.000000,0.176653096607,0
435,B,1791296338981306183,115535,1.000000,0.176653096607,0
436,B,1791296338981578989,101541,1.000000,0.176653096607,1
437,A,1791296339094649031,492580,1.000000,0.0656328487185,0
438,A,1791296339095484140,413263,1.000000,0.0656328487185,0
439,A,1791296339096286499,408877,1.000000,0.0656328487185,1
440,B,1791296341985322077,393964,1.000000,0.176653096607,0
441,B,1791296341986284014,418903,1.000000,0.176653096607,0
442,B,1791296341986871356,246023,1.000000,0.176653096607,0
443,B,1791296341987327030,125671,1.000000,0.176653096607,0
444,B,1791296341987634556,105814,1.000000,0.176653096607,0
445,B,1791296341988089160,102149,1.000000,0.176653096607,0
446,B,1791296341988362806,99452,1.000000,0.176653096607,0
447,B,1791296341988630132,96594,1.000000,0.176653096607,0
448,B,1791296341988897219,95387,1.000000,0.176653096607,1
449,A,1791296342097498190,481105,1.000000,0.0656328487185,0
450,A,1791296342098237050,318677,1.000000,0.0656328487185,0
451,A,1791296342098880181,320712,1.000000,0.0656328487185,0
452,A,1791296342099355385,193170,1.000000,0.0656328487185,0
453,A,1791296342099804239,187620,1.000000,0.0656328487185,0
454,A,1791296342100244103,181510,1.000000,0.0656328487185,0
455,A,1791296342100675468,175851,1.000000,0.0656328487185,0
456,A,1791296342101111492,180301,1.000000,0.0656328487185,0
457,A,1791296342101528096,156281,1.000000,0.0656328487185,1
458,B,1791296344992589587,328310,1.000000,0.176653096607,0
459,B,1791296344993405426,333321,1.000000,0.176653096607,0
460,B,1791296344994017668,249604,1.000000,0.176653096607,1
461,A,1791296345105328892,431871,1.000000,0.0656328487185,0
462,A,1791296345106022503,319341,1.000000,0.0656328487185,0
463,A,1791296345106649185,325105,1.000000,0.0656328487185,0
464,A,1791296345107261307,297048,1.000000,0.0656328487185,0
465,A,1791296345107704361,178374,1.000000,0.0656328487185,0
466,A,1791296345108141855,176792,1.000000,0.0656328487185,0
467,A,1791296345108573999,176620,1.000000,0.0656328487185,0
468,A,1791296345109008364,176969,1.000000,0.0656328487185,0
469,A,1791296345109444488,178177,1.000000,0.0656328487185,0
470,A,1791296345109863372,163175,1.000000,0.0656328487185,0
471,A,1791296345110275987,154954,1.000000,0.0656328487185,0
472,A,1791296345110685351,154523,1.000000,0.0656328487185,0
473,A,1791296345111074676,131572,1.000000,0.0656328487185,0
474,A,1791296345111453101,127492,1.000000,0.0656328487185,0
475,A,1791296345111836246,127731,1.000000,0.0656328487185,0
476,A,1791296345112208521,126201,1.000000,0.0656328487185,0
477,A,1791296345112580416,125481,1.000000,0.0656328487185,0
478,A,1791296345112956121,129821,1.000000,0.0656328487185,0
479,A,1791296345113331166,127181,1.000000,0.0656328487185,0
480,A,1791296345113705181,128861,1.000000,0.0656328487185,0
481,A,1791296345114080436,127360,1.000000,0.0656328487185,1
482,B,1791296347997926749,406669,1.000000,0.176653096607,1
483,A,1791296348118015777,552277,1.000000,0.0656328487185,0
484,A,1791296348118847356,372684,1.000000,0.0656328487185,0
485,A,1791296348119497538,310257,1.000000,0.0656328487185,0
486,A,1791296348119967842,183274,1.000000,0.0656328487185,0
487,A,1791296348120423996,176723,1.000000,0.0656328487185,1
488,B,1791296351002033552,407422,1.000000,0.176653096607,0
489,B,1791296351002997719,468150,1.000000,0.176653096607,0
490,B,1791296351003659230,250432,1.000000,0.176653096607,0
491,B,1791296351004110444,138257,1.000000,0.176653096607,0
492,B,1791296351004427530,118623,1.000000,0.176653096607,1
493,A,1791296351124277581,447639,1.000000,0.0656328487185,0
494,A,1791296351125109060,462904,1.000000,0.0656328487185,0
495,A,1791296351125813401,361550,1.000000,0.0656328487185,0
496,A,1791296351126403523,299900,1.000000,0.0656328487185,0
497,A,1791296351126856287,177954,1.000000,0.0656328487185,0
498,A,1791296351127294081,176730,1.000000,0.0656328487185,0
499,A,1791296351127734395,176286,1.000000,0.0656328487185,0
500,A,1791296351128172110,177783,1.000000,0.0656328487185,0
501,A,1791296351128610744,176149,1.000000,0.0656328487185,0
502,A,1791296351129044848,174656,1.000000,0.0656328487185,0
503,A,1791296351129441933,134843,1.000000,0.0656328487185,0
504,A,1791296351129834068,135941,1.000000,0.0656328487185,0
505,A,1791296351130219703,128339,1.000000,0.0656328487185,0
506,A,1791296351130603298,128007,1.000000,0.0656328487185,0
507,A,1791296351130984212,126914,1.000000,0.0656328487185,0
508,A,1791296351131366987,125932,1.000000,0.0656328487185,0
509,A,1791296351131747832,125420,1.000000,0.0656328487185,1
510,B,1791296354008213993,437452,1.000000,0.176653096607,0
511,B,1791296354009110831,433452,1.000000,0.176653096607,0
512,B,1791296354009739583,262501,1.000000,0.176653096607,0
513,B,1791296354010302146,263071,1.000000,0.176653096607,0
514,B,1791296354010741730,248227,1.000000,0.176653096607,0
515,B,1791296354011185934,257961,1.000000,0.176653096607,0
516,B,1791296354011459000,125036,1.000000,0.176653096607,0
517,B,1791296354011724807,122886,1.000000,0.176653096607,1
518,A,1791296354135634015,531103,1.000000,0.0656328487185,0
519,A,1791296354136485874,445095,1.000000,0.0656328487185,0
520,A,1791296354137265344,385247,1.000000,0.0656328487185,0
521,A,1791296354137886366,327788,1.000000,0.0656328487185,0
522,A,1791296354138481718,320869,1.000000,0.0656328487185,0
523,A,1791296354138963411,209580,1.000000,0.0656328487185,0
524,A,1791296354139412935,191860,1.000000,0.0656328487185,0
525,A,1791296354139863669,198281,1.000000,0.0656328487185,0
526,A,1791296354140309094,191462,1.000000,0.0656328487185,1
527,B,1791296357015475072,419887,1.000000,0.176653096607,0
528,B,1791296357016244651,413478,1.000000,0.176653096607,0
529,B,1791296357016810264,292613,1.000000,0.176653096607,0
530,B,1791296357017377706,282125,1.000000,0.176653096607,0
531,B,1791296357017811171,261127,1.000000,0.176653096607,0
532,B,1791296357018116027,145871,1.000000,0.176653096607,0
533,B,1791296357018418303,148102,1.000000,0.176653096607,0
534,B,1791296357018690159,140862,1.000000,0.176653096607,0
535,B,1791296357018962235,139072,1.000000,0.176653096607,0
536,B,1791296357019225002,136074,1.000000,0.176653096607,1
537,A,1791296357144204526,544758,1.000000,0.0656328487185,0
538,A,1791296357145075575,491152,1.000000,0.0656328487185,0
539,A,1791296357145799805,341879,1.000000,0.0656328487185,0
540,A,1791296357146408997,329461,1.000000,0.0656328487185,0
541,A,1791296357147001419,329013,1.000000,0.0656328487185,0
542,A,1791296357147463423,200308,1.000000,0.0656328487185,0
543,A,1791296357147917837,207715,1.000000,0.0656328487185,0
544,A,1791296357148359331,197192,1.000000,0.0656328487185,0
545,A,1791296357148813475,207399,1.000000,0.0656328487185,0
546,A,1791296357149239699,181415,1.000000,0.0656328487185,0
547,A,1791296357149670044,185514,1.000000,0.0656328487185,0
548,A,1791296357150070298,152451,1.000000,0.0656328487185,0
549,A,1791296357150463223,150010,1.000000,0.0656328487185,0
550,A,1791296357150854248,148569,1.000000,0.0656328487185,0
551,A,1791296357151244543,147227,1.000000,0.0656328487185,0
552,A,1791296357151628398,147136,1.000000,0.0656328487185,0
553,A,1791296357152011833,147515,1.000000,0.0656328487185,0
554,A,1791296357152394687,146483,1.000000,0.0656328487185,0
555,A,1791296357152778272,145602,1.000000,0.0656328487185,0
556,A,1791296357153161467,146451,1.000000,0.0656328487185,0
557,A,1791296357153543672,145440,1.000000,0.0656328487185,0
558,A,1791296357153925827,146549,1.000000,0.0656328487185,0
559,A,1791296357154310772,145948,1.000000,0.0656328487185,0
560,A,1791296357154688007,144327,1.000000,0.0656328487185,0
561,A,1791296357155074442,151436,1.000000,0.0656328487185,0
562,A,1791296357155463377,149145,1.000000,0.0656328487185,0
563,A,1791296357155845972,145074,1.000000,0.0656328487185,0
564,A,1791296357156239687,148323,1.000000,0.0656328487185,0
565,A,1791296357156621582,146702,1.000000,0.0656328487185,0
566,A,1791296357157002337,147081,1.000000,0.0656328487185,0
567,A,1791296357157391971,150589,1.000000,0.0656328487185,0
568,A,1791296357157780506,147647,1.000000,0.0656328487185,0
569,A,1791296357158170591,146896,1.000000,0.0656328487185,0
570,A,1791296357158553246,144875,1.000000,0.0656328487185,0
571,A,1791296357158933411,145254,1.000000,0.0656328487185,0
572,A,1791296357159315186,146253,1.000000,0.0656328487185,0
573,A,1791296357159692711,144732,1.000000,0.0656328487185,0
574,A,1791296357160073926,148451,1.000000,0.0656328487185,0
575,A,1791296357160457141,146580,1.000000,0.0656328487185,0
576,A,1791296357160837736,145339,1.000000,0.0656328487185,0
577,A,1791296357161220361,146228,1.000000,0.0656328487185,0
578,A,1791296357161601846,145787,1.000000,0.0656328487185,0
579,A,1791296357161981831,147356,1.000000,0.0656328487185,0
580,A,1791296357162377235,157234,1.000000,0.0656328487185,0
581,A,1791296357162759590,146743,1.000000,0.0656328487185,0
582,A,1791296357163141785,146282,1.000000,0.0656328487185,0
583,A,1791296357163525000,145031,1.000000,0.0656328487185,0
584,A,1791296357163908655,147580,1.000000,0.0656328487185,0
585,A,1791296357164289610,145539,1.000000,0.0656328487185,0
586,A,1791296357164669475,145058,1.000000,0.0656328487185,0
587,A,1791296357165051860,147897,1.000000,0.0656328487185,0
588,A,1791296357165442535,146415,1.000000,0.0656328487185,0
589,A,1791296357165823950,145364,1.000000,0.0656328487185,0
590,A,1791296357166212455,149433,1.000000,0.0656328487185,0
591,A,1791296357166607589,157361,1.000000,0.0656328487185,0
592,A,1791296357166985714,145610,1.000000,0.0656328487185,0
593,A,1791296357167368609,145379,1.000000,0.0656328487185,0
594,A,1791296357167750004,146298,1.000000,0.0656328487185,0
595,A,1791296357168131559,145827,1.000000,0.0656328487185,0
596,A,1791296357168510294,143286,1.000000,0.0656328487185,0
597,A,1791296357168891559,146495,1.000000,0.0656328487185,0
598,A,1791296357169278164,147584,1.000000,0.0656328487185,0
599,A,1791296357169658729,145863,1.000000,0.0656328487185,0
600,A,1791296357170039964,145682,1.000000,0.0656328487185,0
601,A,1791296357170434589,146301,1.000000,0.0656328487185,0
602,A,1791296357170823414,145570,1.000000,0.0656328487185,0
603,A,1791296357171218498,148818,1.000000,0.0656328487185,0
604,A,1791296357171604473,145917,1.000000,0.0656328487185,0
605,A,1791296357171992208,147565,1.000000,0.0656328487185,1
606,B,1791296360022996464,478570,1.000000,0.176653096607,0
607,B,1791296360023950352,498458,1.000000,0.176653096607,0
608,B,1791296360024603273,293658,1.000000,0.176653096607,0
609,B,1791296360025168345,283792,1.000000,0.176653096607,0
610,B,1791296360025606790,264046,1.000000,0.176653096607,0
611,B,1791296360025904816,152761,1.000000,0.176653096607,0
612,B,1791296360026172432,141373,1.000000,0.176653096607,0
613,B,1791296360026436599,140215,1.000000,0.176653096607,0
614,B,1791296360026700635,140277,1.000000,0.176653096607,0
615,B,1791296360026940692,117460,1.000000,0.176653096607,0
616,B,1791296360027156879,98922,1.000000,0.176653096607,1
617,A,1791296360175866069,535031,1.000000,0.0656328487185,0
618,A,1791296360176781757,489500,1.000000,0.0656328487185,0
619,A,1791296360177549167,339972,1.000000,0.0656328487185,0
620,A,1791296360178166539,331199,1.000000,0.0656328487185,0
621,A,1791296360178652012,215126,1.000000,0.0656328487185,0
622,A,1791296360179088416,182926,1.000000,0.0656328487185,0
623,A,1791296360179521941,173167,1.000000,0.0656328487185,0
624,A,1791296360179936355,171588,1.000000,0.0656328487185,0
625,A,1791296360180361409,180788,1.000000,0.0656328487185,0
626,A,1791296360180767924,167419,1.000000,0.0656328487185,0
627,A,1791296360181180268,169940,1.000000,0.0656328487185,0
628,A,1791296360181568993,149251,1.000000,0.0656328487185,0
629,A,1791296360181956358,147613,1.000000,0.0656328487185,0
630,A,1791296360182345033,148024,1.000000,0.0656328487185,0
631,A,1791296360182729908,145486,1.000000,0.0656328487185,1
632,B,1791296363030855870,424159,1.000000,0.176653096607,0
633,B,1791296363031750558,438216,1.000000,0.176653096607,0
634,B,1791296363032446159,273276,1.000000,0.176653096607,0
635,B,1791296363033022311,268508,1.000000,0.176653096607,0
636,B,1791296363033454265,249522,1.000000,0.176653096607,0
637,B,1791296363033766031,135928,1.000000,0.176653096607,1
638,A,1791296363185520851,500701,1.000000,0.0656328487185,0
639,A,1791296363186233001,310106,1.000000,0.0656328487185,0
640,A,1791296363186964592,395107,1.000000,0.0656328487185,0
641,A,1791296363187571973,328257,1.000000,0.0656328487185,1
642,B,1791296366037486350,406421,1.000000,0.176653096607,0
643,B,1791296366038296910,283946,1.000000,0.176653096607,0
644,B,1791296366038872562,262158,1.000000,0.176653096607,1
645,A,1791296366189341499,330041,1.000000,0.0656328487185,0
646,A,1791296366189930091,244909,1.000000,0.0656328487185,0
647,A,1791296366190501033,226757,1.000000,0.0656328487185,0
648,A,1791296366191002937,228407,1.000000,0.0656328487185,0
649,A,1791296366191492370,217017,1.000000,0.0656328487185,0
650,A,1791296366191953264,202817,1.000000,0.0656328487185,0
651,A,1791296366192406618,200388,1.000000,0.0656328487185,0
652,A,1791296366192857612,198169,1.000000,0.0656328487185,0
653,A,1791296366193280666,168580,1.000000,0.0656328487185,1
654,B,1791296369042714899,344236,1.000000,0.176653096607,0
655,B,1791296369043446969,316242,1.000000,0.176653096607,0
656,B,1791296369043961222,249431,1.000000,0.176653096607,0
657,B,1791296369044522635,248160,1.000000,0.176653096607,1
658,A,1791296369197026103,404214,1.000000,0.0656328487185,0
659,A,1791296369197712154,338949,1.000000,0.0656328487185,0
660,A,1791296369198318846,312558,1.000000,0.0656328487185,0
661,A,1791296369198908149,310199,1.000000,0.0656328487185,0
662,A,1791296369199382342,194929,1.000000,0.0656328487185,0
663,A,1791296369199835936,179353,1.000000,0.0656328487185,0
664,A,1791296369200278510,175978,1.000000,0.0656328487185,0
665,A,1791296369200709545,173744,1.000000,0.0656328487185,0
666,A,1791296369201153769,184999,1.000000,0.0656328487185,0
667,A,1791296369201574123,161193,1.000000,0.0656328487185,1
668,B,1791296372048301876,400330,1.000000,0.176653096607,1
669,A,1791296372205343066,412857,1.000000,0.0656328487185,0
670,A,1791296372206148855,389857,1.000000,0.0656328487185,0
671,A,1791296372206815216,323819,1.000000,0.0656328487185,0
672,A,1791296372207431218,319984,1.000000,0.0656328487185,0
673,A,1791296372208029970,316409,1.000000,0.0656328487185,0
674,A,1791296372208510394,197626,1.000000,0.0656328487185,0
675,A,1791296372208973578,197435,1.000000,0.0656328487185,0
676,A,1791296372209444471,205713,1.000000,0.0656328487185,0
677,A,1791296372209903565,193831,1.000000,0.0656328487185,0
678,A,1791296372210351209,184690,1.000000,0.0656328487185,0
679,A,1791296372210768584,154770,1.000000,0.0656328487185,0
680,A,1791296372211161599,135230,1.000000,0.0656328487185,0
681,A,1791296372211552453,134160,1.000000,0.0656328487185,0
682,A,1791296372211940618,134310,1.000000,0.0656328487185,1
683,B,1791296375052214986,326480,1.000000,0.176653096607,0
684,B,1791296375052979326,313260,1.000000,0.176653096607,0
685,B,1791296375053543108,248152,1.000000,0.176653096607,0
686,B,1791296375054118131,251974,1.000000,0.176653096607,0
687,B,1791296375054446817,117280,1.000000,0.176653096607,0
688,B,1791296375054726583,93406,1.000000,0.176653096607,1
689,A,1791296375215825628,529072,1.000000,0.0656328487185,0
690,A,1791296375216720576,469543,1.000000,0.0656328487185,1
691,B,1791296378058391932,328153,1.000000,0.176653096607,0
692,B,1791296378059202241,155038,1.000000,0.176653096607,0
693,B,1791296378059891602,251508,1.000000,0.176653096607,0
694,B,1791296378060445155,229560,1.000000,0.176653096607,1
695,A,1791296378218916985,602664,1.000000,0.0656328487185,0
696,A,1791296378219723585,472222,1.000000,0.0656328487185,0
697,A,1791296378220417755,332593,1.000000,0.0656328487185,0
698,A,1791296378221005698,303368,1.000000,0.0656328487185,0
699,A,1791296378221591890,320313,1.000000,0.0656328487185,0
700,A,1791296378222187562,322528,1.000000,0.0656328487185,0
701,A,1791296378222648266,205065,1.000000,0.0656328487185,0
702,A,1791296378223104880,205934,1.000000,0.0656328487185,0
703,A,1791296378223532584,178723,1.000000,0.0656328487185,0
704,A,1791296378223936469,157502,1.000000,0.0656328487185,0
705,A,1791296378224321714,144743,1.000000,0.0656328487185,0
706,A,1791296378224704059,141363,1.000000,0.0656328487185,0
707,A,1791296378225112633,146332,1.000000,0.0656328487185,0
708,A,1791296378225516118,156603,1.000000,0.0656328487185,0
709,A,1791296378225905363,141133,1.000000,0.0656328487185,1
710,B,1791296381064239481,380761,1.000000,0.176653096607,0
711,B,1791296381065077730,292529,1.000000,0.176653096607,1
712,A,1791296381229447201,427604,1.000000,0.0656328487185,0
713,A,1791296381230215161,381658,1.000000,0.0656328487185,0
714,A,1791296381230868672,317475,1.000000,0.0656328487185,0
715,A,1791296381231475604,312815,1.000000,0.0656328487185,0
716,A,1791296381232072717,309696,1.000000,0.0656328487185,0
717,A,1791296381232536430,190498,1.000000,0.0656328487185,0
718,A,1791296381232990014,190393,1.000000,0.0656328487185,0
719,A,1791296381233462198,193927,1.000000,0.0656328487185,0
720,A,1791296381233931502,202912,1.000000,0.0656328487185,0
721,A,1791296381234360036,160227,1.000000,0.0656328487185,0
722,A,1791296381234748091,131354,1.000000,0.0656328487185,0
723,A,1791296381235132936,128481,1.000000,0.0656328487185,0
724,A,1791296381235515741,127639,1.000000,0.0656328487185,1
725,B,1791296384068982914,355045,1.000000,0.176653096607,1
726,A,1791296384237432242,421330,1.000000,0.0656328487185,0
727,A,1791296384238236341,442123,1.000000,0.0656328487185,0
728,A,1791296384238886812,348038,1.000000,0.0656328487185,0
729,A,1791296384239345406,187267,1.000000,0.0656328487185,0
730,A,1791296384239782651,170539,1.000000,0.0656328487185,0
731,A,1791296384240188055,146080,1.000000,0.0656328487185,0
732,A,1791296384240584770,142701,1.000000,0.0656328487185,0
733,A,1791296384240989765,153123,1.000000,0.0656328487185,0
734,A,1791296384241392969,144574,1.000000,0.0656328487185,0
735,A,1791296384241790094,140926,1.000000,0.0656328487185,0
736,A,1791296384242184759,140678,1.000000,0.0656328487185,0
737,A,1791296384242568964,128050,1.000000,0.0656328487185,0
738,A,1791296384242952889,126592,1.000000,0.0656328487185,0
739,A,1791296384243337173,127313,1.000000,0.0656328487185,0
740,A,1791296384243718348,125905,1.000000,0.0656328487185,0
741,A,1791296384244099093,125797,1.000000,0.0656328487185,0
742,A,1791296384244480698,124949,1.000000,0.0656328487185,0
743,A,1791296384244859623,126161,1.000000,0.0656328487185,0
744,A,1791296384245240568,126593,1.000000,0.0656328487185,0
745,A,1791296384245622963,124545,1.000000,0.0656328487185,0
746,A,1791296384246006898,125087,1.000000,0.0656328487185,0
747,A,1791296384246401983,127129,1.000000,0.0656328487185,0
748,A,1791296384246782018,125281,1.000000,0.0656328487185,0
749,A,1791296384247163103,126113,1.000000,0.0656328487185,0
750,A,1791296384247546158,126245,1.000000,0.0656328487185,0
751,A,1791296384247926073,125167,1.000000,0.0656328487185,0
752,A,1791296384248311128,128000,1.000000,0.0656328487185,0
753,A,1791296384248695573,126032,1.000000,0.0656328487185,0
754,A,1791296384249137117,129922,1.000000,0.0656328487185,0
755,A,1791296384249522302,126184,1.000000,0.0656328487185,0
756,A,1791296384249906086,125645,1.000000,0.0656328487185,0
757,A,1791296384250290951,131057,1.000000,0.0656328487185,0
758,A,1791296384250669386,123909,1.000000,0.0656328487185,0
759,A,1791296384251061221,133151,1.000000,0.0656328487185,0
760,A,1791296384251444826,126403,1.000000,0.0656328487185,0
761,A,1791296384251827401,127525,1.000000,0.0656328487185,0
762,A,1791296384252212256,128057,1.000000,0.0656328487185,0
763,A,1791296384252594981,125679,1.000000,0.0656328487185,0
764,A,1791296384252976995,126130,1.000000,0.0656328487185,0
765,A,1791296384253361170,126762,1.000000,0.0656328487185,0
766,A,1791296384253736665,123194,1.000000,0.0656328487185,0
767,A,1791296384254116820,125616,1.000000,0.0656328487185,0
768,A,1791296384254506445,132859,1.000000,0.0656328487185,0
769,A,1791296384254885170,124841,1.000000,0.0656328487185,0
770,A,1791296384255267315,126273,1.000000,0.0656328487185,0
771,A,1791296384255648900,124945,1.000000,0.0656328487185,0
772,A,1791296384256035775,133557,1.000000,0.0656328487185,0
773,A,1791296384256419130,127249,1.000000,0.0656328487185,0
774,A,1791296384256808135,134151,1.000000,0.0656328487185,1
775,B,1791296387070244437,207278,1.000000,0.176653096607,0
776,B,1791296387070981747,278708,1.000000,0.176653096607,1
777,A,1791296387260609294,452914,1.000000,0.0656328487185,0
778,A,1791296387261391634,381624,1.000000,0.0656328487185,0
779,A,1791296387262164293,363115,1.000000,0.0656328487185,0
780,A,1791296387262778045,307342,1.000000,0.0656328487185,0
781,A,1791296387263271069,207983,1.000000,0.0656328487185,0
782,A,1791296387263861201,304454,1.000000,0.0656328487185,0
783,A,1791296387264451453,303772,1.000000,0.0656328487185,0
784,A,1791296387264907587,186603,1.000000,0.0656328487185,0
785,A,1791296387265361611,185107,1.000000,0.0656328487185,0
786,A,1791296387265777865,147691,1.000000,0.0656328487185,0
787,A,1791296387266177010,137536,1.000000,0.0656328487185,1
788,B,1791296390074879103,383298,1.000000,0.176653096607,0
789,B,1791296390075837300,435554,1.000000,0.176653096607,0
790,B,1791296390076474972,214363,1.000000,0.176653096607,0
791,B,1791296390077037414,206217,1.000000,0.176653096607,0
792,B,1791296390077484918,201260,1.000000,0.176653096607,1
793,A,1791296390269331006,321016,1.000000,0.0656328487185,0
794,A,1791296390270070836,355949,1.000000,0.0656328487185,0
795,A,1791296390270725757,337213,1.000000,0.0656328487185,0
796,A,1791296390271256150,237939,1.000000,0.0656328487185,0
797,A,1791296390271836863,293246,1.000000,0.0656328487185,0
798,A,1791296390272294487,180254,1.000000,0.0656328487185,0
799,A,1791296390272742771,177694,1.000000,0.0656328487185,0
800,A,1791296390273178385,162963,1.000000,0.0656328487185,0
801,A,1791296390273608089,157642,1.000000,0.0656328487185,0
802,A,1791296390274008594,133293,1.000000,0.0656328487185,0
803,A,1791296390274403019,130723,1.000000,0.0656328487185,1
804,B,1791296393081155839,272497,1.000000,0.176653096607,0
805,B,1791296393081925018,198861,1.000000,0.176653096607,0
806,B,1791296393082436782,127747,1.000000,0.176653096607,0
807,B,1791296393082919085,117332,1.000000,0.176653096607,0
808,B,1791296393083261501,103330,1.000000,0.176653096607,0
809,B,1791296393083584136,82787,1.000000,0.176653096607,0
810,B,1791296393083855413,75936,1.000000,0.176653096607,0
811,B,1791296393084125409,74123,1.000000,0.176653096607,0
812,B,1791296393084388926,73491,1.000000,0.176653096607,0
813,B,1791296393084635253,55760,1.000000,0.176653096607,0
814,B,1791296393084847430,38658,1.000000,0.176653096607,0
815,B,1791296393085015838,12787,1.000000,0.176653096607,0
816,B,1791296393085173505,9775,1.000000,0.176653096607,0
817,B,1791296393085331023,9373,1.000000,0.176653096607,0
818,B,1791296393085484321,7012,1.000000,0.176653096607,0
819,B,1791296393085640919,10700,1.000000,0.176653096607,0
820,B,1791296393085795447,7109,1.000000,0.176653096607,1
821,A,1791296393278173738,416802,1.000000,0.0656328487185,0
822,A,1791296393278940167,350198,1.000000,0.0656328487185,0
823,A,1791296393279611299,300349,1.000000,0.0656328487185,0
824,A,1791296393280211911,291111,1.000000,0.0656328487185,0
825,A,1791296393280817453,299394,1.000000,0.0656328487185,0
826,A,1791296393281293466,175088,1.000000,0.0656328487185,0
827,A,1791296393281759280,174935,1.000000,0.0656328487185,0
828,A,1791296393282213594,172242,1.000000,0.0656328487185,0
829,A,1791296393282676038,171029,1.000000,0.0656328487185,0
830,A,1791296393283100082,141026,1.000000,0.0656328487185,0
831,A,1791296393283510177,131204,1.000000,0.0656328487185,1
832,B,1791296396089456447,337322,1.000000,0.176653096607,1
833,A,1791296396285338711,312258,1.000000,0.0656328487185,0
834,A,1791296396286064981,333454,1.000000,0.0656328487185,0
835,A,1791296396286695753,307623,1.000000,0.0656328487185,0
836,A,1791296396287297235,299321,1.000000,0.0656328487185,0
837,A,1791296396287885307,287380,1.000000,0.0656328487185,0
838,A,1791296396288351471,169141,1.000000,0.0656328487185,0
839,A,1791296396288808285,176522,1.000000,0.0656328487185,0
840,A,1791296396289258289,168774,1.000000,0.0656328487185,0
841,A,1791296396289705533,167146,1.000000,0.0656328487185,0
842,A,1791296396290120358,126258,1.000000,0.0656328487185,0
843,A,1791296396290514972,121450,1.000000,0.0656328487185,0
844,A,1791296396290891237,105953,1.000000,0.0656328487185,0
845,A,1791296396291269562,107506,1.000000,0.0656328487185,0
846,A,1791296396291644467,104009,1.000000,0.0656328487185,0
847,A,1791296396292014692,100332,1.000000,0.0656328487185,0
848,A,1791296396292401137,106475,1.000000,0.0656328487185,0
849,A,1791296396292774212,103358,1.000000,0.0656328487185,0
850,A,1791296396293149117,105831,1.000000,0.0656328487185,0
851,A,1791296396293528092,104294,1.000000,0.0656328487185,0
852,A,1791296396293901838,103188,1.000000,0.0656328487185,0
853,A,1791296396294272873,101771,1.000000,0.0656328487185,0
854,A,1791296396294647488,102264,1.000000,0.0656328487185,0
855,A,1791296396295019593,102387,1.000000,0.0656328487185,0
856,A,1791296396295396118,103630,1.000000,0.0656328487185,0
857,A,1791296396295767833,101663,1.000000,0.0656328487185,1
858,B,1791296399093663431,410527,1.000000,0.176653096607,1
859,A,1791296399299685731,511362,1.000000,0.0656328487185,0
860,A,1791296399300517280,398970,1.000000,0.0656328487185,0
861,A,1791296399301253310,322320,1.000000,0.0656328487185,0
862,A,1791296399301868902,297275,1.000000,0.0656328487185,0
863,A,1791296399302458874,294290,1.000000,0.0656328487185,0
864,A,1791296399302934358,178287,1.000000,0.0656328487185,0
865,A,1791296399303392532,183486,1.000000,0.0656328487185,0
866,A,1791296399303842086,174504,1.000000,0.0656328487185,0
867,A,1791296399304269100,152253,1.000000,0.0656328487185,0
868,A,1791296399304671725,134393,1.000000,0.0656328487185,0
869,A,1791296399305081129,132632,1.000000,0.0656328487185,0
870,A,1791296399305470524,116063,1.000000,0.0656328487185,0
871,A,1791296399305849079,110603,1.000000,0.0656328487185,0
872,A,1791296399306226414,110304,1.000000,0.0656328487185,0
873,A,1791296399306607489,111694,1.000000,0.0656328487185,0
874,A,1791296399306986524,110015,1.000000,0.0656328487185,0
875,A,1791296399307362779,110905,1.000000,0.0656328487185,0
876,A,1791296399307739054,110476,1.000000,0.0656328487185,0
877,A,1791296399308118129,111267,1.000000,0.0656328487185,0
878,A,1791296399308495274,109027,1.000000,0.0656328487185,0
879,A,1791296399308866799,108718,1.000000,0.0656328487185,0
880,A,1791296399309240514,109578,1.000000,0.0656328487185,0
881,A,1791296399309619579,112839,1.000000,0.0656328487185,0
882,A,1791296399309994654,109460,1.000000,0.0656328487185,0
883,A,1791296399310372309,111610,1.000000,0.0656328487185,0
884,A,1791296399310751764,111111,1.000000,0.0656328487185,0
885,A,1791296399311130289,111931,1.000000,0.0656328487185,0
886,A,1791296399311514744,116082,1.000000,0.0656328487185,0
887,A,1791296399311893469,109852,1.000000,0.0656328487185,0
888,A,1791296399312267484,108743,1.000000,0.0656328487185,0
889,A,1791296399312652659,111024,1.000000,0.0656328487185,0
890,A,1791296399313028284,111024,1.000000,0.0656328487185,1
891,B,1791296402097512781,186192,1.000000,0.176653096607,0
892,B,1791296402098210722,162668,1.000000,0.176653096607,0
893,B,1791296402098708345,105481,1.000000,0.176653096607,0
894,B,1791296402099170579,120284,1.000000,0.176653096607,0
895,B,1791296402099500145,101097,1.000000,0.176653096607,0
896,B,1791296402099793391,72940,1.000000,0.176653096607,0
897,B,1791296402100045657,69281,1.000000,0.176653096607,0
898,B,1791296402100275294,49283,1.000000,0.176653096607,0
899,B,1791296402100503031,48285,1.000000,0.176653096607,0
900,B,1791296402100707398,44526,1.000000,0.176653096607,0
901,B,1791296402100890106,22718,1.000000,0.176653096607,0
902,B,1791296402101048014,18980,1.000000,0.176653096607,0
903,B,1791296402101201792,17940,1.000000,0.176653096607,0
904,B,1791296402101352610,15051,1.000000,0.176653096607,0
905,B,1791296402101517798,14732,1.000000,0.176653096607,0
906,B,1791296402101666566,14093,1.000000,0.176653096607,0
907,B,1791296402101816924,14314,1.000000,0.176653096607,0
908,B,1791296402101975692,22685,1.000000,0.176653096607,0
909,B,1791296402102135630,23967,1.000000,0.176653096607,0
910,B,1791296402102288378,16198,1.000000,0.176653096607,0
911,B,1791296402102439116,16749,1.000000,0.176653096607,0
912,B,1791296402102587164,14610,1.000000,0.176653096607,0
913,B,1791296402102741562,15681,1.000000,0.176653096607,0
914,B,1791296402102893160,15262,1.000000,0.176653096607,0
915,B,1791296402103043868,15853,1.000000,0.176653096607,0
916,B,1791296402103195306,16414,1.000000,0.176653096607,0
917,B,1791296402103346814,15605,1.000000,0.176653096607,0
918,B,1791296402103494822,13757,1.000000,0.176653096607,1
919,A,1791296402316951853,519409,1.000000,0.0656328487185,1
920,B,1791296405107094548,274567,1.000000,0.176653096607,0
921,B,1791296405107725230,227377,1.000000,0.176653096607,0
922,B,1791296405108190034,204640,1.000000,0.176653096607,0
923,B,1791296405108619438,64013,1.000000,0.176653096607,0
924,B,1791296405108882164,36389,1.000000,0.176653096607,0
925,B,1791296405109101062,25517,1.000000,0.176653096607,0
926,B,1791296405109329988,25802,1.000000,0.176653096607,0
927,B,1791296405109538376,20520,1.000000,0.176653096607,0
928,B,1791296405109742553,19167,1.000000,0.176653096607,0
929,B,1791296405109945420,20003,1.000000,0.176653096607,0
930,B,1791296405110105158,5291,1.000000,0.176653096607,1
931,A,1791296405320992393,483645,1.000000,0.0656328487185,0
932,A,1791296405321848952,431028,1.000000,0.0656328487185,0
933,A,1791296405322536473,290064,1.000000,0.0656328487185,0
934,A,1791296405323112605,284945,1.000000,0.0656328487185,0
935,A,1791296405323571369,163359,1.000000,0.0656328487185,0
936,A,1791296405323992553,136854,1.000000,0.0656328487185,0
937,A,1791296405324400558,133472,1.000000,0.0656328487185,0
938,A,1791296405324803442,131769,1.000000,0.0656328487185,1
939,B,1791296408113472112,180264,1.000000,0.176653096607,0
940,B,1791296408113845487,134730,1.000000,0.176653096607,1
941,A,1791296408328707099,522949,1.000000,0.0656328487185,0
942,A,1791296408329412440,244283,1.000000,0.0656328487185,0
943,A,1791296408330035162,287392,1.000000,0.0656328487185,0
944,A,1791296408330605914,283320,1.000000,0.0656328487185,0
945,A,1791296408331048038,158410,1.000000,0.0656328487185,0
946,A,1791296408331459853,133892,1.000000,0.0656328487185,1
947,B,1791296411117624593,394400,1.000000,0.176653096607,0
948,B,1791296411118372263,245535,1.000000,0.176653096607,0
949,B,1791296411118950225,220720,1.000000,0.176653096607,0
950,B,1791296411119500858,213376,1.000000,0.176653096607,0
951,B,1791296411119794714,76435,1.000000,0.176653096607,0
952,B,1791296411120053031,47243,1.000000,0.176653096607,0
953,B,1791296411120271998,41901,1.000000,0.176653096607,0
954,B,1791296411120483165,36799,1.000000,0.176653096607,0
955,B,1791296411120691622,35307,1.000000,0.176653096607,0
956,B,1791296411120905200,38346,1.000000,0.176653096607,1
957,A,1791296411335293220,473555,1.000000,0.0656328487185,0
958,A,1791296411336131219,427515,1.000000,0.0656328487185,0
959,A,1791296411336816010,301219,1.000000,0.0656328487185,0
960,A,1791296411337287423,158739,1.000000,0.0656328487185,0
961,A,1791296411337706738,128904,1.000000,0.0656328487185,0
962,A,1791296411338106592,119209,1.000000,0.0656328487185,1
963,B,1791296414124631435,390135,1.000000,0.176653096607,0
964,B,1791296414125477804,380805,1.000000,0.176653096607,0
965,B,1791296414126115406,235737,1.000000,0.176653096607,0
966,B,1791296414126657169,236502,1.000000,0.176653096607,0
967,B,1791296414126960135,98159,1.000000,0.176653096607,0
968,B,1791296414127196201,73562,1.000000,0.176653096607,0
969,B,1791296414127410699,61295,1.000000,0.176653096607,0
970,B,1791296414127618236,58617,1.000000,0.176653096607,0
971,B,1791296414127827923,60830,1.000000,0.176653096607,0
972,B,1791296414128025460,46072,1.000000,0.176653096607,1
973,A,1791296414341823828,332953,1.000000,0.0656328487185,0
974,A,1791296414342503009,281830,1.000000,0.0656328487185,0
975,A,1791296414343077191,283249,1.000000,0.0656328487185,0
976,A,1791296414343522825,161610,1.000000,0.0656328487185,0
977,A,1791296414343940450,135412,1.000000,0.0656328487185,0
978,A,1791296414344354254,130714,1.000000,0.0656328487185,0
979,A,1791296414344753779,129457,1.000000,0.0656328487185,0
980,A,1791296414345151434,128389,1.000000,0.0656328487185,0
981,A,1791296414345557768,130581,1.000000,0.0656328487185,0
982,A,1791296414345940633,115034,1.000000,0.0656328487185,0
983,A,1791296414346321088,114887,1.000000,0.0656328487185,0
984,A,1791296414346706263,116090,1.000000,0.0656328487185,1
985,B,1791296417131575878,234269,1.000000,0.176653096607,0
986,B,1791296417132296099,274953,1.000000,0.176653096607,0
987,B,1791296417132876861,244377,1.000000,0.176653096607,0
988,B,1791296417133400274,227552,1.000000,0.176653096607,0
989,B,1791296417133688340,106610,1.000000,0.176653096607,0
990,B,1791296417133960227,78449,1.000000,0.176653096607,0
991,B,1791296417134176354,70787,1.000000,0.176653096607,0
992,B,1791296417134396171,75595,1.000000,0.176653096607,0
993,B,1791296417134601748,65873,1.000000,0.176653096607,0
994,B,1791296417134804266,65212,1.000000,0.176653096607,0
995,B,1791296417134982333,51530,1.000000,0.176653096607,0
996,B,1791296417135157971,51048,1.000000,0.176653096607,0
997,B,1791296417135313259,51607,1.000000,0.176653096607,0
998,B,1791296417135464887,50166,1.000000,0.176653096607,0
999,B,1791296417135615635,49625,1.000000,0.176653096607,0
1000,B,1791296417135766333,49152,1.000000,0.176653096607,1
1001,A,1791296417350612036,504542,1.000000,0.0656328487185,0
1002,A,1791296417351476055,446904,1.000000,0.0656328487185,0
1003,A,1791296417352191395,296168,1.000000,0.0656328487185,0
1004,A,1791296417352780707,283619,1.000000,0.0656328487185,0
1005,A,1791296417353203022,142753,1.000000,0.0656328487185,1
1006,B,1791296420139318071,303201,1.000000,0.176653096607,1
1007,A,1791296420357066946,485761,1.000000,0.0656328487185,0
1008,A,1791296420357925754,433401,1.000000,0.0656328487185,0
1009,A,1791296420358565696,302725,1.000000,0.0656328487185,0
1010,A,1791296420359131438,287332,1.000000,0.0656328487185,0
1011,A,1791296420359571743,167081,1.000000,0.0656328487185,0
1012,A,1791296420359979577,139141,1.000000,0.0656328487185,0
1013,A,1791296420360383632,141282,1.000000,0.0656328487185,0
1014,A,1791296420360781917,136193,1.000000,0.0656328487185,0
1015,A,1791296420361177331,134603,1.000000,0.0656328487185,0
1016,A,1791296420361566736,128984,1.000000,0.0656328487185,0
1017,A,1791296420361949101,120636,1.000000,0.0656328487185,0
1018,A,1791296420362335436,120717,1.000000,0.0656328487185,0
1019,A,1791296420362722951,121958,1.000000,0.0656328487185,0
1020,A,1791296420363102686,119190,1.000000,0.0656328487185,1
1021,B,1791296423143194366,321959,1.000000,0.176653096607,0
1022,B,1791296423143832688,289823,1.000000,0.176653096607,0
1023,B,1791296423144333941,256879,1.000000,0.176653096607,0
1024,B,1791296423144781825,127975,1.000000,0.176653096607,0
1025,B,1791296423145042882,85203,1.000000,0.176653096607,1
1026,A,1791296423365296443,273026,1.000000,0.0656328487185,0
1027,A,1791296423365864916,200838,1.000000,0.0656328487185,0
1028,A,1791296423366306970,158794,1.000000,0.0656328487185,0
1029,A,1791296423366733714,151701,1.000000,0.0656328487185,1
1030,B,1791296426148768260,403324,1.000000,0.176653096607,0
1031,B,1791296426149503381,246732,1.000000,0.176653096607,0
1032,B,1791296426150239411,298065,1.000000,0.176653096607,0
1033,B,1791296426150795784,242070,1.000000,0.176653096607,1
1034,A,1791296426369341768,314758,1.000000,0.0656328487185,0
1035,A,1791296426369933310,224274,1.000000,0.0656328487185,0
1036,A,1791296426370439744,209994,1.000000,0.0656328487185,0
1037,A,1791296426370897367,179193,1.000000,0.0656328487185,0
1038,A,1791296426371329812,164094,1.000000,0.0656328487185,0
1039,A,1791296426371736286,136254,1.000000,0.0656328487185,0
1040,A,1791296426372135341,134166,1.000000,0.0656328487185,0
1041,A,1791296426372532466,134887,1.000000,0.0656328487185,0
1042,A,1791296426372930641,134949,1.000000,0.0656328487185,0
1043,A,1791296426373325455,133600,1.000000,0.0656328487185,0
1044,A,1791296426373704360,118871,1.000000,0.0656328487185,0
1045,A,1791296426374084125,124273,1.000000,0.0656328487185,0
1046,A,1791296426374459780,118215,1.000000,0.0656328487185,0
1047,A,1791296426374834025,117306,1.000000,0.0656328487185,0
1048,A,1791296426375211400,116688,1.000000,0.0656328487185,0
1049,A,1791296426375583045,115800,1.000000,0.0656328487185,0
1050,A,1791296426375958301,116592,1.000000,0.0656328487185,0
1051,A,1791296426376334496,118374,1.000000,0.0656328487185,0
1052,A,1791296426376712361,120146,1.000000,0.0656328487185,0
1053,A,1791296426377089996,119018,1.000000,0.0656328487185,0
1054,A,1791296426377470251,120579,1.000000,0.0656328487185,0
1055,A,1791296426377851885,119160,1.000000,0.0656328487185,0
1056,A,1791296426378233240,119072,1.000000,0.0656328487185,0
1057,A,1791296426378624625,126224,1.000000,0.0656328487185,0
1058,A,1791296426379010290,117835,1.000000,0.0656328487185,0
1059,A,1791296426379387845,119747,1.000000,0.0656328487185,0
1060,A,1791296426379770820,119399,1.000000,0.0656328487185,0
1061,A,1791296426380148595,117430,1.000000,0.0656328487185,0
1062,A,1791296426380529070,120732,1.000000,0.0656328487185,0
1063,A,1791296426380919475,119104,1.000000,0.0656328487185,0
1064,A,1791296426381309720,122645,1.000000,0.0656328487185,0
1065,A,1791296426381692375,118287,1.000000,0.0656328487185,0
1066,A,1791296426382070749,116808,1.000000,0.0656328487185,0
1067,A,1791296426382455814,119260,1.000000,0.0656328487185,0
1068,A,1791296426382834719,116951,1.000000,0.0656328487185,0
1069,A,1791296426383215064,117323,1.000000,0.0656328487185,0
1070,A,1791296426383595919,117815,1.000000,0.0656328487185,0
1071,A,1791296426383980394,117827,1.000000,0.0656328487185,0
1072,A,1791296426384362489,117378,1.000000,0.0656328487185,0
1073,A,1791296426384744474,118650,1.000000,0.0656328487185,0
1074,A,1791296426385129919,119472,1.000000,0.0656328487185,0
1075,A,1791296426385510944,118603,1.000000,0.0656328487185,0
1076,A,1791296426385888709,116255,1.000000,0.0656328487185,0
1077,A,1791296426386274883,119436,1.000000,0.0656328487185,0
1078,A,1791296426386655918,117508,1.000000,0.0656328487185,0
1079,A,1791296426387034593,116329,1.000000,0.0656328487185,0
1080,A,1791296426387414788,119241,1.000000,0.0656328487185,0
1081,A,1791296426387793103,116313,1.000000,0.0656328487185,0
1082,A,1791296426388168458,115215,1.000000,0.0656328487185,0
1083,A,1791296426388544103,117336,1.000000,0.0656328487185,0
1084,A,1791296426388922768,117168,1.000000,0.0656328487185,1
1085,B,1791296429154553600,394507,1.000000,0.176653096607,0
1086,B,1791296429155403299,394671,1.000000,0.176653096607,0
1087,B,1791296429156035460,258747,1.000000,0.176653096607,1
1088,A,1791296429392791422,495079,1.000000,0.0656328487185,0
1089,A,1791296429393733870,529566,1.000000,0.0656328487185,0
1090,A,1791296429394444401,307117,1.000000,0.0656328487185,0
1091,A,1791296429395026183,295532,1.000000,0.0656328487185,0
1092,A,1791296429395447787,148690,1.000000,0.0656328487185,1
1093,B,1791296432158339035,300625,1.000000,0.176653096607,1
1094,A,1791296432399214093,406597,1.000000,0.0656328487185,0
1095,A,1791296432400007852,399326,1.000000,0.0656328487185,0
1096,A,1791296432400854501,438724,1.000000,0.0656328487185,0
1097,A,1791296432401474963,293116,1.000000,0.0656328487185,0
1098,A,1791296432401915847,165633,1.000000,0.0656328487185,1
1099,B,1791296435162238792,423450,1.000000,0.176653096607,0
1100,B,1791296435163119131,373904,1.000000,0.176653096607,0
1101,B,1791296435163703463,259701,1.000000,0.176653096607,0
1102,B,1791296435164238726,247857,1.000000,0.176653096607,0
1103,B,1791296435164504082,115764,1.000000,0.176653096607,0
1104,B,1791296435164756279,109623,1.000000,0.176653096607,0
1105,B,1791296435165004896,107681,1.000000,0.176653096607,1
1106,A,1791296435405864603,540901,1.000000,0.0656328487185,0
1107,A,1791296435406562624,282038,1.000000,0.0656328487185,0
1108,A,1791296435407239335,335040,1.000000,0.0656328487185,0
1109,A,1791296435407838947,293293,1.000000,0.0656328487185,0
1110,A,1791296435408292351,170688,1.000000,0.0656328487185,0
1111,A,1791296435408745095,168735,1.000000,0.0656328487185,0
1112,A,1791296435409197359,174043,1.000000,0.0656328487185,0
1113,A,1791296435409636763,165700,1.000000,0.0656328487185,0
1114,A,1791296435410076288,162048,1.000000,0.0656328487185,0
1115,A,1791296435410506202,155636,1.000000,0.0656328487185,0
1116,A,1791296435410923446,140624,1.000000,0.0656328487185,0
1117,A,1791296435411323531,129553,1.000000,0.0656328487185,0
1118,A,1791296435411718376,125322,1.000000,0.0656328487185,0
1119,A,1791296435412105861,120881,1.000000,0.0656328487185,0
1120,A,1791296435412493436,123210,1.000000,0.0656328487185,0
1121,A,1791296435412883001,124919,1.000000,0.0656328487185,0
1122,A,1791296435413273325,122968,1.000000,0.0656328487185,0
1123,A,1791296435413659720,122667,1.000000,0.0656328487185,0
1124,A,1791296435414046255,120166,1.000000,0.0656328487185,0
1125,A,1791296435414435580,123705,1.000000,0.0656328487185,0
1126,A,1791296435414823075,122995,1.000000,0.0656328487185,0
1127,A,1791296435415207140,120694,1.000000,0.0656328487185,0
1128,A,1791296435415591385,121313,1.000000,0.0656328487185,0
1129,A,1791296435415978060,121623,1.000000,0.0656328487185,0
1130,A,1791296435416366114,121761,1.000000,0.0656328487185,0
1131,A,1791296435416755509,121860,1.000000,0.0656328487185,0
1132,A,1791296435417154074,128179,1.000000,0.0656328487185,0
1133,A,1791296435417542069,121069,1.000000,0.0656328487185,0
1134,A,1791296435417929254,121358,1.000000,0.0656328487185,0
1135,A,1791296435418321789,127257,1.000000,0.0656328487185,0
1136,A,1791296435418715463,122675,1.000000,0.0656328487185,0
1137,A,1791296435419103508,122654,1.000000,0.0656328487185,0
1138,A,1791296435419492333,123064,1.000000,0.0656328487185,0
1139,A,1791296435419880198,120333,1.000000,0.0656328487185,0
1140,A,1791296435420266073,120462,1.000000,0.0656328487185,0
1141,A,1791296435420664538,125591,1.000000,0.0656328487185,0
1142,A,1791296435421072732,123689,1.000000,0.0656328487185,0
1143,A,1791296435421459177,121359,1.000000,0.0656328487185,0
1144,A,1791296435421846922,122248,1.000000,0.0656328487185,0
1145,A,1791296435422233567,122337,1.000000,0.0656328487185,0
1146,A,1791296435422622822,121476,1.000000,0.0656328487185,0
1147,A,1791296435423019976,128585,1.000000,0.0656328487185,0
1148,A,1791296435423408061,122394,1.000000,0.0656328487185,0
1149,A,1791296435423795156,120263,1.000000,0.0656328487185,1
1150,B,1791296438168719413,425208,1.000000,0.176653096607,0
1151,B,1791296438169544832,353889,1.000000,0.176653096607,0
1152,B,1791296438170262083,266790,1.000000,0.176653096607,0
1153,B,1791296438170829495,267676,1.000000,0.176653096607,1
1154,A,1791296438427687072,531538,1.000000,0.0656328487185,0
1155,A,1791296438428506381,407531,1.000000,0.0656328487185,1
1156,B,1791296441174631588,456762,1.000000,0.176653096607,1
1157,A,1791296441432392321,454230,1.000000,0.0656328487185,0
1158,A,1791296441433205470,405634,1.000000,0.0656328487185,0
1159,A,1791296441433957680,383531,1.000000,0.0656328487185,0
1160,A,1791296441434425324,172554,1.000000,0.0656328487185,0
1161,A,1791296441434866318,167240,1.000000,0.0656328487185,1
1162,B,1791296444178670287,458296,1.000000,0.176653096607,1
1163,A,1791296444437448718,432064,1.000000,0.0656328487185,0
1164,A,1791296444438182199,360037,1.000000,0.0656328487185,0
1165,A,1791296444438815090,300591,1.000000,0.0656328487185,0
1166,A,1791296444439262404,170339,1.000000,0.0656328487185,0
1167,A,1791296444439700439,168129,1.000000,0.0656328487185,0
1168,A,1791296444440132993,165558,1.000000,0.0656328487185,0
1169,A,1791296444440577257,173328,1.000000,0.0656328487185,0
1170,A,1791296444441015661,168947,1.000000,0.0656328487185,0
1171,A,1791296444441454025,167317,1.000000,0.0656328487185,0
1172,A,1791296444441886400,160747,1.000000,0.0656328487185,0
1173,A,1791296444442275484,124607,1.000000,0.0656328487185,0
1174,A,1791296444442661759,123748,1.000000,0.0656328487185,0
1175,A,1791296444443043434,122159,1.000000,0.0656328487185,0
1176,A,1791296444443424369,123730,1.000000,0.0656328487185,0
1177,A,1791296444443802484,119901,1.000000,0.0656328487185,0
1178,A,1791296444444180009,119792,1.000000,0.0656328487185,0
1179,A,1791296444444557084,120513,1.000000,0.0656328487185,0
1180,A,1791296444444944729,128624,1.000000,0.0656328487185,0
1181,A,1791296444445330674,124205,1.000000,0.0656328487185,0
1182,A,1791296444445724408,132705,1.000000,0.0656328487185,0
1183,A,1791296444446109193,124066,1.000000,0.0656328487185,0
1184,A,1791296444446488618,123257,1.000000,0.0656328487185,0
1185,A,1791296444446870633,122258,1.000000,0.0656328487185,0
1186,A,1791296444447257088,122829,1.000000,0.0656328487185,0
1187,A,1791296444447640913,127200,1.000000,0.0656328487185,0
1188,A,1791296444448022768,123051,1.000000,0.0656328487185,1
1189,B,1791296447182680586,462152,1.000000,0.176653096607,1
1190,A,1791296447451930687,500469,1.000000,0.0656328487185,0
1191,A,1791296447452726566,387776,1.000000,0.0656328487185,0
1192,A,1791296447453429337,315006,1.000000,0.0656328487185,0
1193,A,1791296447453889151,172972,1.000000,0.0656328487185,0
1194,A,1791296447454331565,166209,1.000000,0.0656328487185,0
1195,A,1791296447454768559,165147,1.000000,0.0656328487185,0
1196,A,1791296447455205734,163526,1.000000,0.0656328487185,0
1197,A,1791296447455643328,165734,1.000000,0.0656328487185,0
1198,A,1791296447456079822,163452,1.000000,0.0656328487185,0
1199,A,1791296447456494436,141430,1.000000,0.0656328487185,0
1200,A,1791296447456895961,128159,1.000000,0.0656328487185,0
1201,A,1791296447457290776,125899,1.000000,0.0656328487185,0
1202,A,1791296447457678691,124449,1.000000,0.0656328487185,0
1203,A,1791296447458065336,121698,1.000000,0.0656328487185,0
1204,A,1791296447458463050,126737,1.000000,0.0656328487185,0
1205,A,1791296447458850565,123426,1.000000,0.0656328487185,0
1206,A,1791296447459236030,122406,1.000000,0.0656328487185,0
1207,A,1791296447459622315,123236,1.000000,0.0656328487185,0
1208,A,1791296447460024310,128895,1.000000,0.0656328487185,0
1209,A,1791296447460411515,124965,1.000000,0.0656328487185,0
1210,A,1791296447460809449,135463,1.000000,0.0656328487185,0
1211,A,1791296447461197834,123973,1.000000,0.0656328487185,0
1212,A,1791296447461581429,123263,1.000000,0.0656328487185,0
1213,A,1791296447461965324,122702,1.000000,0.0656328487185,0
1214,A,1791296447462346149,120062,1.000000,0.0656328487185,0
1215,A,1791296447462730914,122602,1.000000,0.0656328487185,0
1216,A,1791296447463112579,120201,1.000000,0.0656328487185,0
1217,A,1791296447463548943,123939,1.000000,0.0656328487185,0
1218,A,1791296447463932048,122759,1.000000,0.0656328487185,0
1219,A,1791296447464310643,120439,1.000000,0.0656328487185,0
1220,A,1791296447464694988,123949,1.000000,0.0656328487185,0
1221,A,1791296447465092013,125618,1.000000,0.0656328487185,0
1222,A,1791296447465479938,123578,1.000000,0.0656328487185,0
1223,A,1791296447465871242,124696,1.000000,0.0656328487185,0
1224,A,1791296447466254987,120946,1.000000,0.0656328487185,0
1225,A,1791296447466640682,123735,1.000000,0.0656328487185,0
1226,A,1791296447467026407,123065,1.000000,0.0656328487185,0
1227,A,1791296447467410942,122525,1.000000,0.0656328487185,0
1228,A,1791296447467804077,132304,1.000000,0.0656328487185,0
1229,A,1791296447468186602,120644,1.000000,0.0656328487185,1
1230,B,1791296450186677601,419251,1.000000,0.176653096607,0
1231,B,1791296450187451481,381883,1.000000,0.176653096607,0
1232,B,1791296450188043263,256717,1.000000,0.176653096607,0
1233,B,1791296450188573356,235838,1.000000,0.176653096607,0
1234,B,1791296450188855292,106781,1.000000,0.176653096607,0
1235,B,1791296450189143298,119881,1.000000,0.176653096607,1
1236,A,1791296450472031069,459298,1.000000,0.0656328487185,0
1237,A,1791296450472720610,306410,1.000000,0.0656328487185,0
1238,A,1791296450473465950,396762,1.000000,0.0656328487185,0
1239,A,1791296450474047112,296977,1.000000,0.0656328487185,0
1240,A,1791296450474493046,176755,1.000000,0.0656328487185,0
1241,A,1791296450474928490,171314,1.000000,0.0656328487185,0
1242,A,1791296450475360755,170604,1.000000,0.0656328487185,0
1243,A,1791296450475796579,171943,1.000000,0.0656328487185,0
1244,A,1791296450476232953,171223,1.000000,0.0656328487185,0
1245,A,1791296450476642278,147823,1.000000,0.0656328487185,0
1246,A,1791296450477039613,135013,1.000000,0.0656328487185,0
1247,A,1791296450477442947,135303,1.000000,0.0656328487185,0
1248,A,1791296450477844952,135603,1.000000,0.0656328487185,0
1249,A,1791296450478235497,128604,1.000000,0.0656328487185,0
1250,A,1791296450478622401,130894,1.000000,0.0656328487185,0
1251,A,1791296450479006116,127575,1.000000,0.0656328487185,0
1252,A,1791296450479399661,134415,1.000000,0.0656328487185,0
1253,A,1791296450479785866,128436,1.000000,0.0656328487185,0
1254,A,1791296450480169781,127487,1.000000,0.0656328487185,0
1255,A,1791296450480554116,129558,1.000000,0.0656328487185,0
1256,A,1791296450480937810,128367,1.000000,0.0656328487185,0
1257,A,1791296450481322855,128248,1.000000,0.0656328487185,0
1258,A,1791296450481708180,130299,1.000000,0.0656328487185,0
1259,A,1791296450482094855,130490,1.000000,0.0656328487185,0
1260,A,1791296450482479610,127411,1.000000,0.0656328487185,0
1261,A,1791296450482861925,127211,1.000000,0.0656328487185,0
1262,A,1791296450483245450,128662,1.000000,0.0656328487185,0
1263,A,1791296450483632854,131352,1.000000,0.0656328487185,0
1264,A,1791296450484015759,126133,1.000000,0.0656328487185,0
1265,A,1791296450484404774,133403,1.000000,0.0656328487185,0
1266,A,1791296450484792429,130714,1.000000,0.0656328487185,0
1267,A,1791296450485188674,128895,1.000000,0.0656328487185,0
1268,A,1791296450485577269,129626,1.000000,0.0656328487185,0
1269,A,1791296450485966073,130085,1.000000,0.0656328487185,0
1270,A,1791296450486348608,127316,1.000000,0.0656328487185,0
1271,A,1791296450486732353,128767,1.000000,0.0656328487185,0
1272,A,1791296450487115938,126638,1.000000,0.0656328487185,1
1273,B,1791296453192893473,424477,1.000000,0.176653096607,0
1274,B,1791296453193766722,408765,1.000000,0.176653096607,0
1275,B,1791296453194423133,267335,1.000000,0.176653096607,0
1276,B,1791296453194988566,247458,1.000000,0.176653096607,0
1277,B,1791296453195459159,256271,1.000000,0.176653096607,0
1278,B,1791296453195866104,235966,1.000000,0.176653096607,0
1279,B,1791296453196140560,119912,1.000000,0.176653096607,0
1280,B,1791296453196425947,130498,1.000000,0.176653096607,0
1281,B,1791296453196693373,117224,1.000000,0.176653096607,0
1282,B,1791296453196936070,93901,1.000000,0.176653096607,0
1283,B,1791296453197306855,63176,1.000000,0.176653096607,0
1284,B,1791296453197497022,59043,1.000000,0.176653096607,0
1285,B,1791296453197677120,54991,1.000000,0.176653096607,0
1286,B,1791296453197836088,53319,1.000000,0.176653096607,0
1287,B,1791296453197995356,54586,1.000000,0.176653096607,0
1288,B,1791296453198159244,53454,1.000000,0.176653096607,0
1289,B,1791296453198321491,55971,1.000000,0.176653096607,0
1290,B,1791296453198480689,54939,1.000000,0.176653096607,0
1291,B,1791296453198644477,55047,1.000000,0.176653096607,0
1292,B,1791296453198803455,52745,1.000000,0.176653096607,0
1293,B,1791296453198963273,56863,1.000000,0.176653096607,0
1294,B,1791296453199121811,55101,1.000000,0.176653096607,0
1295,B,1791296453199281659,54108,1.000000,0.176653096607,0
1296,B,1791296453199447897,56656,1.000000,0.176653096607,0
1297,B,1791296453199605844,53793,1.000000,0.176653096607,0
1298,B,1791296453199769732,60651,1.000000,0.176653096607,0
1299,B,1791296453199926080,53149,1.000000,0.176653096607,0
1300,B,1791296453200079688,51627,1.000000,0.176653096607,0
1301,B,1791296453200237736,52725,1.000000,0.176653096607,0
1302,B,1791296453200401454,58423,1.000000,0.176653096607,0
1303,B,1791296453200562992,57961,1.000000,0.176653096607,0
1304,B,1791296453200719820,52239,1.000000,0.176653096607,1
1305,A,1791296453490966844,458339,1.000000,0.0656328487185,0
1306,A,1791296453491779513,427195,1.000000,0.0656328487185,0
1307,A,1791296453492475554,359324,1.000000,0.0656328487185,0
1308,A,1791296453492925158,183898,1.000000,0.0656328487185,0
1309,A,1791296453493370792,183785,1.000000,0.0656328487185,0
1310,A,1791296453493818126,183612,1.000000,0.0656328487185,0
1311,A,1791296453494263360,185029,1.000000,0.0656328487185,0
1312,A,1791296453494700854,180656,1.000000,0.0656328487185,0
1313,A,1791296453495123119,163494,1.000000,0.0656328487185,0
1314,A,1791296453495546763,152092,1.000000,0.0656328487185,0
1315,A,1791296453495942318,137790,1.000000,0.0656328487185,0
1316,A,1791296453496328203,134039,1.000000,0.0656328487185,0
1317,A,1791296453496709358,132898,1.000000,0.0656328487185,0
1318,A,1791296453497092663,135457,1.000000,0.0656328487185,0
1319,A,1791296453497481627,135255,1.000000,0.0656328487185,0
1320,A,1791296453497870612,130814,1.000000,0.0656328487185,0
1321,A,1791296453498260637,134333,1.000000,0.0656328487185,0
1322,A,1791296453498641152,132742,1.000000,0.0656328487185,0
1323,A,1791296453499021477,131221,1.000000,0.0656328487185,0
1324,A,1791296453499411582,135440,1.000000,0.0656328487185,0
1325,A,1791296453499799367,138639,1.000000,0.0656328487185,0
1326,A,1791296453500179292,130758,1.000000,0.0656328487185,0
1327,A,1791296453500573856,146816,1.000000,0.0656328487185,0
1328,A,1791296453500956201,132255,1.000000,0.0656328487185,0
1329,A,1791296453501338546,134294,1.000000,0.0656328487185,0
1330,A,1791296453501719261,132553,1.000000,0.0656328487185,0
1331,A,1791296453502101076,131802,1.000000,0.0656328487185,0
1332,A,1791296453502487131,133761,1.000000,0.0656328487185,0
1333,A,1791296453502872766,131800,1.000000,0.0656328487185,0
1334,A,1791296453503253511,131229,1.000000,0.0656328487185,0
1335,A,1791296453503635786,133088,1.000000,0.0656328487185,0
1336,A,1791296453504015461,130167,1.000000,0.0656328487185,0
1337,A,1791296453504404546,139856,1.000000,0.0656328487185,0
1338,A,1791296453504787941,133425,1.000000,0.0656328487185,1
1339,B,1791296456204443091,443950,1.000000,0.176653096607,0
1340,B,1791296456205394628,439959,1.000000,0.176653096607,0
1341,B,1791296456206041030,270530,1.000000,0.176653096607,0
1342,B,1791296456206614122,270536,1.000000,0.176653096607,0
1343,B,1791296456207055756,253390,1.000000,0.176653096607,0
1344,B,1791296456207503100,260355,1.000000,0.176653096607,1
1345,A,1791296456508686409,527254,1.000000,0.0656328487185,0
1346,A,1791296456509585927,487524,1.000000,0.0656328487185,0
1347,A,1791296456510308117,326867,1.000000,0.0656328487185,0
1348,A,1791296456510921229,318204,1.000000,0.0656328487185,0
1349,A,1791296456511516511,317381,1.000000,0.0656328487185,1
1350,B,1791296459211288079,445931,1.000000,0.176653096607,0
1351,B,1791296459212035729,385868,1.000000,0.176653096607,0
1352,B,1791296459212758389,408162,1.000000,0.176653096607,1
1353,A,1791296459515341901,441432,1.000000,0.0656328487185,0
1354,A,1791296459516046501,326697,1.000000,0.0656328487185,0
1355,A,1791296459516637603,287167,1.000000,0.0656328487185,0
1356,A,1791296459517237345,314219,1.000000,0.0656328487185,0
1357,A,1791296459517727449,211502,1.000000,0.0656328487185,0
1358,A,1791296459518181203,184507,1.000000,0.0656328487185,0
1359,A,1791296459518636507,182502,1.000000,0.0656328487185,0
1360,A,1791296459519074241,172908,1.000000,0.0656328487185,0
1361,A,1791296459519491986,153685,1.000000,0.0656328487185,0
1362,A,1791296459519896240,141581,1.000000,0.0656328487185,0
1363,A,1791296459520289445,136029,1.000000,0.0656328487185,0
1364,A,1791296459520679390,134446,1.000000,0.0656328487185,0
1365,A,1791296459521078515,146184,1.000000,0.0656328487185,0
1366,A,1791296459521473199,138891,1.000000,0.0656328487185,0
1367,A,1791296459521856774,131898,1.000000,0.0656328487185,0
1368,A,1791296459522242779,135736,1.000000,0.0656328487185,0
1369,A,1791296459522626934,132334,1.000000,0.0656328487185,0
1370,A,1791296459523010679,133142,1.000000,0.0656328487185,1
1371,B,1791296462216608580,315312,1.000000,0.176653096607,0
1372,B,1791296462217230892,217924,1.000000,0.176653096607,1
1373,A,1791296462526775840,420194,1.000000,0.0656328487185,0
1374,A,1791296462527477361,322943,1.000000,0.0656328487185,0
1375,A,1791296462528076193,306295,1.000000,0.0656328487185,0
1376,A,1791296462528656915,286928,1.000000,0.0656328487185,0
1377,A,1791296462529151978,199152,1.000000,0.0656328487185,0
1378,A,1791296462529613342,162839,1.000000,0.0656328487185,0
1379,A,1791296462530032007,152898,1.000000,0.0656328487185,1
1380,B,1791296465221248723,405342,1.000000,0.176653096607,0
1381,B,1791296465222191841,426478,1.000000,0.176653096607,0
1382,B,1791296465222843582,361829,1.000000,0.176653096607,0
1383,B,1791296465223415795,248861,1.000000,0.176653096607,0
1384,B,1791296465223857949,231855,1.000000,0.176653096607,0
1385,B,1791296465224151675,112080,1.000000,0.176653096607,0
1386,B,1791296465224428851,111025,1.000000,0.176653096607,0
1387,B,1791296465224700458,108782,1.000000,0.176653096607,0
1388,B,1791296465224973444,110628,1.000000,0.176653096607,0
1389,B,1791296465225239930,106613,1.000000,0.176653096607,0
1390,B,1791296465225499617,97850,1.000000,0.176653096607,0
1391,B,1791296465225692894,48387,1.000000,0.176653096607,0
1392,B,1791296465225855402,42315,1.000000,0.176653096607,0
1393,B,1791296465226019060,44723,1.000000,0.176653096607,1
1394,A,1791296465533500905,482205,1.000000,0.0656328487185,0
1395,A,1791296465534339664,404138,1.000000,0.0656328487185,0
1396,A,1791296465535068144,311193,1.000000,0.0656328487185,0
1397,A,1791296465535694216,309104,1.000000,0.0656328487185,0
1398,A,1791296465536291108,294855,1.000000,0.0656328487185,0
1399,A,1791296465536935740,347716,1.000000,0.0656328487185,0
1400,A,1791296465537504562,188575,1.000000,0.0656328487185,0
1401,A,1791296465537962346,168129,1.000000,0.0656328487185,0
1402,A,1791296465538371601,126875,1.000000,0.0656328487185,0
1403,A,1791296465538762685,122141,1.000000,0.0656328487185,0
1404,A,1791296465539149570,118357,1.000000,0.0656328487185,0
1405,A,1791296465539533625,117434,1.000000,0.0656328487185,0
1406,A,1791296465539920600,119021,1.000000,0.0656328487185,0
1407,A,1791296465540308115,115678,1.000000,0.0656328487185,0
1408,A,1791296465540692740,117015,1.000000,0.0656328487185,0
1409,A,1791296465541081205,120282,1.000000,0.0656328487185,0
1410,A,1791296465541473589,124148,1.000000,0.0656328487185,0
1411,A,1791296465541856624,116325,1.000000,0.0656328487185,0
1412,A,1791296465542241929,117142,1.000000,0.0656328487185,0
1413,A,1791296465542624934,117559,1.000000,0.0656328487185,0
1414,A,1791296465543005409,115206,1.000000,0.0656328487185,0
1415,A,1791296465543387004,115653,1.000000,0.0656328487185,0
1416,A,1791296465543772709,119280,1.000000,0.0656328487185,0
1417,A,1791296465544155404,115587,1.000000,0.0656328487185,0
1418,A,1791296465544540499,118834,1.000000,0.0656328487185,1
1419,B,1791296468229705408,394670,1.000000,0.176653096607,0
1420,B,1791296468230612766,441197,1.000000,0.176653096607,1
1421,A,1791296468548388385,496695,1.000000,0.0656328487185,0
1422,A,1791296468549198285,375713,1.000000,0.0656328487185,0
1423,A,1791296468549892625,312243,1.000000,0.0656328487185,0
1424,A,1791296468550501427,305278,1.000000,0.0656328487185,0
1425,A,1791296468551082530,297173,1.000000,0.0656328487185,0
1426,A,1791296468551551243,184259,1.000000,0.0656328487185,0
1427,A,1791296468552026207,185077,1.000000,0.0656328487185,0
1428,A,1791296468552494461,187665,1.000000,0.0656328487185,0
1429,A,1791296468552927135,150193,1.000000,0.0656328487185,0
1430,A,1791296468553351900,142033,1.000000,0.0656328487185,0
1431,A,1791296468553763944,139012,1.000000,0.0656328487185,0
1432,A,1791296468554160599,121041,1.000000,0.0656328487185,0
1433,A,1791296468554552394,118551,1.000000,0.0656328487185,0
1434,A,1791296468554946549,119901,1.000000,0.0656328487185,0
1435,A,1791296468555336633,115940,1.000000,0.0656328487185,0
1436,A,1791296468555725428,118021,1.000000,0.0656328487185,0
1437,A,1791296468556115563,116291,1.000000,0.0656328487185,0
1438,A,1791296468556510758,125321,1.000000,0.0656328487185,0
1439,A,1791296468556904263,122971,1.000000,0.0656328487185,0
1440,A,1791296468557298257,118520,1.000000,0.0656328487185,0
1441,A,1791296468557688852,119250,1.000000,0.0656328487185,0
1442,A,1791296468558079677,116670,1.000000,0.0656328487185,0
1443,A,1791296468558489492,135440,1.000000,0.0656328487185,0
1444,A,1791296468558881926,118449,1.000000,0.0656328487185,0
1445,A,1791296468559272661,117189,1.000000,0.0656328487185,0
1446,A,1791296468559664926,119059,1.000000,0.0656328487185,1
1447,B,1791296471234654691,398865,1.000000,0.176653096607,0
1448,B,1791296471235288633,224350,1.000000,0.176653096607,1
1449,A,1791296471563521913,501155,1.000000,0.0656328487185,0
1450,A,1791296471564379711,448394,1.000000,0.0656328487185,0
1451,A,1791296471565104012,313377,1.000000,0.0656328487185,0
1452,A,1791296471565722604,302923,1.000000,0.0656328487185,0
1453,A,1791296471566318306,298720,1.000000,0.0656328487185,0
1454,A,1791296471566912988,297946,1.000000,0.0656328487185,0
1455,A,1791296471567378822,183315,1.000000,0.0656328487185,0
1456,A,1791296471567841586,183875,1.000000,0.0656328487185,0
1457,A,1791296471568305139,183613,1.000000,0.0656328487185,1
1458,B,1791296474239208478,353048,1.000000,0.176653096607,0
1459,B,1791296474239757661,165265,1.000000,0.176653096607,1
1460,A,1791296474569507093,499182,1.000000,0.0656328487185,1
1461,B,1791296477242403569,360333,1.000000,0.176653096607,0
1462,B,1791296477243264738,376415,1.000000,0.176653096607,0
1463,B,1791296477243741282,238640,1.000000,0.176653096607,0
1464,B,1791296477244300224,252853,1.000000,0.176653096607,1
1465,A,1791296477573374054,372435,1.000000,0.0656328487185,0
1466,A,1791296477574082895,322830,1.000000,0.0656328487185,0
1467,A,1791296477574697587,293268,1.000000,0.0656328487185,0
1468,A,1791296477575289509,288765,1.000000,0.0656328487185,0
1469,A,1791296477575880511,290633,1.000000,0.0656328487185,0
1470,A,1791296477576467803,287671,1.000000,0.0656328487185,0
1471,A,1791296477576926187,171451,1.000000,0.0656328487185,0
1472,A,1791296477577384991,174011,1.000000,0.0656328487185,0
1473,A,1791296477577825535,155012,1.000000,0.0656328487185,0
1474,A,1791296477578265150,155194,1.000000,0.0656328487185,0
1475,A,1791296477578689424,140995,1.000000,0.0656328487185,0
1476,A,1791296477579088299,113867,1.000000,0.0656328487185,0
1477,A,1791296477579473074,109289,1.000000,0.0656328487185,0
1478,A,1791296477579858239,111851,1.000000,0.0656328487185,0
1479,A,1791296477580246163,112262,1.000000,0.0656328487185,0
1480,A,1791296477580629618,110324,1.000000,0.0656328487185,0
1481,A,1791296477581013903,110976,1.000000,0.0656328487185,0
1482,A,1791296477581407918,111579,1.000000,0.0656328487185,0
1483,A,1791296477581805843,119241,1.000000,0.0656328487185,0
1484,A,1791296477582192588,108503,1.000000,0.0656328487185,0
1485,A,1791296477582580712,109624,1.000000,0.0656328487185,0
1486,A,1791296477582967227,109286,1.000000,0.0656328487185,0
1487,A,1791296477583354172,108378,1.000000,0.0656328487185,0
1488,A,1791296477583742857,111391,1.000000,0.0656328487185,0
1489,A,1791296477584133302,109603,1.000000,0.0656328487185,0
1490,A,1791296477584518797,109455,1.000000,0.0656328487185,0
1491,A,1791296477584912382,112347,1.000000,0.0656328487185,1
1492,B,1791296480248081481,416213,1.000000,0.176653096607,0
1493,B,1791296480248838271,293335,1.000000,0.176653096607,0
1494,B,1791296480249429403,257853,1.000000,0.176653096607,0
1495,B,1791296480250000846,260660,1.000000,0.176653096607,0
1496,B,1791296480250288762,118626,1.000000,0.176653096607,0
1497,B,1791296480250579708,124970,1.000000,0.176653096607,1
1498,A,1791296480588823436,513009,1.000000,0.0656328487185,0
1499,A,1791296480589717405,458168,1.000000,0.0656328487185,0
1500,A,1791296480590432935,304849,1.000000,0.0656328487185,0
1501,A,1791296480591047057,295438,1.000000,0.0656328487185,0
1502,A,1791296480591641109,291837,1.000000,0.0656328487185,0
1503,A,1791296480592108393,177019,1.000000,0.0656328487185,0
1504,A,1791296480592579197,186343,1.000000,0.0656328487185,0
1505,A,1791296480593043621,179228,1.000000,0.0656328487185,0
1506,A,1791296480593505504,177941,1.000000,0.0656328487185,0
1507,A,1791296480593952629,166856,1.000000,0.0656328487185,0
1508,A,1791296480594373203,139441,1.000000,0.0656328487185,0
1509,A,1791296480594775398,116997,1.000000,0.0656328487185,0
1510,A,1791296480595166892,114862,1.000000,0.0656328487185,0
1511,A,1791296480595559847,119089,1.000000,0.0656328487185,0
1512,A,1791296480595948462,114536,1.000000,0.0656328487185,0
1513,A,1791296480596340907,117553,1.000000,0.0656328487185,0
1514,A,1791296480596725762,111439,1.000000,0.0656328487185,0
1515,A,1791296480597114397,112846,1.000000,0.0656328487185,0
1516,A,1791296480597499322,110103,1.000000,0.0656328487185,0
1517,A,1791296480597886836,113959,1.000000,0.0656328487185,0
1518,A,1791296480598271371,109776,1.000000,0.0656328487185,0
1519,A,1791296480598655606,110952,1.000000,0.0656328487185,0
1520,A,1791296480599039941,110489,1.000000,0.0656328487185,0
1521,A,1791296480599425596,110926,1.000000,0.0656328487185,0
1522,A,1791296480599809541,112483,1.000000,0.0656328487185,0
1523,A,1791296480600202056,112360,1.000000,0.0656328487185,0
1524,A,1791296480600590571,114656,1.000000,0.0656328487185,0
1525,A,1791296480600981846,114623,1.000000,0.0656328487185,0
1526,A,1791296480601372420,113879,1.000000,0.0656328487185,0
1527,A,1791296480601765225,120166,1.000000,0.0656328487185,0
1528,A,1791296480602150530,111892,1.000000,0.0656328487185,0
1529,A,1791296480602533715,110219,1.000000,0.0656328487185,0
1530,A,1791296480602920510,111486,1.000000,0.0656328487185,0
1531,A,1791296480603304245,110313,1.000000,0.0656328487185,0
1532,A,1791296480603685740,111040,1.000000,0.0656328487185,0
1533,A,1791296480604072115,111247,1.000000,0.0656328487185,0
1534,A,1791296480604451960,109133,1.000000,0.0656328487185,0
1535,A,1791296480604835285,112780,1.000000,0.0656328487185,0
1536,A,1791296480605218169,108296,1.000000,0.0656328487185,0
1537,A,1791296480605602924,109123,1.000000,0.0656328487185,0
1538,A,1791296480605985849,109940,1.000000,0.0656328487185,0
1539,A,1791296480606366624,107537,1.000000,0.0656328487185,0
1540,A,1791296480606748089,108874,1.000000,0.0656328487185,0
1541,A,1791296480607130024,108321,1.000000,0.0656328487185,0
1542,A,1791296480607514039,106217,1.000000,0.0656328487185,0
1543,A,1791296480607891344,107574,1.000000,0.0656328487185,0
1544,A,1791296480608275129,109321,1.000000,0.0656328487185,0
1545,A,1791296480608655174,108898,1.000000,0.0656328487185,0
1546,A,1791296480609047799,120435,1.000000,0.0656328487185,0
1547,A,1791296480609438674,112022,1.000000,0.0656328487185,0
1548,A,1791296480609823669,111569,1.000000,0.0656328487185,0
1549,A,1791296480610208363,110354,1.000000,0.0656328487185,0
1550,A,1791296480610591158,111651,1.000000,0.0656328487185,0
1551,A,1791296480610975853,111618,1.000000,0.0656328487185,0
1552,A,1791296480611361208,110995,1.000000,0.0656328487185,0
1553,A,1791296480611748873,111752,1.000000,0.0656328487185,0
1554,A,1791296480612134198,112869,1.000000,0.0656328487185,0
1555,A,1791296480612519173,111475,1.000000,0.0656328487185,0
1556,A,1791296480612910008,112962,1.000000,0.0656328487185,1
1557,B,1791296483254261077,355975,1.000000,0.176653096607,1
1558,A,1791296483616761274,449027,1.000000,0.0656328487185,0
1559,A,1791296483617457184,269271,1.000000,0.0656328487185,0
1560,A,1791296483618098166,292119,1.000000,0.0656328487185,1
1561,B,1791296486258341235,410010,1.000000,0.176653096607,0
1562,B,1791296486259272693,428532,1.000000,0.176653096607,0
1563,B,1791296486259858035,296601,1.000000,0.176653096607,0
1564,B,1791296486260301989,146360,1.000000,0.176653096607,0
1565,B,1791296486260612875,140074,1.000000,0.176653096607,0
1566,B,1791296486260908691,127738,1.000000,0.176653096607,1
1567,A,1791296486621567132,542008,1.000000,0.0656328487185,0
1568,A,1791296486622376542,322038,1.000000,0.0656328487185,0
1569,A,1791296486623046543,304535,1.000000,0.0656328487185,0
1570,A,1791296486623649395,292275,1.000000,0.0656328487185,0
1571,A,1791296486624244727,286906,1.000000,0.0656328487185,0
1572,A,1791296486624724961,177128,1.000000,0.0656328487185,0
1573,A,1791296486625194834,175302,1.000000,0.0656328487185,0
1574,A,1791296486625654148,171757,1.000000,0.0656328487185,0
1575,A,1791296486626112822,172772,1.000000,0.0656328487185,0
1576,A,1791296486626573246,172307,1.000000,0.0656328487185,0
1577,A,1791296486626997190,120402,1.000000,0.0656328487185,0
1578,A,1791296486627389405,111299,1.000000,0.0656328487185,0
1579,A,1791296486627788650,120736,1.000000,0.0656328487185,0
1580,A,1791296486628170145,109513,1.000000,0.0656328487185,0
1581,A,1791296486628548730,107671,1.000000,0.0656328487185,1
1582,B,1791296489264664597,436486,1.000000,0.176653096607,0
1583,B,1791296489265558605,439582,1.000000,0.176653096607,0
1584,B,1791296489266304315,296420,1.000000,0.176653096607,0
1585,B,1791296489266752519,146353,1.000000,0.176653096607,0
1586,B,1791296489267048595,124979,1.000000,0.176653096607,0
1587,B,1791296489267313062,116885,1.000000,0.176653096607,1
1588,A,1791296489632318445,378500,1.000000,0.0656328487185,0
1589,A,1791296489633173124,411139,1.000000,0.0656328487185,0
1590,A,1791296489633901824,299610,1.000000,0.0656328487185,0
1591,A,1791296489634516976,285453,1.000000,0.0656328487185,0
1592,A,1791296489635117538,285985,1.000000,0.0656328487185,0
1593,A,1791296489635624311,194009,1.000000,0.0656328487185,0
1594,A,1791296489636091115,169073,1.000000,0.0656328487185,0
1595,A,1791296489636567859,172367,1.000000,0.0656328487185,0
1596,A,1791296489637013143,152812,1.000000,0.0656328487185,0
1597,A,1791296489637429658,126747,1.000000,0.0656328487185,0
1598,A,1791296489637822082,107702,1.000000,0.0656328487185,0
1599,A,1791296489638212777,105677,1.000000,0.0656328487185,0
1600,A,1791296489638602582,108612,1.000000,0.0656328487185,0
1601,A,1791296489638987267,101868,1.000000,0.0656328487185,0
1602,A,1791296489639373122,102773,1.000000,0.0656328487185,0
1603,A,1791296489639756117,100568,1.000000,0.0656328487185,0
1604,A,1791296489640152481,104353,1.000000,0.0656328487185,0
1605,A,1791296489640537726,102818,1.000000,0.0656328487185,0
1606,A,1791296489640922501,103623,1.000000,0.0656328487185,0
1607,A,1791296489641310336,102269,1.000000,0.0656328487185,0
1608,A,1791296489641698731,105794,1.000000,0.0656328487185,0
1609,A,1791296489642083956,102059,1.000000,0.0656328487185,0
1610,A,1791296489642470341,102744,1.000000,0.0656328487185,0
1611,A,1791296489642857886,104230,1.000000,0.0656328487185,0
1612,A,1791296489643246091,101935,1.000000,0.0656328487185,1
1613,B,1791296492271010868,380289,1.000000,0.176653096607,0
1614,B,1791296492271829157,376318,1.000000,0.176653096607,0
1615,B,1791296492272433779,282067,1.000000,0.176653096607,0
1616,B,1791296492273001472,283753,1.000000,0.176653096607,0
1617,B,1791296492273301628,141710,1.000000,0.176653096607,0
1618,B,1791296492273573454,134053,1.000000,0.176653096607,0
1619,B,1791296492273834511,134487,1.000000,0.176653096607,0
1620,B,1791296492274091377,131039,1.000000,0.176653096607,0
1621,B,1791296492274349024,131422,1.000000,0.176653096607,0
1622,B,1791296492274611930,130795,1.000000,0.176653096607,1
1623,A,1791296492647059957,418066,1.000000,0.0656328487185,0
1624,A,1791296492647892486,434164,1.000000,0.0656328487185,0
1625,A,1791296492648744764,445681,1.000000,0.0656328487185,0
1626,A,1791296492649383206,300603,1.000000,0.0656328487185,1
1627,B,1791296495278279259,355862,1.000000,0.176653096607,0
1628,B,1791296495279113658,358123,1.000000,0.176653096607,0
1629,B,1791296495279719860,266528,1.000000,0.176653096607,0
1630,B,1791296495280161924,142557,1.000000,0.176653096607,0
1631,B,1791296495280456200,123251,1.000000,0.176653096607,1
1632,A,1791296495653237239,455947,1.000000,0.0656328487185,0
1633,A,1791296495653979009,304110,1.000000,0.0656328487185,0
1634,A,1791296495654779609,395265,1.000000,0.0656328487185,0
1635,A,1791296495655401700,300041,1.000000,0.0656328487185,0
1636,A,1791296495656011972,310219,1.000000,0.0656328487185,0
1637,A,1791296495656603474,295217,1.000000,0.0656328487185,0
1638,A,1791296495657094508,184966,1.000000,0.0656328487185,0
1639,A,1791296495657555112,180647,1.000000,0.0656328487185,0
1640,A,1791296495658012646,182128,1.000000,0.0656328487185,0
1641,A,1791296495658448140,159748,1.000000,0.0656328487185,1
1642,B,1791296498284141778,341227,1.000000,0.176653096607,0
1643,B,1791296498284958148,313330,1.000000,0.176653096607,0
1644,B,1791296498285706028,386031,1.000000,0.176653096607,1
1645,A,1791296498662322938,508472,1.000000,0.0656328487185,0
1646,A,1791296498663063438,314564,1.000000,0.0656328487185,0
1647,A,1791296498663820878,366701,1.000000,0.0656328487185,0
1648,A,1791296498664419960,308591,1.000000,0.0656328487185,0
1649,A,1791296498665018722,312672,1.000000,0.0656328487185,0
1650,A,1791296498665615134,307772,1.000000,0.0656328487185,0
1651,A,1791296498666087338,192145,1.000000,0.0656328487185,1
1652,B,1791296501289604616,394582,1.000000,0.176653096607,0
1653,B,1791296501290408115,384672,1.000000,0.176653096607,1
1654,A,1791296501669945336,501813,1.000000,0.0656328487185,0
1655,A,1791296501670909294,545801,1.000000,0.0656328487185,0
1656,A,1791296501671629584,315412,1.000000,0.0656328487185,0
1657,A,1791296501672248276,300298,1.000000,0.0656328487185,0
1658,A,1791296501672722370,185126,1.000000,0.0656328487185,0
1659,A,1791296501673155964,162445,1.000000,0.0656328487185,1
1660,B,1791296504294287352,420860,1.000000,0.176653096607,0
1661,B,1791296504295252270,441734,1.000000,0.176653096607,0
1662,B,1791296504295874971,250510,1.000000,0.176653096607,1
1663,A,1791296504677044781,493933,1.000000,0.0656328487185,0
1664,A,1791296504677882920,431504,1.000000,0.0656328487185,0
1665,A,1791296504678711609,449617,1.000000,0.0656328487185,0
1666,A,1791296504679332781,308014,1.000000,0.0656328487185,0
1667,A,1791296504679934693,308544,1.000000,0.0656328487185,0
1668,A,1791296504680532035,298964,1.000000,0.0656328487185,0
1669,A,1791296504680974159,163967,1.000000,0.0656328487185,0
1670,A,1791296504681435223,189942,1.000000,0.0656328487185,0
1671,A,1791296504681895897,191397,1.000000,0.0656328487185,0
1672,A,1791296504682328141,159312,1.000000,0.0656328487185,0
1673,A,1791296504682741326,149768,1.000000,0.0656328487185,0
1674,A,1791296504683135440,130934,1.000000,0.0656328487185,0
1675,A,1791296504683534515,126171,1.000000,0.0656328487185,0
1676,A,1791296504683924490,128709,1.000000,0.0656328487185,0
1677,A,1791296504684311075,124476,1.000000,0.0656328487185,1
1678,B,1791296507298347342,297139,1.000000,0.176653096607,0
1679,B,1791296507299099632,302593,1.000000,0.176653096607,0
1680,B,1791296507299654375,248118,1.000000,0.176653096607,1
1681,A,1791296507688166037,498162,1.000000,0.0656328487185,0
1682,A,1791296507689085245,483669,1.000000,0.0656328487185,0
1683,A,1791296507689833165,334139,1.000000,0.0656328487185,0
1684,A,1791296507690458196,304742,1.000000,0.0656328487185,0
1685,A,1791296507691065888,303837,1.000000,0.0656328487185,0
1686,A,1791296507691662660,292952,1.000000,0.0656328487185,0
1687,A,1791296507692139614,173339,1.000000,0.0656328487185,0
1688,A,1791296507692585028,164977,1.000000,0.0656328487185,0
1689,A,1791296507693034722,167436,1.000000,0.0656328487185,0
1690,A,1791296507693477726,163805,1.000000,0.0656328487185,0
1691,A,1791296507693920440,163294,1.000000,0.0656328487185,0
1692,A,1791296507694323015,122504,1.000000,0.0656328487185,0
1693,A,1791296507694715790,118684,1.000000,0.0656328487185,0
1694,A,1791296507695102145,116295,1.000000,0.0656328487185,0
1695,A,1791296507695489489,114884,1.000000,0.0656328487185,0
1696,A,1791296507695877114,115815,1.000000,0.0656328487185,0
1697,A,1791296507696266039,117535,1.000000,0.0656328487185,0
1698,A,1791296507696652294,114126,1.000000,0.0656328487185,0
1699,A,1791296507697045159,121766,1.000000,0.0656328487185,0
1700,A,1791296507697634081,115781,1.000000,0.0656328487185,0
1701,A,1791296507698024656,113532,1.000000,0.0656328487185,0
1702,A,1791296507698410451,113672,1.000000,0.0656328487185,0
1703,A,1791296507698793506,115323,1.000000,0.0656328487185,0
1704,A,1791296507699178161,114064,1.000000,0.0656328487185,0
1705,A,1791296507699563296,112264,1.000000,0.0656328487185,0
1706,A,1791296507699948630,115294,1.000000,0.0656328487185,0
1707,A,1791296507700333125,114044,1.000000,0.0656328487185,0
1708,A,1791296507700719240,116415,1.000000,0.0656328487185,0
1709,A,1791296507701106535,114775,1.000000,0.0656328487185,0
1710,A,1791296507701492280,115066,1.000000,0.0656328487185,0
1711,A,1791296507701880095,118066,1.000000,0.0656328487185,0
1712,A,1791296507702265110,113567,1.000000,0.0656328487185,0
1713,A,1791296507702650455,113977,1.000000,0.0656328487185,0
1714,A,1791296507703037030,113928,1.000000,0.0656328487185,0
1715,A,1791296507703421445,113709,1.000000,0.0656328487185,0
1716,A,1791296507703805429,113448,1.000000,0.0656328487185,0
1717,A,1791296507704187934,112439,1.000000,0.0656328487185,0
1718,A,1791296507704570759,113509,1.000000,0.0656328487185,0
1719,A,1791296507704952684,115040,1.000000,0.0656328487185,0
1720,A,1791296507705337619,113270,1.000000,0.0656328487185,0
1721,A,1791296507705731704,119821,1.000000,0.0656328487185,0
1722,A,1791296507706115059,113101,1.000000,0.0656328487185,0
1723,A,1791296507706500564,114402,1.000000,0.0656328487185,0
1724,A,1791296507706884719,113732,1.000000,0.0656328487185,0
1725,A,1791296507707273984,117833,1.000000,0.0656328487185,0
1726,A,1791296507707656538,112483,1.000000,0.0656328487185,0
1727,A,1791296507708048653,125343,1.000000,0.0656328487185,0
1728,A,1791296507708431958,112614,1.000000,0.0656328487185,0
1729,A,1791296507708820713,117794,1.000000,0.0656328487185,0
1730,A,1791296507709203668,112885,1.000000,0.0656328487185,0
1731,A,1791296507709586943,112695,1.000000,0.0656328487185,0
1732,A,1791296507709975858,119566,1.000000,0.0656328487185,0
1733,A,1791296507710364373,115286,1.000000,0.0656328487185,0
1734,A,1791296507710762147,115096,1.000000,0.0656328487185,0
1735,A,1791296507711145932,113406,1.000000,0.0656328487185,0
1736,A,1791296507711529777,112717,1.000000,0.0656328487185,0
1737,A,1791296507711915142,114727,1.000000,0.0656328487185,0
1738,A,1791296507712300097,111808,1.000000,0.0656328487185,0
1739,A,1791296507712683152,110748,1.000000,0.0656328487185,0
1740,A,1791296507713071187,115099,1.000000,0.0656328487185,0
1741,A,1791296507713455972,113719,1.000000,0.0656328487185,0
1742,A,1791296507713842107,115160,1.000000,0.0656328487185,0
1743,A,1791296507714228762,115801,1.000000,0.0656328487185,0
1744,A,1791296507714613096,113570,1.000000,0.0656328487185,0
1745,A,1791296507714999351,116981,1.000000,0.0656328487185,1
1746,B,1791296510303580158,433851,1.000000,0.176653096607,0
1747,B,1791296510304459326,436448,1.000000,0.176653096607,0
1748,B,1791296510305007629,226138,1.000000,0.176653096607,0
1749,B,1791296510305654950,273903,1.000000,0.176653096607,1
1750,A,1791296510717456874,447652,1.000000,0.0656328487185,0
1751,A,1791296510718117255,263340,1.000000,0.0656328487185,0
1752,A,1791296510718618758,184084,1.000000,0.0656328487185,0
1753,A,1791296510719082392,187161,1.000000,0.0656328487185,0
1754,A,1791296510719534976,173627,1.000000,0.0656328487185,0
1755,A,1791296510719976320,166824,1.000000,0.0656328487185,0
1756,A,1791296510720415835,166523,1.000000,0.0656328487185,0
1757,A,1791296510720854159,165130,1.000000,0.0656328487185,0
1758,A,1791296510721303053,167577,1.000000,0.0656328487185,0
1759,A,1791296510721736857,155934,1.000000,0.0656328487185,0
1760,A,1791296510722138912,122462,1.000000,0.0656328487185,0
1761,A,1791296510722529196,117080,1.000000,0.0656328487185,0
1762,A,1791296510722918321,117379,1.000000,0.0656328487185,0
1763,A,1791296510723312826,119578,1.000000,0.0656328487185,0
1764,A,1791296510723702421,119537,1.000000,0.0656328487185,0
1765,A,1791296510724092605,116094,1.000000,0.0656328487185,0
1766,A,1791296510724478880,116693,1.000000,0.0656328487185,0
1767,A,1791296510724866325,118992,1.000000,0.0656328487185,0
1768,A,1791296510725250840,115751,1.000000,0.0656328487185,0
1769,A,1791296510725635875,114790,1.000000,0.0656328487185,1
1770,B,1791296513306325319,275859,1.000000,0.176653096607,0
1771,B,1791296513307008930,215062,1.000000,0.176653096607,1
1772,A,1791296513729533752,538337,1.000000,0.0656328487185,0
1773,A,1791296513730303162,306770,1.000000,0.0656328487185,0
1774,A,1791296513730971963,306036,1.000000,0.0656328487185,0
1775,A,1791296513731428507,150836,1.000000,0.0656328487185,0
1776,A,1791296513731849481,147616,1.000000,0.0656328487185,0
1777,A,1791296513732265255,143847,1.000000,0.0656328487185,0
1778,A,1791296513732670910,129189,1.000000,0.0656328487185,0
1779,A,1791296513733082815,133172,1.000000,0.0656328487185,0
1780,A,1791296513733494659,128573,1.000000,0.0656328487185,0
1781,A,1791296513733897014,133475,1.000000,0.0656328487185,0
1782,A,1791296513734296658,131176,1.000000,0.0656328487185,0
1783,A,1791296513734701933,132598,1.000000,0.0656328487185,0
1784,A,1791296513735100008,129350,1.000000,0.0656328487185,0
1785,A,1791296513735498263,125472,1.000000,0.0656328487185,0
1786,A,1791296513735897367,128663,1.000000,0.0656328487185,0
1787,A,1791296513736292752,126106,1.000000,0.0656328487185,0
1788,A,1791296513736689177,125288,1.000000,0.0656328487185,0
1789,A,1791296513737086412,128990,1.000000,0.0656328487185,0
1790,A,1791296513737491346,139601,1.000000,0.0656328487185,0
1791,A,1791296513737884441,127963,1.000000,0.0656328487185,0
1792,A,1791296513738276786,126425,1.000000,0.0656328487185,0
1793,A,1791296513738665221,124868,1.000000,0.0656328487185,0
1794,A,1791296513739054445,127229,1.000000,0.0656328487185,0
1795,A,1791296513739445730,126451,1.000000,0.0656328487185,0
1796,A,1791296513739837745,127993,1.000000,0.0656328487185,0
1797,A,1791296513740231230,128545,1.000000,0.0656328487185,0
1798,A,1791296513740625185,129138,1.000000,0.0656328487185,0
1799,A,1791296513741019769,130389,1.000000,0.0656328487185,0
1800,A,1791296513741413514,125051,1.000000,0.0656328487185,0
1801,A,1791296513741806949,128533,1.000000,0.0656328487185,0
1802,A,1791296513742202194,127195,1.000000,0.0656328487185,0
1803,A,1791296513742591969,124898,1.000000,0.0656328487185,0
1804,A,1791296513742984303,127619,1.000000,0.0656328487185,0
1805,A,1791296513743374868,127231,1.000000,0.0656328487185,0
1806,A,1791296513743770453,132013,1.000000,0.0656328487185,0
1807,A,1791296513744162098,127856,1.000000,0.0656328487185,0
1808,A,1791296513744552933,126088,1.000000,0.0656328487185,0
1809,A,1791296513744945598,128530,1.000000,0.0656328487185,0
1810,A,1791296513745345422,126651,1.000000,0.0656328487185,0
1811,A,1791296513745744747,132623,1.000000,0.0656328487185,0
1812,A,1791296513746141042,127506,1.000000,0.0656328487185,0
1813,A,1791296513746541286,128287,1.000000,0.0656328487185,0
1814,A,1791296513746938481,129559,1.000000,0.0656328487185,0
1815,A,1791296513747339896,131091,1.000000,0.0656328487185,0
1816,A,1791296513747743281,134593,1.000000,0.0656328487185,0
1817,A,1791296513748145345,131404,1.000000,0.0656328487185,0
1818,A,1791296513748541380,127086,1.000000,0.0656328487185,0
1819,A,1791296513748936455,127929,1.000000,0.0656328487185,0
1820,A,1791296513749334199,129180,1.000000,0.0656328487185,0
1821,A,1791296513749725854,123682,1.000000,0.0656328487185,0
1822,A,1791296513750122439,125604,1.000000,0.0656328487185,0
1823,A,1791296513750519504,125966,1.000000,0.0656328487185,0
1824,A,1791296513750917259,129208,1.000000,0.0656328487185,1
1825,B,1791296516310893830,333097,1.000000,0.176653096607,0
1826,B,1791296516311672979,366750,1.000000,0.176653096607,0
1827,B,1791296516312292471,261945,1.000000,0.176653096607,0
1828,B,1791296516312858524,255678,1.000000,0.176653096607,0
1829,B,1791296516313174359,131961,1.000000,0.176653096607,1
1830,A,1791296516754810277,505672,1.000000,0.0656328487185,0
1831,A,1791296516755687066,417965,1.000000,0.0656328487185,0
1832,A,1791296516756352717,303253,1.000000,0.0656328487185,0
1833,A,1791296516756827000,169986,1.000000,0.0656328487185,0
1834,A,1791296516757253295,148284,1.000000,0.0656328487185,0
1835,A,1791296516757665709,144481,1.000000,0.0656328487185,0
1836,A,1791296516758075704,145640,1.000000,0.0656328487185,0
1837,A,1791296516758483139,143048,1.000000,0.0656328487185,0
1838,A,1791296516758893293,146715,1.000000,0.0656328487185,0
1839,A,1791296516759300998,142883,1.000000,0.0656328487185,0
1840,A,1791296516759705542,139911,1.000000,0.0656328487185,0
1841,A,1791296516760093717,124309,1.000000,0.0656328487185,0
1842,A,1791296516760483362,121718,1.000000,0.0656328487185,0
1843,A,1791296516760873607,125697,1.000000,0.0656328487185,0
1844,A,1791296516761267242,123215,1.000000,0.0656328487185,0
1845,A,1791296516761656497,119034,1.000000,0.0656328487185,0
1846,A,1791296516762047501,122471,1.000000,0.0656328487185,0
1847,A,1791296516762438536,119620,1.000000,0.0656328487185,0
1848,A,1791296516762829401,122519,1.000000,0.0656328487185,0
1849,A,1791296516763216306,120187,1.000000,0.0656328487185,0
1850,A,1791296516763604621,121476,1.000000,0.0656328487185,0
1851,A,1791296516763990736,120565,1.000000,0.0656328487185,0
1852,A,1791296516764378401,119753,1.000000,0.0656328487185,0
1853,A,1791296516764768465,124211,1.000000,0.0656328487185,0
1854,A,1791296516765156170,121420,1.000000,0.0656328487185,0
1855,A,1791296516765551015,126548,1.000000,0.0656328487185,0
1856,A,1791296516765937630,119957,1.000000,0.0656328487185,0
1857,A,1791296516766329265,121335,1.000000,0.0656328487185,0
1858,A,1791296516766716070,119234,1.000000,0.0656328487185,0
1859,A,1791296516767112944,124482,1.000000,0.0656328487185,0
1860,A,1791296516767505519,117300,1.000000,0.0656328487185,0
1861,A,1791296516767892524,120699,1.000000,0.0656328487185,0
1862,A,1791296516768285199,125577,1.000000,0.0656328487185,0
1863,A,1791296516768674574,119976,1.000000,0.0656328487185,0
1864,A,1791296516769074518,123614,1.000000,0.0656328487185,0
1865,A,1791296516769463863,120342,1.000000,0.0656328487185,0
1866,A,1791296516769855948,124121,1.000000,0.0656328487185,0
1867,A,1791296516770244223,119759,1.000000,0.0656328487185,0
1868,A,1791296516770630668,118568,1.000000,0.0656328487185,0
1869,A,1791296516771016723,119997,1.000000,0.0656328487185,0
1870,A,1791296516771405358,120155,1.000000,0.0656328487185,0
1871,A,1791296516771796582,124023,1.000000,0.0656328487185,0
1872,A,1791296516772183687,119872,1.000000,0.0656328487185,0
1873,A,1791296516772575562,120150,1.000000,0.0656328487185,0
1874,A,1791296516772963047,121669,1.000000,0.0656328487185,0
1875,A,1791296516773359212,127158,1.000000,0.0656328487185,0
1876,A,1791296516773745487,118606,1.000000,0.0656328487185,0
1877,A,1791296516774142051,121944,1.000000,0.0656328487185,0
1878,A,1791296516774530546,119692,1.000000,0.0656328487185,0
1879,A,1791296516774919681,120881,1.000000,0.0656328487185,0
1880,A,1791296516775305626,119360,1.000000,0.0656328487185,0
1881,A,1791296516775691951,118068,1.000000,0.0656328487185,0
1882,A,1791296516776081886,123047,1.000000,0.0656328487185,0
1883,A,1791296516776467321,117656,1.000000,0.0656328487185,0
1884,A,1791296516776857195,122973,1.000000,0.0656328487185,0
1885,A,1791296516777250720,122532,1.000000,0.0656328487185,0
1886,A,1791296516777638085,119591,1.000000,0.0656328487185,0
1887,A,1791296516778025020,120369,1.000000,0.0656328487185,0
1888,A,1791296516778414595,119878,1.000000,0.0656328487185,0
1889,A,1791296516778800980,121107,1.000000,0.0656328487185,0
1890,A,1791296516779187155,121875,1.000000,0.0656328487185,0
1891,A,1791296516779569260,117434,1.000000,0.0656328487185,0
1892,A,1791296516779957274,120502,1.000000,0.0656328487185,0
1893,A,1791296516780338509,119051,1.000000,0.0656328487185,0
1894,A,1791296516780725654,122719,1.000000,0.0656328487185,0
1895,A,1791296516781109919,122928,1.000000,0.0656328487185,0
1896,A,1791296516781495904,120827,1.000000,0.0656328487185,0
1897,A,1791296516781879739,120645,1.000000,0.0656328487185,0
1898,A,1791296516782264024,121124,1.000000,0.0656328487185,0
1899,A,1791296516782646469,117153,1.000000,0.0656328487185,0
1900,A,1791296516783030084,120692,1.000000,0.0656328487185,0
1901,A,1791296516783411619,117470,1.000000,0.0656328487185,0
1902,A,1791296516783795014,121819,1.000000,0.0656328487185,0
1903,A,1791296516784175849,118608,1.000000,0.0656328487185,0
1904,A,1791296516784558744,119277,1.000000,0.0656328487185,0
1905,A,1791296516784944608,122084,1.000000,0.0656328487185,0
1906,A,1791296516785336043,122673,1.000000,0.0656328487185,1
1907,B,1791296519316901857,406819,1.000000,0.176653096607,0
1908,B,1791296519317784015,395327,1.000000,0.176653096607,0
1909,B,1791296519318394227,242169,1.000000,0.176653096607,0
1910,B,1791296519318960040,244742,1.000000,0.176653096607,0
1911,B,1791296519319247156,90228,1.000000,0.176653096607,1
1912,A,1791296519789230389,513681,1.000000,0.0656328487185,0
1913,A,1791296519790094738,427774,1.000000,0.0656328487185,0
1914,A,1791296519790712810,196261,1.000000,0.0656328487185,0
1915,A,1791296519791196963,184111,1.000000,0.0656328487185,0
1916,A,1791296519791663607,179542,1.000000,0.0656328487185,0
1917,A,1791296519792111531,168433,1.000000,0.0656328487185,0
1918,A,1791296519792553315,163864,1.000000,0.0656328487185,0
1919,A,1791296519792996970,167037,1.000000,0.0656328487185,0
1920,A,1791296519793438064,146458,1.000000,0.0656328487185,0
1921,A,1791296519793853218,137029,1.000000,0.0656328487185,0
1922,A,1791296519794269313,140212,1.000000,0.0656328487185,0
1923,A,1791296519794666957,119913,1.000000,0.0656328487185,0
1924,A,1791296519795052852,116286,1.000000,0.0656328487185,0
1925,A,1791296519795435707,113438,1.000000,0.0656328487185,0
1926,A,1791296519795814292,112691,1.000000,0.0656328487185,0
1927,A,1791296519796197017,112313,1.000000,0.0656328487185,0
1928,A,1791296519796578722,113726,1.000000,0.0656328487185,1
1929,B,1791296522322932171,337873,1.000000,0.176653096607,0
1930,B,1791296522323732890,384689,1.000000,0.176653096607,0
1931,B,1791296522324217294,127801,1.000000,0.176653096607,0
1932,B,1791296522324673348,121200,1.000000,0.176653096607,0
1933,B,1791296522325004543,109448,1.000000,0.176653096607,1
1934,A,1791296522800535062,548744,1.000000,0.0656328487185,0
1935,A,1791296522801231493,238706,1.000000,0.0656328487185,0
1936,A,1791296522801914164,311436,1.000000,0.0656328487185,0
1937,A,1791296522802401808,180509,1.000000,0.0656328487185,0
1938,A,1791296522802879251,179343,1.000000,0.0656328487185,0
1939,A,1791296522803328285,163229,1.000000,0.0656328487185,0
1940,A,1791296522803781669,169185,1.000000,0.0656328487185,0
1941,A,1791296522804234963,161841,1.000000,0.0656328487185,0
1942,A,1791296522804682447,161006,1.000000,0.0656328487185,1
1943,B,1791296525328770190,383790,1.000000,0.176653096607,0
1944,B,1791296525329638909,351949,1.000000,0.176653096607,0
1945,B,1791296525330121722,115712,1.000000,0.176653096607,1
1946,A,1791296525808549032,496824,1.000000,0.0656328487185,0
1947,A,1791296525809440851,452159,1.000000,0.0656328487185,1
1948,B,1791296528334018588,375150,1.000000,0.176653096607,0
1949,B,1791296528334888987,338877,1.000000,0.176653096607,1
1950,A,1791296528813477977,496216,1.000000,0.0656328487185,0
1951,A,1791296528814252037,331751,1.000000,0.0656328487185,0
1952,A,1791296528814976567,311369,1.000000,0.0656328487185,0
1953,A,1791296528815577339,296011,1.000000,0.0656328487185,0
1954,A,1791296528816047993,180155,1.000000,0.0656328487185,0
1955,A,1791296528816515687,182312,1.000000,0.0656328487185,0
1956,A,1791296528816979970,168997,1.000000,0.0656328487185,0
1957,A,1791296528817431374,164874,1.000000,0.0656328487185,0
1958,A,1791296528817884118,172731,1.000000,0.0656328487185,0
1959,A,1791296528818329283,164668,1.000000,0.0656328487185,0
1960,A,1791296528818754347,145175,1.000000,0.0656328487185,0
1961,A,1791296528819156682,120173,1.000000,0.0656328487185,0
1962,A,1791296528819546156,113931,1.000000,0.0656328487185,0
1963,A,1791296528819938321,120449,1.000000,0.0656328487185,0
1964,A,1791296528820334506,123888,1.000000,0.0656328487185,0
1965,A,1791296528820720591,112407,1.000000,0.0656328487185,0
1966,A,1791296528821109306,115475,1.000000,0.0656328487185,0
1967,A,1791296528821495031,113604,1.000000,0.0656328487185,0
1968,A,1791296528821880326,113373,1.000000,0.0656328487185,0
1969,A,1791296528822269040,112230,1.000000,0.0656328487185,0
1970,A,1791296528822654145,112429,1.000000,0.0656328487185,0
1971,A,1791296528823034990,112388,1.000000,0.0656328487185,0
1972,A,1791296528823417285,112137,1.000000,0.0656328487185,0
1973,A,1791296528823803390,112756,1.000000,0.0656328487185,0
1974,A,1791296528824194765,115504,1.000000,0.0656328487185,0
1975,A,1791296528824580380,111873,1.000000,0.0656328487185,0
1976,A,1791296528824968625,116382,1.000000,0.0656328487185,0
1977,A,1791296528825355120,115030,1.000000,0.0656328487185,0
1978,A,1791296528825739105,112129,1.000000,0.0656328487185,0
1979,A,1791296528826127219,120837,1.000000,0.0656328487185,0
1980,A,1791296528826508654,111636,1.000000,0.0656328487185,0
1981,A,1791296528826893139,113474,1.000000,0.0656328487185,0
1982,A,1791296528827275924,112033,1.000000,0.0656328487185,1
1983,B,1791296531338792671,331217,1.000000,0.176653096607,0
1984,B,1791296531339446062,235906,1.000000,0.176653096607,0
1985,B,1791296531340023104,214585,1.000000,0.176653096607,0
1986,B,1791296531340490738,118685,1.000000,0.176653096607,0
1987,B,1791296531340816844,109125,1.000000,0.176653096607,0
1988,B,1791296531341131420,94925,1.000000,0.176653096607,1
1989,A,1791296531831207265,515843,1.000000,0.0656328487185,1
1990,B,1791296534344903686,406447,1.000000,0.176653096607,0
1991,B,1791296534345777935,359211,1.000000,0.176653096607,0
1992,B,1791296534346291548,231705,1.000000,0.176653096607,0
1993,B,1791296534346882850,241437,1.000000,0.176653096607,0
1994,B,1791296534347349324,227269,1.000000,0.176653096607,0
1995,B,1791296534347666420,99713,1.000000,0.176653096607,1
1996,A,1791296534833833797,435803,1.000000,0.0656328487185,0
1997,A,1791296534834526798,305583,1.000000,0.0656328487185,1
1998,B,1791296537351382918,348551,1.000000,0.176653096607,1
1999,A,1791296537837355658,340802,1.000000,0.0656328487185,0
2000,A,1791296537838032899,275920,1.000000,0.0656328487185,0
2001,A,1791296537838559282,202640,1.000000,0.0656328487185,0
2002,A,1791296537839051475,199941,1.000000,0.0656328487185,0
2003,A,1791296537839541829,202202,1.000000,0.0656328487185,0
2004,A,1791296537840032162,199203,1.000000,0.0656328487185,0
2005,A,1791296537840495066,186864,1.000000,0.0656328487185,0
2006,A,1791296537840945320,178826,1.000000,0.0656328487185,0
2007,A,1791296537841393674,169338,1.000000,0.0656328487185,0
2008,A,1791296537841834318,163870,1.000000,0.0656328487185,0
2009,A,1791296537842236333,127433,1.000000,0.0656328487185,0
2010,A,1791296537842630618,122776,1.000000,0.0656328487185,0
2011,A,1791296537843022973,121689,1.000000,0.0656328487185,0
2012,A,1791296537843418527,121571,1.000000,0.0656328487185,0
2013,A,1791296537843812172,121984,1.000000,0.0656328487185,0
2014,A,1791296537844198387,119747,1.000000,0.0656328487185,0
2015,A,1791296537844588042,120780,1.000000,0.0656328487185,0
2016,A,1791296537844977197,122763,1.000000,0.0656328487185,0
2017,A,1791296537845364162,119996,1.000000,0.0656328487185,0
2018,A,1791296537845748837,120199,1.000000,0.0656328487185,0
2019,A,1791296537846131652,121273,1.000000,0.0656328487185,0
2020,A,1791296537846530736,119515,1.000000,0.0656328487185,0
2021,A,1791296537846918091,124118,1.000000,0.0656328487185,0
2022,A,1791296537847300286,121091,1.000000,0.0656328487185,1
2023,B,1791296540355396979,414667,1.000000,0.176653096607,0
2024,B,1791296540356252488,344874,1.000000,0.176653096607,0
2025,B,1791296540356878170,254447,1.000000,0.176653096607,1
2026,A,1791296540851170939,517242,1.000000,0.0656328487185,0
2027,A,1791296540852033198,442116,1.000000,0.0656328487185,0
2028,A,1791296540852754118,320982,1.000000,0.0656328487185,0
2029,A,1791296540853372530,313374,1.000000,0.0656328487185,0
2030,A,1791296540853979262,318877,1.000000,0.0656328487185,1
2031,B,1791296543360732680,331837,1.000000,0.176653096607,0
2032,B,1791296543361501930,308551,1.000000,0.176653096607,0
2033,B,1791296543362104002,178028,1.000000,0.176653096607,0
2034,B,1791296543362580815,161194,1.000000,0.176653096607,0
2035,B,1791296543362935511,159743,1.000000,0.176653096607,0
2036,B,1791296543363236637,130771,1.000000,0.176653096607,0
2037,B,1791296543363512253,121969,1.000000,0.176653096607,0
2038,B,1791296543363782499,120017,1.000000,0.176653096607,0
2039,B,1791296543364022906,111214,1.000000,0.176653096607,0
2040,B,1791296543364243543,92913,1.000000,0.176653096607,0
2041,B,1791296543364441401,86152,1.000000,0.176653096607,0
2042,B,1791296543364615588,62051,1.000000,0.176653096607,0
2043,B,1791296543364777766,57730,1.000000,0.176653096607,0
2044,B,1791296543364945854,65619,1.000000,0.176653096607,0
2045,B,1791296543365111852,57918,1.000000,0.176653096607,0
2046,B,1791296543365275110,59827,1.000000,0.176653096607,0
2047,B,1791296543365439677,57855,1.000000,0.176653096607,1
2048,A,1791296543857803542,444937,1.000000,0.0656328487185,0
2049,A,1791296543858558952,338588,1.000000,0.0656328487185,0
2050,A,1791296543859247393,340612,1.000000,0.0656328487185,0
2051,A,1791296543859867615,314868,1.000000,0.0656328487185,0
2052,A,1791296543860351218,164545,1.000000,0.0656328487185,0
2053,A,1791296543860804042,167804,1.000000,0.0656328487185,0
2054,A,1791296543861227737,148225,1.000000,0.0656328487185,0
2055,A,1791296543861645431,141904,1.000000,0.0656328487185,0
2056,A,1791296543862074816,142795,1.000000,0.0656328487185,0
2057,A,1791296543862492620,141485,1.000000,0.0656328487185,0
2058,A,1791296543862922844,154085,1.000000,0.0656328487185,1
2059,B,1791296546369015744,294299,1.000000,0.176653096607,0
2060,B,1791296546369747805,286275,1.000000,0.176653096607,1
2061,A,1791296546866768601,488013,1.000000,0.0656328487185,0
2062,A,1791296546867634529,442508,1.000000,0.0656328487185,0
2063,A,1791296546868316330,308698,1.000000,0.0656328487185,0
2064,A,1791296546868940262,316891,1.000000,0.0656328487185,0
2065,A,1791296546869517534,288915,1.000000,0.0656328487185,0
2066,A,1791296546869968168,153770,1.000000,0.0656328487185,0
2067,A,1791296546870386422,145628,1.000000,0.0656328487185,0
2068,A,1791296546870804487,145807,1.000000,0.0656328487185,0
2069,A,1791296546871220941,145436,1.000000,0.0656328487185,0
2070,A,1791296546871640346,144255,1.000000,0.0656328487185,1
2071,B,1791296549373626463,426461,1.000000,0.176653096607,1
2072,A,1791296549875389357,367584,1.000000,0.0656328487185,0
2073,A,1791296549876420453,597558,1.000000,0.0656328487185,0
2074,A,1791296549877018075,219227,1.000000,0.0656328487185,0
2075,A,1791296549877637987,300137,1.000000,0.0656328487185,0
2076,A,1791296549878237049,305287,1.000000,0.0656328487185,1
2077,B,1791296552377655843,404226,1.000000,0.176653096607,0
2078,B,1791296552378477272,418255,1.000000,0.176653096607,0
2079,B,1791296552379147093,302626,1.000000,0.176653096607,0
2080,B,1791296552379730145,255315,1.000000,0.176653096607,0
2081,B,1791296552380145020,235765,1.000000,0.176653096607,0
2082,B,1791296552380444926,119176,1.000000,0.176653096607,0
2083,B,1791296552380727392,125035,1.000000,0.176653096607,1
2084,A,1791296552882159687,514204,1.000000,0.0656328487185,0
2085,A,1791296552883042325,441053,1.000000,0.0656328487185,0
2086,A,1791296552883770016,315816,1.000000,0.0656328487185,0
2087,A,1791296552884395667,308564,1.000000,0.0656328487185,0
2088,A,1791296552884994069,301924,1.000000,0.0656328487185,0
2089,A,1791296552885486873,189885,1.000000,0.0656328487185,0
2090,A,1791296552885962276,195629,1.000000,0.0656328487185,0
2091,A,1791296552886428150,186723,1.000000,0.0656328487185,0
2092,A,1791296552886879184,172687,1.000000,0.0656328487185,0
2093,A,1791296552887285419,131453,1.000000,0.0656328487185,0
2094,A,1791296552887680024,126260,1.000000,0.0656328487185,0
2095,A,1791296552888075178,124536,1.000000,0.0656328487185,0
2096,A,1791296552888465433,123053,1.000000,0.0656328487185,0
2097,A,1791296552888860078,122810,1.000000,0.0656328487185,0
2098,A,1791296552889250913,123757,1.000000,0.0656328487185,0
2099,A,1791296552889647528,131194,1.000000,0.0656328487185,0
2100,A,1791296552890036942,122950,1.000000,0.0656328487185,0
2101,A,1791296552890428147,121497,1.000000,0.0656328487185,0
2102,A,1791296552890816032,121874,1.000000,0.0656328487185,0
2103,A,1791296552891201817,121191,1.000000,0.0656328487185,0
2104,A,1791296552891588372,120628,1.000000,0.0656328487185,0
2105,A,1791296552891981467,123235,1.000000,0.0656328487185,0
2106,A,1791296552892369982,120262,1.000000,0.0656328487185,0
2107,A,1791296552892761376,123138,1.000000,0.0656328487185,0
2108,A,1791296552893150451,122425,1.000000,0.0656328487185,0
2109,A,1791296552893554896,128812,1.000000,0.0656328487185,0
2110,A,1791296552893945741,123009,1.000000,0.0656328487185,0
2111,A,1791296552894350795,136464,1.000000,0.0656328487185,0
2112,A,1791296552894737950,120731,1.000000,0.0656328487185,0
2113,A,1791296552895120995,119468,1.000000,0.0656328487185,0
2114,A,1791296552895505410,118815,1.000000,0.0656328487185,0
2115,A,1791296552895892695,121503,1.000000,0.0656328487185,0
2116,A,1791296552896279740,122410,1.000000,0.0656328487185,0
2117,A,1791296552896670195,121337,1.000000,0.0656328487185,0
2118,A,1791296552897070049,122102,1.000000,0.0656328487185,0
2119,A,1791296552897464434,128689,1.000000,0.0656328487185,0
2120,A,1791296552897848709,119656,1.000000,0.0656328487185,0
2121,A,1791296552898233514,120594,1.000000,0.0656328487185,0
2122,A,1791296552898618009,119061,1.000000,0.0656328487185,0
2123,A,1791296552899005534,122218,1.000000,0.0656328487185,0
2124,A,1791296552899390669,119335,1.000000,0.0656328487185,0
2125,A,1791296552899776224,119622,1.000000,0.0656328487185,0
2126,A,1791296552900162528,120798,1.000000,0.0656328487185,0
2127,A,1791296552900548813,121495,1.000000,0.0656328487185,0
2128,A,1791296552900932358,120082,1.000000,0.0656328487185,0
2129,A,1791296552901317843,120349,1.000000,0.0656328487185,0
2130,A,1791296552901700538,118446,1.000000,0.0656328487185,0
2131,A,1791296552902085173,120984,1.000000,0.0656328487185,0
2132,A,1791296552902472168,120931,1.000000,0.0656328487185,0
2133,A,1791296552902860063,120268,1.000000,0.0656328487185,1
2134,B,1791296555384491089,428734,1.000000,0.176653096607,1
2135,A,1791296555906772267,511083,1.000000,0.0656328487185,0
2136,A,1791296555907643115,428081,1.000000,0.0656328487185,0
2137,A,1791296555908327676,314253,1.000000,0.0656328487185,0
2138,A,1791296555908935468,301138,1.000000,0.0656328487185,0
2139,A,1791296555909542470,295763,1.000000,0.0656328487185,0
2140,A,1791296555910038593,197489,1.000000,0.0656328487185,0
2141,A,1791296555910501647,180748,1.000000,0.0656328487185,0
2142,A,1791296555910963531,180187,1.000000,0.0656328487185,0
2143,A,1791296555911419865,166325,1.000000,0.0656328487185,1
2144,B,1791296558388492006,395924,1.000000,0.176653096607,0
2145,B,1791296558389106298,201633,1.000000,0.176653096607,0
2146,B,1791296558389717699,242505,1.000000,0.176653096607,0
2147,B,1791296558390287132,248340,1.000000,0.176653096607,0
2148,B,1791296558390717456,225394,1.000000,0.176653096607,0
2149,B,1791296558391115541,218297,1.000000,0.176653096607,0
2150,B,1791296558391384217,100921,1.000000,0.176653096607,0
2151,B,1791296558391622414,98564,1.000000,0.176653096607,1
2152,A,1791296558915332236,510916,1.000000,0.0656328487185,0
2153,A,1791296558916245454,467030,1.000000,0.0656328487185,0
2154,A,1791296558916968224,303187,1.000000,0.0656328487185,0
2155,A,1791296558917587006,296569,1.000000,0.0656328487185,0
2156,A,1791296558918190308,298332,1.000000,0.0656328487185,0
2157,A,1791296558918792720,297495,1.000000,0.0656328487185,0
2158,A,1791296558919269163,182330,1.000000,0.0656328487185,0
2159,A,1791296558919736987,179617,1.000000,0.0656328487185,0
2160,A,1791296558920203821,176474,1.000000,0.0656328487185,0
2161,A,1791296558920659215,157140,1.000000,0.0656328487185,0
2162,A,1791296558921108159,154898,1.000000,0.0656328487185,1
2163,B,1791296561395341935,402133,1.000000,0.176653096607,0
2164,B,1791296561396078935,359152,1.000000,0.176653096607,0
2165,B,1791296561396699727,226373,1.000000,0.176653096607,0
2166,B,1791296561397264289,228415,1.000000,0.176653096607,0
2167,B,1791296561397698354,211950,1.000000,0.176653096607,0
2168,B,1791296561398102858,204383,1.000000,0.176653096607,0
2169,B,1791296561398349765,87950,1.000000,0.176653096607,0
2170,B,1791296561398586392,87617,1.000000,0.176653096607,0
2171,B,1791296561398821709,84523,1.000000,0.176653096607,0
2172,B,1791296561399041296,69640,1.000000,0.176653096607,0
2173,B,1791296561399242223,52487,1.000000,0.176653096607,0
2174,B,1791296561399414961,27395,1.000000,0.176653096607,1
2175,A,1791296561924979996,496867,1.000000,0.0656328487185,0
2176,A,1791296561925855535,408654,1.000000,0.0656328487185,0
2177,A,1791296561926586165,340774,1.000000,0.0656328487185,0
2178,A,1791296561927201827,293008,1.000000,0.0656328487185,0
2179,A,1791296561927810799,301932,1.000000,0.0656328487185,0
2180,A,1791296561928301432,180178,1.000000,0.0656328487185,0
2181,A,1791296561928770256,177016,1.000000,0.0656328487185,0
2182,A,1791296561929238790,177424,1.000000,0.0656328487185,0
2183,A,1791296561929702504,173012,1.000000,0.0656328487185,0
2184,A,1791296561930167807,161659,1.000000,0.0656328487185,0
2185,A,1791296561930598592,136059,1.000000,0.0656328487185,0
2186,A,1791296561931019266,136777,1.000000,0.0656328487185,0
2187,A,1791296561931417051,114057,1.000000,0.0656328487185,0
2188,A,1791296561931810876,111157,1.000000,0.0656328487185,0
2189,A,1791296561932205060,109446,1.000000,0.0656328487185,0
2190,A,1791296561932598805,109427,1.000000,0.0656328487185,0
2191,A,1791296561932989420,108207,1.000000,0.0656328487185,0
2192,A,1791296561933393315,115827,1.000000,0.0656328487185,0
2193,A,1791296561933786849,107106,1.000000,0.0656328487185,0
2194,A,1791296561934178574,107216,1.000000,0.0656328487185,0
2195,A,1791296561934572199,109166,1.000000,0.0656328487185,0
2196,A,1791296561934958514,105026,1.000000,0.0656328487185,0
2197,A,1791296561935344459,107256,1.000000,0.0656328487185,0
2198,A,1791296561935736774,106667,1.000000,0.0656328487185,0
2199,A,1791296561936127208,107486,1.000000,0.0656328487185,0
2200,A,1791296561936515203,107016,1.000000,0.0656328487185,0
2201,A,1791296561936912498,109426,1.000000,0.0656328487185,0
2202,A,1791296561937301603,107316,1.000000,0.0656328487185,0
2203,A,1791296561937690538,108456,1.000000,0.0656328487185,0
2204,A,1791296561938084073,110507,1.000000,0.0656328487185,0
2205,A,1791296561938475597,109816,1.000000,0.0656328487185,0
2206,A,1791296561938865632,107636,1.000000,0.0656328487185,0
2207,A,1791296561939258047,108456,1.000000,0.0656328487185,1
2208,B,1791296564403140069,412538,1.000000,0.176653096607,0
2209,B,1791296564404089847,428214,1.000000,0.176653096607,0
2210,B,1791296564404714288,229390,1.000000,0.176653096607,1
2211,A,1791296564941528526,496374,1.000000,0.0656328487185,0
2212,A,1791296564942505124,538330,1.000000,0.0656328487185,0
2213,A,1791296564943187105,307229,1.000000,0.0656328487185,0
2214,A,1791296564943807446,293861,1.000000,0.0656328487185,0
2215,A,1791296564944411318,296435,1.000000,0.0656328487185,0
2216,A,1791296564944899782,179411,1.000000,0.0656328487185,0
2217,A,1791296564945386065,177508,1.000000,0.0656328487185,0
2218,A,1791296564945837159,158985,1.000000,0.0656328487185,0
2219,A,1791296564946290263,160593,1.000000,0.0656328487185,0
2220,A,1791296564946738018,161322,1.000000,0.0656328487185,0
2221,A,1791296564947170452,145310,1.000000,0.0656328487185,0
2222,A,1791296564947594696,138329,1.000000,0.0656328487185,0
2223,A,1791296564947989571,113768,1.000000,0.0656328487185,0
2224,A,1791296564948386996,112598,1.000000,0.0656328487185,0
2225,A,1791296564948779531,113848,1.000000,0.0656328487185,0
2226,A,1791296564949173575,116736,1.000000,0.0656328487185,0
2227,A,1791296564949564460,111986,1.000000,0.0656328487185,0
2228,A,1791296564949955655,112456,1.000000,0.0656328487185,0
2229,A,1791296564950353080,121846,1.000000,0.0656328487185,0
2230,A,1791296564950754084,111034,1.000000,0.0656328487185,0
2231,A,1791296564951147519,111934,1.000000,0.0656328487185,0
2232,A,1791296564951534914,110904,1.000000,0.0656328487185,0
2233,A,1791296564951927579,112464,1.000000,0.0656328487185,0
2234,A,1791296564952320794,113253,1.000000,0.0656328487185,0
2235,A,1791296564952708349,109773,1.000000,0.0656328487185,0
2236,A,1791296564953102493,115922,1.000000,0.0656328487185,0
2237,A,1791296564953493058,112442,1.000000,0.0656328487185,0
2238,A,1791296564953885103,111651,1.000000,0.0656328487185,0
2239,A,1791296564954276878,113141,1.000000,0.0656328487185,0
2240,A,1791296564954670153,111321,1.000000,0.0656328487185,0
2241,A,1791296564955059927,112670,1.000000,0.0656328487185,0
2242,A,1791296564955447782,112220,1.000000,0.0656328487185,0
2243,A,1791296564955837577,112099,1.000000,0.0656328487185,0
2244,A,1791296564956227372,112969,1.000000,0.0656328487185,0
2245,A,1791296564956617067,111099,1.000000,0.0656328487185,0
2246,A,1791296564957006392,111379,1.000000,0.0656328487185,0
2247,A,1791296564957397717,112038,1.000000,0.0656328487185,0
2248,A,1791296564957782651,109937,1.000000,0.0656328487185,0
2249,A,1791296564958173076,113027,1.000000,0.0656328487185,0
2250,A,1791296564958565391,112457,1.000000,0.0656328487185,1
2251,B,1791296567408590336,373883,1.000000,0.176653096607,0
2252,B,1791296567409433375,381241,1.000000,0.176653096607,1
2253,A,1791296567962439328,491464,1.000000,0.0656328487185,0
2254,A,1791296567963422245,549321,1.000000,0.0656328487185,0
2255,A,1791296567964069976,235672,1.000000,0.0656328487185,0
2256,A,1791296567964732927,312217,1.000000,0.0656328487185,0
2257,A,1791296567965349009,305132,1.000000,0.0656328487185,0
2258,A,1791296567965858142,184979,1.000000,0.0656328487185,0
2259,A,1791296567966317056,168928,1.000000,0.0656328487185,0
2260,A,1791296567966761650,162487,1.000000,0.0656328487185,0
2261,A,1791296567967207694,163496,1.000000,0.0656328487185,0
2262,A,1791296567967652699,164286,1.000000,0.0656328487185,0
2263,A,1791296567968070423,135576,1.000000,0.0656328487185,0
2264,A,1791296567968475198,131546,1.000000,0.0656328487185,1
2265,B,1791296570413360682,390321,1.000000,0.176653096607,0
2266,B,1791296570414271300,382991,1.000000,0.176653096607,0
2267,B,1791296570414893512,219500,1.000000,0.176653096607,0
2268,B,1791296570415447365,209496,1.000000,0.176653096607,0
2269,B,1791296570415851869,196740,1.000000,0.176653096607,0
2270,B,1791296570416139186,84566,1.000000,0.176653096607,0
2271,B,1791296570416389382,79758,1.000000,0.176653096607,0
2272,B,1791296570416631279,82211,1.000000,0.176653096607,1
2273,A,1791296570972341345,490898,1.000000,0.0656328487185,0
2274,A,1791296570973125135,352686,1.000000,0.0656328487185,0
2275,A,1791296570973788396,307077,1.000000,0.0656328487185,0
2276,A,1791296570974393608,295591,1.000000,0.0656328487185,0
2277,A,1791296570974982090,292766,1.000000,0.0656328487185,0
2278,A,1791296570975419364,157752,1.000000,0.0656328487185,0
2279,A,1791296570975841529,149721,1.000000,0.0656328487185,0
2280,A,1791296570976260423,150160,1.000000,0.0656328487185,0
2281,A,1791296570976674818,147679,1.000000,0.0656328487185,0
2282,A,1791296570977102782,151118,1.000000,0.0656328487185,0
2283,A,1791296570977520127,147897,1.000000,0.0656328487185,0
2284,A,1791296570977934011,146906,1.000000,0.0656328487185,0
2285,A,1791296570978333976,130745,1.000000,0.0656328487185,0
2286,A,1791296570978732060,128074,1.000000,0.0656328487185,0
2287,A,1791296570979127625,126894,1.000000,0.0656328487185,0
2288,A,1791296570979526900,127854,1.000000,0.0656328487185,0
2289,A,1791296570979925785,125994,1.000000,0.0656328487185,0
2290,A,1791296570980319689,127582,1.000000,0.0656328487185,0
2291,A,1791296570980713164,126122,1.000000,0.0656328487185,0
2292,A,1791296570981109539,127992,1.000000,0.0656328487185,0
2293,A,1791296570981504254,125652,1.000000,0.0656328487185,0
2294,A,1791296570981898109,126192,1.000000,0.0656328487185,0
2295,A,1791296570982287913,123741,1.000000,0.0656328487185,0
2296,A,1791296570982690148,135730,1.000000,0.0656328487185,0
2297,A,1791296570983086023,128150,1.000000,0.0656328487185,0
2298,A,1791296570983481268,126540,1.000000,0.0656328487185,0
2299,A,1791296570983877112,124599,1.000000,0.0656328487185,0
2300,A,1791296570984270897,125499,1.000000,0.0656328487185,0
2301,A,1791296570984668252,126968,1.000000,0.0656328487185,1
2302,B,1791296573420362256,385038,1.000000,0.176653096607,0
2303,B,1791296573421089996,192781,1.000000,0.176653096607,1
2304,A,1791296573988555938,503113,1.000000,0.0656328487185,0
2305,A,1791296573989423047,438345,1.000000,0.0656328487185,0
2306,A,1791296573990100878,316709,1.000000,0.0656328487185,0
2307,A,1791296573990706860,318816,1.000000,0.0656328487185,0
2308,A,1791296573991296112,297573,1.000000,0.0656328487185,0
2309,A,1791296573991757846,172052,1.000000,0.0656328487185,0
2310,A,1791296573992184680,154883,1.000000,0.0656328487185,0
2311,A,1791296573992603345,151494,1.000000,0.0656328487185,0
2312,A,1791296573993021079,153055,1.000000,0.0656328487185,0
2313,A,1791296573993449163,153385,1.000000,0.0656328487185,0
2314,A,1791296573993867058,152007,1.000000,0.0656328487185,0
2315,A,1791296573994261743,131118,1.000000,0.0656328487185,0
2316,A,1791296573994655467,131259,1.000000,0.0656328487185,0
2317,A,1791296573995051312,128301,1.000000,0.0656328487185,0
2318,A,1791296573995448537,129563,1.000000,0.0656328487185,0
2319,A,1791296573995844542,128144,1.000000,0.0656328487185,0
2320,A,1791296573996238916,129665,1.000000,0.0656328487185,0
2321,A,1791296573996633441,127027,1.000000,0.0656328487185,1
2322,B,1791296576425002340,392199,1.000000,0.176653096607,0
2323,B,1791296576425925988,407778,1.000000,0.176653096607,0
2324,B,1791296576426553830,272138,1.000000,0.176653096607,1
2325,A,1791296577000488493,501855,1.000000,0.0656328487185,0
2326,A,1791296577001357811,473539,1.000000,0.0656328487185,0
2327,A,1791296577002051662,332007,1.000000,0.0656328487185,0
2328,A,1791296577002662774,299838,1.000000,0.0656328487185,0
2329,A,1791296577003250106,300291,1.000000,0.0656328487185,0
2330,A,1791296577003709010,173366,1.000000,0.0656328487185,0
2331,A,1791296577004123364,143822,1.000000,0.0656328487185,0
2332,A,1791296577004525119,137581,1.000000,0.0656328487185,0
2333,A,1791296577004920324,133160,1.000000,0.0656328487185,0
2334,A,1791296577005317599,136168,1.000000,0.0656328487185,0
2335,A,1791296577005710363,131956,1.000000,0.0656328487185,0
2336,A,1791296577006104548,133835,1.000000,0.0656328487185,0
2337,A,1791296577006495803,132263,1.000000,0.0656328487185,0
2338,A,1791296577006888498,132672,1.000000,0.0656328487185,0
2339,A,1791296577007282012,132770,1.000000,0.0656328487185,0
2340,A,1791296577007676447,132829,1.000000,0.0656328487185,0
2341,A,1791296577008072272,130267,1.000000,0.0656328487185,0
2342,A,1791296577008470327,134236,1.000000,0.0656328487185,0
2343,A,1791296577008867861,133914,1.000000,0.0656328487185,0
2344,A,1791296577009261856,132822,1.000000,0.0656328487185,0
2345,A,1791296577009656181,132851,1.000000,0.0656328487185,1
2346,B,1791296579430449412,388651,1.000000,0.176653096607,0
2347,B,1791296579431233132,310373,1.000000,0.176653096607,0
2348,B,1791296579431857694,280837,1.000000,0.176653096607,0
2349,B,1791296579432448946,245572,1.000000,0.176653096607,0
2350,B,1791296579432883410,219918,1.000000,0.176653096607,0
2351,B,1791296579433169486,95435,1.000000,0.176653096607,0
2352,B,1791296579433419863,95583,1.000000,0.176653096607,0
2353,B,1791296579433660670,96170,1.000000,0.176653096607,0
2354,B,1791296579433896447,94468,1.000000,0.176653096607,0
2355,B,1791296579434117494,77346,1.000000,0.176653096607,0
2356,B,1791296579434295861,40734,1.000000,0.176653096607,0
2357,B,1791296579434462499,32462,1.000000,0.176653096607,0
2358,B,1791296579434627597,32081,1.000000,0.176653096607,0
2359,B,1791296579434788715,28310,1.000000,0.176653096607,0
2360,B,1791296579434951923,30368,1.000000,0.176653096607,1
2361,A,1791296580013498697,490000,1.000000,0.0656328487185,0
2362,A,1791296580014400165,476959,1.000000,0.0656328487185,0
2363,A,1791296580015081526,315592,1.000000,0.0656328487185,0
2364,A,1791296580015688368,302699,1.000000,0.0656328487185,0
2365,A,1791296580016276690,299915,1.000000,0.0656328487185,0
2366,A,1791296580016738114,175824,1.000000,0.0656328487185,0
2367,A,1791296580017161798,143103,1.000000,0.0656328487185,0
2368,A,1791296580017559443,135105,1.000000,0.0656328487185,0
2369,A,1791296580017954778,134606,1.000000,0.0656328487185,0
2370,A,1791296580018348702,134426,1.000000,0.0656328487185,0
2371,A,1791296580018742257,133698,1.000000,0.0656328487185,0
2372,A,1791296580019143372,141059,1.000000,0.0656328487185,0
2373,A,1791296580019534307,131760,1.000000,0.0656328487185,0
2374,A,1791296580019942541,146951,1.000000,0.0656328487185,0
2375,A,1791296580020337736,134012,1.000000,0.0656328487185,0
2376,A,1791296580020732301,132523,1.000000,0.0656328487185,0
2377,A,1791296580021135266,136724,1.000000,0.0656328487185,0
2378,A,1791296580021533250,135015,1.000000,0.0656328487185,0
2379,A,1791296580021924645,131696,1.000000,0.0656328487185,0
2380,A,1791296580022320520,137027,1.000000,0.0656328487185,0
2381,A,1791296580022713235,132259,1.000000,0.0656328487185,0
2382,A,1791296580023110959,138479,1.000000,0.0656328487185,0
2383,A,1791296580023503044,132000,1.000000,0.0656328487185,0
2384,A,1791296580023893039,131692,1.000000,0.0656328487185,0
2385,A,1791296580024287104,130423,1.000000,0.0656328487185,0
2386,A,1791296580024679179,130754,1.000000,0.0656328487185,0
2387,A,1791296580025082043,133205,1.000000,0.0656328487185,0
2388,A,1791296580025486538,135996,1.000000,0.0656328487185,0
2389,A,1791296580025879463,132147,1.000000,0.0656328487185,0
2390,A,1791296580026271498,132359,1.000000,0.0656328487185,0
2391,A,1791296580026660692,129859,1.000000,0.0656328487185,0
2392,A,1791296580027052617,131410,1.000000,0.0656328487185,0
2393,A,1791296580027448432,134652,1.000000,0.0656328487185,0
2394,A,1791296580027840907,132543,1.000000,0.0656328487185,0
2395,A,1791296580028234972,134034,1.000000,0.0656328487185,0
2396,A,1791296580028627466,132155,1.000000,0.0656328487185,0
2397,A,1791296580029029541,141236,1.000000,0.0656328487185,1
2398,B,1791296582438673236,398989,1.000000,0.176653096607,0
2399,B,1791296582439537914,380792,1.000000,0.176653096607,0
2400,B,1791296582440174916,241648,1.000000,0.176653096607,1
2401,A,1791296583032726502,342991,1.000000,0.0656328487185,0
2402,A,1791296583033356104,234762,1.000000,0.0656328487185,0
2403,A,1791296583033880887,217377,1.000000,0.0656328487185,1
2404,B,1791296585444126222,441804,1.000000,0.176653096607,0
2405,B,1791296585445016950,332687,1.000000,0.176653096607,0
2406,B,1791296585445586623,236024,1.000000,0.176653096607,0
2407,B,1791296585446149745,238618,1.000000,0.176653096607,0
2408,B,1791296585446584459,220924,1.000000,0.176653096607,0
2409,B,1791296585446870806,99633,1.000000,0.176653096607,0
2410,B,1791296585447109292,95100,1.000000,0.176653096607,0
2411,B,1791296585447331649,78018,1.000000,0.176653096607,0
2412,B,1791296585447521617,49277,1.000000,0.176653096607,0
2413,B,1791296585447698775,45026,1.000000,0.176653096607,0
2414,B,1791296585447858412,30004,1.000000,0.176653096607,1
2415,A,1791296586037511247,501693,1.000000,0.0656328487185,0
2416,A,1791296586038403645,453713,1.000000,0.0656328487185,0
2417,A,1791296586039067797,310509,1.000000,0.0656328487185,0
2418,A,1791296586039655899,296036,1.000000,0.0656328487185,0
2419,A,1791296586040236541,295253,1.000000,0.0656328487185,0
2420,A,1791296586040685835,165452,1.000000,0.0656328487185,0
2421,A,1791296586041112709,149283,1.000000,0.0656328487185,0
2422,A,1791296586041525314,147134,1.000000,0.0656328487185,0
2423,A,1791296586041923309,129716,1.000000,0.0656328487185,0
2424,A,1791296586042316114,129128,1.000000,0.0656328487185,0
2425,A,1791296586042705668,125429,1.000000,0.0656328487185,0
2426,A,1791296586043092533,123040,1.000000,0.0656328487185,0
2427,A,1791296586043484728,125282,1.000000,0.0656328487185,0
2428,A,1791296586043871423,124824,1.000000,0.0656328487185,1
2429,B,1791296588451459004,271020,1.000000,0.176653096607,0
2430,B,1791296588452277713,409334,1.000000,0.176653096607,0
2431,B,1791296588452901165,240123,1.000000,0.176653096607,0
2432,B,1791296588453448677,244378,1.000000,0.176653096607,0
2433,B,1791296588453874702,237282,1.000000,0.176653096607,0
2434,B,1791296588454169348,130187,1.000000,0.176653096607,0
2435,B,1791296588454442024,122340,1.000000,0.176653096607,0
2436,B,1791296588454680201,115342,1.000000,0.176653096607,0
2437,B,1791296588454895498,94414,1.000000,0.176653096607,0
2438,B,1791296588455106835,93576,1.000000,0.176653096607,0
2439,B,1791296588455280753,55179,1.000000,0.176653096607,0
2440,B,1791296588455441921,50220,1.000000,0.176653096607,0
2441,B,1791296588455598989,47621,1.000000,0.176653096607,0
2442,B,1791296588455757307,47933,1.000000,0.176653096607,0
2443,B,1791296588455913675,47004,1.000000,0.176653096607,1
2444,A,1791296589045530902,513548,1.000000,0.0656328487185,0
2445,A,1791296589046440689,472148,1.000000,0.0656328487185,0
2446,A,1791296589047092081,308796,1.000000,0.0656328487185,0
2447,A,1791296589047697613,297477,1.000000,0.0656328487185,0
2448,A,1791296589048292425,304758,1.000000,0.0656328487185,0
2449,A,1791296589048748529,168751,1.000000,0.0656328487185,0
2450,A,1791296589049185143,165798,1.000000,0.0656328487185,0
2451,A,1791296589049581438,132665,1.000000,0.0656328487185,0
2452,A,1791296589049992822,148552,1.000000,0.0656328487185,0
2453,A,1791296589050384667,132510,1.000000,0.0656328487185,0
2454,A,1791296589050767922,126978,1.000000,0.0656328487185,0
2455,A,1791296589051158647,135036,1.000000,0.0656328487185,0
2456,A,1791296589051547952,130834,1.000000,0.0656328487185,0
2457,A,1791296589051935927,127312,1.000000,0.0656328487185,0
2458,A,1791296589052319082,127810,1.000000,0.0656328487185,0
2459,A,1791296589052701857,127778,1.000000,0.0656328487185,0
2460,A,1791296589053093111,128525,1.000000,0.0656328487185,0
2461,A,1791296589053487816,129283,1.000000,0.0656328487185,0
2462,A,1791296589053871391,127411,1.000000,0.0656328487185,0
2463,A,1791296589054257686,131369,1.000000,0.0656328487185,0
2464,A,1791296589054638921,126907,1.000000,0.0656328487185,0
2465,A,1791296589055020326,125396,1.000000,0.0656328487185,0
2466,A,1791296589055402051,128484,1.000000,0.0656328487185,0
2467,A,1791296589055793076,136372,1.000000,0.0656328487185,0
2468,A,1791296589056175501,129930,1.000000,0.0656328487185,1
2469,B,1791296591459525741,306828,1.000000,0.176653096607,0
2470,B,1791296591460417839,414870,1.000000,0.176653096607,0
2471,B,1791296591461119430,256335,1.000000,0.176653096607,0
2472,B,1791296591461683222,247420,1.000000,0.176653096607,0
2473,B,1791296591462119716,225215,1.000000,0.176653096607,1
2474,A,1791296592057575878,519317,1.000000,0.0656328487185,0
2475,A,1791296592058423587,401585,1.000000,0.0656328487185,0
2476,A,1791296592059114738,311907,1.000000,0.0656328487185,0
2477,A,1791296592059716540,294472,1.000000,0.0656328487185,0
2478,A,1791296592060306682,296768,1.000000,0.0656328487185,0
2479,A,1791296592060761686,156215,1.000000,0.0656328487185,0
2480,A,1791296592061198930,173064,1.000000,0.0656328487185,0
2481,A,1791296592061620664,153663,1.000000,0.0656328487185,0
2482,A,1791296592062032909,147184,1.000000,0.0656328487185,0
2483,A,1791296592062445933,148763,1.000000,0.0656328487185,0
2484,A,1791296592062854958,145363,1.000000,0.0656328487185,0
2485,A,1791296592063250203,129294,1.000000,0.0656328487185,0
2486,A,1791296592063644057,126813,1.000000,0.0656328487185,0
2487,A,1791296592064031822,125014,1.000000,0.0656328487185,0
2488,A,1791296592064419597,124335,1.000000,0.0656328487185,1
2489,B,1791296594465881256,412163,1.000000,0.176653096607,0
2490,B,1791296594466780554,410161,1.000000,0.176653096607,1
2491,A,1791296595068304013,544907,1.000000,0.0656328487185,0
2492,A,1791296595068978764,279272,1.000000,0.0656328487185,0
2493,A,1791296595069578396,290234,1.000000,0.0656328487185,0
2494,A,1791296595070171598,293335,1.000000,0.0656328487185,0
2495,A,1791296595070624342,162789,1.000000,0.0656328487185,0
2496,A,1791296595071041586,147286,1.000000,0.0656328487185,0
2497,A,1791296595071439341,133214,1.000000,0.0656328487185,1
2498,B,1791296597470731080,409414,1.000000,0.176653096607,0
2499,B,1791296597471516300,337006,1.000000,0.176653096607,0
2500,B,1791296597472182391,275899,1.000000,0.176653096607,1
2501,A,1791296598075306549,507771,1.000000,0.0656328487185,1
2502,B,1791296600474415062,363683,1.000000,0.176653096607,0
2503,B,1791296600475137273,312750,1.000000,0.176653096607,0
2504,B,1791296600475716755,288474,1.000000,0.176653096607,0
2505,B,1791296600476285807,281588,1.000000,0.176653096607,0
2506,B,1791296600476717292,263733,1.000000,0.176653096607,1
2507,A,1791296601079378356,542865,1.000000,0.0656328487185,0
2508,A,1791296601080312343,502295,1.000000,0.0656328487185,0
2509,A,1791296601080968375,296732,1.000000,0.0656328487185,0
2510,A,1791296601081569037,304194,1.000000,0.0656328487185,0
2511,A,1791296601082168959,303426,1.000000,0.0656328487185,0
2512,A,1791296601082631203,182760,1.000000,0.0656328487185,0
2513,A,1791296601083094087,184236,1.000000,0.0656328487185,0
2514,A,1791296601083551180,185721,1.000000,0.0656328487185,0
2515,A,1791296601084000225,165638,1.000000,0.0656328487185,0
2516,A,1791296601084418309,147954,1.000000,0.0656328487185,0
2517,A,1791296601084810894,123892,1.000000,0.0656328487185,0
2518,A,1791296601085199729,122750,1.000000,0.0656328487185,0
2519,A,1791296601085585344,119949,1.000000,0.0656328487185,0
2520,A,1791296601085964809,117497,1.000000,0.0656328487185,0
2521,A,1791296601086347783,118124,1.000000,0.0656328487185,0
2522,A,1791296601086740048,129573,1.000000,0.0656328487185,0
2523,A,1791296601087119413,116521,1.000000,0.0656328487185,0
2524,A,1791296601087498268,117629,1.000000,0.0656328487185,0
2525,A,1791296601087875133,116608,1.000000,0.0656328487185,0
2526,A,1791296601088254248,117356,1.000000,0.0656328487185,0
2527,A,1791296601088632723,117025,1.000000,0.0656328487185,0
2528,A,1791296601089012908,121153,1.000000,0.0656328487185,0
2529,A,1791296601089394423,117692,1.000000,0.0656328487185,0
2530,A,1791296601089772578,117150,1.000000,0.0656328487185,0
2531,A,1791296601090151603,117479,1.000000,0.0656328487185,0
2532,A,1791296601090529158,117247,1.000000,0.0656328487185,0
2533,A,1791296601090910013,116555,1.000000,0.0656328487185,0
2534,A,1791296601091290748,119764,1.000000,0.0656328487185,0
2535,A,1791296601091669453,117452,1.000000,0.0656328487185,0
2536,A,1791296601092045628,115511,1.000000,0.0656328487185,0
2537,A,1791296601092421483,116209,1.000000,0.0656328487185,0
2538,A,1791296601092806728,124348,1.000000,0.0656328487185,0
2539,A,1791296601093194803,126986,1.000000,0.0656328487185,0
2540,A,1791296601093573168,118184,1.000000,0.0656328487185,0
2541,A,1791296601093953443,117833,1.000000,0.0656328487185,1
2542,B,1791296603480519775,452329,1.000000,0.176653096607,0
2543,B,1791296603481369024,448399,1.000000,0.176653096607,0
2544,B,1791296603481926237,274614,1.000000,0.176653096607,1
2545,A,1791296604097807147,500061,1.000000,0.0656328487185,0
2546,A,1791296604098571867,338783,1.000000,0.0656328487185,0
2547,A,1791296604099402876,412535,1.000000,0.0656328487185,0
2548,A,1791296604100042198,298760,1.000000,0.0656328487185,0
2549,A,1791296604100642490,299376,1.000000,0.0656328487185,0
2550,A,1791296604101259922,306533,1.000000,0.0656328487185,0
2551,A,1791296604101727365,182480,1.000000,0.0656328487185,0
2552,A,1791296604102183949,179600,1.000000,0.0656328487185,0
2553,A,1791296604102643493,182810,1.000000,0.0656328487185,0
2554,A,1791296604103114877,193499,1.000000,0.0656328487185,0
2555,A,1791296604103548181,154859,1.000000,0.0656328487185,0
2556,A,1791296604103948016,122080,1.000000,0.0656328487185,1
2557,B,1791296606485625338,339255,1.000000,0.176653096607,0
2558,B,1791296606486417378,349912,1.000000,0.176653096607,0
2559,B,1791296606487011760,211379,1.000000,0.176653096607,0
2560,B,1791296606487382705,191351,1.000000,0.176653096607,0
2561,B,1791296606487694661,170264,1.000000,0.176653096607,0
2562,B,1791296606487982177,150417,1.000000,0.176653096607,0
2563,B,1791296606488228254,147489,1.000000,0.176653096607,1
2564,A,1791296607107830273,510423,1.000000,0.0656328487185,0
2565,A,1791296607108695911,415977,1.000000,0.0656328487185,0
2566,A,1791296607109521290,424095,1.000000,0.0656328487185,0
2567,A,1791296607110141282,298387,1.000000,0.0656328487185,0
2568,A,1791296607110736164,298550,1.000000,0.0656328487185,0
2569,A,1791296607111326046,296094,1.000000,0.0656328487185,0
2570,A,1791296607111804870,185530,1.000000,0.0656328487185,0
2571,A,1791296607112270434,188398,1.000000,0.0656328487185,0
2572,A,1791296607112725038,178915,1.000000,0.0656328487185,0
2573,A,1791296607113157352,154913,1.000000,0.0656328487185,0
2574,A,1791296607113564937,137262,1.000000,0.0656328487185,0
2575,A,1791296607113966421,119770,1.000000,0.0656328487185,0
2576,A,1791296607114350516,117090,1.000000,0.0656328487185,0
2577,A,1791296607114732861,115870,1.000000,0.0656328487185,0
2578,A,1791296607115114876,114879,1.000000,0.0656328487185,0
2579,A,1791296607115496121,115199,1.000000,0.0656328487185,0
2580,A,1791296607115876026,114899,1.000000,0.0656328487185,0
2581,A,1791296607116260601,120359,1.000000,0.0656328487185,0
2582,A,1791296607116651946,124498,1.000000,0.0656328487185,0
2583,A,1791296607117033911,116218,1.000000,0.0656328487185,1
2584,B,1791296609491904632,411483,1.000000,0.176653096607,1
2585,A,1791296610120867389,474135,1.000000,0.0656328487185,0
2586,A,1791296610121598650,289698,1.000000,0.0656328487185,0
2587,A,1791296610122436818,475370,1.000000,0.0656328487185,0
2588,A,1791296610123113309,300963,1.000000,0.0656328487185,0
2589,A,1791296610123720941,306889,1.000000,0.0656328487185,0
2590,A,1791296610124315883,296106,1.000000,0.0656328487185,0
2591,A,1791296610124777717,175674,1.000000,0.0656328487185,0
2592,A,1791296610125236971,163884,1.000000,0.0656328487185,0
2593,A,1791296610125657915,139984,1.000000,0.0656328487185,0
2594,A,1791296610126046780,115165,1.000000,0.0656328487185,0
2595,A,1791296610126435805,113586,1.000000,0.0656328487185,0
2596,A,1791296610126822800,111458,1.000000,0.0656328487185,0
2597,A,1791296610127204865,110269,1.000000,0.0656328487185,0
2598,A,1791296610127585680,110310,1.000000,0.0656328487185,0
2599,A,1791296610127967075,109012,1.000000,0.0656328487185,0
2600,A,1791296610128350480,111523,1.000000,0.0656328487185,0
2601,A,1791296610128734225,113155,1.000000,0.0656328487185,1
2602,B,1791296612495809757,424248,1.000000,0.176653096607,0
2603,B,1791296612496704025,431737,1.000000,0.176653096607,0
2604,B,1791296612497404656,344785,1.000000,0.176653096607,0
2605,B,1791296612497962518,269872,1.000000,0.176653096607,1
2606,A,1791296613132605809,503338,1.000000,0.0656328487185,0
2607,A,1791296613133476418,406991,1.000000,0.0656328487185,0
2608,A,1791296613134144879,306190,1.000000,0.0656328487185,0
2609,A,1791296613134748351,298732,1.000000,0.0656328487185,0
2610,A,1791296613135350193,303414,1.000000,0.0656328487185,0
2611,A,1791296613135831796,181878,1.000000,0.0656328487185,0
2612,A,1791296613136297000,183064,1.000000,0.0656328487185,0
2613,A,1791296613136759114,181801,1.000000,0.0656328487185,1
2614,B,1791296615501649099,339908,1.000000,0.176653096607,1
2615,A,1791296616140660850,502839,1.000000,0.0656328487185,0
2616,A,1791296616141530188,421036,1.000000,0.0656328487185,0
2617,A,1791296616142235809,325759,1.000000,0.0656328487185,0
2618,A,1791296616142858021,304954,1.000000,0.0656328487185,0
2619,A,1791296616143458613,303529,1.000000,0.0656328487185,0
2620,A,1791296616143942636,189876,1.000000,0.0656328487185,0
2621,A,1791296616144407350,187085,1.000000,0.0656328487185,0
2622,A,1791296616144878104,185304,1.000000,0.0656328487185,0
2623,A,1791296616145337218,181593,1.000000,0.0656328487185,0
2624,A,1791296616145948510,180868,1.000000,0.0656328487185,0
2625,A,1791296616146370544,148037,1.000000,0.0656328487185,0
2626,A,1791296616146767349,124037,1.000000,0.0656328487185,0
2627,A,1791296616147161244,120788,1.000000,0.0656328487185,0
2628,A,1791296616147546109,119559,1.000000,0.0656328487185,0
2629,A,1791296616147930054,118310,1.000000,0.0656328487185,0
2630,A,1791296616148317248,121400,1.000000,0.0656328487185,1
2631,B,1791296618505651444,414286,1.000000,0.176653096607,0
2632,B,1791296618506463884,348648,1.000000,0.176653096607,0
2633,B,1791296618507120665,262307,1.000000,0.176653096607,1
2634,A,1791296619152228246,520434,1.000000,0.0656328487185,0
2635,A,1791296619153008406,343868,1.000000,0.0656328487185,0
2636,A,1791296619153648358,203166,1.000000,0.0656328487185,0
2637,A,1791296619154118901,184550,1.000000,0.0656328487185,0
2638,A,1791296619154594925,184446,1.000000,0.0656328487185,0
2639,A,1791296619155053349,180582,1.000000,0.0656328487185,0
2640,A,1791296619155519103,185478,1.000000,0.0656328487185,0
2641,A,1791296619155976367,178204,1.000000,0.0656328487185,0
2642,A,1791296619156436611,180190,1.000000,0.0656328487185,0
2643,A,1791296619156858535,141856,1.000000,0.0656328487185,0
2644,A,1791296619157268410,135994,1.000000,0.0656328487185,0
2645,A,1791296619157661454,121531,1.000000,0.0656328487185,0
2646,A,1791296619158049559,114949,1.000000,0.0656328487185,0
2647,A,1791296619158430354,113477,1.000000,0.0656328487185,0
2648,A,1791296619158818539,115305,1.000000,0.0656328487185,0
2649,A,1791296619159202174,115554,1.000000,0.0656328487185,0
2650,A,1791296619159582809,114252,1.000000,0.0656328487185,0
2651,A,1791296619159964194,113690,1.000000,0.0656328487185,0
2652,A,1791296619160344959,114459,1.000000,0.0656328487185,0
2653,A,1791296619160724084,114977,1.000000,0.0656328487185,1
2654,B,1791296621511056927,433466,1.000000,0.176653096607,0
2655,B,1791296621512063514,467660,1.000000,0.176653096607,0
2656,B,1791296621512696186,242907,1.000000,0.176653096607,1
2657,A,1791296622164597167,502199,1.000000,0.0656328487185,0
2658,A,1791296622165383447,342241,1.000000,0.0656328487185,0
2659,A,1791296622166058008,310845,1.000000,0.0656328487185,0
2660,A,1791296622166665340,299322,1.000000,0.0656328487185,0
2661,A,1791296622167258922,289848,1.000000,0.0656328487185,0
2662,A,1791296622167857234,293695,1.000000,0.0656328487185,0
2663,A,1791296622168324948,174954,1.000000,0.0656328487185,0
2664,A,1791296622168792342,176224,1.000000,0.0656328487185,0
2665,A,1791296622169247556,151843,1.000000,0.0656328487185,0
2666,A,1791296622169672480,145093,1.000000,0.0656328487185,0
2667,A,1791296622170064895,114235,1.000000,0.0656328487185,1
2668,B,1791296624516535502,334160,1.000000,0.176653096607,0
2669,B,1791296624517315891,404740,1.000000,0.176653096607,0
2670,B,1791296624517888634,324721,1.000000,0.176653096607,0
2671,B,1791296624518319088,250040,1.000000,0.176653096607,0
2672,B,1791296624518748282,251456,1.000000,0.176653096607,0
2673,B,1791296624519054358,138863,1.000000,0.176653096607,1
2674,A,1791296625174005649,556676,1.000000,0.0656328487185,0
2675,A,1791296625174721690,278306,1.000000,0.0656328487185,0
2676,A,1791296625175526019,391736,1.000000,0.0656328487185,0
2677,A,1791296625176145231,307180,1.000000,0.0656328487185,0
2678,A,1791296625176743853,306545,1.000000,0.0656328487185,1
2679,B,1791296627522739292,357520,1.000000,0.176653096607,0
2680,B,1791296627523599491,439624,1.000000,0.176653096607,0
2681,B,1791296627524329361,358339,1.000000,0.176653096607,0
2682,B,1791296627524898783,267465,1.000000,0.176653096607,0
2683,B,1791296627525335018,252203,1.000000,0.176653096607,0
2684,B,1791296627525613494,130750,1.000000,0.176653096607,0
2685,B,1791296627525880290,127988,1.000000,0.176653096607,0
2686,B,1791296627526145577,126756,1.000000,0.176653096607,0
2687,B,1791296627526408823,126484,1.000000,0.176653096607,0
2688,B,1791296627526671310,125923,1.000000,0.176653096607,1
2689,A,1791296628180572115,432754,1.000000,0.0656328487185,0
2690,A,1791296628181431054,452575,1.000000,0.0656328487185,1
2691,B,1791296630530339309,354018,1.000000,0.176653096607,0
2692,B,1791296630531069059,293325,1.000000,0.176653096607,0
2693,B,1791296630531609162,212321,1.000000,0.176653096607,0
2694,B,1791296630532171915,262246,1.000000,0.176653096607,0
2695,B,1791296630532610279,249010,1.000000,0.176653096607,0
2696,B,1791296630532888205,125055,1.000000,0.176653096607,0
2697,B,1791296630533151342,118498,1.000000,0.176653096607,0
2698,B,1791296630533414888,120890,1.000000,0.176653096607,1
2699,A,1791296631185363760,461913,1.000000,0.0656328487185,0
2700,A,1791296631186103480,340404,1.000000,0.0656328487185,0
2701,A,1791296631186757671,326151,1.000000,0.0656328487185,0
2702,A,1791296631187351763,311480,1.000000,0.0656328487185,1
2703,B,1791296633537038156,385832,1.000000,0.176653096607,0
2704,B,1791296633537655858,366876,1.000000,0.176653096607,0
2705,B,1791296633538057953,197615,1.000000,0.176653096607,0
2706,B,1791296633538415258,132274,1.000000,0.176653096607,0
2707,B,1791296633538666585,105194,1.000000,0.176653096607,1
2708,A,1791296634191267677,522767,1.000000,0.0656328487185,0
2709,A,1791296634192015357,333652,1.000000,0.0656328487185,0
2710,A,1791296634192717278,334942,1.000000,0.0656328487185,0
2711,A,1791296634193344149,301382,1.000000,0.0656328487185,0
2712,A,1791296634193935291,298585,1.000000,0.0656328487185,0
2713,A,1791296634194411875,194430,1.000000,0.0656328487185,0
2714,A,1791296634194868589,181186,1.000000,0.0656328487185,0
2715,A,1791296634195310263,167383,1.000000,0.0656328487185,0
2716,A,1791296634195751027,167320,1.000000,0.0656328487185,0
2717,A,1791296634196190121,166777,1.000000,0.0656328487185,0
2718,A,1791296634196632045,154844,1.000000,0.0656328487185,0
2719,A,1791296634197031790,125902,1.000000,0.0656328487185,1
2720,B,1791296636542327906,335962,1.000000,0.176653096607,0
2721,B,1791296636542942338,193861,1.000000,0.176653096607,0
2722,B,1791296636543449941,172629,1.000000,0.176653096607,0
2723,B,1791296636543884635,170377,1.000000,0.176653096607,0
2724,B,1791296636544187491,144205,1.000000,0.176653096607,0
2725,B,1791296636544452708,115454,1.000000,0.176653096607,0
2726,B,1791296636544672735,101564,1.000000,0.176653096607,0
2727,B,1791296636544872462,87783,1.000000,0.176653096607,0
2728,B,1791296636545058510,80252,1.000000,0.176653096607,0
2729,B,1791296636545239497,77211,1.000000,0.176653096607,0
2730,B,1791296636545391525,63801,1.000000,0.176653096607,1
2731,A,1791296637200891857,499968,1.000000,0.0656328487185,0
2732,A,1791296637201769896,438313,1.000000,0.0656328487185,0
2733,A,1791296637202523266,310421,1.000000,0.0656328487185,0
2734,A,1791296637203138837,298283,1.000000,0.0656328487185,0
2735,A,1791296637203637021,200418,1.000000,0.0656328487185,0
2736,A,1791296637204141014,196044,1.000000,0.0656328487185,0
2737,A,1791296637204608888,182761,1.000000,0.0656328487185,0
2738,A,1791296637205071312,181319,1.000000,0.0656328487185,1
2739,B,1791296639546305720,255855,1.000000,0.176653096607,0
2740,B,1791296639547017420,299661,1.000000,0.176653096607,0
2741,B,1791296639547609962,269078,1.000000,0.176653096607,0
2742,B,1791296639548168025,268525,1.000000,0.176653096607,1
2743,A,1791296640208973800,513866,1.000000,0.0656328487185,0
2744,A,1791296640209928267,526505,1.000000,0.0656328487185,0
2745,A,1791296640210674417,331287,1.000000,0.0656328487185,0
2746,A,1791296640211249880,269595,1.000000,0.0656328487185,0
2747,A,1791296640211847222,306442,1.000000,0.0656328487185,0
2748,A,1791296640212457964,315309,1.000000,0.0656328487185,0
2749,A,1791296640212936428,193588,1.000000,0.0656328487185,0
2750,A,1791296640213406361,188728,1.000000,0.0656328487185,0
2751,A,1791296640213872905,192428,1.000000,0.0656328487185,0
2752,A,1791296640214327259,174338,1.000000,0.0656328487185,0
2753,A,1791296640214739074,145309,1.000000,0.0656328487185,0
2754,A,1791296640215130339,126191,1.000000,0.0656328487185,1
2755,B,1791296642550426048,371017,1.000000,0.176653096607,0
2756,B,1791296642551102029,328459,1.000000,0.176653096607,0
2757,B,1791296642551693041,313373,1.000000,0.176653096607,0
2758,B,1791296642552257013,286096,1.000000,0.176653096607,1
2759,A,1791296643219035929,542656,1.000000,0.0656328487185,0
2760,A,1791296643219707941,221218,1.000000,0.0656328487185,0
2761,A,1791296643220359332,305887,1.000000,0.0656328487185,0
2762,A,1791296643220972404,306096,1.000000,0.0656328487185,0
2763,A,1791296643221568486,298716,1.000000,0.0656328487185,0
2764,A,1791296643222163768,301416,1.000000,0.0656328487185,1
2765,B,1791296645554413148,373627,1.000000,0.176653096607,1
2766,A,1791296646225520206,509461,1.000000,0.0656328487185,1
2767,B,1791296648558355605,384838,1.000000,0.176653096607,0
2768,B,1791296648559059736,325159,1.000000,0.176653096607,0
2769,B,1791296648559682357,312961,1.000000,0.176653096607,1
2770,A,1791296649229467820,420103,1.000000,0.0656328487185,0
2771,A,1791296649230210491,328114,1.000000,0.0656328487185,0
2772,A,1791296649230771393,209328,1.000000,0.0656328487185,1
2773,B,1791296651563479774,340198,1.000000,0.176653096607,0
2774,B,1791296651564201204,370457,1.000000,0.176653096607,0
2775,B,1791296651564774687,241050,1.000000,0.176653096607,0
2776,B,1791296651565353849,286080,1.000000,0.176653096607,0
2777,B,1791296651565728794,193632,1.000000,0.176653096607,0
2778,B,1791296651566049830,143823,1.000000,0.176653096607,0
2779,B,1791296651566320376,136213,1.000000,0.176653096607,0
2780,B,1791296651566591793,139553,1.000000,0.176653096607,0
2781,B,1791296651566833850,109244,1.000000,0.176653096607,0
2782,B,1791296651567036687,73124,1.000000,0.176653096607,1
2783,A,1791296652234727658,522397,1.000000,0.0656328487185,0
2784,A,1791296652235592737,430199,1.000000,0.0656328487185,0
2785,A,1791296652236334407,333683,1.000000,0.0656328487185,0
2786,A,1791296652236951069,302950,1.000000,0.0656328487185,0
2787,A,1791296652237552671,301307,1.000000,0.0656328487185,0
2788,A,1791296652238035704,187706,1.000000,0.0656328487185,0
2789,A,1791296652238516578,190886,1.000000,0.0656328487185,0
2790,A,1791296652238967742,171997,1.000000,0.0656328487185,0
2791,A,1791296652239410666,166737,1.000000,0.0656328487185,0
2792,A,1791296652239837881,149149,1.000000,0.0656328487185,1
2793,B,1791296654570666437,352810,1.000000,0.176653096607,1
2794,A,1791296655243720839,514614,1.000000,0.0656328487185,0
2795,A,1791296655244604347,428533,1.000000,0.0656328487185,0
2796,A,1791296655245332487,315297,1.000000,0.0656328487185,0
2797,A,1791296655245948839,299077,1.000000,0.0656328487185,0
2798,A,1791296655246553821,300278,1.000000,0.0656328487185,0
2799,A,1791296655247024015,182930,1.000000,0.0656328487185,0
2800,A,1791296655247484169,178116,1.000000,0.0656328487185,0
2801,A,1791296655247942923,178481,1.000000,0.0656328487185,0
2802,A,1791296655248387317,164566,1.000000,0.0656328487185,0
2803,A,1791296655248820011,153002,1.000000,0.0656328487185,0
2804,A,1791296655249250786,151868,1.000000,0.0656328487185,0
2805,A,1791296655249648750,117844,1.000000,0.0656328487185,0
2806,A,1791296655250037975,115652,1.000000,0.0656328487185,0
2807,A,1791296655250422940,113139,1.000000,0.0656328487185,0
2808,A,1791296655250809245,114237,1.000000,0.0656328487185,1
2809,B,1791296657574640201,356565,1.000000,0.176653096607,0
2810,B,1791296657575478030,394137,1.000000,0.176653096607,1
2811,A,1791296658253393487,375542,1.000000,0.0656328487185,0
2812,A,1791296658254032388,209432,1.000000,0.0656328487185,0
2813,A,1791296658254574841,214689,1.000000,0.0656328487185,0
2814,A,1791296658255061855,197856,1.000000,0.0656328487185,0
2815,A,1791296658255561838,202893,1.000000,0.0656328487185,0
2816,A,1791296658256007942,160240,1.000000,0.0656328487185,0
2817,A,1791296658256463066,175509,1.000000,0.0656328487185,0
2818,A,1791296658256876071,132248,1.000000,0.0656328487185,0
2819,A,1791296658257282355,127727,1.000000,0.0656328487185,0
2820,A,1791296658257684200,127476,1.000000,0.0656328487185,0
2821,A,1791296658258066575,111356,1.000000,0.0656328487185,0
2822,A,1791296658258446410,110966,1.000000,0.0656328487185,0
2823,A,1791296658258828485,111276,1.000000,0.0656328487185,0
2824,A,1791296658259205450,109467,1.000000,0.0656328487185,0
2825,A,1791296658259584075,109797,1.000000,0.0656328487185,0
2826,A,1791296658259961270,107907,1.000000,0.0656328487185,0
2827,A,1791296658260335075,107007,1.000000,0.0656328487185,0
2828,A,1791296658260713210,111437,1.000000,0.0656328487185,0
2829,A,1791296658261089665,108487,1.000000,0.0656328487185,0
2830,A,1791296658261476940,119127,1.000000,0.0656328487185,0
2831,A,1791296658261855685,110357,1.000000,0.0656328487185,0
2832,A,1791296658262234690,108298,1.000000,0.0656328487185,0
2833,A,1791296658262613065,109998,1.000000,0.0656328487185,0
2834,A,1791296658262992240,109568,1.000000,0.0656328487185,0
2835,A,1791296658263369155,108748,1.000000,0.0656328487185,0
2836,A,1791296658263747400,110228,1.000000,0.0656328487185,0
2837,A,1791296658264127505,109838,1.000000,0.0656328487185,0
2838,A,1791296658264507680,108298,1.000000,0.0656328487185,1
2839,B,1791296660579502284,430728,1.000000,0.176653096607,0
2840,B,1791296660580363172,368483,1.000000,0.176653096607,1
2841,A,1791296661268373528,499698,1.000000,0.0656328487185,0
2842,A,1791296661269219336,394461,1.000000,0.0656328487185,0
2843,A,1791296661269951626,326958,1.000000,0.0656328487185,0
2844,A,1791296661270577448,298819,1.000000,0.0656328487185,0
2845,A,1791296661271174740,288382,1.000000,0.0656328487185,0
2846,A,1791296661271657914,176816,1.000000,0.0656328487185,0
2847,A,1791296661272119177,171791,1.000000,0.0656328487185,0
2848,A,1791296661272585201,175608,1.000000,0.0656328487185,0
2849,A,1791296661273011066,136945,1.000000,0.0656328487185,0
2850,A,1791296661273421980,127163,1.000000,0.0656328487185,0
2851,A,1791296661273833695,126381,1.000000,0.0656328487185,0
2852,A,1791296661274222050,108369,1.000000,0.0656328487185,0
2853,A,1791296661274610194,106217,1.000000,0.0656328487185,0
2854,A,1791296661275001939,108306,1.000000,0.0656328487185,0
2855,A,1791296661275394744,103714,1.000000,0.0656328487185,0
2856,A,1791296661275779579,104593,1.000000,0.0656328487185,0
2857,A,1791296661276165844,105992,1.000000,0.0656328487185,0
2858,A,1791296661276548799,103400,1.000000,0.0656328487185,0
2859,A,1791296661276933944,106119,1.000000,0.0656328487185,0
2860,A,1791296661277315869,102708,1.000000,0.0656328487185,0
2861,A,1791296661277699384,104817,1.000000,0.0656328487185,0
2862,A,1791296661278088948,108045,1.000000,0.0656328487185,0
2863,A,1791296661278483983,116553,1.000000,0.0656328487185,0
2864,A,1791296661278870208,105112,1.000000,0.0656328487185,1
2865,B,1791296663584289181,315076,1.000000,0.176653096607,1
2866,A,1791296664282794975,526925,1.000000,0.0656328487185,0
2867,A,1791296664283696963,450005,1.000000,0.0656328487185,0
2868,A,1791296664284427304,294898,1.000000,0.0656328487185,0
2869,A,1791296664285052875,288054,1.000000,0.0656328487185,0
2870,A,1791296664285522729,165862,1.000000,0.0656328487185,0
2871,A,1791296664285973473,153422,1.000000,0.0656328487185,0
2872,A,1791296664286508266,240822,1.000000,0.0656328487185,0
2873,A,1791296664287095788,151158,1.000000,0.0656328487185,0
2874,A,1791296664287543532,150698,1.000000,0.0656328487185,0
2875,A,1791296664287989387,149759,1.000000,0.0656328487185,0
2876,A,1791296664288413171,129799,1.000000,0.0656328487185,0
2877,A,1791296664288818526,108681,1.000000,0.0656328487185,0
2878,A,1791296664289229020,116881,1.000000,0.0656328487185,0
2879,A,1791296664289619485,104583,1.000000,0.0656328487185,0
2880,A,1791296664290008720,102404,1.000000,0.0656328487185,0
2881,A,1791296664290394375,99716,1.000000,0.0656328487185,0
2882,A,1791296664290781190,99798,1.000000,0.0656328487185,0
2883,A,1791296664291169735,100619,1.000000,0.0656328487185,0
2884,A,1791296664291552309,99810,1.000000,0.0656328487185,0
2885,A,1791296664291936734,99782,1.000000,0.0656328487185,0
2886,A,1791296664292317049,98274,1.000000,0.0656328487185,0
2887,A,1791296664292704184,101865,1.000000,0.0656328487185,0
2888,A,1791296664293088159,100327,1.000000,0.0656328487185,0
2889,A,1791296664293470344,98699,1.000000,0.0656328487185,0
2890,A,1791296664293856769,101930,1.000000,0.0656328487185,0
2891,A,1791296664294245394,100122,1.000000,0.0656328487185,0
2892,A,1791296664294632219,102074,1.000000,0.0656328487185,0
2893,A,1791296664295016884,100335,1.000000,0.0656328487185,0
2894,A,1791296664295396449,97977,1.000000,0.0656328487185,0
2895,A,1791296664295784073,103528,1.000000,0.0656328487185,1
2896,B,1791296666588252966,382034,1.000000,0.176653096607,0
2897,B,1791296666589004496,296866,1.000000,0.176653096607,0
2898,B,1791296666589652248,248838,1.000000,0.176653096607,0
2899,B,1791296666590107782,130314,1.000000,0.176653096607,1
2900,A,1791296667299679228,488772,1.000000,0.0656328487185,1
2901,B,1791296669593900746,414136,1.000000,0.176653096607,0
2902,B,1791296669594622806,388043,1.000000,0.176653096607,0
2903,B,1791296669595266648,260003,1.000000,0.176653096607,0
2904,B,1791296669595818980,229208,1.000000,0.176653096607,1
2905,A,1791296670303772850,536321,1.000000,0.0656328487185,0
2906,A,1791296670304667848,440719,1.000000,0.0656328487185,0
2907,A,1791296670305408958,292181,1.000000,0.0656328487185,1
2908,B,1791296672599637759,430603,1.000000,0.176653096607,0
2909,B,1791296672600491108,394410,1.000000,0.176653096607,0
2910,B,1791296672601101120,247058,1.000000,0.176653096607,0
2911,B,1791296672601579653,142736,1.000000,0.176653096607,1
2912,A,1791296673309186376,354009,1.000000,0.0656328487185,0
2913,A,1791296673309823547,200219,1.000000,0.0656328487185,0
2914,A,1791296673310300141,156705,1.000000,0.0656328487185,0
2915,A,1791296673310763535,158802,1.000000,0.0656328487185,0
2916,A,1791296673311217889,153170,1.000000,0.0656328487185,0
2917,A,1791296673311664823,143147,1.000000,0.0656328487185,0
2918,A,1791296673312104337,138724,1.000000,0.0656328487185,0
2919,A,1791296673312546041,139322,1.000000,0.0656328487185,0
2920,A,1791296673312963316,116811,1.000000,0.0656328487185,0
2921,A,1791296673313353601,95310,1.000000,0.0656328487185,0
2922,A,1791296673313741746,92679,1.000000,0.0656328487185,0
2923,A,1791296673314127440,93617,1.000000,0.0656328487185,0
2924,A,1791296673314522015,104957,1.000000,0.0656328487185,0
2925,A,1791296673314902830,90106,1.000000,0.0656328487185,0
2926,A,1791296673315287855,88865,1.000000,0.0656328487185,1
2927,B,1791296675605288204,361317,1.000000,0.176653096607,0
2928,B,1791296675606060173,317905,1.000000,0.176653096607,0
2929,B,1791296675606673065,297831,1.000000,0.176653096607,0
2930,B,1791296675607245798,258998,1.000000,0.176653096607,0
2931,B,1791296675607548994,127903,1.000000,0.176653096607,0
2932,B,1791296675607883019,127506,1.000000,0.176653096607,0
2933,B,1791296675608154576,119738,1.000000,0.176653096607,0
2934,B,1791296675608407352,108960,1.000000,0.176653096607,0
2935,B,1791296675608661939,109433,1.000000,0.176653096607,0
2936,B,1791296675608915516,105496,1.000000,0.176653096607,0
2937,B,1791296675609109683,60158,1.000000,0.176653096607,0
2938,B,1791296675609267491,54960,1.000000,0.176653096607,0
2939,B,1791296675609420109,55001,1.000000,0.176653096607,0
2940,B,1791296675609574567,56213,1.000000,0.176653096607,0
2941,B,1791296675609727115,56114,1.000000,0.176653096607,0
2942,B,1791296675609880833,53946,1.000000,0.176653096607,1
2943,A,1791296676319142564,471399,1.000000,0.0656328487185,0
2944,A,1791296676319892144,301963,1.000000,0.0656328487185,0
2945,A,1791296676320555586,291341,1.000000,0.0656328487185,0
2946,A,1791296676321061349,184170,1.000000,0.0656328487185,0
2947,A,1791296676321674521,293209,1.000000,0.0656328487185,0
2948,A,1791296676322158274,165258,1.000000,0.0656328487185,0
2949,A,1791296676322632018,160709,1.000000,0.0656328487185,0
2950,A,1791296676323080142,142210,1.000000,0.0656328487185,0
2951,A,1791296676323504926,128881,1.000000,0.0656328487185,0
2952,A,1791296676323902811,105383,1.000000,0.0656328487185,0
2953,A,1791296676324292706,103336,1.000000,0.0656328487185,0
2954,A,1791296676324694211,102588,1.000000,0.0656328487185,0
2955,A,1791296676325084876,103501,1.000000,0.0656328487185,0
2956,A,1791296676325468950,96152,1.000000,0.0656328487185,1
2957,B,1791296678613572052,413018,1.000000,0.176653096607,0
2958,B,1791296678614412491,387958,1.000000,0.176653096607,0
2959,B,1791296678615157521,363288,1.000000,0.176653096607,0
2960,B,1791296678615597875,141443,1.000000,0.176653096607,0
2961,B,1791296678615884081,121419,1.000000,0.176653096607,0
2962,B,1791296678616124488,97107,1.000000,0.176653096607,1
2963,A,1791296679329230270,383586,1.000000,0.0656328487185,0
2964,A,1791296679330086469,424370,1.000000,0.0656328487185,0
2965,A,1791296679330699881,284038,1.000000,0.0656328487185,0
2966,A,1791296679331189694,169950,1.000000,0.0656328487185,0
2967,A,1791296679331653898,166016,1.000000,0.0656328487185,0
2968,A,1791296679332106992,151661,1.000000,0.0656328487185,0
2969,A,1791296679332548866,149017,1.000000,0.0656328487185,0
2970,A,1791296679332994610,151843,1.000000,0.0656328487185,0
2971,A,1791296679333418325,131660,1.000000,0.0656328487185,0
2972,A,1791296679333814919,106406,1.000000,0.0656328487185,0
2973,A,1791296679334202334,101594,1.000000,0.0656328487185,0
2974,A,1791296679334585009,100372,1.000000,0.0656328487185,0
2975,A,1791296679334984034,115150,1.000000,0.0656328487185,1
2976,B,1791296681619784896,345803,1.000000,0.176653096607,0
2977,B,1791296681620593955,345112,1.000000,0.176653096607,0
2978,B,1791296681621083198,142850,1.000000,0.176653096607,0
2979,B,1791296681621515643,138266,1.000000,0.176653096607,0
2980,B,1791296681621820589,123569,1.000000,0.176653096607,0
2981,B,1791296681622094755,116332,1.000000,0.176653096607,0
2982,B,1791296681622359981,115154,1.000000,0.176653096607,0
2983,B,1791296681622625948,116328,1.000000,0.176653096607,0
2984,B,1791296681622890714,114670,1.000000,0.176653096607,0
2985,B,1791296681623140961,101363,1.000000,0.176653096607,1
2986,A,1791296682338968015,557514,1.000000,0.0656328487185,0
2987,A,1791296682339816953,384189,1.000000,0.0656328487185,0
2988,A,1791296682340494604,300688,1.000000,0.0656328487185,1
2989,B,1791296684626847021,400487,1.000000,0.176653096607,0
2990,B,1791296684627806948,466669,1.000000,0.176653096607,0
2991,B,1791296684628358551,250387,1.000000,0.176653096607,1
2992,A,1791296685344389422,485711,1.000000,0.0656328487185,0
2993,A,1791296685345119982,287885,1.000000,0.0656328487185,0
2994,A,1791296685345749004,290646,1.000000,0.0656328487185,0
2995,A,1791296685346342936,284988,1.000000,0.0656328487185,0
2996,A,1791296685346800990,166572,1.000000,0.0656328487185,0
2997,A,1791296685347205915,121180,1.000000,0.0656328487185,0
2998,A,1791296685347602670,118758,1.000000,0.0656328487185,0
2999,A,1791296685347998054,120065,1.000000,0.0656328487185,1
3000,B,1791296687632150830,314336,1.000000,0.176653096607,0
3001,B,1791296687632909200,293512,1.000000,0.176653096607,0
3002,B,1791296687633447513,250795,1.000000,0.176653096607,1
3003,A,1791296688351662698,308812,1.000000,0.0656328487185,0
3004,A,1791296688352188911,178310,1.000000,0.0656328487185,0
3005,A,1791296688352654934,169739,1.000000,0.0656328487185,0
3006,A,1791296688353128008,195109,1.000000,0.0656328487185,0
3007,A,1791296688353551323,138460,1.000000,0.0656328487185,0
3008,A,1791296688353953127,126301,1.000000,0.0656328487185,0
3009,A,1791296688354345452,121893,1.000000,0.0656328487185,0
3010,A,1791296688354762797,131995,1.000000,0.0656328487185,0
3011,A,1791296688355152161,120815,1.000000,0.0656328487185,1
3012,B,1791296690637192004,239220,1.000000,0.176653096607,0
3013,B,1791296690637942214,272459,1.000000,0.176653096607,1
3014,A,1791296691359040838,521032,1.000000,0.0656328487185,0
3015,A,1791296691359775059,304376,1.000000,0.0656328487185,0
3016,A,1791296691360438390,297555,1.000000,0.0656328487185,0
3017,A,1791296691360918374,172658,1.000000,0.0656328487185,0
3018,A,1791296691361371278,167243,1.000000,0.0656328487185,0
3019,A,1791296691361801382,144059,1.000000,0.0656328487185,0
3020,A,1791296691362207436,119325,1.000000,0.0656328487185,0
3021,A,1791296691362603771,115103,1.000000,0.0656328487185,0
3022,A,1791296691363001336,117021,1.000000,0.0656328487185,0
3023,A,1791296691363405951,114868,1.000000,0.0656328487185,0
3024,A,1791296691363799795,117365,1.000000,0.0656328487185,1
3025,B,1791296693641828909,450988,1.000000,0.176653096607,0
3026,B,1791296693642523889,328619,1.000000,0.176653096607,0
3027,B,1791296693643108072,237168,1.000000,0.176653096607,0
3028,B,1791296693643545776,121745,1.000000,0.176653096607,0
3029,B,1791296693643840732,96430,1.000000,0.176653096607,0
3030,B,1791296693644119658,97692,1.000000,0.176653096607,1
3031,A,1791296694367677431,499436,1.000000,0.0656328487185,0
3032,A,1791296694368545359,432217,1.000000,0.0656328487185,0
3033,A,1791296694369294019,319089,1.000000,0.0656328487185,0
3034,A,1791296694369806852,202007,1.000000,0.0656328487185,1
3035,B,1791296696647923375,430738,1.000000,0.176653096607,0
3036,B,1791296696648673705,382343,1.000000,0.176653096607,0
3037,B,1791296696649322587,249429,1.000000,0.176653096607,0
3038,B,1791296696649747731,122036,1.000000,0.176653096607,0
3039,B,1791296696650059187,116954,1.000000,0.176653096607,0
3040,B,1791296696650363923,116422,1.000000,0.176653096607,0
3041,B,1791296696650664139,115600,1.000000,0.176653096607,0
3042,B,1791296696650939485,112807,1.000000,0.176653096607,0
3043,B,1791296696651189122,108326,1.000000,0.176653096607,0
3044,B,1791296696651389969,65714,1.000000,0.176653096607,0
3045,B,1791296696651566087,48464,1.000000,0.176653096607,0
3046,B,1791296696651725335,46393,1.000000,0.176653096607,0
3047,B,1791296696651881703,45161,1.000000,0.176653096607,0
3048,B,1791296696652047991,45590,1.000000,0.176653096607,0
3049,B,1791296696652206509,44598,1.000000,0.176653096607,0
3050,B,1791296696652360277,42867,1.000000,0.176653096607,1
3051,A,1791296697373399022,385315,1.000000,0.0656328487185,0
3052,A,1791296697373965094,185853,1.000000,0.0656328487185,0
3053,A,1791296697374455138,190167,1.000000,0.0656328487185,0
3054,A,1791296697374918202,174532,1.000000,0.0656328487185,0
3055,A,1791296697375374546,170447,1.000000,0.0656328487185,0
3056,A,1791296697375825660,162183,1.000000,0.0656328487185,1
3057,B,1791296699656076472,417369,1.000000,0.176653096607,0
3058,B,1791296699657052539,442010,1.000000,0.176653096607,0
3059,B,1791296699657441704,139942,1.000000,0.176653096607,0
3060,B,1791296699657876368,140046,1.000000,0.176653096607,1
3061,A,1791296700379808394,549324,1.000000,0.0656328487185,0
3062,A,1791296700380723222,456694,1.000000,0.0656328487185,0
3063,A,1791296700381459372,301857,1.000000,0.0656328487185,1
3064,B,1791296702661704715,442568,1.000000,0.176653096607,0
3065,B,1791296702662597654,431687,1.000000,0.176653096607,1
3066,A,1791296703385372476,445936,1.000000,0.0656328487185,0
3067,A,1791296703386098137,264522,1.000000,0.0656328487185,0
3068,A,1791296703386760348,304832,1.000000,0.0656328487185,0
3069,A,1791296703387258581,185965,1.000000,0.0656328487185,0
3070,A,1791296703387726015,174171,1.000000,0.0656328487185,0
3071,A,1791296703388179609,166307,1.000000,0.0656328487185,0
3072,A,1791296703388626183,159374,1.000000,0.0656328487185,1
3073,B,1791296705666373718,320282,1.000000,0.176653096607,0
3074,B,1791296705667083898,271354,1.000000,0.176653096607,0
3075,B,1791296705667667171,186238,1.000000,0.176653096607,0
3076,B,1791296705668108955,131800,1.000000,0.176653096607,0
3077,B,1791296705668414981,113751,1.000000,0.176653096607,0
3078,B,1791296705668686817,107662,1.000000,0.176653096607,0
3079,B,1791296705668956604,109413,1.000000,0.176653096607,0
3080,B,1791296705669222780,108173,1.000000,0.176653096607,0
3081,B,1791296705669470647,88555,1.000000,0.176653096607,0
3082,B,1791296705669715474,84886,1.000000,0.176653096607,0
3083,B,1791296705669933191,49717,1.000000,0.176653096607,0
3084,B,1791296705670105319,51598,1.000000,0.176653096607,1
3085,A,1791296706392448004,420328,1.000000,0.0656328487185,0
3086,A,1791296706393249204,363266,1.000000,0.0656328487185,0
3087,A,1791296706394102782,431273,1.000000,0.0656328487185,0
3088,A,1791296706394733934,293354,1.000000,0.0656328487185,0
3089,A,1791296706395224538,179020,1.000000,0.0656328487185,0
3090,A,1791296706395678972,161457,1.000000,0.0656328487185,1
3091,B,1791296708673624666,198597,1.000000,0.176653096607,0
3092,B,1791296708674284878,206437,1.000000,0.176653096607,0
3093,B,1791296708674780311,136519,1.000000,0.176653096607,0
3094,B,1791296708675201675,107512,1.000000,0.176653096607,0
3095,B,1791296708675454812,96389,1.000000,0.176653096607,0
3096,B,1791296708675705889,96915,1.000000,0.176653096607,1
3097,A,1791296709399438249,361889,1.000000,0.0656328487185,1
3098,B,1791296711678293011,247249,1.000000,0.176653096607,1
3099,A,1791296712403489781,499056,1.000000,0.0656328487185,0
3100,A,1791296712404207432,285839,1.000000,0.0656328487185,0
3101,A,1791296712405016631,410362,1.000000,0.0656328487185,0
3102,A,1791296712405622333,286228,1.000000,0.0656328487185,0
3103,A,1791296712406218485,287555,1.000000,0.0656328487185,0
3104,A,1791296712406673499,150584,1.000000,0.0656328487185,0
3105,A,1791296712407095144,134955,1.000000,0.0656328487185,0
3106,A,1791296712407503738,132535,1.000000,0.0656328487185,0
3107,A,1791296712407941992,134196,1.000000,0.0656328487185,0
3108,A,1791296712408354237,131227,1.000000,0.0656328487185,0
3109,A,1791296712408777661,145767,1.000000,0.0656328487185,0
3110,A,1791296712409189256,124669,1.000000,0.0656328487185,0
3111,A,1791296712409674719,118827,1.000000,0.0656328487185,0
3112,A,1791296712410063294,114199,1.000000,0.0656328487185,0
3113,A,1791296712410454719,116131,1.000000,0.0656328487185,0
3114,A,1791296712410851084,122592,1.000000,0.0656328487185,0
3115,A,1791296712411243489,116784,1.000000,0.0656328487185,0
3116,A,1791296712411633923,115184,1.000000,0.0656328487185,0
3117,A,1791296712412028798,116646,1.000000,0.0656328487185,0
3118,A,1791296712412419483,115687,1.000000,0.0656328487185,0
3119,A,1791296712412809998,115079,1.000000,0.0656328487185,0
3120,A,1791296712413202503,116631,1.000000,0.0656328487185,1
3121,B,1791296714682204623,278046,1.000000,0.176653096607,0
3122,B,1791296714682966313,274199,1.000000,0.176653096607,1
3123,A,1791296715417031196,461201,1.000000,0.0656328487185,0
3124,A,1791296715417928855,447372,1.000000,0.0656328487185,0
3125,A,1791296715418645325,301796,1.000000,0.0656328487185,0
3126,A,1791296715419247167,280055,1.000000,0.0656328487185,0
3127,A,1791296715419828879,275746,1.000000,0.0656328487185,0
3128,A,1791296715420286243,150589,1.000000,0.0656328487185,0
3129,A,1791296715420695888,128235,1.000000,0.0656328487185,0
3130,A,1791296715421112092,129981,1.000000,0.0656328487185,0
3131,A,1791296715421521527,125678,1.000000,0.0656328487185,0
3132,A,1791296715421915032,114355,1.000000,0.0656328487185,0
3133,A,1791296715422305057,110843,1.000000,0.0656328487185,0
3134,A,1791296715422693352,109090,1.000000,0.0656328487185,0
3135,A,1791296715423082656,112087,1.000000,0.0656328487185,0
3136,A,1791296715423470291,109914,1.000000,0.0656328487185,0
3137,A,1791296715423864816,114431,1.000000,0.0656328487185,0
3138,A,1791296715424257281,111729,1.000000,0.0656328487185,0
3139,A,1791296715424647616,111596,1.000000,0.0656328487185,0
3140,A,1791296715425054020,124193,1.000000,0.0656328487185,0
3141,A,1791296715425449135,109960,1.000000,0.0656328487185,0
3142,A,1791296715425836920,109117,1.000000,0.0656328487185,0
3143,A,1791296715426224555,110925,1.000000,0.0656328487185,1
3144,B,1791296717686689986,187687,1.000000,0.176653096607,0
3145,B,1791296717687378946,238460,1.000000,0.176653096607,0
3146,B,1791296717687863250,112788,1.000000,0.176653096607,1
3147,A,1791296718430111695,491019,1.000000,0.0656328487185,0
3148,A,1791296718430976214,425171,1.000000,0.0656328487185,0
3149,A,1791296718431618675,293657,1.000000,0.0656328487185,0
3150,A,1791296718432209157,284935,1.000000,0.0656328487185,0
3151,A,1791296718432790330,281345,1.000000,0.0656328487185,0
3152,A,1791296718433253963,151364,1.000000,0.0656328487185,0
3153,A,1791296718433689408,151226,1.000000,0.0656328487185,0
3154,A,1791296718434100562,134307,1.000000,0.0656328487185,0
3155,A,1791296718434493907,118269,1.000000,0.0656328487185,0
3156,A,1791296718434892652,123242,1.000000,0.0656328487185,0
3157,A,1791296718435287496,117873,1.000000,0.0656328487185,0
3158,A,1791296718435679091,115336,1.000000,0.0656328487185,0
3159,A,1791296718436072126,117678,1.000000,0.0656328487185,0
3160,A,1791296718436464231,116140,1.000000,0.0656328487185,0
3161,A,1791296718436856356,116113,1.000000,0.0656328487185,0
3162,A,1791296718437248091,116985,1.000000,0.0656328487185,0
3163,A,1791296718437637145,115117,1.000000,0.0656328487185,0
3164,A,1791296718438027240,114759,1.000000,0.0656328487185,1
3165,B,1791296720691743548,367284,1.000000,0.176653096607,0
3166,B,1791296720692693736,423874,1.000000,0.176653096607,1
3167,A,1791296721441947418,500422,1.000000,0.0656328487185,0
3168,A,1791296721442947135,453133,1.000000,0.0656328487185,0
3169,A,1791296721443677225,317431,1.000000,0.0656328487185,0
3170,A,1791296721444285737,297174,1.000000,0.0656328487185,0
3171,A,1791296721444866919,287797,1.000000,0.0656328487185,1
3172,B,1791296723696681856,412612,1.000000,0.176653096607,0
3173,B,1791296723697560994,327712,1.000000,0.176653096607,0
3174,B,1791296723698123267,234781,1.000000,0.176653096607,0
3175,B,1791296723698567631,120229,1.000000,0.176653096607,0
3176,B,1791296723698823367,87732,1.000000,0.176653096607,0
3177,B,1791296723699057014,71545,1.000000,0.176653096607,0
3178,B,1791296723699285841,65678,1.000000,0.176653096607,0
3179,B,1791296723699511288,63670,1.000000,0.176653096607,1
3180,A,1791296724448771370,496879,1.000000,0.0656328487185,0
3181,A,1791296724449681598,455812,1.000000,0.0656328487185,0
3182,A,1791296724450389749,313209,1.000000,0.0656328487185,0
3183,A,1791296724451000161,307398,1.000000,0.0656328487185,1
3184,B,1791296726703180586,341551,1.000000,0.176653096607,0
3185,B,1791296726703905377,258106,1.000000,0.176653096607,0
3186,B,1791296726704467979,238611,1.000000,0.176653096607,0
3187,B,1791296726705003182,227207,1.000000,0.176653096607,1
3188,A,1791296727454940935,538090,1.000000,0.0656328487185,1
3189,B,1791296729708843389,482080,1.000000,0.176653096607,0
3190,B,1791296729709760377,361415,1.000000,0.176653096607,0
3191,B,1791296729710387358,291939,1.000000,0.176653096607,0
3192,B,1791296729710831852,142064,1.000000,0.176653096607,0
3193,B,1791296729711120649,125616,1.000000,0.176653096607,0
3194,B,1791296729711385445,123737,1.000000,0.176653096607,0
3195,B,1791296729711636042,117568,1.000000,0.176653096607,0
3196,B,1791296729711888528,120459,1.000000,0.176653096607,0
3197,B,1791296729712136315,116980,1.000000,0.176653096607,0
3198,B,1791296729712384582,114581,1.000000,0.176653096607,1
3199,A,1791296730458908680,429208,1.000000,0.0656328487185,0
3200,A,1791296730459802508,483085,1.000000,0.0656328487185,0
3201,A,1791296730460517768,333804,1.000000,0.0656328487185,0
3202,A,1791296730461126490,325779,1.000000,0.0656328487185,0
3203,A,1791296730461727752,319263,1.000000,0.0656328487185,0
3204,A,1791296730462220246,211029,1.000000,0.0656328487185,0
3205,A,1791296730462683500,203827,1.000000,0.0656328487185,0
3206,A,1791296730463154774,208935,1.000000,0.0656328487185,0
3207,A,1791296730463623677,203602,1.000000,0.0656328487185,0
3208,A,1791296730464083811,196481,1.000000,0.0656328487185,0
3209,A,1791296730464493156,150240,1.000000,0.0656328487185,0
3210,A,1791296730464890591,144120,1.000000,0.0656328487185,0
3211,A,1791296730465285965,142679,1.000000,0.0656328487185,0
3212,A,1791296730465678160,141279,1.000000,0.0656328487185,0
3213,A,1791296730466074005,141609,1.000000,0.0656328487185,0
3214,A,1791296730466462650,139619,1.000000,0.0656328487185,0
3215,A,1791296730466854565,143359,1.000000,0.0656328487185,0
3216,A,1791296730467256729,145168,1.000000,0.0656328487185,1
3217,B,1791296732716087141,419089,1.000000,0.176653096607,0
3218,B,1791296732716981539,404061,1.000000,0.176653096607,0
3219,B,1791296732717545321,263376,1.000000,0.176653096607,0
3220,B,1791296732717994346,162393,1.000000,0.176653096607,1
3221,A,1791296733471143606,532679,1.000000,0.0656328487185,0
3222,A,1791296733471988115,419488,1.000000,0.0656328487185,0
3223,A,1791296733472667436,324683,1.000000,0.0656328487185,0
3224,A,1791296733473284938,318502,1.000000,0.0656328487185,0
3225,A,1791296733473886520,306801,1.000000,0.0656328487185,0
3226,A,1791296733474373773,195452,1.000000,0.0656328487185,0
3227,A,1791296733474841337,191996,1.000000,0.0656328487185,0
3228,A,1791296733475297671,181000,1.000000,0.0656328487185,0
3229,A,1791296733475763245,178644,1.000000,0.0656328487185,0
3230,A,1791296733476205949,169719,1.000000,0.0656328487185,0
3231,A,1791296733476637793,159844,1.000000,0.0656328487185,0
3232,A,1791296733477036738,134560,1.000000,0.0656328487185,0
3233,A,1791296733477431493,129716,1.000000,0.0656328487185,0
3234,A,1791296733477822128,127653,1.000000,0.0656328487185,1
3235,B,1791296735721641867,303176,1.000000,0.176653096607,0
3236,B,1791296735722522485,460848,1.000000,0.176653096607,0
3237,B,1791296735723153477,276576,1.000000,0.176653096607,1
3238,A,1791296736481694895,464024,1.000000,0.0656328487185,0
3239,A,1791296736482358756,252057,1.000000,0.0656328487185,0
3240,A,1791296736483011168,323073,1.000000,0.0656328487185,0
3241,A,1791296736483615870,308579,1.000000,0.0656328487185,0
3242,A,1791296736484192292,286845,1.000000,0.0656328487185,0
3243,A,1791296736484662856,191654,1.000000,0.0656328487185,0
3244,A,1791296736485153449,200722,1.000000,0.0656328487185,0
3245,A,1791296736485614583,190492,1.000000,0.0656328487185,0
3246,A,1791296736486065947,182611,1.000000,0.0656328487185,0
3247,A,1791296736486491672,154692,1.000000,0.0656328487185,0
3248,A,1791296736486904126,148222,1.000000,0.0656328487185,1
3249,B,1791296738727026646,406441,1.000000,0.176653096607,0
3250,B,1791296738727869405,372010,1.000000,0.176653096607,0
3251,B,1791296738728463847,307136,1.000000,0.176653096607,0
3252,B,1791296738728926371,175493,1.000000,0.176653096607,1
3253,A,1791296739490772256,513008,1.000000,0.0656328487185,0
3254,A,1791296739491537366,334532,1.000000,0.0656328487185,0
3255,A,1791296739492216567,277911,1.000000,0.0656328487185,0
3256,A,1791296739492817559,317363,1.000000,0.0656328487185,0
3257,A,1791296739493416091,307345,1.000000,0.0656328487185,0
3258,A,1791296739493885325,194630,1.000000,0.0656328487185,0
3259,A,1791296739494351809,192886,1.000000,0.0656328487185,0
3260,A,1791296739494812313,191472,1.000000,0.0656328487185,0
3261,A,1791296739495251927,171479,1.000000,0.0656328487185,0
3262,A,1791296739495682571,166215,1.000000,0.0656328487185,0
3263,A,1791296739496098285,154862,1.000000,0.0656328487185,0
3264,A,1791296739496493160,133340,1.000000,0.0656328487185,0
3265,A,1791296739496901615,130409,1.000000,0.0656328487185,0
3266,A,1791296739497292280,130077,1.000000,0.0656328487185,0
3267,A,1791296739497680054,127635,1.000000,0.0656328487185,0
3268,A,1791296739498068089,128993,1.000000,0.0656328487185,1
3269,B,1791296741732704273,441273,1.000000,0.176653096607,1
3270,A,1791296742501874153,457835,1.000000,0.0656328487185,0
3271,A,1791296742502601723,332020,1.000000,0.0656328487185,0
3272,A,1791296742503263184,330547,1.000000,0.0656328487185,0
3273,A,1791296742503869286,314845,1.000000,0.0656328487185,0
3274,A,1791296742504463338,314434,1.000000,0.0656328487185,1
3275,B,1791296744736819300,448684,1.000000,0.176653096607,0
3276,B,1791296744737842746,511554,1.000000,0.176653096607,1
3277,A,1791296745508317617,487923,1.000000,0.0656328487185,0
3278,A,1791296745509153286,418988,1.000000,0.0656328487185,0
3279,A,1791296745509874106,327954,1.000000,0.0656328487185,0
3280,A,1791296745510492958,317546,1.000000,0.0656328487185,0
3281,A,1791296745510975722,197410,1.000000,0.0656328487185,0
3282,A,1791296745511440016,195976,1.000000,0.0656328487185,0
3283,A,1791296745511899509,193442,1.000000,0.0656328487185,0
3284,A,1791296745512365513,200138,1.000000,0.0656328487185,0
3285,A,1791296745512826967,196154,1.000000,0.0656328487185,0
3286,A,1791296745513271911,179551,1.000000,0.0656328487185,0
3287,A,1791296745513678116,139938,1.000000,0.0656328487185,0
3288,A,1791296745514072141,134207,1.000000,0.0656328487185,0
3289,A,1791296745514462686,131385,1.000000,0.0656328487185,0
3290,A,1791296745514848360,128823,1.000000,0.0656328487185,0
3291,A,1791296745515237485,132362,1.000000,0.0656328487185,0
3292,A,1791296745515625190,130650,1.000000,0.0656328487185,0
3293,A,1791296745516017115,136249,1.000000,0.0656328487185,0
3294,A,1791296745516417240,140687,1.000000,0.0656328487185,0
3295,A,1791296745516805445,130576,1.000000,0.0656328487185,0
3296,A,1791296745517203809,132853,1.000000,0.0656328487185,0
3297,A,1791296745517593314,131232,1.000000,0.0656328487185,0
3298,A,1791296745517979299,129601,1.000000,0.0656328487185,0
3299,A,1791296745518365584,130389,1.000000,0.0656328487185,0
3300,A,1791296745518752689,130808,1.000000,0.0656328487185,0
3301,A,1791296745519141444,134027,1.000000,0.0656328487185,0
3302,A,1791296745519528129,130015,1.000000,0.0656328487185,0
3303,A,1791296745519913493,128953,1.000000,0.0656328487185,0
3304,A,1791296745520299308,129831,1.000000,0.0656328487185,0
3305,A,1791296745520687863,129310,1.000000,0.0656328487185,0
3306,A,1791296745521082868,132349,1.000000,0.0656328487185,0
3307,A,1791296745521472763,132327,1.000000,0.0656328487185,0
3308,A,1791296745521866488,133066,1.000000,0.0656328487185,0
3309,A,1791296745522259932,135703,1.000000,0.0656328487185,0
3310,A,1791296745522648527,130892,1.000000,0.0656328487185,0
3311,A,1791296745523043252,137670,1.000000,0.0656328487185,0
3312,A,1791296745523428677,128989,1.000000,0.0656328487185,0
3313,A,1791296745523811262,129648,1.000000,0.0656328487185,0
3314,A,1791296745524197167,129866,1.000000,0.0656328487185,0
3315,A,1791296745524582202,129445,1.000000,0.0656328487185,0
3316,A,1791296745524967687,128764,1.000000,0.0656328487185,0
3317,A,1791296745525357911,133691,1.000000,0.0656328487185,0
3318,A,1791296745525744086,129780,1.000000,0.0656328487185,0
3319,A,1791296745526128791,129478,1.000000,0.0656328487185,1
3320,B,1791296747741794755,439036,1.000000,0.176653096607,0
3321,B,1791296747742665923,480010,1.000000,0.176653096607,0
3322,B,1791296747743299975,264488,1.000000,0.176653096607,0
3323,B,1791296747743871037,258761,1.000000,0.176653096607,0
3324,B,1791296747744278512,239613,1.000000,0.176653096607,1
3325,A,1791296748530034481,507880,1.000000,0.0656328487185,0
3326,A,1791296748530933529,433332,1.000000,0.0656328487185,0
3327,A,1791296748531619080,341770,1.000000,0.0656328487185,1
3328,B,1791296750746532350,478609,1.000000,0.176653096607,0
3329,B,1791296750747344479,353342,1.000000,0.176653096607,0
3330,B,1791296750748098039,271284,1.000000,0.176653096607,0
3331,B,1791296750748514884,251680,1.000000,0.176653096607,0
3332,B,1791296750748907198,245276,1.000000,0.176653096607,0
3333,B,1791296750749296733,245552,1.000000,0.176653096607,0
3334,B,1791296750749558850,128221,1.000000,0.176653096607,0
3335,B,1791296750749812196,126128,1.000000,0.176653096607,1
3336,A,1791296751533460401,393022,1.000000,0.0656328487185,0
3337,A,1791296751534340960,476947,1.000000,0.0656328487185,0
3338,A,1791296751534999981,313354,1.000000,0.0656328487185,0
3339,A,1791296751535617883,302505,1.000000,0.0656328487185,0
3340,A,1791296751536195625,283696,1.000000,0.0656328487185,0
3341,A,1791296751536790577,297608,1.000000,0.0656328487185,0
3342,A,1791296751537278911,176871,1.000000,0.0656328487185,1
3343,B,1791296753750486616,428060,1.000000,0.176653096607,0
3344,B,1791296753751137248,326968,1.000000,0.176653096607,0
3345,B,1791296753751707630,250234,1.000000,0.176653096607,0
3346,B,1791296753752255173,252310,1.000000,0.176653096607,0
3347,B,1791296753752702727,252554,1.000000,0.176653096607,0
3348,B,1791296753752976483,118859,1.000000,0.176653096607,0
3349,B,1791296753753223130,112632,1.000000,0.176653096607,1
3350,A,1791296754541224370,511458,1.000000,0.0656328487185,0
3351,A,1791296754542001000,368885,1.000000,0.0656328487185,0
3352,A,1791296754542642251,308916,1.000000,0.0656328487185,0
3353,A,1791296754543250663,312270,1.000000,0.0656328487185,0
3354,A,1791296754543753687,202246,1.000000,0.0656328487185,0
3355,A,1791296754544245590,191912,1.000000,0.0656328487185,0
3356,A,1791296754544716644,188509,1.000000,0.0656328487185,0
3357,A,1791296754545184288,186577,1.000000,0.0656328487185,0
3358,A,1791296754545650712,185825,1.000000,0.0656328487185,0
3359,A,1791296754546105876,177282,1.000000,0.0656328487185,0
3360,A,1791296754546544510,154770,1.000000,0.0656328487185,0
3361,A,1791296754546954874,129078,1.000000,0.0656328487185,0
3362,A,1791296754547352059,124567,1.000000,0.0656328487185,0
3363,A,1791296754547754904,123167,1.000000,0.0656328487185,0
3364,A,1791296754548148989,123876,1.000000,0.0656328487185,0
3365,A,1791296754548537153,121105,1.000000,0.0656328487185,0
3366,A,1791296754548923368,121575,1.000000,0.0656328487185,0
3367,A,1791296754549309763,121334,1.000000,0.0656328487185,0
3368,A,1791296754549698918,121864,1.000000,0.0656328487185,0
3369,A,1791296754550094503,126244,1.000000,0.0656328487185,0
3370,A,1791296754550486217,121392,1.000000,0.0656328487185,0
3371,A,1791296754550877792,122672,1.000000,0.0656328487185,0
3372,A,1791296754551271677,122442,1.000000,0.0656328487185,0
3373,A,1791296754551660032,119151,1.000000,0.0656328487185,0
3374,A,1791296754552046417,119951,1.000000,0.0656328487185,0
3375,A,1791296754552432981,121830,1.000000,0.0656328487185,0
3376,A,1791296754552821806,120139,1.000000,0.0656328487185,0
3377,A,1791296754553227341,136899,1.000000,0.0656328487185,0
3378,A,1791296754553614256,118358,1.000000,0.0656328487185,0
3379,A,1791296754553995401,116988,1.000000,0.0656328487185,0
3380,A,1791296754554380475,120827,1.000000,0.0656328487185,0
3381,A,1791296754554763080,116477,1.000000,0.0656328487185,0
3382,A,1791296754555147425,119006,1.000000,0.0656328487185,0
3383,A,1791296754555530250,116096,1.000000,0.0656328487185,0
3384,A,1791296754555919015,123776,1.000000,0.0656328487185,0
3385,A,1791296754556310800,120525,1.000000,0.0656328487185,0
3386,A,1791296754556710004,130604,1.000000,0.0656328487185,1
3387,B,1791296756756971321,436086,1.000000,0.176653096607,0
3388,B,1791296756757846099,360764,1.000000,0.176653096607,0
3389,B,1791296756758368732,308567,1.000000,0.176653096607,0
3390,B,1791296756758943475,309961,1.000000,0.176653096607,0
3391,B,1791296756759375029,284985,1.000000,0.176653096607,0
3392,B,1791296756759674715,163851,1.000000,0.176653096607,0
3393,B,1791296756759947311,150806,1.000000,0.176653096607,0
3394,B,1791296756760200588,137284,1.000000,0.176653096607,0
3395,B,1791296756760462295,147061,1.000000,0.176653096607,0
3396,B,1791296756760723411,147107,1.000000,0.176653096607,1
3397,A,1791296757560562316,504465,1.000000,0.0656328487185,0
3398,A,1791296757561286476,270314,1.000000,0.0656328487185,1
3399,B,1791296759764437785,437050,1.000000,0.176653096607,0
3400,B,1791296759765326513,446293,1.000000,0.176653096607,0
3401,B,1791296759765976045,291829,1.000000,0.176653096607,0
3402,B,1791296759766547207,271650,1.000000,0.176653096607,0
3403,B,1791296759766949992,247662,1.000000,0.176653096607,0
3404,B,1791296759767237128,137895,1.000000,0.176653096607,0
3405,B,1791296759767488085,118536,1.000000,0.176653096607,0
3406,B,1791296759767729801,115766,1.000000,0.176653096607,1
3407,A,1791296760565133364,383492,1.000000,0.0656328487185,0
3408,A,1791296760565925264,389368,1.000000,0.0656328487185,0
3409,A,1791296760566569415,328067,1.000000,0.0656328487185,0
3410,A,1791296760567177407,298337,1.000000,0.0656328487185,0
3411,A,1791296760567772580,292620,1.000000,0.0656328487185,0
3412,A,1791296760568228904,170394,1.000000,0.0656328487185,0
3413,A,1791296760568701967,188669,1.000000,0.0656328487185,0
3414,A,1791296760569154761,172585,1.000000,0.0656328487185,0
3415,A,1791296760569566476,137692,1.000000,0.0656328487185,0
3416,A,1791296760569974060,133868,1.000000,0.0656328487185,0
3417,A,1791296760570365925,120146,1.000000,0.0656328487185,0
3418,A,1791296760570756830,120264,1.000000,0.0656328487185,0
3419,A,1791296760571183644,119201,1.000000,0.0656328487185,0
3420,A,1791296760571569879,116639,1.000000,0.0656328487185,1
3421,B,1791296762771322172,380719,1.000000,0.176653096607,0
3422,B,1791296762772040152,413406,1.000000,0.176653096607,0
3423,B,1791296762772685604,421676,1.000000,0.176653096607,1
3424,A,1791296763573474363,492489,1.000000,0.0656328487185,0
3425,A,1791296763574238493,345942,1.000000,0.0656328487185,0
3426,A,1791296763574878495,295418,1.000000,0.0656328487185,0
3427,A,1791296763575473787,294805,1.000000,0.0656328487185,0
3428,A,1791296763576076019,289402,1.000000,0.0656328487185,0
3429,A,1791296763576541903,176851,1.000000,0.0656328487185,0
3430,A,1791296763577002087,177751,1.000000,0.0656328487185,0
3431,A,1791296763577465421,174651,1.000000,0.0656328487185,0
3432,A,1791296763577928734,175110,1.000000,0.0656328487185,0
3433,A,1791296763578339779,122601,1.000000,0.0656328487185,0
3434,A,1791296763578746284,125373,1.000000,0.0656328487185,0
3435,A,1791296763579143668,117534,1.000000,0.0656328487185,0
3436,A,1791296763579538043,110125,1.000000,0.0656328487185,0
3437,A,1791296763579922568,108317,1.000000,0.0656328487185,0
3438,A,1791296763580315883,111439,1.000000,0.0656328487185,0
3439,A,1791296763580703668,109411,1.000000,0.0656328487185,1
3440,B,1791296765776510031,449711,1.000000,0.176653096607,0
3441,B,1791296765777381349,396748,1.000000,0.176653096607,0
3442,B,1791296765777952202,255795,1.000000,0.176653096607,0
3443,B,1791296765778521194,254758,1.000000,0.176653096607,0
3444,B,1791296765778925779,232511,1.000000,0.176653096607,0
3445,B,1791296765779212125,120955,1.000000,0.176653096607,0
3446,B,1791296765779461472,100797,1.000000,0.176653096607,1
3447,A,1791296766584436833,377731,1.000000,0.0656328487185,0
3448,A,1791296766585046145,233072,1.000000,0.0656328487185,0
3449,A,1791296766585685477,304686,1.000000,0.0656328487185,0
3450,A,1791296766586283469,304709,1.000000,0.0656328487185,0
3451,A,1791296766586875441,300523,1.000000,0.0656328487185,0
3452,A,1791296766587348945,195048,1.000000,0.0656328487185,1
3453,B,1791296768783232418,447782,1.000000,0.176653096607,0
3454,B,1791296768784007608,362237,1.000000,0.176653096607,0
3455,B,1791296768784694979,167183,1.000000,0.176653096607,1
3456,A,1791296769591112604,409810,1.000000,0.0656328487185,0
3457,A,1791296769591940213,391795,1.000000,0.0656328487185,0
3458,A,1791296769592627744,335473,1.000000,0.0656328487185,0
3459,A,1791296769593256466,299934,1.000000,0.0656328487185,0
3460,A,1791296769593864248,296966,1.000000,0.0656328487185,0
3461,A,1791296769594384781,215179,1.000000,0.0656328487185,0
3462,A,1791296769594855015,181775,1.000000,0.0656328487185,0
3463,A,1791296769595317588,180850,1.000000,0.0656328487185,0
3464,A,1791296769595782272,180037,1.000000,0.0656328487185,0
3465,A,1791296769596196887,132224,1.000000,0.0656328487185,0
3466,A,1791296769596593952,119092,1.000000,0.0656328487185,0
3467,A,1791296769596988386,117480,1.000000,0.0656328487185,0
3468,A,1791296769597383151,117558,1.000000,0.0656328487185,0
3469,A,1791296769597776976,118327,1.000000,0.0656328487185,0
3470,A,1791296769598171461,120685,1.000000,0.0656328487185,0
3471,A,1791296769598564725,118222,1.000000,0.0656328487185,0
3472,A,1791296769598957540,118971,1.000000,0.0656328487185,0
3473,A,1791296769599354995,123529,1.000000,0.0656328487185,0
3474,A,1791296769599745430,115428,1.000000,0.0656328487185,0
3475,A,1791296769600136255,116106,1.000000,0.0656328487185,0
3476,A,1791296769600522910,114435,1.000000,0.0656328487185,0
3477,A,1791296769600914824,115932,1.000000,0.0656328487185,0
3478,A,1791296769601318059,131131,1.000000,0.0656328487185,0
3479,A,1791296769601707754,114819,1.000000,0.0656328487185,0
3480,A,1791296769602098069,114038,1.000000,0.0656328487185,0
3481,A,1791296769602488453,116325,1.000000,0.0656328487185,0
3482,A,1791296769602883488,114024,1.000000,0.0656328487185,0
3483,A,1791296769603272263,116402,1.000000,0.0656328487185,0
3484,A,1791296769603660588,114871,1.000000,0.0656328487185,0
3485,A,1791296769604052222,117979,1.000000,0.0656328487185,1
3486,B,1791296771788487735,287200,1.000000,0.176653096607,0
3487,B,1791296771789427882,462925,1.000000,0.176653096607,0
3488,B,1791296771790024464,260546,1.000000,0.176653096607,0
3489,B,1791296771790571537,247032,1.000000,0.176653096607,0
3490,B,1791296771790997741,239767,1.000000,0.176653096607,0
3491,B,1791296771791271298,114593,1.000000,0.176653096607,1
3492,A,1791296772607946035,498999,1.000000,0.0656328487185,0
3493,A,1791296772608827843,443499,1.000000,0.0656328487185,0
3494,A,1791296772609387756,188336,1.000000,0.0656328487185,0
3495,A,1791296772610019318,322128,1.000000,0.0656328487185,0
3496,A,1791296772610615250,292257,1.000000,0.0656328487185,0
3497,A,1791296772611081544,176620,1.000000,0.0656328487185,0
3498,A,1791296772611542708,176055,1.000000,0.0656328487185,0
3499,A,1791296772612003561,173569,1.000000,0.0656328487185,0
3500,A,1791296772612462945,174784,1.000000,0.0656328487185,0
3501,A,1791296772612882860,134029,1.000000,0.0656328487185,0
3502,A,1791296772613293964,128365,1.000000,0.0656328487185,0
3503,A,1791296772613684659,114202,1.000000,0.0656328487185,0
3504,A,1791296772614068084,109930,1.000000,0.0656328487185,0
3505,A,1791296772614456319,112087,1.000000,0.0656328487185,0
3506,A,1791296772614841384,110024,1.000000,0.0656328487185,0
3507,A,1791296772615224609,109392,1.000000,0.0656328487185,0
3508,A,1791296772615607004,109539,1.000000,0.0656328487185,0
3509,A,1791296772616002309,121977,1.000000,0.0656328487185,0
3510,A,1791296772616389803,110533,1.000000,0.0656328487185,1
3511,B,1791296774795010017,398389,1.000000,0.176653096607,0
3512,B,1791296774795634869,289243,1.000000,0.176653096607,1
3513,A,1791296775617461699,445415,1.000000,0.0656328487185,0
3514,A,1791296775618148440,274809,1.000000,0.0656328487185,0
3515,A,1791296775618830181,307725,1.000000,0.0656328487185,0
3516,A,1791296775619408323,271512,1.000000,0.0656328487185,0
3517,A,1791296775619884807,175321,1.000000,0.0656328487185,0
3518,A,1791296775620342391,173411,1.000000,0.0656328487185,0
3519,A,1791296775620784035,157892,1.000000,0.0656328487185,1
3520,B,1791296777799537824,408853,1.000000,0.176653096607,0
3521,B,1791296777800399942,385135,1.000000,0.176653096607,0
3522,B,1791296777800984314,278609,1.000000,0.176653096607,0
3523,B,1791296777801546857,258150,1.000000,0.176653096607,0
3524,B,1791296777801944672,234412,1.000000,0.176653096607,0
3525,B,1791296777802240168,137345,1.000000,0.176653096607,0
3526,B,1791296777802489104,104355,1.000000,0.176653096607,0
3527,B,1791296777802745781,105017,1.000000,0.176653096607,0
3528,B,1791296777802988398,103338,1.000000,0.176653096607,0
3529,B,1791296777803237145,108969,1.000000,0.176653096607,0
3530,B,1791296777803456532,80650,1.000000,0.176653096607,0
3531,B,1791296777803630809,57900,1.000000,0.176653096607,0
3532,B,1791296777803792857,52731,1.000000,0.176653096607,0
3533,B,1791296777803953225,53260,1.000000,0.176653096607,0
3534,B,1791296777804112553,51841,1.000000,0.176653096607,0
3535,B,1791296777804273651,53982,1.000000,0.176653096607,1
3536,A,1791296778624654351,454069,1.000000,0.0656328487185,0
3537,A,1791296778625445451,362642,1.000000,0.0656328487185,0
3538,A,1791296778626099562,299858,1.000000,0.0656328487185,0
3539,A,1791296778626671625,255139,1.000000,0.0656328487185,0
3540,A,1791296778627290127,306379,1.000000,0.0656328487185,0
3541,A,1791296778627886169,291429,1.000000,0.0656328487185,0
3542,A,1791296778628349863,170852,1.000000,0.0656328487185,0
3543,A,1791296778628822106,180215,1.000000,0.0656328487185,1
3544,B,1791296780807925862,380974,1.000000,0.176653096607,0
3545,B,1791296780808754271,317455,1.000000,0.176653096607,0
3546,B,1791296780809436422,248718,1.000000,0.176653096607,1
3547,A,1791296781632689113,485012,1.000000,0.0656328487185,0
3548,A,1791296781633714040,591662,1.000000,0.0656328487185,0
3549,A,1791296781634338491,198085,1.000000,0.0656328487185,0
3550,A,1791296781634862094,183784,1.000000,0.0656328487185,0
3551,A,1791296781635372028,187005,1.000000,0.0656328487185,0
3552,A,1791296781635857341,166964,1.000000,0.0656328487185,0
3553,A,1791296781636323905,168174,1.000000,0.0656328487185,0
3554,A,1791296781636788469,164945,1.000000,0.0656328487185,0
3555,A,1791296781637278242,178674,1.000000,0.0656328487185,0
3556,A,1791296781637700157,126246,1.000000,0.0656328487185,0
3557,A,1791296781638090052,103308,1.000000,0.0656328487185,0
3558,A,1791296781638479006,102339,1.000000,0.0656328487185,0
3559,A,1791296781638869341,102611,1.000000,0.0656328487185,0
3560,A,1791296781639257616,102193,1.000000,0.0656328487185,0
3561,A,1791296781639645211,100335,1.000000,0.0656328487185,1
3562,B,1791296783813042361,246895,1.000000,0.176653096607,1
3563,A,1791296784643435186,396316,1.000000,0.0656328487185,0
3564,A,1791296784644324085,449512,1.000000,0.0656328487185,0
3565,A,1791296784645032215,300538,1.000000,0.0656328487185,1
3566,B,1791296786817149616,390922,1.000000,0.176653096607,0
3567,B,1791296786817972315,325648,1.000000,0.176653096607,0
3568,B,1791296786818614986,252897,1.000000,0.176653096607,0
3569,B,1791296786819216798,235307,1.000000,0.176653096607,0
3570,B,1791296786819636703,202621,1.000000,0.176653096607,0
3571,B,1791296786819887350,72805,1.000000,0.176653096607,0
3572,B,1791296786820130756,72911,1.000000,0.176653096607,0
3573,B,1791296786820361753,62497,1.000000,0.176653096607,1
3574,A,1791296787648976922,505508,1.000000,0.0656328487185,0
3575,A,1791296787649635033,188383,1.000000,0.0656328487185,0
3576,A,1791296787650303435,297832,1.000000,0.0656328487185,0
3577,A,1791296787650912866,281989,1.000000,0.0656328487185,0
3578,A,1791296787651486129,254338,1.000000,0.0656328487185,0
3579,A,1791296787651968803,166168,1.000000,0.0656328487185,0
3580,A,1791296787652445876,164698,1.000000,0.0656328487185,0
3581,A,1791296787652916480,169949,1.000000,0.0656328487185,1
3582,B,1791296789824077989,369800,1.000000,0.176653096607,0
3583,B,1791296789824927718,330107,1.000000,0.176653096607,0
3584,B,1791296789825536000,247573,1.000000,0.176653096607,0
3585,B,1791296789825981014,226876,1.000000,0.176653096607,0
3586,B,1791296789826371929,187139,1.000000,0.176653096607,0
3587,B,1791296789826636075,61842,1.000000,0.176653096607,0
3588,B,1791296789826880882,58614,1.000000,0.176653096607,0
3589,B,1791296789827120399,58176,1.000000,0.176653096607,0
3590,B,1791296789827369526,67188,1.000000,0.176653096607,0
3591,B,1791296789827585503,34090,1.000000,0.176653096607,0
3592,B,1791296789827800690,32541,1.000000,0.176653096607,0
3593,B,1791296789827985888,10204,1.000000,0.176653096607,0
3594,B,1791296789828146995,7974,1.000000,0.176653096607,0
3595,B,1791296789828310983,11235,1.000000,0.176653096607,0
3596,B,1791296789828470181,7676,1.000000,0.176653096607,0
3597,B,1791296789828631819,9667,1.000000,0.176653096607,0
3598,B,1791296789828804427,17619,1.000000,0.176653096607,0
3599,B,1791296789828964585,7700,1.000000,0.176653096607,0
3600,B,1791296789829127173,6240,1.000000,0.176653096607,0
3601,B,1791296789829290400,13791,1.000000,0.176653096607,0
3602,B,1791296789829448908,7732,1.000000,0.176653096607,0
3603,B,1791296789829604486,6463,1.000000,0.176653096607,0
3604,B,1791296789829763144,10134,1.000000,0.176653096607,0
3605,B,1791296789829921532,5375,1.000000,0.176653096607,0
3606,B,1791296789830077290,7276,1.000000,0.176653096607,0
3607,B,1791296789830232448,5978,1.000000,0.176653096607,0
3608,B,1791296789830387476,5719,1.000000,0.176653096607,0
3609,B,1791296789830556024,19130,1.000000,0.176653096607,0
3610,B,1791296789830711952,5951,1.000000,0.176653096607,0
3611,B,1791296789830870169,7171,1.000000,0.176653096607,0
3612,B,1791296789831024817,4113,1.000000,0.176653096607,0
3613,B,1791296789831181515,6774,1.000000,0.176653096607,0
3614,B,1791296789831337713,6515,1.000000,0.176653096607,0
3615,B,1791296789831498041,9516,1.000000,0.176653096607,0
3616,B,1791296789831658009,7037,1.000000,0.176653096607,0
3617,B,1791296789831814487,6508,1.000000,0.176653096607,0
3618,B,1791296789832016304,7828,1.000000,0.176653096607,0
3619,B,1791296789832172412,7259,1.000000,0.176653096607,0
3620,B,1791296789832328520,9011,1.000000,0.176653096607,0
3621,B,1791296789832484098,5202,1.000000,0.176653096607,0
3622,B,1791296789832638836,5613,1.000000,0.176653096607,0
3623,B,1791296789832804204,14204,1.000000,0.176653096607,0
3624,B,1791296789832961132,5515,1.000000,0.176653096607,0
3625,B,1791296789833115970,5046,1.000000,0.176653096607,0
3626,B,1791296789833271558,5597,1.000000,0.176653096607,1
3627,A,1791296790656826216,519397,1.000000,0.0656328487185,0
3628,A,1791296790657561417,322826,1.000000,0.0656328487185,0
3629,A,1791296790658190158,293728,1.000000,0.0656328487185,0
3630,A,1791296790658787861,288373,1.000000,0.0656328487185,0
3631,A,1791296790659388733,298307,1.000000,0.0656328487185,0
3632,A,1791296790659868146,176652,1.000000,0.0656328487185,0
3633,A,1791296790660342310,185140,1.000000,0.0656328487185,0
3634,A,1791296790660820694,181648,1.000000,0.0656328487185,0
3635,A,1791296790661241528,132146,1.000000,0.0656328487185,0
3636,A,1791296790661653763,125385,1.000000,0.0656328487185,0
3637,A,1791296790662043797,111584,1.000000,0.0656328487185,1
3638,B,1791296792836975817,383618,1.000000,0.176653096607,0
3639,B,1791296792837818406,261167,1.000000,0.176653096607,0
3640,B,1791296792838402438,210939,1.000000,0.176653096607,1
3641,A,1791296793665521708,515498,1.000000,0.0656328487185,1
3642,B,1791296795842357253,424728,1.000000,0.176653096607,0
3643,B,1791296795843213711,304226,1.000000,0.176653096607,0
3644,B,1791296795843882423,200534,1.000000,0.176653096607,0
3645,B,1791296795844447585,205157,1.000000,0.176653096607,0
3646,B,1791296795844848170,180360,1.000000,0.176653096607,0
3647,B,1791296795845114696,49115,1.000000,0.176653096607,0
3648,B,1791296795845367323,58627,1.000000,0.176653096607,0
3649,B,1791296795845604970,45349,1.000000,0.176653096607,0
3650,B,1791296795845841136,43940,1.000000,0.176653096607,0
3651,B,1791296795846068263,28132,1.000000,0.176653096607,0
3652,B,1791296795846238691,1274,1.000000,0.176653096607,0
3653,B,1791296795846396949,0,1.000000,0.176653096607,0
3654,B,1791296795846550047,0,1.000000,0.176653096607,0
3655,B,1791296795846700265,0,1.000000,0.176653096607,0
3656,B,1791296795846851133,0,1.000000,0.176653096607,1
3657,A,1791296796669494502,455384,1.000000,0.0656328487185,0
3658,A,1791296796670273992,371170,1.000000,0.0656328487185,0
3659,A,1791296796670937913,306259,1.000000,0.0656328487185,0
3660,A,1791296796671533685,290751,1.000000,0.0656328487185,0
3661,A,1791296796672122518,291855,1.000000,0.0656328487185,0
3662,A,1791296796672598701,179358,1.000000,0.0656328487185,0
3663,A,1791296796673057185,177575,1.000000,0.0656328487185,0
3664,A,1791296796673516179,177922,1.000000,0.0656328487185,0
3665,A,1791296796673972333,175948,1.000000,0.0656328487185,0
3666,A,1791296796674404907,154185,1.000000,0.0656328487185,0
3667,A,1791296796674821352,132203,1.000000,0.0656328487185,0
3668,A,1791296796675205837,112251,1.000000,0.0656328487185,0
3669,A,1791296796675588712,112730,1.000000,0.0656328487185,0
3670,A,1791296796675971307,111669,1.000000,0.0656328487185,0
3671,A,1791296796676353702,112438,1.000000,0.0656328487185,0
3672,A,1791296796676735037,112457,1.000000,0.0656328487185,0
3673,A,1791296796677116301,111845,1.000000,0.0656328487185,0
3674,A,1791296796677495156,110933,1.000000,0.0656328487185,0
3675,A,1791296796677876641,111882,1.000000,0.0656328487185,0
3676,A,1791296796678256376,108851,1.000000,0.0656328487185,0
3677,A,1791296796678636351,111050,1.000000,0.0656328487185,0
3678,A,1791296796679018136,111409,1.000000,0.0656328487185,0
3679,A,1791296796679400981,113928,1.000000,0.0656328487185,0
3680,A,1791296796679782046,111577,1.000000,0.0656328487185,0
3681,A,1791296796680158331,108596,1.000000,0.0656328487185,0
3682,A,1791296796680540636,114975,1.000000,0.0656328487185,0
3683,A,1791296796680924141,112693,1.000000,0.0656328487185,0
3684,A,1791296796681321235,118101,1.000000,0.0656328487185,0
3685,A,1791296796681704660,112680,1.000000,0.0656328487185,0
3686,A,1791296796682086255,112329,1.000000,0.0656328487185,0
3687,A,1791296796682464760,112538,1.000000,0.0656328487185,0
3688,A,1791296796682844545,111346,1.000000,0.0656328487185,0
3689,A,1791296796683222890,110675,1.000000,0.0656328487185,0
3690,A,1791296796683602885,111334,1.000000,0.0656328487185,0
3691,A,1791296796683982760,110783,1.000000,0.0656328487185,0
3692,A,1791296796684373505,120432,1.000000,0.0656328487185,1
3693,B,1791296798850387217,263565,1.000000,0.176653096607,0
3694,B,1791296798851155347,258226,1.000000,0.176653096607,0
3695,B,1791296798851861148,210239,1.000000,0.176653096607,1
3696,A,1791296799688223464,478062,1.000000,0.0656328487185,0
3697,A,1791296799689070273,418628,1.000000,0.0656328487185,0
3698,A,1791296799689818743,350635,1.000000,0.0656328487185,0
3699,A,1791296799690435135,302045,1.000000,0.0656328487185,0
3700,A,1791296799691035197,298505,1.000000,0.0656328487185,0
3701,A,1791296799691539650,205966,1.000000,0.0656328487185,0
3702,A,1791296799692008774,190018,1.000000,0.0656328487185,0
3703,A,1791296799692474278,186930,1.000000,0.0656328487185,0
3704,A,1791296799692934332,182723,1.000000,0.0656328487185,1
3705,B,1791296801855741203,321912,1.000000,0.176653096607,1
3706,A,1791296802696861536,524552,1.000000,0.0656328487185,0
3707,A,1791296802697733704,444074,1.000000,0.0656328487185,0
3708,A,1791296802698416935,334781,1.000000,0.0656328487185,0
3709,A,1791296802699035067,317372,1.000000,0.0656328487185,0
3710,A,1791296802699568700,252784,1.000000,0.0656328487185,1
3711,B,1791296804859770195,292423,1.000000,0.176653096607,0
3712,B,1791296804860333547,210895,1.000000,0.176653096607,1
3713,A,1791296805703528775,575438,1.000000,0.0656328487185,0
3714,A,1791296805704440823,495349,1.000000,0.0656328487185,0
3715,A,1791296805705171933,327932,1.000000,0.0656328487185,0
3716,A,1791296805705792215,318669,1.000000,0.0656328487185,0
3717,A,1791296805706393877,320037,1.000000,0.0656328487185,0
3718,A,1791296805706981239,312254,1.000000,0.0656328487185,0
3719,A,1791296805707451183,200704,1.000000,0.0656328487185,0
3720,A,1791296805707903157,186054,1.000000,0.0656328487185,0
3721,A,1791296805708351691,183005,1.000000,0.0656328487185,0
3722,A,1791296805708766996,142886,1.000000,0.0656328487185,0
3723,A,1791296805709162330,137277,1.000000,0.0656328487185,0
3724,A,1791296805709551015,134740,1.000000,0.0656328487185,0
3725,A,1791296805709943500,133922,1.000000,0.0656328487185,0
3726,A,1791296805710335805,133664,1.000000,0.0656328487185,0
3727,A,1791296805710727250,134436,1.000000,0.0656328487185,0
3728,A,1791296805711115524,133237,1.000000,0.0656328487185,0
3729,A,1791296805711499809,131809,1.000000,0.0656328487185,0
3730,A,1791296805711886594,132721,1.000000,0.0656328487185,1
3731,B,1791296807864180464,347245,1.000000,0.176653096607,0
3732,B,1791296807864966734,363162,1.000000,0.176653096607,0
3733,B,1791296807865713584,358579,1.000000,0.176653096607,0
3734,B,1791296807866291186,249087,1.000000,0.176653096607,1
3735,A,1791296808715710342,490399,1.000000,0.0656328487185,0
3736,A,1791296808716556481,480843,1.000000,0.0656328487185,0
3737,A,1791296808717119433,221201,1.000000,0.0656328487185,0
3738,A,1791296808717622067,228956,1.000000,0.0656328487185,0
3739,A,1791296808718226129,319490,1.000000,0.0656328487185,0
3740,A,1791296808718692762,207693,1.000000,0.0656328487185,0
3741,A,1791296808719147166,202939,1.000000,0.0656328487185,0
3742,A,1791296808719605490,203215,1.000000,0.0656328487185,0
3743,A,1791296808720044675,187202,1.000000,0.0656328487185,0
3744,A,1791296808720472509,175478,1.000000,0.0656328487185,0
3745,A,1791296808720910783,183645,1.000000,0.0656328487185,0
3746,A,1791296808721310188,144503,1.000000,0.0656328487185,0
3747,A,1791296808721699723,143331,1.000000,0.0656328487185,0
3748,A,1791296808722085658,141439,1.000000,0.0656328487185,0
3749,A,1791296808722469122,139227,1.000000,0.0656328487185,0
3750,A,1791296808722849427,137555,1.000000,0.0656328487185,0
3751,A,1791296808723230802,137563,1.000000,0.0656328487185,0
3752,A,1791296808723608857,136312,1.000000,0.0656328487185,1
3753,B,1791296810870081015,395077,1.000000,0.176653096607,0
3754,B,1791296810870939324,364607,1.000000,0.176653096607,0
3755,B,1791296810871687634,361498,1.000000,0.176653096607,0
3756,B,1791296810872270136,239901,1.000000,0.176653096607,1
3757,A,1791296811727432913,486089,1.000000,0.0656328487185,0
3758,A,1791296811728302422,470819,1.000000,0.0656328487185,0
3759,A,1791296811729017272,278229,1.000000,0.0656328487185,0
3760,A,1791296811729621244,298455,1.000000,0.0656328487185,0
3761,A,1791296811730104428,199193,1.000000,0.0656328487185,0
3762,A,1791296811730566562,196342,1.000000,0.0656328487185,0
3763,A,1791296811731029316,197121,1.000000,0.0656328487185,0
3764,A,1791296811731487290,195040,1.000000,0.0656328487185,0
3765,A,1791296811731909514,155829,1.000000,0.0656328487185,1
3766,B,1791296813875920534,313371,1.000000,0.176653096607,0
3767,B,1791296813876567845,307738,1.000000,0.176653096607,0
3768,B,1791296813877144397,208335,1.000000,0.176653096607,0
3769,B,1791296813877749309,238740,1.000000,0.176653096607,1
3770,A,1791296814733470661,447794,1.000000,0.0656328487185,0
3771,A,1791296814734449568,493478,1.000000,0.0656328487185,0
3772,A,1791296814735172358,325125,1.000000,0.0656328487185,0
3773,A,1791296814735784240,309668,1.000000,0.0656328487185,0
3774,A,1791296814736378612,308941,1.000000,0.0656328487185,0
3775,A,1791296814736981734,312385,1.000000,0.0656328487185,1
3776,B,1791296816881556428,406823,1.000000,0.176653096607,1
3777,A,1791296817740933030,521888,1.000000,0.0656328487185,0
3778,A,1791296817741770699,431538,1.000000,0.0656328487185,0
3779,A,1791296817742404180,315532,1.000000,0.0656328487185,0
3780,A,1791296817742997243,311069,1.000000,0.0656328487185,0
3781,A,1791296817743606485,327785,1.000000,0.0656328487185,0
3782,A,1791296817744197547,312191,1.000000,0.0656328487185,0
3783,A,1791296817744673880,199648,1.000000,0.0656328487185,0
3784,A,1791296817745147354,198297,1.000000,0.0656328487185,0
3785,A,1791296817745607578,195296,1.000000,0.0656328487185,0
3786,A,1791296817746063832,193666,1.000000,0.0656328487185,0
3787,A,1791296817746501386,170445,1.000000,0.0656328487185,0
3788,A,1791296817746892531,134326,1.000000,0.0656328487185,0
3789,A,1791296817747276566,129317,1.000000,0.0656328487185,0
3790,A,1791296817747661871,131718,1.000000,0.0656328487185,0
3791,A,1791296817748047285,129778,1.000000,0.0656328487185,0
3792,A,1791296817748438620,136309,1.000000,0.0656328487185,0
3793,A,1791296817748823765,131340,1.000000,0.0656328487185,0
3794,A,1791296817749208270,128592,1.000000,0.0656328487185,0
3795,A,1791296817749591585,129093,1.000000,0.0656328487185,0
3796,A,1791296817749977380,130604,1.000000,0.0656328487185,0
3797,A,1791296817750361805,131075,1.000000,0.0656328487185,0
3798,A,1791296817750748700,130856,1.000000,0.0656328487185,0
3799,A,1791296817751129405,127907,1.000000,0.0656328487185,0
3800,A,1791296817751512979,130968,1.000000,0.0656328487185,0
3801,A,1791296817751897554,130219,1.000000,0.0656328487185,0
3802,A,1791296817752277609,127210,1.000000,0.0656328487185,0
3803,A,1791296817752666354,130171,1.000000,0.0656328487185,0
3804,A,1791296817753049049,129112,1.000000,0.0656328487185,0
3805,A,1791296817753435424,133913,1.000000,0.0656328487185,0
3806,A,1791296817753818879,128974,1.000000,0.0656328487185,0
3807,A,1791296817754200374,128186,1.000000,0.0656328487185,0
3808,A,1791296817754580309,127007,1.000000,0.0656328487185,0
3809,A,1791296817754963504,129828,1.000000,0.0656328487185,0
3810,A,1791296817755344889,127559,1.000000,0.0656328487185,0
3811,A,1791296817755745263,147169,1.000000,0.0656328487185,0
3812,A,1791296817756128938,129780,1.000000,0.0656328487185,0
3813,A,1791296817756513563,132292,1.000000,0.0656328487185,0
3814,A,1791296817756897668,129753,1.000000,0.0656328487185,0
3815,A,1791296817757281593,129014,1.000000,0.0656328487185,0
3816,A,1791296817757662728,128725,1.000000,0.0656328487185,0
3817,A,1791296817758047953,128916,1.000000,0.0656328487185,0
3818,A,1791296817758428868,128107,1.000000,0.0656328487185,0
3819,A,1791296817758818993,128848,1.000000,0.0656328487185,0
3820,A,1791296817759201908,127310,1.000000,0.0656328487185,0
3821,A,1791296817759701031,130198,1.000000,0.0656328487185,1
3822,B,1791296819885597233,337895,1.000000,0.176653096607,0
3823,B,1791296819886373433,315475,1.000000,0.176653096607,0
3824,B,1791296819886888256,261133,1.000000,0.176653096607,0
3825,B,1791296819887476568,264301,1.000000,0.176653096607,0
3826,B,1791296819887906362,239167,1.000000,0.176653096607,1
3827,A,1791296820761467198,447978,1.000000,0.0656328487185,0
3828,A,1791296820762232828,377915,1.000000,0.0656328487185,0
3829,A,1791296820762903059,319824,1.000000,0.0656328487185,0
3830,A,1791296820763512951,322237,1.000000,0.0656328487185,0
3831,A,1791296820764106213,308529,1.000000,0.0656328487185,0
3832,A,1791296820764570107,194354,1.000000,0.0656328487185,0
3833,A,1791296820765026381,191401,1.000000,0.0656328487185,0
3834,A,1791296820765482345,193738,1.000000,0.0656328487185,0
3835,A,1791296820765927099,179244,1.000000,0.0656328487185,1
3836,B,1791296822891678034,418591,1.000000,0.176653096607,1
3837,A,1791296823769812137,510836,1.000000,0.0656328487185,0
3838,A,1791296823770735075,489308,1.000000,0.0656328487185,0
3839,A,1791296823771412506,337376,1.000000,0.0656328487185,0
3840,A,1791296823772009828,308917,1.000000,0.0656328487185,0
3841,A,1791296823772604440,310259,1.000000,0.0656328487185,0
3842,A,1791296823773083554,195653,1.000000,0.0656328487185,0
3843,A,1791296823773539568,189130,1.000000,0.0656328487185,0
3844,A,1791296823773998122,192596,1.000000,0.0656328487185,0
3845,A,1791296823774453676,188642,1.000000,0.0656328487185,0
3846,A,1791296823774916349,187238,1.000000,0.0656328487185,0
3847,A,1791296823775358364,174585,1.000000,0.0656328487185,0
3848,A,1791296823775755758,132052,1.000000,0.0656328487185,0
3849,A,1791296823776143093,127060,1.000000,0.0656328487185,1
3850,B,1791296825895762426,430143,1.000000,0.176653096607,0
3851,B,1791296825896684254,392479,1.000000,0.176653096607,1
3852,A,1791296826779938130,423543,1.000000,0.0656328487185,0
3853,A,1791296826780766450,410406,1.000000,0.0656328487185,0
3854,A,1791296826781504590,351431,1.000000,0.0656328487185,0
3855,A,1791296826782158961,321038,1.000000,0.0656328487185,0
3856,A,1791296826782755743,301248,1.000000,0.0656328487185,0
3857,A,1791296826783347725,297708,1.000000,0.0656328487185,0
3858,A,1791296826783829879,186321,1.000000,0.0656328487185,0
3859,A,1791296826784306303,199586,1.000000,0.0656328487185,0
3860,A,1791296826784764567,183830,1.000000,0.0656328487185,0
3861,A,1791296826785199451,157475,1.000000,0.0656328487185,1
3862,B,1791296828900611965,405347,1.000000,0.176653096607,0
3863,B,1791296828901411765,312471,1.000000,0.176653096607,0
3864,B,1791296828902023246,257746,1.000000,0.176653096607,1
3865,A,1791296829788983322,418516,1.000000,0.0656328487185,0
3866,A,1791296829789855020,454006,1.000000,0.0656328487185,0
3867,A,1791296829790722039,466127,1.000000,0.0656328487185,0
3868,A,1791296829791372790,308540,1.000000,0.0656328487185,0
3869,A,1791296829791977642,295677,1.000000,0.0656328487185,0
3870,A,1791296829792469376,183605,1.000000,0.0656328487185,0
3871,A,1791296829792952529,180464,1.000000,0.0656328487185,0
3872,A,1791296829793423723,179963,1.000000,0.0656328487185,0
3873,A,1791296829793893847,187943,1.000000,0.0656328487185,0
3874,A,1791296829794358030,178301,1.000000,0.0656328487185,0
3875,A,1791296829794780105,142782,1.000000,0.0656328487185,0
3876,A,1791296829795254698,117641,1.000000,0.0656328487185,0
3877,A,1791296829795641843,112172,1.000000,0.0656328487185,0
3878,A,1791296829796025918,113013,1.000000,0.0656328487185,0
3879,A,1791296829796408033,110645,1.000000,0.0656328487185,0
3880,A,1791296829796792628,111666,1.000000,0.0656328487185,0
3881,A,1791296829797194033,114367,1.000000,0.0656328487185,0
3882,A,1791296829797579327,112328,1.000000,0.0656328487185,0
3883,A,1791296829797966782,117689,1.000000,0.0656328487185,0
3884,A,1791296829798352577,112061,1.000000,0.0656328487185,0
3885,A,1791296829798735382,111912,1.000000,0.0656328487185,0
3886,A,1791296829799118897,111444,1.000000,0.0656328487185,0
3887,A,1791296829799508402,116095,1.000000,0.0656328487185,0
3888,A,1791296829799895387,114066,1.000000,0.0656328487185,0
3889,A,1791296829800278512,111968,1.000000,0.0656328487185,0
3890,A,1791296829800658557,109649,1.000000,0.0656328487185,0
3891,A,1791296829801041452,112661,1.000000,0.0656328487185,0
3892,A,1791296829801433776,111931,1.000000,0.0656328487185,0
3893,A,1791296829801816651,112982,1.000000,0.0656328487185,0
3894,A,1791296829802199366,110364,1.000000,0.0656328487185,0
3895,A,1791296829802580681,110675,1.000000,0.0656328487185,1
3896,B,1791296831905921842,388648,1.000000,0.176653096607,0
3897,B,1791296831906741621,278484,1.000000,0.176653096607,0
3898,B,1791296831907315494,219719,1.000000,0.176653096607,0
3899,B,1791296831907880606,230441,1.000000,0.176653096607,1
3900,A,1791296832806477879,509563,1.000000,0.0656328487185,0
3901,A,1791296832807422337,484393,1.000000,0.0656328487185,0
3902,A,1791296832808175267,307976,1.000000,0.0656328487185,0
3903,A,1791296832808735070,239867,1.000000,0.0656328487185,0
3904,A,1791296832809218153,181060,1.000000,0.0656328487185,0
3905,A,1791296832809680627,180495,1.000000,0.0656328487185,0
3906,A,1791296832810136221,177431,1.000000,0.0656328487185,0
3907,A,1791296832810599365,184996,1.000000,0.0656328487185,0
3908,A,1791296832811057669,178741,1.000000,0.0656328487185,0
3909,A,1791296832811510923,163657,1.000000,0.0656328487185,1
3910,B,1791296834911595533,335021,1.000000,0.176653096607,0
3911,B,1791296834912420412,301672,1.000000,0.176653096607,0
3912,B,1791296834913008674,239197,1.000000,0.176653096607,0
3913,B,1791296834913587097,238812,1.000000,0.176653096607,0
3914,B,1791296834914025001,217418,1.000000,0.176653096607,0
3915,B,1791296834914433426,210534,1.000000,0.176653096607,0
3916,B,1791296834914712302,96621,1.000000,0.176653096607,1
3917,A,1791296835815355537,459539,1.000000,0.0656328487185,0
3918,A,1791296835816255575,450568,1.000000,0.0656328487185,0
3919,A,1791296835817005035,308740,1.000000,0.0656328487185,0
3920,A,1791296835817616747,290905,1.000000,0.0656328487185,1
3921,B,1791296837918497742,439095,1.000000,0.176653096607,1
3922,A,1791296838821411367,397777,1.000000,0.0656328487185,0
3923,A,1791296838822128788,319668,1.000000,0.0656328487185,0
3924,A,1791296838822743570,300522,1.000000,0.0656328487185,0
3925,A,1791296838823334182,296256,1.000000,0.0656328487185,0
3926,A,1791296838823813765,186482,1.000000,0.0656328487185,0
3927,A,1791296838824280199,169639,1.000000,0.0656328487185,0
3928,A,1791296838824722453,165887,1.000000,0.0656328487185,0
3929,A,1791296838825164298,166377,1.000000,0.0656328487185,0
3930,A,1791296838825608462,170715,1.000000,0.0656328487185,0
3931,A,1791296838826060026,175483,1.000000,0.0656328487185,0
3932,A,1791296838826505370,170171,1.000000,0.0656328487185,0
3933,A,1791296838826906424,122710,1.000000,0.0656328487185,0
3934,A,1791296838827291849,116849,1.000000,0.0656328487185,0
3935,A,1791296838827673834,115109,1.000000,0.0656328487185,0
3936,A,1791296838828057309,116809,1.000000,0.0656328487185,0
3937,A,1791296838828435854,115370,1.000000,0.0656328487185,0
3938,A,1791296838828814029,115000,1.000000,0.0656328487185,0
3939,A,1791296838829193824,116150,1.000000,0.0656328487185,0
3940,A,1791296838829583369,121490,1.000000,0.0656328487185,0
3941,A,1791296838829965604,115410,1.000000,0.0656328487185,0
3942,A,1791296838830346729,116200,1.000000,0.0656328487185,0
3943,A,1791296838830728044,115040,1.000000,0.0656328487185,0
3944,A,1791296838831109329,115250,1.000000,0.0656328487185,0
3945,A,1791296838831488774,113920,1.000000,0.0656328487185,1
3946,B,1791296840922642555,407175,1.000000,0.176653096607,0
3947,B,1791296840923471614,322880,1.000000,0.176653096607,0
3948,B,1791296840924059776,255398,1.000000,0.176653096607,0
3949,B,1791296840924575779,255388,1.000000,0.176653096607,0
3950,B,1791296840925013433,233000,1.000000,0.176653096607,0
3951,B,1791296840925305230,113285,1.000000,0.176653096607,0
3952,B,1791296840925580506,116479,1.000000,0.176653096607,0
3953,B,1791296840925850322,110094,1.000000,0.176653096607,0
3954,B,1791296840926121229,110540,1.000000,0.176653096607,0
3955,B,1791296840926369985,84414,1.000000,0.176653096607,1
3956,A,1791296841833915742,506104,1.000000,0.0656328487185,1
3957,B,1791296843930076935,391871,1.000000,0.176653096607,0
3958,B,1791296843930885604,380564,1.000000,0.176653096607,0
3959,B,1791296843931564575,376907,1.000000,0.176653096607,0
3960,B,1791296843932065109,237393,1.000000,0.176653096607,0
3961,B,1791296843932510533,216905,1.000000,0.176653096607,1
3962,A,1791296844837917516,489732,1.000000,0.0656328487185,0
3963,A,1791296844838724686,416316,1.000000,0.0656328487185,0
3964,A,1791296844839420366,326672,1.000000,0.0656328487185,0
3965,A,1791296844840027508,317793,1.000000,0.0656328487185,0
3966,A,1791296844840640930,317364,1.000000,0.0656328487185,0
3967,A,1791296844841105874,180268,1.000000,0.0656328487185,0
3968,A,1791296844841562718,188704,1.000000,0.0656328487185,0
3969,A,1791296844842021142,177319,1.000000,0.0656328487185,0
3970,A,1791296844842463146,175866,1.000000,0.0656328487185,0
3971,A,1791296844842902240,175602,1.000000,0.0656328487185,0
3972,A,1791296844843323285,156759,1.000000,0.0656328487185,0
3973,A,1791296844843718080,130636,1.000000,0.0656328487185,0
3974,A,1791296844844107794,128264,1.000000,0.0656328487185,0
3975,A,1791296844844492319,125292,1.000000,0.0656328487185,0
3976,A,1791296844844878174,128080,1.000000,0.0656328487185,0
3977,A,1791296844845263709,126018,1.000000,0.0656328487185,0
3978,A,1791296844845647464,126696,1.000000,0.0656328487185,0
3979,A,1791296844846030969,127434,1.000000,0.0656328487185,0
3980,A,1791296844846410234,123323,1.000000,0.0656328487185,0
3981,A,1791296844846789289,124661,1.000000,0.0656328487185,0
3982,A,1791296844847170704,125199,1.000000,0.0656328487185,0
3983,A,1791296844847550729,124117,1.000000,0.0656328487185,0
3984,A,1791296844847935484,128996,1.000000,0.0656328487185,0
3985,A,1791296844848319519,125284,1.000000,0.0656328487185,0
3986,A,1791296844848701154,126112,1.000000,0.0656328487185,0
3987,A,1791296844849084549,125290,1.000000,0.0656328487185,0
3988,A,1791296844849463714,123808,1.000000,0.0656328487185,0
3989,A,1791296844849843518,126356,1.000000,0.0656328487185,0
3990,A,1791296844850224903,123584,1.000000,0.0656328487185,0
3991,A,1791296844850612188,129782,1.000000,0.0656328487185,1
3992,B,1791296846936293520,422542,1.000000,0.176653096607,1
3993,B,1791296849940419647,408436,1.000000,0.176653096607,0
3994,B,1791296849941146617,233529,1.000000,0.176653096607,0
3995,B,1791296849941780619,252646,1.000000,0.176653096607,0
3996,B,1791296849942321892,245493,1.000000,0.176653096607,0
3997,B,1791296849942767996,230098,1.000000,0.176653096607,1
