count_idx,delay_ns,delay_center_ns,delay_centered_ns,delay_physical_ns,clock_offset_ns,clock_sync_path_delay_ns,ts_emit_ns,success
51,131529,0,131529,131529,0,0,1785319624647272401,0
52,193931,0,193931,193931,0,0,1785319624648301568,0
53,140657,0,140657,140657,0,0,1785319624649331988,1
54,155174,0,155174,155174,0,0,1785319624650357459,0
55,167969,0,167969,167969,0,0,1785319624651377390,1
56,179872,0,179872,179872,0,0,1785319624652397476,0
57,277836,0,277836,277836,0,0,1785319624653426617,0
58,123815,0,123815,123815,0,0,1785319624654447317,0
59,226599,0,226599,226599,0,0,1785319624655472383,1
60,292893,0,292893,292893,0,0,1785319624656499619,1
61,194690,0,194690,194690,0,0,1785319624657519995,1
62,228874,0,228874,228874,0,0,1785319624658548952,0
63,254179,0,254179,254179,0,0,1785319624659581924,1
64,240902,0,240902,240902,0,0,1785319624660651142,0
65,284510,0,284510,284510,0,0,1785319624661683205,0
66,186016,0,186016,186016,0,0,1785319624662709580,1
67,233117,0,233117,233117,0,0,1785319624663739149,0
68,159043,0,159043,159043,0,0,1785319624664756133,1
69,367225,0,367225,367225,0,0,1785319624665770913,0
70,174843,0,174843,174843,0,0,1785319624666788198,0
71,232266,0,232266,232266,0,0,1785319624667806828,0
72,1057637,0,1057637,1057637,0,0,1785319624668820599,1
73,95019,0,95019,95019,0,0,1785319624669836028,0
74,910136,0,910136,910136,0,0,1785319624670847394,1
75,193133,0,193133,193133,0,0,1785319624671862435,0
76,257397,0,257397,257397,0,0,1785319624672875257,0
77,333191,0,333191,333191,0,0,1785319624673894152,0
78,209715,0,209715,209715,0,0,1785319624674918915,1
79,210177,0,210177,210177,0,0,1785319624675993499,0
80,422358,0,422358,422358,0,0,1785319624677014022,0
81,247176,0,247176,247176,0,0,1785319624678029565,0
82,408280,0,408280,408280,0,0,1785319624679040839,1
83,599690,0,599690,599690,0,0,1785319624680082330,0
84,824929,0,824929,824929,0,0,1785319624681101534,0
85,192776,0,192776,192776,0,0,1785319624682154614,0
86,774949,0,774949,774949,0,0,1785319624683188790,0
87,831430,0,831430,831430,0,0,1785319624684215377,1
88,797201,0,797201,797201,0,0,1785319624685225078,0
89,1755546,0,1755546,1755546,0,0,1785319624686234883,1
90,745816,0,745816,745816,0,0,1785319624687244657,1
91,334200,0,334200,334200,0,0,1785319624688251587,1
92,113884,0,113884,113884,0,0,1785319624689261798,1
93,578506,0,578506,578506,0,0,1785319624690273325,0
94,617777,0,617777,617777,0,0,1785319624691283742,0
95,1396549,0,1396549,1396549,0,0,1785319624692295140,1
96,386983,0,386983,386983,0,0,1785319624693304880,0
97,1236736,0,1236736,1236736,0,0,1785319624694311831,1
98,226482,0,226482,226482,0,0,1785319624695322115,1
99,739057,0,739057,739057,0,0,1785319624696329618,0
100,270280,0,270280,270280,0,0,1785319624697341601,0
101,1018027,0,1018027,1018027,0,0,1785319624698352066,1
102,144232,0,144232,144232,0,0,1785319624699363058,0
103,187183,0,187183,187183,0,0,1785319624700375683,0
104,556409,0,556409,556409,0,0,1785319624701388250,0
105,210988,0,210988,210988,0,0,1785319624702400955,0
106,173275,0,173275,173275,0,0,1785319624703427417,0
107,614341,0,614341,614341,0,0,1785319624704440016,0
108,851586,0,851586,851586,0,0,1785319624705452381,0
109,1256906,0,1256906,1256906,0,0,1785319624706470774,1
110,245406,0,245406,245406,0,0,1785319624707482379,1
111,305310,0,305310,305310,0,0,1785319624708491911,1
112,712392,0,712392,712392,0,0,1785319624709502046,1
113,240944,0,240944,240944,0,0,1785319624710515975,1
114,539421,0,539421,539421,0,0,1785319624711532762,1
115,1695680,0,1695680,1695680,0,0,1785319624712547100,1
116,682748,0,682748,682748,0,0,1785319624713560099,1
117,302896,0,302896,302896,0,0,1785319624714569905,0
118,1828654,0,1828654,1828654,0,0,1785319624715582765,0
119,815647,0,815647,815647,0,0,1785319624716595820,1
120,620296,0,620296,620296,0,0,1785319624717608857,0
121,2065171,0,2065171,2065171,0,0,1785319624718621639,0
122,1053206,0,1053206,1053206,0,0,1785319624719633685,1
123,202069,0,202069,202069,0,0,1785319624720647229,1
124,329678,0,329678,329678,0,0,1785319624721692263,0
125,295605,0,295605,295605,0,0,1785319624722834940,1
126,298297,0,298297,298297,0,0,1785319624723864157,0
127,427836,0,427836,427836,0,0,1785319624724897121,1
128,283288,0,283288,283288,0,0,1785319624725919663,1
129,265616,0,265616,265616,0,0,1785319624726949643,0
130,376857,0,376857,376857,0,0,1785319624727969528,1
131,276225,0,276225,276225,0,0,1785319624728984760,1
132,272538,0,272538,272538,0,0,1785319624730000131,1
133,618799,0,618799,618799,0,0,1785319624731030611,1
134,357142,0,357142,357142,0,0,1785319624732048001,0
135,1164745,0,1164745,1164745,0,0,1785319624733067006,0
136,143461,0,143461,143461,0,0,1785319624734088363,1
137,589337,0,589337,589337,0,0,1785319624735097679,0
138,504665,0,504665,504665,0,0,1785319624736106681,1
139,232682,0,232682,232682,0,0,1785319624737119811,1
140,188776,0,188776,188776,0,0,1785319624738143187,0
141,1275580,0,1275580,1275580,0,0,1785319624739153968,0
142,264220,0,264220,264220,0,0,1785319624740165392,0
143,310856,0,310856,310856,0,0,1785319624741173177,0
144,140317,0,140317,140317,0,0,1785319624742189900,0
145,527505,0,527505,527505,0,0,1785319624743216118,0
146,1249807,0,1249807,1249807,0,0,1785319624744227282,1
147,239802,0,239802,239802,0,0,1785319624745237355,1
148,2771077,0,2771077,2771077,0,0,1785319624746244599,1
149,1758280,0,1758280,1758280,0,0,1785319624747257447,1
150,750336,0,750336,750336,0,0,1785319624748265450,1
151,903505,0,903505,903505,0,0,1785319624749277744,1
152,166533,0,166533,166533,0,0,1785319624750294495,1
153,232616,0,232616,232616,0,0,1785319624751318449,1
154,266647,0,266647,266647,0,0,1785319624752343547,1
155,184580,0,184580,184580,0,0,1785319624753376028,0
156,160682,0,160682,160682,0,0,1785319624754389861,0
157,138169,0,138169,138169,0,0,1785319624755408918,1
158,467813,0,467813,467813,0,0,1785319624756429691,0
159,770816,0,770816,770816,0,0,1785319624757439697,0
160,2556702,0,2556702,2556702,0,0,1785319624758451677,0
161,1532971,0,1532971,1532971,0,0,1785319624759475486,0
162,526927,0,526927,526927,0,0,1785319624760481557,0
163,750283,0,750283,750283,0,0,1785319624761492513,1
164,300823,0,300823,300823,0,0,1785319624762512529,0
165,1604046,0,1604046,1604046,0,0,1785319624763538496,1
166,590394,0,590394,590394,0,0,1785319624764552349,1
167,753789,0,753789,753789,0,0,1785319624765564342,0
168,1432415,0,1432415,1432415,0,0,1785319624766581261,0
169,413929,0,413929,413929,0,0,1785319624767599983,1
170,1724328,0,1724328,1724328,0,0,1785319624768611599,0
171,707733,0,707733,707733,0,0,1785319624769628248,1
172,211584,0,211584,211584,0,0,1785319624770635396,1
173,314549,0,314549,314549,0,0,1785319624771650077,1
174,243625,0,243625,243625,0,0,1785319624772665014,0
175,162842,0,162842,162842,0,0,1785319624773696875,0
176,157140,0,157140,157140,0,0,1785319624774718941,1
177,2563951,0,2563951,2563951,0,0,1785319624775736829,1
178,1553156,0,1553156,1553156,0,0,1785319624776747679,0
179,547000,0,547000,547000,0,0,1785319624777753880,0
180,1016917,0,1016917,1016917,0,0,1785319624778763160,0
181,131086,0,131086,131086,0,0,1785319624779772618,1
182,606898,0,606898,606898,0,0,1785319624780779438,1
183,385284,0,385284,385284,0,0,1785319624781789006,0
184,318002,0,318002,318002,0,0,1785319624782797444,0
185,157980,0,157980,157980,0,0,1785319624783816147,1
186,1460284,0,1460284,1460284,0,0,1785319624784826830,0
187,449107,0,449107,449107,0,0,1785319624785838039,1
188,203144,0,203144,203144,0,0,1785319624786844241,1
189,125746,0,125746,125746,0,0,1785319624787855246,1
190,238008,0,238008,238008,0,0,1785319624788868611,0
191,314026,0,314026,314026,0,0,1785319624789878410,0
192,103385,0,103385,103385,0,0,1785319624790891482,0
193,253281,0,253281,253281,0,0,1785319624791920879,0
194,577691,0,577691,577691,0,0,1785319624792939797,1
195,408372,0,408372,408372,0,0,1785319624793954056,0
196,1423037,0,1423037,1423037,0,0,1785319624794967492,0
197,405539,0,405539,405539,0,0,1785319624795985028,0
198,1268418,0,1268418,1268418,0,0,1785319624796993023,0
199,261337,0,261337,261337,0,0,1785319624798000191,1
200,194861,0,194861,194861,0,0,1785319624799095186,0
201,1307819,0,1307819,1307819,0,0,1785319624800130257,0
202,292415,0,292415,292415,0,0,1785319624801145800,0
203,279759,0,279759,279759,0,0,1785319624802213082,1
204,340497,0,340497,340497,0,0,1785319624803243034,1
205,1616331,0,1616331,1616331,0,0,1785319624804262093,1
206,598899,0,598899,598899,0,0,1785319624805279609,0
207,2272731,0,2272731,2272731,0,0,1785319624806289705,0
208,1258723,0,1258723,1258723,0,0,1785319624807303903,0
209,252182,0,252182,252182,0,0,1785319624808310509,0
210,996957,0,996957,996957,0,0,1785319624809323142,0
211,97295,0,97295,97295,0,0,1785319624810340639,0
212,753515,0,753515,753515,0,0,1785319624811357750,1
213,1860455,0,1860455,1860455,0,0,1785319624812371514,1
214,843778,0,843778,843778,0,0,1785319624813388233,1
215,137822,0,137822,137822,0,0,1785319624814396078,0
216,335878,0,335878,335878,0,0,1785319624815424514,0
217,1444391,0,1444391,1444391,0,0,1785319624816437887,1
218,421488,0,421488,421488,0,0,1785319624817460848,0
219,2008200,0,2008200,2008200,0,0,1785319624818468888,1
220,998732,0,998732,998732,0,0,1785319624819478469,0
221,173241,0,173241,173241,0,0,1785319624820487040,0
222,503695,0,503695,503695,0,0,1785319624821500556,0
223,238660,0,238660,238660,0,0,1785319624822512382,0
224,1168374,0,1168374,1168374,0,0,1785319624823532370,0
225,157682,0,157682,157682,0,0,1785319624824543162,1
226,650495,0,650495,650495,0,0,1785319624825552784,0
227,1101221,0,1101221,1101221,0,0,1785319624826562677,1
228,284077,0,284077,284077,0,0,1785319624827591526,0
229,278249,0,278249,278249,0,0,1785319624828600712,1
230,792879,0,792879,792879,0,0,1785319624829613597,0
231,494429,0,494429,494429,0,0,1785319624830625067,0
232,253995,0,253995,253995,0,0,1785319624831832045,0
233,1207432,0,1207432,1207432,0,0,1785319624832847071,0
234,193298,0,193298,193298,0,0,1785319624833861292,0
235,388022,0,388022,388022,0,0,1785319624834872130,0
236,225792,0,225792,225792,0,0,1785319624835887350,1
237,1334881,0,1334881,1334881,0,0,1785319624836903389,0
238,322831,0,322831,322831,0,0,1785319624837915489,1
239,213351,0,213351,213351,0,0,1785319624838925905,0
240,206108,0,206108,206108,0,0,1785319624839943601,0
241,153075,0,153075,153075,0,0,1785319624840962773,0
242,142174,0,142174,142174,0,0,1785319624841976964,0
243,2640559,0,2640559,2640559,0,0,1785319624843007533,0
244,1626603,0,1626603,1626603,0,0,1785319624844021671,1
245,617857,0,617857,617857,0,0,1785319624845030481,0
246,770315,0,770315,770315,0,0,1785319624846040764,0
247,1045560,0,1045560,1045560,0,0,1785319624847067681,1
248,228319,0,228319,228319,0,0,1785319624848080979,1
249,662474,0,662474,662474,0,0,1785319624849102854,0
250,1187696,0,1187696,1187696,0,0,1785319624850116275,1
251,172961,0,172961,172961,0,0,1785319624851131079,0
252,280178,0,280178,280178,0,0,1785319624852158212,0
253,197813,0,197813,197813,0,0,1785319624853172814,0
254,208482,0,208482,208482,0,0,1785319624854189098,1
255,797717,0,797717,797717,0,0,1785319624855215891,0
256,425139,0,425139,425139,0,0,1785319624856234580,1
257,796984,0,796984,796984,0,0,1785319624857248412,1
258,792170,0,792170,792170,0,0,1785319624858262082,1
259,265784,0,265784,265784,0,0,1785319624859275411,0
260,1258809,0,1258809,1258809,0,0,1785319624860287791,0
261,247207,0,247207,247207,0,0,1785319624861299472,0
262,304354,0,304354,304354,0,0,1785319624862333638,0
263,1412399,0,1412399,1412399,0,0,1785319624863359251,1
264,393585,0,393585,393585,0,0,1785319624864378231,0
265,958753,0,958753,958753,0,0,1785319624865386853,0
266,119732,0,119732,119732,0,0,1785319624866403384,1
267,1921222,0,1921222,1921222,0,0,1785319624867419478,0
268,909860,0,909860,909860,0,0,1785319624868430990,1
269,148293,0,148293,148293,0,0,1785319624869437725,0
270,439249,0,439249,439249,0,0,1785319624870449600,1
271,694675,0,694675,694675,0,0,1785319624871458433,1
272,439706,0,439706,439706,0,0,1785319624872470689,0
273,302804,0,302804,302804,0,0,1785319624873484186,0
274,89757,0,89757,89757,0,0,1785319624874502811,0
275,149249,0,149249,149249,0,0,1785319624875536901,1
276,537874,0,537874,537874,0,0,1785319624876560450,0
277,343826,0,343826,343826,0,0,1785319624877577523,0
278,1162720,0,1162720,1162720,0,0,1785319624878617276,0
279,149424,0,149424,149424,0,0,1785319624879630618,0
280,225625,0,225625,225625,0,0,1785319624880639577,0
281,313606,0,313606,313606,0,0,1785319624881646858,0
282,183021,0,183021,183021,0,0,1785319624882658933,0
283,1186894,0,1186894,1186894,0,0,1785319624883685237,0
284,173539,0,173539,173539,0,0,1785319624884698638,0
285,595506,0,595506,595506,0,0,1785319624885707956,1
286,904799,0,904799,904799,0,0,1785319624886718784,1
287,252437,0,252437,252437,0,0,1785319624887735845,1
288,1356663,0,1356663,1356663,0,0,1785319624888843395,0
289,342602,0,342602,342602,0,0,1785319624889857525,0
290,438767,0,438767,438767,0,0,1785319624890869770,0
291,191107,0,191107,191107,0,0,1785319624891908411,0
292,270925,0,270925,270925,0,0,1785319624892940676,1
293,322795,0,322795,322795,0,0,1785319624893981348,0
294,2177584,0,2177584,2177584,0,0,1785319624894989902,1
295,1166866,0,1166866,1166866,0,0,1785319624896000724,0
296,157341,0,157341,157341,0,0,1785319624897010295,1
297,220494,0,220494,220494,0,0,1785319624898019683,1
298,2458100,0,2458100,2458100,0,0,1785319624899028130,1
299,1443030,0,1443030,1443030,0,0,1785319624900043240,1
300,435332,0,435332,435332,0,0,1785319624901050989,0
301,240664,0,240664,240664,0,0,1785319624902061288,0
302,162677,0,162677,162677,0,0,1785319624903113703,1
303,245393,0,245393,245393,0,0,1785319624904130204,1
304,135980,0,135980,135980,0,0,1785319624905139130,0
305,204185,0,204185,204185,0,0,1785319624906149135,1
306,1324280,0,1324280,1324280,0,0,1785319624907161603,1
307,308121,0,308121,308121,0,0,1785319624908177842,0
308,1197027,0,1197027,1197027,0,0,1785319624909186379,0
309,180981,0,180981,180981,0,0,1785319624910202477,0
310,600728,0,600728,600728,0,0,1785319624911210031,1
311,301458,0,301458,301458,0,0,1785319624912220134,1
312,825877,0,825877,825877,0,0,1785319624913228387,1
313,2425938,0,2425938,2425938,0,0,1785319624914245370,0
314,1414896,0,1414896,1414896,0,0,1785319624915256458,1
315,406416,0,406416,406416,0,0,1785319624916264991,1
316,1285536,0,1285536,1285536,0,0,1785319624917271812,0
317,275426,0,275426,275426,0,0,1785319624918282029,1
318,2144733,0,2144733,2144733,0,0,1785319624919290248,0
319,1134200,0,1134200,1134200,0,0,1785319624920300866,0
320,125519,0,125519,125519,0,0,1785319624921309576,1
321,364709,0,364709,364709,0,0,1785319624922333003,0
322,215472,0,215472,215472,0,0,1785319624923375819,1
323,611822,0,611822,611822,0,0,1785319624924395292,0
324,448181,0,448181,448181,0,0,1785319624925421087,1
325,487139,0,487139,487139,0,0,1785319624926501020,1
326,327398,0,327398,327398,0,0,1785319624927532135,1
327,410692,0,410692,410692,0,0,1785319624928559850,1
328,263089,0,263089,263089,0,0,1785319624929586593,1
329,398443,0,398443,398443,0,0,1785319624930656262,1
330,363321,0,363321,363321,0,0,1785319624931692819,1
331,290736,0,290736,290736,0,0,1785319624932716536,0
332,560762,0,560762,560762,0,0,1785319624933742586,0
333,1761928,0,1761928,1761928,0,0,1785319624934753212,1
334,752987,0,752987,752987,0,0,1785319624935762289,0
335,1541790,0,1541790,1541790,0,0,1785319624936768929,1
336,532761,0,532761,532761,0,0,1785319624937778066,1
337,651305,0,651305,651305,0,0,1785319624938785097,1
338,620823,0,620823,620823,0,0,1785319624939795148,0
339,263111,0,263111,263111,0,0,1785319624940806192,1
340,571676,0,571676,571676,0,0,1785319624941817441,1
341,220216,0,220216,220216,0,0,1785319624942829022,1
342,279768,0,279768,279768,0,0,1785319624943849106,0
343,1315874,0,1315874,1315874,0,0,1785319624944860641,0
344,306807,0,306807,306807,0,0,1785319624945869796,0
345,2902847,0,2902847,2902847,0,0,1785319624946877963,0
346,1874895,0,1874895,1874895,0,0,1785319624947905943,0
347,867850,0,867850,867850,0,0,1785319624948913025,1
348,364469,0,364469,364469,0,0,1785319624949923381,0
349,295781,0,295781,295781,0,0,1785319624950938424,1
350,465306,0,465306,465306,0,0,1785319624951952332,1
351,222638,0,222638,222638,0,0,1785319624952978191,0
352,156593,0,156593,156593,0,0,1785319624953992950,1
353,1903359,0,1903359,1903359,0,0,1785319624955004643,1
354,890906,0,890906,890906,0,0,1785319624956017185,1
355,118856,0,118856,118856,0,0,1785319624957030799,0
356,357022,0,357022,357022,0,0,1785319624958046897,0
357,1030807,0,1030807,1030807,0,0,1785319624959054731,1
358,208554,0,208554,208554,0,0,1785319624960064707,1
359,634428,0,634428,634428,0,0,1785319624961072358,0
360,220883,0,220883,220883,0,0,1785319624962087942,0
361,1021170,0,1021170,1021170,0,0,1785319624963097033,0
362,140862,0,140862,140862,0,0,1785319624964110743,1
363,151380,0,151380,151380,0,0,1785319624965127322,1
364,378120,0,378120,378120,0,0,1785319624966357242,0
365,367146,0,367146,367146,0,0,1785319624967389520,0
366,148801,0,148801,148801,0,0,1785319624968422183,0
367,232943,0,232943,232943,0,0,1785319624969450752,1
368,187242,0,187242,187242,0,0,1785319624970482970,1
369,357350,0,357350,357350,0,0,1785319624971515571,0
370,380936,0,380936,380936,0,0,1785319624972546148,1
371,336506,0,336506,336506,0,0,1785319624973577217,0
372,404809,0,404809,404809,0,0,1785319624974594204,0
373,309966,0,309966,309966,0,0,1785319624975627955,1
374,348535,0,348535,348535,0,0,1785319624976660164,1
375,466381,0,466381,466381,0,0,1785319624977690727,1
376,496285,0,496285,496285,0,0,1785319624978722923,0
377,290271,0,290271,290271,0,0,1785319624979754609,1
378,383912,0,383912,383912,0,0,1785319624980782735,1
379,192455,0,192455,192455,0,0,1785319624981806351,1
380,161631,0,161631,161631,0,0,1785319624982835979,0
381,422163,0,422163,422163,0,0,1785319624983868454,0
382,171767,0,171767,171767,0,0,1785319624984894679,1
383,324430,0,324430,324430,0,0,1785319624985959622,1
384,484988,0,484988,484988,0,0,1785319624987067341,0
385,706643,0,706643,706643,0,0,1785319624988105054,1
386,904572,0,904572,904572,0,0,1785319624989131665,1
387,147358,0,147358,147358,0,0,1785319624990149289,0
388,314973,0,314973,314973,0,0,1785319624991172888,1
389,176837,0,176837,176837,0,0,1785319624992185311,1
390,288315,0,288315,288315,0,0,1785319624993208392,1
391,1105541,0,1105541,1105541,0,0,1785319624994228553,0
392,118456,0,118456,118456,0,0,1785319624995248514,0
393,1197508,0,1197508,1197508,0,0,1785319624996258904,1
394,185505,0,185505,185505,0,0,1785319624997271009,0
395,115277,0,115277,115277,0,0,1785319624998282561,0
396,225803,0,225803,225803,0,0,1785319624999297140,0
397,695788,0,695788,695788,0,0,1785319625000306458,0
398,141700,0,141700,141700,0,0,1785319625001320266,1
399,358815,0,358815,358815,0,0,1785319625002350764,0
400,125235,0,125235,125235,0,0,1785319625003481112,1
401,140187,0,140187,140187,0,0,1785319625004514144,0
402,678773,0,678773,678773,0,0,1785319625005543572,1
403,1410023,0,1410023,1410023,0,0,1785319625006566829,1
404,383471,0,383471,383471,0,0,1785319625007593436,1
405,294738,0,294738,294738,0,0,1785319625008602714,1
406,891310,0,891310,891310,0,0,1785319625009613764,1
407,1016896,0,1016896,1016896,0,0,1785319625010652848,0
408,121767,0,121767,121767,0,0,1785319625011671115,1
409,368844,0,368844,368844,0,0,1785319625012693444,1
410,458863,0,458863,458863,0,0,1785319625013743395,1
411,281783,0,281783,281783,0,0,1785319625014759866,0
412,1115923,0,1115923,1115923,0,0,1785319625015778287,0
413,103303,0,103303,103303,0,0,1785319625016790995,1
414,607118,0,607118,607118,0,0,1785319625017802910,0
415,727744,0,727744,727744,0,0,1785319625018811927,0
416,611160,0,611160,611160,0,0,1785319625019824684,1
417,215637,0,215637,215637,0,0,1785319625020841149,1
418,225019,0,225019,225019,0,0,1785319625021872000,0
419,300070,0,300070,300070,0,0,1785319625023062885,0
420,156413,0,156413,156413,0,0,1785319625024132118,0
421,310332,0,310332,310332,0,0,1785319625025160785,1
422,175442,0,175442,175442,0,0,1785319625026205572,0
423,201000,0,201000,201000,0,0,1785319625027227541,1
424,269342,0,269342,269342,0,0,1785319625028254637,0
425,180078,0,180078,180078,0,0,1785319625029277706,1
426,157946,0,157946,157946,0,0,1785319625030292831,1
427,228291,0,228291,228291,0,0,1785319625031324019,0
428,421471,0,421471,421471,0,0,1785319625032360631,0
429,854282,0,854282,854282,0,0,1785319625033382264,0
430,1229581,0,1229581,1229581,0,0,1785319625034396329,1
431,215129,0,215129,215129,0,0,1785319625035410886,0
432,991720,0,991720,991720,0,0,1785319625036421713,1
433,96632,0,96632,96632,0,0,1785319625037437892,0
434,467718,0,467718,467718,0,0,1785319625038449126,0
435,603791,0,603791,603791,0,0,1785319625039463854,1
436,1288957,0,1288957,1288957,0,0,1785319625040475992,0
437,267207,0,267207,267207,0,0,1785319625041497850,0
438,480212,0,480212,480212,0,0,1785319625042522336,1
439,841004,0,841004,841004,0,0,1785319625043547792,1
440,228587,0,228587,228587,0,0,1785319625044580192,0
441,409213,0,409213,409213,0,0,1785319625045608401,0
442,136320,0,136320,136320,0,0,1785319625046629087,1
443,465279,0,465279,465279,0,0,1785319625047653966,0
444,949024,0,949024,949024,0,0,1785319625048674795,1
445,119471,0,119471,119471,0,0,1785319625049688186,0
446,338337,0,338337,338337,0,0,1785319625050709679,0
447,272240,0,272240,272240,0,0,1785319625051741358,1
448,214976,0,214976,214976,0,0,1785319625052767931,0
449,160869,0,160869,160869,0,0,1785319625053784047,1
450,164534,0,164534,164534,0,0,1785319625054810690,1
451,252365,0,252365,252365,0,0,1785319625055839146,0
452,150881,0,150881,150881,0,0,1785319625056871293,1
453,148910,0,148910,148910,0,0,1785319625057892467,0
454,115232,0,115232,115232,0,0,1785319625058911977,1
455,226259,0,226259,226259,0,0,1785319625059933386,0
456,258814,0,258814,258814,0,0,1785319625060949489,0
457,201368,0,201368,201368,0,0,1785319625061959308,1
458,211326,0,211326,211326,0,0,1785319625062973986,0
459,170287,0,170287,170287,0,0,1785319625064016110,1
460,248629,0,248629,248629,0,0,1785319625065029440,1
461,150412,0,150412,150412,0,0,1785319625066036597,1
462,112923,0,112923,112923,0,0,1785319625067048064,0
463,139348,0,139348,139348,0,0,1785319625068065869,1
464,239213,0,239213,239213,0,0,1785319625069076339,1
465,163317,0,163317,163317,0,0,1785319625070106360,0
466,139604,0,139604,139604,0,0,1785319625071118720,1
467,359398,0,359398,359398,0,0,1785319625072133880,1
468,349370,0,349370,349370,0,0,1785319625073158231,1
469,272720,0,272720,272720,0,0,1785319625074177830,1
470,209651,0,209651,209651,0,0,1785319625075203438,1
471,228281,0,228281,228281,0,0,1785319625076227339,0
472,232383,0,232383,232383,0,0,1785319625077253100,1
473,187134,0,187134,187134,0,0,1785319625078270128,1
474,127159,0,127159,127159,0,0,1785319625079288509,0
475,267767,0,267767,267767,0,0,1785319625080305023,1
476,217524,0,217524,217524,0,0,1785319625081316681,1
477,207545,0,207545,207545,0,0,1785319625082329558,1
478,238979,0,238979,238979,0,0,1785319625083360572,0
479,243935,0,243935,243935,0,0,1785319625084382045,1
480,179933,0,179933,179933,0,0,1785319625085421874,0
481,236740,0,236740,236740,0,0,1785319625086454747,0
482,118415,0,118415,118415,0,0,1785319625087478332,0
483,224513,0,224513,224513,0,0,1785319625088486933,1
484,171540,0,171540,171540,0,0,1785319625090114065,0
485,206807,0,206807,206807,0,0,1785319625091132883,0
486,285822,0,285822,285822,0,0,1785319625092148042,1
487,138924,0,138924,138924,0,0,1785319625093171233,0
488,141629,0,141629,141629,0,0,1785319625094188575,0
489,1427468,0,1427468,1427468,0,0,1785319625095204431,0
490,416798,0,416798,416798,0,0,1785319625096215144,1
491,448829,0,448829,448829,0,0,1785319625097225634,0
492,837254,0,837254,837254,0,0,1785319625098244008,1
493,819484,0,819484,819484,0,0,1785319625099273555,0
494,1022405,0,1022405,1022405,0,0,1785319625100291381,0
495,328807,0,328807,328807,0,0,1785319625101313846,1
496,297577,0,297577,297577,0,0,1785319625102336055,0
497,151723,0,151723,151723,0,0,1785319625103359970,1
498,452368,0,452368,452368,0,0,1785319625104389424,0
499,489839,0,489839,489839,0,0,1785319625105415280,0
500,437617,0,437617,437617,0,0,1785319625106445909,0
501,525489,0,525489,525489,0,0,1785319625107477665,0
502,230112,0,230112,230112,0,0,1785319625108499825,0
503,194324,0,194324,194324,0,0,1785319625109521092,0
504,252874,0,252874,252874,0,0,1785319625110544688,1
505,177128,0,177128,177128,0,0,1785319625111568054,0
506,478128,0,478128,478128,0,0,1785319625112596602,1
507,171386,0,171386,171386,0,0,1785319625113625137,0
508,187410,0,187410,187410,0,0,1785319625114656157,0
509,246746,0,246746,246746,0,0,1785319625115683377,1
510,1579131,0,1579131,1579131,0,0,1785319625116714647,0
511,556577,0,556577,556577,0,0,1785319625117737327,1
512,576757,0,576757,576757,0,0,1785319625118744919,0
513,221195,0,221195,221195,0,0,1785319625119762921,1
514,770083,0,770083,770083,0,0,1785319625120796021,1
515,375067,0,375067,375067,0,0,1785319625121816498,1
516,317919,0,317919,317919,0,0,1785319625122837470,1
517,536776,0,536776,536776,0,0,1785319625123864039,0
518,1025377,0,1025377,1025377,0,0,1785319625124871030,1
519,186074,0,186074,186074,0,0,1785319625125879746,0
520,130391,0,130391,130391,0,0,1785319625126888326,0
521,145909,0,145909,145909,0,0,1785319625127899737,0
522,157282,0,157282,157282,0,0,1785319625128907204,0
523,174254,0,174254,174254,0,0,1785319625129917080,1
524,168275,0,168275,168275,0,0,1785319625130926809,0
525,202157,0,202157,202157,0,0,1785319625131936635,0
526,162041,0,162041,162041,0,0,1785319625132948841,1
527,259212,0,259212,259212,0,0,1785319625133974787,1
528,1099799,0,1099799,1099799,0,0,1785319625134985190,1
529,88330,0,88330,88330,0,0,1785319625135996756,1
530,552506,0,552506,552506,0,0,1785319625137010591,0
531,262726,0,262726,262726,0,0,1785319625138033492,0
532,162079,0,162079,162079,0,0,1785319625139045720,0
533,1975728,0,1975728,1975728,0,0,1785319625140073390,1
534,965143,0,965143,965143,0,0,1785319625141084190,1
535,173731,0,173731,173731,0,0,1785319625142185437,1
536,461429,0,461429,461429,0,0,1785319625143222205,0
537,1392880,0,1392880,1392880,0,0,1785319625144240892,1
538,379330,0,379330,379330,0,0,1785319625145254482,0
539,127966,0,127966,127966,0,0,1785319625146263010,1
540,289929,0,289929,289929,0,0,1785319625147284699,1
541,223337,0,223337,223337,0,0,1785319625148307449,1
542,158416,0,158416,158416,0,0,1785319625149322898,0
543,225577,0,225577,225577,0,0,1785319625150337336,1
544,193943,0,193943,193943,0,0,1785319625151366123,0
545,392030,0,392030,392030,0,0,1785319625152388964,0
546,186263,0,186263,186263,0,0,1785319625153417440,0
547,1478416,0,1478416,1478416,0,0,1785319625154441198,1
548,466149,0,466149,466149,0,0,1785319625155453550,1
549,520096,0,520096,520096,0,0,1785319625156463595,0
550,676147,0,676147,676147,0,0,1785319625157481990,0
551,354319,0,354319,354319,0,0,1785319625158502272,1
552,2309731,0,2309731,2309731,0,0,1785319625159526333,0
553,1302030,0,1302030,1302030,0,0,1785319625160534074,0
554,293748,0,293748,293748,0,0,1785319625161542400,0
555,209100,0,209100,209100,0,0,1785319625162549489,0
556,2394170,0,2394170,2394170,0,0,1785319625163563273,1
557,1385547,0,1385547,1385547,0,0,1785319625164572181,0
558,377222,0,377222,377222,0,0,1785319625165580596,0
559,802199,0,802199,802199,0,0,1785319625166588077,0
560,2443009,0,2443009,2443009,0,0,1785319625167599424,1
561,1431558,0,1431558,1431558,0,0,1785319625168610951,0
562,423199,0,423199,423199,0,0,1785319625169619338,0
563,1004366,0,1004366,1004366,0,0,1785319625170625551,0
564,117221,0,117221,117221,0,0,1785319625171773290,1
565,225211,0,225211,225211,0,0,1785319625172806633,1
566,360342,0,360342,360342,0,0,1785319625173836121,0
567,159724,0,159724,159724,0,0,1785319625174860407,1
568,358124,0,358124,358124,0,0,1785319625175887887,1
569,1173004,0,1173004,1173004,0,0,1785319625176908960,1
570,152691,0,152691,152691,0,0,1785319625177929460,1
571,1052018,0,1052018,1052018,0,0,1785319625178997297,1
572,120525,0,120525,120525,0,0,1785319625180023132,1
573,344568,0,344568,344568,0,0,1785319625181042917,1
574,237631,0,237631,237631,0,0,1785319625182055296,0
575,159709,0,159709,159709,0,0,1785319625183069442,0
576,1901919,0,1901919,1901919,0,0,1785319625184089702,0
577,892410,0,892410,892410,0,0,1785319625185099256,1
578,152759,0,152759,152759,0,0,1785319625186106194,0
579,187101,0,187101,187101,0,0,1785319625187122878,1
580,179651,0,179651,179651,0,0,1785319625188150033,0
581,493452,0,493452,493452,0,0,1785319625189176435,1
582,176377,0,176377,176377,0,0,1785319625190196157,1
583,591344,0,591344,591344,0,0,1785319625191230496,1
584,154305,0,154305,154305,0,0,1785319625192239842,1
585,1087426,0,1087426,1087426,0,0,1785319625193248945,1
586,79761,0,79761,79761,0,0,1785319625194256695,1
587,410741,0,410741,410741,0,0,1785319625195268098,0
588,105324,0,105324,105324,0,0,1785319625196283840,0
589,320568,0,320568,320568,0,0,1785319625197313544,0
590,346164,0,346164,346164,0,0,1785319625198338953,1
591,201285,0,201285,201285,0,0,1785319625199365494,0
592,752801,0,752801,752801,0,0,1785319625200384342,0
593,396904,0,396904,396904,0,0,1785319625201406561,1
594,724118,0,724118,724118,0,0,1785319625202420337,1
595,141266,0,141266,141266,0,0,1785319625203432462,1
596,188881,0,188881,188881,0,0,1785319625204453733,1
597,744081,0,744081,744081,0,0,1785319625205468591,0
598,135590,0,135590,135590,0,0,1785319625206496744,0
599,147016,0,147016,147016,0,0,1785319625207527947,1
600,382590,0,382590,382590,0,0,1785319625208551464,0
601,738573,0,738573,738573,0,0,1785319625209565470,1
602,1586272,0,1586272,1586272,0,0,1785319625210585457,1
603,573683,0,573683,573683,0,0,1785319625211598107,1
604,147054,0,147054,147054,0,0,1785319625212608269,1
605,686713,0,686713,686713,0,0,1785319625213622663,0
606,2315167,0,2315167,2315167,0,0,1785319625214634466,1
607,1296516,0,1296516,1296516,0,0,1785319625215653229,0
608,287751,0,287751,287751,0,0,1785319625216662044,1
609,483488,0,483488,483488,0,0,1785319625217668981,0
610,686997,0,686997,686997,0,0,1785319625218681874,0
611,211548,0,211548,211548,0,0,1785319625219730771,0
612,1388547,0,1388547,1388547,0,0,1785319625220829822,1
613,378249,0,378249,378249,0,0,1785319625221840211,1
614,276159,0,276159,276159,0,0,1785319625222848249,0
615,1942179,0,1942179,1942179,0,0,1785319625223860119,1
616,933104,0,933104,933104,0,0,1785319625224869276,0
617,112241,0,112241,112241,0,0,1785319625225880280,0
618,3054648,0,3054648,3054648,0,0,1785319625226899259,1
619,2041932,0,2041932,2041932,0,0,1785319625227912176,1
620,1035952,0,1035952,1035952,0,0,1785319625228918228,0
621,229614,0,229614,229614,0,0,1785319625229926834,0
622,466236,0,466236,466236,0,0,1785319625230941305,0
623,888028,0,888028,888028,0,0,1785319625231954029,0
624,176360,0,176360,176360,0,0,1785319625232979613,0
625,236356,0,236356,236356,0,0,1785319625233995405,0
626,203989,0,203989,203989,0,0,1785319625235014175,0
627,2191043,0,2191043,2191043,0,0,1785319625236037490,1
628,1176047,0,1176047,1176047,0,0,1785319625237052571,1
629,169329,0,169329,169329,0,0,1785319625238059330,0
630,330674,0,330674,330674,0,0,1785319625239070879,0
631,1895497,0,1895497,1895497,0,0,1785319625240085975,0
632,882255,0,882255,882255,0,0,1785319625241099275,1
633,186037,0,186037,186037,0,0,1785319625242106552,0
634,168911,0,168911,168911,0,0,1785319625243123004,1
635,292163,0,292163,292163,0,0,1785319625244146976,0
636,1024134,0,1024134,1024134,0,0,1785319625245162204,0
637,188842,0,188842,188842,0,0,1785319625246177215,0
638,3187455,0,3187455,3187455,0,0,1785319625247200118,0
639,2174588,0,2174588,2174588,0,0,1785319625248213034,1
640,1168179,0,1168179,1168179,0,0,1785319625249219487,0
641,158336,0,158336,158336,0,0,1785319625250229363,1
642,483990,0,483990,483990,0,0,1785319625251243815,1
643,654078,0,654078,654078,0,0,1785319625252267386,0
644,405486,0,405486,405486,0,0,1785319625253283199,1
645,413926,0,413926,413926,0,0,1785319625254294097,0
646,908577,0,908577,908577,0,0,1785319625255309100,1
647,1948204,0,1948204,1948204,0,0,1785319625256324497,0
648,935157,0,935157,935157,0,0,1785319625257337625,0
649,91555,0,91555,91555,0,0,1785319625258344784,0
650,251067,0,251067,251067,0,0,1785319625259359096,0
651,1666066,0,1666066,1666066,0,0,1785319625260371264,0
652,656470,0,656470,656470,0,0,1785319625261380895,1
653,676504,0,676504,676504,0,0,1785319625262390831,0
654,1142773,0,1142773,1142773,0,0,1785319625263406923,0
655,131220,0,131220,131220,0,0,1785319625264418529,1
656,683485,0,683485,683485,0,0,1785319625265428615,1
657,715011,0,715011,715011,0,0,1785319625266442170,1
658,168000,0,168000,168000,0,0,1785319625267458432,1
659,1811292,0,1811292,1811292,0,0,1785319625268484309,0
660,801051,0,801051,801051,0,0,1785319625269494628,0
661,195096,0,195096,195096,0,0,1785319625270504360,0
662,401348,0,401348,401348,0,0,1785319625271520438,0
663,318368,0,318368,318368,0,0,1785319625272684081,0
664,639245,0,639245,639245,0,0,1785319625273719777,1
665,144585,0,144585,144585,0,0,1785319625274757970,0
666,280262,0,280262,280262,0,0,1785319625275790044,0
667,1473784,0,1473784,1473784,0,0,1785319625276821995,1
668,456620,0,456620,456620,0,0,1785319625277839274,0
669,1735644,0,1735644,1735644,0,0,1785319625278847845,1
670,719290,0,719290,719290,0,0,1785319625279864245,1
671,610439,0,610439,610439,0,0,1785319625280874803,0
672,217185,0,217185,217185,0,0,1785319625281891162,0
673,375339,0,375339,375339,0,0,1785319625282907185,1
674,1982089,0,1982089,1982089,0,0,1785319625283928304,0
675,958441,0,958441,958441,0,0,1785319625284952180,1
676,351019,0,351019,351019,0,0,1785319625285962844,1
677,305752,0,305752,305752,0,0,1785319625286982774,1
678,1870144,0,1870144,1870144,0,0,1785319625288005518,1
679,855387,0,855387,855387,0,0,1785319625289020363,0
680,140093,0,140093,140093,0,0,1785319625290027775,0
681,1018613,0,1018613,1018613,0,0,1785319625291043392,0
682,121863,0,121863,121863,0,0,1785319625292057595,0
683,1152154,0,1152154,1152154,0,0,1785319625293074278,1
684,127253,0,127253,127253,0,0,1785319625294099228,0
685,494623,0,494623,494623,0,0,1785319625295124815,0
686,995121,0,995121,995121,0,0,1785319625296148201,1
687,116493,0,116493,116493,0,0,1785319625297175240,0
688,146905,0,146905,146905,0,0,1785319625298189326,0
689,579120,0,579120,579120,0,0,1785319625299202948,1
690,356955,0,356955,356955,0,0,1785319625300217795,1
691,963106,0,963106,963106,0,0,1785319625301232174,0
692,161428,0,161428,161428,0,0,1785319625302240325,0
693,140194,0,140194,140194,0,0,1785319625303251790,1
694,139047,0,139047,139047,0,0,1785319625304270591,1
695,927748,0,927748,927748,0,0,1785319625305283707,0
696,122364,0,122364,122364,0,0,1785319625306300347,0
697,1868415,0,1868415,1868415,0,0,1785319625307311346,1
698,861556,0,861556,861556,0,0,1785319625308318299,1
699,839462,0,839462,839462,0,0,1785319625309357415,1
700,119315,0,119315,119315,0,0,1785319625310394151,0
701,246696,0,246696,246696,0,0,1785319625311412255,1
702,203126,0,203126,203126,0,0,1785319625312443893,1
703,843022,0,843022,843022,0,0,1785319625313471409,1
704,330134,0,330134,330134,0,0,1785319625314492739,1
705,1387416,0,1387416,1387416,0,0,1785319625315514200,1
706,376852,0,376852,376852,0,0,1785319625316524805,0
707,753402,0,753402,753402,0,0,1785319625317534604,1
708,3469421,0,3469421,3469421,0,0,1785319625318547391,1
709,2455984,0,2455984,2455984,0,0,1785319625319560878,1
710,1449099,0,1449099,1449099,0,0,1785319625320567803,1
711,440175,0,440175,440175,0,0,1785319625321576772,1
712,432779,0,432779,432779,0,0,1785319625322585340,1
713,929453,0,929453,929453,0,0,1785319625323602884,1
714,175950,0,175950,175950,0,0,1785319625324621890,0
715,226275,0,226275,226275,0,0,1785319625325641886,1
716,300608,0,300608,300608,0,0,1785319625326671944,0
717,142766,0,142766,142766,0,0,1785319625327698886,1
718,206284,0,206284,206284,0,0,1785319625328737938,1
719,285677,0,285677,285677,0,0,1785319625330025450,0
720,148034,0,148034,148034,0,0,1785319625331167500,0
721,985830,0,985830,985830,0,0,1785319625332190747,0
722,134016,0,134016,134016,0,0,1785319625333201044,0
723,170749,0,170749,170749,0,0,1785319625334214813,0
724,179838,0,179838,179838,0,0,1785319625335245059,1
725,242275,0,242275,242275,0,0,1785319625336274223,0
726,187675,0,187675,187675,0,0,1785319625337294646,0
727,2952227,0,2952227,2952227,0,0,1785319625338308005,0
728,1940764,0,1940764,1940764,0,0,1785319625339319522,0
729,931420,0,931420,931420,0,0,1785319625340328908,1
730,303791,0,303791,303791,0,0,1785319625341336140,0
731,706096,0,706096,706096,0,0,1785319625342351139,1
732,351990,0,351990,351990,0,0,1785319625343364928,1
733,865486,0,865486,865486,0,0,1785319625344377408,0
734,188909,0,188909,188909,0,0,1785319625345613935,0
735,1504430,0,1504430,1504430,0,0,1785319625346692809,1
736,488754,0,488754,488754,0,0,1785319625347708574,0
737,1606012,0,1606012,1606012,0,0,1785319625348718556,1
738,595294,0,595294,595294,0,0,1785319625349729403,0
739,1305234,0,1305234,1305234,0,0,1785319625350739722,1
740,294114,0,294114,294114,0,0,1785319625351750943,0
741,167929,0,167929,167929,0,0,1785319625352760913,1
742,204694,0,204694,204694,0,0,1785319625353786022,1
743,610140,0,610140,610140,0,0,1785319625354805354,0
744,525942,0,525942,525942,0,0,1785319625355822864,1
745,307336,0,307336,307336,0,0,1785319625356836614,1
746,395673,0,395673,395673,0,0,1785319625357851714,0
747,616016,0,616016,616016,0,0,1785319625358870662,0
748,143028,0,143028,143028,0,0,1785319625359884083,0
749,261003,0,261003,261003,0,0,1785319625360907548,0
750,264178,0,264178,264178,0,0,1785319625361933453,0
751,163713,0,163713,163713,0,0,1785319625362964305,1
752,1151869,0,1151869,1151869,0,0,1785319625363981071,1
753,137514,0,137514,137514,0,0,1785319625364995616,0
754,239902,0,239902,239902,0,0,1785319625366009182,1
755,303199,0,303199,303199,0,0,1785319625367023664,1
756,881375,0,881375,881375,0,0,1785319625368043476,1
757,133666,0,133666,133666,0,0,1785319625369056568,1
758,217474,0,217474,217474,0,0,1785319625370109660,1
759,253126,0,253126,253126,0,0,1785319625371141071,1
760,159470,0,159470,159470,0,0,1785319625372161415,0
761,296567,0,296567,296567,0,0,1785319625373183068,0
762,313522,0,313522,313522,0,0,1785319625374209906,0
763,172651,0,172651,172651,0,0,1785319625375231399,0
764,947907,0,947907,947907,0,0,1785319625376257418,0
765,171392,0,171392,171392,0,0,1785319625377280176,1
766,357364,0,357364,357364,0,0,1785319625378303213,1
767,646053,0,646053,646053,0,0,1785319625379333343,1
768,187910,0,187910,187910,0,0,1785319625380346052,1
769,181650,0,181650,181650,0,0,1785319625381363708,1
770,718707,0,718707,718707,0,0,1785319625382389608,0
771,334359,0,334359,334359,0,0,1785319625383408331,0
772,1520741,0,1520741,1520741,0,0,1785319625384448848,0
773,505446,0,505446,505446,0,0,1785319625385464210,0
774,199673,0,199673,199673,0,0,1785319625386472791,0
775,568616,0,568616,568616,0,0,1785319625387495553,0
776,970926,0,970926,970926,0,0,1785319625388503175,1
777,108673,0,108673,108673,0,0,1785319625389520246,0
778,1669917,0,1669917,1669917,0,0,1785319625390539379,1
779,644563,0,644563,644563,0,0,1785319625391564827,0
780,296842,0,296842,296842,0,0,1785319625392575704,0
781,789449,0,789449,789449,0,0,1785319625393602390,0
782,2665370,0,2665370,2665370,0,0,1785319625394609289,1
783,1656453,0,1656453,1656453,0,0,1785319625395618305,0
784,648526,0,648526,648526,0,0,1785319625396626264,1
785,636592,0,636592,636592,0,0,1785319625397635570,0
786,1332350,0,1332350,1332350,0,0,1785319625398645103,0
787,323621,0,323621,323621,0,0,1785319625399653936,0
788,1539235,0,1539235,1539235,0,0,1785319625400660335,1
789,528354,0,528354,528354,0,0,1785319625401671255,0
790,615177,0,615177,615177,0,0,1785319625402692231,0
791,150648,0,150648,150648,0,0,1785319625403704465,1
792,1672288,0,1672288,1672288,0,0,1785319625404718605,1
793,659001,0,659001,659001,0,0,1785319625405732143,0
794,1539037,0,1539037,1539037,0,0,1785319625406796759,0
795,505010,0,505010,505010,0,0,1785319625407832539,0
796,733748,0,733748,733748,0,0,1785319625408919785,0
797,402479,0,402479,402479,0,0,1785319625410393160,0
798,315338,0,315338,315338,0,0,1785319625411500595,0
799,210880,0,210880,210880,0,0,1785319625412528757,1
800,243861,0,243861,243861,0,0,1785319625413567697,0
801,195103,0,195103,195103,0,0,1785319625414599884,1
802,346050,0,346050,346050,0,0,1785319625415610363,0
803,364520,0,364520,364520,0,0,1785319625416618667,1
804,417750,0,417750,417750,0,0,1785319625417630023,0
805,573527,0,573527,573527,0,0,1785319625418642513,1
806,1535803,0,1535803,1535803,0,0,1785319625419653348,0
807,527003,0,527003,527003,0,0,1785319625420662236,0
808,484945,0,484945,484945,0,0,1785319625421673770,1
809,475070,0,475070,475070,0,0,1785319625422682463,0
810,394625,0,394625,394625,0,0,1785319625423693413,1
811,346608,0,346608,346608,0,0,1785319625424709136,0
812,171583,0,171583,171583,0,0,1785319625425764244,1
813,273798,0,273798,273798,0,0,1785319625426795499,1
814,343672,0,343672,343672,0,0,1785319625427824447,1
815,416001,0,416001,416001,0,0,1785319625428844674,0
816,294732,0,294732,294732,0,0,1785319625429869091,1
817,751679,0,751679,751679,0,0,1785319625430897100,1
818,836453,0,836453,836453,0,0,1785319625431909633,1
819,171164,0,171164,171164,0,0,1785319625432930794,0
820,489175,0,489175,489175,0,0,1785319625433943692,1
821,1205321,0,1205321,1205321,0,0,1785319625434957995,0
822,194008,0,194008,194008,0,0,1785319625435969389,0
823,1325567,0,1325567,1325567,0,0,1785319625436978588,1
824,316657,0,316657,316657,0,0,1785319625437987556,1
825,778791,0,778791,778791,0,0,1785319625438996939,1
826,513855,0,513855,513855,0,0,1785319625440009437,0
827,431890,0,431890,431890,0,0,1785319625441028166,1
828,247674,0,247674,247674,0,0,1785319625442041077,0
829,265247,0,265247,265247,0,0,1785319625443056243,1
830,864157,0,864157,864157,0,0,1785319625444068648,1
831,698319,0,698319,698319,0,0,1785319625445077559,0
832,279398,0,279398,279398,0,0,1785319625446099802,0
833,127926,0,127926,127926,0,0,1785319625447114282,1
834,278307,0,278307,278307,0,0,1785319625448127603,0
835,715229,0,715229,715229,0,0,1785319625449140774,1
836,134045,0,134045,134045,0,0,1785319625450178940,1
837,710942,0,710942,710942,0,0,1785319625451204716,1
838,311184,0,311184,311184,0,0,1785319625452230363,1
839,313692,0,313692,313692,0,0,1785319625453256496,1
840,1399254,0,1399254,1399254,0,0,1785319625454299121,0
841,375737,0,375737,375737,0,0,1785319625455322744,1
842,280611,0,280611,280611,0,0,1785319625456343193,0
843,1011856,0,1011856,1011856,0,0,1785319625457407072,0
844,270599,0,270599,270599,0,0,1785319625458436363,1
845,247621,0,247621,247621,0,0,1785319625459459851,1
846,515054,0,515054,515054,0,0,1785319625460477581,1
847,158483,0,158483,158483,0,0,1785319625461488254,0
848,161400,0,161400,161400,0,0,1785319625462499365,1
849,187647,0,187647,187647,0,0,1785319625463512387,1
850,191295,0,191295,191295,0,0,1785319625464526286,1
851,707165,0,707165,707165,0,0,1785319625465548110,0
852,413135,0,413135,413135,0,0,1785319625466576309,0
853,444668,0,444668,444668,0,0,1785319625467602140,1
854,215977,0,215977,215977,0,0,1785319625468627183,1
855,257638,0,257638,257638,0,0,1785319625469638843,0
856,444207,0,444207,444207,0,0,1785319625470652051,0
857,248781,0,248781,248781,0,0,1785319625471670012,0
858,179917,0,179917,179917,0,0,1785319625472686847,0
859,338389,0,338389,338389,0,0,1785319625473706395,1
860,203652,0,203652,203652,0,0,1785319625474748227,0
861,236148,0,236148,236148,0,0,1785319625475773384,1
862,656424,0,656424,656424,0,0,1785319625476790067,0
863,476884,0,476884,476884,0,0,1785319625477807886,1
864,2819601,0,2819601,2819601,0,0,1785319625478825256,0
865,1799572,0,1799572,1799572,0,0,1785319625479845385,1
866,793278,0,793278,793278,0,0,1785319625480851713,1
867,269948,0,269948,269948,0,0,1785319625481861837,0
868,157062,0,157062,157062,0,0,1785319625482877319,1
869,1743844,0,1743844,1743844,0,0,1785319625483904893,1
870,728272,0,728272,728272,0,0,1785319625484920554,0
871,332904,0,332904,332904,0,0,1785319625485927852,0
872,110779,0,110779,110779,0,0,1785319625486943946,0
873,241054,0,241054,241054,0,0,1785319625487966373,0
874,163494,0,163494,163494,0,0,1785319625488992903,0
875,169593,0,169593,169593,0,0,1785319625490021842,0
876,410774,0,410774,410774,0,0,1785319625491040620,1
877,123719,0,123719,123719,0,0,1785319625492059380,0
878,141014,0,141014,141014,0,0,1785319625493083290,1
879,312499,0,312499,312499,0,0,1785319625494109963,1
880,520297,0,520297,520297,0,0,1785319625495127108,1
881,1903372,0,1903372,1903372,0,0,1785319625496142361,1
882,876914,0,876914,876914,0,0,1785319625497168856,1
883,124866,0,124866,124866,0,0,1785319625498177642,0
884,505203,0,505203,505203,0,0,1785319625499214706,1
885,169353,0,169353,169353,0,0,1785319625500225911,1
886,170401,0,170401,170401,0,0,1785319625501245740,0
887,125047,0,125047,125047,0,0,1785319625502357307,1
888,189057,0,189057,189057,0,0,1785319625503387344,1
889,197818,0,197818,197818,0,0,1785319625504423131,0
890,146802,0,146802,146802,0,0,1785319625505454262,0
891,371994,0,371994,371994,0,0,1785319625506480029,1
892,1083798,0,1083798,1083798,0,0,1785319625507504850,1
893,197937,0,197937,197937,0,0,1785319625508520091,1
894,130057,0,130057,130057,0,0,1785319625509535751,1
895,1995744,0,1995744,1995744,0,0,1785319625510551489,0
896,980201,0,980201,980201,0,0,1785319625511567079,1
897,183422,0,183422,183422,0,0,1785319625512574249,0
898,703626,0,703626,703626,0,0,1785319625513587954,1
899,3244242,0,3244242,3244242,0,0,1785319625514616337,0
900,2230989,0,2230989,2230989,0,0,1785319625515629666,0
901,1222138,0,1222138,1222138,0,0,1785319625516638543,1
902,215233,0,215233,215233,0,0,1785319625517645474,0
903,417524,0,417524,417524,0,0,1785319625518663240,0
904,274446,0,274446,274446,0,0,1785319625519691654,1
905,232122,0,232122,232122,0,0,1785319625520716467,0
906,175767,0,175767,175767,0,0,1785319625521739080,0
907,237959,0,237959,237959,0,0,1785319625522757791,0
908,297134,0,297134,297134,0,0,1785319625523780287,0
909,787153,0,787153,787153,0,0,1785319625524798634,0
910,571713,0,571713,571713,0,0,1785319625525811631,0
911,2529487,0,2529487,2529487,0,0,1785319625526822622,0
912,1514560,0,1514560,1514560,0,0,1785319625527837614,1
913,508168,0,508168,508168,0,0,1785319625528844033,1
914,564240,0,564240,564240,0,0,1785319625529853640,1
915,438218,0,438218,438218,0,0,1785319625530865078,0
916,121837,0,121837,121837,0,0,1785319625531877358,1
917,523815,0,523815,523815,0,0,1785319625532902659,0
918,204967,0,204967,204967,0,0,1785319625533930840,0
919,1893851,0,1893851,1893851,0,0,1785319625534957251,0
920,867892,0,867892,867892,0,0,1785319625535983288,0
921,127433,0,127433,127433,0,0,1785319625536993081,0
922,156980,0,156980,156980,0,0,1785319625538005979,0
923,90139,0,90139,90139,0,0,1785319625539029148,0
924,105545,0,105545,105545,0,0,1785319625540044619,1
925,237252,0,237252,237252,0,0,1785319625541054150,1
926,138598,0,138598,138598,0,0,1785319625542062783,0
927,266889,0,266889,266889,0,0,1785319625543091152,0
928,420474,0,420474,420474,0,0,1785319625544105073,0
929,1105192,0,1105192,1105192,0,0,1785319625545121858,0
930,113669,0,113669,113669,0,0,1785319625546132562,0
931,169465,0,169465,169465,0,0,1785319625547146440,1
932,533876,0,533876,533876,0,0,1785319625548168813,0
933,149063,0,149063,149063,0,0,1785319625549204077,0
934,164813,0,164813,164813,0,0,1785319625550239596,1
935,224304,0,224304,224304,0,0,1785319625551266843,1
936,261471,0,261471,261471,0,0,1785319625552297190,0
937,282647,0,282647,282647,0,0,1785319625553326102,0
938,369949,0,369949,369949,0,0,1785319625554487380,1
939,319767,0,319767,319767,0,0,1785319625555600720,0
940,168500,0,168500,168500,0,0,1785319625556630470,1
941,557538,0,557538,557538,0,0,1785319625557673764,0
942,902631,0,902631,902631,0,0,1785319625558712450,1
943,131652,0,131652,131652,0,0,1785319625559738382,0
944,546762,0,546762,546762,0,0,1785319625560760483,1
945,308917,0,308917,308917,0,0,1785319625561775198,0
946,135869,0,135869,135869,0,0,1785319625562796188,1
947,138969,0,138969,138969,0,0,1785319625563826098,1
948,399367,0,399367,399367,0,0,1785319625564844561,1
949,323182,0,323182,323182,0,0,1785319625565860438,0
950,1392598,0,1392598,1392598,0,0,1785319625566874391,0
951,376250,0,376250,376250,0,0,1785319625567890850,1
952,1426793,0,1426793,1426793,0,0,1785319625568902206,1
953,416394,0,416394,416394,0,0,1785319625569912649,0
954,211808,0,211808,211808,0,0,1785319625570925397,0
955,260574,0,260574,260574,0,0,1785319625571957317,0
956,294670,0,294670,294670,0,0,1785319625572984393,0
957,159901,0,159901,159901,0,0,1785319625573998234,1
958,130444,0,130444,130444,0,0,1785319625575056975,0
959,216036,0,216036,216036,0,0,1785319625576105679,1
960,257935,0,257935,257935,0,0,1785319625577309813,0
961,215863,0,215863,215863,0,0,1785319625578338162,0
962,297635,0,297635,297635,0,0,1785319625579381861,1
963,182926,0,182926,182926,0,0,1785319625580417016,0
964,162101,0,162101,162101,0,0,1785319625581453262,1
965,157699,0,157699,157699,0,0,1785319625582489683,1
966,358988,0,358988,358988,0,0,1785319625583522603,1
967,431052,0,431052,431052,0,0,1785319625584559862,0
968,208747,0,208747,208747,0,0,1785319625585592254,1
969,330776,0,330776,330776,0,0,1785319625586627279,1
970,752296,0,752296,752296,0,0,1785319625587659010,1
971,445661,0,445661,445661,0,0,1785319625588690319,1
972,418582,0,418582,418582,0,0,1785319625589723378,0
973,403666,0,403666,403666,0,0,1785319625590742702,0
974,419422,0,419422,419422,0,0,1785319625591758914,0
975,454823,0,454823,454823,0,0,1785319625592795276,0
976,1337130,0,1337130,1337130,0,0,1785319625593827647,0
977,323720,0,323720,323720,0,0,1785319625596434619,0
978,197587,0,197587,197587,0,0,1785319625597480486,0
979,275352,0,275352,275352,0,0,1785319625598515544,1
980,216337,0,216337,216337,0,0,1785319625599568896,0
981,776073,0,776073,776073,0,0,1785319625600602365,1
982,225383,0,225383,225383,0,0,1785319625601621380,0
983,834885,0,834885,834885,0,0,1785319625602653355,0
984,400235,0,400235,400235,0,0,1785319625603688801,0
985,292369,0,292369,292369,0,0,1785319625604717251,0
986,444073,0,444073,444073,0,0,1785319625605772248,0
987,375637,0,375637,375637,0,0,1785319625606805138,1
988,513737,0,513737,513737,0,0,1785319625607830972,0
989,384213,0,384213,384213,0,0,1785319625608856533,1
990,461264,0,461264,461264,0,0,1785319625609873093,1
991,394630,0,394630,394630,0,0,1785319625610894379,1
992,381482,0,381482,381482,0,0,1785319625611916335,1
993,390885,0,390885,390885,0,0,1785319625612933828,1
994,703985,0,703985,703985,0,0,1785319625614016212,1
995,436420,0,436420,436420,0,0,1785319625615426757,0
996,560862,0,560862,560862,0,0,1785319625616466138,1
997,944313,0,944313,944313,0,0,1785319625617492561,0
998,224943,0,224943,224943,0,0,1785319625618525493,1
999,567692,0,567692,567692,0,0,1785319625619557617,1
1000,226156,0,226156,226156,0,0,1785319625620632409,0
1001,387279,0,387279,387279,0,0,1785319625621701341,1
1002,165195,0,165195,165195,0,0,1785319625622737763,1
1003,369371,0,369371,369371,0,0,1785319625623766252,1
1004,1332713,0,1332713,1332713,0,0,1785319625624800360,1
1005,299174,0,299174,299174,0,0,1785319625625833985,1
1006,201643,0,201643,201643,0,0,1785319625626855690,1
1007,165666,0,165666,165666,0,0,1785319625627910242,1
1008,1427163,0,1427163,1427163,0,0,1785319625628937432,1
1009,410286,0,410286,410286,0,0,1785319625629954436,0
1010,119936,0,119936,119936,0,0,1785319625630966801,0
1011,224059,0,224059,224059,0,0,1785319625631995351,1
1012,456847,0,456847,456847,0,0,1785319625633015146,0
1013,328584,0,328584,328584,0,0,1785319625634028924,1
1014,159774,0,159774,159774,0,0,1785319625635062028,0
1015,366236,0,366236,366236,0,0,1785319625636108723,1
1016,217185,0,217185,217185,0,0,1785319625637137424,1
1017,259178,0,259178,259178,0,0,1785319625638167143,0
1018,163191,0,163191,163191,0,0,1785319625639199791,0
1019,234102,0,234102,234102,0,0,1785319625640226537,1
1020,236192,0,236192,236192,0,0,1785319625641262183,1
1021,275780,0,275780,275780,0,0,1785319625642380769,1
1022,240735,0,240735,240735,0,0,1785319625643414884,0
1023,208078,0,208078,208078,0,0,1785319625644450049,0
1024,165065,0,165065,165065,0,0,1785319625645476881,1
1025,520182,0,520182,520182,0,0,1785319625646509520,0
1026,263457,0,263457,263457,0,0,1785319625647525482,1
1027,132100,0,132100,132100,0,0,1785319625648535576,1
1028,251526,0,251526,251526,0,0,1785319625649543850,0
1029,191254,0,191254,191254,0,0,1785319625650557470,0
1030,133780,0,133780,133780,0,0,1785319625651585990,1
1031,444495,0,444495,444495,0,0,1785319625652610986,1
1032,145610,0,145610,145610,0,0,1785319625653641081,0
1033,659360,0,659360,659360,0,0,1785319625654656459,1
1034,290290,0,290290,290290,0,0,1785319625655670399,0
1035,206816,0,206816,206816,0,0,1785319625656702997,1
1036,540670,0,540670,540670,0,0,1785319625657721405,0
1037,141289,0,141289,141289,0,0,1785319625658736127,0
1038,157167,0,157167,157167,0,0,1785319625659771745,1
1039,732440,0,732440,732440,0,0,1785319625660798909,0
1040,178227,0,178227,178227,0,0,1785319625661806592,1
1041,488771,0,488771,488771,0,0,1785319625662819620,1
1042,291094,0,291094,291094,0,0,1785319625663839837,0
1043,153540,0,153540,153540,0,0,1785319625664866899,1
1044,131840,0,131840,131840,0,0,1785319625665885104,0
1045,141777,0,141777,141777,0,0,1785319625666902535,0
1046,113647,0,113647,113647,0,0,1785319625667925485,0
1047,157224,0,157224,157224,0,0,1785319625668954418,0
1048,188074,0,188074,188074,0,0,1785319625669982021,1
1049,211781,0,211781,211781,0,0,1785319625671169361,1
1050,235284,0,235284,235284,0,0,1785319625672267721,0
1051,138071,0,138071,138071,0,0,1785319625673294189,1
1052,172699,0,172699,172699,0,0,1785319625674327850,0
1053,159745,0,159745,159745,0,0,1785319625675352081,1
1054,145731,0,145731,145731,0,0,1785319625676381129,0
1055,598739,0,598739,598739,0,0,1785319625677409080,0
1056,256893,0,256893,256893,0,0,1785319625678421431,0
1057,216993,0,216993,216993,0,0,1785319625679440841,0
1058,302082,0,302082,302082,0,0,1785319625680471394,0
1059,196986,0,196986,196986,0,0,1785319625681491119,1
1060,198693,0,198693,198693,0,0,1785319625682507376,1
1061,209932,0,209932,209932,0,0,1785319625683531492,0
1062,170924,0,170924,170924,0,0,1785319625684568672,0
1063,592947,0,592947,592947,0,0,1785319625685601294,0
1064,1157687,0,1157687,1157687,0,0,1785319625686615083,1
1065,138985,0,138985,138985,0,0,1785319625687634047,1
1066,189204,0,189204,189204,0,0,1785319625688648730,1
1067,298752,0,298752,298752,0,0,1785319625689675674,1
1068,255833,0,255833,255833,0,0,1785319625690739560,1
1069,182334,0,182334,182334,0,0,1785319625692043398,1
1070,378061,0,378061,378061,0,0,1785319625693120811,1
1071,584523,0,584523,584523,0,0,1785319625694239157,0
1072,360069,0,360069,360069,0,0,1785319625695281524,1
1073,329719,0,329719,329719,0,0,1785319625696320399,0
1074,351511,0,351511,351511,0,0,1785319625697351495,1
1075,132451,0,132451,132451,0,0,1785319625698376322,0
1076,144141,0,144141,144141,0,0,1785319625699397307,1
1077,411072,0,411072,411072,0,0,1785319625700414854,1
1078,272741,0,272741,272741,0,0,1785319625701430501,0
1079,274373,0,274373,274373,0,0,1785319625702453699,0
1080,137790,0,137790,137790,0,0,1785319625703491687,0
1081,113327,0,113327,113327,0,0,1785319625704516440,0
1082,84876,0,84876,84876,0,0,1785319625705529746,0
1083,144848,0,144848,144848,0,0,1785319625706542625,1
1084,203751,0,203751,203751,0,0,1785319625707557285,0
1085,311463,0,311463,311463,0,0,1785319625708585192,1
1086,146158,0,146158,146158,0,0,1785319625709609984,1
1087,167831,0,167831,167831,0,0,1785319625710635293,0
1088,866686,0,866686,866686,0,0,1785319625711654466,1
1089,464722,0,464722,464722,0,0,1785319625712666731,0
1090,485910,0,485910,485910,0,0,1785319625713676092,1
1091,179556,0,179556,179556,0,0,1785319625714694063,0
1092,160406,0,160406,160406,0,0,1785319625715740126,0
1093,842658,0,842658,842658,0,0,1785319625716780738,0
1094,181657,0,181657,181657,0,0,1785319625717792227,1
1095,175228,0,175228,175228,0,0,1785319625718821141,0
1096,140563,0,140563,140563,0,0,1785319625719881271,1
1097,301265,0,301265,301265,0,0,1785319625720902294,0
1098,198574,0,198574,198574,0,0,1785319625721915557,0
1099,515893,0,515893,515893,0,0,1785319625722931962,1
1100,223375,0,223375,223375,0,0,1785319625723946695,0
1101,1269327,0,1269327,1269327,0,0,1785319625724958601,0
1102,258347,0,258347,258347,0,0,1785319625725969652,1
1103,167246,0,167246,167246,0,0,1785319625726981386,1
1104,164493,0,164493,164493,0,0,1785319625727999219,1
1105,275824,0,275824,275824,0,0,1785319625729013528,0
1106,222981,0,222981,222981,0,0,1785319625730041976,0
1107,750874,0,750874,750874,0,0,1785319625731056948,1
1108,677908,0,677908,677908,0,0,1785319625732068288,1
1109,370033,0,370033,370033,0,0,1785319625733080960,0
1110,127845,0,127845,127845,0,0,1785319625734105309,0
1111,161913,0,161913,161913,0,0,1785319625735150176,0
1112,2017095,0,2017095,2017095,0,0,1785319625736183655,0
1113,988165,0,988165,988165,0,0,1785319625737212659,1
1114,144072,0,144072,144072,0,0,1785319625738220723,1
1115,2369434,0,2369434,2369434,0,0,1785319625739240769,0
1116,1356487,0,1356487,1356487,0,0,1785319625740253750,0
1117,347822,0,347822,347822,0,0,1785319625741262443,0
1118,181506,0,181506,181506,0,0,1785319625742272956,1
1119,288506,0,288506,288506,0,0,1785319625743306509,0
1120,1880142,0,1880142,1880142,0,0,1785319625744332563,1
1121,866017,0,866017,866017,0,0,1785319625745346733,0
1122,154828,0,154828,154828,0,0,1785319625746355702,0
1123,255371,0,255371,255371,0,0,1785319625747380943,1
1124,455471,0,455471,455471,0,0,1785319625748394555,0
1125,206371,0,206371,206371,0,0,1785319625749413403,1
1126,665544,0,665544,665544,0,0,1785319625750449539,0
1127,929489,0,929489,929489,0,0,1785319625751478604,1
1128,208223,0,208223,208223,0,0,1785319625752486926,1
1129,173833,0,173833,173833,0,0,1785319625753500061,1
1130,1234226,0,1234226,1234226,0,0,1785319625754517185,1
1131,221608,0,221608,221608,0,0,1785319625755529852,0
1132,183153,0,183153,183153,0,0,1785319625756545509,0
1133,195151,0,195151,195151,0,0,1785319625757577498,1
1134,156521,0,156521,156521,0,0,1785319625758607742,1
1135,116360,0,116360,116360,0,0,1785319625759634277,0
1136,164101,0,164101,164101,0,0,1785319625760643443,0
1137,634578,0,634578,634578,0,0,1785319625761653881,1
1138,250754,0,250754,250754,0,0,1785319625762663391,1
1139,198248,0,198248,198248,0,0,1785319625763678042,0
1140,1237220,0,1237220,1237220,0,0,1785319625764700053,0
1141,221067,0,221067,221067,0,0,1785319625765716296,0
1142,150277,0,150277,150277,0,0,1785319625766726625,0
1143,216284,0,216284,216284,0,0,1785319625767759704,0
1144,148219,0,148219,148219,0,0,1785319625768793332,0
1145,172952,0,172952,172952,0,0,1785319625769819268,1
1146,204722,0,204722,204722,0,0,1785319625770835800,1
1147,854958,0,854958,854958,0,0,1785319625771867317,1
1148,645580,0,645580,645580,0,0,1785319625772891849,0
1149,156266,0,156266,156266,0,0,1785319625773907136,1
1150,454598,0,454598,454598,0,0,1785319625774923680,1
1151,133499,0,133499,133499,0,0,1785319625775981723,1
1152,250383,0,250383,250383,0,0,1785319625777011095,1
1153,168555,0,168555,168555,0,0,1785319625778032199,1
1154,325929,0,325929,325929,0,0,1785319625779054252,1
1155,2057236,0,2057236,2057236,0,0,1785319625780069937,1
1156,1050549,0,1050549,1050549,0,0,1785319625781076810,1
1157,228398,0,228398,228398,0,0,1785319625782121942,0
1158,701734,0,701734,701734,0,0,1785319625783137617,0
1159,388354,0,388354,388354,0,0,1785319625784185434,0
1160,120303,0,120303,120303,0,0,1785319625785218268,1
1161,1613961,0,1613961,1613961,0,0,1785319625786235946,1
1162,603796,0,603796,603796,0,0,1785319625787246199,1
1163,517991,0,517991,517991,0,0,1785319625788255339,1
1164,991196,0,991196,991196,0,0,1785319625789263585,1
1165,116793,0,116793,116793,0,0,1785319625790276429,1
1166,216754,0,216754,216754,0,0,1785319625791303009,1
1167,406697,0,406697,406697,0,0,1785319625792337115,1
1168,444747,0,444747,444747,0,0,1785319625793374552,1
1169,1328641,0,1328641,1328641,0,0,1785319625794404088,1
1170,305061,0,305061,305061,0,0,1785319625795427748,1
1171,455615,0,455615,455615,0,0,1785319625796438265,0
1172,251052,0,251052,251052,0,0,1785319625797454557,1
1173,282317,0,282317,282317,0,0,1785319625798501225,1
1174,613181,0,613181,613181,0,0,1785319625799535354,1
1175,271788,0,271788,271788,0,0,1785319625800586370,0
1176,468583,0,468583,468583,0,0,1785319625801604112,0
1177,264015,0,264015,264015,0,0,1785319625802628514,1
1178,310955,0,310955,310955,0,0,1785319625803657189,0
1179,144699,0,144699,144699,0,0,1785319625804671753,0
1180,189786,0,189786,189786,0,0,1785319625805695093,1
1181,712929,0,712929,712929,0,0,1785319625806718850,1
1182,743401,0,743401,743401,0,0,1785319625807735136,0
1183,356442,0,356442,356442,0,0,1785319625808755391,1
1184,256211,0,256211,256211,0,0,1785319625809786985,1
1185,402800,0,402800,402800,0,0,1785319625810820168,1
1186,317517,0,317517,317517,0,0,1785319625811866497,0
1187,241278,0,241278,241278,0,0,1785319625812987943,0
1188,244274,0,244274,244274,0,0,1785319625814011428,1
1189,2111296,0,2111296,2111296,0,0,1785319625815021274,1
1190,1101509,0,1101509,1101509,0,0,1785319625816031150,0
1191,94344,0,94344,94344,0,0,1785319625817038344,0
1192,195248,0,195248,195248,0,0,1785319625818047721,0
1193,236530,0,236530,236530,0,0,1785319625819060333,0
1194,1320708,0,1320708,1320708,0,0,1785319625820075880,0
1195,308929,0,308929,308929,0,0,1785319625821087710,1
1196,124009,0,124009,124009,0,0,1785319625822098532,0
1197,476926,0,476926,476926,0,0,1785319625823111240,1
1198,275879,0,275879,275879,0,0,1785319625824126648,1
1199,635110,0,635110,635110,0,0,1785319625825141643,1
1200,343275,0,343275,343275,0,0,1785319625826158537,1
1201,3079423,0,3079423,3079423,0,0,1785319625827202801,1
1202,2040677,0,2040677,2040677,0,0,1785319625828241600,0
1203,1031673,0,1031673,1031673,0,0,1785319625829250641,1
1204,133367,0,133367,133367,0,0,1785319625830259392,0
1205,242608,0,242608,242608,0,0,1785319625831281375,0
1206,269113,0,269113,269113,0,0,1785319625832313930,0
1207,312323,0,312323,312323,0,0,1785319625833327692,1
1208,342526,0,342526,342526,0,0,1785319625834348798,1
1209,1015698,0,1015698,1015698,0,0,1785319625835377939,1
1210,128164,0,128164,128164,0,0,1785319625836388458,0
1211,776977,0,776977,776977,0,0,1785319625837397577,0
1212,1273882,0,1273882,1273882,0,0,1785319625838406513,1
1213,259250,0,259250,259250,0,0,1785319625839421218,0
1214,301226,0,301226,301226,0,0,1785319625840460259,0
1215,243265,0,243265,243265,0,0,1785319625841488387,0
1216,120403,0,120403,120403,0,0,1785319625842504137,0
1217,324730,0,324730,324730,0,0,1785319625843526213,1
1218,401124,0,401124,401124,0,0,1785319625844553177,1
1219,343825,0,343825,343825,0,0,1785319625845597698,1
1220,162638,0,162638,162638,0,0,1785319625846610123,0
1221,1685520,0,1685520,1685520,0,0,1785319625847630803,0
1222,655145,0,655145,655145,0,0,1785319625848661224,1
1223,295880,0,295880,295880,0,0,1785319625849670599,1
1224,236828,0,236828,236828,0,0,1785319625850690180,1
1225,227685,0,227685,227685,0,0,1785319625851747449,0
1226,715756,0,715756,715756,0,0,1785319625852771849,0
1227,254937,0,254937,254937,0,0,1785319625853787862,1
1228,140355,0,140355,140355,0,0,1785319625854818922,1
1229,1061159,0,1061159,1061159,0,0,1785319625855846395,1
1230,50474,0,50474,50474,0,0,1785319625856857122,1
1231,410799,0,410799,410799,0,0,1785319625857868175,1
1232,817488,0,817488,817488,0,0,1785319625858881171,0
1233,301137,0,301137,301137,0,0,1785319625859895399,1
1234,425151,0,425151,425151,0,0,1785319625860910980,0
1235,336198,0,336198,336198,0,0,1785319625861949948,0
1236,235142,0,235142,235142,0,0,1785319625863080293,0
1237,162345,0,162345,162345,0,0,1785319625864112605,0
1238,1176422,0,1176422,1176422,0,0,1785319625865142580,0
1239,151334,0,151334,151334,0,0,1785319625866167704,0
1240,320449,0,320449,320449,0,0,1785319625867176665,0
1241,219997,0,219997,219997,0,0,1785319625868188212,1
1242,1041007,0,1041007,1041007,0,0,1785319625869223456,0
1243,182160,0,182160,182160,0,0,1785319625870250968,1
1244,918259,0,918259,918259,0,0,1785319625871260639,0
1245,372486,0,372486,372486,0,0,1785319625872267572,1
1246,238134,0,238134,238134,0,0,1785319625873277671,0
1247,324476,0,324476,324476,0,0,1785319625874291353,0
1248,289395,0,289395,289395,0,0,1785319625875323150,0
1249,134739,0,134739,134739,0,0,1785319625876339434,1
1250,119915,0,119915,119915,0,0,1785319625877374036,1
1251,323357,0,323357,323357,0,0,1785319625878399474,1
1252,2050806,0,2050806,2050806,0,0,1785319625879416691,1
1253,1039744,0,1039744,1039744,0,0,1785319625880427857,0
1254,219553,0,219553,219553,0,0,1785319625881481341,1
1255,213641,0,213641,213641,0,0,1785319625882544034,1
1256,569572,0,569572,569572,0,0,1785319625883601160,1
1257,176863,0,176863,176863,0,0,1785319625884626589,1
1258,610805,0,610805,610805,0,0,1785319625885641906,1
1259,1563459,0,1563459,1563459,0,0,1785319625886668025,0
1260,547722,0,547722,547722,0,0,1785319625887683849,1
1261,229189,0,229189,229189,0,0,1785319625888711579,0
1262,464845,0,464845,464845,0,0,1785319625889745748,0
1263,592233,0,592233,592233,0,0,1785319625890774496,0
1264,877996,0,877996,877996,0,0,1785319625891786204,0
1265,96696,0,96696,96696,0,0,1785319625892794195,1
1266,422235,0,422235,422235,0,0,1785319625893807424,0
1267,203657,0,203657,203657,0,0,1785319625894819525,1
1268,226973,0,226973,226973,0,0,1785319625895840062,0
1269,400439,0,400439,400439,0,0,1785319625896867140,1
1270,377183,0,377183,377183,0,0,1785319625897880987,0
1271,163208,0,163208,163208,0,0,1785319625898892429,1
1272,157753,0,157753,157753,0,0,1785319625899905145,1
1273,172068,0,172068,172068,0,0,1785319625900929416,0
1274,289228,0,289228,289228,0,0,1785319625901947381,0
1275,252428,0,252428,252428,0,0,1785319625902966790,1
1276,513713,0,513713,513713,0,0,1785319625903990385,1
1277,678706,0,678706,678706,0,0,1785319625905041924,0
1278,277614,0,277614,277614,0,0,1785319625906055991,1
1279,215581,0,215581,215581,0,0,1785319625907067842,1
1280,1182459,0,1182459,1182459,0,0,1785319625908080133,1
1281,166655,0,166655,166655,0,0,1785319625909096106,1
1282,280311,0,280311,280311,0,0,1785319625910150489,1
1283,705777,0,705777,705777,0,0,1785319625911179609,0
1284,717339,0,717339,717339,0,0,1785319625912208007,0
1285,785987,0,785987,785987,0,0,1785319625913214844,0
1286,342379,0,342379,342379,0,0,1785319625914228364,0
1287,407525,0,407525,407525,0,0,1785319625915264626,0
1288,299745,0,299745,299745,0,0,1785319625916275112,0
1289,978744,0,978744,978744,0,0,1785319625917324992,0
1290,129256,0,129256,129256,0,0,1785319625918376496,0
1291,1601339,0,1601339,1601339,0,0,1785319625919400235,1
1292,584693,0,584693,584693,0,0,1785319625920416935,0
1293,124540,0,124540,124540,0,0,1785319625921434256,1
1294,207701,0,207701,207701,0,0,1785319625922451663,1
1295,406574,0,406574,406574,0,0,1785319625923473263,0
1296,537733,0,537733,537733,0,0,1785319625924502034,0
1297,484960,0,484960,484960,0,0,1785319625925531080,1
1298,1745809,0,1745809,1745809,0,0,1785319625926540472,1
1299,732044,0,732044,732044,0,0,1785319625927554318,0
1300,1667304,0,1667304,1667304,0,0,1785319625928561151,0
1301,656019,0,656019,656019,0,0,1785319625929572492,1
1302,250001,0,250001,250001,0,0,1785319625930580855,0
1303,618112,0,618112,618112,0,0,1785319625931612077,1
1304,441335,0,441335,441335,0,0,1785319625932641754,1
1305,484415,0,484415,484415,0,0,1785319625933667404,0
1306,565509,0,565509,565509,0,0,1785319625934689184,1
1307,515843,0,515843,515843,0,0,1785319625935711229,1
1308,228807,0,228807,228807,0,0,1785319625936731978,0
1309,605821,0,605821,605821,0,0,1785319625937750688,1
1310,257707,0,257707,257707,0,0,1785319625938799558,0
1311,2041592,0,2041592,2041592,0,0,1785319625939823868,1
1312,1014014,0,1014014,1014014,0,0,1785319625940851542,0
1313,160613,0,160613,160613,0,0,1785319625941867997,1
1314,204016,0,204016,204016,0,0,1785319625942891697,1
1315,241967,0,241967,241967,0,0,1785319625943913005,1
1316,276423,0,276423,276423,0,0,1785319625944929839,0
1317,431354,0,431354,431354,0,0,1785319625945976185,0
1318,400972,0,400972,400972,0,0,1785319625947013240,0
1319,143898,0,143898,143898,0,0,1785319625948187135,0
1320,1090476,0,1090476,1090476,0,0,1785319625949221762,1
1321,216768,0,216768,216768,0,0,1785319625950285949,1
1322,311369,0,311369,311369,0,0,1785319625951315351,0
1323,189123,0,189123,189123,0,0,1785319625952378236,0
1324,158466,0,158466,158466,0,0,1785319625953392720,1
1325,668513,0,668513,668513,0,0,1785319625954417557,1
1326,169172,0,169172,169172,0,0,1785319625955427537,0
1327,647666,0,647666,647666,0,0,1785319625956437600,1
1328,424657,0,424657,424657,0,0,1785319625957447295,0
1329,296412,0,296412,296412,0,0,1785319625958459332,1
1330,170323,0,170323,170323,0,0,1785319625959475647,0
1331,632731,0,632731,632731,0,0,1785319625960492453,1
1332,178505,0,178505,178505,0,0,1785319625961535415,1
1333,348330,0,348330,348330,0,0,1785319625962562878,0
1334,315405,0,315405,315405,0,0,1785319625963594124,1
1335,412958,0,412958,412958,0,0,1785319625964629456,0
1336,246201,0,246201,246201,0,0,1785319625965660393,1
1337,309626,0,309626,309626,0,0,1785319625966692466,1
1338,166130,0,166130,166130,0,0,1785319625967804351,0
1339,145222,0,145222,145222,0,0,1785319625968863468,1
1340,214729,0,214729,214729,0,0,1785319625969899102,0
1341,709860,0,709860,709860,0,0,1785319625971007450,1
1342,383825,0,383825,383825,0,0,1785319625972031474,1
1343,239604,0,239604,239604,0,0,1785319625973178852,1
1344,838823,0,838823,838823,0,0,1785319625974210219,1
1345,184177,0,184177,184177,0,0,1785319625975267671,0
1346,278033,0,278033,278033,0,0,1785319625976310606,0
1347,124182,0,124182,124182,0,0,1785319625977344130,1
1348,439715,0,439715,439715,0,0,1785319625978374160,1
1349,786578,0,786578,786578,0,0,1785319625979401116,0
1350,553779,0,553779,553779,0,0,1785319625980423723,1
1351,441618,0,441618,441618,0,0,1785319625981438046,0
1352,601888,0,601888,601888,0,0,1785319625982458766,0
1353,556369,0,556369,556369,0,0,1785319625983482386,1
1354,418264,0,418264,418264,0,0,1785319625984499722,0
1355,525639,0,525639,525639,0,0,1785319625985518814,0
1356,162469,0,162469,162469,0,0,1785319625986639409,0
1357,160483,0,160483,160483,0,0,1785319625987686935,0
1358,269458,0,269458,269458,0,0,1785319625988717268,0
1359,607621,0,607621,607621,0,0,1785319625989744776,0
1360,403731,0,403731,403731,0,0,1785319625990772914,0
1361,232128,0,232128,232128,0,0,1785319625991793333,0
1362,284093,0,284093,284093,0,0,1785319625992817384,0
1363,424575,0,424575,424575,0,0,1785319625993843720,0
1364,347081,0,347081,347081,0,0,1785319625994979431,1
1365,1548237,0,1548237,1548237,0,0,1785319625996015084,0
1366,523928,0,523928,523928,0,0,1785319625997039486,0
1367,227732,0,227732,227732,0,0,1785319625998046813,1
1368,582358,0,582358,582358,0,0,1785319625999059132,0
1369,173086,0,173086,173086,0,0,1785319626000078881,0
1370,445081,0,445081,445081,0,0,1785319626001103415,1
1371,166305,0,166305,166305,0,0,1785319626002121709,1
1372,406170,0,406170,406170,0,0,1785319626003140847,0
1373,297971,0,297971,297971,0,0,1785319626004157715,0
1374,451773,0,451773,451773,0,0,1785319626005174882,1
1375,536010,0,536010,536010,0,0,1785319626006621828,1
1376,410038,0,410038,410038,0,0,1785319626007663758,1
1377,425478,0,425478,425478,0,0,1785319626008698006,1
1378,182587,0,182587,182587,0,0,1785319626009731821,0
1379,402829,0,402829,402829,0,0,1785319626010767046,1
1380,575755,0,575755,575755,0,0,1785319626011790916,1
1381,275597,0,275597,275597,0,0,1785319626012817588,0
1382,405388,0,405388,405388,0,0,1785319626013836886,0
1383,485632,0,485632,485632,0,0,1785319626014916662,1
1384,247110,0,247110,247110,0,0,1785319626016165102,1
1385,246657,0,246657,246657,0,0,1785319626017191415,0
1386,1004167,0,1004167,1004167,0,0,1785319626018201062,1
1387,153064,0,153064,153064,0,0,1785319626019210862,1
1388,113548,0,113548,113548,0,0,1785319626020223303,1
1389,209657,0,209657,209657,0,0,1785319626021255085,1
1390,239970,0,239970,239970,0,0,1785319626022273349,0
1391,144958,0,144958,144958,0,0,1785319626023293852,0
1392,301153,0,301153,301153,0,0,1785319626024308790,1
1393,1007133,0,1007133,1007133,0,0,1785319626025323194,1
1394,58227,0,58227,58227,0,0,1785319626026338867,1
1395,231440,0,231440,231440,0,0,1785319626027371305,1
1396,459265,0,459265,459265,0,0,1785319626028393861,1
1397,899531,0,899531,899531,0,0,1785319626029429772,0
1398,130567,0,130567,130567,0,0,1785319626030451538,0
1399,881597,0,881597,881597,0,0,1785319626031469165,0
1400,171821,0,171821,171821,0,0,1785319626032481822,0
1401,751323,0,751323,751323,0,0,1785319626033502785,1
1402,251411,0,251411,251411,0,0,1785319626034606244,0
1403,125656,0,125656,125656,0,0,1785319626035634581,0
1404,466976,0,466976,466976,0,0,1785319626036645316,1
1405,589285,0,589285,589285,0,0,1785319626037653552,0
1406,443259,0,443259,443259,0,0,1785319626038663950,1
1407,830034,0,830034,830034,0,0,1785319626039674198,0
1408,181450,0,181450,181450,0,0,1785319626040685290,0
1409,364874,0,364874,364874,0,0,1785319626041697893,1
1410,260161,0,260161,260161,0,0,1785319626042740982,1
1411,166426,0,166426,166426,0,0,1785319626043770974,1
1412,240306,0,240306,240306,0,0,1785319626044803572,1
1413,214150,0,214150,214150,0,0,1785319626045834639,0
1414,189686,0,189686,189686,0,0,1785319626046863545,1
1415,225212,0,225212,225212,0,0,1785319626047888665,1
1416,413658,0,413658,413658,0,0,1785319626048903706,1
1417,303776,0,303776,303776,0,0,1785319626049956216,0
1418,1360656,0,1360656,1360656,0,0,1785319626050983800,1
1419,350206,0,350206,350206,0,0,1785319626051994391,1
1420,476638,0,476638,476638,0,0,1785319626053003126,1
1421,133613,0,133613,133613,0,0,1785319626054009777,0
1422,410400,0,410400,410400,0,0,1785319626055029582,0
1423,296921,0,296921,296921,0,0,1785319626056127631,1
1424,719999,0,719999,719999,0,0,1785319626057158430,1
1425,1700559,0,1700559,1700559,0,0,1785319626058184316,0
1426,691208,0,691208,691208,0,0,1785319626059193940,0
1427,610851,0,610851,610851,0,0,1785319626060200127,0
1428,810675,0,810675,810675,0,0,1785319626061209520,1
1429,195953,0,195953,195953,0,0,1785319626062220535,1
1430,158309,0,158309,158309,0,0,1785319626063250293,1
1431,205038,0,205038,205038,0,0,1785319626064267796,1
1432,973293,0,973293,973293,0,0,1785319626065282387,1
1433,111317,0,111317,111317,0,0,1785319626066302456,0
1434,534165,0,534165,534165,0,0,1785319626067317940,0
1435,770364,0,770364,770364,0,0,1785319626068328904,0
1436,413051,0,413051,413051,0,0,1785319626069499943,0
1437,2023874,0,2023874,2023874,0,0,1785319626070582883,1
1438,1000504,0,1000504,1000504,0,0,1785319626071606447,0
1439,209528,0,209528,209528,0,0,1785319626072613695,0
1440,624716,0,624716,624716,0,0,1785319626073626085,1
1441,1417153,0,1417153,1417153,0,0,1785319626074650356,0
1442,397974,0,397974,397974,0,0,1785319626075669652,1
1443,306440,0,306440,306440,0,0,1785319626076679117,0
1444,211196,0,211196,211196,0,0,1785319626077712536,0
1445,254857,0,254857,254857,0,0,1785319626078742751,1
1446,383992,0,383992,383992,0,0,1785319626079764339,1
1447,621099,0,621099,621099,0,0,1785319626080780272,0
1448,402970,0,402970,402970,0,0,1785319626081793616,1
1449,333970,0,333970,333970,0,0,1785319626082812642,0
1450,399595,0,399595,399595,0,0,1785319626083839388,1
1451,281070,0,281070,281070,0,0,1785319626084870195,0
1452,164562,0,164562,164562,0,0,1785319626085894919,0
1453,493243,0,493243,493243,0,0,1785319626086918538,0
1454,211033,0,211033,211033,0,0,1785319626087940955,0
1455,675872,0,675872,675872,0,0,1785319626088975859,1
1456,405038,0,405038,405038,0,0,1785319626090002650,1
1457,199008,0,199008,199008,0,0,1785319626091344051,0
1458,749396,0,749396,749396,0,0,1785319626092390375,1
1459,576326,0,576326,576326,0,0,1785319626093397707,1
1460,2453589,0,2453589,2453589,0,0,1785319626094410183,0
1461,1429103,0,1429103,1429103,0,0,1785319626095434782,1
1462,422130,0,422130,422130,0,0,1785319626096441812,0
1463,303650,0,303650,303650,0,0,1785319626097454897,1
1464,398377,0,398377,398377,0,0,1785319626098490541,0
1465,1011618,0,1011618,1011618,0,0,1785319626099520969,0
1466,80158,0,80158,80158,0,0,1785319626100534159,1
1467,686962,0,686962,686962,0,0,1785319626101548797,0
1468,536729,0,536729,536729,0,0,1785319626102559630,0
1469,356170,0,356170,356170,0,0,1785319626103577376,1
1470,148281,0,148281,148281,0,0,1785319626104599486,0
1471,632855,0,632855,632855,0,0,1785319626105632013,0
1472,628900,0,628900,628900,0,0,1785319626106647144,1
1473,1711476,0,1711476,1711476,0,0,1785319626107663640,0
1474,693280,0,693280,693280,0,0,1785319626108681912,0
1475,518683,0,518683,518683,0,0,1785319626109691542,1
1476,230191,0,230191,230191,0,0,1785319626110780474,0
1477,775313,0,775313,775313,0,0,1785319626111923211,1
1478,976749,0,976749,976749,0,0,1785319626112957898,1
1479,135174,0,135174,135174,0,0,1785319626113989084,0
1480,397432,0,397432,397432,0,0,1785319626115037043,0
1481,974393,0,974393,974393,0,0,1785319626116055055,0
1482,112998,0,112998,112998,0,0,1785319626117070794,1
1483,155448,0,155448,155448,0,0,1785319626118125726,0
1484,1449175,0,1449175,1449175,0,0,1785319626119157471,0
1485,425134,0,425134,425134,0,0,1785319626120181541,1
1486,126613,0,126613,126613,0,0,1785319626121192060,0
1487,1253591,0,1253591,1253591,0,0,1785319626122214546,1
1488,238677,0,238677,238677,0,0,1785319626123229489,1
1489,317187,0,317187,317187,0,0,1785319626124240903,0
1490,164510,0,164510,164510,0,0,1785319626125262563,0
1491,1405362,0,1405362,1405362,0,0,1785319626126297597,1
1492,384356,0,384356,384356,0,0,1785319626127318855,1
1493,1583914,0,1583914,1583914,0,0,1785319626128329366,0
1494,570465,0,570465,570465,0,0,1785319626129342874,1
1495,1018904,0,1018904,1018904,0,0,1785319626130350676,1
1496,181182,0,181182,181182,0,0,1785319626131365416,0
1497,223339,0,223339,223339,0,0,1785319626132381200,1
1498,618789,0,618789,618789,0,0,1785319626133409732,0
1499,1467538,0,1467538,1467538,0,0,1785319626134422884,1
1500,454514,0,454514,454514,0,0,1785319626135435996,1
1501,266265,0,266265,266265,0,0,1785319626136443819,0
1502,728337,0,728337,728337,0,0,1785319626137474450,1
1503,161142,0,161142,161142,0,0,1785319626138551969,0
1504,264589,0,264589,264589,0,0,1785319626139581018,1
1505,115473,0,115473,115473,0,0,1785319626140604812,1
1506,152793,0,152793,152793,0,0,1785319626141624844,0
1507,189738,0,189738,189738,0,0,1785319626142647522,1
1508,225547,0,225547,225547,0,0,1785319626143664652,1
1509,748438,0,748438,748438,0,0,1785319626144679516,1
1510,135352,0,135352,135352,0,0,1785319626145690007,0
1511,959240,0,959240,959240,0,0,1785319626146715256,0
1512,117026,0,117026,117026,0,0,1785319626147741642,0
1513,351372,0,351372,351372,0,0,1785319626148761257,1
1514,473025,0,473025,473025,0,0,1785319626149770621,1
1515,627582,0,627582,627582,0,0,1785319626150784366,1
1516,464008,0,464008,464008,0,0,1785319626151801788,1
1517,132997,0,132997,132997,0,0,1785319626152817421,1
1518,233315,0,233315,233315,0,0,1785319626153854897,0
1519,932269,0,932269,932269,0,0,1785319626154881668,0
1520,125037,0,125037,125037,0,0,1785319626155894414,1
1521,641068,0,641068,641068,0,0,1785319626156905305,0
1522,279257,0,279257,279257,0,0,1785319626157918613,1
1523,362983,0,362983,362983,0,0,1785319626158931295,1
1524,207044,0,207044,207044,0,0,1785319626159942704,0
1525,1238236,0,1238236,1238236,0,0,1785319626160954943,1
1526,227034,0,227034,227034,0,0,1785319626161966205,1
1527,320910,0,320910,320910,0,0,1785319626162973824,1
1528,302431,0,302431,302431,0,0,1785319626163988956,1
1529,1293073,0,1293073,1293073,0,0,1785319626164997425,0
1530,280797,0,280797,280797,0,0,1785319626166009784,1
1531,127920,0,127920,127920,0,0,1785319626167019988,1
1532,1595936,0,1595936,1595936,0,0,1785319626168042593,0
1533,586398,0,586398,586398,0,0,1785319626169052180,0
1534,185718,0,185718,185718,0,0,1785319626170061741,1
1535,3092134,0,3092134,3092134,0,0,1785319626220164555,1
1536,1996028,0,1996028,1996028,0,0,1785319626221260739,0
1537,972048,0,972048,972048,0,0,1785319626222284791,0
1538,561480,0,561480,561480,0,0,1785319626223307119,0
1539,884206,0,884206,884206,0,0,1785319626224325725,0
1540,515654,0,515654,515654,0,0,1785319626225344934,0
1541,1007199,0,1007199,1007199,0,0,1785319626226361246,0
1542,415740,0,415740,415740,0,0,1785319626227389509,0
1543,542201,0,542201,542201,0,0,1785319626228433664,0
1544,539075,0,539075,539075,0,0,1785319626229482847,1
1545,502265,0,502265,502265,0,0,1785319626230535928,0
1546,289767,0,289767,289767,0,0,1785319626231585418,1
1547,421976,0,421976,421976,0,0,1785319626232687778,0
1548,350144,0,350144,350144,0,0,1785319626235080859,0
1549,448532,0,448532,448532,0,0,1785319626236204156,0
1550,174648,0,174648,174648,0,0,1785319626237266999,0
1551,382376,0,382376,382376,0,0,1785319626238304445,1
1552,497631,0,497631,497631,0,0,1785319626239332430,1
1553,224133,0,224133,224133,0,0,1785319626240347128,0
1554,342652,0,342652,342652,0,0,1785319626241374338,1
1555,618830,0,618830,618830,0,0,1785319626242403173,0
1556,183655,0,183655,183655,0,0,1785319626243422236,1
1557,312699,0,312699,312699,0,0,1785319626244453208,0
1558,970228,0,970228,970228,0,0,1785319626245476662,0
1559,148882,0,148882,148882,0,0,1785319626246485907,0
1560,1959174,0,1959174,1959174,0,0,1785319626247496259,1
1561,947365,0,947365,947365,0,0,1785319626248508105,1
1562,301898,0,301898,301898,0,0,1785319626249518645,1
1563,166893,0,166893,166893,0,0,1785319626250535654,0
1564,477037,0,477037,477037,0,0,1785319626251565142,1
1565,387654,0,387654,387654,0,0,1785319626252579561,1
1566,170885,0,170885,170885,0,0,1785319626253608484,1
1567,2005174,0,2005174,2005174,0,0,1785319626254634643,0
1568,984739,0,984739,984739,0,0,1785319626255655134,0
1569,175050,0,175050,175050,0,0,1785319626256860947,1
1570,298116,0,298116,298116,0,0,1785319626257905372,0
1571,184743,0,184743,184743,0,0,1785319626258931873,0
1572,693158,0,693158,693158,0,0,1785319626259946832,0
1573,833515,0,833515,833515,0,0,1785319626260954446,0
1574,96702,0,96702,96702,0,0,1785319626261965017,0
1575,320752,0,320752,320752,0,0,1785319626262975070,0
1576,232681,0,232681,232681,0,0,1785319626263987802,0
1577,1411839,0,1411839,1411839,0,0,1785319626265035977,1
1578,392238,0,392238,392238,0,0,1785319626266055615,1
1579,403209,0,403209,403209,0,0,1785319626267063055,0
1580,509063,0,509063,509063,0,0,1785319626268073735,1
1581,127036,0,127036,127036,0,0,1785319626269090074,0
1582,168746,0,168746,168746,0,0,1785319626270143850,0
1583,186958,0,186958,186958,0,0,1785319626271274725,1
1584,260268,0,260268,260268,0,0,1785319626272306649,1
1585,931218,0,931218,931218,0,0,1785319626273333789,0
1586,140740,0,140740,140740,0,0,1785319626274360123,0
1587,936145,0,936145,936145,0,0,1785319626275372161,0
1588,85071,0,85071,85071,0,0,1785319626276383894,1
1589,562526,0,562526,562526,0,0,1785319626277466369,1
1590,241238,0,241238,241238,0,0,1785319626278503979,0
1591,1265786,0,1265786,1265786,0,0,1785319626279527996,1
1592,254468,0,254468,254468,0,0,1785319626280539400,0
1593,621807,0,621807,621807,0,0,1785319626281550015,0
1594,347407,0,347407,347407,0,0,1785319626282564987,0
1595,702300,0,702300,702300,0,0,1785319626283584952,1
1596,336299,0,336299,336299,0,0,1785319626284604509,1
1597,157094,0,157094,157094,0,0,1785319626285637756,0
1598,793898,0,793898,793898,0,0,1785319626286663056,1
1599,1835193,0,1835193,1835193,0,0,1785319626287678789,0
1600,808624,0,808624,808624,0,0,1785319626288705417,1
1601,512769,0,512769,512769,0,0,1785319626289712608,1
1602,690445,0,690445,690445,0,0,1785319626290726967,1
1603,329357,0,329357,329357,0,0,1785319626291761321,0
1604,249479,0,249479,249479,0,0,1785319626292786384,1
1605,566437,0,566437,566437,0,0,1785319626293825186,0
1606,245873,0,245873,245873,0,0,1785319626294849441,0
1607,799022,0,799022,799022,0,0,1785319626295873040,0
1608,1451329,0,1451329,1451329,0,0,1785319626296880606,0
1609,442720,0,442720,442720,0,0,1785319626297889467,1
1610,169339,0,169339,169339,0,0,1785319626298899471,1
1611,125586,0,125586,125586,0,0,1785319626299932304,0
1612,2296255,0,2296255,2296255,0,0,1785319626300953711,0
1613,1285830,0,1285830,1285830,0,0,1785319626301964239,1
1614,279336,0,279336,279336,0,0,1785319626302970760,1
1615,235304,0,235304,235304,0,0,1785319626303980402,0
1616,307914,0,307914,307914,0,0,1785319626304992153,1
1617,153183,0,153183,153183,0,0,1785319626306015742,1
1618,1221069,0,1221069,1221069,0,0,1785319626307038071,1
1619,208358,0,208358,208358,0,0,1785319626308050954,1
1620,752735,0,752735,752735,0,0,1785319626309058775,0
1621,588364,0,588364,588364,0,0,1785319626310071816,0
1622,448857,0,448857,448857,0,0,1785319626311095641,1
1623,439508,0,439508,439508,0,0,1785319626312109582,1
1624,501002,0,501002,501002,0,0,1785319626313132303,0
1625,299857,0,299857,299857,0,0,1785319626314212385,1
1626,715196,0,715196,715196,0,0,1785319626315245151,0
1627,2089156,0,2089156,2089156,0,0,1785319626316264188,1
1628,1070650,0,1070650,1070650,0,0,1785319626317282775,0
1629,324439,0,324439,324439,0,0,1785319626318294548,0
1630,254710,0,254710,254710,0,0,1785319626319318441,0
1631,150368,0,150368,150368,0,0,1785319626320397858,0
1632,1937320,0,1937320,1937320,0,0,1785319626321433480,1
1633,921440,0,921440,921440,0,0,1785319626322449388,0
1634,309333,0,309333,309333,0,0,1785319626323462338,0
1635,188891,0,188891,188891,0,0,1785319626324498485,0
1636,191130,0,191130,191130,0,0,1785319626325535281,1
1637,237541,0,237541,237541,0,0,1785319626326587394,1
1638,2358965,0,2358965,2358965,0,0,1785319626327621059,1
1639,1313236,0,1313236,1313236,0,0,1785319626328666829,0
1640,304436,0,304436,304436,0,0,1785319626329675676,0
1641,344208,0,344208,344208,0,0,1785319626330682635,0
1642,1020587,0,1020587,1020587,0,0,1785319626331692976,0
1643,140023,0,140023,140023,0,0,1785319626332703089,0
1644,218537,0,218537,218537,0,0,1785319626333722259,1
1645,543464,0,543464,543464,0,0,1785319626334747085,0
1646,2338400,0,2338400,2338400,0,0,1785319626335769579,1
1647,1330220,0,1330220,1330220,0,0,1785319626336777877,0
1648,321448,0,321448,321448,0,0,1785319626337786710,0
1649,1295880,0,1295880,1295880,0,0,1785319626338793780,0
1650,285722,0,285722,285722,0,0,1785319626339804023,0
1651,281154,0,281154,281154,0,0,1785319626340816042,1
1652,235940,0,235940,235940,0,0,1785319626341837296,1
1653,318921,0,318921,318921,0,0,1785319626342852388,0
1654,408828,0,408828,408828,0,0,1785319626343861467,1
1655,959582,0,959582,959582,0,0,1785319626344871009,0
1656,136290,0,136290,136290,0,0,1785319626345880707,0
1657,110197,0,110197,110197,0,0,1785319626346895728,0
1658,210860,0,210860,210860,0,0,1785319626347912377,0
1659,1307729,0,1307729,1307729,0,0,1785319626348948430,1
1660,280740,0,280740,280740,0,0,1785319626349975491,0
1661,184707,0,184707,184707,0,0,1785319626350982815,1
1662,191105,0,191105,191105,0,0,1785319626351997700,1
1663,509197,0,509197,509197,0,0,1785319626353009913,0
1664,380950,0,380950,380950,0,0,1785319626354024568,0
1665,171424,0,171424,171424,0,0,1785319626355053107,1
1666,2024826,0,2024826,2024826,0,0,1785319626356088503,1
1667,1006509,0,1006509,1006509,0,0,1785319626357107017,1
1668,93239,0,93239,93239,0,0,1785319626358115701,0
1669,1439868,0,1439868,1439868,0,0,1785319626359141685,1
1670,428566,0,428566,428566,0,0,1785319626360153057,1
1671,205476,0,205476,205476,0,0,1785319626361165334,1
1672,1794937,0,1794937,1794937,0,0,1785319626362196484,1
1673,748540,0,748540,748540,0,0,1785319626363242993,1
1674,291077,0,291077,291077,0,0,1785319626364251389,0
1675,88672,0,88672,88672,0,0,1785319626365267150,0
1676,145323,0,145323,145323,0,0,1785319626366293639,1
1677,624830,0,624830,624830,0,0,1785319626367310818,1
1678,214636,0,214636,214636,0,0,1785319626368326257,0
1679,868263,0,868263,868263,0,0,1785319626369354979,0
1680,2704366,0,2704366,2704366,0,0,1785319626370374734,0
1681,1688935,0,1688935,1688935,0,0,1785319626371390246,0
1682,680395,0,680395,680395,0,0,1785319626372398819,1
1683,181092,0,181092,181092,0,0,1785319626373405541,1
1684,268195,0,268195,268195,0,0,1785319626374415217,1
1685,273425,0,273425,273425,0,0,1785319626375426437,0
1686,264975,0,264975,264975,0,0,1785319626376468399,1
1687,123523,0,123523,123523,0,0,1785319626377483299,0
1688,216766,0,216766,216766,0,0,1785319626378501725,1
1689,1994331,0,1994331,1994331,0,0,1785319626379516815,1
1690,984055,0,984055,984055,0,0,1785319626380527140,0
1691,163265,0,163265,163265,0,0,1785319626381533946,1
1692,281968,0,281968,281968,0,0,1785319626382546790,1
1693,788048,0,788048,788048,0,0,1785319626383573418,0
1694,255832,0,255832,255832,0,0,1785319626384598906,0
1695,643843,0,643843,643843,0,0,1785319626385633351,1
1696,221516,0,221516,221516,0,0,1785319626386657780,1
1697,1172965,0,1172965,1172965,0,0,1785319626387679972,0
1698,145849,0,145849,145849,0,0,1785319626388707148,1
1699,133500,0,133500,133500,0,0,1785319626389722316,1
1700,190725,0,190725,190725,0,0,1785319626390747026,0
1701,506783,0,506783,506783,0,0,1785319626391761154,0
1702,540989,0,540989,540989,0,0,1785319626392772732,0
1703,484803,0,484803,484803,0,0,1785319626393783194,1
1704,905908,0,905908,905908,0,0,1785319626394794434,1
1705,295615,0,295615,295615,0,0,1785319626395815137,0
1706,168347,0,168347,168347,0,0,1785319626396834350,0
1707,440080,0,440080,440080,0,0,1785319626397857179,1
1708,176541,0,176541,176541,0,0,1785319626398867718,1
1709,1868237,0,1868237,1868237,0,0,1785319626399879106,1
1710,860058,0,860058,860058,0,0,1785319626400887387,1
1711,343491,0,343491,343491,0,0,1785319626401897756,0
1712,117661,0,117661,117661,0,0,1785319626402989528,0
1713,263713,0,263713,263713,0,0,1785319626404027175,1
1714,1187455,0,1187455,1187455,0,0,1785319626405053731,0
1715,132003,0,132003,132003,0,0,1785319626406109262,0
1716,751411,0,751411,751411,0,0,1785319626407122541,1
1717,1450865,0,1450865,1450865,0,0,1785319626408136622,0
1718,424905,0,424905,424905,0,0,1785319626409162617,0
1719,165150,0,165150,165150,0,0,1785319626410175942,1
1720,761451,0,761451,761451,0,0,1785319626411212631,1
1721,193264,0,193264,193264,0,0,1785319626412231094,1
1722,240142,0,240142,240142,0,0,1785319626413275463,0
1723,499506,0,499506,499506,0,0,1785319626414304471,0
1724,170710,0,170710,170710,0,0,1785319626415343177,1
1725,351603,0,351603,351603,0,0,1785319626416369454,1
1726,146277,0,146277,146277,0,0,1785319626417392377,0
1727,1819347,0,1819347,1819347,0,0,1785319626418416419,0
1728,797318,0,797318,797318,0,0,1785319626419438532,0
1729,818127,0,818127,818127,0,0,1785319626420445540,0
1730,715999,0,715999,715999,0,0,1785319626421456609,0
1731,1043389,0,1043389,1043389,0,0,1785319626422468919,0
1732,196104,0,196104,196104,0,0,1785319626423485130,0
1733,267439,0,267439,267439,0,0,1785319626424835873,1
1734,394648,0,394648,394648,0,0,1785319626425880548,0
1735,211411,0,211411,211411,0,0,1785319626426912849,0
1736,269874,0,269874,269874,0,0,1785319626427935823,1
1737,511101,0,511101,511101,0,0,1785319626428962643,0
1738,954842,0,954842,954842,0,0,1785319626429993301,0
1739,407984,0,407984,407984,0,0,1785319626431029467,1
1740,496314,0,496314,496314,0,0,1785319626432060542,0
1741,212608,0,212608,212608,0,0,1785319626433087964,1
1742,192254,0,192254,192254,0,0,1785319626434121662,1
1743,289818,0,289818,289818,0,0,1785319626435142449,1
1744,191268,0,191268,191268,0,0,1785319626436163852,1
1745,387549,0,387549,387549,0,0,1785319626437185867,0
1746,455376,0,455376,455376,0,0,1785319626438208258,0
1747,3185358,0,3185358,3185358,0,0,1785319626439234443,0
1748,2163777,0,2163777,2163777,0,0,1785319626440256121,1
1749,1157342,0,1157342,1157342,0,0,1785319626441262596,0
1750,175508,0,175508,175508,0,0,1785319626442272002,0
1751,485658,0,485658,485658,0,0,1785319626443283866,1
1752,384544,0,384544,384544,0,0,1785319626445085547,0
1753,333114,0,333114,333114,0,0,1785319626446128317,0
1754,309650,0,309650,309650,0,0,1785319626447199405,0
1755,133736,0,133736,133736,0,0,1785319626448300386,0
1756,114068,0,114068,114068,0,0,1785319626449370149,0
1757,951603,0,951603,951603,0,0,1785319626450395753,1
1758,133126,0,133126,133126,0,0,1785319626451408223,0
1759,172486,0,172486,172486,0,0,1785319626452425879,0
1760,130843,0,130843,130843,0,0,1785319626453446965,1
1761,160143,0,160143,160143,0,0,1785319626454459823,1
1762,1789890,0,1789890,1789890,0,0,1785319626455472589,1
1763,778490,0,778490,778490,0,0,1785319626456484088,1
1764,323906,0,323906,323906,0,0,1785319626457494011,1
1765,224536,0,224536,224536,0,0,1785319626458505031,0
1766,171159,0,171159,171159,0,0,1785319626459548212,1
1767,280113,0,280113,280113,0,0,1785319626460576455,1
1768,602930,0,602930,602930,0,0,1785319626461595484,1
1769,264381,0,264381,264381,0,0,1785319626462606916,1
1770,775358,0,775358,775358,0,0,1785319626463619684,0
1771,148407,0,148407,148407,0,0,1785319626464631686,1
1772,303359,0,303359,303359,0,0,1785319626465660063,1
1773,268246,0,268246,268246,0,0,1785319626466694301,1
1774,930302,0,930302,930302,0,0,1785319626467722817,0
1775,78360,0,78360,78360,0,0,1785319626468744297,0
1776,352680,0,352680,352680,0,0,1785319626469754486,1
1777,1416390,0,1416390,1416390,0,0,1785319626470767053,1
1778,405177,0,405177,405177,0,0,1785319626471778341,1
1779,365027,0,365027,365027,0,0,1785319626472788963,0
1780,279993,0,279993,279993,0,0,1785319626473820489,1
1781,342935,0,342935,342935,0,0,1785319626474838998,1
1782,199423,0,199423,199423,0,0,1785319626475854907,1
1783,303624,0,303624,303624,0,0,1785319626476895586,0
1784,516843,0,516843,516843,0,0,1785319626477927618,1
1785,300438,0,300438,300438,0,0,1785319626478956026,1
1786,390933,0,390933,390933,0,0,1785319626479980321,0
1787,267938,0,267938,267938,0,0,1785319626481294815,0
1788,233281,0,233281,233281,0,0,1785319626482324037,1
1789,452022,0,452022,452022,0,0,1785319626483351960,1
1790,353955,0,353955,353955,0,0,1785319626484384803,1
1791,266622,0,266622,266622,0,0,1785319626485411463,0
1792,266315,0,266315,266315,0,0,1785319626486439670,1
1793,202326,0,202326,202326,0,0,1785319626487497592,1
1794,378401,0,378401,378401,0,0,1785319626488530114,0
1795,214771,0,214771,214771,0,0,1785319626489562958,1
1796,208858,0,208858,208858,0,0,1785319626490592041,1
1797,530831,0,530831,530831,0,0,1785319626491621080,1
1798,177343,0,177343,177343,0,0,1785319626492640383,0
1799,585202,0,585202,585202,0,0,1785319626493667036,1
1800,439799,0,439799,439799,0,0,1785319626494692542,0
1801,1760844,0,1760844,1760844,0,0,1785319626495721206,0
1802,738964,0,738964,738964,0,0,1785319626496743146,1
1803,240394,0,240394,240394,0,0,1785319626497758073,0
1804,321114,0,321114,321114,0,0,1785319626498777812,0
1805,276670,0,276670,276670,0,0,1785319626499850016,0
1806,200303,0,200303,200303,0,0,1785319626500981414,0
1807,315583,0,315583,315583,0,0,1785319626502066124,1
1808,219555,0,219555,219555,0,0,1785319626503199465,1
1809,300311,0,300311,300311,0,0,1785319626504298261,1
1810,882459,0,882459,882459,0,0,1785319626505388094,1
1811,711602,0,711602,711602,0,0,1785319626506409908,0
1812,429441,0,429441,429441,0,0,1785319626507433489,1
1813,803268,0,803268,803268,0,0,1785319626508458697,1
1814,728035,0,728035,728035,0,0,1785319626509481104,0
1815,335842,0,335842,335842,0,0,1785319626510492036,0
1816,1880878,0,1880878,1880878,0,0,1785319626511508746,0
1817,865070,0,865070,865070,0,0,1785319626512524620,1
1818,370197,0,370197,370197,0,0,1785319626513531221,1
1819,117429,0,117429,117429,0,0,1785319626514542959,1
1820,2766551,0,2766551,2766551,0,0,1785319626515564294,1
1821,1755912,0,1755912,1755912,0,0,1785319626516575030,1
1822,748866,0,748866,748866,0,0,1785319626517582112,1
1823,432585,0,432585,432585,0,0,1785319626518592349,0
1824,1229459,0,1229459,1229459,0,0,1785319626519605266,0
1825,219830,0,219830,219830,0,0,1785319626520614948,0
1826,348534,0,348534,348534,0,0,1785319626521622477,1
1827,274661,0,274661,274661,0,0,1785319626522884121,0
1828,581871,0,581871,581871,0,0,1785319626523905199,0
1829,200213,0,200213,200213,0,0,1785319626524917914,0
1830,239710,0,239710,239710,0,0,1785319626525945162,1
1831,259096,0,259096,259096,0,0,1785319626526958019,0
1832,322588,0,322588,322588,0,0,1785319626527980410,0
1833,1240390,0,1240390,1240390,0,0,1785319626528994686,1
1834,225344,0,225344,225344,0,0,1785319626530009855,0
1835,177761,0,177761,177761,0,0,1785319626531022587,0
1836,181396,0,181396,181396,0,0,1785319626532043955,1
1837,714450,0,714450,714450,0,0,1785319626533061309,1
1838,90877,0,90877,90877,0,0,1785319626534108769,1
1839,119273,0,119273,119273,0,0,1785319626535128513,0
1840,2088590,0,2088590,2088590,0,0,1785319626536145282,1
1841,1074193,0,1074193,1074193,0,0,1785319626537159807,1
1842,94056,0,94056,94056,0,0,1785319626538167941,0
1843,617152,0,617152,617152,0,0,1785319626539184526,0
1844,2007544,0,2007544,2007544,0,0,1785319626540197562,1
1845,986346,0,986346,986346,0,0,1785319626541218836,0
1846,97509,0,97509,97509,0,0,1785319626542227359,0
1847,145854,0,145854,145854,0,0,1785319626543251960,1
1848,443344,0,443344,443344,0,0,1785319626544281068,0
1849,893157,0,893157,893157,0,0,1785319626545300643,0
1850,1164469,0,1164469,1164469,0,0,1785319626546320043,0
1851,148225,0,148225,148225,0,0,1785319626547336326,1
1852,1024181,0,1024181,1024181,0,0,1785319626548347507,1
1853,104550,0,104550,104550,0,0,1785319626549355815,1
1854,193041,0,193041,193041,0,0,1785319626550367369,1
1855,1281008,0,1281008,1281008,0,0,1785319626551380395,0
1856,270191,0,270191,270191,0,0,1785319626552391292,1
1857,117409,0,117409,117409,0,0,1785319626553400759,0
1858,135319,0,135319,135319,0,0,1785319626554411853,0
1859,2750192,0,2750192,2750192,0,0,1785319626555424847,0
1860,1736460,0,1736460,1736460,0,0,1785319626556438617,1
1861,729943,0,729943,729943,0,0,1785319626557445183,1
1862,139096,0,139096,139096,0,0,1785319626558458654,1
1863,1620534,0,1620534,1620534,0,0,1785319626559484328,1
1864,611999,0,611999,611999,0,0,1785319626560492912,0
1865,321338,0,321338,321338,0,0,1785319626561503027,0
1866,451087,0,451087,451087,0,0,1785319626562518055,0
1867,219013,0,219013,219013,0,0,1785319626563547381,1
1868,193981,0,193981,193981,0,0,1785319626564575105,0
1869,234777,0,234777,234777,0,0,1785319626565619585,0
1870,272820,0,272820,272820,0,0,1785319626566645202,0
1871,234344,0,234344,234344,0,0,1785319626567672261,1
1872,613751,0,613751,613751,0,0,1785319626568706859,0
1873,564574,0,564574,564574,0,0,1785319626569736718,0
1874,435327,0,435327,435327,0,0,1785319626570765738,1
1875,762228,0,762228,762228,0,0,1785319626571789134,0
1876,366519,0,366519,366519,0,0,1785319626572813370,1
1877,452513,0,452513,452513,0,0,1785319626573829050,1
1878,297531,0,297531,297531,0,0,1785319626574848193,1
1879,387326,0,387326,387326,0,0,1785319626576097348,1
1880,337062,0,337062,337062,0,0,1785319626577170360,1
1881,128347,0,128347,128347,0,0,1785319626578196637,1
1882,218768,0,218768,218768,0,0,1785319626579227133,1
1883,370148,0,370148,370148,0,0,1785319626580272213,0
1884,221531,0,221531,221531,0,0,1785319626581297768,0
1885,366227,0,366227,366227,0,0,1785319626582324618,0
1886,239794,0,239794,239794,0,0,1785319626583351880,0
1887,198361,0,198361,198361,0,0,1785319626584476915,0
1888,293726,0,293726,293726,0,0,1785319626585501426,0
1889,239199,0,239199,239199,0,0,1785319626586531493,0
1890,451593,0,451593,451593,0,0,1785319626587560956,0
1891,390193,0,390193,390193,0,0,1785319626588586935,1
1892,203183,0,203183,203183,0,0,1785319626589615356,0
1893,158551,0,158551,158551,0,0,1785319626590648456,0
1894,506617,0,506617,506617,0,0,1785319626591676887,1
1895,174932,0,174932,174932,0,0,1785319626592687403,0
1896,702247,0,702247,702247,0,0,1785319626593715079,1
1897,173638,0,173638,173638,0,0,1785319626594744749,0
1898,323186,0,323186,323186,0,0,1785319626595769125,0
1899,1496159,0,1496159,1496159,0,0,1785319626596794745,0
1900,488799,0,488799,488799,0,0,1785319626597802146,1
1901,824602,0,824602,824602,0,0,1785319626598812918,1
1902,174318,0,174318,174318,0,0,1785319626599838178,1
1903,453711,0,453711,453711,0,0,1785319626601227952,0
1904,497194,0,497194,497194,0,0,1785319626602373812,1
1905,187119,0,187119,187119,0,0,1785319626603525042,1
1906,402722,0,402722,402722,0,0,1785319626604556964,1
1907,736556,0,736556,736556,0,0,1785319626605576279,1
1908,202667,0,202667,202667,0,0,1785319626606600509,1
1909,349229,0,349229,349229,0,0,1785319626607625901,0
1910,626767,0,626767,626767,0,0,1785319626608647205,1
1911,158006,0,158006,158006,0,0,1785319626609674878,0
1912,435986,0,435986,435986,0,0,1785319626610693900,1
1913,854726,0,854726,854726,0,0,1785319626611720626,0
1914,504663,0,504663,504663,0,0,1785319626612746942,1
1915,241754,0,241754,241754,0,0,1785319626613787767,1
1916,174302,0,174302,174302,0,0,1785319626614819736,1
1917,258213,0,258213,258213,0,0,1785319626615851378,1
1918,1156425,0,1156425,1156425,0,0,1785319626616910082,1
1919,131883,0,131883,131883,0,0,1785319626617934695,0
1920,699530,0,699530,699530,0,0,1785319626618945995,1
1921,367866,0,367866,367866,0,0,1785319626619971759,1
1922,593828,0,593828,593828,0,0,1785319626620996110,1
1923,189862,0,189862,189862,0,0,1785319626622017392,1
1924,1112471,0,1112471,1112471,0,0,1785319626623026649,1
1925,205212,0,205212,205212,0,0,1785319626624053860,0
1926,258865,0,258865,258865,0,0,1785319626625100931,0
1927,174099,0,174099,174099,0,0,1785319626626127096,0
1928,378206,0,378206,378206,0,0,1785319626627150869,1
1929,1703625,0,1703625,1703625,0,0,1785319626628174028,0
1930,710807,0,710807,710807,0,0,1785319626629193645,1
1931,181200,0,181200,181200,0,0,1785319626630204629,0
1932,821111,0,821111,821111,0,0,1785319626631220267,1
1933,573233,0,573233,573233,0,0,1785319626632229564,1
1934,173833,0,173833,173833,0,0,1785319626633245433,1
1935,125318,0,125318,125318,0,0,1785319626634374850,0
1936,148605,0,148605,148605,0,0,1785319626635406725,1
1937,204643,0,204643,204643,0,0,1785319626636432212,1
1938,81740,0,81740,81740,0,0,1785319626637448655,0
1939,1565637,0,1565637,1565637,0,0,1785319626638461657,0
1940,548822,0,548822,548822,0,0,1785319626639478520,1
1941,1010718,0,1010718,1010718,0,0,1785319626640487270,0
1942,281562,0,281562,281562,0,0,1785319626641512169,0
1943,588965,0,588965,588965,0,0,1785319626642533539,0
1944,511800,0,511800,511800,0,0,1785319626643551430,0
1945,236229,0,236229,236229,0,0,1785319626644565019,1
1946,367527,0,367527,367527,0,0,1785319626645574995,0
1947,528417,0,528417,528417,0,0,1785319626646591274,0
1948,1788863,0,1788863,1788863,0,0,1785319626647606285,1
1949,775133,0,775133,775133,0,0,1785319626648620109,1
1950,618127,0,618127,618127,0,0,1785319626649626915,0
1951,1213554,0,1213554,1213554,0,0,1785319626650642679,0
1952,201957,0,201957,201957,0,0,1785319626651654325,0
1953,288902,0,288902,288902,0,0,1785319626652671613,0
1954,150687,0,150687,150687,0,0,1785319626653705648,1
1955,233638,0,233638,233638,0,0,1785319626654739555,0
1956,581448,0,581448,581448,0,0,1785319626655766265,1
1957,215176,0,215176,215176,0,0,1785319626656788244,1
1958,230437,0,230437,230437,0,0,1785319626657803111,0
1959,1021050,0,1021050,1021050,0,0,1785319626658816347,1
1960,145298,0,145298,145298,0,0,1785319626659833176,0
1961,395097,0,395097,395097,0,0,1785319626660867495,0
1962,187644,0,187644,187644,0,0,1785319626662270775,1
1963,710392,0,710392,710392,0,0,1785319626663329334,1
1964,126948,0,126948,126948,0,0,1785319626664343920,0
1965,929571,0,929571,929571,0,0,1785319626665378206,1
1966,222045,0,222045,222045,0,0,1785319626666394185,1
1967,1268733,0,1268733,1268733,0,0,1785319626667404957,0
1968,256125,0,256125,256125,0,0,1785319626668417672,1
1969,179003,0,179003,179003,0,0,1785319626669430478,1
1970,443235,0,443235,443235,0,0,1785319626670442905,0
1971,227522,0,227522,227522,0,0,1785319626671458743,1
1972,472897,0,472897,472897,0,0,1785319626672475396,0
1973,159703,0,159703,159703,0,0,1785319626673525805,0
1974,146561,0,146561,146561,0,0,1785319626674570748,1
1975,160210,0,160210,160210,0,0,1785319626675606031,1
1976,226680,0,226680,226680,0,0,1785319626676632735,0
1977,143231,0,143231,143231,0,0,1785319626677654209,1
1978,142202,0,142202,142202,0,0,1785319626678686022,0
1979,190273,0,190273,190273,0,0,1785319626679707307,0
1980,334332,0,334332,334332,0,0,1785319626680720569,1
1981,558058,0,558058,558058,0,0,1785319626681747729,0
1982,321279,0,321279,321279,0,0,1785319626682765293,0
1983,311891,0,311891,311891,0,0,1785319626683788200,0
1984,251467,0,251467,251467,0,0,1785319626684805409,0
1985,472490,0,472490,472490,0,0,1785319626685820445,1
1986,1360355,0,1360355,1360355,0,0,1785319626686832623,0
1987,348608,0,348608,348608,0,0,1785319626687844480,1
1988,1296880,0,1296880,1296880,0,0,1785319626688852534,1
1989,287895,0,287895,287895,0,0,1785319626689861625,0
1990,840329,0,840329,840329,0,0,1785319626690869283,0
1991,593239,0,593239,593239,0,0,1785319626691883814,1
1992,174493,0,174493,174493,0,0,1785319626692902190,0
1993,299280,0,299280,299280,0,0,1785319626693910575,1
1994,1184607,0,1184607,1184607,0,0,1785319626694929172,1
1995,167123,0,167123,167123,0,0,1785319626695946757,0
1996,1227219,0,1227219,1227219,0,0,1785319626696956808,1
1997,214286,0,214286,214286,0,0,1785319626697969821,0
1998,515733,0,515733,515733,0,0,1785319626698979605,1
1999,321657,0,321657,321657,0,0,1785319626699994062,1
2000,493553,0,493553,493553,0,0,1785319626701014391,0
