round,gen_attempts,t_gen_total_ns,gen_rtt_ns,ts_gen_success_ns,ts_swap_ns,swap_to_recv_ns,t_exp_ns,werner,pgen_success_bit,pswap_success_bit
0,1,528714,538674,1790709799736028319,1790709799735734684,293725,0,0.951078,1,1
1,1,583784,591264,1790709799736651163,1790709799736707111,275135,55948,0.705016,1,1
2,1,410773,417973,1790709799737404069,1790709799737149605,269324,0,0.000000,1,0
3,1,432313,439273,1790709799737860842,1790709799737607619,270223,0,0.000000,1,0
4,1,415853,422583,1790709799738302385,1790709799738245191,262135,0,0.798263,1,1
5,1,393553,400543,1790709799738909909,1790709799738655695,283124,0,0.833113,1,1
6,2,798766,412363,1790709799739746535,1790709799739491834,288381,0,0.517058,1,1
7,1,404143,411693,1790709799740193368,1790709799739928569,264889,0,0.910347,1,1
8,1,391013,398613,1790709799740600901,1790709799740347493,295248,0,0.000000,1,0
9,2,793925,400013,1790709799741445636,1790709799741184042,261674,0,0.507149,1,1
10,1,388252,395972,1790709799741851569,1790709799741589027,262602,0,0.000000,1,0
11,1,391333,398523,1790709799742259072,1790709799741996591,262551,0,0.779185,1,1
12,1,376383,383083,1790709799742650935,1790709799742397666,295999,0,0.000000,1,0
13,1,383433,390623,1790709799743085968,1790709799742828490,257548,0,0.000000,1,0
14,2,763625,389612,1790709799743865373,1790709799743605730,259723,0,0.633970,1,1
15,1,384183,390663,1790709799744265246,1790709799744012015,303081,0,0.776377,1,1
16,2,771406,397593,1790709799745095192,1790709799744840224,295768,0,0.000000,1,0
17,1,381903,391553,1790709799745530155,1790709799745274738,296917,0,0.895307,1,1
18,1,383293,393683,1790709799745966318,1790709799745710322,298486,0,0.756255,1,1
19,1,386793,395803,1790709799746406931,1790709799746150996,297445,0,0.000000,1,0
20,1,380533,390253,1790709799746840244,1790709799746585250,296384,0,0.767478,1,1
21,1,381793,391873,1790709799747274927,1790709799747092124,259924,0,0.911541,1,1
22,2,763065,386783,1790709799748126543,1790709799747871823,293250,0,0.567423,1,1
23,1,389703,399123,1790709799748570886,1790709799748315988,296388,0,0.752822,1,1
24,1,378712,388532,1790709799749002229,1790709799748745442,296107,0,0.764184,1,1
25,1,385932,395822,1790709799749439012,1790709799749178646,260436,0,0.763230,1,1
26,1,378173,387223,1790709799749835215,1790709799749580281,296264,0,0.929053,1,1
27,1,376943,385963,1790709799750264628,1790709799750010655,295633,0,0.906777,1,1
28,1,378263,387623,1790709799750695771,1790709799750441629,295072,0,0.762849,1,1
29,1,379643,389573,1790709799751127524,1790709799750868974,258630,0,0.000000,1,0
30,1,373993,383123,1790709799751519617,1790709799751267549,294328,0,0.787827,1,1
31,1,390993,401723,1790709799751963990,1790709799751695743,268337,0,0.000000,1,0
32,2,788295,400522,1790709799752775735,1790709799752513652,262173,0,0.517761,1,1
33,1,379203,389693,1790709799753174638,1790709799752919327,297661,0,0.783717,1,1
34,1,389243,399443,1790709799753617601,1790709799753352771,264900,0,0.000000,1,0
35,1,377473,386873,1790709799754014604,1790709799753760336,295908,0,0.780753,1,1
36,1,381203,393903,1790709799754449817,1790709799754193120,296417,0,0.000000,1,0
37,2,773336,392103,1790709799755274663,1790709799755020529,292064,0,0.000000,1,0
38,1,385693,395713,1790709799755709786,1790709799755447553,262303,0,0.000000,1,0
39,1,379672,389152,1790709799756108028,1790709799755854218,295281,0,0.780386,1,1
40,1,382632,392652,1790709799756543961,1790709799756284422,259609,0,0.000000,1,0
41,2,773006,393743,1790709799757335317,1790709799757080202,294945,0,0.526828,1,1
42,1,379523,388413,1790709799757765950,1790709799757511666,296094,0,0.769144,1,1
43,1,376903,386303,1790709799758195793,1790709799757941920,295973,0,0.763474,1,1
44,1,377783,387043,1790709799758627086,1790709799758373594,294772,0,0.762392,1,1
45,1,384533,394373,1790709799759067939,1790709799758809059,258950,0,0.759430,1,1
46,1,391713,403653,1790709799759477452,1790709799759209643,267879,0,0.789768,1,1
47,1,389582,401853,1790709799759887004,1790709799759623678,263406,0,0.778258,1,1
48,1,385212,396412,1790709799760293167,1790709799760035952,299546,0,0.777163,1,1
49,1,385232,397122,1790709799760732560,1790709799760471747,260893,0,0.760076,1,1
50,1,386243,398183,1790709799761139283,1790709799760877661,261692,0,0.787142,1,1
51,3,1170718,393663,1790709799762330281,1790709799762075455,294947,0,0.000000,1,0
52,1,386943,397563,1790709799762769095,1790709799762508640,260525,0,0.000000,1,0
53,1,385052,397072,1790709799763173517,1790709799762910774,262923,0,0.788631,1,1
54,1,378922,389202,1790709799763580510,1790709799763426947,258694,0,0.889347,1,1
55,1,376903,386063,1790709799764074044,1790709799763818452,297952,0,0.840198,1,1
56,1,381473,390433,1790709799764509117,1790709799764254346,297251,0,0.000000,1,0
57,1,385713,396913,1790709799764948560,1790709799764687370,261250,0,0.000000,1,0
58,1,380783,391953,1790709799765348943,1790709799765094885,296188,0,0.781753,1,1
59,1,383923,394973,1790709799765786086,1790709799765525189,260967,0,0.763116,1,1
60,1,377562,387282,1790709799766183378,1790709799765929134,295175,0,0.786882,1,1
61,1,751695,785286,1790709802769765924,1790709802769545576,256499,0,0.000000,1,0
62,3,1674373,502500,1790709802771515399,1790709802771246964,268525,0,0.000000,1,0
63,3,1334867,460759,1790709802772871747,1790709802772627105,264482,0,0.337927,1,1
64,1,406048,418329,1790709802773306685,1790709802773145309,251128,0,0.892553,1,1
65,1,413279,434898,1790709802773824976,1790709802773820590,252111,0,0.000000,1,0
66,1,411728,427039,1790709802774499959,1790709802774239114,260935,0,0.830242,1,1
67,2,811736,416369,1790709802775336526,1790709802775086393,283484,0,0.509890,1,1
68,2,779596,395638,1790709802776163073,1790709802775918472,285392,0,0.518325,1,1
69,1,385398,397328,1790709802776602452,1790709802776351486,251046,0,0.774857,1,1
70,1,383888,394818,1790709802777007430,1790709802776757751,289410,0,0.779364,1,1
71,1,382168,392888,1790709802777442239,1790709802777197215,285064,0,0.756663,1,1
72,1,379667,390688,1790709802777874917,1790709802777629369,288429,0,0.760160,1,1
73,1,381838,392548,1790709802778312726,1790709802778066343,288764,0,0.000000,1,0
74,2,772136,389528,1790709802779140363,1790709802778894722,283421,0,0.512995,1,1
75,1,382907,395088,1790709802779574561,1790709802779329417,245214,0,0.759202,1,1
76,1,388398,402578,1790709802779984000,1790709802779729061,255019,0,0.785436,1,1
77,1,383998,397328,1790709802780391478,1790709802780143606,288933,0,0.777931,1,1
78,1,384297,398498,1790709802780829756,1790709802780578320,251526,0,0.000000,1,0
79,1,385688,398928,1790709802781238125,1790709802780990245,289290,0,0.775904,1,1
80,1,410208,424028,1790709802781703834,1790709802781427509,276405,0,0.767047,1,1
81,1,387787,403658,1790709802782114382,1790709802781861503,253079,0,0.757686,1,1
82,1,381767,393628,1790709802782520230,1790709802782380836,252937,0,0.000000,1,0
83,2,779326,396758,1790709802783425779,1790709802783178886,286924,0,0.000000,1,0
84,1,388218,399648,1790709802783866768,1790709802783612050,254808,0,0.000000,1,0
85,1,379358,390168,1790709802784265706,1790709802784021205,285171,0,0.921909,1,1
86,1,389608,401568,1790709802784715535,1790709802784459649,285596,0,0.000000,1,0
87,1,381367,394558,1790709802785139203,1790709802784892133,286301,0,0.755394,1,1
88,1,379208,390728,1790709802785570402,1790709802785326057,286226,0,0.000000,1,0
89,2,1239375,652073,1790709814802253291,1790709814801950698,302683,0,0.968585,1,1
90,1,403448,411298,1790709814802694610,1790709814802429182,265518,0,0.000000,1,0
91,1,439228,446489,1790709814803152779,1790709814803235301,276526,82522,0.680264,1,1
92,1,431419,438559,1790709814803952976,1790709814803714095,269961,0,0.000000,1,0
93,1,401258,407798,1790709814804396105,1790709814804136919,280756,0,0.848456,1,1
94,3,1206654,405328,1790709814805639310,1790709814805378953,292388,0,0.344657,1,1
95,1,396888,403378,1790709814806077659,1790709814805815557,296173,0,0.764062,1,1
96,2,769196,386148,1790709814806890026,1790709814806629186,300790,0,0.520118,1,1
97,1,384107,392118,1790709814807323044,1790709814807057171,265943,0,0.765806,1,1
98,1,390248,398078,1790709814807730043,1790709814807463185,266948,0,0.931230,1,1
99,1,386548,394408,1790709814808132731,1790709814807866900,265911,0,0.933458,1,1
100,1,383138,390088,1790709814808532359,1790709814808271655,301215,0,0.000000,1,0
101,1,382468,389458,1790709814808964198,1790709814808703889,302330,0,0.896184,1,1
102,1,386318,392958,1790709814809402147,1790709814809142823,303795,0,0.000000,1,0
103,1,376578,383308,1790709814809832566,1790709814809572687,301779,0,0.764935,1,1
104,1,391548,398928,1790709814810275705,1790709814810001572,274223,0,0.000000,1,0
105,1,376608,382838,1790709814810668403,1790709814810507215,266900,0,0.000000,1,0
106,1,373218,379818,1790709814811156063,1790709814810897670,299913,0,0.833711,1,1
107,1,377157,383567,1790709814811583481,1790709814811323644,302018,0,0.769660,1,1
108,2,768916,387908,1790709814812403118,1790709814812142713,299876,0,0.515530,1,1
109,2,762726,388818,1790709814813214405,1790709814812953473,300662,0,0.523425,1,1
110,1,379997,391198,1790709814813647343,1790709814813390177,298627,0,0.758512,1,1
111,2,777495,400529,1790709814814479060,1790709814814211526,267624,0,0.516179,1,1
112,1,383208,394578,1790709814814882959,1790709814814616371,266658,0,0.927188,1,1
113,2,772296,391708,1790709814815675635,1790709814815414330,301416,0,0.531761,1,1
114,1,380928,391668,1790709814816109404,1790709814815849834,300220,0,0.758058,1,1
115,1,383177,394228,1790709814816545922,1790709814816281199,264803,0,0.762024,1,1
116,1,374288,385218,1790709814816939651,1790709814816679073,303588,0,0.934608,1,1
117,1,381747,392428,1790709814817377329,1790709814817116188,303352,0,0.765384,1,1
118,1,393498,404898,1790709814817829599,1790709814817552482,301847,0,0.757155,1,1
119,1,373358,383858,1790709814818240107,1790709814817981316,301532,0,0.761141,1,1
120,1,376168,386478,1790709814818672026,1790709814818413210,300697,0,0.764781,1,1
121,1,374318,385068,1790709814819100845,1790709814818919144,264572,0,0.000000,1,0
122,1,378167,388947,1790709814819574774,1790709814819314128,302277,0,0.832296,1,1
123,1,376018,386638,1790709814820005123,1790709814819745782,300182,0,0.761927,1,1
124,1,378428,389588,1790709814820441282,1790709814820181727,302656,0,0.000000,1,0
125,1,374348,385678,1790709814820871911,1790709814820612991,300731,0,0.898437,1,1
126,1,377427,388628,1790709814821304679,1790709814821048035,298955,0,0.000000,1,0
127,1,375957,387118,1790709814821735768,1790709814821477039,300280,0,0.769376,1,1
128,2,769826,390928,1790709814822560035,1790709814822302569,298267,0,0.511994,1,1
129,1,375828,386848,1790709814822989884,1790709814822729283,302902,0,0.768514,1,1
130,1,377728,388188,1790709814823422803,1790709814823164067,300577,0,0.762033,1,1
131,1,378977,389808,1790709814823856071,1790709814823596831,301571,0,0.757520,1,1
132,1,374747,384977,1790709814824285690,1790709814824027016,298415,0,0.766763,1,1
133,2,767486,389678,1790709814825105497,1790709814824845185,309053,0,0.000000,1,0
134,1,378708,385388,1790709814825541886,1790709814825281589,301798,0,0.000000,1,0
135,1,373928,380448,1790709814825965835,1790709814825706993,300832,0,0.764499,1,1
136,1,378987,385357,1790709814826395673,1790709814826137038,301846,0,0.761103,1,1
137,1,377468,384228,1790709814826825142,1790709814826561712,300621,0,0.763031,1,1
138,1,373288,379708,1790709814827244291,1790709814826986197,300374,0,0.894564,1,1
139,1,373097,379537,1790709814827668319,1790709814827409621,301609,0,0.769459,1,1
140,1,372078,378748,1790709814828092328,1790709814827833695,300864,0,0.890878,1,1
141,1,377668,384378,1790709814828520917,1790709814828261770,302547,0,0.757473,1,1
142,1,447399,459609,1790709814829020357,1790709814828689964,330493,0,0.000000,1,0
143,1,385278,395168,1790709814829429195,1790709814829490773,267339,61578,0.000000,1,0
144,2,763986,386478,1790709814830533918,1790709814830274903,301165,0,0.559304,1,1
145,1,377557,386928,1790709814830965036,1790709814830705187,301840,0,0.000000,1,0
146,2,762656,385508,1790709814831780903,1790709814831521477,306307,0,0.517342,1,1
147,1,374338,383998,1790709814832213882,1790709814831955761,299672,0,0.759293,1,1
148,2,759885,381568,1790709814833026478,1790709814832767350,308639,0,0.000000,1,0
149,1,381737,391078,1790709814833467877,1790709814833205744,303034,0,0.758892,1,1
150,1,378897,388588,1790709814833903216,1790709814833642298,302979,0,0.755984,1,1
151,1,384318,393758,1790709814834340855,1790709814834080843,303353,0,0.756527,1,1
152,1,381488,391238,1790709814834776754,1790709814834513497,263337,0,0.900830,1,1
153,1,371948,381178,1790709814835166662,1790709814834907162,303421,0,0.927754,1,1
154,2,766226,384968,1790709814835991409,1790709814835731511,300309,0,0.607299,1,1
155,2,783446,389098,1790709814836826626,1790709814836564190,301677,0,0.509146,1,1
156,1,884777,919077,1790709823849923559,1790709823849559494,364195,0,0.925595,1,1
157,1,550950,575241,1790709823850548710,1790709823850236045,312795,0,0.000000,1,0
158,1,535330,546920,1790709823851126021,1790709823850837047,289054,0,0.000000,1,0
159,1,660994,681864,1790709826856715094,1790709826856394471,320733,0,0.514149,1,1
160,1,506031,517531,1790709826857280946,1790709826856977473,303563,0,0.000000,1,0
161,1,428339,440969,1790709826857732065,1790709826857461197,271058,0,0.961058,1,1
162,2,855228,450109,1790709826858609453,1790709826858342425,279768,0,0.000000,1,0
163,2,868917,437599,1790709826859502391,1790709826859239213,286289,0,0.520549,1,1
164,2,810777,407758,1790709826860345269,1790709826860076102,269247,0,0.526801,1,1
165,1,394138,402059,1790709826860755837,1790709826860491276,297782,0,0.000000,1,0
166,2,777766,394338,1790709826861575464,1790709826861309796,303789,0,0.518989,1,1
167,1,379138,385958,1790709826862001863,1790709826861736440,306534,0,0.770607,1,1
168,1,383898,393898,1790709826862435522,1790709826862175334,301919,0,0.000000,1,0
169,1,376618,383668,1790709826862863201,1790709826862600219,304083,0,0.000000,1,0
170,1,380548,389608,1790709826863293410,1790709826863027303,306118,0,0.751559,1,1
171,2,769156,389728,1790709826864111097,1790709826863844382,303235,0,0.510543,1,1
172,1,386538,394459,1790709826864542885,1790709826864273676,269309,0,0.000000,1,0
173,1,386438,400208,1790709826864946634,1790709826864731440,271035,0,0.925050,1,1
174,2,772216,393878,1790709826865783901,1790709826865510430,304042,0,0.560295,1,1
175,2,763826,388968,1790709826866586908,1790709826866323319,303399,0,0.510471,1,1
176,2,778086,399928,1790709826867413405,1790709826867142478,270997,0,0.510589,1,1
177,1,386168,394648,1790709826867816093,1790709826867542113,274060,0,0.000000,1,0
178,2,764556,387648,1790709826868597329,1790709826868332712,304108,0,0.525854,1,1
179,1,374918,382368,1790709826869021018,1790709826868759077,305422,0,0.887773,1,1
180,1,377408,384278,1790709826869450957,1790709826869188411,304547,0,0.756035,1,1
181,1,383468,391178,1790709826869888156,1790709826869624725,308022,0,0.750320,1,1
182,3,1153144,383848,1790709826871094491,1790709826870829329,304192,0,0.347436,1,1
183,2,759745,382608,1790709826871901887,1790709826871638748,304250,0,0.000000,1,0
184,1,375408,381748,1790709826872327226,1790709826872063513,305194,0,0.756187,1,1
185,1,381048,387938,1790709826872758435,1790709826872496577,304499,0,0.878756,1,1
186,1,375758,387908,1790709826873185604,1790709826872920772,306543,0,0.755824,1,1
187,1,380568,391388,1790709826873621063,1790709826873355646,315678,0,0.749359,1,1
188,1,375258,385988,1790709826874059552,1790709826873795900,305463,0,0.870961,1,1
189,1,375568,386308,1790709826874489811,1790709826874226704,305667,0,0.000000,1,0
190,1,386848,398658,1790709826874932080,1790709826874657229,274941,0,0.752370,1,1
191,1,378598,388998,1790709826875331048,1790709826875065723,307746,0,0.766717,1,1
192,1,375678,386338,1790709826875761957,1790709826875498227,306521,0,0.753456,1,1
193,1,374708,385648,1790709826876192226,1790709826875928652,305505,0,0.000000,1,0
194,1,395208,406508,1790709826876641965,1790709826876368756,273279,0,0.747960,1,1
195,1,385608,397579,1790709826877051863,1790709826876780600,271353,0,0.770269,1,1
196,1,380828,391628,1790709826877453212,1790709826877188435,307488,0,0.907257,1,1
197,1,375078,385838,1790709826877884181,1790709826877620559,309243,0,0.753124,1,1
198,2,771666,391558,1790709826878714478,1790709826878449188,306281,0,0.000000,1,0
199,1,385988,397338,1790709826879154257,1790709826878884693,269654,0,0.876394,1,1
200,3,1161634,394908,1790709826880335321,1790709826880065377,270014,0,0.354759,1,1
201,2,766215,386988,1790709826881123647,1790709826880858956,304822,0,0.000000,1,0
202,1,388158,399029,1790709826881564786,1790709826881290661,307536,0,0.755280,1,1
203,1,380298,391219,1790709826881991265,1790709826881725215,308381,0,0.876343,1,1
204,1,379678,390218,1790709826882426774,1790709826882163249,306386,0,0.000000,1,0
205,1,381198,391858,1790709826882863533,1790709826882599693,306791,0,0.750245,1,1
206,2,772706,387358,1790709826883692830,1790709826883429262,303569,0,0.590260,1,1
207,1,388168,399669,1790709826884133739,1790709826883861397,272432,0,0.000000,1,0
208,1,380278,390978,1790709826884534668,1790709826884269561,307088,0,0.778313,1,1
209,1,380818,391408,1790709826884970147,1790709826884703906,307502,0,0.750852,1,1
210,1,390628,401948,1790709826885414946,1790709826885144270,270766,0,0.000000,1,0
211,1,383398,394658,1790709826885818064,1790709826885547824,270320,0,0.775199,1,1
212,1,382327,394238,1790709826886219592,1790709826885949139,270523,0,0.000000,1,0
213,3,1158104,390668,1790709826887401577,1790709826887137763,304455,0,0.414693,1,1
214,1,375698,386298,1790709826887830766,1790709826887566418,307369,0,0.765285,1,1
215,2,766716,389418,1790709826888653633,1790709826888389837,304037,0,0.000000,1,0
216,1,381278,391938,1790709826889088212,1790709826888821641,316902,0,0.753885,1,1
217,1,391268,402668,1790709826889543281,1790709826889267915,275436,0,0.741414,1,1
218,1,380308,390989,1790709826889943709,1790709826889678210,307570,0,0.000000,1,0
219,2,776996,397729,1790709826890775626,1790709826890504639,271057,0,0.510558,1,1
220,2,772966,392118,1790709826891572183,1790709826891307268,305706,0,0.522254,1,1
221,1,377438,387918,1790709826892003332,1790709826891737753,305880,0,0.887507,1,1
222,1,381648,392018,1790709826892438041,1790709826892173497,307355,0,0.000000,1,0
223,1,379898,390548,1790709826892873610,1790709826892607981,307810,0,0.000000,1,0
224,1,395938,407748,1790709826893329569,1790709826893063765,306355,0,0.732753,1,1
225,2,763236,386168,1790709826894146306,1790709826893882104,304463,0,0.598701,1,1
226,1,382218,393028,1790709826894582105,1790709826894355808,271888,0,0.942358,1,1
227,2,749506,387208,1790709826895390412,1790709826895124757,305645,0,0.657485,1,1
228,1,385548,396968,1790709826895829401,1790709826895558852,270649,0,0.000000,1,0
229,1,382898,394068,1790709826896232489,1790709826895961186,271373,0,0.000000,1,0
230,1,380718,391158,1790709826896633317,1790709826896369351,305897,0,0.000000,1,0
231,1,398339,409469,1790709826897086187,1790709826896813475,306492,0,0.742520,1,1
232,1,386058,396748,1790709826897519046,1790709826897254189,307307,0,0.745361,1,1
233,1,380287,390998,1790709826897955034,1790709826897689933,309702,0,0.750125,1,1
234,1,379468,389908,1790709826898391974,1790709826898125238,309276,0,0.760319,1,1
235,1,375737,386088,1790709826898823152,1790709826898560582,304851,0,0.774020,1,1
236,1,383187,394948,1790709826899261251,1790709826898989486,271855,0,0.754435,1,1
237,1,380018,390718,1790709826899661550,1790709826899396091,307050,0,0.779115,1,1
238,1,383408,395078,1790709826900099349,1790709826899828965,270464,0,0.755915,1,1
239,1,377088,387688,1790709826900496617,1790709826900305919,271340,0,0.911240,1,1
240,1,381308,392028,1790709826900972037,1790709826900708403,305015,0,0.813934,1,1
241,1,390818,402558,1790709826901417076,1790709826901146718,270428,0,0.749531,1,1
242,1,375668,386008,1790709826901814124,1790709826901550222,306063,0,0.775570,1,1
243,1,378238,389778,1790709826902247143,1790709826901981807,307617,0,0.000000,1,0
244,2,770766,385048,1790709826903073240,1790709826902810176,303135,0,0.808748,1,1
245,1,380148,391208,1790709826903509769,1790709826903245220,306320,0,0.749165,1,1
246,1,381278,391668,1790709826903945648,1790709826903681194,306805,0,0.752115,1,1
247,1,391038,402258,1790709826904392117,1790709826904117168,307160,0,0.000000,1,0
248,1,376098,386598,1790709826904813206,1790709826904549483,306304,0,0.887409,1,1
249,1,376658,387348,1790709826905245185,1790709826904979257,304119,0,0.750928,1,1
250,1,377098,387478,1790709826905673134,1790709826905409391,305714,0,0.759173,1,1
251,2,771466,392848,1790709826906499161,1790709826906232680,304921,0,0.507834,1,1
252,2,765206,385908,1790709826907319678,1790709826907058889,299289,0,0.000000,1,0
253,3,1161884,398068,1790709826908532883,1790709826908261633,271340,0,0.000000,1,0
254,2,783466,396868,1790709826909337179,1790709826909065923,271346,0,0.520543,1,1
255,1,383838,395558,1790709826909744638,1790709826909475827,268891,0,0.777995,1,1
256,1,385648,396968,1790709826910150206,1790709826909878932,271344,0,0.777589,1,1
257,1,380638,391778,1790709826910550654,1790709826910285757,306218,0,0.776276,1,1
258,1,383088,394639,1790709826910988073,1790709826910717591,270572,0,0.000000,1,0
259,1,374687,385258,1790709826911382481,1790709826911118646,305136,0,0.784556,1,1
260,2,765505,389338,1790709826912202118,1790709826911935755,313124,0,0.516256,1,1
261,2,780606,398408,1790709826913042426,1790709826912767964,274562,0,0.000000,1,0
262,1,379758,390298,1790709826913441994,1790709826913177908,306087,0,0.774030,1,1
263,1,376748,387588,1790709826913874033,1790709826913610353,305581,0,0.751813,1,1
264,1,377148,387638,1790709826914309442,1790709826914046067,304546,0,0.000000,1,0
265,3,1154614,390948,1790709826915517707,1790709826915252381,305397,0,0.347449,1,1
266,1,379288,389878,1790709826915950176,1790709826915685665,305641,0,0.754164,1,1
267,1,380788,391998,1790709826916385295,1790709826916115860,269515,0,0.000000,1,0
268,1,373928,384558,1790709826916778733,1790709826916517584,306910,0,0.000000,1,0
269,1,374698,386058,1790709826917221872,1790709826916957678,305195,0,0.000000,1,0
270,1,374968,385508,1790709826917650861,1790709826917388563,304219,0,0.000000,1,0
271,2,772966,390498,1790709826918478368,1790709826918213422,304197,0,0.590348,1,1
272,1,381468,397448,1790709826918911937,1790709826918643156,268861,0,0.753003,1,1
273,1,376178,389428,1790709826919312385,1790709826919047401,305385,0,0.773448,1,1
274,1,373958,385208,1790709826919739274,1790709826919476295,304540,0,0.882305,1,1
275,1,382988,394148,1790709826920177053,1790709826919904549,307154,0,0.872330,1,1
276,1,382968,393588,1790709826920607832,1790709826920341734,306388,0,0.748520,1,1
277,2,775376,389078,1790709826921439999,1790709826921174743,304737,0,0.000000,1,0
278,2,757425,379948,1790709826922245705,1790709826921983022,302704,0,0.605880,1,1
279,1,378268,384828,1790709826922672734,1790709826922408756,305839,0,0.763367,1,1
280,1,375808,382518,1790709826923099013,1790709826922834170,306354,0,0.759074,1,1
281,1,377838,384198,1790709826923526872,1790709826923263775,304838,0,0.887498,1,1
282,1,383328,389988,1790709826923960461,1790709826923696999,305483,0,0.867779,1,1
283,1,385388,393038,1790709826924396660,1790709826924130413,266327,0,0.877597,1,1
284,1,376848,384698,1790709826924789168,1790709826924525808,306581,0,0.000000,1,0
285,2,767816,391218,1790709826925608855,1790709826925342747,304879,0,0.600836,1,1
286,1,378718,389478,1790709826926039424,1790709826925773201,307704,0,0.752785,1,1
287,1,847258,874708,1790709835937872967,1790709835937597097,276000,0,0.934093,1,1
288,2,1174101,477624,1790709835939114069,1790709835938858810,269009,0,0.474953,1,1
289,1,447945,444585,1790709835939598634,1790709835939348894,263590,0,0.960588,1,1
290,1,434644,442154,1790709835940057368,1790709835939808578,268690,0,0.823371,1,1
291,2,869479,428744,1790709835940953647,1790709835940696806,274391,0,0.000000,1,0
292,1,399784,406634,1790709835941378611,1790709835941127820,280961,0,0.000000,1,0
293,1,378913,386954,1790709835941797034,1790709835941545505,251619,0,0.970931,1,1
294,2,760357,384034,1790709835942575102,1790709835942325334,290408,0,0.564383,1,1
295,2,762257,383334,1790709835943386839,1790709835943137083,288337,0,0.517726,1,1
296,1,378083,384804,1790709835943815833,1790709835943566938,290406,0,0.885503,1,1
297,2,756187,384453,1790709835944622441,1790709835944375457,286904,0,0.517202,1,1
298,1,379033,386443,1790709835945050015,1790709835944808131,282955,0,0.747901,1,1
299,1,387853,394503,1790709835945487969,1790709835945237016,292214,0,0.000000,1,0
300,3,1144311,386574,1790709835946682031,1790709835946432390,290861,0,0.350244,1,1
301,1,385054,392154,1790709835947117365,1790709835946857084,292751,0,0.000000,1,0
302,1,374774,381214,1790709835947533719,1790709835947284639,291020,0,0.749824,1,1
303,1,375694,382994,1790709835947959893,1790709835947709673,296300,0,0.000000,1,0
304,2,757118,383824,1790709835948772331,1790709835948522042,291299,0,0.509584,1,1
305,1,373074,380434,1790709835949195395,1790709835948946417,291228,0,0.880611,1,1
306,2,764867,388004,1790709835950011682,1790709835949759566,291847,0,0.509670,1,1
307,1,379894,386144,1790709835950440017,1790709835950190300,292547,0,0.758535,1,1
308,1,381264,388924,1790709835950878991,1790709835950623114,255967,0,0.752823,1,1
309,1,376003,382874,1790709835951272274,1790709835951023339,293136,0,0.779450,1,1
310,1,379404,385944,1790709835951704539,1790709835951454463,292016,0,0.000000,1,0
311,1,371594,378414,1790709835952126613,1790709835951931277,254586,0,0.000000,1,0
312,1,374954,381654,1790709835952569547,1790709835952320822,292385,0,0.000000,1,0
313,1,395564,407964,1790709835953017361,1790709835952750206,267255,0,0.752755,1,1
314,1,377414,388704,1790709835953416445,1790709835953165831,292794,0,0.769206,1,1
315,1,377414,388314,1790709835953848869,1790709835953597405,293544,0,0.000000,1,0
316,1,376563,387623,1790709835954280273,1790709835954028199,302195,0,0.000000,1,0
317,2,765847,388154,1790709835955109281,1790709835954858398,291013,0,0.509533,1,1
318,1,378823,389273,1790709835955541285,1790709835955290373,293253,0,0.000000,1,0
319,1,377953,388433,1790709835955974579,1790709835955723367,294433,0,0.749990,1,1
320,1,391964,403434,1790709835956423184,1790709835956166341,256933,0,0.000000,1,0
321,1,377353,388173,1790709835956820287,1790709835956568946,295692,0,0.000000,1,0
322,1,374144,385654,1790709835957255272,1790709835957005020,292922,0,0.000000,1,0
323,1,377994,388724,1790709835957688826,1790709835957438294,292412,0,0.749090,1,1
324,1,378324,388764,1790709835958121610,1790709835957868249,294441,0,0.000000,1,0
325,1,384094,395294,1790709835958559324,1790709835958301713,257701,0,0.750259,1,1
326,1,375864,386844,1790709835958954538,1790709835958704077,293241,0,0.775385,1,1
327,1,381234,392634,1790709835959391092,1790709835959134342,256840,0,0.756058,1,1
328,1,379554,394044,1790709835959790116,1790709835959540926,291120,0,0.772707,1,1
329,1,375114,386114,1790709835960220090,1790709835959969141,293169,0,0.756686,1,1
330,1,385194,397234,1790709835960660704,1790709835960403085,257689,0,0.000000,1,0
331,1,395654,406764,1790709835961076828,1790709835960824219,293959,0,0.762491,1,1
332,1,378634,389294,1790709835961511132,1790709835961257884,302499,0,0.749824,1,1
333,1,381673,394443,1790709835961955016,1790709835961698318,256958,0,0.000000,1,0
334,1,375764,387724,1790709835962355710,1790709835962105232,292258,0,0.767163,1,1
335,1,373173,384463,1790709835962783284,1790709835962531677,291767,0,0.754540,1,1
336,1,378343,390263,1790709835963214398,1790709835962958191,256317,0,0.752770,1,1
337,1,376294,386914,1790709835963611152,1790709835963359516,294006,0,0.000000,1,0
338,2,788898,399744,1790709835964455310,1790709835964197684,257706,0,0.000000,1,0
339,1,384094,395344,1790709835964859054,1790709835964605939,294405,0,0.000000,1,0
340,1,377994,389004,1790709835965294668,1790709835965043123,293085,0,0.751874,1,1
341,1,375114,385644,1790709835965723952,1790709835965473097,292665,0,0.757369,1,1
342,1,375334,386164,1790709835966153826,1790709835965904652,292034,0,0.750514,1,1
343,1,378434,388964,1790709835966588130,1790709835966336606,293394,0,0.000000,1,0
344,1,369753,380283,1790709835967012464,1790709835966762650,291655,0,0.877606,1,1
345,1,383323,395083,1790709835967450498,1790709835967195015,255563,0,0.000000,1,0
346,1,372934,383524,1790709835967844892,1790709835967595469,293213,0,0.773890,1,1
347,1,380683,392233,1790709835968281986,1790709835968025064,256992,0,0.750979,1,1
348,1,373534,384514,1790709835968675470,1790709835968424918,303492,0,0.000000,1,0
349,1,374433,389023,1790709835969116014,1790709835968865583,292122,0,0.859771,1,1
350,1,376123,387253,1790709835969549368,1790709835969298097,293652,0,0.754170,1,1
351,1,374013,388514,1790709835969978512,1790709835969727591,294862,0,0.752047,1,1
352,1,369203,379844,1790709835970404906,1790709835970156125,292152,0,0.000000,1,0
353,1,374994,385994,1790709835970836411,1790709835970586250,292311,0,0.754261,1,1
354,1,372054,382654,1790709835971263375,1790709835971057874,257321,0,0.000000,1,0
355,1,377534,388874,1790709835971705769,1790709835971450468,255371,0,0.826300,1,1
356,1,370794,382204,1790709835972095963,1790709835971919132,257211,0,0.913009,1,1
357,1,360094,370914,1790709835972549387,1790709835972434555,258873,0,0.859514,1,1
358,1,369764,380284,1790709835973076122,1790709835972825980,291262,0,0.823199,1,1
359,2,757678,380594,1790709835973887970,1790709835973638689,289581,0,0.600002,1,1
360,1,371424,381984,1790709835974312544,1790709835974062254,292300,0,0.758239,1,1
361,1,374744,385364,1790709835974742068,1790709835974494598,289240,0,0.749158,1,1
362,1,374614,385654,1790709835975171062,1790709835974919442,294060,0,0.759249,1,1
363,1,378514,389184,1790709835975604936,1790709835975352447,293749,0,0.750634,1,1
364,1,372643,383253,1790709835976031640,1790709835975781951,299790,0,0.751581,1,1
365,1,377433,388163,1790709835976472124,1790709835976221795,292520,0,0.000000,1,0
366,2,764247,390723,1790709835977291362,1790709835977041574,289488,0,0.000000,1,0
367,1,378663,389203,1790709835977722586,1790709835977472489,292478,0,0.760836,1,1
368,1,379253,390313,1790709835978156900,1790709835977905133,294618,0,0.751995,1,1
369,1,393593,404914,1790709835978606404,1790709835978342027,264457,0,0.749787,1,1
370,2,780497,388764,1790709835979406342,1790709835979154136,290356,0,0.515252,1,1
371,1,381694,394344,1790709835979839506,1790709835979584351,255225,0,0.757398,1,1
372,1,378584,389754,1790709835980242700,1790709835979991385,294775,0,0.000000,1,0
373,1,378994,390104,1790709835980678014,1790709835980427210,292874,0,0.000000,1,0
374,1,381233,392443,1790709835981113998,1790709835980859904,293824,0,0.750755,1,1
375,1,380493,391083,1790709835981547042,1790709835981294198,294385,0,0.000000,1,0
376,1,384093,399644,1790709835981985596,1790709835981728822,256854,0,0.752461,1,1
377,1,376283,387003,1790709835982385570,1790709835982133427,294744,0,0.000000,1,0
378,1,385683,397034,1790709835982826794,1790709835982569081,257783,0,0.753425,1,1
379,1,382543,393723,1790709835983228898,1790709835982970516,258462,0,0.774779,1,1
380,1,402894,414794,1790709835983653992,1790709835983387940,266142,0,0.764193,1,1
381,2,785127,402744,1790709835984459240,1790709835984201850,257490,0,0.515065,1,1
382,1,385214,397194,1790709835984865674,1790709835984607014,258740,0,0.776245,1,1
383,1,383804,396464,1790709835985269658,1790709835985010589,259139,0,0.774377,1,1
384,1,384334,395784,1790709835985674702,1790709835985417674,257098,0,0.774640,1,1
385,3,1170571,396724,1790709835986864593,1790709835986607608,257055,0,0.351675,1,1
386,1,380684,392514,1790709835987265617,1790709835987010202,255505,0,0.777777,1,1
387,3,1165121,398914,1790709835988450888,1790709835988194667,256311,0,0.356801,1,1
388,2,766248,391794,1790709835989237256,1790709835988987966,288990,0,0.613501,1,1
389,1,392914,399854,1790709835989682900,1790709835989431040,293830,0,0.747960,1,1
390,1,384434,395674,1790709835990122284,1790709835989863445,258919,0,0.751919,1,1
391,1,377664,388494,1790709835990519598,1790709835990339958,254911,0,0.914197,1,1
392,1,372343,386713,1790709835990979952,1790709835990732083,291830,0,0.819266,1,1
393,1,375153,386143,1790709835991411706,1790709835991163087,291380,0,0.000000,1,0
394,1,379633,391054,1790709835991847040,1790709835991590342,290309,0,0.876763,1,1
395,1,378373,391614,1790709835992271644,1790709835992019496,292449,0,0.747436,1,1
396,1,389814,402044,1790709835992714949,1790709835992455010,260019,0,0.745622,1,1
397,1,385314,396594,1790709835993120813,1790709835992862625,258258,0,0.770191,1,1
398,1,387093,400534,1790709835993527676,1790709835993269869,257997,0,0.771054,1,1
399,3,1162971,394784,1790709835994713108,1790709835994459903,291385,0,0.000000,1,0
400,1,384134,395324,1790709835995148662,1790709835994890658,258074,0,0.757678,1,1
401,1,380323,391754,1790709835995549275,1790709835995298632,293214,0,0.771672,1,1
402,1,378084,392634,1790709835995982790,1790709835995733637,294843,0,0.750394,1,1
403,1,375454,386334,1790709835996416804,1790709835996167181,289723,0,0.753808,1,1
404,1,375664,386474,1790709835996848448,1790709835996598535,291733,0,0.000000,1,0
405,1,378164,389324,1790709835997281402,1790709835997029669,294133,0,0.754157,1,1
406,2,774898,393544,1790709835998111500,1790709835997854718,256852,0,0.512011,1,1
407,1,381174,393234,1790709835998512864,1790709835998258813,254141,0,0.000000,1,0
408,1,381493,394283,1790709835998914537,1790709835998659028,255599,0,0.000000,1,0
409,1,392563,402553,1790709835999328071,1790709835999064002,292720,0,0.000000,1,0
410,2,789047,406304,1790709836000158569,1790709835999895371,263278,0,0.505569,1,1
411,1,385314,398074,1790709836000566853,1790709836000310756,256167,0,0.766074,1,1
412,1,380304,394604,1790709836000968377,1790709836000714951,294436,0,0.775904,1,1
413,1,380994,395554,1790709836001403251,1790709836001148585,291126,0,0.876711,1,1
414,1,377513,389253,1790709836001831725,1790709836001580639,291517,0,0.756861,1,1
415,1,385383,398353,1790709836002270649,1790709836002011613,259226,0,0.751296,1,1
416,1,385073,397903,1790709836002677153,1790709836002424188,253045,0,0.900334,1,1
417,1,374364,385424,1790709836003072457,1790709836002821783,294494,0,0.781221,1,1
418,1,380323,390933,1790709836003509391,1790709836003256417,292985,0,0.749877,1,1
419,1,373713,384343,1790709836003936015,1790709836003686931,290145,0,0.880225,1,1
420,1,386243,399884,1790709836004380299,1790709836004120976,259393,0,0.746114,1,1
421,3,1162801,396124,1790709836005571411,1790709836005319920,290971,0,0.350163,1,1
422,2,764798,384704,1790709836006388639,1790709836006139989,288700,0,0.598342,1,1
423,1,379664,390954,1790709836006821533,1790709836006570493,300510,0,0.881952,1,1
424,1,373904,384884,1790709836007258387,1790709836007007597,290130,0,0.000000,1,0
425,1,375264,386044,1790709836007685421,1790709836007490711,254481,0,0.930188,1,1
426,1,373343,384713,1790709836008132195,1790709836007883536,291110,0,0.822458,1,1
427,1,383773,395194,1790709836008571219,1790709836008315370,255929,0,0.751371,1,1
428,1,377733,388573,1790709836008968293,1790709836008718085,294109,0,0.775159,1,1
429,1,386743,389043,1790709836009407607,1790709836009152119,255578,0,0.000000,1,0
430,1,375423,382043,1790709836009801531,1790709836009551744,292108,0,0.000000,1,0
431,2,769847,384734,1790709836010622319,1790709836010372773,290536,0,0.513143,1,1
432,1,375454,382384,1790709836011047443,1790709836010796757,292096,0,0.886798,1,1
433,1,376373,383903,1790709836011473987,1790709836011224802,291586,0,0.757496,1,1
434,1,377673,384683,1790709836011902631,1790709836011654026,293436,0,0.000000,1,0
435,1,378473,386793,1790709836012338015,1790709836012085230,252855,0,0.000000,1,0
436,1,372853,379463,1790709836012727699,1790709836012479615,293115,0,0.000000,1,0
437,2,771957,394134,1790709836013553117,1790709836013301244,291603,0,0.507007,1,1
438,2,768278,387754,1790709836014374205,1790709836014123343,299062,0,0.593972,1,1
439,1,381474,392824,1790709836014817129,1790709836014559777,257442,0,0.747789,1,1
440,1,382214,393424,1790709836015218793,1790709836014961012,257861,0,0.000000,1,0
441,1,384363,395633,1790709836015622446,1790709836015364887,257629,0,0.000000,1,0
442,1,378183,389383,1790709836016020150,1790709836015767461,292799,0,0.000000,1,0
443,1,395963,407123,1790709836016469104,1790709836016230675,280890,0,0.000000,1,0
444,2,768057,388523,1790709836017292672,1790709836017041275,290488,0,0.542552,1,1
445,1,375523,386053,1790709836017720086,1790709836017471599,290518,0,0.892437,1,1
446,1,378293,389043,1790709836018153060,1790709836017903073,291718,0,0.000000,1,0
447,2,768497,387903,1790709836018976078,1790709836018725812,291967,0,0.511386,1,1
448,1,375943,386553,1790709836019406712,1790709836019156446,294647,0,0.752454,1,1
449,1,375013,386154,1790709836019842766,1790709836019592291,291096,0,0.876570,1,1
450,1,375404,385924,1790709836020271551,1790709836020223782,256151,0,0.800886,1,1
451,1,373653,384353,1790709836020866296,1790709836020617597,291230,0,0.000000,1,0
452,2,769087,388724,1790709836021690644,1790709836021440576,290818,0,0.000000,1,0
453,2,774917,398874,1790709836022519252,1790709836022259085,289197,0,0.512538,1,1
454,1,382684,394094,1790709836022943586,1790709836022687249,256407,0,0.756665,1,1
455,2,768588,390054,1790709836023731894,1790709836023479719,292205,0,0.523901,1,1
456,3,1154701,387214,1790709836024939805,1790709836024688473,290912,0,0.403496,1,1
457,1,390353,401933,1790709836025387319,1790709836025129847,257542,0,0.746966,1,1
458,1,378483,389683,1790709836025785593,1790709836025535142,293862,0,0.777620,1,1
459,1,378573,388963,1790709836026220657,1790709836025969246,292592,0,0.752040,1,1
460,1,377603,388514,1790709836026652011,1790709836026400740,292582,0,0.754812,1,1
461,1,376844,387894,1790709836027082736,1790709836026832825,292441,0,0.753793,1,1
462,1,384234,395594,1790709836027522160,1790709836027264789,257451,0,0.000000,1,0
463,1,378793,389294,1790709836027920593,1790709836027670344,295110,0,0.773285,1,1
464,1,378254,389344,1790709836028356458,1790709836028106128,293010,0,0.750859,1,1
465,1,373544,384204,1790709836028785642,1790709836028536652,291620,0,0.883903,1,1
466,1,373774,384604,1790709836029215086,1790709836028964566,291390,0,0.000000,1,0
467,1,380094,391074,1790709836029652050,1790709836029402451,291529,0,0.744817,1,1
468,2,775478,388804,1790709836030482468,1790709836030231970,290138,0,0.586377,1,1
469,1,383234,394964,1790709836030918472,1790709836030660794,257748,0,0.000000,1,0
470,1,380264,392204,1790709836031319196,1790709836031062409,256867,0,0.776439,1,1
471,1,382483,393634,1790709836031721649,1790709836031469333,294357,0,0.000000,1,0
472,2,769897,390423,1790709836032546667,1790709836032295612,291106,0,0.508281,1,1
473,1,378613,397543,1790709836032978631,1790709836032726157,293035,0,0.757481,1,1
474,1,371673,382233,1790709836033404145,1790709836033155501,290755,0,0.762337,1,1
475,1,373333,383634,1790709836033832129,1790709836033582865,291635,0,0.756210,1,1
476,1,384284,395534,1790709836034271254,1790709836034009730,261614,0,0.754412,1,1
477,1,378043,388584,1790709836034668947,1790709836034417204,293114,0,0.768783,1,1
478,1,373723,384204,1790709836035096891,1790709836034846049,292903,0,0.750567,1,1
479,1,377754,388324,1790709836035529566,1790709836035278573,291663,0,0.871440,1,1
480,1,377424,388444,1790709836035960260,1790709836035705547,254793,0,0.753598,1,1
481,1,379124,390904,1790709836036358944,1790709836036104792,254222,0,0.775655,1,1
482,1,373703,384373,1790709836036752717,1790709836036502987,291671,0,0.000000,1,0
483,2,787687,399963,1790709836037595475,1790709836037335126,289410,0,0.000000,1,0
484,1,377143,388123,1790709836038014419,1790709836037763180,293960,0,0.883036,1,1
485,1,395114,405874,1790709836038465194,1790709836038211904,292890,0,0.746794,1,1
486,1,717289,738669,1790709938176812947,1790709938176500447,312610,0,0.531553,1,1
487,2,887421,466005,1790709938177760159,1790709938177507324,269426,0,0.534073,1,1
488,1,431725,445025,1790709938178217355,1790709938177964988,263937,0,0.827921,1,1
489,1,428506,436346,1790709938178669581,1790709938178421871,262370,0,0.000000,1,0
490,2,790480,396575,1790709938179481261,1790709938179230281,275880,0,0.000000,1,0
491,1,396385,405725,1790709938179911446,1790709938179654665,256871,0,0.770861,1,1
492,2,783470,395375,1790709938180712616,1790709938180462684,285453,0,0.526849,1,1
493,1,407185,404755,1790709938181164372,1790709938180913618,288944,0,0.753779,1,1
494,1,378494,387044,1790709938181595397,1790709938181344133,295355,0,0.000000,1,0
495,1,384925,392915,1790709938182033833,1790709938181777297,256616,0,0.000000,1,0
496,3,1164775,388775,1790709938183215118,1790709938182961681,253507,0,0.423929,1,1
497,3,1146344,381735,1790709938184377632,1790709938184127966,298117,0,0.000000,1,0
498,2,761179,390135,1790709938185196092,1790709938184945995,290308,0,0.514628,1,1
499,1,382765,390815,1790709938185631358,1790709938185373349,258089,0,0.758475,1,1
500,1,389185,397185,1790709938186036853,1790709938185775054,261879,0,0.908538,1,1
501,1,372715,380695,1790709938186425638,1790709938186175129,293149,0,0.784729,1,1
502,1,379215,387035,1790709938186856373,1790709938186599693,256760,0,0.759962,1,1
503,1,380335,388775,1790709938187253218,1790709938186997288,256010,0,0.785860,1,1
504,1,376625,384285,1790709938187646423,1790709938187392002,254491,0,0.784009,1,1
505,1,375195,383125,1790709938188037578,1790709938187786677,292421,0,0.780932,1,1
506,1,379304,387174,1790709938188466983,1790709938188211732,255331,0,0.761895,1,1
507,1,372174,379134,1790709938188854978,1790709938188603386,295733,0,0.785398,1,1
508,3,1155164,387905,1790709938190062873,1790709938189811340,292394,0,0.347790,1,1
509,1,383835,395435,1790709938190500609,1790709938190249325,251364,0,0.000000,1,0
510,1,380475,391825,1790709938190900514,1790709938190641659,295946,0,0.000000,1,0
511,1,375744,387715,1790709938191326649,1790709938191075774,292426,0,0.755355,1,1
512,1,374425,381845,1790709938191755285,1790709938191505238,297237,0,0.756808,1,1
513,1,375674,386784,1790709938192191260,1790709938191939052,292349,0,0.765156,1,1
514,1,372005,383325,1790709938192615936,1790709938192365057,292069,0,0.757898,1,1
515,2,766410,386315,1790709938193436286,1790709938193186086,290331,0,0.000000,1,0
516,1,374374,385185,1790709938193863611,1790709938193611450,292032,0,0.000000,1,0
517,2,760880,387195,1790709938194677452,1790709938194424019,253503,0,0.612117,1,1
518,1,374285,385105,1790709938195071757,1790709938194821574,294613,0,0.780862,1,1
519,1,373435,384875,1790709938195506012,1790709938195305198,255135,0,0.933160,1,1
520,1,371884,382845,1790709938195944967,1790709938195694273,291935,0,0.000000,1,0
521,1,371185,382015,1790709938196371513,1790709938196122597,291366,0,0.758368,1,1
522,2,759600,388615,1790709938197185963,1790709938196934686,290637,0,0.000000,1,0
523,1,379704,391625,1790709938197617798,1790709938197360701,257167,0,0.770314,1,1
524,1,385785,397635,1790709938198023704,1790709938197767335,256439,0,0.772559,1,1
525,1,371384,383015,1790709938198415228,1790709938198164870,292119,0,0.791903,1,1
526,1,372705,383835,1790709938198842434,1790709938198591654,291380,0,0.756059,1,1
527,1,383744,395855,1790709938199283419,1790709938199024319,259180,0,0.757799,1,1
528,1,379825,391615,1790709938199683725,1790709938199425043,258752,0,0.774308,1,1
529,1,373284,384285,1790709938200076849,1790709938199825528,294352,0,0.771771,1,1
530,1,372465,384025,1790709938200505005,1790709938200254182,292953,0,0.754322,1,1
531,1,374234,386205,1790709938200938450,1790709938200686177,292564,0,0.000000,1,0
532,1,369875,383735,1790709938201361376,1790709938201115781,287785,0,0.000000,1,0
533,2,755120,385815,1790709938202171456,1790709938201921660,290326,0,0.516530,1,1
534,1,370975,381785,1790709938202596291,1790709938202346134,292058,0,0.894655,1,1
535,1,382785,394455,1790709938203033757,1790709938202776119,257708,0,0.000000,1,0
536,1,374415,385265,1790709938203427892,1790709938203177563,291579,0,0.000000,1,0
537,1,373135,384265,1790709938203854977,1790709938203661657,257851,0,0.927327,1,1
538,1,381055,392145,1790709938204313353,1790709938204064311,295582,0,0.823496,1,1
539,1,369095,380455,1790709938204742158,1790709938204492456,291153,0,0.757685,1,1
540,1,372254,384084,1790709938205168743,1790709938204916720,291484,0,0.893911,1,1
541,1,371485,382795,1790709938205592409,1790709938205342284,290915,0,0.755946,1,1
542,1,380995,392265,1790709938206026834,1790709938205816808,254527,0,0.937471,1,1
543,1,368744,380385,1790709938206452689,1790709938206203733,295987,0,0.829014,1,1
544,1,370425,386885,1790709938206883065,1790709938206631917,251218,0,0.879645,1,1
545,1,374605,386245,1790709938207283130,1790709938207029532,253678,0,0.785530,1,1
546,1,379595,391265,1790709938207683135,1790709938207426687,256528,0,0.779341,1,1
547,2,759380,382735,1790709938208468345,1790709938208218656,289849,0,0.000000,1,0
548,1,373485,383925,1790709938208894770,1790709938208642071,291419,0,0.000000,1,0
549,1,377625,389615,1790709938209335906,1790709938209081195,254791,0,0.750620,1,1
550,2,766779,396645,1790709938210123065,1790709938209872235,289971,0,0.525701,1,1
551,1,373625,384365,1790709938210548431,1790709938210296789,292272,0,0.762360,1,1
552,1,380894,396095,1790709938210982466,1790709938210724653,257893,0,0.755349,1,1
553,2,754789,382095,1790709938211761056,1790709938211509923,289804,0,0.000000,1,0
554,1,375005,386065,1790709938212187502,1790709938211936827,292195,0,0.000000,1,0
555,1,372665,384685,1790709938212614677,1790709938212369002,286585,0,0.751806,1,1
556,1,376644,388615,1790709938213045042,1790709938212806676,279427,0,0.741984,1,1
557,1,370305,381235,1790709938213469588,1790709938213221060,290808,0,0.901551,1,1
558,1,386695,397795,1790709938213911093,1790709938213652235,294829,0,0.753100,1,1
559,1,374185,385175,1790709938214334049,1790709938214083789,292840,0,0.000000,1,0
560,1,368685,379355,1790709938214757914,1790709938214509733,290671,0,0.757883,1,1
561,1,372284,383414,1790709938215185269,1790709938214933988,292052,0,0.000000,1,0
562,2,756329,384995,1790709938215998909,1790709938215744577,294443,0,0.515282,1,1
563,1,373945,385525,1790709938216425675,1790709938216174161,251604,0,0.000000,1,0
564,1,366105,376745,1790709938216811170,1790709938216564976,291184,0,0.790526,1,1
565,1,377685,388675,1790709938217246255,1790709938216995070,291185,0,0.755281,1,1
566,1,371464,378364,1790709938217666660,1790709938217416905,291776,0,0.891162,1,1
567,1,376945,384565,1790709938218094116,1790709938217840169,254037,0,0.755862,1,1
568,1,380095,388335,1790709938218490061,1790709938218232144,257987,0,0.784941,1,1
569,1,368505,375225,1790709938218875196,1790709938218626979,292207,0,0.784674,1,1
570,1,376725,384825,1790709938219304751,1790709938219051023,253798,0,0.897458,1,1
571,1,371695,379805,1790709938219692676,1790709938219440908,251838,0,0.784321,1,1
572,1,373265,380325,1790709938220083751,1790709938219834623,293268,0,0.781120,1,1
573,2,748879,380565,1790709938220885491,1790709938220637082,289839,0,0.822122,1,1
574,1,381805,394145,1790709938221336777,1790709938221079886,293111,0,0.752130,1,1
575,1,369315,380215,1790709938221755222,1790709938221506181,290811,0,0.886558,1,1
576,1,371754,382654,1790709938222181367,1790709938221930155,291713,0,0.761217,1,1
577,1,371095,381855,1790709938222605923,1790709938222356179,291874,0,0.765952,1,1
578,2,765070,385325,1790709938223425813,1790709938223178138,286755,0,0.000000,1,0
579,1,373995,385155,1790709938223851508,1790709938223599913,296496,0,0.000000,1,0
580,1,372644,383545,1790709938224281553,1790709938224031787,292357,0,0.758308,1,1
581,1,372525,383155,1790709938224709489,1790709938224458782,292297,0,0.000000,1,0
582,1,372654,384484,1790709938225136244,1790709938224885966,290199,0,0.890948,1,1
583,2,751509,379464,1790709938225936714,1790709938225686435,289320,0,0.521101,1,1
584,1,372365,379215,1790709938226357770,1790709938226110230,290600,0,0.760935,1,1
585,1,368835,375885,1790709938226778135,1790709938226528534,291171,0,0.767616,1,1
586,2,749589,377315,1790709938227577905,1790709938227329464,289252,0,0.000000,1,0
587,1,375124,382135,1790709938228002430,1790709938227746848,296433,0,0.763153,1,1
588,1,368665,375855,1790709938228420476,1790709938228172882,294664,0,0.764958,1,1
589,2,758320,390755,1790709938229234446,1790709938228978802,255714,0,0.519041,1,1
590,2,772060,386675,1790709938230024836,1790709938229774621,290425,0,0.524442,1,1
591,1,369725,377165,1790709938230443361,1790709938230194915,290567,0,0.772568,1,1
592,3,1138694,376145,1790709938231632806,1790709938231386670,285936,0,0.350415,1,1
593,2,753239,379395,1790709938232442816,1790709938232193529,288738,0,0.000000,1,0
594,1,369824,376734,1790709938232863921,1790709938232614633,294069,0,0.759826,1,1
595,1,375385,383125,1790709938233292737,1790709938233043057,293370,0,0.760830,1,1
596,1,368625,375705,1790709938233713732,1790709938233465512,290871,0,0.759901,1,1
597,1,372384,379575,1790709938234137457,1790709938233889136,290272,0,0.000000,1,0
598,1,367565,374375,1790709938234555543,1790709938234307291,289832,0,0.000000,1,0
599,1,370705,377835,1790709938234976378,1790709938234727095,290684,0,0.763321,1,1
600,1,370554,377604,1790709938235397203,1790709938235149210,290394,0,0.000000,1,0
601,1,367305,374055,1790709938235815559,1790709938235568254,290355,0,0.760350,1,1
602,2,759400,388545,1790709938236626459,1790709938236367323,259216,0,0.000000,1,0
603,1,384895,397185,1790709938237027374,1790709938236775308,293776,0,0.904856,1,1
604,2,762529,387324,1790709938237844674,1790709938237590717,254037,0,0.516737,1,1
605,1,372905,384905,1790709938238238539,1790709938237986442,293328,0,0.787717,1,1
606,1,370914,382135,1790709938238663484,1790709938238413806,290609,0,0.757801,1,1
607,1,371045,382645,1790709938239088160,1790709938238838681,291459,0,0.755831,1,1
608,1,372465,383645,1790709938239515265,1790709938239263555,291791,0,0.756853,1,1
609,1,377414,389085,1790709938239945610,1790709938239688580,257100,0,0.756815,1,1
610,1,370154,381185,1790709938240335495,1790709938240085174,293882,0,0.000000,1,0
611,1,375845,387275,1790709938240767951,1790709938240514029,254002,0,0.000000,1,0
612,1,382455,389695,1790709938241169876,1790709938240917623,292303,0,0.777955,1,1
613,1,374775,385855,1790709938241597691,1790709938241345028,292904,0,0.757413,1,1
614,2,765070,386655,1790709938242415802,1790709938242164107,291835,0,0.510211,1,1
615,1,375055,386875,1790709938242843877,1790709938242595241,290006,0,0.000000,1,0
616,1,378454,390615,1790709938243280012,1790709938243027465,293198,0,0.758778,1,1
617,1,377015,389985,1790709938243710448,1790709938243455570,254948,0,0.755771,1,1
618,1,396985,408785,1790709938244128683,1790709938243869364,294200,0,0.899048,1,1
619,3,1150044,388314,1790709938245326348,1790709938245075368,290001,0,0.346963,1,1
620,1,371945,383135,1790709938245750394,1790709938245498813,292671,0,0.000000,1,0
621,1,373315,384295,1790709938246177469,1790709938245927057,291622,0,0.756899,1,1
622,1,368014,379344,1790709938246599264,1790709938246349731,291984,0,0.760762,1,1
623,2,759739,384365,1790709938247414254,1790709938247164161,293024,0,0.512799,1,1
624,2,759490,387235,1790709938248229305,1790709938247975570,253815,0,0.703881,1,1
625,1,371695,382905,1790709938248624880,1790709938248374605,293475,0,0.781698,1,1
626,1,389615,400985,1790709938249073565,1790709938248821109,292357,0,0.000000,1,0
627,2,761999,389175,1790709938249888055,1790709938249637848,289578,0,0.514957,1,1
628,1,369795,381395,1790709938250309901,1790709938250117642,258640,0,0.000000,1,0
629,2,760659,388855,1790709938251149811,1790709938250898631,292001,0,0.557701,1,1
630,1,373955,385365,1790709938251577717,1790709938251325956,291941,0,0.000000,1,0
631,1,387024,399445,1790709938252021992,1790709938251765930,297913,0,0.741585,1,1
632,1,375595,389615,1790709938252452618,1790709938252200904,292584,0,0.000000,1,0
633,1,755305,774515,1790709944261762590,1790709944261448924,313766,0,0.000000,1,0
634,1,411013,429153,1790709944262230754,1790709944261981627,260347,0,0.968856,1,1
635,1,568874,577654,1790709944262828198,1790709944262565270,263018,0,0.000000,1,0
636,1,407343,415773,1790709944263253361,1790709944263005544,247897,0,0.000000,1,0
637,1,426143,433543,1790709944263696414,1790709944263507357,253947,0,0.000000,1,0
638,1,409673,416623,1790709944264179837,1790709944263938422,276716,0,0.858491,1,1
639,1,389262,396972,1790709944264613500,1790709944264369976,243604,0,0.000000,1,0
640,1,394113,402163,1790709944265023473,1790709944264773370,281813,0,0.000000,1,0
641,1,390042,397682,1790709944265454216,1790709944265208445,245851,0,0.000000,1,0
642,1,390713,399073,1790709944265860819,1790709944265617009,243880,0,0.000000,1,0
643,1,374313,381323,1790709944266253332,1790709944266012314,285218,0,0.000000,1,0
644,1,373503,380643,1790709944266679615,1790709944266487558,245067,0,0.000000,1,0
645,1,371353,378363,1790709944267112708,1790709944266872593,282525,0,0.831322,1,1
646,1,370273,376973,1790709944267533921,1790709944267293497,283774,0,0.763253,1,1
647,1,370463,377713,1790709944267956154,1790709944267715002,282412,0,0.761864,1,1
648,1,367473,374103,1790709944268373527,1790709944268134496,282561,0,0.000000,1,0
649,1,369663,376723,1790709944268795230,1790709944268553870,282390,0,0.761850,1,1
650,2,758236,379253,1790709944269615736,1790709944269374740,281576,0,0.510997,1,1
651,2,766335,388412,1790709944270432061,1790709944270194879,277273,0,0.592642,1,1
652,1,375042,382732,1790709944270855654,1790709944270610143,245581,0,0.775586,1,1
653,1,379633,387663,1790709944271250927,1790709944271001338,249669,0,0.000000,1,0
654,1,372673,379693,1790709944271639580,1790709944271395283,282687,0,0.781487,1,1
655,1,379183,388453,1790709944272066103,1790709944271823127,284486,0,0.750807,1,1
656,1,377623,385483,1790709944272493946,1790709944272246812,247194,0,0.762642,1,1
657,1,373023,379833,1790709944272882619,1790709944272641026,283013,0,0.783796,1,1
658,1,373883,386643,1790709944273324742,1790709944273081611,283731,0,0.885194,1,1
659,1,374473,386353,1790709944273753105,1790709944273508335,244840,0,0.755567,1,1
660,1,385482,397283,1790709944274158827,1790709944273909120,249777,0,0.775779,1,1
661,3,1155618,396133,1790709944275334646,1790709944275085244,249472,0,0.358217,1,1
662,1,373173,384423,1790709944275728779,1790709944275486989,284250,0,0.000000,1,0
663,1,377133,388283,1790709944276161072,1790709944275917313,284269,0,0.000000,1,0
664,1,375003,387233,1790709944276589475,1790709944276344587,244958,0,0.885416,1,1
665,1,372702,384332,1790709944276982657,1790709944276738722,285376,0,0.000000,1,0
666,1,375862,389412,1790709944277413030,1790709944277167906,285235,0,0.770762,1,1
667,1,375952,388442,1790709944277842123,1790709944277595531,246662,0,0.000000,1,0
668,1,383912,397082,1790709944278247026,1790709944277995566,251540,0,0.000000,1,0
669,2,767816,398823,1790709944279037052,1790709944278787635,285707,0,0.523781,1,1
670,1,383953,395853,1790709944279470485,1790709944279219199,251356,0,0.000000,1,0
671,1,373053,383893,1790709944279864028,1790709944279620954,284644,0,0.000000,1,0
672,1,380973,392363,1790709944280299541,1790709944280054628,284933,0,0.751453,1,1
673,1,372403,383833,1790709944280727494,1790709944280486223,281811,0,0.754389,1,1
674,1,374773,386443,1790709944281155587,1790709944280911487,284930,0,0.890067,1,1
675,1,373843,384813,1790709944281583010,1790709944281339641,284029,0,0.000000,1,0
676,1,390463,401353,1790709944282026743,1790709944281774856,291497,0,0.751701,1,1
677,1,374953,386733,1790709944282457756,1790709944282214770,284606,0,0.759810,1,1
678,2,767306,393953,1790709944283279452,1790709944283029139,250393,0,0.513158,1,1
679,1,374692,386843,1790709944283675154,1790709944283431454,286301,0,0.000000,1,0
680,2,764845,386532,1790709944284495340,1790709944284250883,281117,0,0.827639,1,1
681,1,369962,382442,1790709944284914873,1790709944284674087,284116,0,0.000000,1,0
682,1,370722,381782,1790709944285341786,1790709944285101101,281955,0,0.889205,1,1
683,1,371892,383282,1790709944285767939,1790709944285524316,282583,0,0.000000,1,0
684,1,373542,384552,1790709944286193262,1790709944285951650,288222,0,0.756823,1,1
685,1,374562,385742,1790709944286627405,1790709944286383795,286710,0,0.753025,1,1
686,1,384122,395992,1790709944287067248,1790709944286819379,247939,0,0.000000,1,0
687,1,371613,382513,1790709944287459001,1790709944287297392,245670,0,0.000000,1,0
688,1,365082,376142,1790709944287920934,1790709944287679747,286768,0,0.000000,1,0
689,1,368902,380442,1790709944288352377,1790709944288111482,282156,0,0.786630,1,1
690,1,373712,382542,1790709944288780300,1790709944288579555,248866,0,0.942530,1,1
691,2,775155,384692,1790709944289617116,1790709944289375395,281931,0,0.560917,1,1
692,1,380432,391902,1790709944290050929,1790709944289807469,283851,0,0.000000,1,0
693,1,376372,388132,1790709944290480802,1790709944290237044,283329,0,0.756300,1,1
694,1,864766,891417,1790709953301885728,1790709953302227328,266721,341600,0.000000,1,0
695,2,1082980,485730,1790709953303595020,1790709953303355193,250538,0,0.000000,1,0
696,1,387187,399157,1790709953304005398,1790709953303999214,241989,0,0.778509,1,1
697,1,394937,401787,1790709953304646830,1790709953304459058,245853,0,0.929445,1,1
698,1,402267,416127,1790709953305116049,1790709953304872923,243206,0,0.000000,1,0
699,1,400957,419048,1790709953305541067,1790709953305297707,259061,0,0.771517,1,1
700,1,393267,405137,1790709953305961445,1790709953305724442,269674,0,0.000000,1,0
701,1,402598,414838,1790709953306409914,1790709953306170186,239818,0,0.000000,1,0
702,1,392648,403898,1790709953306824202,1790709953306586660,276602,0,0.891858,1,1
703,1,396007,407787,1790709953307272250,1790709953307032724,239606,0,0.737694,1,1
704,1,374578,385488,1790709953307667768,1790709953307432239,280949,0,0.000000,1,0
705,1,386687,397627,1790709953308112916,1790709953307889323,265774,0,0.972223,1,1
706,1,379627,390937,1790709953308547614,1790709953308307147,240537,0,0.937454,1,1
707,1,375787,387187,1790709953308946452,1790709953308709052,280611,0,0.786638,1,1
708,1,389547,400937,1790709953309392180,1790709953309156786,275955,0,0.867224,1,1
709,1,370657,381847,1790709953309816008,1790709953309583770,273619,0,0.753124,1,1
710,1,380347,391318,1790709953310250256,1790709953310009775,278642,0,0.757292,1,1
711,1,375198,385978,1790709953310676395,1790709953310440229,278476,0,0.758232,1,1
712,2,765004,383607,1790709953311496570,1790709953311260668,275633,0,0.510675,1,1
713,1,371957,383397,1790709953311921148,1790709953311685122,278317,0,0.000000,1,0
714,1,378527,390778,1790709953312354816,1790709953312114117,240789,0,0.890182,1,1
715,1,378777,390067,1790709953312754624,1790709953312515421,279044,0,0.000000,1,0
716,1,383157,395517,1790709953313191032,1790709953312951046,240066,0,0.749427,1,1
717,1,379067,390757,1790709953313591010,1790709953313351100,239980,0,0.781753,1,1
718,2,760185,387938,1790709953314371805,1790709953314134200,237675,0,0.723159,1,1
719,1,374427,385187,1790709953314766552,1790709953314533055,277738,0,0.000000,1,0
720,1,373757,385007,1790709953315196940,1790709953314960479,278432,0,0.000000,1,0
721,1,375127,386568,1790709953315630368,1790709953315392143,278766,0,0.753026,1,1
722,1,373058,384198,1790709953316056707,1790709953315819498,278579,0,0.766143,1,1
723,1,373737,384637,1790709953316484655,1790709953316248982,277753,0,0.762520,1,1
724,1,372567,383487,1790709953316911973,1790709953316677686,277708,0,0.759522,1,1
725,1,376997,388077,1790709953317344991,1790709953317107131,277951,0,0.000000,1,0
726,1,379677,391127,1790709953317777389,1790709953317538705,238744,0,0.752731,1,1
727,1,380907,393257,1790709953318177887,1790709953317937870,240107,0,0.782104,1,1
728,2,755794,383518,1790709953318954551,1790709953318720489,275823,0,0.534089,1,1
729,2,768645,385007,1790709953319777717,1790709953319540568,237209,0,0.600962,1,1
730,1,388698,400437,1790709953320189735,1790709953319951253,277183,0,0.000000,1,0
731,1,374527,385957,1790709953320615813,1790709953320380547,276697,0,0.760046,1,1
732,1,389767,401728,1790709953321060821,1790709953320818541,242350,0,0.000000,1,0
733,1,374217,381537,1790709953321455149,1790709953321218446,281004,0,0.788000,1,1
734,1,371367,377967,1790709953321879497,1790709953321645320,276498,0,0.760655,1,1
735,1,374337,381287,1790709953322304985,1790709953322069565,277311,0,0.760836,1,1
736,1,376467,383917,1790709953322731853,1790709953322492819,239094,0,0.762200,1,1
737,1,376767,383928,1790709953323124060,1790709953322887834,280427,0,0.788434,1,1
738,1,373108,380228,1790709953323549879,1790709953323314698,276011,0,0.758080,1,1
739,1,372788,380388,1790709953323971937,1790709953323735683,236314,0,0.761483,1,1
740,1,376207,383127,1790709953324363894,1790709953324126438,279937,0,0.000000,1,0
741,1,374287,380967,1790709953324789222,1790709953324552992,277131,0,0.758846,1,1
742,1,376647,388407,1790709953325215170,1790709953324978516,277935,0,0.760312,1,1
743,1,367837,379387,1790709953325637318,1790709953325404191,275428,0,0.889186,1,1
744,1,369177,380237,1790709953326061856,1790709953325881774,244353,0,0.924883,1,1
745,2,747164,379087,1790709953326885852,1790709953326652424,273169,0,0.563289,1,1
746,1,377047,388427,1790709953327315190,1790709953327076069,277462,0,0.000000,1,0
747,1,379187,391507,1790709953327745268,1790709953327502433,242915,0,0.756089,1,1
748,1,377248,389038,1790709953328142756,1790709953327904468,238358,0,0.900343,1,1
749,2,789695,381787,1790709953328952431,1790709953328717817,272495,0,0.596090,1,1
750,1,378257,386237,1790709953329377329,1790709953329139411,238008,0,0.773897,1,1
751,1,374617,382458,1790709953329768626,1790709953329528736,239980,0,0.788197,1,1
752,1,371317,378827,1790709953330158544,1790709953329926171,276144,0,0.000000,1,0
753,1,375167,382897,1790709953330588762,1790709953330351255,237577,0,0.000000,1,0
754,1,375017,382538,1790709953330979629,1790709953330740110,239599,0,0.784776,1,1
755,2,751184,380647,1790709953331746194,1790709953331508360,237904,0,0.000000,1,0
756,1,376397,384528,1790709953332139131,1790709953331900415,238806,0,0.784227,1,1
757,1,372107,379527,1790709953332530439,1790709953332292740,237759,0,0.787228,1,1
758,1,371507,379137,1790709953332917156,1790709953332677374,239852,0,0.787813,1,1
759,1,393218,401458,1790709953333325944,1790709953333089319,279166,0,0.772312,1,1
760,1,375977,383417,1790709953333753542,1790709953333515503,238119,0,0.763437,1,1
761,2,761005,377467,1790709953334530947,1790709953334296203,278575,0,0.532186,1,1
762,3,1129021,382098,1790709953335712609,1790709953335473897,238782,0,0.357820,1,1
763,1,394117,401087,1790709953336122347,1790709953335885982,280046,0,0.769252,1,1
764,1,373237,380717,1790709953336547975,1790709953336310516,237539,0,0.771456,1,1
765,1,388857,397477,1790709953336952333,1790709953336700511,251892,0,0.000000,1,0
766,2,757025,378667,1790709953337727268,1790709953337489631,237717,0,0.530210,1,1
767,2,751484,375457,1790709953338494572,1790709953338259670,276053,0,0.000000,1,0
768,1,377047,384618,1790709953338921570,1790709953338685615,277276,0,0.000000,1,0
769,1,371127,378318,1790709953339342798,1790709953339107699,276480,0,0.893376,1,1
770,1,369307,375847,1790709953339762116,1790709953339528774,276403,0,0.760152,1,1
771,2,757125,383367,1790709953340570872,1790709953340330173,240779,0,0.518097,1,1
772,1,370407,378087,1790709953340957149,1790709953340720208,279772,0,0.787000,1,1
773,1,379187,386227,1790709953341387987,1790709953341152132,276766,0,0.759013,1,1
774,1,373817,380587,1790709953341811455,1790709953341578646,280480,0,0.758991,1,1
775,1,378278,386618,1790709953342245954,1790709953342004251,241773,0,0.899408,1,1
776,2,755534,382107,1790709953343017818,1790709953342779470,275109,0,0.534352,1,1
777,1,384367,391308,1790709953343447566,1790709953343210615,276782,0,0.760791,1,1
778,1,369767,376738,1790709953343865824,1790709953343632359,275556,0,0.889319,1,1
779,1,381068,389308,1790709953344297493,1790709953344054623,242940,0,0.764529,1,1
780,2,776745,404728,1790709953345090538,1790709953344853303,277406,0,0.000000,1,0
781,1,380067,392157,1790709953345523896,1790709953345281997,241969,0,0.759188,1,1
782,1,375178,386698,1790709953345924054,1790709953345687022,280032,0,0.000000,1,0
783,1,390727,402927,1790709953346370552,1790709953346128846,241786,0,0.000000,1,0
784,1,374068,385148,1790709953346765050,1790709953346530741,278089,0,0.909028,1,1
785,2,765904,387497,1790709953347590535,1790709953347353120,277106,0,0.507910,1,1
786,2,773215,396127,1790709953348416301,1790709953348175879,240492,0,0.000000,1,0
787,1,378687,389938,1790709953348815338,1790709953348576884,282015,0,0.781081,1,1
788,1,380778,392528,1790709953349252627,1790709953349012808,239889,0,0.755340,1,1
789,1,384937,397628,1790709953349657864,1790709953349412693,245261,0,0.780987,1,1
790,2,780765,406658,1790709953350459400,1790709953350217732,241738,0,0.605141,1,1
791,1,376127,388197,1790709953350857747,1790709953350621457,279061,0,0.777854,1,1
792,3,1172472,406898,1790709953352086090,1790709953351841130,245040,0,0.000000,1,0
793,1,375507,386737,1790709953352486268,1790709953352249985,280284,0,0.773069,1,1
794,1,384437,405088,1790709953352927846,1790709953352685639,242287,0,0.748738,1,1
795,2,761024,383998,1790709953353718101,1790709953353482019,274723,0,0.000000,1,0
796,1,378478,390408,1790709953354148180,1790709953353909073,239177,0,0.754963,1,1
797,1,380567,392477,1790709953354548827,1790709953354307338,241559,0,0.785695,1,1
798,1,371177,382117,1790709953354940105,1790709953354704353,279173,0,0.781839,1,1
799,1,377427,388477,1790709953355373443,1790709953355136837,279347,0,0.000000,1,0
800,1,377107,388977,1790709953355805721,1790709953355567181,238610,0,0.000000,1,0
801,1,377177,388847,1790709953356202799,1790709953355965196,281304,0,0.785208,1,1
802,1,379427,391377,1790709953356638827,1790709953356399760,239147,0,0.752130,1,1
803,1,379318,392137,1790709953357038395,1790709953356890084,243663,0,0.000000,1,0
804,1,379937,394047,1790709953357527064,1790709953357280328,246826,0,0.968141,1,1
805,2,780575,400747,1790709953358330229,1790709953358086948,243341,0,0.537760,1,1
806,2,776714,396678,1790709953359128634,1790709953358885947,242757,0,0.833703,1,1
807,1,379047,392457,1790709953359538572,1790709953359299822,279051,0,0.771146,1,1
808,1,383367,398488,1790709953359979440,1790709953359738196,241314,0,0.747578,1,1
809,1,383307,395387,1790709953360387378,1790709953360148021,239417,0,0.907239,1,1
810,1,384257,397687,1790709953360792436,1790709953360546005,246601,0,0.780253,1,1
811,1,380148,392258,1790709953361194224,1790709953360955220,280584,0,0.777885,1,1
812,1,378737,390457,1790709953361627242,1790709953361385624,241678,0,0.760677,1,1
813,1,378667,389838,1790709953362025969,1790709953361788809,278851,0,0.905399,1,1
814,1,377398,389928,1790709953362457828,1790709953362217273,240625,0,0.758073,1,1
815,1,374017,386817,1790709953362852495,1790709953362612898,239677,0,0.783662,1,1
816,2,778884,390138,1790709953363656470,1790709953363420147,277294,0,0.000000,1,0
817,2,773645,392098,1790709953364483946,1790709953364246836,275221,0,0.509482,1,1
818,3,1164272,391878,1790709953365699189,1790709953365457160,275270,0,0.348062,1,1
819,1,380797,393138,1790709953366126347,1790709953365888504,278914,0,0.890273,1,1
820,1,382618,395138,1790709953366562716,1790709953366319369,243417,0,0.000000,1,0
821,2,760875,386268,1790709953367344471,1790709953367108088,276033,0,0.527535,1,1
822,2,761014,385967,1790709953368157676,1790709953367922297,274630,0,0.516319,1,1
823,1,377587,390237,1790709953368587234,1790709953368347492,239812,0,0.764528,1,1
824,1,368307,376588,1790709953368976351,1790709953368822295,243768,0,0.906088,1,1
825,1,377348,385358,1790709953369452201,1790709953369213680,238591,0,0.000000,1,0
826,1,383807,392787,1790709953369852668,1790709953369612455,240283,0,0.776354,1,1
827,1,384998,393277,1790709953370254656,1790709953370011620,243106,0,0.790218,1,1
828,1,372717,380287,1790709953370643983,1790709953370408284,278900,0,0.790629,1,1
829,1,373997,380998,1790709953371069791,1790709953370830599,279713,0,0.000000,1,0
830,2,742574,371077,1790709953371861956,1790709953371629438,274029,0,0.532149,1,1
831,1,373278,381058,1790709953372285645,1790709953372047563,238162,0,0.899372,1,1
832,2,779005,387698,1790709953373080440,1790709953372845652,274678,0,0.519805,1,1
833,1,372257,378987,1790709953373501288,1790709953373267566,275592,0,0.896043,1,1
834,1,373797,381567,1790709953373925556,1790709953373687281,238355,0,0.885716,1,1
835,1,377767,385277,1790709953374318953,1790709953374081076,237947,0,0.787409,1,1
836,1,371838,379358,1790709953374706361,1790709953374472151,278500,0,0.786764,1,1
837,1,376997,385097,1790709953375136659,1790709953374898825,237904,0,0.757405,1,1
838,1,374557,381357,1790709953375527876,1790709953375291590,277087,0,0.916522,1,1
839,1,366617,373387,1790709953375944034,1790709953375711244,275301,0,0.759195,1,1
840,1,370637,377717,1790709953376365632,1790709953376132219,275564,0,0.765193,1,1
841,1,368167,375077,1790709953376784560,1790709953376551853,274558,0,0.772605,1,1
842,1,375467,383497,1790709953377210618,1790709953377178225,242767,0,0.801222,1,1
843,1,370257,377167,1790709953377800059,1790709953377566570,275460,0,0.788497,1,1
844,1,372627,380148,1790709953378223697,1790709953377986914,236853,0,0.000000,1,0
845,1,374907,382407,1790709953378614155,1790709953378377229,237006,0,0.000000,1,0
846,1,369087,376337,1790709953378998572,1790709953378763964,278689,0,0.000000,1,0
847,1,371777,378797,1790709953379428020,1790709953379193928,282053,0,0.000000,1,0
848,1,374408,382078,1790709953379862289,1790709953379625352,237007,0,0.753071,1,1
849,1,377727,385717,1790709953380255836,1790709953380018037,237879,0,0.787024,1,1
850,1,377108,384578,1790709953380649024,1790709953380409722,239382,0,0.000000,1,0
851,1,380017,387737,1790709953381044391,1790709953380810197,277165,0,0.769283,1,1
852,1,370167,377037,1790709953381466239,1790709953381233421,274799,0,0.900497,1,1
853,1,370737,377827,1790709953381887637,1790709953381653665,276213,0,0.760001,1,1
854,1,388047,395838,1790709953382326535,1790709953382090590,276536,0,0.749636,1,1
855,1,369107,376018,1790709953382745013,1790709953382511394,275310,0,0.893081,1,1
856,1,372387,379458,1790709953383167731,1790709953382933589,275493,0,0.762451,1,1
857,1,370167,376867,1790709953383587709,1790709953383354183,276447,0,0.762619,1,1
858,1,379238,387458,1790709953384018408,1790709953383775887,242601,0,0.761690,1,1
859,1,373287,380157,1790709953384409075,1790709953384174472,278544,0,0.783396,1,1
860,1,373457,380847,1790709953384835043,1790709953384598417,236696,0,0.761080,1,1
861,1,372547,381708,1790709953385224130,1790709953385090720,243042,0,0.887676,1,1
862,2,753004,384137,1790709953386096037,1790709953385860460,275748,0,0.562664,1,1
863,1,375917,384157,1790709953386521025,1790709953386280074,241041,0,0.764888,1,1
864,1,367247,374078,1790709953386904632,1790709953386671089,277444,0,0.000000,1,0
865,1,376238,384058,1790709953387333621,1790709953387093514,240187,0,0.000000,1,0
866,1,375107,382867,1790709953387725008,1790709953387486838,238240,0,0.000000,1,0
867,1,375008,382798,1790709953388115626,1790709953387879523,280363,0,0.000000,1,0
868,1,367777,374767,1790709953388536764,1790709953388302408,276046,0,0.757761,1,1
869,1,363096,371517,1790709953388950101,1790709953388776561,245382,0,0.925548,1,1
870,1,370307,378627,1790709953389401160,1790709953389163966,237264,0,0.968042,1,1
871,2,747795,378778,1790709953390165735,1790709953389931606,274319,0,0.000000,1,0
872,2,743365,373477,1790709953390958310,1790709953390726065,272975,0,0.527498,1,1
873,1,387558,395328,1790709953391395368,1790709953391154140,241298,0,0.760532,1,1
874,1,373237,380387,1790709953391784865,1790709953391549795,279581,0,0.782543,1,1
875,1,375607,382367,1790709953392213843,1790709953391980329,275345,0,0.753176,1,1
876,1,378367,385698,1790709953392642781,1790709953392403633,239228,0,0.000000,1,0
877,1,365497,373477,1790709953393027169,1790709953392803218,270072,0,0.770129,1,1
878,2,753644,378837,1790709953393835714,1790709953393601317,279728,0,0.528168,1,1
879,1,378237,385858,1790709953394268172,1790709953394029652,238580,0,0.000000,1,0
880,1,373417,380577,1790709953394660860,1790709953394425376,279765,0,0.784949,1,1
881,2,767095,390278,1790709953395480846,1790709953395245655,274791,0,0.512717,1,1
882,1,376418,384258,1790709953395905584,1790709953395668250,237504,0,0.765446,1,1
883,1,377247,385537,1790709953396298781,1790709953396058554,240307,0,0.000000,1,0
884,1,377258,385218,1790709953396692989,1790709953396454339,238720,0,0.000000,1,0
885,1,377917,390647,1790709953397087026,1790709953396847234,239882,0,0.000000,1,0
886,1,376847,387917,1790709953397485624,1790709953397248719,280666,0,0.000000,1,0
887,1,371017,382227,1790709953397913132,1790709953397677243,279640,0,0.000000,1,0
888,1,375167,386717,1790709953398344950,1790709953398105407,239613,0,0.000000,1,0
889,1,368287,379488,1790709953398736317,1790709953398502222,278106,0,0.909592,1,1
890,1,391797,403447,1790709953399184806,1790709953398942916,241960,0,0.744438,1,1
891,1,372537,383668,1790709953399577353,1790709953399341361,279823,0,0.778593,1,1
892,2,759485,384137,1790709953400393119,1790709953400158370,275040,0,0.512881,1,1
893,1,372007,383077,1790709953400818097,1790709953400584135,276013,0,0.761377,1,1
894,1,378317,389857,1790709953401251245,1790709953401010249,278667,0,0.000000,1,0
895,1,385977,397718,1790709953401687543,1790709953401446343,241290,0,0.749810,1,1
896,2,768524,385568,1790709953402476088,1790709953402242553,273916,0,0.523362,1,1
897,2,766995,393747,1790709953403297304,1790709953403055522,241852,0,0.518393,1,1
898,1,382467,393997,1790709953403701832,1790709953403458256,243646,0,0.781942,1,1
899,1,377977,389298,1790709953404099699,1790709953403862301,281339,0,0.000000,1,0
900,1,374147,385887,1790709953404530888,1790709953404295205,278223,0,0.757520,1,1
901,1,373207,384217,1790709953404960036,1790709953404724040,276907,0,0.756073,1,1
902,1,379457,390917,1790709953405396784,1790709953405157824,282021,0,0.000000,1,0
903,3,1150562,389027,1790709953406602977,1790709953406364308,238739,0,0.349334,1,1
904,1,377338,392608,1790709953407000405,1790709953406761363,239112,0,0.785695,1,1
905,1,375717,387507,1790709953407399232,1790709953407160617,238685,0,0.782818,1,1
906,2,758925,386847,1790709953408177957,1790709953407942077,275811,0,0.531792,1,1
907,1,380067,392057,1790709953408617875,1790709953408376591,241354,0,0.000000,1,0
908,1,381857,393117,1790709953409020003,1790709953408774316,280707,0,0.784800,1,1
909,1,396797,408838,1790709953409464821,1790709953409221860,243031,0,0.749023,1,1
910,1,369737,380947,1790709953409855449,1790709953409620695,279065,0,0.783498,1,1
911,1,378617,390487,1790709953410291267,1790709953410050619,240728,0,0.892304,1,1
912,1,374677,386227,1790709953410691735,1790709953410454674,281742,0,0.000000,1,0
913,1,379937,391487,1790709953411129153,1790709953410889328,239895,0,0.000000,1,0
914,1,370037,381088,1790709953411518710,1790709953411283503,278908,0,0.784533,1,1
915,1,373557,385727,1790709953411952019,1790709953411713117,238972,0,0.754081,1,1
916,1,384727,396638,1790709953412357706,1790709953412117062,240724,0,0.780011,1,1
917,1,378157,390227,1790709953412756204,1790709953412516737,239537,0,0.000000,1,0
918,2,771115,391687,1790709953413547369,1790709953413307206,240233,0,0.526628,1,1
919,1,374257,386087,1790709953413945237,1790709953413784100,240178,0,0.911832,1,1
920,1,378488,389848,1790709953414415446,1790709953414174845,278691,0,0.000000,1,0
921,1,371367,382237,1790709953414837514,1790709953414657458,238627,0,0.000000,1,0
922,1,373897,385647,1790709953415282582,1790709953415043473,239189,0,0.843397,1,1
923,1,375007,386248,1790709953415678389,1790709953415441848,280592,0,0.779263,1,1
924,1,386297,397707,1790709953416121478,1790709953415879552,280637,0,0.000000,1,0
925,1,374927,385857,1790709953416547916,1790709953416312666,277901,0,0.756476,1,1
926,2,760254,388278,1790709953417363661,1790709953417126556,276676,0,0.000000,1,0
927,2,767785,391227,1790709953418183767,1790709953417946485,276243,0,0.000000,1,0
928,2,765455,389537,1790709953419000953,1790709953418765404,277339,0,0.514777,1,1
929,1,369487,380577,1790709953419424851,1790709953419191568,275444,0,0.891991,1,1
930,2,761514,393798,1790709953420240906,1790709953419997987,242989,0,0.518570,1,1
931,1,381937,393927,1790709953420643424,1790709953420401612,241892,0,0.781753,1,1
932,1,389478,402188,1790709953421053032,1790709953420814716,280437,0,0.882200,1,1
933,1,375357,386437,1790709953421483740,1790709953421247201,276760,0,0.766848,1,1
934,1,378427,390007,1790709953421914978,1790709953421676515,278284,0,0.757383,1,1
935,1,388308,399788,1790709953422355997,1790709953422118639,278848,0,0.000000,1,0
936,2,767884,389907,1790709953423178412,1790709953422939898,275795,0,0.511672,1,1
937,1,377927,389367,1790709953423606220,1790709953423366993,239297,0,0.000000,1,0
938,1,379777,394837,1790709953424005598,1790709953423777517,263591,0,0.759673,1,1
939,1,372697,383787,1790709953424426646,1790709953424191802,276885,0,0.771401,1,1
940,1,368467,379237,1790709953424849794,1790709953424615886,275949,0,0.887526,1,1
941,1,388917,401668,1790709953425297882,1790709953425050190,247762,0,0.754081,1,1
942,1,384627,395517,1790709953425703920,1790709953425466595,279426,0,0.000000,1,0
943,1,381347,394168,1790709953426142938,1790709953425901199,241809,0,0.751378,1,1
944,1,374967,386837,1790709953426539266,1790709953426302384,280613,0,0.782762,1,1
945,1,372327,383737,1790709953426968114,1790709953426733418,277367,0,0.755130,1,1
946,1,382738,395968,1790709953427409993,1790709953427166642,243421,0,0.756876,1,1
947,1,378617,390067,1790709953427810110,1790709953427573287,278954,0,0.775904,1,1
948,1,382288,395488,1790709953428247039,1790709953428005161,241948,0,0.000000,1,0
949,1,377357,389957,1790709953428646316,1790709953428409396,283181,0,0.780448,1,1
950,1,382558,393658,1790709953429087865,1790709953428849940,277875,0,0.748080,1,1
951,1,375947,387077,1790709953429516473,1790709953429279344,276509,0,0.000000,1,0
952,1,370167,380997,1790709953429938601,1790709953429703859,276432,0,0.760380,1,1
953,1,377047,388367,1790709953430369979,1790709953430130683,278647,0,0.764093,1,1
954,1,382657,394547,1790709953430804367,1790709953430559507,244940,0,0.756824,1,1
955,1,383918,395617,1790709953431208385,1790709953430966062,242393,0,0.000000,1,0
956,1,739338,771238,1790709956436589341,1790709956436277572,311899,0,0.586882,1,1
957,1,456035,466535,1790709956437116667,1790709956436865675,251082,0,0.000000,1,0
958,1,447405,455315,1790709956437586252,1790709956437615405,253580,29153,0.000000,1,0
959,1,390314,397504,1790709956438269269,1790709956438082518,245572,0,0.931380,1,1
960,1,387094,400284,1790709956438724354,1790709956438484213,259142,0,0.000000,1,0
961,1,398624,411054,1790709956439152209,1790709956438904358,247931,0,0.772312,1,1
962,1,387645,399385,1790709956439573614,1790709956439333952,266432,0,0.757329,1,1
963,1,392674,404634,1790709956440005608,1790709956439758426,247252,0,0.758224,1,1
964,2,792688,399314,1790709956440818477,1790709956440578555,274783,0,0.517115,1,1
965,1,393374,406354,1790709956441260182,1790709956441016070,279703,0,0.000000,1,0
966,1,379934,392584,1790709956441688817,1790709956441442734,246163,0,0.756861,1,1
967,1,377464,389254,1790709956442091241,1790709956441846209,285073,0,0.772961,1,1
968,1,376444,388424,1790709956442520746,1790709956442276613,244213,0,0.000000,1,0
969,1,379014,390954,1790709956442919760,1790709956442674668,280743,0,0.000000,1,0
970,1,379794,391684,1790709956443347845,1790709956443102522,245403,0,0.753116,1,1
971,1,378424,390085,1790709956443746329,1790709956443499887,246512,0,0.779138,1,1
972,1,372974,384374,1790709956444139174,1790709956443898781,281143,0,0.000000,1,0
973,1,379464,391335,1790709956444574038,1790709956444328506,245612,0,0.757473,1,1
974,1,376814,388524,1790709956444970963,1790709956444727141,243892,0,0.000000,1,0
975,1,366304,377694,1790709956445360627,1790709956445121635,280092,0,0.000000,1,0
976,2,759978,388384,1790709956446174376,1790709956445927895,246551,0,0.516375,1,1
977,1,371964,384734,1790709956446566960,1790709956446322369,244771,0,0.784464,1,1
978,1,367524,379134,1790709956446955294,1790709956446714514,284761,0,0.000000,1,0
979,1,375314,387454,1790709956447387759,1790709956447142019,245820,0,0.767055,1,1
980,1,374214,385894,1790709956447782213,1790709956447537283,245010,0,0.000000,1,0
981,1,372904,385134,1790709956448174808,1790709956447933788,280580,0,0.776890,1,1
982,1,373614,386594,1790709956448600842,1790709956448356212,244710,0,0.763200,1,1
983,1,375865,387525,1790709956448998007,1790709956448749577,248500,0,0.780113,1,1
984,1,374824,386064,1790709956449393061,1790709956449151102,281279,0,0.780479,1,1
985,1,381574,393595,1790709956449826885,1790709956449577086,249879,0,0.760571,1,1
986,2,760528,385714,1790709956450607634,1790709956450366036,241678,0,0.527091,1,1
987,2,756358,384035,1790709956451383752,1790709956451143585,280588,0,0.533663,1,1
988,1,377224,388894,1790709956451814287,1790709956451570420,243927,0,0.759149,1,1
989,1,377134,388894,1790709956452211341,1790709956451966304,245097,0,0.781425,1,1
990,1,371154,382674,1790709956452602276,1790709956452362619,280977,0,0.779918,1,1
991,1,370594,381804,1790709956453026970,1790709956452787313,282568,0,0.756271,1,1
992,1,375254,386904,1790709956453458065,1790709956453215258,242877,0,0.000000,1,0
993,1,377234,389624,1790709956453854899,1790709956453609083,245886,0,0.912042,1,1
994,1,373724,386434,1790709956454248804,1790709956454008897,280177,0,0.780167,1,1
995,2,763279,380424,1790709956455070323,1790709956454832296,276677,0,0.509207,1,1
996,1,371254,383464,1790709956455493037,1790709956455256461,276577,0,0.757966,1,1
997,1,383744,398424,1790709956455929592,1790709956455679225,250437,0,0.000000,1,0
998,1,371604,383205,1790709956456324336,1790709956456084350,280797,0,0.774787,1,1
999,3,1145462,383705,1790709956457523739,1790709956457284814,282836,0,0.349488,1,1
1000,1,368994,380084,1790709956457949664,1790709956457711718,279197,0,0.758672,1,1
1001,2,757468,382484,1790709956458760903,1790709956458520298,281655,0,0.519945,1,1
1002,1,373385,384235,1790709956459188028,1790709956458948342,280206,0,0.000000,1,0
1003,1,374854,386674,1790709956459616032,1790709956459372936,243176,0,0.758308,1,1
1004,1,370584,381695,1790709956460011276,1790709956459772651,284136,0,0.000000,1,0
1005,1,377204,389134,1790709956460446791,1790709956460202835,244026,0,0.755968,1,1
1006,1,369364,381905,1790709956460836325,1790709956460596150,279626,0,0.000000,1,0
1007,1,379544,390574,1790709956461271770,1790709956461238782,245930,0,0.794980,1,1
1008,1,372704,386294,1790709956461871307,1790709956461629636,280851,0,0.000000,1,0
1009,1,375794,388864,1790709956462299161,1790709956462058051,282141,0,0.000000,1,0
1010,1,374424,387954,1790709956462727346,1790709956462487925,280011,0,0.000000,1,0
1011,1,374914,387714,1790709956463155751,1790709956462916859,238962,0,0.878897,1,1
1012,1,372304,388154,1790709956463549465,1790709956463308844,282681,0,0.782926,1,1
1013,1,377965,390785,1790709956463982340,1790709956463736668,245752,0,0.754685,1,1
1014,1,370084,383204,1790709956464373834,1790709956464133363,280511,0,0.915277,1,1
1015,1,371094,383245,1790709956464797828,1790709956464557448,289571,0,0.758838,1,1
1016,3,1140402,380635,1790709956466000881,1790709956465762692,289550,0,0.000000,1,0
1017,1,379024,392014,1790709956466444366,1790709956466199246,245190,0,0.000000,1,0
1018,1,369884,381095,1790709956466835280,1790709956466597251,279940,0,0.000000,1,0
1019,1,376164,389484,1790709956467266145,1790709956467023145,243070,0,0.881431,1,1
1020,1,370084,381305,1790709956467658029,1790709956467418620,282680,0,0.774082,1,1
1021,2,760078,383344,1790709956468473818,1790709956468236019,278290,0,0.000000,1,0
1022,1,374504,386854,1790709956468903263,1790709956468662093,241230,0,0.761522,1,1
1023,1,373394,381434,1790709956469297847,1790709956469058848,282200,0,0.000000,1,0
1024,1,373514,380604,1790709956469723662,1790709956469482942,279570,0,0.880930,1,1
1025,1,372245,380735,1790709956470143367,1790709956469905707,278630,0,0.752709,1,1
1026,1,369224,376124,1790709956470562071,1790709956470327101,277491,0,0.889996,1,1
1027,1,373204,376654,1790709956470986356,1790709956470747846,278970,0,0.759088,1,1
1028,1,372054,379074,1790709956471407510,1790709956471169760,279221,0,0.000000,1,0
1029,2,748748,378214,1790709956472206259,1790709956471968780,277590,0,0.519436,1,1
1030,1,381064,389094,1790709956472636284,1790709956472387214,249160,0,0.765170,1,1
1031,1,379084,395894,1790709956473031428,1790709956472783759,247759,0,0.779606,1,1
1032,1,373205,384625,1790709956473431613,1790709956473191303,280240,0,0.904994,1,1
1033,1,368974,381544,1790709956473853317,1790709956473614828,279690,0,0.755627,1,1
1034,1,383254,394674,1790709956474290512,1790709956474049442,281350,0,0.744885,1,1
1035,1,370824,382455,1790709956474714226,1790709956474475896,280741,0,0.000000,1,0
1036,1,371124,382324,1790709956475140491,1790709956474902341,280421,0,0.754849,1,1
1037,1,367754,379214,1790709956475563326,1790709956475325825,281681,0,0.886559,1,1
1038,1,368714,379624,1790709956475989060,1790709956475752679,278522,0,0.756718,1,1
1039,1,379894,392774,1790709956476432035,1790709956476185964,246141,0,0.752664,1,1
1040,1,376374,388265,1790709956476829809,1790709956476585118,244771,0,0.777124,1,1
1041,1,376574,388174,1790709956477226314,1790709956476985523,240861,0,0.775415,1,1
1042,2,748598,376294,1790709956477994352,1790709956477758073,276739,0,0.727984,1,1
1043,2,752198,388264,1790709956478803081,1790709956478563322,278659,0,0.519800,1,1
1044,1,371124,378554,1790709956479222215,1790709956478984136,281010,0,0.759644,1,1
1045,1,367724,374774,1790709956479641480,1790709956479404951,281909,0,0.889195,1,1
1046,1,367954,374915,1790709956480063484,1790709956479825245,278430,0,0.758004,1,1
1047,1,377684,388274,1790709956480490009,1790709956480252690,280140,0,0.756746,1,1
1048,1,365644,372634,1790709956480907084,1790709956480671834,284990,0,0.761735,1,1
1049,1,381244,388324,1790709956481347958,1790709956481109768,279251,0,0.884867,1,1
1050,1,366744,374104,1790709956481764283,1790709956481527573,278240,0,0.883345,1,1
1051,2,746499,375414,1790709956482560952,1790709956482323842,277910,0,0.706004,1,1
1052,1,370114,377944,1790709956482980416,1790709956482738737,241769,0,0.884494,1,1
1053,1,366914,373974,1790709956483363210,1790709956483126361,284970,0,0.000000,1,0
1054,2,744178,377194,1790709956484163939,1790709956483928551,275258,0,0.518165,1,1
1055,1,370484,377235,1790709956484582963,1790709956484344205,281049,0,0.000000,1,0
1056,2,752478,385634,1790709956485386262,1790709956485142865,243487,0,0.519446,1,1
1057,1,368804,376265,1790709956485771406,1790709956485533830,280167,0,0.000000,1,0
1058,1,370954,378094,1790709956486193721,1790709956485955044,280738,0,0.000000,1,0
1059,1,378214,386134,1790709956486622596,1790709956486381448,241228,0,0.757096,1,1
1060,2,758478,388924,1790709956487397094,1790709956487147428,249746,0,0.537234,1,1
1061,1,373725,381595,1790709956487787179,1790709956487545023,242216,0,0.789151,1,1
1062,1,370754,378084,1790709956488174543,1790709956487936528,279385,0,0.000000,1,0
1063,1,368924,375665,1790709956488593357,1790709956488355662,280126,0,0.762048,1,1
1064,1,367834,376474,1790709956489012182,1790709956488775027,280785,0,0.765966,1,1
1065,1,371184,378024,1790709956489436117,1790709956489200901,276986,0,0.000000,1,0
1066,1,374364,382034,1790709956489861051,1790709956489616636,244505,0,0.000000,1,0
1067,1,375244,387185,1790709956490252725,1790709956490009510,243285,0,0.779101,1,1
1068,2,746148,373484,1790709956491018924,1790709956490781990,278814,0,0.537126,1,1
1069,1,369534,376414,1790709956491439368,1790709956491200905,280364,0,0.765094,1,1
1070,3,1120222,375164,1790709956492613251,1790709956492376059,277063,0,0.000000,1,0
1071,1,366284,382444,1790709956493028936,1790709956492791854,282422,0,0.766089,1,1
1072,2,759778,383375,1790709956493847354,1790709956493607543,281212,0,0.520101,1,1
1073,2,749598,379364,1790709956494651303,1790709956494412702,279012,0,0.714740,1,1
1074,2,756638,388664,1790709956495461252,1790709956495219301,277771,0,0.515200,1,1
1075,1,369694,380674,1790709956495879887,1790709956495642216,279721,0,0.760251,1,1
1076,1,372424,383174,1790709956496307201,1790709956496067250,281182,0,0.883549,1,1
1077,2,760078,392124,1790709956497121290,1790709956496875540,245830,0,0.000000,1,0
1078,1,370214,381334,1790709956497512184,1790709956497496941,242966,0,0.785302,1,1
1079,1,375184,386144,1790709956498127791,1790709956497887116,280305,0,0.000000,1,0
1080,1,366534,377785,1790709956498546775,1790709956498310231,282015,0,0.000000,1,0
1081,1,366624,377454,1790709956498971450,1790709956498734255,279186,0,0.753741,1,1
1082,2,759658,385294,1790709956499786059,1790709956499543904,242475,0,0.516603,1,1
1083,1,370304,381914,1790709956500177143,1790709956499938549,281625,0,0.000000,1,0
1084,1,368664,379634,1790709956500601928,1790709956500364933,279025,0,0.880832,1,1
1085,1,367644,378674,1790709956501024342,1790709956500787338,278985,0,0.758443,1,1
1086,1,752180,779131,1790709962509784403,1790709962509468260,316283,0,0.435758,1,1
1087,1,501537,510977,1790709962510353031,1790709962510088802,264319,0,0.969243,1,1
1088,1,572558,580818,1790709962510945719,1790709962510680634,265145,0,0.968837,1,1
1089,1,580697,588888,1790709962511543656,1790709962511293436,250290,0,0.000000,1,0
1090,1,400685,407815,1790709962511961722,1790709962511722870,255372,0,0.861020,1,1
1091,1,442786,450566,1790709962512429548,1790709962512191654,258764,0,0.786379,1,1
1092,1,395905,402825,1790709962512854924,1790709962512614989,267155,0,0.000000,1,0
1093,1,398606,406816,1790709962513289420,1790709962513044213,279417,0,0.767339,1,1
1094,1,389045,396985,1790709962513722085,1790709962513482117,272669,0,0.759780,1,1
1095,1,405215,413795,1790709962514169101,1790709962513921831,247350,0,0.876746,1,1
1096,1,390426,398906,1790709962514576747,1790709962514335876,240951,0,0.763542,1,1
1097,1,385105,392125,1790709962514978082,1790709962514738601,283831,0,0.773603,1,1
1098,1,383455,391925,1790709962515414908,1790709962515168415,246563,0,0.755801,1,1
1099,1,374675,381915,1790709962515806623,1790709962515567490,281453,0,0.000000,1,0
1100,1,374074,381215,1790709962516231908,1790709962515991594,281195,0,0.754035,1,1
1101,1,373465,380235,1790709962516657014,1790709962516415508,281157,0,0.759955,1,1
1102,1,369885,377955,1790709962517078600,1790709962516839493,286967,0,0.754608,1,1
1103,2,760321,384185,1790709962517895681,1790709962517650782,244979,0,0.000000,1,0
1104,1,368175,375375,1790709962518279686,1790709962518042207,280069,0,0.919920,1,1
1105,2,757660,387235,1790709962519089676,1790709962518845206,244530,0,0.518974,1,1
1106,1,379225,387155,1790709962519489382,1790709962519242681,246771,0,0.781323,1,1
1107,1,374965,382525,1790709962519880157,1790709962519634965,245272,0,0.000000,1,0
1108,1,378675,386535,1790709962520274292,1790709962520027060,247312,0,0.782104,1,1
1109,2,780461,408306,1790709962521070833,1790709962520821100,249813,0,0.523367,1,1
1110,1,379185,391235,1790709962521476288,1790709962521229454,246914,0,0.905309,1,1
1111,1,371745,383215,1790709962521868293,1790709962521627289,283145,0,0.000000,1,0
1112,1,375395,386615,1790709962522298619,1790709962522056363,282146,0,0.874120,1,1
1113,2,755870,386715,1790709962523107059,1790709962522861653,245476,0,0.597875,1,1
1114,2,760530,390015,1790709962523887600,1790709962523639402,248268,0,0.000000,1,0
1115,1,370585,381685,1790709962524278355,1790709962524037527,282949,0,0.000000,1,0
1116,1,384275,396125,1790709962524717651,1790709962524472691,245030,0,0.748229,1,1
1117,2,760150,385625,1790709962525497741,1790709962525257801,280061,0,0.526175,1,1
1118,1,368345,380285,1790709962525918897,1790709962525680635,282792,0,0.000000,1,0
1119,1,372155,383196,1790709962526347962,1790709962526107440,282433,0,0.758125,1,1
1120,1,373325,384745,1790709962526775818,1790709962526535634,282275,0,0.754269,1,1
1121,1,376075,387155,1790709962527206614,1790709962526964718,282616,0,0.750065,1,1
1122,1,370505,381615,1790709962527630369,1790709962527391153,278797,0,0.881792,1,1
1123,2,761400,396225,1790709962528444340,1790709962528193572,250848,0,0.516009,1,1
1124,1,372495,388446,1790709962528838835,1790709962528599167,281089,0,0.776750,1,1
1125,2,762590,387375,1790709962529656096,1790709962529412076,244090,0,0.512481,1,1
1126,1,376465,388286,1790709962530057681,1790709962529813081,244670,0,0.778344,1,1
1127,1,376655,388305,1790709962530458827,1790709962530217855,279482,0,0.000000,1,0
1128,1,364415,374995,1790709962530874722,1790709962530638970,278353,0,0.000000,1,0
1129,1,374735,385985,1790709962531304668,1790709962531062954,281874,0,0.752025,1,1
1130,1,370315,381885,1790709962531727944,1790709962531525368,245906,0,0.000000,1,0
1131,2,762750,390946,1790709962532546914,1790709962532301728,245246,0,0.556186,1,1
1132,2,756460,385225,1790709962533325275,1790709962533083887,281128,0,0.526812,1,1
1133,1,370825,383135,1790709962533748820,1790709962533506172,242718,0,0.756588,1,1
1134,1,371445,383095,1790709962534145356,1790709962533905396,281700,0,0.000000,1,0
1135,1,364085,374835,1790709962534563871,1790709962534326431,280011,0,0.890494,1,1
1136,1,364185,374905,1790709962534983327,1790709962534745085,278762,0,0.875344,1,1
1137,1,368245,379265,1790709962535404992,1790709962535164780,281013,0,0.761933,1,1
1138,1,375645,387215,1790709962535833828,1790709962535586644,247274,0,0.756429,1,1
1139,1,369565,380545,1790709962536223543,1790709962535984369,280615,0,0.772034,1,1
1140,1,371285,382095,1790709962536648899,1790709962536409803,281416,0,0.752250,1,1
1141,1,367485,379095,1790709962537071294,1790709962537145604,240357,74310,0.714948,1,1
1142,1,384999,394469,1790709962537810820,1790709962537571688,282493,0,0.000000,1,0
1143,1,378798,386848,1790709962538242870,1790709962537997152,245798,0,0.753447,1,1
1144,2,764697,383518,1790709962539024848,1790709962538786432,278427,0,0.527671,1,1
1145,1,372079,379509,1790709962539446458,1790709962539207176,280513,0,0.761103,1,1
1146,1,379339,387509,1790709962539876138,1790709962539628511,247707,0,0.000000,1,0
1147,1,368999,376239,1790709962540261577,1790709962540022666,280622,0,0.779559,1,1
1148,2,751827,389079,1790709962541064185,1790709962540818965,245320,0,0.522494,1,1
1149,1,377928,389619,1790709962541464644,1790709962541223060,285625,0,0.000000,1,0
1150,1,372068,382889,1790709962541893554,1790709962541653484,281451,0,0.751987,1,1
1151,1,379518,391199,1790709962542327284,1790709962542082018,245356,0,0.000000,1,0
1152,1,381449,393889,1790709962542732514,1790709962542482893,249711,0,0.780315,1,1
1153,1,374809,386199,1790709962543128133,1790709962542891557,278977,0,0.762857,1,1
1154,1,374939,385899,1790709962543558343,1790709962543316112,281202,0,0.760076,1,1
1155,2,755708,384619,1790709962544365632,1790709962544126171,279752,0,0.514633,1,1
1156,1,372068,383349,1790709962544791021,1790709962544607194,246329,0,0.000000,1,0
1157,1,373269,384599,1790709962545239592,1790709962544998589,279994,0,0.823150,1,1
1158,1,374469,386579,1790709962545665582,1790709962545423124,242538,0,0.000000,1,0
1159,1,366119,373129,1790709962546052191,1790709962545815428,285404,0,0.000000,1,0
1160,1,368948,376189,1790709962546478850,1790709962546241063,279298,0,0.758163,1,1
1161,1,376838,384558,1790709962546905720,1790709962546659047,246743,0,0.758239,1,1
1162,2,757137,383588,1790709962547678988,1790709962547434617,244451,0,0.530756,1,1
1163,1,366448,373858,1790709962548061857,1790709962547826092,278856,0,0.910457,1,1
1164,1,377129,385689,1790709962548490847,1790709962548244466,246461,0,0.000000,1,0
1165,2,753387,383128,1790709962549278065,1790709962549036786,280310,0,0.524787,1,1
1166,1,377079,384579,1790709962549706695,1790709962549463270,243495,0,0.759089,1,1
1167,1,381269,389319,1790709962550103994,1790709962549852495,251569,0,0.000000,1,0
1168,1,372408,379078,1790709962550492563,1790709962550252440,283384,0,0.782300,1,1
1169,1,365489,372429,1790709962550909993,1790709962550672714,279950,0,0.873325,1,1
1170,1,376259,383959,1790709962551337793,1790709962551093089,244784,0,0.759529,1,1
1171,1,375699,383209,1790709962551729332,1790709962551484483,244929,0,0.000000,1,0
1172,1,378109,386089,1790709962552123281,1790709962551874568,248803,0,0.779068,1,1
1173,1,374699,382039,1790709962552514250,1790709962552272023,242297,0,0.000000,1,0
1174,2,748408,379899,1790709962553277958,1790709962553039533,278296,0,0.536697,1,1
1175,1,368818,375849,1790709962553695727,1790709962553457557,280051,0,0.000000,1,0
1176,2,753247,382529,1790709962554499426,1790709962554256997,242509,0,0.516483,1,1
1177,2,745998,377929,1790709962555261834,1790709962555022267,279047,0,0.000000,1,0
1178,1,377618,385209,1790709962555687583,1790709962555441181,246472,0,0.877430,1,1
1179,1,366388,374019,1790709962556073582,1790709962555897525,246749,0,0.000000,1,0
1180,1,379479,387029,1790709962556532703,1790709962556282920,249853,0,0.952619,1,1
1181,1,371879,379249,1790709962556919932,1790709962556677005,242987,0,0.789301,1,1
1182,1,385608,393429,1790709962557334831,1790709962557095059,286614,0,0.758854,1,1
1183,2,765017,393630,1790709962558155620,1790709962557910488,245202,0,0.590171,1,1
1184,1,374168,382279,1790709962558549199,1790709962558306213,243056,0,0.785985,1,1
1185,1,376438,384189,1790709962558941818,1790709962558696738,245140,0,0.783600,1,1
1186,1,372448,379489,1790709962559330567,1790709962559090913,281135,0,0.000000,1,0
1187,1,370998,378038,1790709962559751627,1790709962559512827,280011,0,0.758528,1,1
1188,1,371499,378279,1790709962560172817,1790709962559933672,280776,0,0.000000,1,0
1189,1,372798,380519,1790709962560595766,1790709962560352796,243040,0,0.762985,1,1
1190,1,374808,387549,1790709962560986275,1790709962560741811,244534,0,0.783623,1,1
1191,3,1152137,391299,1790709962562159933,1790709962561914155,245838,0,0.360712,1,1
1192,1,368039,379209,1790709962562548182,1790709962562310260,282543,0,0.780776,1,1
1193,1,367818,378949,1790709962562973171,1790709962562759044,256178,0,0.960416,1,1
1194,1,367518,378528,1790709962563395261,1790709962563156509,282213,0,0.822565,1,1
1195,1,375689,387559,1790709962563827461,1790709962563582213,245318,0,0.000000,1,0
1196,1,377748,388899,1790709962564225400,1790709962563982988,282023,0,0.000000,1,0
1197,1,381059,392889,1790709962564666661,1790709962564427302,285030,0,0.869299,1,1
1198,1,375679,388029,1790709962565101241,1790709962564856836,281255,0,0.000000,1,0
1199,1,373098,385049,1790709962565523670,1790709962565283081,281220,0,0.754148,1,1
1200,1,368248,379238,1790709962565945420,1790709962565739195,248616,0,0.000000,1,0
1201,3,1125856,381259,1790709962567126377,1790709962566892149,273379,0,0.000000,1,0
1202,1,369868,380898,1790709962567548147,1790709962567306604,281914,0,0.000000,1,0
1203,1,368769,379839,1790709962567969957,1790709962567729498,280190,0,0.875319,1,1
1204,1,369799,381479,1790709962568396157,1790709962568199012,249686,0,0.940768,1,1
1205,1,369369,380789,1790709962568834327,1790709962568592647,281441,0,0.000000,1,0
1206,1,381899,392909,1790709962569268967,1790709962569027121,282827,0,0.742148,1,1
1207,2,755818,382779,1790709962570078466,1790709962569836690,283037,0,0.516831,1,1
1208,1,380739,393169,1790709962570513606,1790709962570267715,245971,0,0.000000,1,0
1209,3,1143527,387609,1790709962571677413,1790709962571433059,244424,0,0.361575,1,1
1210,1,377369,390659,1790709962572078992,1790709962571832214,246848,0,0.780651,1,1
1211,1,375348,386969,1790709962572479991,1790709962572238758,285674,0,0.000000,1,0
1212,1,371648,383268,1790709962572909401,1790709962572668873,281739,0,0.751483,1,1
1213,1,378529,386379,1790709962573341751,1790709962573095717,246114,0,0.891233,1,1
1214,3,1125406,378329,1790709962574483058,1790709962574244052,279137,0,0.000000,1,0
1215,1,368998,375888,1790709962574900837,1790709962574663176,279852,0,0.895997,1,1
1216,1,377359,385159,1790709962575328927,1790709962575082231,246766,0,0.000000,1,0
1217,1,376358,384218,1790709962575721146,1790709962575476365,244861,0,0.783460,1,1
1218,1,370048,377668,1790709962576106935,1790709962575866930,279006,0,0.910174,1,1
1219,1,369009,376069,1790709962576523555,1790709962576284575,280191,0,0.764612,1,1
1220,1,381629,389289,1790709962576954985,1790709962576703919,281696,0,0.759089,1,1
1221,1,380139,391759,1790709962577378855,1790709962577133023,283002,0,0.765593,1,1
1222,2,766567,394829,1790709962578195303,1790709962577946423,248950,0,0.513681,1,1
1223,1,380089,392009,1790709962578597213,1790709962578355057,282866,0,0.771726,1,1
1224,1,372188,383829,1790709962579022922,1790709962578781472,282311,0,0.000000,1,0
1225,1,371978,386288,1790709962579448592,1790709962579206876,283757,0,0.884159,1,1
1226,1,370069,381919,1790709962579874782,1790709962579636360,287223,0,0.750432,1,1
1227,1,377699,389149,1790709962580314122,1790709962580070275,281828,0,0.746644,1,1
1228,1,371629,382899,1790709962580736782,1790709962580496739,285254,0,0.000000,1,0
1229,1,374039,385629,1790709962581173202,1790709962580931683,282270,0,0.000000,1,0
1230,2,753047,379139,1790709962581980200,1790709962581741893,278798,0,0.000000,1,0
1231,2,760427,384029,1790709962582793759,1790709962582552612,280388,0,0.523996,1,1
1232,1,379039,391189,1790709962583225039,1790709962582978286,246833,0,0.755273,1,1
1233,1,372768,384179,1790709962583618708,1790709962583376881,283918,0,0.776517,1,1
1234,2,764247,396010,1790709962584437797,1790709962584195850,279508,0,0.000000,1,0
1235,1,375939,389789,1790709962584864307,1790709962584622594,282764,0,0.759956,1,1
1236,1,379939,392559,1790709962585298167,1790709962585054439,284029,0,0.000000,1,0
1237,1,381119,395390,1790709962585732587,1790709962585484603,248054,0,0.000000,1,0
1238,1,385869,400369,1790709962586141297,1790709962585893728,247639,0,0.764910,1,1
1239,1,382469,397369,1790709962586546696,1790709962586297882,248884,0,0.000000,1,0
1240,1,372058,384258,1790709962586941665,1790709962586699367,281579,0,0.775260,1,1
1241,1,386819,402890,1790709962587380985,1790709962587127081,254104,0,0.000000,1,0
1242,1,374109,385929,1790709962587779345,1790709962587536976,282750,0,0.896426,1,1
1243,1,382649,395499,1790709962588215205,1790709962587967970,247395,0,0.879310,1,1
1244,1,371349,383849,1790709962588614874,1790709962588875588,253928,260714,0.595471,1,1
1245,1,371319,382269,1790709962589514605,1790709962589274203,281393,0,0.000000,1,0
1246,1,371099,382739,1790709962589939595,1790709962589698777,281138,0,0.755515,1,1
1247,1,370858,383469,1790709962590363354,1790709962590122222,283053,0,0.900235,1,1
1248,1,374388,386229,1790709962590792424,1790709962590548246,282409,0,0.754254,1,1
1249,1,374759,386839,1790709962591217944,1790709962590976990,281955,0,0.750110,1,1
1250,1,380689,391879,1790709962591652224,1790709962591412595,281210,0,0.748625,1,1
1251,1,374829,393820,1790709962592081434,1790709962591835039,246465,0,0.756498,1,1
1252,1,375708,388269,1790709962592484503,1790709962592243384,280980,0,0.000000,1,0
1253,1,371538,384038,1790709962592908583,1790709962592667548,281976,0,0.000000,1,0
1254,1,371899,383239,1790709962593334423,1790709962593094082,282432,0,0.000000,1,0
1255,1,373079,385159,1790709962593763073,1790709962593522177,282547,0,0.000000,1,0
1256,1,379739,392069,1790709962594197203,1790709962593950681,246592,0,0.753244,1,1
1257,1,371929,382999,1790709962594589472,1790709962594348086,283957,0,0.000000,1,0
1258,1,377139,388789,1790709962595021762,1790709962594774180,282733,0,0.753711,1,1
1259,1,378519,389449,1790709962595448392,1790709962595204074,282669,0,0.759066,1,1
1260,1,368718,379419,1790709962595868061,1790709962595630039,280783,0,0.756315,1,1
1261,1,373968,386459,1790709962596300441,1790709962596059103,282459,0,0.000000,1,0
1262,2,755498,384049,1790709962597110020,1790709962596868292,279899,0,0.517420,1,1
1263,1,381679,395059,1790709962597542650,1790709962597293007,249713,0,0.769375,1,1
1264,1,373859,382289,1790709962597937919,1790709962597697331,281099,0,0.000000,1,0
1265,2,754618,380839,1790709962598745718,1790709962598505780,280079,0,0.601967,1,1
1266,1,374649,386749,1790709962599173188,1790709962598933425,280944,0,0.749119,1,1
1267,2,1594140,707005,1790709977618611192,1790709977618978228,270468,367036,0.488058,1,1
1268,1,608514,617084,1790709977619875210,1790709977619606229,269061,0,0.968265,1,1
1269,3,1504000,474033,1790709977621398980,1790709977621145749,268331,0,0.374993,1,1
1270,1,416673,425153,1790709977621841363,1790709977621578593,262850,0,0.952687,1,1
1271,1,405662,413602,1790709977622264485,1790709977622009157,255418,0,0.816004,1,1
1272,1,388673,395923,1790709977622669558,1790709977622419602,282326,0,0.790557,1,1
1273,1,390472,398263,1790709977623101140,1790709977622846996,254224,0,0.759674,1,1
1274,2,778514,391223,1790709977623895325,1790709977623648026,287900,0,0.000000,1,0
1275,1,379642,386652,1790709977624324228,1790709977624073650,291618,0,0.758270,1,1
1276,1,378062,385492,1790709977624752051,1790709977624496475,255666,0,0.890939,1,1
1277,3,1145317,379442,1790709977625912698,1790709977625663479,289930,0,0.361455,1,1
1278,3,1146467,378472,1790709977627108596,1790709977626859583,289403,0,0.353612,1,1
1279,1,378463,387323,1790709977627536159,1790709977627280778,255451,0,0.761811,1,1
1280,1,371622,378422,1790709977627937461,1790709977627689062,290430,0,0.000000,1,0
1281,2,754975,380673,1790709977628745977,1790709977628496552,288825,0,0.514432,1,1
1282,1,379112,387732,1790709977629173289,1790709977628917516,255863,0,0.758164,1,1
1283,1,785474,820775,1790710034710459034,1790710034710127646,331518,0,0.354246,1,1
1284,1,502889,515960,1790710034711037724,1790710034711329330,262824,291606,0.557836,1,1
1285,1,442398,458938,1790710034712049053,1790710034711793144,266809,0,0.955292,1,1
1286,2,910846,493139,1790710034712986209,1790710034712737742,265778,0,0.488092,1,1
1287,2,863346,432048,1790710034713903256,1790710034713650950,272826,0,0.504226,1,1
1288,2,801905,409777,1790710034714733291,1790710034714482689,285432,0,0.624331,1,1
1289,1,389897,414197,1790710034715171159,1790710034714920143,282006,0,0.758830,1,1
1290,1,391987,403628,1790710034715600746,1790710034715349627,294480,0,0.000000,1,0
1291,1,380077,391427,1790710034716036914,1790710034715784202,292273,0,0.000000,1,0
1292,1,375277,386127,1790710034716464622,1790710034716214736,291897,0,0.000000,1,0
1293,2,764514,388217,1790710034717288277,1790710034717036345,288832,0,0.519555,1,1
1294,1,372046,382807,1790710034717709984,1790710034717461809,292216,0,0.000000,1,0
1295,1,379047,390987,1790710034718145732,1790710034717891004,254818,0,0.760509,1,1
1296,2,765733,389097,1790710034718931606,1790710034718681353,290244,0,0.527118,1,1
1297,1,373037,384337,1790710034719357394,1790710034719107438,291087,0,0.767830,1,1
1298,1,374387,385837,1790710034719786162,1790710034719760309,256977,0,0.784219,1,1
1299,1,373017,384347,1790710034720403153,1790710034720310552,254014,0,0.000000,1,0
1300,1,385327,398067,1790710034720962663,1790710034720705366,257377,0,0.835023,1,1
1301,1,376267,388617,1790710034721359880,1790710034721108651,297380,0,0.781081,1,1
1302,1,374727,386057,1790710034721794078,1790710034721618834,254365,0,0.000000,1,0
1303,1,373216,385087,1790710034722259396,1790710034722008849,291848,0,0.831289,1,1
1304,1,381397,395687,1790710034722695254,1790710034722445463,290382,0,0.884116,1,1
1305,1,382337,394347,1790710034723135092,1790710034722878088,257084,0,0.755763,1,1
1306,1,385767,397798,1790710034723541179,1790710034723279512,261747,0,0.778858,1,1
1307,1,371926,383057,1790710034723933296,1790710034723683697,290600,0,0.000000,1,0
1308,1,370507,382257,1790710034724357694,1790710034724109291,290314,0,0.890254,1,1
1309,1,373257,384457,1790710034724785532,1790710034724535466,291096,0,0.757564,1,1
1310,1,378767,385697,1790710034725218310,1790710034724967550,290760,0,0.756482,1,1
1311,1,375306,386356,1790710034725646687,1790710034725395714,293704,0,0.000000,1,0
1312,1,377467,389377,1790710034726079675,1790710034725825359,254396,0,0.759962,1,1
1313,1,372197,383217,1790710034726472352,1790710034726223903,291420,0,0.923081,1,1
1314,1,382257,394447,1790710034726910320,1790710034726653888,256512,0,0.763008,1,1
1315,1,372767,384247,1790710034727303687,1790710034727054302,292306,0,0.782262,1,1
1316,1,386707,400267,1790710034727745925,1790710034727483607,262388,0,0.000000,1,0
1317,1,377277,390557,1790710034728145222,1790710034727895651,288852,0,0.000000,1,0
1318,1,391807,406588,1790710034728589220,1790710034728326316,262984,0,0.897368,1,1
1319,1,383297,397037,1790710034728995578,1790710034728734430,261218,0,0.780612,1,1
1320,1,374207,386997,1790710034729391915,1790710034729142755,290910,0,0.773541,1,1
1321,1,375636,389507,1790710034729821812,1790710034729569839,294484,0,0.904784,1,1
1322,1,374857,388917,1790710034730252050,1790710034730000273,289238,0,0.886576,1,1
1323,1,374747,387937,1790710034730677268,1790710034730502567,253962,0,0.912416,1,1
1324,1,373856,386187,1790710034731150726,1790710034730899831,290676,0,0.827574,1,1
1325,1,379327,391577,1790710034731583064,1790710034731332525,290660,0,0.754308,1,1
1326,1,373857,385577,1790710034732013092,1790710034731762420,291393,0,0.000000,1,0
1327,1,379327,391167,1790710034732445740,1790710034732188594,257216,0,0.893232,1,1
1328,3,1146681,382927,1790710034733612481,1790710034733364888,288973,0,0.498392,1,1
1329,1,380366,393467,1790710034734047038,1790710034733789433,257685,0,0.766058,1,1
1330,1,371837,387257,1790710034734440536,1790710034734191477,289769,0,0.921578,1,1
1331,1,379186,393027,1790710034734873253,1790710034734617952,255371,0,0.757648,1,1
1332,1,383237,396647,1790710034735278911,1790710034735018947,260034,0,0.782824,1,1
1333,1,376497,388657,1790710034735677108,1790710034735427871,290948,0,0.774377,1,1
1334,1,397137,410287,1790710034736128536,1790710034735858935,269671,0,0.759606,1,1
1335,2,763284,394057,1790710034736913600,1790710034736658255,255415,0,0.523676,1,1
1336,1,375986,387927,1790710034737326097,1790710034737076359,288029,0,0.771402,1,1
1337,1,376017,387097,1790710034737753145,1790710034737502464,292292,0,0.765178,1,1
1338,1,378577,390607,1790710034738186033,1790710034737931758,254345,0,0.759977,1,1
1339,3,1147981,384257,1790710034739354354,1790710034739105872,288263,0,0.361460,1,1
1340,1,383487,395137,1790710034739790182,1790710034739533197,257055,0,0.762108,1,1
1341,1,381617,393667,1790710034740191499,1790710034739932931,258638,0,0.000000,1,0
1342,1,373827,386227,1790710034740585566,1790710034740337696,289111,0,0.000000,1,0
1343,1,375037,387067,1790710034741014384,1790710034740763271,291094,0,0.766480,1,1
1344,1,375337,387397,1790710034741442382,1790710034741193205,290177,0,0.758906,1,1
1345,1,376836,388497,1790710034741872859,1790710034741619259,253670,0,0.000000,1,0
1346,1,380167,392767,1790710034742273497,1790710034742018154,255413,0,0.785538,1,1
1347,2,770764,392727,1790710034743065571,1790710034742807823,257818,0,0.531421,1,1
1348,1,372947,384387,1790710034743462898,1790710034743212568,291601,0,0.000000,1,0
1349,1,387127,398907,1790710034743904196,1790710034743641702,262564,0,0.763368,1,1
1350,2,769274,389087,1790710034744693550,1790710034744440542,289679,0,0.524940,1,1
1351,1,380727,392277,1790710034745127458,1790710034744873356,254162,0,0.759150,1,1
1352,1,370967,382597,1790710034745521325,1790710034745272051,290345,0,0.000000,1,0
1353,1,374367,385637,1790710034745949783,1790710034745699805,291648,0,0.765707,1,1
1354,1,377466,389147,1790710034746381590,1790710034746126550,255120,0,0.763573,1,1
1355,1,380537,392227,1790710034746781838,1790710034746526084,255824,0,0.783999,1,1
1356,1,376537,388017,1790710034747181635,1790710034746926159,255546,0,0.780347,1,1
1357,1,381777,393677,1790710034747583302,1790710034747328524,254848,0,0.000000,1,0
1358,1,375117,386057,1790710034747978539,1790710034747725938,291852,0,0.783231,1,1
1359,1,370297,381057,1790710034748400537,1790710034748151813,290985,0,0.760509,1,1
1360,1,379067,390857,1790710034748834465,1790710034748578477,256068,0,0.759309,1,1
1361,2,764414,382077,1790710034749619229,1790710034749371577,288043,0,0.615849,1,1
1362,1,370966,382127,1790710034750043416,1790710034749855300,252048,0,0.000000,1,0
1363,2,767844,399407,1790710034750888022,1790710034750631080,257012,0,0.566242,1,1
1364,1,381787,393487,1790710034751289459,1790710034751030375,259164,0,0.784988,1,1
1365,1,382857,395087,1790710034751697486,1790710034751440099,257457,0,0.000000,1,0
1366,1,377616,389007,1790710034752095563,1790710034751840414,255219,0,0.000000,1,0
1367,3,1150470,385987,1790710034753265494,1790710034753015808,288057,0,0.000000,1,0
1368,1,374147,385117,1790710034753690682,1790710034753442043,290320,0,0.767623,1,1
1369,1,379187,390927,1790710034754127920,1790710034753872067,255913,0,0.761012,1,1
1370,1,378677,386217,1790710034754526507,1790710034754276392,290226,0,0.783537,1,1
1371,1,372377,383587,1790710034754952075,1790710034754702356,291090,0,0.773959,1,1
1372,1,376247,386967,1790710034755382633,1790710034755129460,290523,0,0.761523,1,1
1373,2,759324,387047,1790710034756192067,1790710034755937960,254177,0,0.619375,1,1
1374,1,377537,388457,1790710034756589794,1790710034756434753,255543,0,0.000000,1,0
1375,1,371397,382457,1790710034757074643,1790710034756824568,290676,0,0.000000,1,0
1376,1,370177,381147,1790710034757498071,1790710034757248622,290359,0,0.761819,1,1
1377,1,379306,391457,1790710034757930728,1790710034757674727,256071,0,0.000000,1,0
1378,1,372936,383767,1790710034758324535,1790710034758078461,290485,0,0.903889,1,1
1379,1,376006,387686,1790710034758757703,1790710034758507566,297278,0,0.757451,1,1
1380,3,1141671,383837,1790710034759959575,1790710034759709949,288957,0,0.350714,1,1
1381,1,369386,380087,1790710034760380982,1790710034760132034,288899,0,0.000000,1,0
1382,1,371557,383307,1790710034760805430,1790710034760555888,291633,0,0.906559,1,1
1383,1,373087,384187,1790710034761233638,1790710034760984252,290757,0,0.000000,1,0
1384,1,382097,393737,1790710034761669736,1790710034761413357,256449,0,0.000000,1,0
1385,3,1140581,384377,1790710034762830977,1790710034762581421,291366,0,0.363391,1,1
1386,1,372536,383116,1790710034763258234,1790710034763011876,287629,0,0.891670,1,1
1387,1,376197,386657,1790710034763688282,1790710034763439510,291543,0,0.758944,1,1
1388,1,374387,385397,1790710034764125110,1790710034763874934,291667,0,0.000000,1,0
1389,1,385027,396337,1790710034764564558,1790710034764308358,256270,0,0.000000,1,0
1390,1,379307,392537,1790710034764966815,1790710034764711053,255842,0,0.000000,1,0
1391,1,379437,391327,1790710034765368602,1790710034765112038,256644,0,0.786701,1,1
1392,1,370946,381817,1790710034765759889,1790710034765511173,290587,0,0.000000,1,0
1393,2,771164,400977,1790710034766585494,1790710034766325202,260462,0,0.000000,1,0
1394,1,377226,389317,1790710034766983211,1790710034766727886,255395,0,0.785099,1,1
1395,1,383107,394737,1790710034767387139,1790710034767132501,254708,0,0.000000,1,0
1396,1,380317,392187,1790710034767787256,1790710034767531416,255930,0,0.000000,1,0
1397,1,373947,384807,1790710034768182323,1790710034768020159,255596,0,0.900056,1,1
1398,1,378727,390387,1790710034768667072,1790710034768410834,256308,0,0.000000,1,0
1399,2,776114,384747,1790710034769462866,1790710034769213094,288773,0,0.614342,1,1
1400,1,755657,780337,1790710037774861314,1790710037774541647,319777,0,0.550311,1,1
1401,1,490985,502295,1790710037775415250,1790710037775139070,276270,0,0.968952,1,1
1402,1,375883,391473,1790710037775812863,1790710037775555874,266389,0,0.950489,1,1
1403,2,910318,461174,1790710037776747932,1790710037776493472,272580,0,0.000000,1,0
1404,1,451435,462415,1790710037777248147,1790710037776992235,272092,0,0.755348,1,1
1405,1,404044,414144,1790710037777686761,1790710037777431149,276982,0,0.797665,1,1
1406,1,394174,403954,1790710037778113535,1790710037777856894,284751,0,0.771494,1,1
1407,1,388474,398404,1790710037778541569,1790710037778286958,287431,0,0.000000,1,0
1408,2,778877,385113,1790710037779365036,1790710037779110177,294780,0,0.516928,1,1
1409,1,381753,391453,1790710037779798550,1790710037779543731,296130,0,0.757951,1,1
1410,2,766747,393024,1790710037780618388,1790710037780360950,257518,0,0.517068,1,1
1411,1,383214,393514,1790710037781022532,1790710037780759005,298807,0,0.000000,1,0
1412,1,373224,382734,1790710037781442426,1790710037781186189,296437,0,0.762742,1,1
1413,1,377514,387564,1790710037781871480,1790710037781610114,261456,0,0.765277,1,1
1414,1,375153,385623,1790710037782265143,1790710037782005819,259414,0,0.782848,1,1
1415,1,376443,386553,1790710037782660227,1790710037782401743,258554,0,0.781356,1,1
1416,1,379354,389214,1790710037783058511,1790710037782798558,260023,0,0.782582,1,1
1417,1,375023,384863,1790710037783451614,1790710037783192123,259561,0,0.914087,1,1
1418,1,368563,378393,1790710037783838518,1790710037783584838,294780,0,0.920941,1,1
1419,1,377604,388124,1790710037784268452,1790710037784005672,262850,0,0.000000,1,0
1420,1,384744,395214,1790710037784675776,1790710037784409397,266449,0,0.776059,1,1
1421,1,388664,398244,1790710037785083810,1790710037784900860,259970,0,0.000000,1,0
1422,3,1143601,385543,1790710037786316061,1790710037786060805,295106,0,0.530380,1,1
1423,1,374704,384534,1790710037786742405,1790710037786721746,260961,0,0.777511,1,1
1424,1,372404,381904,1790710037787366841,1790710037787112641,295420,0,0.000000,1,0
1425,2,759217,383143,1790710037788178758,1790710037787924900,294379,0,0.000000,1,0
1426,1,389913,400664,1790710037788620312,1790710037788353775,266627,0,0.000000,1,0
1427,2,762157,389554,1790710037789401460,1790710037789141454,260076,0,0.000000,1,0
1428,1,378833,389294,1790710037789806953,1790710037789547429,259594,0,0.774214,1,1
1429,1,375723,385893,1790710037790201497,1790710037789942874,258693,0,0.784533,1,1
1430,1,377424,386994,1790710037790600821,1790710037790345688,294413,0,0.000000,1,0
1431,3,1152131,396224,1790710037791803622,1790710037791537662,266030,0,0.000000,1,0
1432,1,375564,385074,1790710037792198036,1790710037791944137,295329,0,0.780097,1,1
1433,2,764217,382943,1790710037793015113,1790710037792760316,294328,0,0.514427,1,1
1434,1,381093,391663,1790710037793447457,1790710037793185120,262407,0,0.897118,1,1
1435,1,373364,383504,1790710037793839671,1790710037793585055,296096,0,0.780682,1,1
1436,1,372094,381194,1790710037794264725,1790710037794011579,294406,0,0.000000,1,0
1437,1,370064,379314,1790710037794686979,1790710037794434464,294605,0,0.908102,1,1
1438,2,755127,383893,1790710037795495236,1790710037795241923,293784,0,0.519738,1,1
1439,1,380933,391433,1790710037795927850,1790710037795666547,261373,0,0.771981,1,1
1440,1,381823,392753,1790710037796328224,1790710037796063122,265182,0,0.783709,1,1
1441,1,383004,392804,1790710037796730378,1790710037796469537,260921,0,0.000000,1,0
1442,1,381154,390824,1790710037797129672,1790710037796977740,260943,0,0.000000,1,0
1443,1,374533,383893,1790710037797624406,1790710037797370995,294852,0,0.828906,1,1
1444,2,757477,381324,1790710037798434484,1790710037798180294,294210,0,0.000000,1,0
1445,2,757577,382353,1790710037799243381,1790710037798988783,293849,0,0.524232,1,1
1446,1,373833,383323,1790710037799667635,1790710037799414118,295728,0,0.000000,1,0
1447,1,379083,385173,1790710037800100129,1790710037799842152,296368,0,0.893161,1,1
1448,1,369403,378623,1790710037800520023,1790710037800268267,294496,0,0.758004,1,1
1449,2,768377,387414,1790710037801342271,1790710037801088596,293085,0,0.514453,1,1
1450,1,379194,388554,1790710037801772345,1790710037801513930,295855,0,0.000000,1,0
1451,2,762287,386014,1790710037802587022,1790710037802333099,294254,0,0.513754,1,1
1452,1,372493,382224,1790710037803011056,1790710037802757044,294833,0,0.766740,1,1
1453,1,371703,381404,1790710037803434680,1790710037803180918,294663,0,0.763229,1,1
1454,1,373643,383154,1790710037803860174,1790710037803604452,295943,0,0.000000,1,0
1455,1,384614,394824,1790710037804299809,1790710037804043657,293212,0,0.879889,1,1
1456,1,376334,386714,1790710037804724533,1790710037804470351,294692,0,0.761811,1,1
1457,1,375644,386104,1790710037805155527,1790710037804901705,295372,0,0.759211,1,1
1458,1,387554,397674,1790710037805595761,1790710037805332970,262871,0,0.756936,1,1
1459,1,371663,381403,1790710037805985834,1790710037805732024,295461,0,0.934972,1,1
1460,1,369413,379443,1790710037806408538,1790710037806155209,294120,0,0.776113,1,1
1461,1,373683,383113,1790710037806834222,1790710037806580693,295980,0,0.891893,1,1
1462,3,1146520,390324,1790710037808034303,1790710037807773377,261006,0,0.350833,1,1
1463,1,381343,391703,1790710037808435087,1790710037808173432,261745,0,0.000000,1,0
1464,1,370304,380004,1790710037808824021,1790710037808571487,293584,0,0.921043,1,1
1465,1,377134,387424,1790710037809253745,1790710037808995041,258774,0,0.000000,1,0
1466,1,372783,382473,1790710037809644898,1790710037809488135,259814,0,0.890779,1,1
1467,1,380194,385944,1790710037810139443,1790710037809885479,294264,0,0.822072,1,1
1468,1,377474,386894,1790710037810569227,1790710037810315564,295453,0,0.754495,1,1
1469,1,376684,386474,1790710037810999031,1790710037810741238,295623,0,0.764887,1,1
1470,1,376744,386434,1790710037811425055,1790710037811170692,298513,0,0.000000,1,0
1471,1,387254,399204,1790710037811867749,1790710037811598837,268982,0,0.759293,1,1
1472,1,371094,381064,1790710037812259223,1790710037812006281,295032,0,0.781174,1,1
1473,1,381084,391714,1790710037812693507,1790710037812434536,259041,0,0.761483,1,1
1474,1,816128,847758,1790710043821831094,1790710043821473498,357726,0,0.632981,1,1
1475,1,450255,461425,1790710043822353369,1790710043822489824,254269,136455,0.658742,1,1
1476,1,427274,449674,1790710043823184247,1790710043822937368,262489,0,0.848235,1,1
1477,1,398944,414594,1790710043823615631,1790710043823372983,257138,0,0.790494,1,1
1478,2,789388,398034,1790710043824429859,1790710043824187322,264057,0,0.000000,1,0
1479,1,391884,402314,1790710043824854263,1790710043824611646,269747,0,0.774122,1,1
1480,1,411014,422404,1790710043825303878,1790710043825045331,258637,0,0.756444,1,1
1481,1,396184,406604,1790710043825732112,1790710043825487545,278127,0,0.747929,1,1
1482,1,394094,404654,1790710043826171676,1790710043825923669,248107,0,0.890467,1,1
1483,1,373934,384134,1790710043826568130,1790710043826326674,284616,0,0.000000,1,0
1484,1,372354,381924,1790710043826995654,1790710043826754268,282047,0,0.768030,1,1
1485,1,369873,379773,1790710043827417488,1790710043827176862,281987,0,0.000000,1,0
1486,1,375293,385374,1790710043827848982,1790710043827607527,283066,0,0.000000,1,0
1487,1,376964,387004,1790710043828278807,1790710043828033751,245126,0,0.760944,1,1
1488,1,379874,389904,1790710043828676951,1790710043828429746,247285,0,0.783913,1,1
1489,1,379593,389184,1790710043829074894,1790710043828833900,282825,0,0.778478,1,1
1490,1,375454,385544,1790710043829503329,1790710043829257195,246214,0,0.896489,1,1
1491,1,369693,379484,1790710043829891062,1790710043829649630,288883,0,0.785153,1,1
1492,1,374684,384774,1790710043830324277,1790710043830078864,245483,0,0.759180,1,1
1493,1,375974,385794,1790710043830718331,1790710043830472239,246162,0,0.785318,1,1
1494,2,751857,380524,1790710043831487758,1790710043831247329,280259,0,0.541386,1,1
1495,1,379893,389843,1790710043831918572,1790710043831672973,245659,0,0.761933,1,1
1496,1,379274,389884,1790710043832316016,1790710043832066678,249418,0,0.787496,1,1
1497,1,379384,389914,1790710043832714390,1790710043832465712,248748,0,0.780536,1,1
1498,3,1149791,388624,1790710043833883211,1790710043833639737,282015,0,0.000000,1,0
1499,1,374274,385204,1790710043834309546,1790710043834068531,283235,0,0.761301,1,1
1500,2,764978,389824,1790710043835129474,1790710043834882380,247164,0,0.000000,1,0
1501,1,375574,386564,1790710043835526038,1790710043835286715,281293,0,0.000000,1,0
1502,1,373524,384904,1790710043835954152,1790710043835710349,285103,0,0.770439,1,1
1503,1,375314,386214,1790710043836383936,1790710043836142984,283932,0,0.000000,1,0
1504,1,385114,397124,1790710043836824710,1790710043836570848,253932,0,0.758149,1,1
1505,1,376784,388004,1790710043837221694,1790710043836977853,285231,0,0.000000,1,0
1506,1,376403,387723,1790710043837655698,1790710043837413747,283512,0,0.750410,1,1
1507,2,765337,391543,1790710043838475166,1790710043838227766,247470,0,0.517311,1,1
1508,1,377263,388473,1790710043838878700,1790710043838634991,283750,0,0.779434,1,1
1509,2,752357,381173,1790710043839683798,1790710043839444410,279859,0,0.518025,1,1
1510,1,370643,381983,1790710043840107932,1790710043839866464,288729,0,0.765937,1,1
1511,1,379354,391214,1790710043840547907,1790710043840298289,249688,0,0.760274,1,1
1512,1,387064,399064,1790710043840955591,1790710043840698933,256738,0,0.000000,1,0
1513,1,369793,380794,1790710043841345504,1790710043841105928,281637,0,0.777325,1,1
1514,1,372654,383334,1790710043841772619,1790710043841531342,285647,0,0.000000,1,0
1515,2,772248,396854,1790710043842605837,1790710043842357112,248785,0,0.000000,1,0
1516,2,758207,384743,1790710043843384454,1790710043843142351,281934,0,0.000000,1,0
1517,1,384894,395974,1790710043843821859,1790710043843581345,282974,0,0.000000,1,0
1518,1,378554,390524,1790710043844255693,1790710043844007300,248473,0,0.893974,1,1
1519,1,380074,392314,1790710043844655547,1790710043844406984,248643,0,0.000000,1,0
1520,1,388904,400874,1790710043845064681,1790710043844816799,247962,0,0.000000,1,0
1521,1,371964,383324,1790710043845456855,1790710043845214794,282181,0,0.782848,1,1
1522,1,378164,390074,1790710043845887819,1790710043845640378,247541,0,0.763199,1,1
1523,1,371164,382764,1790710043846280003,1790710043846037423,282690,0,0.785624,1,1
1524,2,754638,383444,1790710043847087541,1790710043846844912,281189,0,0.000000,1,0
1525,1,370864,382114,1790710043847509665,1790710043847268897,287468,0,0.000000,1,0
1526,1,372104,383074,1790710043847941399,1790710043847700521,282528,0,0.770530,1,1
1527,1,372254,383394,1790710043848367773,1790710043848125665,282168,0,0.000000,1,0
1528,1,377023,392953,1790710043848797677,1790710043848552660,245097,0,0.758163,1,1
1529,1,373364,385144,1790710043849194771,1790710043848952604,282797,0,0.000000,1,0
1530,1,375483,382293,1790710043849619575,1790710043849377979,283447,0,0.759187,1,1
1531,1,371533,378563,1790710043850041399,1790710043849801613,280937,0,0.766725,1,1
1532,1,373943,380793,1790710043850465183,1790710043850224847,282217,0,0.000000,1,0
1533,1,379944,387754,1790710043850895678,1790710043850649012,246746,0,0.000000,1,0
1534,1,373603,380863,1790710043851285241,1790710043851042907,284725,0,0.787654,1,1
1535,1,378673,387484,1790710043851715825,1790710043851471331,281895,0,0.000000,1,0
1536,1,372873,379764,1790710043852134779,1790710043851893435,282815,0,0.897935,1,1
1537,1,369664,376794,1790710043852554604,1790710043852314400,281734,0,0.762093,1,1
1538,1,377064,388844,1790710043852981998,1790710043852734544,247534,0,0.767815,1,1
1539,1,374904,385504,1790710043853378442,1790710043853134959,283523,0,0.783051,1,1
1540,1,393544,403864,1790710043853823376,1790710043853566643,256813,0,0.754247,1,1
1541,1,375734,385654,1790710043854217490,1790710043853973978,285632,0,0.779310,1,1
1542,2,773148,392604,1790710043855044158,1790710043854793017,251221,0,0.603672,1,1
1543,2,759607,384104,1790710043855823195,1790710043855580526,282420,0,0.628547,1,1
1544,1,379034,389134,1790710043856253280,1790710043856005401,247969,0,0.765384,1,1
1545,1,374763,384984,1790710043856646323,1790710043856403555,282829,0,0.000000,1,0
1546,2,769828,389994,1790710043857467462,1790710043857218434,249108,0,0.000000,1,0
1547,2,768197,389163,1790710043858262309,1790710043858016584,245795,0,0.525780,1,1
1548,1,374764,385224,1790710043858656063,1790710043858413139,284985,0,0.000000,1,0
1549,1,384293,395924,1790710043859093577,1790710043858840643,253004,0,0.763084,1,1
1550,1,378093,388753,1790710043859491861,1790710043859244908,247033,0,0.911368,1,1
1551,1,372713,382673,1790710043859886745,1790710043859732231,248065,0,0.898895,1,1
1552,1,370824,380234,1790710043860362390,1790710043860121636,282864,0,0.000000,1,0
1553,1,373484,383294,1790710043860789224,1790710043860546350,284134,0,0.000000,1,0
1554,1,375704,385383,1790710043861217698,1790710043860975065,284244,0,0.000000,1,0
1555,1,378423,387953,1790710043861648872,1790710043861405829,287484,0,0.000000,1,0
1556,1,393754,404644,1790710043862098177,1790710043861845693,252574,0,0.000000,1,0
1557,1,372224,382234,1790710043862489621,1790710043862245848,282653,0,0.916027,1,1
1558,1,377104,387544,1790710043862916725,1790710043862668502,248293,0,0.764964,1,1
1559,1,379754,389364,1790710043863314959,1790710043863072247,284252,0,0.000000,1,0
1560,1,379064,389524,1790710043863746633,1790710043863498851,247852,0,0.000000,1,0
1561,2,762188,390114,1790710043864527361,1790710043864278521,248910,0,0.000000,1,0
1562,1,388984,401994,1790710043864939825,1790710043864687116,252789,0,0.796572,1,1
1563,1,379113,390004,1790710043865340278,1790710043865096030,244328,0,0.775167,1,1
1564,1,377083,386633,1790710043865736742,1790710043865493255,287758,0,0.783647,1,1
1565,1,380614,393394,1790710043866172847,1790710043865921879,251158,0,0.762948,1,1
1566,1,384304,396124,1790710043866578831,1790710043866331894,287867,0,0.772366,1,1
1567,1,376654,386584,1790710043867007845,1790710043866762348,283627,0,0.000000,1,0
1568,1,374964,384744,1790710043867432689,1790710043867190342,282647,0,0.759758,1,1
1569,2,770268,388864,1790710043868254407,1790710043868006322,248155,0,0.515189,1,1
1570,1,372594,382164,1790710043868647411,1790710043868405066,286355,0,0.785286,1,1
1571,1,381324,392094,1790710043869083885,1790710043868833221,250734,0,0.759878,1,1
1572,2,766388,385764,1790710043869869153,1790710043869626090,283293,0,0.000000,1,0
1573,3,1154472,394264,1790710043871075255,1790710043870826374,248961,0,0.000000,1,0
1574,1,379863,391654,1790710043871474238,1790710043871227399,246909,0,0.000000,1,0
1575,1,378863,390963,1790710043871873132,1790710043871624994,248208,0,0.784070,1,1
1576,1,378423,391063,1790710043872271916,1790710043872026808,283829,0,0.000000,1,0
1577,1,387013,399084,1790710043872708910,1790710043872456403,252587,0,0.757405,1,1
1578,2,764167,385253,1790710043873502038,1790710043873261152,277157,0,0.717662,1,1
1579,1,380403,393904,1790710043873929962,1790710043873680917,249235,0,0.000000,1,0
1580,1,387603,401174,1790710043874339286,1790710043874085411,253955,0,0.913338,1,1
1581,2,767047,393934,1790710043875128084,1790710043874880341,247913,0,0.000000,1,0
1582,1,370694,380944,1790710043875518638,1790710043875278645,283493,0,0.788545,1,1
1583,2,767688,391704,1790710043876340816,1790710043876092005,248871,0,0.522410,1,1
1584,2,771988,396754,1790710043877131504,1790710043876879314,252270,0,0.530507,1,1
1585,1,380274,391534,1790710043877539548,1790710043877289119,283859,0,0.778803,1,1
1586,1,378544,388934,1790710043877962882,1790710043877719403,284539,0,0.910047,1,1
1587,1,371194,381034,1790710043878386476,1790710043878145237,282939,0,0.760518,1,1
1588,1,385543,399153,1790710043878824910,1790710043878572942,252048,0,0.000000,1,0
1589,1,374654,385504,1790710043879221394,1790710043878979336,282699,0,0.778626,1,1
1590,1,378213,389243,1790710043879651328,1790710043879407261,284688,0,0.756913,1,1
1591,1,378364,389094,1790710043880081313,1790710043879834535,246858,0,0.761164,1,1
1592,1,370873,381473,1790710043880471436,1790710043880229900,286617,0,0.000000,1,0
1593,1,373704,384104,1790710043880901421,1790710043880719813,252528,0,0.924282,1,1
1594,1,369904,379384,1790710043881354085,1790710043881113328,282827,0,0.831506,1,1
1595,1,373063,382943,1790710043881780369,1790710043881538283,284427,0,0.000000,1,0
1596,1,370353,379863,1790710043882204313,1790710043881963587,283427,0,0.762649,1,1
1597,1,372183,381504,1790710043882630307,1790710043882389611,283217,0,0.000000,1,0
1598,1,370334,380724,1790710043883054292,1790710043882812965,283597,0,0.765294,1,1
1599,1,374834,384414,1790710043883482566,1790710043883238470,284346,0,0.000000,1,0
1600,1,373964,383584,1790710043883907920,1790710043883665324,286516,0,0.759674,1,1
1601,1,372623,383653,1790710043884335824,1790710043884093738,287927,0,0.765470,1,1
1602,1,375893,385873,1790710043884769038,1790710043884526173,290446,0,0.755174,1,1
1603,1,379704,390184,1790710043885207713,1790710043884962367,285026,0,0.756293,1,1
1604,1,374184,383614,1790710043885632697,1790710043885391391,283056,0,0.000000,1,0
1605,1,372994,383604,1790710043886058861,1790710043885815765,284876,0,0.000000,1,0
1606,1,374253,384293,1790710043886486225,1790710043886246630,281906,0,0.755386,1,1
1607,1,372183,381793,1790710043886911889,1790710043886734823,248257,0,0.919432,1,1
1608,1,368454,377794,1790710043887362664,1790710043887122778,285016,0,0.832912,1,1
1609,1,368374,377674,1790710043887787258,1790710043887624112,248907,0,0.909574,1,1
1610,1,364243,374254,1790710043888251762,1790710043888160634,246810,0,0.000000,1,0
1611,1,379834,389434,1790710043888798468,1790710043888558559,283899,0,0.000000,1,0
1612,1,371894,381964,1790710043889225862,1790710043888984414,281988,0,0.930447,1,1
1613,1,375994,385844,1790710043889653786,1790710043889412398,283529,0,0.000000,1,0
1614,1,378063,388783,1790710043890085090,1790710043889837012,248158,0,0.765416,1,1
1615,1,374723,385563,1790710043890482194,1790710043890234457,247817,0,0.784250,1,1
1616,1,381354,391504,1790710043890882638,1790710043890632972,249746,0,0.782676,1,1
1617,1,372084,382134,1790710043891273052,1790710043891030446,284006,0,0.000000,1,0
1618,1,388274,398424,1790710043891713796,1790710043891461801,252095,0,0.000000,1,0
1619,1,376614,386704,1790710043892108830,1790710043891862745,246165,0,0.000000,1,0
1620,1,370394,380144,1790710043892497384,1790710043892255740,283464,0,0.000000,1,0
1621,1,369024,378644,1790710043892919428,1790710043892678415,290664,0,0.766250,1,1
1622,1,373184,383654,1790710043893386613,1790710043893143709,283214,0,0.731443,1,1
1623,1,381894,392294,1790710043893819997,1790710043893574273,245804,0,0.753281,1,1
1624,1,371904,381574,1790710043894210771,1790710043893969788,287673,0,0.000000,1,0
1625,1,380094,390464,1790710043894648985,1790710043894402352,246703,0,0.754397,1,1
1626,1,376044,386324,1790710043895043659,1790710043894796957,246772,0,0.000000,1,0
1627,1,371534,381174,1790710043895433163,1790710043895191601,283722,0,0.924291,1,1
1628,1,370024,379464,1790710043895857017,1790710043895617176,281561,0,0.000000,1,0
1629,1,377684,388644,1790710043896287701,1790710043896041580,246181,0,0.000000,1,0
1630,1,380344,391164,1790710043896687625,1790710043896440125,247580,0,0.780511,1,1
1631,1,373464,383454,1790710043897081109,1790710043896838790,281599,0,0.000000,1,0
1632,2,759358,389274,1790710043897890857,1790710043897644979,282558,0,0.519301,1,1
1633,1,380414,391104,1790710043898319251,1790710043898072473,246858,0,0.761918,1,1
1634,1,386504,397064,1790710043898725525,1790710043898469978,255637,0,0.925872,1,1
1635,1,376934,387104,1790710043899122189,1790710043898875103,247156,0,0.779200,1,1
1636,2,759837,387673,1790710043899900586,1790710043899654602,246054,0,0.000000,1,0
1637,1,378634,388894,1790710043900298150,1790710043900049887,248353,0,0.790890,1,1
1638,1,378634,388764,1790710043900695744,1790710043900450782,245032,0,0.779957,1,1
1639,1,758629,793809,1790710073943012287,1790710073942676835,335582,0,0.000000,1,0
1640,1,470865,484446,1790710073943571683,1790710073943313947,257826,0,0.757989,1,1
1641,1,417915,434265,1790710073944014649,1790710073943763841,261328,0,0.831405,1,1
1642,3,1245684,406245,1790710073945298593,1790710073945050094,266300,0,0.362356,1,1
1643,1,390914,401884,1790710073945715668,1790710073945467298,272251,0,0.000000,1,0
1644,1,390884,402394,1790710073946142753,1790710073945894263,286741,0,0.000000,1,0
1645,2,797979,403465,1790710073946992113,1790710073946743351,287602,0,0.528908,1,1
1646,1,401154,412704,1790710073947445168,1790710073947189125,256123,0,0.782176,1,1
1647,1,390635,402485,1790710073947855553,1790710073947602310,253313,0,0.797760,1,1
1648,1,376435,387715,1790710073948252328,1790710073948005515,289963,0,0.972700,1,1
1649,1,379285,391385,1790710073948687993,1790710073948435209,252864,0,0.802369,1,1
1650,1,378314,389574,1790710073949086837,1790710073948835114,289854,0,0.789341,1,1
1651,1,374094,385374,1790710073949511882,1790710073949264898,288525,0,0.000000,1,0
1652,2,764509,384485,1790710073950330892,1790710073950082807,287655,0,0.612024,1,1
1653,1,374085,385815,1790710073950757567,1790710073950605570,253548,0,0.887668,1,1
1654,1,370584,381664,1790710073951242652,1790710073950995655,288538,0,0.838251,1,1
1655,2,760869,387355,1790710073952057642,1790710073951809694,288758,0,0.516288,1,1
1656,1,380115,391985,1790710073952491947,1790710073952237759,254268,0,0.768829,1,1
1657,2,767409,389105,1790710073953279346,1790710073953031298,287368,0,0.530279,1,1
1658,1,371305,382175,1790710073953702811,1790710073953457172,287739,0,0.770454,1,1
1659,1,384285,395285,1790710073954141906,1790710073953888817,291299,0,0.763748,1,1
1660,1,374525,385245,1790710073954567431,1790710073954317821,289370,0,0.906450,1,1
1661,1,375425,386405,1790710073954995236,1790710073954747645,290261,0,0.000000,1,0
1662,2,763979,386304,1790710073955818665,1790710073955571724,286572,0,0.000000,1,0
1663,2,760248,383735,1790710073956631664,1790710073956383784,287701,0,0.520720,1,1
1664,1,385735,400405,1790710073957070380,1790710073956898147,252163,0,0.906505,1,1
1665,1,368294,379464,1790710073957531625,1790710073957285142,287573,0,0.000000,1,0
1666,1,372235,383355,1790710073957957580,1790710073957711006,288644,0,0.758831,1,1
1667,1,376095,387485,1790710073958388365,1790710073958136471,291144,0,0.000000,1,0
1668,3,1148524,388595,1790710073959588859,1790710073959338765,250184,0,0.350924,1,1
1669,1,379184,390534,1790710073959989083,1790710073959743399,288955,0,0.946250,1,1
1670,1,374054,385164,1790710073960418898,1790710073960171694,289535,0,0.769129,1,1
1671,1,380294,391274,1790710073960854323,1790710073960607048,289176,0,0.000000,1,0
1672,1,377104,388064,1790710073961286098,1790710073961038222,289147,0,0.766886,1,1
1673,1,372034,383364,1790710073961712213,1790710073961465186,295118,0,0.766397,1,1
1674,1,375694,387144,1790710073962153768,1790710073961904621,290558,0,0.000000,1,0
1675,1,372434,383294,1790710073962580363,1790710073962333745,289199,0,0.763939,1,1
1676,1,372454,383504,1790710073963008008,1790710073962761269,290629,0,0.762246,1,1
1677,1,375774,386734,1790710073963440413,1790710073963192274,289009,0,0.766051,1,1
1678,1,373844,384914,1790710073963867888,1790710073963621378,288670,0,0.760859,1,1
1679,1,371635,382805,1790710073964294823,1790710073964048202,288661,0,0.767470,1,1
1680,1,369205,380495,1790710073964718758,1790710073964474167,286811,0,0.000000,1,0
1681,1,375254,386425,1790710073965148792,1790710073964900411,289262,0,0.765155,1,1
1682,1,380965,392935,1790710073965586908,1790710073965333075,253913,0,0.000000,1,0
1683,1,376134,387204,1790710073965983202,1790710073965735230,291433,0,0.000000,1,0
1684,2,764879,391795,1790710073966804472,1790710073966554739,287803,0,0.516753,1,1
1685,1,377715,390375,1790710073967233207,1790710073966984003,288954,0,0.764727,1,1
1686,1,374315,385565,1790710073967659882,1790710073967413267,287485,0,0.000000,1,0
1687,1,376954,388495,1790710073968090646,1790710073967931251,252207,0,0.893795,1,1
1688,2,758168,389425,1790710073968954476,1790710073968705300,286947,0,0.569514,1,1
1689,1,387015,398205,1790710073969391982,1790710073969131765,293007,0,0.000000,1,0
1690,2,763969,381494,1790710073970205511,1790710073969961414,282697,0,0.707338,1,1
1691,1,372684,383704,1790710073970629706,1790710073970381958,289318,0,0.772621,1,1
1692,1,374875,385825,1790710073971058731,1790710073970811282,289249,0,0.767493,1,1
1693,1,380445,391915,1790710073971493736,1790710073971240667,253139,0,0.000000,1,0
1694,2,764379,387094,1790710073972277575,1790710073972027876,287999,0,0.000000,1,0
1695,1,372694,384744,1790710073972701940,1790710073972454591,288619,0,0.000000,1,0
1696,1,379885,392145,1790710073973135945,1790710073972882005,290480,0,0.764956,1,1
1697,1,375485,386745,1790710073973560570,1790710073973396398,251663,0,0.900839,1,1
1698,1,379554,391714,1790710073974040325,1790710073973786193,254212,0,0.000000,1,0
1699,1,374464,386194,1790710073974434860,1790710073974186598,288792,0,0.788852,1,1
1700,1,381405,393635,1790710073974869385,1790710073974616192,253263,0,0.906197,1,1
1701,1,374954,386505,1790710073975265119,1790710073975015747,291263,0,0.786166,1,1
1702,1,373264,384415,1790710073975697504,1790710073975451551,288334,0,0.000000,1,0
1703,1,383165,395045,1790710073976135960,1790710073975883745,252285,0,0.758748,1,1
1704,1,387924,400154,1790710073976544084,1790710073976281160,263014,0,0.789917,1,1
1705,1,379204,390364,1790710073976946499,1790710073976697064,290885,0,0.000000,1,0
1706,1,372684,383834,1790710073977373214,1790710073977125539,288745,0,0.000000,1,0
1707,1,375255,386215,1790710073977802149,1790710073977554703,289616,0,0.761187,1,1
1708,1,374685,385895,1790710073978231564,1790710073977984137,289377,0,0.903231,1,1
1709,1,374355,385755,1790710073978660559,1790710073978412512,290097,0,0.000000,1,0
1710,1,378535,389315,1790710073979093594,1790710073978844346,288398,0,0.757429,1,1
1711,2,756699,385614,1790710073979901953,1790710073979653305,288989,0,0.525239,1,1
1712,1,379854,392754,1790710073980334928,1790710073980080190,254818,0,0.000000,1,0
1713,1,386665,398875,1790710073980747123,1790710073980494174,253029,0,0.774810,1,1
1714,1,375484,386925,1790710073981143157,1790710073980893929,288789,0,0.794337,1,1
1715,1,370874,383364,1790710073981566242,1790710073981318813,288180,0,0.763245,1,1
1716,1,393514,407835,1790710073982013667,1790710073981766257,287881,0,0.740807,1,1
1717,1,375604,386844,1790710073982442042,1790710073982193292,288991,0,0.000000,1,0
1718,1,371954,383054,1790710073982867167,1790710073982620216,288302,0,0.902272,1,1
1719,1,370774,382024,1790710073983291822,1790710073983045290,293333,0,0.000000,1,0
1720,1,381654,394774,1790710073983733107,1790710073983475085,258092,0,0.759840,1,1
1721,1,374865,386825,1790710073984129562,1790710073983880709,248923,0,0.915396,1,1
1722,2,762389,386995,1790710073984912091,1790710073984663609,288252,0,0.629661,1,1
1723,2,754389,380574,1790710073985719120,1790710073985472738,286402,0,0.000000,1,0
1724,1,374585,385324,1790710073986146535,1790710073985897443,288462,0,0.769252,1,1
1725,1,374005,384835,1790710073986572490,1790710073986323707,288943,0,0.000000,1,0
1726,1,384375,396585,1790710073987009655,1790710073986763201,288694,0,0.753862,1,1
1727,1,377745,391295,1790710073987442040,1790710073987191916,287424,0,0.761666,1,1
1728,1,374715,388205,1790710073987866815,1790710073987618700,288025,0,0.761552,1,1
1729,1,372405,385955,1790710073988291650,1790710073988043134,289136,0,0.771286,1,1
1730,1,371885,385285,1790710073988716845,1790710073988469569,289396,0,0.762604,1,1
1731,1,379035,391515,1790710073989151820,1790710073988901643,290007,0,0.756323,1,1
1732,2,764999,386724,1790710073989969459,1790710073989720952,287277,0,0.713191,1,1
1733,1,373274,385334,1790710073990394414,1790710073990145176,289378,0,0.765462,1,1
1734,2,763338,385215,1790710073991210573,1790710073990960425,287049,0,0.517006,1,1
1735,1,377324,388334,1790710073991637558,1790710073991384310,287319,0,0.000000,1,0
1736,2,756789,387525,1790710073992441188,1790710073992192889,287769,0,0.523431,1,1
1737,1,374945,388025,1790710073992875103,1790710073992628453,288580,0,0.000000,1,0
1738,1,376555,389605,1790710073993306478,1790710073993057307,289311,0,0.000000,1,0
1739,1,369995,381115,1790710073993729533,1790710073993483732,285831,0,0.897368,1,1
1740,1,378414,393005,1790710073994160467,1790710073993910916,249631,0,0.904513,1,1
1741,1,373604,387474,1790710073994557202,1790710073994306381,250901,0,0.000000,1,0
1742,1,379645,387735,1790710073994959067,1790710073994712736,289951,0,0.773680,1,1
1743,1,372215,379625,1790710073995384082,1790710073995135910,288982,0,0.765048,1,1
1744,1,372735,379865,1790710073995806537,1790710073995559574,288953,0,0.763742,1,1
1745,1,371144,378615,1790710073996229651,1790710073995982649,288603,0,0.000000,1,0
1746,1,372994,380024,1790710073996652956,1790710073996653750,252809,794,0.762535,1,1
1747,1,373095,381415,1790710073997288294,1790710073997039925,287949,0,0.840315,1,1
1748,1,373614,380475,1790710073997710358,1790710073997464679,291580,0,0.765056,1,1
1749,1,380804,388355,1790710073998145653,1790710073997891704,254029,0,0.765752,1,1
1750,1,371514,379054,1790710073998532988,1790710073998286358,296320,0,0.000000,1,0
1751,1,379584,386514,1790710073998970903,1790710073998722963,289560,0,0.756837,1,1
1752,3,1150114,387475,1790710074000171047,1790710073999919407,251720,0,0.354309,1,1
1753,2,764649,388295,1790710074000953356,1790710074000702066,286600,0,0.000000,1,0
1754,1,373804,381854,1790710074001371530,1790710074001124501,287330,0,0.909083,1,1
1755,1,376784,384054,1790710074001797475,1790710074001551685,286641,0,0.000000,1,0
1756,2,752169,377075,1790710074002599015,1790710074002353504,286251,0,0.000000,1,0
1757,1,372174,378895,1790710074003020569,1790710074002777089,285921,0,0.766817,1,1
1758,1,381314,388925,1790710074003452874,1790710074003199343,253621,0,0.771163,1,1
1759,2,758088,380044,1790710074004226523,1790710074003979863,285831,0,0.535855,1,1
1760,1,637553,670964,1790710113058323240,1790710113058007942,315428,0,0.729784,1,1
1761,1,505880,521021,1790710113058902452,1790710113058629554,272988,0,0.000000,1,0
1762,1,462859,476540,1790710113059392182,1790710113059141237,251015,0,0.785923,1,1
1763,1,450289,470260,1790710113059865572,1790710113059621930,259633,0,0.000000,1,0
1764,2,805456,411919,1790710113060699699,1790710113060451769,263341,0,0.538428,1,1
1765,1,396218,408009,1790710113061133248,1790710113060886244,274065,0,0.000000,1,0
1766,2,797457,403698,1790710113061970286,1790710113061720283,282923,0,0.509354,1,1
1767,1,392028,406838,1790710113062407995,1790710113062161447,288699,0,0.000000,1,0
1768,1,373718,385008,1790710113062837004,1790710113062592301,283073,0,0.000000,1,0
1769,1,373347,384358,1790710113063265112,1790710113063021545,286088,0,0.000000,1,0
1770,1,373528,385028,1790710113063694391,1790710113063449279,285193,0,0.000000,1,0
1771,1,376168,388498,1790710113064123100,1790710113063877414,288037,0,0.000000,1,0
1772,1,375008,387418,1790710113064552909,1790710113064307478,285162,0,0.762939,1,1
1773,1,385848,398218,1790710113064991208,1790710113064739982,251316,0,0.000000,1,0
1774,1,373378,380918,1790710113065384816,1790710113065135297,249599,0,0.934131,1,1
1775,2,754636,382548,1790710113066154752,1790710113065910607,283606,0,0.000000,1,0
1776,1,379798,387698,1790710113066587111,1790710113066336981,250200,0,0.000000,1,0
1777,1,386668,393998,1790710113066990589,1790710113066745956,285804,0,0.000000,1,0
1778,1,372818,383358,1790710113067413248,1790710113067169690,287289,0,0.765293,1,1
1779,1,380858,388708,1790710113067846477,1790710113067594694,251853,0,0.000000,1,0
1780,1,372758,380478,1790710113068235145,1790710113067992049,288437,0,0.792703,1,1
1781,1,370458,377348,1790710113068659714,1790710113068415784,286550,0,0.908928,1,1
1782,1,377247,389598,1790710113069088322,1790710113068841968,288415,0,0.763756,1,1
1783,1,384057,396428,1790710113069527951,1790710113069272642,255399,0,0.764926,1,1
1784,2,761036,385728,1790710113070310208,1790710113070065582,285106,0,0.532788,1,1
1785,1,373517,384768,1790710113070737036,1790710113070491906,286681,0,0.765806,1,1
1786,1,384677,396618,1790710113071175925,1790710113070924570,251455,0,0.757142,1,1
1787,1,374998,386978,1790710113071571044,1790710113071325115,289130,0,0.927717,1,1
1788,1,385618,398508,1790710113072012583,1790710113071764709,287505,0,0.000000,1,0
1789,1,379708,392378,1790710113072448512,1790710113072199013,249579,0,0.754919,1,1
1790,1,374488,386688,1790710113072844500,1790710113072595478,249092,0,0.926094,1,1
1791,2,757366,381568,1790710113073622576,1790710113073378118,284269,0,0.000000,1,0
1792,1,380028,387388,1790710113074051685,1790710113073803932,286773,0,0.760297,1,1
1793,1,372847,380207,1790710113074472483,1790710113074228457,286877,0,0.772458,1,1
1794,1,374528,382088,1790710113074898422,1790710113074650841,247671,0,0.901524,1,1
1795,1,372418,380478,1790710113075286600,1790710113075041936,286305,0,0.790399,1,1
1796,2,766886,386848,1790710113076103677,1790710113075856265,283872,0,0.515725,1,1
1797,1,371967,379027,1790710113076520945,1790710113076276760,285256,0,0.769621,1,1
1798,2,777636,381677,1790710113077348172,1790710113077102939,284004,0,0.511406,1,1
1799,1,377518,384978,1790710113077773571,1790710113077527753,285719,0,0.000000,1,0
1800,1,382068,390888,1790710113078204520,1790710113077953957,250653,0,0.000000,1,0
1801,1,376358,385778,1790710113078602048,1790710113078354872,287457,0,0.929676,1,1
1802,1,383618,391088,1790710113079034887,1790710113078785406,287152,0,0.000000,1,0
1803,2,756976,381328,1790710113079838244,1790710113079593886,282148,0,0.528680,1,1
1804,1,377347,386578,1790710113080262192,1790710113080016600,285563,0,0.000000,1,0
1805,1,377428,386338,1790710113080688051,1790710113080437804,250337,0,0.768369,1,1
1806,1,382547,394368,1790710113081087609,1790710113080842509,285621,0,0.778647,1,1
1807,1,380788,389348,1790710113081517888,1790710113081271443,246525,0,0.000000,1,0
1808,1,375867,383858,1790710113081910576,1790710113081770827,253712,0,0.881334,1,1
1809,1,373808,381548,1790710113082407627,1790710113082162882,289296,0,0.838578,1,1
1810,2,761655,388378,1790710113083222543,1790710113082973741,248882,0,0.521142,1,1
1811,1,372257,380078,1790710113083610311,1790710113083364906,285366,0,0.794655,1,1
1812,1,382918,391769,1790710113084041710,1790710113083790420,251360,0,0.000000,1,0
1813,2,767706,386778,1790710113084826047,1790710113084576760,249357,0,0.536879,1,1
1814,1,369377,377298,1790710113085212674,1790710113084967485,286080,0,0.933159,1,1
1815,1,373598,383287,1790710113085635773,1790710113085390249,286655,0,0.908320,1,1
1816,1,378288,387358,1790710113086071462,1790710113085821503,250029,0,0.756770,1,1
1817,1,370857,378837,1790710113086459530,1790710113086218358,282663,0,0.000000,1,0
1818,1,378778,386948,1790710113086888489,1790710113086639472,249087,0,0.000000,1,0
1819,2,759016,383328,1790710113087663675,1790710113087419012,284214,0,0.532516,1,1
1820,1,380508,388098,1790710113088092314,1790710113087841606,250788,0,0.763651,1,1
1821,1,377088,384788,1790710113088484732,1790710113088234281,250521,0,0.786402,1,1
1822,1,368708,375698,1790710113088869270,1790710113088626286,285085,0,0.787276,1,1
1823,2,771196,389198,1790710113089691147,1790710113089445425,286313,0,0.511258,1,1
1824,1,375138,386638,1790710113090120126,1790710113089875009,287158,0,0.000000,1,0
1825,1,662718,697808,1790710122103294989,1790710122102981783,313336,0,0.000000,1,0
1826,1,431835,445505,1790710122103802354,1790710122103556296,246128,0,0.876842,1,1
1827,1,393305,410035,1790710122104220589,1790710122103984100,247429,0,0.906351,1,1
1828,1,438245,455145,1790710122104684814,1790710122104448224,249410,0,0.000000,1,0
1829,2,794609,402644,1790710122105504623,1790710122105262903,241820,0,0.571076,1,1
1830,2,780429,394704,1790710122106306242,1790710122106071572,264440,0,0.538212,1,1
1831,2,792459,390384,1790710122107141461,1790710122106906791,270870,0,0.514633,1,1
1832,1,382554,394054,1790710122107584806,1790710122107347755,274511,0,0.000000,1,0
1833,2,769199,388764,1790710122108404425,1790710122108170395,274860,0,0.514581,1,1
1834,2,771239,392344,1790710122109229714,1790710122108992694,275850,0,0.000000,1,0
1835,1,378395,389505,1790710122109659879,1790710122109423998,275831,0,0.766020,1,1
1836,1,380244,391775,1790710122110092713,1790710122109856272,277802,0,0.000000,1,0
1837,1,384354,395884,1790710122110530978,1790710122110289786,241272,0,0.766397,1,1
1838,1,379885,391635,1790710122110930783,1790710122110691031,239842,0,0.783114,1,1
1839,1,380034,391984,1790710122111330567,1790710122111092286,238351,0,0.783239,1,1
1840,1,844117,879228,1790710131124644778,1790710131124295109,349799,0,0.368046,1,1
1841,1,509050,529771,1790710131125227809,1790710131124968050,259879,0,0.000000,1,0
1842,1,535450,545611,1790710131125801660,1790710131125541503,260257,0,0.000000,1,0
1843,1,586401,595061,1790710131126409262,1790710131126153505,255817,0,0.968933,1,1
1844,2,866217,459619,1790710131127293170,1790710131127057873,258137,0,0.000000,1,0
1845,1,420498,428909,1790710131127745858,1790710131127510897,261562,0,0.000000,1,0
1846,2,818596,418838,1790710131128600055,1790710131128346565,253570,0,0.778026,1,1
1847,1,398628,411079,1790710131129019843,1790710131128777570,242363,0,0.000000,1,0
1848,1,392058,401968,1790710131129441152,1790710131129204454,275468,0,0.000000,1,0
1849,1,391537,401357,1790710131129883950,1790710131129647388,278653,0,0.754209,1,1
1850,1,379408,388878,1790710131130316849,1790710131130081183,277796,0,0.756633,1,1
1851,1,375707,397057,1790710131130745917,1790710131130509447,277991,0,0.896956,1,1
1852,1,380708,390078,1790710131131179926,1790710131130944571,284295,0,0.754578,1,1
1853,1,376517,386077,1790710131131616824,1790710131131381015,277340,0,0.756203,1,1
1854,1,381208,392228,1790710131132050773,1790710131131807310,243553,0,0.764872,1,1
1855,1,375107,384947,1790710131132445500,1790710131132210764,276327,0,0.940570,1,1
1856,1,391808,401408,1790710131132890259,1790710131132655258,277662,0,0.756597,1,1
1857,1,389998,400388,1790710131133343378,1790710131133097533,245935,0,0.000000,1,0
1858,1,376418,385858,1790710131133739356,1790710131133502647,278939,0,0.783200,1,1
1859,1,378877,388127,1790710131134171824,1790710131133934582,278013,0,0.000000,1,0
1860,1,382357,392498,1790710131134606172,1790710131134361076,245166,0,0.912051,1,1
1861,1,372237,382157,1790710131134996440,1790710131134762201,275790,0,0.000000,1,0
1862,1,374207,383468,1790710131135423258,1790710131135189165,278534,0,0.761841,1,1
1863,1,376107,385547,1790710131135854697,1790710131135617529,278639,0,0.764827,1,1
1864,1,380877,390658,1790710131136291995,1790710131136054264,279152,0,0.000000,1,0
1865,1,381978,392508,1790710131136726674,1790710131136484628,242126,0,0.763305,1,1
1866,2,768095,389508,1790710131137513509,1790710131137277917,275933,0,0.621218,1,1
1867,3,1147472,385347,1790710131138724723,1790710131138488311,279573,0,0.000000,1,0
1868,1,373887,384328,1790710131139153291,1790710131138919066,276456,0,0.899749,1,1
1869,1,376068,385698,1790710131139582680,1790710131139434469,242073,0,0.898428,1,1
1870,1,373757,383347,1790710131140061479,1790710131139823974,281066,0,0.833370,1,1
1871,1,374548,387628,1790710131140490978,1790710131140255978,277040,0,0.762451,1,1
1872,1,378307,388347,1790710131140922546,1790710131140755201,240176,0,0.913028,1,1
1873,2,763915,387018,1790710131141771283,1790710131141534911,276452,0,0.566854,1,1
1874,1,376697,386937,1790710131142199421,1790710131141962645,278677,0,0.000000,1,0
1875,2,758295,382827,1790710131143010747,1790710131142775335,276303,0,0.611296,1,1
1876,1,380307,390657,1790710131143443315,1790710131143199639,243766,0,0.000000,1,0
1877,1,379337,389197,1790710131143840973,1790710131143603864,277950,0,0.782323,1,1
1878,1,375917,385318,1790710131144268861,1790710131144033268,278304,0,0.758808,1,1
1879,2,786136,408238,1790710131145109028,1790710131144871627,276312,0,0.508235,1,1
1880,1,375087,384957,1790710131145534506,1790710131145298321,281736,0,0.766649,1,1
1881,1,372998,383228,1790710131145964135,1790710131145731125,275050,0,0.760267,1,1
1882,1,375467,385847,1790710131146392823,1790710131146155830,283334,0,0.778110,1,1
1883,1,376867,386498,1790710131146827611,1790710131146662093,243200,0,0.912918,1,1
1884,1,372987,382488,1790710131147289860,1790710131147055558,276133,0,0.831996,1,1
1885,1,380948,391197,1790710131147723889,1790710131147480742,243237,0,0.764834,1,1
1886,3,1160723,383577,1790710131148903772,1790710131148668817,275406,0,0.000000,1,0
1887,1,383348,392948,1790710131149339271,1790710131149096951,242400,0,0.768959,1,1
1888,1,374267,383897,1790710131149731778,1790710131149495716,277373,0,0.788899,1,1
1889,1,382708,392688,1790710131150166857,1790710131149925690,241237,0,0.760471,1,1
1890,1,373377,387258,1790710131150558694,1790710131150323295,279620,0,0.000000,1,0
1891,1,375368,381207,1790710131150989603,1790710131150755679,275135,0,0.000000,1,0
1892,2,754385,381768,1790710131151796309,1790710131151559388,276441,0,0.523205,1,1
1893,1,379167,388527,1790710131152226487,1790710131151988552,279146,0,0.000000,1,0
1894,1,379377,390088,1790710131152658275,1790710131152416397,241968,0,0.000000,1,0
1895,2,780485,389177,1790710131153457851,1790710131153220556,276836,0,0.000000,1,0
1896,1,373727,383578,1790710131153885939,1790710131153649730,278150,0,0.762551,1,1
1897,2,770356,389268,1790710131154709556,1790710131154468699,240947,0,0.722632,1,1
1898,1,379647,389508,1790710131155112413,1790710131154875954,279270,0,0.775772,1,1
1899,1,372458,381868,1790710131155539072,1790710131155304898,278115,0,0.901984,1,1
1900,1,372927,382417,1790710131155967170,1790710131155730743,276898,0,0.762993,1,1
1901,1,381368,391718,1790710131156400149,1790710131156162907,237322,0,0.758512,1,1
1902,1,380507,390178,1790710131156799886,1790710131156562552,280045,0,0.929165,1,1
1903,1,371758,381518,1790710131157225505,1790710131156990016,276870,0,0.903925,1,1
1904,1,371967,381547,1790710131157649883,1790710131157413430,278564,0,0.763765,1,1
1905,1,381928,392318,1790710131158085052,1790710131157844435,240717,0,0.754744,1,1
1906,2,751515,378698,1790710131158855077,1790710131158619844,274903,0,0.536413,1,1
1907,2,776705,401578,1790710131159682683,1790710131159443434,275649,0,0.511697,1,1
1908,1,377037,386767,1790710131160107751,1790710131159872118,277134,0,0.761674,1,1
1909,1,372437,382608,1790710131160532829,1790710131160295842,279238,0,0.901398,1,1
1910,1,367018,376398,1790710131160953868,1790710131160719487,275871,0,0.891412,1,1
1911,2,772545,398228,1790710131161782604,1790710131161534596,248088,0,0.519659,1,1
1912,2,776295,399488,1790710131162578909,1790710131162333445,245534,0,0.618571,1,1
1913,2,761685,386938,1790710131163359115,1790710131163121965,277630,0,0.627398,1,1
1914,2,769185,389898,1790710131164180011,1790710131163939004,241077,0,0.518798,1,1
1915,1,376577,386518,1790710131164574878,1790710131164335849,278140,0,0.000000,1,0
1916,1,370488,379778,1790710131164995827,1790710131164832982,241906,0,0.909792,1,1
1917,1,378168,388188,1790710131165464386,1790710131165223637,240819,0,0.831788,1,1
1918,1,375807,385818,1790710131165858273,1790710131165621052,277392,0,0.000000,1,0
1919,1,379668,389748,1790710131166289992,1790710131166049236,240826,0,0.767293,1,1
1920,1,372738,382618,1790710131166680790,1790710131166445141,277229,0,0.934121,1,1
1921,1,379197,388767,1790710131167113128,1790710131166951964,242626,0,0.910056,1,1
1922,1,378327,388067,1790710131167584127,1790710131167344259,278039,0,0.000000,1,0
1923,2,764085,389387,1790710131168397773,1790710131168161238,275256,0,0.515163,1,1
1924,2,771435,394887,1790710131169219169,1790710131168981077,277113,0,0.517296,1,1
1925,1,378348,388278,1790710131169647628,1790710131169408652,282676,0,0.000000,1,0
1926,2,766245,383018,1790710131170469104,1790710131170234081,275553,0,0.000000,1,0
1927,3,1149252,385447,1790710131171670277,1790710131171433315,276113,0,0.000000,1,0
1928,1,379888,389328,1790710131172104506,1790710131171869759,276767,0,0.760008,1,1
1929,1,377297,384357,1790710131172535554,1790710131172300353,279722,0,0.000000,1,0
1930,1,372587,382728,1790710131172964352,1790710131172728398,276425,0,0.768076,1,1
1931,3,1148483,388178,1790710131174164616,1790710131173928632,275935,0,0.000000,1,0
1932,2,762615,385718,1790710131174978482,1790710131174741831,275932,0,0.521664,1,1
1933,1,384617,394757,1790710131175414190,1790710131175168585,245685,0,0.764858,1,1
1934,2,765535,388068,1790710131176201416,1790710131175964705,276741,0,0.527888,1,1
1935,1,374927,384807,1790710131176627674,1790710131176391979,277406,0,0.000000,1,0
1936,1,381158,392338,1790710131177061803,1790710131176822814,280979,0,0.757201,1,1
1937,1,375057,385987,1790710131177491621,1790710131177256508,279404,0,0.000000,1,0
1938,1,376707,388448,1790710131177925399,1790710131177687682,280188,0,0.758733,1,1
1939,2,761115,384478,1790710131178742135,1790710131178505991,275985,0,0.607682,1,1
1940,1,381678,392908,1790710131179176764,1790710131178938295,278740,0,0.756974,1,1
1941,1,373387,384527,1790710131179603222,1790710131179448519,246025,0,0.906387,1,1
1942,1,382728,394148,1790710131180090142,1790710131179853913,278070,0,0.000000,1,0
1943,3,1158812,392298,1790710131181303385,1790710131181065577,277689,0,0.347331,1,1
1944,1,383918,391598,1790710131181736564,1790710131181494671,241973,0,0.766803,1,1
1945,1,382378,390028,1790710131182134952,1790710131181892996,242026,0,0.784619,1,1
1946,1,378287,385708,1790710131182528919,1790710131182289611,239388,0,0.932423,1,1
1947,1,377287,384187,1790710131182921417,1790710131182683506,279092,0,0.925658,1,1
1948,1,376397,383938,1790710131183350575,1790710131183114890,276316,0,0.000000,1,0
1949,2,769355,394178,1790710131184169211,1790710131183922659,246632,0,0.000000,1,0
1950,1,387347,394837,1790710131184572449,1790710131184331584,278296,0,0.923745,1,1
1951,1,377748,388348,1790710131184996158,1790710131184757698,280500,0,0.000000,1,0
1952,1,378067,389207,1790710131185427836,1790710131185189802,277145,0,0.903682,1,1
1953,1,380977,391728,1790710131185859164,1790710131185617287,278928,0,0.761346,1,1
1954,2,795626,406328,1790710131186703291,1790710131186457216,246165,0,0.503067,1,1
1955,1,383777,394498,1790710131187128709,1790710131186885760,243029,0,0.766395,1,1
1956,1,381757,392247,1790710131187529297,1790710131187286765,242602,0,0.000000,1,0
1957,1,378217,387657,1790710131187925995,1790710131187688309,278107,0,0.781346,1,1
1958,1,377747,387377,1790710131188355283,1790710131188118264,279160,0,0.000000,1,0
1959,1,382268,393168,1790710131188794022,1790710131188551528,242564,0,0.762855,1,1
1960,1,379588,389788,1790710131189192760,1790710131188955563,279528,0,0.781034,1,1
1961,1,378817,389397,1790710131189624918,1790710131189383347,241641,0,0.762565,1,1
1962,3,1151342,390627,1790710131190795261,1790710131190551041,244290,0,0.363213,1,1
1963,1,386237,397397,1790710131191199989,1790710131190951246,248813,0,0.785923,1,1
1964,1,377907,390087,1790710131191597067,1790710131191353161,243976,0,0.787921,1,1
1965,1,380168,391408,1790710131191997365,1790710131191754795,242640,0,0.780512,1,1
1966,1,382778,393228,1790710131192399843,1790710131192154220,245703,0,0.000000,1,0
1967,2,773095,401198,1790710131193191778,1790710131192953840,280489,0,0.523859,1,1
1968,2,779616,396968,1790710131194025665,1790710131193781599,244146,0,0.000000,1,0
1969,1,375207,384948,1790710131194423572,1790710131194187333,277620,0,0.000000,1,0
1970,1,377148,387608,1790710131194853431,1790710131194617108,277614,0,0.762207,1,1
1971,1,381717,391918,1790710131195287789,1790710131195046972,240887,0,0.758990,1,1
1972,1,378387,388227,1790710131195684377,1790710131195445777,280891,0,0.000000,1,0
1973,1,385568,395928,1790710131196123306,1790710131195879091,244285,0,0.000000,1,0
1974,2,761145,385337,1790710131196902821,1790710131196666950,276072,0,0.532001,1,1
1975,1,382067,391868,1790710131197336489,1790710131197099115,280385,0,0.763031,1,1
1976,1,376468,386908,1790710131197767418,1790710131197528319,278800,0,0.896265,1,1
1977,1,375947,388407,1790710131198194256,1790710131197957583,277524,0,0.905601,1,1
1978,2,764465,388017,1790710131199010862,1790710131198772243,275380,0,0.000000,1,0
1979,1,380997,393428,1790710131199439910,1790710131199198067,241914,0,0.762848,1,1
1980,1,384277,397338,1790710131199845208,1790710131199599992,245286,0,0.000000,1,0
1981,1,381797,392498,1790710131200248656,1790710131200011366,278281,0,0.773920,1,1
1982,2,794816,414388,1790710131201095613,1790710131200838915,256768,0,0.608576,1,1
1983,1,387178,398438,1790710131201503381,1790710131201258640,244911,0,0.914792,1,1
1984,3,1155143,385697,1790710131202678134,1790710131202440184,277071,0,0.358784,1,1
1985,1,382538,392298,1790710131203111003,1790710131202874138,277435,0,0.000000,1,0
1986,1,373357,384587,1790710131203535981,1790710131203300883,281099,0,0.000000,1,0
1987,1,374277,386748,1790710131203974439,1790710131203739577,277503,0,0.000000,1,0
1988,1,374567,382687,1790710131204400568,1790710131204165041,276578,0,0.759978,1,1
1989,1,372277,379397,1790710131204822356,1790710131204585676,275491,0,0.898554,1,1
1990,1,372517,382648,1790710131205242154,1790710131205073229,241867,0,0.919322,1,1
1991,1,374407,382848,1790710131205703803,1790710131205468804,276090,0,0.825639,1,1
1992,1,375948,384168,1790710131206129532,1790710131205894568,278555,0,0.000000,1,0
1993,1,380487,393367,1790710131206562830,1790710131206329292,278079,0,0.000000,1,0
1994,1,372638,381088,1790710131206988689,1790710131206752757,278272,0,0.904097,1,1
1995,1,373427,380837,1790710131207412917,1790710131207177521,276607,0,0.766527,1,1
1996,1,371197,378437,1790710131207833955,1790710131207599475,276441,0,0.000000,1,0
1997,1,377697,385018,1790710131208262203,1790710131208025270,282764,0,0.000000,1,0
1998,1,371847,378637,1790710131208688612,1790710131208453634,276309,0,0.763787,1,1
1999,1,373117,380507,1790710131209111600,1790710131208877638,277263,0,0.766673,1,1
