round,ts_swap_ns,werner_a,werner_b,werner_result,pswap_success_bit
0,1790712540299674121,0.971358,0.994744,0.000000,0
1,1790712540301231320,0.982190,0.815603,0.801078,1
2,1790712540301665224,0.988527,0.834855,0.825277,1
3,1790712540302070409,0.990565,0.809283,0.000000,0
4,1790712540302477324,0.991962,0.974852,0.000000,0
5,1790712540302890688,0.991308,0.815767,0.808676,1
6,1790712540303319143,0.990921,0.779621,0.772543,1
7,1790712540303746687,0.991288,0.764008,0.757352,1
8,1790712540304178301,0.991516,0.762787,0.000000,0
9,1790712540304581116,0.991249,0.784266,0.000000,0
10,1790712540305011950,0.991556,0.770299,0.000000,0
11,1790712540305485004,0.920021,0.991605,0.912298,1
12,1790712540305871209,0.991358,0.838435,0.000000,0
13,1790712540306313393,0.991219,0.751010,0.000000,0
14,1790712540306738967,0.991933,0.763917,0.757754,1
15,1790712540307139322,0.991943,0.790115,0.000000,0
16,1790712540307538096,0.990903,0.789223,0.782043,1
17,1790712540307962851,0.991734,0.762649,0.756345,1
18,1790712540308769100,0.991100,0.522646,0.000000,0
19,1790712540309175765,0.991675,0.788181,0.781620,1
20,1790712540309582419,0.991358,0.777559,0.770839,1
21,1790712540309983914,0.991695,0.782104,0.775609,1
22,1790712540310387039,0.991239,0.792679,0.000000,0
23,1790712540311177848,0.991923,0.529315,0.000000,0
24,1790712540311579813,0.991705,0.918137,0.000000,0
25,1790712540312004987,0.991596,0.760769,0.000000,0
26,1790712540312442141,0.991050,0.751416,0.744691,1
27,1790712540312878446,0.990426,0.752475,0.000000,0
28,1790712540313283280,0.986433,0.776471,0.000000,0
29,1790712540314092580,0.991744,0.606692,0.000000,0
30,1790712540314520254,0.991199,0.768852,0.762085,1
31,1790712540314917649,0.991903,0.791990,0.785577,1
32,1790712540315352783,0.990812,0.761491,0.000000,0
33,1790712540315820767,0.954899,0.991754,0.000000,0
34,1790712540316213691,0.991517,0.829438,0.822402,1
35,1790712540316641636,0.991794,0.886088,0.000000,0
36,1790712540317072890,0.991764,0.763383,0.000000,0
37,1790712540318263004,0.991893,0.486626,0.482681,1
38,1790712540318687909,0.992042,0.900298,0.893134,1
39,1790712540319111513,0.992002,0.887171,0.000000,0
40,1790712540319535967,0.991487,0.761263,0.000000,0
41,1790712540319967242,0.991814,0.757867,0.000000,0
42,1790712540320398886,0.991258,0.760624,0.753975,1
43,1790712540320831880,0.991536,0.757860,0.751446,1
44,1790712540321627450,0.991169,0.619493,0.000000,0
45,1790712540322444979,0.991120,0.516277,0.511693,1
46,1790712540322874103,0.991576,0.761865,0.000000,0
47,1790712540323317997,0.990338,0.750357,0.000000,0
48,1790712540323719312,0.990941,0.785962,0.778842,1
49,1790712540324550961,0.991209,0.508332,0.000000,0
50,1790712540324980685,0.991349,0.763161,0.000000,0
51,1790712540325387040,0.990674,0.781120,0.000000,0
52,1790712540325819424,0.991596,0.887543,0.000000,0
53,1790712540326247899,0.991695,0.764948,0.000000,0
54,1790712540326679183,0.991834,0.758073,0.000000,0
55,1790712540327470252,0.991131,0.621405,0.615893,1
56,1790712540327902117,0.991060,0.757958,0.000000,0
57,1790712540328335261,0.990822,0.882958,0.874854,1
58,1790712540328734686,0.991635,0.788473,0.781878,1
59,1790712540329146140,0.991377,0.773905,0.000000,0
60,1790712540329962330,0.991546,0.519805,0.515410,1
61,1790712540330435533,0.946117,0.991556,0.000000,0
62,1790712540331223283,0.991794,0.561366,0.000000,0
63,1790712540331623418,0.991407,0.790423,0.000000,0
64,1790712540332053862,0.991873,0.760570,0.000000,0
65,1790712540332457826,0.990813,0.784243,0.000000,0
66,1790712546342361631,0.979816,0.407478,0.000000,0
67,1790712546342930923,0.989238,0.959254,0.948931,1
68,1790712546343407767,0.982171,0.806270,0.000000,0
69,1790712546343935520,0.931826,0.982849,0.000000,0
70,1790712546344724299,0.990565,0.573606,0.568194,1
71,1790712546345526049,0.990674,0.535882,0.000000,0
72,1790712546345945773,0.991447,0.784054,0.777348,1
73,1790712546346758722,0.990931,0.527255,0.000000,0
74,1790712546347164707,0.991417,0.791649,0.784854,1
75,1790712546347568501,0.991378,0.937031,0.000000,0
76,1790712546347997866,0.991318,0.758777,0.752189,1
77,1790712546348804045,0.983124,0.522254,0.513441,1
78,1790712546349222689,0.991536,0.910658,0.902950,1
79,1790712546349625984,0.991258,0.780862,0.774036,1
80,1790712546350409674,0.990565,0.621671,0.000000,0
81,1790712546351583398,0.991030,0.366731,0.363441,1
82,1790712546351987693,0.991387,0.786638,0.779863,1
83,1790712546352383668,0.991040,0.919202,0.000000,0
84,1790712546352811062,0.991586,0.891929,0.000000,0
85,1790712546353284586,0.947091,0.991903,0.000000,0
86,1790712546353691090,0.991506,0.819511,0.000000,0
87,1790712546354092385,0.991377,0.780596,0.000000,0
88,1790712546354493880,0.991040,0.784172,0.777146,1
89,1790712546354900794,0.991645,0.777831,0.771332,1
90,1790712546355332439,0.991149,0.759468,0.000000,0
91,1790712546355727913,0.992002,0.919791,0.000000,0
92,1790712546356142298,0.989337,0.772489,0.000000,0
93,1790712546356538423,0.990822,0.784321,0.000000,0
94,1790712546356937277,0.992052,0.926780,0.000000,0
95,1790712546357339702,0.990912,0.781612,0.774508,1
96,1790712546357746277,0.991774,0.781495,0.775066,1
97,1790712546358149521,0.991764,0.782480,0.000000,0
98,1790712546358626315,0.916092,0.992032,0.908792,1
99,1790712546359015320,0.991893,0.830483,0.000000,0
100,1790712546359444684,0.991387,0.886585,0.878949,1
101,1790712546359904948,0.933766,0.991893,0.926196,1
102,1790712546360298843,0.989070,0.961328,0.000000,0
103,1790712546360725807,0.991615,0.778663,0.000000,0
104,1790712546361155411,0.991597,0.760442,0.000000,0
105,1790712546361589606,0.991635,0.764841,0.758443,1
106,1790712546361987570,0.991805,0.786576,0.000000,0
107,1790712546362386805,0.990684,0.797609,0.000000,0
108,1790712546362999207,0.798870,0.991794,0.000000,0
109,1790712546363381982,0.993879,0.980473,0.974472,1
110,1790712546364192761,0.991705,0.543817,0.000000,0
111,1790712546364601506,0.988566,0.779232,0.000000,0
112,1790712546365418415,0.991001,0.517497,0.000000,0
113,1790712546365816100,0.991675,0.788994,0.000000,0
114,1790712546366294313,0.914985,0.991666,0.000000,0
115,1790712546367458648,0.990902,0.385033,0.381530,1
116,1790712546368278607,0.991724,0.604132,0.000000,0
117,1790712546369081937,0.991417,0.527888,0.523357,1
118,1790712546369915956,0.991298,0.507372,0.502957,1
119,1790712546370346020,0.991130,0.762718,0.000000,0
120,1790712546370744695,0.991665,0.789412,0.782832,1
121,1790712546371143819,0.991923,0.782598,0.000000,0
122,1790712546371610483,0.933953,0.991893,0.000000,0
123,1790712546372387963,0.991030,0.567002,0.561916,1
124,1790712546372814357,0.991724,0.889071,0.000000,0
125,1790712546373215662,0.991913,0.790945,0.000000,0
126,1790712546373620236,0.991686,0.781839,0.775339,1
127,1790712546374014701,0.991834,0.784917,0.000000,0
128,1790712546374415206,0.990723,0.783811,0.776540,1
129,1790712546374812670,0.991686,0.787607,0.000000,0
130,1790712546375609060,0.991040,0.531341,0.000000,0
131,1790712546376011304,0.992023,0.783107,0.000000,0
132,1790712546376414289,0.991120,0.781643,0.000000,0
133,1790712546376819334,0.991754,0.778756,0.000000,0
134,1790712546377220808,0.991863,0.916596,0.909138,1
135,1790712546377618793,0.991734,0.912790,0.000000,0
136,1790712546378044717,0.992023,0.762475,0.000000,0
137,1790712546378475812,0.990991,0.759552,0.000000,0
138,1790712546379279441,0.991853,0.526370,0.522082,1
139,1790712546379680736,0.991685,0.786434,0.000000,0
140,1790712546380085220,0.991983,0.779568,0.773318,1
141,1790712546380482215,0.991348,0.786803,0.000000,0
142,1790712546380881290,0.991923,0.784556,0.000000,0
143,1790712546381281305,0.992012,0.783788,0.000000,0
144,1790712546381680879,0.992032,0.785868,0.779606,1
145,1790712549385639084,0.935075,0.987459,0.000000,0
146,1790712549387402371,0.377239,0.981572,0.000000,0
147,1790712549387865885,0.987973,0.909901,0.898958,1
148,1790712549388297159,0.990278,0.788331,0.000000,0
149,1790712549389491313,0.990595,0.429988,0.000000,0
150,1790712549389930327,0.991011,0.762551,0.755696,1
151,1790712549390358462,0.990248,0.768752,0.761255,1
152,1790712549391175941,0.988082,0.520643,0.000000,0
153,1790712549392007640,0.991457,0.515777,0.000000,0
154,1790712549392805809,0.982958,0.533663,0.000000,0
155,1790712549393228114,0.991506,0.778904,0.000000,0
156,1790712549393636048,0.991159,0.783953,0.000000,0
157,1790712549394036503,0.991447,0.788276,0.000000,0
158,1790712549394856732,0.991298,0.517083,0.512584,1
159,1790712549395667541,0.991299,0.531825,0.000000,0
160,1790712549396091146,0.991635,0.768091,0.000000,0
161,1790712549396494291,0.990803,0.789444,0.782183,1
162,1790712549396928165,0.991576,0.760745,0.000000,0
163,1790712549397370169,0.991001,0.760343,0.753500,1
164,1790712549398178408,0.991784,0.523467,0.000000,0
165,1790712549398671192,0.924512,0.990297,0.000000,0
166,1790712549399055127,0.992578,0.978778,0.000000,0
167,1790712549399477201,0.991258,0.793789,0.000000,0
168,1790712549399904225,0.991863,0.760206,0.000000,0
169,1790712549400325420,0.991883,0.765982,0.000000,0
170,1790712549400760314,0.986778,0.762513,0.000000,0
171,1790712549401183738,0.991557,0.894144,0.000000,0
172,1790712549401615383,0.990842,0.760821,0.753854,1
173,1790712549402018827,0.991597,0.780394,0.773836,1
174,1790712549402418092,0.990951,0.931966,0.923533,1
175,1790712549402811327,0.991566,0.790494,0.783827,1
176,1790712549403244191,0.991308,0.761796,0.755175,1
177,1790712549403666856,0.991824,0.768629,0.000000,0
178,1790712549404089370,0.991804,0.768206,0.000000,0
179,1790712549404485155,0.991130,0.794409,0.000000,0
180,1790712549404879480,0.991288,0.794917,0.000000,0
181,1790712549405306914,0.991645,0.768060,0.761643,1
182,1790712549405729718,0.991625,0.769730,0.000000,0
183,1790712549406545667,0.990674,0.520414,0.000000,0
184,1790712549406946292,0.991308,0.785349,0.778523,1
185,1790712549407343817,0.991149,0.788907,0.781925,1
186,1790712549407744321,0.991536,0.915670,0.000000,0
187,1790712549408176686,0.991804,0.755582,0.000000,0
188,1790712549408604060,0.986946,0.892402,0.880752,1
189,1790712549409027774,0.991655,0.762467,0.000000,0
190,1790712549409458738,0.991359,0.758953,0.000000,0
191,1790712549409870503,0.991605,0.777418,0.000000,0
192,1790712549410278568,0.989327,0.924059,0.914197,1
193,1790712549410707402,0.991625,0.765997,0.000000,0
194,1790712549411135976,0.991635,0.763070,0.756687,1
195,1790712549411562831,0.991665,0.901010,0.000000,0
196,1790712549412741795,0.991328,0.361430,0.000000,0
197,1790712549413145210,0.991586,0.795204,0.000000,0
198,1790712549413583734,0.991328,0.883382,0.875721,1
199,1790712549413984439,0.991794,0.785545,0.779099,1
200,1790712549414394433,0.991417,0.916247,0.000000,0
201,1790712549414807258,0.987973,0.776835,0.000000,0
202,1790712549415229572,0.991605,0.774694,0.768191,1
203,1790712549415658846,0.991795,0.764567,0.758293,1
204,1790712549416066441,0.991586,0.785286,0.000000,0
205,1790712549416476296,0.991258,0.779738,0.000000,0
206,1790712549417285505,0.991645,0.523482,0.000000,0
207,1790712549417712699,0.991625,0.902165,0.894609,1
208,1790712549418118084,0.991665,0.918210,0.910557,1
209,1790712549418604487,0.939367,0.990744,0.930672,1
210,1790712549418995692,0.991685,0.835991,0.829040,1
211,1790712549419423607,0.991169,0.766641,0.759871,1
212,1790712549419854831,0.989050,0.895405,0.000000,0
213,1790712549420289385,0.991734,0.760906,0.000000,0
214,1790712549421093845,0.991685,0.531766,0.000000,0
215,1790712549421912964,0.991278,0.520252,0.515714,1
216,1790712549422349768,0.990644,0.762543,0.755408,1
217,1790712549422778922,0.991358,0.770315,0.000000,0
218,1790712549423212036,0.991487,0.760700,0.754225,1
219,1790712549424042516,0.991804,0.513574,0.509364,1
220,1790712549424836605,0.991645,0.626915,0.000000,0
221,1790712549425240000,0.991159,0.929165,0.000000,0
222,1790712549425671484,0.991199,0.764558,0.000000,0
223,1790712549426071349,0.991149,0.786064,0.000000,0
224,1790712549426858578,0.991179,0.535849,0.000000,0
225,1790712549427285693,0.991635,0.768713,0.000000,0
226,1790712549427715507,0.991605,0.765438,0.000000,0
227,1790712549428122242,0.991863,0.788047,0.781635,1
228,1790712549428540456,0.991030,0.772057,0.000000,0
229,1790712549428945171,0.991506,0.786662,0.000000,0
230,1790712549429377875,0.991001,0.900379,0.000000,0
231,1790712549429783539,0.991944,0.785986,0.000000,0
232,1790712549430214154,0.991715,0.760791,0.754487,1
233,1790712549431005263,0.989337,0.533439,0.527751,1
234,1790712549431405848,0.990783,0.787543,0.000000,0
235,1790712549432189647,0.991665,0.631906,0.000000,0
236,1790712549432616942,0.991298,0.770299,0.000000,0
237,1790712549433021856,0.991496,0.784172,0.000000,0
238,1790712549433452821,0.991258,0.763596,0.000000,0
239,1790712549434265000,0.991734,0.522107,0.000000,0
240,1790712549435474364,0.991080,0.486849,0.482506,1
241,1790712549435906018,0.991149,0.768161,0.000000,0
242,1790712549436318133,0.991586,0.781565,0.774989,1
243,1790712549436747217,0.991625,0.772428,0.000000,0
244,1790712549437538666,0.991359,0.534197,0.000000,0
245,1790712549437946321,0.991923,0.781299,0.774989,1
246,1790712549438350646,0.991030,0.785208,0.000000,0
247,1790712549438750580,0.991993,0.789168,0.000000,0
248,1790712549439925905,0.991724,0.362288,0.359289,1
249,1790712549440358999,0.991060,0.765722,0.758877,1
250,1790712549440760814,0.991427,0.785805,0.000000,0
251,1790712549441161959,0.991784,0.786198,0.779738,1
252,1790712549441592083,0.991843,0.904458,0.000000,0
253,1790712549442007257,0.991645,0.773890,0.000000,0
254,1790712549442409072,0.990733,0.788915,0.781604,1
255,1790712549442808977,0.991754,0.787882,0.000000,0
256,1790712549443208561,0.991725,0.928060,0.920381,1
257,1790712549444384196,0.991070,0.426924,0.423112,1
258,1790712549444812110,0.991120,0.768837,0.762010,1
259,1790712549445627419,0.991081,0.520112,0.000000,0
260,1790712549446440979,0.991001,0.521283,0.516592,1
261,1790712549446842353,0.991050,0.790534,0.000000,0
262,1790712549447269718,0.991724,0.900352,0.892902,1
263,1790712549447695942,0.991625,0.766481,0.000000,0
264,1790712549448094747,0.991348,0.924383,0.000000,0
265,1790712549448889486,0.991417,0.533556,0.528977,1
266,1790712549449314191,0.991586,0.773889,0.000000,0
267,1790712549450128290,0.991943,0.523776,0.519555,1
268,1790712549450553874,0.991209,0.767992,0.000000,0
269,1790712549450959679,0.991258,0.784470,0.000000,0
270,1790712549451360124,0.990654,0.793853,0.000000,0
271,1790712549451765788,0.991982,0.786151,0.779847,1
272,1790712549452160613,0.991447,0.793226,0.786441,1
273,1790712549452587617,0.989021,0.900416,0.890530,1
274,1790712549452980062,0.991556,0.795188,0.000000,0
275,1790712549453385097,0.991496,0.785765,0.000000,0
276,1790712549453786961,0.991735,0.787095,0.000000,0
277,1790712549454192336,0.991605,0.780433,0.000000,0
278,1790712549454620220,0.991646,0.765446,0.000000,0
279,1790712549455052175,0.991229,0.895468,0.887613,1
280,1790712549455492109,0.990743,0.755303,0.000000,0
281,1790712549455928323,0.991586,0.894350,0.886825,1
282,1790712549456569885,0.778912,0.990347,0.000000,0
283,1790712549456970059,0.990188,0.829479,0.000000,0
284,1790712549457378034,0.991159,0.786347,0.000000,0
285,1790712549457775839,0.991645,0.923090,0.000000,0
286,1790712549458176413,0.991744,0.918770,0.000000,0
287,1790712549458602478,0.991387,0.766020,0.759423,1
288,1790712549459032622,0.991665,0.761476,0.000000,0
289,1790712549459431246,0.991031,0.789168,0.000000,0
290,1790712549459859091,0.991744,0.764834,0.000000,0
291,1790712549460348574,0.904930,0.990129,0.000000,0
292,1790712549461511899,0.988645,0.527407,0.000000,0
293,1790712549462316528,0.991615,0.617014,0.000000,0
294,1790712549463129147,0.988922,0.619518,0.000000,0
295,1790712549463549872,0.991050,0.775516,0.000000,0
296,1790712549463946947,0.991903,0.792568,0.000000,0
297,1790712549464348261,0.991209,0.789002,0.782065,1
298,1790712549464773566,0.991467,0.766794,0.000000,0
299,1790712549465180950,0.991734,0.784015,0.777535,1
300,1790712549465610135,0.991219,0.768160,0.000000,0
301,1790712549466041899,0.988091,0.762055,0.752980,1
302,1790712549466486003,0.990278,0.757542,0.000000,0
303,1790712549466921267,0.991546,0.762673,0.000000,0
304,1790712549467354311,0.990972,0.761728,0.000000,0
305,1790712549467764116,0.991387,0.784125,0.000000,0
306,1790712549468586015,0.990793,0.519930,0.515143,1
307,1790712549469395954,0.990774,0.526581,0.000000,0
308,1790712549469821179,0.991605,0.771347,0.000000,0
309,1790712549470625478,0.990931,0.530736,0.525923,1
310,1790712549471046923,0.991744,0.772690,0.766311,1
311,1790712549471473647,0.990743,0.764650,0.000000,0
312,1790712549471895961,0.991724,0.769961,0.763589,1
313,1790712549472319666,0.991615,0.770537,0.000000,0
314,1790712549472743160,0.991021,0.906496,0.000000,0
315,1790712549473167045,0.991754,0.763008,0.756716,1
316,1790712549473591199,0.991655,0.765178,0.000000,0
317,1790712549474013963,0.991685,0.770916,0.000000,0
318,1790712549474824893,0.991695,0.613844,0.000000,0
319,1790712549475244337,0.992032,0.776028,0.769844,1
320,1790712549475665721,0.991388,0.769237,0.000000,0
321,1790712549476090326,0.991665,0.764941,0.000000,0
322,1790712549476514150,0.990614,0.769768,0.762543,1
323,1790712549476948234,0.991567,0.760175,0.753765,1
324,1790712549477374719,0.991100,0.897853,0.889862,1
325,1790712549477794623,0.991794,0.895719,0.000000,0
326,1790712549478217268,0.991586,0.768014,0.000000,0
327,1790712549478640062,0.991556,0.773332,0.766802,1
328,1790712549479065736,0.991537,0.766626,0.760138,1
329,1790712549479491041,0.991268,0.768959,0.000000,0
330,1790712549479919425,0.991576,0.764704,0.758262,1
331,1790712549480345160,0.991040,0.895969,0.000000,0
332,1790712549480769884,0.991457,0.765208,0.758671,1
333,1790712549481192218,0.991953,0.912116,0.904776,1
334,1790712549481619253,0.991526,0.768883,0.000000,0
335,1790712549482434512,0.991258,0.518207,0.000000,0
336,1790712549482837707,0.989486,0.790668,0.782355,1
337,1790712549483262851,0.991883,0.772860,0.766587,1
338,1790712549484046911,0.991318,0.538105,0.533433,1
339,1790712549484541204,0.927633,0.990486,0.000000,0
340,1790712549484935929,0.991734,0.833003,0.000000,0
341,1790712549485377653,0.991377,0.754820,0.000000,0
342,1790712549485778488,0.991853,0.791222,0.784776,1
343,1790712549486205312,0.991893,0.898814,0.891527,1
344,1790712549486630056,0.991863,0.767270,0.000000,0
345,1790712549487057180,0.991606,0.764452,0.758036,1
346,1790712549487879689,0.991597,0.517518,0.000000,0
347,1790712549488306514,0.991962,0.768375,0.762199,1
348,1790712549488740208,0.991804,0.765094,0.000000,0
349,1790712549489170772,0.991556,0.762963,0.000000,0
350,1790712549489601517,0.991506,0.768698,0.762169,1
351,1790712549489998111,0.992012,0.786961,0.000000,0
352,1790712549490790651,0.988635,0.531729,0.525686,1
353,1790712549491217575,0.990981,0.763558,0.000000,0
354,1790712549491645040,0.991913,0.892580,0.000000,0
355,1790712549492042214,0.992131,0.783781,0.000000,0
356,1790712549492469849,0.991724,0.891884,0.000000,0
357,1790712549492897653,0.988991,0.760776,0.752401,1
358,1790712549493320687,0.991774,0.765278,0.000000,0
359,1790712549493750792,0.991794,0.764780,0.000000,0
360,1790712549494178916,0.991754,0.773440,0.000000,0
361,1790712549494614270,0.991675,0.761050,0.754714,1
362,1790712549495023045,0.991962,0.785655,0.779341,1
363,1790712549495808924,0.991864,0.538170,0.533791,1
364,1790712549496219969,0.991923,0.782777,0.000000,0
365,1790712549496652073,0.988348,0.763894,0.000000,0
366,1790712549497086198,0.991685,0.770245,0.000000,0
367,1790712549497513672,0.991199,0.766342,0.000000,0
368,1790712549497913157,0.991596,0.788781,0.782151,1
369,1790712549498345731,0.991120,0.762596,0.755824,1
370,1790712549499128571,0.991972,0.537814,0.533497,1
371,1790712549499531725,0.991705,0.929332,0.921623,1
372,1790712549500358144,0.991397,0.603148,0.000000,0
373,1790712549500760729,0.991705,0.920076,0.912444,1
374,1790712549501192723,0.991665,0.759932,0.753598,1
375,1790712549501594088,0.991655,0.927828,0.000000,0
376,1790712549502023912,0.991843,0.760989,0.000000,0
377,1790712549502818662,0.991516,0.530863,0.000000,0
378,1790712549504040426,0.991040,0.348695,0.000000,0
379,1790712549504452130,0.991130,0.782065,0.000000,0
380,1790712549504849925,0.991288,0.925567,0.000000,0
381,1790712549505276589,0.991576,0.766603,0.760145,1
382,1790712549506059759,0.991417,0.538250,0.533630,1
383,1790712549506485543,0.991090,0.771950,0.000000,0
384,1790712549507273823,0.991278,0.534298,0.000000,0
385,1790712549507699717,0.991397,0.770900,0.000000,0
386,1790712549508493797,0.991209,0.531776,0.527102,1
387,1790712549508898921,0.991586,0.789451,0.000000,0
388,1790712549509297496,0.991685,0.790692,0.784117,1
389,1790712549509724470,0.991427,0.768845,0.762254,1
390,1790712549510149365,0.991328,0.780971,0.000000,0
391,1790712549510953724,0.991615,0.611565,0.000000,0
392,1790712549511380118,0.990575,0.764475,0.757270,1
393,1790712549511811152,0.988862,0.887233,0.000000,0
394,1790712549512208077,0.991834,0.788016,0.781581,1
395,1790712549512684351,0.946211,0.990723,0.937433,1
396,1790712549513457010,0.990962,0.566130,0.000000,0
397,1790712549514241850,0.991645,0.534057,0.000000,0
398,1790712549514646275,0.990822,0.788339,0.000000,0
399,1790712549515048249,0.991754,0.786442,0.000000,0
400,1790712549515462194,0.990991,0.777224,0.000000,0
401,1790712549515865949,0.988586,0.788323,0.779325,1
402,1790712549516292543,0.991576,0.767070,0.000000,0
403,1790712549516718917,0.991477,0.901597,0.000000,0
404,1790712549517534276,0.991170,0.518227,0.000000,0
405,1790712549517938331,0.991596,0.787835,0.781213,1
406,1790712549518341696,0.991149,0.787630,0.000000,0
407,1790712549518741311,0.991477,0.789791,0.000000,0
408,1790712549519152875,0.991824,0.778515,0.772150,1
409,1790712549519579859,0.991051,0.766419,0.000000,0
410,1790712549520388659,0.988378,0.609111,0.000000,0
411,1790712549521195008,0.991764,0.719596,0.713669,1
412,1790712549521620232,0.991259,0.770292,0.000000,0
413,1790712549522412842,0.991506,0.531638,0.000000,0
414,1790712549522810907,0.991734,0.792394,0.785844,1
415,1790712549523210281,0.991883,0.926428,0.000000,0
416,1790712549523605456,0.991903,0.793028,0.000000,0
417,1790712549524031611,0.991615,0.762939,0.756542,1
418,1790712549524823520,0.991576,0.534287,0.000000,0
419,1790712549525249664,0.991448,0.770546,0.000000,0
420,1790712549526030604,0.991962,0.539414,0.000000,0
421,1790712549526430409,0.991258,0.791942,0.785019,1
422,1790712549526836253,0.991825,0.780847,0.000000,0
423,1790712549527624163,0.991516,0.538929,0.000000,0
424,1790712549528022448,0.991843,0.788095,0.781667,1
425,1790712549528840517,0.988833,0.518471,0.000000,0
426,1790712549529267471,0.991417,0.777030,0.000000,0
427,1790712549529706185,0.991507,0.767846,0.000000,0
428,1790712549530135550,0.991645,0.764597,0.000000,0
429,1790712549530534374,0.991240,0.786592,0.000000,0
430,1790712549530967679,0.991596,0.892491,0.000000,0
431,1790712549531370383,0.991428,0.786222,0.000000,0
432,1790712549531769788,0.991685,0.790415,0.783843,1
433,1790712549532195212,0.991428,0.764261,0.000000,0
434,1790712549533007912,0.991764,0.525701,0.521372,1
435,1790712549533443836,0.991367,0.760312,0.753749,1
436,1790712549533846211,0.991556,0.924799,0.916990,1
437,1790712549534280495,0.991645,0.760023,0.000000,0
438,1790712549534708119,0.991724,0.764261,0.000000,0
439,1790712549535105404,0.991784,0.923597,0.916009,1
440,1790712549536318958,0.991843,0.347304,0.344471,1
441,1790712600602387818,0.373157,0.981965,0.000000,0
442,1790712600603057999,0.967810,0.991724,0.000000,0
443,1790712600604435360,0.981975,0.403347,0.000000,0
444,1790712600604888804,0.991458,0.971826,0.963524,1
445,1790712600605294149,0.990188,0.838192,0.000000,0
446,1790712600605720863,0.987470,0.798263,0.788261,1
447,1790712600606891368,0.990050,0.370576,0.000000,0
448,1790712600607692787,0.991189,0.531808,0.000000,0
449,1790712600608095042,0.991377,0.789428,0.000000,0
450,1790712600608483686,0.991051,0.795340,0.000000,0
451,1790712600608873511,0.990991,0.798431,0.000000,0
452,1790712600609653961,0.990753,0.537685,0.000000,0
453,1790712600610077075,0.991447,0.770692,0.000000,0
454,1790712600610526019,0.991339,0.793234,0.786364,1
455,1790712600610951294,0.990892,0.898437,0.000000,0
456,1790712600611347409,0.991477,0.788355,0.000000,0
457,1790712600611747433,0.991249,0.785671,0.000000,0
458,1790712600612144338,0.991685,0.924521,0.000000,0
459,1790712600612571592,0.991982,0.760381,0.000000,0
460,1790712600613005797,0.991586,0.760091,0.000000,0
461,1790712600613405461,0.991843,0.786614,0.000000,0
462,1790712600613799566,0.990793,0.791151,0.000000,0
463,1790712600614223310,0.991448,0.769660,0.000000,0
464,1790712600615010290,0.989248,0.628472,0.621715,1
465,1790712600615429205,0.991130,0.902344,0.000000,0
466,1790712600615856119,0.990486,0.765247,0.757966,1
467,1790712600616666398,0.990812,0.520606,0.515823,1
468,1790712600617089483,0.991605,0.771401,0.764925,1
469,1790712600617571376,0.937631,0.990545,0.000000,0
470,1790712600617955401,0.991397,0.840156,0.000000,0
471,1790712600618348566,0.991724,0.790186,0.783647,1
472,1790712600618745351,0.990614,0.793750,0.786300,1
473,1790712600619167715,0.991665,0.768822,0.000000,0
474,1790712600619589679,0.991735,0.772421,0.000000,0
475,1790712600620390449,0.991794,0.527777,0.000000,0
476,1790712600621174329,0.990198,0.536380,0.531123,1
477,1790712600621978398,0.989882,0.617211,0.000000,0
478,1790712600622402802,0.991209,0.766082,0.000000,0
479,1790712600622828167,0.990664,0.771810,0.764604,1
480,1790712600623250251,0.991695,0.897018,0.000000,0
481,1790712600623674165,0.990893,0.895290,0.887136,1
482,1790712600624096880,0.991526,0.902958,0.895307,1
483,1790712600624521144,0.991655,0.763314,0.000000,0
484,1790712600625010518,0.900821,0.990278,0.892063,1
485,1790712600625409002,0.991448,0.828352,0.821268,1
486,1790712600626217502,0.988358,0.530014,0.523844,1
487,1790712600626643636,0.990872,0.770631,0.000000,0
488,1790712600627038431,0.991229,0.790731,0.000000,0
489,1790712600627432206,0.991576,0.789159,0.000000,0
490,1790712600627914959,0.934345,0.990862,0.000000,0
491,1790712600628297374,0.994157,0.980631,0.974901,1
492,1790712600628717159,0.991467,0.801984,0.795140,1
493,1790712600629110793,0.991616,0.791025,0.784393,1
494,1790712600629503138,0.991457,0.789380,0.782636,1
495,1790712600630298398,0.991774,0.619109,0.000000,0
496,1790712600630718552,0.991239,0.770222,0.763474,1
497,1790712600631348974,0.780089,0.990912,0.000000,0
498,1790712600631737649,0.990921,0.798662,0.791412,1
499,1790712600632134773,0.991775,0.790954,0.000000,0
500,1790712600632530148,0.991873,0.921273,0.000000,0
501,1790712600633299978,0.991715,0.542584,0.000000,0
502,1790712600633722922,0.991358,0.768061,0.000000,0
503,1790712600634119287,0.987459,0.794409,0.784446,1
504,1790712600634534212,0.991804,0.775593,0.000000,0
505,1790712600634924026,0.991417,0.796692,0.000000,0
506,1790712600635704186,0.990931,0.538094,0.000000,0
507,1790712600636509115,0.991754,0.527740,0.000000,0
508,1790712600636903620,0.991536,0.793044,0.000000,0
509,1790712600637299285,0.991794,0.922453,0.914883,1
510,1790712600637727409,0.987973,0.766618,0.000000,0
511,1790712600638122114,0.991695,0.789246,0.000000,0
512,1790712600638518029,0.991804,0.798383,0.791839,1
513,1790712600638918363,0.991437,0.786292,0.000000,0
514,1790712600639342418,0.991893,0.765561,0.000000,0
515,1790712600639742372,0.990961,0.786387,0.000000,0
516,1790712600640134837,0.991873,0.795530,0.789065,1
517,1790712600640527152,0.991943,0.790953,0.784580,1
518,1790712600640919527,0.991784,0.926345,0.918734,1
519,1790712600641340771,0.991962,0.894797,0.887605,1
520,1790712600642140921,0.991715,0.525318,0.000000,0
521,1790712600642534205,0.991883,0.793155,0.000000,0
522,1790712600643316455,0.988269,0.536300,0.530009,1
523,1790712600644090265,0.991863,0.542367,0.537954,1
524,1790712600644873414,0.988073,0.536692,0.000000,0
525,1790712600645303599,0.991258,0.769675,0.762947,1
526,1790712600645699973,0.990863,0.794569,0.000000,0
527,1790712600646092688,0.991387,0.795283,0.788434,1
528,1790712600646487783,0.991635,0.788733,0.782136,1
529,1790712600646887618,0.991615,0.789073,0.000000,0
530,1790712600647662878,0.991070,0.633013,0.000000,0
531,1790712600648436377,0.991744,0.543670,0.539182,1
532,1790712600649238647,0.991695,0.525996,0.521627,1
533,1790712600649637381,0.991220,0.793321,0.786356,1
534,1790712600650061796,0.991566,0.768744,0.000000,0
535,1790712600650493720,0.987983,0.758330,0.000000,0
536,1790712600650918094,0.991309,0.771988,0.000000,0
537,1790712600651556966,0.778359,0.990268,0.770784,1
538,1790712600651953331,0.991486,0.828070,0.821020,1
539,1790712600652382675,0.991546,0.760693,0.000000,0
540,1790712600652817349,0.990585,0.757497,0.000000,0
541,1790712600653238394,0.991605,0.770830,0.764360,1
542,1790712600654044983,0.991764,0.522939,0.518632,1
543,1790712600654441118,0.991596,0.789136,0.782503,1
544,1790712600655244357,0.991546,0.525197,0.520757,1
545,1790712600656423132,0.991794,0.360755,0.000000,0
546,1790712600656847506,0.991338,0.901262,0.000000,0
547,1790712600657271430,0.991724,0.764590,0.000000,0
548,1790712600657673175,0.990921,0.784321,0.000000,0
549,1790712600658074320,0.991348,0.786300,0.000000,0
550,1790712600658474524,0.991914,0.925178,0.917697,1
551,1790712600658899689,0.991486,0.765522,0.000000,0
552,1790712600659296734,0.991080,0.796875,0.000000,0
553,1790712600659691628,0.991615,0.923127,0.915386,1
554,1790712600660113963,0.991675,0.766166,0.759787,1
555,1790712600660534617,0.991536,0.767355,0.000000,0
556,1790712600660956952,0.991298,0.770252,0.000000,0
557,1790712600661386846,0.991447,0.760677,0.754171,1
558,1790712600661781461,0.991377,0.926576,0.000000,0
559,1790712600662205195,0.991943,0.766365,0.000000,0
560,1790712600662638509,0.987637,0.763383,0.753945,1
561,1790712600663035854,0.991635,0.792045,0.785420,1
562,1790712600663667765,0.807214,0.990586,0.000000,0
563,1790712600664056510,0.991615,0.835298,0.000000,0
564,1790712600664454975,0.991834,0.786158,0.000000,0
565,1790712600664853820,0.991635,0.791071,0.000000,0
566,1790712600666033794,0.991715,0.424374,0.000000,0
567,1790712600666840063,0.991427,0.615265,0.609990,1
568,1790712600667239678,0.991953,0.790060,0.000000,0
569,1790712600667637683,0.991149,0.789562,0.782574,1
570,1790712600668036057,0.991240,0.788923,0.782012,1
571,1790712600668458492,0.991734,0.767300,0.760958,1
572,1790712600668851817,0.991744,0.795426,0.000000,0
573,1790712600669246001,0.991815,0.922943,0.915388,1
574,1790712600670054181,0.991794,0.524446,0.000000,0
575,1790712600670475895,0.991824,0.767792,0.761515,1
576,1790712600670896140,0.991496,0.776377,0.000000,0
577,1790712600671315344,0.991794,0.893992,0.000000,0
578,1790712600671805918,0.923801,0.990803,0.000000,0
579,1790712600672193052,0.992033,0.836786,0.000000,0
580,1790712600672610037,0.991893,0.892714,0.000000,0
581,1790712600673092081,0.935635,0.990902,0.000000,0
582,1790712600673479785,0.991686,0.831373,0.000000,0
583,1790712600673897660,0.991457,0.773425,0.766817,1
584,1790712600674316124,0.991744,0.771517,0.765148,1
585,1790712600675115454,0.991278,0.525870,0.000000,0
586,1790712600675531738,0.992042,0.771764,0.765623,1
587,1790712600676005642,0.911276,0.990921,0.903003,1
588,1790712600676389267,0.992101,0.841316,0.000000,0
589,1790712600677584141,0.991566,0.353343,0.000000,0
590,1790712600678008256,0.991080,0.769567,0.000000,0
591,1790712600678401790,0.991804,0.792330,0.785836,1
592,1790712600678824145,0.991278,0.770715,0.000000,0
593,1790712600679636504,0.990921,0.521904,0.517166,1
594,1790712600680036149,0.991526,0.785600,0.778943,1
595,1790712600680459483,0.991933,0.767240,0.000000,0
596,1790712600680878538,0.991021,0.777970,0.000000,0
597,1790712600681296812,0.991457,0.769544,0.000000,0
598,1790712600681690627,0.990674,0.794568,0.787157,1
599,1790712600682169210,0.936844,0.990794,0.928219,1
600,1790712600682922630,0.991180,0.584206,0.579053,1
601,1790712600683689570,0.991110,0.635360,0.629711,1
602,1790712600684107785,0.991596,0.772791,0.000000,0
603,1790712600684529619,0.991625,0.776409,0.769907,1
604,1790712600685719843,0.987885,0.356905,0.000000,0
605,1790712600686139978,0.991239,0.772613,0.000000,0
606,1790712600686629291,0.925669,0.979288,0.000000,0
607,1790712600687398931,0.991526,0.666000,0.000000,0
608,1790712600687820555,0.990812,0.771193,0.764108,1
609,1790712600688248940,0.991635,0.763481,0.757095,1
610,1790712600690280173,0.631199,0.990109,0.000000,0
611,1790712600690672257,0.991111,0.814715,0.000000,0
612,1790712600691065452,0.991685,0.797409,0.790779,1
613,1790712600691854862,0.990961,0.532719,0.000000,0
614,1790712600692284006,0.991814,0.764406,0.000000,0
615,1790712600692709550,0.991240,0.765232,0.758528,1
616,1790712600693479760,0.991586,0.543535,0.538961,1
617,1790712600694636765,0.990783,0.372821,0.369385,1
618,1790712600695435524,0.991785,0.530614,0.000000,0
619,1790712600696242554,0.991338,0.520799,0.000000,0
620,1790712600696666068,0.990862,0.763596,0.756619,1
621,1790712600697473657,0.991626,0.520773,0.000000,0
622,1790712600697976271,0.895137,0.990089,0.000000,0
623,1790712600698353936,0.994306,0.980758,0.975173,1
624,1790712600698770200,0.991467,0.944548,0.000000,0
625,1790712600699200695,0.991219,0.769452,0.000000,0
626,1790712600699598349,0.991467,0.923764,0.000000,0
627,1790712600700023934,0.991367,0.768944,0.000000,0
628,1790712600700828213,0.988032,0.606226,0.000000,0
629,1790712600701981808,0.990763,0.370302,0.366881,1
630,1790712600702403942,0.991824,0.775377,0.000000,0
631,1790712600702828197,0.990991,0.770152,0.000000,0
632,1790712600703605776,0.991675,0.541002,0.536498,1
633,1790712600704032421,0.991774,0.768767,0.000000,0
634,1790712600704817340,0.990139,0.535679,0.000000,0
635,1790712600705239285,0.991457,0.770252,0.000000,0
636,1790712600705638829,0.990794,0.786718,0.000000,0
637,1790712600706061304,0.991615,0.765721,0.000000,0
638,1790712600706495708,0.991764,0.886958,0.879653,1
639,1790712600706915952,0.991408,0.772606,0.765968,1
640,1790712600707310417,0.988872,0.787717,0.778951,1
641,1790712600708457292,0.991754,0.372571,0.369499,1
642,1790712600708879127,0.991011,0.771517,0.764581,1
643,1790712600709301061,0.991625,0.892527,0.000000,0
644,1790712600709727655,0.991318,0.762848,0.756225,1
645,1790712600710149660,0.991268,0.894072,0.000000,0
646,1790712600710546604,0.991616,0.783663,0.000000,0
647,1790712600710967939,0.991695,0.770522,0.764123,1
648,1790712600711390943,0.991665,0.763993,0.757626,1
649,1790712600711815318,0.991169,0.902173,0.000000,0
650,1790712600712242482,0.991962,0.884973,0.877860,1
651,1790712600712646817,0.990971,0.779847,0.000000,0
652,1790712600713419666,0.991506,0.639529,0.000000,0
653,1790712600713846911,0.990694,0.766495,0.000000,0
654,1790712600715003645,0.991348,0.368374,0.365187,1
655,1790712600715425750,0.991655,0.769075,0.762657,1
656,1790712600715848644,0.991705,0.904232,0.896731,1
657,1790712600716239009,0.991863,0.791617,0.000000,0
658,1790712600716668473,0.991110,0.893205,0.885264,1
659,1790712600717093597,0.991843,0.888973,0.000000,0
660,1790712600717491722,0.991943,0.782597,0.776292,1
661,1790712600717891927,0.987973,0.784305,0.000000,0
662,1790712600718310801,0.991804,0.769529,0.000000,0
663,1790712600718732576,0.991437,0.897359,0.889675,1
664,1790712600719147670,0.991744,0.772328,0.000000,0
665,1790712600719955259,0.990853,0.520060,0.515303,1
666,1790712600720381074,0.992042,0.890387,0.000000,0
667,1790712600720815138,0.978495,0.758361,0.000000,0
668,1790712600721212153,0.991804,0.792695,0.786198,1
669,1790712600721604598,0.991734,0.794751,0.000000,0
670,1790712600722002052,0.991131,0.793131,0.786096,1
671,1790712600722394897,0.991655,0.921043,0.000000,0
672,1790712600722818692,0.991011,0.767584,0.000000,0
673,1790712600723214726,0.991001,0.789791,0.000000,0
674,1790712600723609661,0.991824,0.792655,0.786174,1
675,1790712600724008076,0.991576,0.791364,0.000000,0
676,1790712600724406001,0.991586,0.785506,0.000000,0
677,1790712600724831625,0.990882,0.763795,0.000000,0
678,1790712600725227000,0.991367,0.790478,0.000000,0
679,1790712600725661444,0.991288,0.760761,0.000000,0
680,1790712600726084318,0.991467,0.770769,0.000000,0
681,1790712600726511693,0.991526,0.762436,0.000000,0
682,1790712600726934657,0.991556,0.767792,0.761309,1
683,1790712600727359381,0.991676,0.766021,0.000000,0
684,1790712600728144651,0.988981,0.534634,0.000000,0
685,1790712600728567476,0.991705,0.768537,0.000000,0
686,1790712600729757870,0.988190,0.419451,0.000000,0
687,1790712600730179574,0.991605,0.770708,0.764238,1
688,1790712600730581769,0.991784,0.786339,0.779879,1
689,1790712600731008463,0.991685,0.764200,0.000000,0
690,1790712600731793443,0.983694,0.533566,0.000000,0
691,1790712600732205617,0.991586,0.779030,0.772475,1
692,1790712600732698611,0.906015,0.990159,0.897099,1
693,1790712600733082296,0.991744,0.841375,0.000000,0
694,1790712600733501410,0.991645,0.765477,0.000000,0
695,1790712600734305280,0.990723,0.530343,0.000000,0
696,1790712600734697214,0.990724,0.789689,0.000000,0
697,1790712600735499654,0.991496,0.526596,0.522118,1
698,1790712600736294163,0.991913,0.531963,0.527661,1
699,1790712600737102673,0.989357,0.522447,0.000000,0
700,1790712600737899472,0.990991,0.526312,0.000000,0
701,1790712600738292497,0.988082,0.789712,0.780300,1
702,1790712600738711821,0.990604,0.769453,0.000000,0
703,1790712600739131716,0.991526,0.768760,0.000000,0
704,1790712600739550870,0.991139,0.891689,0.883788,1
705,1790712600739970285,0.991596,0.765959,0.759521,1
706,1790712600741148879,0.990337,0.363707,0.000000,0
707,1790712600741619873,0.939630,0.985940,0.000000,0
708,1790712600741998258,0.994117,0.980483,0.974715,1
709,1790712600742418562,0.991695,0.798582,0.000000,0
710,1790712600742839176,0.991259,0.764964,0.000000,0
711,1790712600743228451,0.991784,0.795745,0.000000,0
712,1790712600744013401,0.991814,0.532255,0.000000,0
713,1790712600744429845,0.991843,0.769268,0.000000,0
714,1790712600745226255,0.991754,0.614969,0.000000,0
715,1790712600745648189,0.991040,0.765852,0.758991,1
716,1790712600746073513,0.986878,0.889267,0.877598,1
717,1790712600746505648,0.991506,0.882833,0.000000,0
718,1790712600746891913,0.991546,0.794544,0.787827,1
719,1790712600747315477,0.991615,0.760442,0.000000,0
720,1790712600747706572,0.991189,0.792917,0.000000,0
721,1790712600748479742,0.991843,0.537777,0.533390,1
722,1790712600749284521,0.991358,0.522468,0.000000,0
723,1790712600749713465,0.988437,0.895836,0.885478,1
724,1790712600750135870,0.991437,0.765920,0.759362,1
725,1790712600750943149,0.987785,0.519426,0.000000,0
726,1790712600751369443,0.991249,0.763665,0.000000,0
727,1790712600751764468,0.990991,0.794941,0.000000,0
728,1790712600752188692,0.991567,0.765408,0.758953,1
729,1790712600752580537,0.991397,0.788213,0.781432,1
730,1790712600752973782,0.991615,0.790905,0.784274,1
731,1790712600753770442,0.990505,0.613789,0.607961,1
732,1790712600754161566,0.991625,0.791071,0.000000,0
733,1790712600754587141,0.991734,0.892009,0.000000,0
734,1790712600755009275,0.991586,0.766756,0.000000,0
735,1790712600755406800,0.991586,0.784760,0.000000,0
736,1790712600756195689,0.991716,0.534234,0.529808,1
737,1790712600757012339,0.991556,0.520658,0.000000,0
738,1790712600757821208,0.990981,0.606365,0.600896,1
739,1790712600758217003,0.991655,0.788907,0.000000,0
740,1790712600758647097,0.990931,0.766136,0.000000,0
741,1790712600759038602,0.991873,0.924032,0.000000,0
742,1790712600759465146,0.991804,0.759074,0.752852,1
743,1790712600759889591,0.991526,0.767853,0.000000,0
744,1790712600760301145,0.991268,0.776804,0.000000,0
745,1790712600760696000,0.991685,0.925391,0.917696,1
746,1790712600761096675,0.989288,0.908392,0.000000,0
747,1790712600761514759,0.991605,0.766266,0.000000,0
748,1790712600761935123,0.991567,0.768953,0.000000,0
749,1790712600762707713,0.990822,0.632336,0.626533,1
750,1790712600763129028,0.991377,0.767001,0.760388,1
751,1790712600763552342,0.991566,0.767777,0.000000,0
752,1790712600763947787,0.991159,0.791736,0.784737,1
753,1790712600764389541,0.991655,0.874102,0.866808,1
754,1790712600764813685,0.990813,0.763902,0.756884,1
755,1790712600765684324,0.632994,0.990080,0.000000,0
756,1790712600766070469,0.991467,0.848124,0.000000,0
757,1790712600766498893,0.991695,0.922278,0.914618,1
758,1790712600766915937,0.991576,0.773650,0.000000,0
759,1790712600767332322,0.991705,0.772157,0.765752,1
760,1790712600768132291,0.991120,0.527957,0.000000,0
761,1790712600768932200,0.991022,0.531782,0.527008,1
762,1790712600769356665,0.991397,0.909001,0.000000,0
763,1790712600769774549,0.991040,0.769599,0.000000,0
764,1790712600770197704,0.988625,0.896686,0.000000,0
765,1790712600770627598,0.985250,0.899192,0.885929,1
766,1790712600771045202,0.991507,0.771533,0.764980,1
767,1790712600771464257,0.991675,0.767976,0.761582,1
768,1790712600771857922,0.991229,0.796620,0.789633,1
769,1790712600772246257,0.991665,0.793218,0.000000,0
770,1790712600772672691,0.990961,0.768222,0.761278,1
771,1790712600773101815,0.991705,0.766327,0.000000,0
772,1790712600773867925,0.991100,0.543714,0.538875,1
773,1790712600774256410,0.992032,0.929695,0.000000,0
774,1790712600775428724,0.988320,0.363380,0.000000,0
775,1790712600775849099,0.990931,0.770838,0.763848,1
776,1790712600776646408,0.991130,0.616428,0.000000,0
777,1790712600777083343,0.991417,0.760319,0.000000,0
778,1790712600777476947,0.991516,0.790668,0.783960,1
779,1790712600777901252,0.991387,0.769998,0.000000,0
780,1790712600778323936,0.991586,0.766948,0.760495,1
781,1790712600778717721,0.990882,0.790731,0.000000,0
782,1790712600779114976,0.991586,0.921365,0.000000,0
783,1790712600779535740,0.991655,0.764850,0.758467,1
784,1790712600779966354,0.990754,0.767915,0.000000,0
785,1790712600780783494,0.988121,0.518377,0.512220,1
786,1790712600781205028,0.991377,0.774144,0.767469,1
787,1790712600781636732,0.991199,0.766281,0.000000,0
788,1790712600782031647,0.991199,0.926901,0.918743,1
789,1790712600782453992,0.991546,0.765943,0.000000,0
790,1790712600782846286,0.991427,0.790194,0.000000,0
791,1790712600783239221,0.991556,0.790391,0.783717,1
792,1790712600783662506,0.991268,0.767523,0.000000,0
793,1790712600784084760,0.991705,0.770137,0.763748,1
794,1790712600784505644,0.991913,0.766005,0.759811,1
795,1790712603790123626,0.982466,0.418668,0.000000,0
796,1790712603790711708,0.994973,0.973547,0.000000,0
797,1790712603791322820,0.972195,0.991804,0.964227,1
798,1790712603791727855,0.988457,0.888253,0.878000,1
799,1790712603792146559,0.990515,0.822154,0.814357,1
800,1790712603792541364,0.991169,0.826383,0.819085,1
801,1790712603792952759,0.991447,0.796031,0.789222,1
802,1790712603793360663,0.991576,0.778804,0.772243,1
803,1790712603793784298,0.990585,0.765714,0.758504,1
804,1790712603794200332,0.991655,0.901226,0.000000,0
805,1790712603794604447,0.991635,0.780417,0.000000,0
806,1790712603794992022,0.991328,0.799158,0.792227,1
807,1790712603795421986,0.989367,0.758702,0.750635,1
808,1790712603795842680,0.991427,0.768315,0.761728,1
809,1790712603796260585,0.991774,0.909619,0.000000,0
810,1790712603797059084,0.991665,0.527223,0.000000,0
811,1790712603797478519,0.991943,0.767561,0.761377,1
812,1790712603797870594,0.991516,0.794957,0.000000,0
813,1790712603798288668,0.991695,0.769306,0.000000,0
814,1790712603798720612,0.991100,0.887144,0.000000,0
815,1790712603799108627,0.991893,0.923791,0.000000,0
816,1790712603799535242,0.991695,0.760996,0.000000,0
817,1790712603799953986,0.992002,0.770245,0.764084,1
818,1790712603800342631,0.991546,0.794099,0.787386,1
819,1790712603800745495,0.991131,0.782802,0.000000,0
820,1790712603801165750,0.992082,0.773943,0.000000,0
821,1790712603801792082,0.807431,0.990307,0.000000,0
822,1790712603802180657,0.991655,0.838502,0.000000,0
823,1790712603802946656,0.991040,0.543442,0.000000,0
824,1790712603803364421,0.991625,0.771362,0.000000,0
825,1790712603804165190,0.991556,0.526570,0.522124,1
826,1790712603804581715,0.991863,0.770468,0.764199,1
827,1790712603805756229,0.991298,0.361568,0.358421,1
828,1790712603806553119,0.991477,0.528638,0.000000,0
829,1790712603806973423,0.991754,0.770469,0.764116,1
830,1790712603807398077,0.991954,0.766358,0.000000,0
831,1790712603808199297,0.991784,0.524777,0.000000,0
832,1790712603808617791,0.992111,0.773186,0.000000,0
833,1790712603809039126,0.991516,0.770884,0.000000,0
834,1790712603809429451,0.991675,0.789586,0.000000,0
835,1790712603809857295,0.991090,0.763450,0.000000,0
836,1790712603810249020,0.991953,0.792552,0.786174,1
837,1790712603810675674,0.990733,0.769522,0.000000,0
838,1790712603811097569,0.991705,0.772968,0.000000,0
839,1790712603811486343,0.991764,0.798423,0.000000,0
840,1790712603812283873,0.991794,0.528210,0.000000,0
841,1790712603812709297,0.991506,0.768576,0.762048,1
842,1790712603813133212,0.991695,0.891082,0.000000,0
843,1790712603813554226,0.991744,0.766458,0.760130,1
844,1790712603814026400,0.938700,0.990812,0.000000,0
845,1790712603814782970,0.990991,0.576838,0.000000,0
846,1790712603815198814,0.991724,0.777434,0.771001,1
847,1790712603815617849,0.991992,0.770884,0.000000,0
848,1790712603816047713,0.989298,0.764781,0.000000,0
849,1790712603816466007,0.991170,0.896822,0.000000,0
850,1790712603817256027,0.991486,0.529601,0.525092,1
851,1790712603818423722,0.991962,0.365903,0.362962,1
852,1790712603818842946,0.990912,0.772968,0.000000,0
853,1790712603819264200,0.988923,0.765891,0.000000,0
854,1790712603819687845,0.991457,0.886310,0.000000,0
855,1790712603820484764,0.991576,0.523263,0.000000,0
856,1790712603820904279,0.991754,0.771224,0.764864,1
857,1790712603821321923,0.991863,0.767370,0.761126,1
858,1790712603821744368,0.991100,0.765423,0.000000,0
859,1790712603822144722,0.991873,0.779747,0.000000,0
860,1790712603822562217,0.991724,0.769790,0.763420,1
861,1790712603823709142,0.991586,0.436412,0.000000,0
862,1790712603824127626,0.991814,0.899974,0.000000,0
863,1790712603824547351,0.991843,0.765277,0.000000,0
864,1790712603824971125,0.991596,0.767086,0.000000,0
865,1790712603825775224,0.991070,0.521617,0.000000,0
866,1790712603826195839,0.991655,0.783067,0.000000,0
867,1790712603826996978,0.987993,0.612906,0.000000,0
868,1790712603827414782,0.991625,0.774238,0.000000,0
869,1790712603828038644,0.807278,0.990931,0.799957,1
870,1790712603828418559,0.991734,0.839375,0.000000,0
871,1790712603828839193,0.991516,0.773874,0.000000,0
872,1790712603829256348,0.991834,0.771440,0.765140,1
873,1790712603829677642,0.991338,0.770831,0.764154,1
874,1790712603830094977,0.991953,0.770730,0.000000,0
875,1790712603830513681,0.991933,0.766818,0.000000,0
876,1790712603830932566,0.991665,0.772196,0.000000,0
877,1790712603831353760,0.991715,0.767385,0.761027,1
878,1790712603831775724,0.991289,0.769830,0.000000,0
879,1790712603832165519,0.991824,0.794615,0.000000,0
880,1790712603832589074,0.991824,0.762954,0.756716,1
881,1790712603833010248,0.991754,0.767255,0.000000,0
882,1790712603833435072,0.991963,0.765937,0.000000,0
883,1790712603833827337,0.991437,0.794218,0.787417,1
884,1790712603834247142,0.991853,0.894242,0.000000,0
885,1790712603834674586,0.988052,0.892162,0.000000,0
886,1790712603835099230,0.991844,0.763131,0.000000,0
887,1790712603835487915,0.991824,0.792663,0.000000,0
888,1790712603835909300,0.991913,0.769090,0.000000,0
889,1790712603836328754,0.991655,0.767800,0.761393,1
890,1790712603836759768,0.991289,0.760487,0.753863,1
891,1790712603837179553,0.991209,0.770152,0.763382,1
892,1790712603837566278,0.991814,0.796931,0.000000,0
893,1790712603838357297,0.991506,0.530768,0.526259,1
894,1790712603838771612,0.991784,0.907693,0.000000,0
895,1790712603839185566,0.992012,0.896696,0.000000,0
896,1790712603839608041,0.991992,0.763374,0.000000,0
897,1790712603840402450,0.991923,0.529374,0.525098,1
898,1790712603840819555,0.988240,0.769483,0.000000,0
899,1790712603841235059,0.992052,0.771448,0.765316,1
900,1790712603841623274,0.991794,0.930448,0.000000,0
901,1790712603842043809,0.991715,0.775539,0.769113,1
902,1790712603842434013,0.992012,0.792132,0.000000,0
903,1790712603842853588,0.990406,0.769083,0.000000,0
904,1790712603843267852,0.991764,0.772328,0.000000,0
905,1790712603843740386,0.939940,0.990832,0.931323,1
906,1790712603844118001,0.991824,0.843894,0.836994,1
907,1790712603844532126,0.991873,0.769121,0.000000,0
908,1790712603845329525,0.991784,0.527487,0.523153,1
909,1790712603845749120,0.991308,0.771008,0.000000,0
910,1790712603846137444,0.991596,0.791792,0.785137,1
911,1790712603846554169,0.991943,0.769914,0.000000,0
912,1790712603846975883,0.991437,0.771788,0.000000,0
913,1790712603847396568,0.991962,0.765247,0.000000,0
914,1790712603848169927,0.991884,0.539517,0.535138,1
915,1790712603848583632,0.992022,0.772281,0.000000,0
916,1790712603849002146,0.991765,0.770831,0.000000,0
917,1790712603849399681,0.991953,0.789230,0.782879,1
918,1790712603850580956,0.991992,0.358546,0.355675,1
919,1790712603851003900,0.991744,0.769837,0.000000,0
920,1790712603851813749,0.991348,0.519296,0.514803,1
921,1790712603852243034,0.992002,0.764176,0.000000,0
922,1790712603852674788,0.991427,0.765316,0.758755,1
923,1790712603853144712,0.920564,0.987686,0.000000,0
924,1790712603853622205,0.898653,0.761933,0.000000,0
925,1790712603854043060,0.991705,0.773664,0.767247,1
926,1790712603854461594,0.991774,0.768591,0.762269,1
927,1790712603854882018,0.991041,0.771263,0.764353,1
928,1790712603855312203,0.991695,0.759567,0.000000,0
929,1790712603855740077,0.990763,0.761476,0.000000,0
930,1790712603856539246,0.991764,0.524122,0.000000,0
931,1790712603856963541,0.989951,0.766418,0.000000,0
932,1790712603857391815,0.990822,0.766818,0.759780,1
933,1790712603858031817,0.798382,0.990555,0.790841,1
934,1790712603858417711,0.993958,0.980278,0.974356,1
935,1790712603858835736,0.991556,0.945531,0.000000,0
936,1790712603859652375,0.990852,0.608199,0.602635,1
937,1790712603860076559,0.991448,0.768468,0.000000,0
938,1790712603860504164,0.991397,0.761803,0.000000,0
939,1790712603860930248,0.991486,0.768384,0.761842,1
940,1790712603861353303,0.990971,0.769452,0.000000,0
941,1790712603861752337,0.991040,0.795673,0.788544,1
942,1790712603862157802,0.991695,0.782558,0.776059,1
943,1790712603862557767,0.991566,0.784376,0.000000,0
944,1790712603862983241,0.991586,0.770106,0.763626,1
945,1790712603863413235,0.991744,0.762116,0.000000,0
946,1790712603864579780,0.991655,0.365289,0.000000,0
947,1790712603865002574,0.991417,0.910412,0.902598,1
948,1790712603865402739,0.988675,0.785930,0.000000,0
949,1790712603865826653,0.991139,0.901398,0.893411,1
950,1790712603866637973,0.986926,0.518922,0.512138,1
951,1790712603867417842,0.991933,0.541078,0.000000,0
952,1790712603868203312,0.989110,0.535903,0.000000,0
953,1790712603869021571,0.991060,0.610771,0.000000,0
954,1790712603869446125,0.991487,0.766626,0.000000,0
955,1790712603869875540,0.990783,0.763901,0.756860,1
956,1790712603870300044,0.991655,0.771996,0.765554,1
957,1790712603870697869,0.991070,0.787780,0.000000,0
958,1790712603871857544,0.991060,0.430125,0.426280,1
959,1790712603872663443,0.991308,0.527291,0.000000,0
960,1790712603873085677,0.991536,0.770022,0.000000,0
961,1790712603873485932,0.991397,0.784839,0.778087,1
962,1790712603873910256,0.991468,0.771440,0.000000,0
963,1790712603874301071,0.991526,0.792338,0.000000,0
964,1790712603874930243,0.784015,0.990089,0.776245,1
965,1790712603875320128,0.991477,0.786811,0.780105,1
966,1790712603875746682,0.991030,0.777698,0.770722,1
967,1790712603876559951,0.991675,0.519390,0.000000,0
968,1790712603876982946,0.991338,0.772690,0.000000,0
969,1790712603877382880,0.991597,0.787891,0.781270,1
970,1790712603877808945,0.991100,0.765415,0.758603,1
971,1790712603878244699,0.991685,0.758907,0.752597,1
972,1790712603879028409,0.991397,0.538729,0.534095,1
973,1790712603879426763,0.991022,0.788608,0.000000,0
974,1790712603880612308,0.991804,0.359404,0.356459,1
975,1790712603881039102,0.991695,0.899201,0.000000,0
976,1790712603881811272,0.990951,0.542091,0.000000,0
977,1790712603882204156,0.991597,0.793576,0.000000,0
978,1790712603882599321,0.991586,0.791143,0.000000,0
979,1790712603883006706,0.991873,0.781065,0.774717,1
980,1790712603883414190,0.991794,0.780988,0.000000,0
981,1790712603883814215,0.990941,0.786677,0.779551,1
982,1790712603884239259,0.991675,0.894234,0.886789,1
983,1790712603884636804,0.986315,0.924873,0.000000,0
984,1790712603885065378,0.991268,0.761103,0.754458,1
985,1790712603885551432,0.931901,0.990812,0.000000,0
986,1790712603885936127,0.993958,0.980405,0.000000,0
987,1790712603886355121,0.991695,0.805174,0.000000,0
988,1790712603886785576,0.990446,0.763886,0.000000,0
989,1790712603887209320,0.991705,0.766349,0.759992,1
990,1790712603887638694,0.986117,0.760153,0.000000,0
991,1790712603888061849,0.988091,0.772389,0.000000,0
992,1790712603888484153,0.991496,0.766895,0.000000,0
993,1790712603888908237,0.991170,0.922924,0.914775,1
994,1790712603889329302,0.991447,0.769644,0.000000,0
995,1790712603889760166,0.990515,0.764100,0.000000,0
996,1790712603890157251,0.988477,0.789073,0.000000,0
997,1790712603890969830,0.991100,0.519255,0.000000,0
998,1790712603891397995,0.991615,0.766173,0.000000,0
999,1790712603892207444,0.991516,0.523111,0.518673,1
1000,1790712603893024543,0.991110,0.609807,0.000000,0
1001,1790712603893804883,0.990961,0.537519,0.532660,1
1002,1790712603894226827,0.991268,0.771625,0.764888,1
1003,1790712603894654081,0.991339,0.767754,0.000000,0
1004,1790712603895051586,0.991367,0.787724,0.000000,0
1005,1790712603895443951,0.991834,0.792837,0.786363,1
1006,1790712603895868245,0.991288,0.768222,0.761530,1
1007,1790712603896273790,0.991338,0.786827,0.780011,1
1008,1790712603897061630,0.991665,0.535903,0.000000,0
1009,1790712603897842929,0.990278,0.537777,0.000000,0
1010,1790712603898236724,0.991526,0.794758,0.788024,1
1011,1790712603898642829,0.985989,0.785734,0.000000,0
1012,1790712603899034283,0.991844,0.795371,0.788885,1
1013,1790712603899429938,0.991804,0.791515,0.000000,0
1014,1790712603899823233,0.991179,0.788386,0.000000,0
1015,1790712603900251697,0.991189,0.763047,0.756324,1
1016,1790712603900653492,0.991149,0.791554,0.000000,0
1017,1790712603901057447,0.991615,0.783130,0.000000,0
1018,1790712603901451371,0.991696,0.789642,0.000000,0
1019,1790712603902645896,0.991338,0.355227,0.000000,0
1020,1790712603903066650,0.991516,0.902751,0.895092,1
1021,1790712603903470135,0.988685,0.787535,0.778624,1
1022,1790712603903895239,0.991179,0.764620,0.000000,0
1023,1790712603904294894,0.991407,0.788063,0.000000,0
1024,1790712603904721828,0.991199,0.765868,0.000000,0
1025,1790712603905528267,0.991656,0.523996,0.000000,0
1026,1790712603905953872,0.991457,0.768414,0.000000,0
1027,1790712603906344267,0.991784,0.794020,0.000000,0
1028,1790712603906739421,0.990931,0.792774,0.785585,1
1029,1790712603907162896,0.991556,0.765829,0.000000,0
1030,1790712603907556040,0.991527,0.789089,0.000000,0
1031,1790712603908742175,0.990396,0.359822,0.000000,0
1032,1790712603909137399,0.991615,0.800982,0.000000,0
1033,1790712603909530494,0.991675,0.794171,0.000000,0
1034,1790712603909954878,0.991388,0.900732,0.000000,0
1035,1790712603910356103,0.991923,0.783725,0.000000,0
1036,1790712603910751278,0.991308,0.792330,0.785443,1
1037,1790712603911148983,0.991596,0.925039,0.000000,0
1038,1790712603911542247,0.991725,0.789539,0.783006,1
1039,1790712603911981062,0.987627,0.758208,0.748827,1
1040,1790712603912411476,0.991625,0.896552,0.000000,0
1041,1790712603912817921,0.990238,0.781065,0.000000,0
1042,1790712603913218165,0.991605,0.786457,0.779855,1
1043,1790712603913612640,0.991824,0.929788,0.000000,0
1044,1790712603914002895,0.991615,0.793155,0.000000,0
1045,1790712603914427019,0.991249,0.886559,0.000000,0
1046,1790712603915198079,0.991804,0.542438,0.000000,0
1047,1790712603915593854,0.991120,0.795585,0.000000,0
1048,1790712603916790708,0.991318,0.354344,0.351268,1
1049,1790712603917212992,0.991428,0.779451,0.000000,0
1050,1790712603917642567,0.984738,0.763122,0.000000,0
1051,1790712603918037662,0.991477,0.790463,0.000000,0
1052,1790712603918436696,0.991605,0.786009,0.000000,0
1053,1790712603919210886,0.991566,0.541229,0.536665,1
1054,1790712603919601111,0.991834,0.794282,0.787795,1
1055,1790712618938829154,0.713185,0.986404,0.000000,0
1056,1790712618939299818,0.975339,0.989911,0.965499,1
1057,1790712618940514162,0.988487,0.455732,0.000000,0
1058,1790712618941145104,0.791491,0.984905,0.000000,0
1059,1790712618941919593,0.988102,0.580955,0.574043,1
1060,1790712618942332118,0.989327,0.805375,0.000000,0
1061,1790712618942753022,0.986868,0.783859,0.773565,1
1062,1790712618943547192,0.989070,0.537019,0.531149,1
1063,1790712618944335491,0.989447,0.622923,0.616349,1
1064,1790712618944790735,0.987944,0.865742,0.000000,0
1065,1790712618945222240,0.985733,0.776330,0.000000,0
1066,1790712618945693903,0.989101,0.865604,0.856169,1
1067,1790712618946515183,0.989476,0.518268,0.000000,0
1068,1790712618946938487,0.988932,0.770776,0.000000,0
1069,1790712618947362271,0.989081,0.774192,0.000000,0
1070,1790712618947796146,0.985674,0.888795,0.000000,0
1071,1790712618948213730,0.989703,0.773155,0.000000,0
1072,1790712618948637265,0.989397,0.761438,0.753364,1
1073,1790712618949072129,0.987222,0.765913,0.000000,0
1074,1790712618949527873,0.988902,0.870822,0.861157,1
1075,1790712618950371552,0.989515,0.592643,0.586429,1
1076,1790712618950793806,0.988734,0.768606,0.759947,1
1077,1790712618951220320,0.989368,0.767409,0.000000,0
1078,1790712618952010060,0.713469,0.987785,0.000000,0
1079,1790712618952404985,0.989080,0.828351,0.000000,0
1080,1790712618952831869,0.988289,0.767823,0.000000,0
1081,1790712618953252173,0.988765,0.772313,0.763635,1
1082,1790712618953676448,0.989001,0.764772,0.756361,1
1083,1790712618954102592,0.988922,0.764062,0.000000,0
1084,1790712618954547186,0.989565,0.866314,0.000000,0
1085,1790712618954970301,0.988566,0.765078,0.000000,0
1086,1790712618955387545,0.989664,0.768307,0.000000,0
1087,1790712618955811590,0.988586,0.764987,0.000000,0
1088,1790712618956610479,0.988942,0.524704,0.518902,1
1089,1790712618957044063,0.985399,0.759598,0.748507,1
1090,1790712618957528287,0.963464,0.986344,0.950307,1
1091,1790712618958315516,0.989200,0.558231,0.552202,1
1092,1790712618958743171,0.988734,0.761544,0.000000,0
1093,1790712618959179565,0.987538,0.757080,0.000000,0
1094,1790712618959608589,0.989506,0.764590,0.000000,0
1095,1790712618960108103,0.927986,0.983163,0.000000,0
1096,1790712618960514967,0.990170,0.943434,0.934160,1
1097,1790712618961321437,0.989258,0.613881,0.000000,0
1098,1790712618961788740,0.987687,0.736397,0.727330,1
1099,1790712618962257274,0.989644,0.861459,0.852538,1
1100,1790712618962680399,0.989614,0.766081,0.758125,1
1101,1790712618963157042,0.989317,0.856854,0.000000,0
1102,1790712618963584906,0.989526,0.763657,0.000000,0
1103,1790712618964014261,0.989565,0.766426,0.000000,0
1104,1790712624973373663,0.982043,0.363889,0.000000,0
1105,1790712624973897606,0.988615,0.898410,0.000000,0
1106,1790712624974724485,0.989238,0.594852,0.588450,1
1107,1790712624975127829,0.988943,0.851814,0.000000,0
1108,1790712624975541144,0.989110,0.813355,0.000000,0
1109,1790712624976340153,0.989387,0.550388,0.544546,1
1110,1790712624976767648,0.988645,0.772451,0.000000,0
1111,1790712624977197342,0.989179,0.775679,0.000000,0
1112,1790712624977632266,0.988981,0.766772,0.000000,0
1113,1790712624978128640,0.969088,0.989298,0.000000,0
1114,1790712624978542114,0.989832,0.813876,0.805601,1
1115,1790712624978981098,0.987441,0.754096,0.000000,0
1116,1790712624979423813,0.989228,0.760312,0.000000,0
1117,1790712624979861967,0.989159,0.757928,0.000000,0
1118,1790712624980294451,0.989525,0.761804,0.753824,1
1119,1790712624980728695,0.988744,0.762421,0.000000,0
1120,1790712624981940109,0.989278,0.352020,0.000000,0
1121,1790712624982774248,0.988833,0.515627,0.509869,1
1122,1790712624983208142,0.989170,0.761690,0.000000,0
1123,1790712624983656747,0.985565,0.870943,0.000000,0
1124,1790712624984099741,0.983330,0.755416,0.742823,1
1125,1790712624984736292,0.819372,0.989407,0.000000,0
1126,1790712624985150037,0.989407,0.817800,0.809136,1
1127,1790712624985608431,0.986186,0.862769,0.000000,0
1128,1790712624986046465,0.987815,0.765277,0.000000,0
1129,1790712624986507149,0.989990,0.865673,0.000000,0
1130,1790712624986943493,0.989209,0.759682,0.000000,0
1131,1790712624987777232,0.988892,0.510813,0.000000,0
1132,1790712624988234646,0.989753,0.872111,0.000000,0
1133,1790712624989072945,0.986758,0.505731,0.000000,0
1134,1790712624989510979,0.989891,0.763993,0.000000,0
1135,1790712624989951983,0.988576,0.756248,0.000000,0
1136,1790712624990757813,0.983547,0.528389,0.000000,0
1137,1790712624991192497,0.989446,0.761377,0.753341,1
1138,1790712624991629161,0.989604,0.759628,0.751732,1
1139,1790712624992072665,0.987193,0.751995,0.000000,0
1140,1790712624992531879,0.989555,0.874041,0.000000,0
1141,1790712624992971113,0.989060,0.756649,0.000000,0
1142,1790712624993841602,0.989397,0.581367,0.575203,1
1143,1790712624994291206,0.989891,0.875143,0.000000,0
1144,1790712624995114925,0.988981,0.512825,0.507174,1
1145,1790712624995546079,0.989228,0.764024,0.755794,1
1146,1790712624996377168,0.988981,0.514155,0.508489,1
1147,1790712624996824772,0.988151,0.756543,0.000000,0
1148,1790712624997271796,0.989664,0.750680,0.742921,1
1149,1790712624998515310,0.989545,0.393873,0.389755,1
1150,1790712624998953774,0.989209,0.759059,0.750868,1
1151,1790712624999438377,0.942048,0.989586,0.000000,0
1152,1790712624999844842,0.989238,0.817629,0.000000,0
1153,1790712625000282746,0.986157,0.757307,0.746824,1
1154,1790712625000718770,0.989308,0.759864,0.000000,0
1155,1790712625001154825,0.989337,0.759666,0.000000,0
1156,1790712625001997623,0.987115,0.503405,0.496918,1
1157,1790712625002460767,0.989476,0.871920,0.000000,0
1158,1790712625002897921,0.989249,0.756899,0.000000,0
1159,1790712625003732280,0.989022,0.513215,0.507580,1
1160,1790712625004202244,0.989674,0.870752,0.000000,0
1161,1790712625004635238,0.989892,0.757535,0.749878,1
1162,1790712625005076713,0.987262,0.761118,0.000000,0
1163,1790712625005518057,0.989684,0.876728,0.000000,0
1164,1790712625005931141,0.989060,0.778819,0.000000,0
1165,1790712625006763950,0.982702,0.512609,0.503743,1
1166,1790712625007217234,0.989654,0.752792,0.000000,0
1167,1790712625007634639,0.988951,0.775089,0.766526,1
1168,1790712625008072953,0.987963,0.888156,0.000000,0
1169,1790712625008502087,0.990040,0.763604,0.000000,0
1170,1790712625008939272,0.988734,0.755605,0.000000,0
1171,1790712625009376836,0.989614,0.758770,0.750889,1
1172,1790712625009812970,0.989219,0.758649,0.750470,1
1173,1790712625010248344,0.989852,0.759963,0.000000,0
1174,1790712625010682658,0.989615,0.758975,0.000000,0
1175,1790712625011116483,0.989693,0.762703,0.000000,0
1176,1790712625011549717,0.989842,0.758058,0.000000,0
1177,1790712625011984321,0.989357,0.881837,0.872452,1
1178,1790712625012413576,0.990208,0.759802,0.000000,0
1179,1790712625012853250,0.988912,0.753401,0.000000,0
1180,1790712625013676289,0.989733,0.513502,0.508230,1
1181,1790712625014105983,0.989981,0.768430,0.000000,0
1182,1790712625014935202,0.988961,0.511585,0.000000,0
1183,1790712625015369026,0.989348,0.764544,0.756400,1
1184,1790712625015806211,0.989199,0.757685,0.000000,0
1185,1790712625016643240,0.988793,0.506070,0.500398,1
1186,1790712625017105073,0.989645,0.869682,0.000000,0
1187,1790712625017537868,0.989872,0.758102,0.750424,1
1188,1790712625017997942,0.989703,0.864834,0.000000,0
1189,1790712625018823791,0.989219,0.512230,0.000000,0
1190,1790712625019255655,0.989763,0.762406,0.754601,1
1191,1790712625020108104,0.989505,0.581716,0.000000,0
1192,1790712625020941293,0.988892,0.509339,0.503682,1
1193,1790712625021770002,0.989337,0.513841,0.000000,0
1194,1790712625022179676,0.989595,0.782511,0.000000,0
1195,1790712625022616540,0.989664,0.757148,0.000000,0
1196,1790712625023061694,0.987520,0.757663,0.000000,0
1197,1790712625023500059,0.989595,0.759514,0.751611,1
1198,1790712625023954472,0.989546,0.869864,0.000000,0
1199,1790712625024396457,0.989911,0.752257,0.000000,0
1200,1790712625024827061,0.983576,0.763840,0.000000,0
1201,1790712625025676060,0.989367,0.592548,0.000000,0
1202,1790712625026109574,0.989337,0.765185,0.000000,0
1203,1790712625026542698,0.989466,0.761583,0.000000,0
1204,1790712625026977892,0.989209,0.759583,0.000000,0
1205,1790712625027446876,0.970330,0.989327,0.000000,0
1206,1790712625027860311,0.988704,0.811389,0.802224,1
1207,1790712625029066725,0.989189,0.350622,0.000000,0
1208,1790712625029711856,0.819479,0.989654,0.811000,1
1209,1790712625030110051,0.989703,0.828998,0.820462,1
1210,1790712625030543825,0.989545,0.758664,0.000000,0
1211,1790712625030980499,0.989586,0.757239,0.000000,0
1212,1790712625031424104,0.990099,0.870690,0.000000,0
1213,1790712625031857288,0.989446,0.757632,0.749636,1
1214,1790712625032693867,0.989743,0.507621,0.000000,0
1215,1790712625033126781,0.989792,0.761918,0.000000,0
1216,1790712625033558975,0.989812,0.885779,0.876755,1
1217,1790712625033992600,0.989347,0.756860,0.000000,0
1218,1790712625034435714,0.989614,0.875781,0.000000,0
1219,1790712625035260483,0.989565,0.512681,0.507331,1
1220,1790712625035713727,0.989723,0.873779,0.000000,0
1221,1790712625036541386,0.989555,0.509890,0.000000,0
1222,1790712625036978610,0.989100,0.758497,0.000000,0
1223,1790712625037412074,0.989674,0.762658,0.754782,1
1224,1790712625037849398,0.989407,0.758960,0.000000,0
1225,1790712625038283813,0.989703,0.759157,0.000000,0
1226,1790712625038729527,0.989802,0.874181,0.000000,0
1227,1790712625039545956,0.989496,0.522646,0.000000,0
1228,1790712625040032800,0.965480,0.987232,0.953153,1
1229,1790712625040447794,0.989862,0.808733,0.000000,0
1230,1790712625040905058,0.989812,0.870221,0.861355,1
1231,1790712625041359612,0.986058,0.870056,0.000000,0
1232,1790712625041802986,0.988793,0.747765,0.739385,1
1233,1790712625042238270,0.989516,0.760016,0.752048,1
1234,1790712625043069239,0.987362,0.510374,0.503924,1
1235,1790712625043501004,0.989713,0.767124,0.000000,0
1236,1790712625044301403,0.989377,0.526228,0.520638,1
1237,1790712625044734607,0.989586,0.758611,0.750711,1
1238,1790712625045167382,0.989535,0.771316,0.000000,0
1239,1790712625045602676,0.989941,0.757527,0.000000,0
1240,1790712625046067230,0.987765,0.863667,0.853100,1
1241,1790712625046501234,0.989555,0.758376,0.750455,1
1242,1790712625047329383,0.989496,0.511959,0.000000,0
1243,1790712625047768237,0.989001,0.754428,0.746130,1
1244,1790712625048203221,0.989724,0.894296,0.885107,1
1245,1790712625048638196,0.989802,0.881131,0.872146,1
1246,1790712625049071500,0.989407,0.770591,0.762428,1
1247,1790712625049503044,0.989446,0.757588,0.000000,0
1248,1790712625049941918,0.985862,0.756861,0.746160,1
1249,1790712625050413842,0.970601,0.989703,0.960607,1
1250,1790712625050828647,0.989347,0.813379,0.000000,0
1251,1790712625051230241,0.989387,0.781237,0.000000,0
1252,1790712625051684975,0.989357,0.873421,0.000000,0
1253,1790712625052117369,0.989872,0.759879,0.752183,1
1254,1790712625052956318,0.989337,0.582438,0.576227,1
1255,1790712625053385082,0.989596,0.766918,0.000000,0
1256,1790712625053815847,0.989377,0.764987,0.000000,0
1257,1790712625054245261,0.989327,0.766504,0.758323,1
1258,1790712625054676275,0.989575,0.760191,0.752265,1
1259,1790712625055102920,0.989644,0.766625,0.000000,0
1260,1790712625055563244,0.989446,0.870177,0.860993,1
1261,1790712625056013838,0.989634,0.872590,0.000000,0
1262,1790712625056854137,0.989278,0.683092,0.675768,1
1263,1790712625057337980,0.934869,0.989693,0.000000,0
1264,1790712625057731255,0.989238,0.971786,0.000000,0
1265,1790712625058166939,0.985388,0.916037,0.000000,0
1266,1790712625058595883,0.986848,0.881493,0.000000,0
1267,1790712625059031838,0.987943,0.764971,0.000000,0
1268,1790712625059463022,0.989852,0.766772,0.000000,0
1269,1790712625059916686,0.989496,0.873779,0.000000,0
1270,1790712625060364440,0.989822,0.866600,0.000000,0
1271,1790712625060815534,0.989070,0.865569,0.856109,1
1272,1790712625061271788,0.989298,0.866799,0.857522,1
1273,1790712625061708122,0.989664,0.755447,0.000000,0
1274,1790712625062148946,0.989032,0.761591,0.000000,0
1275,1790712625062587171,0.989773,0.753891,0.000000,0
1276,1790712625063022345,0.989684,0.760229,0.752386,1
1277,1790712625063456949,0.989535,0.759416,0.000000,0
1278,1790712625063896473,0.989031,0.755583,0.000000,0
1279,1790712625064334938,0.986660,0.758292,0.000000,0
1280,1790712625064772952,0.988971,0.755741,0.000000,0
1281,1790712625065602691,0.989416,0.511657,0.000000,0
1282,1790712625066035895,0.989268,0.764207,0.000000,0
1283,1790712625066467689,0.989515,0.758975,0.000000,0
1284,1790712625066905204,0.989446,0.755204,0.000000,0
1285,1790712625067735803,0.989674,0.512496,0.507204,1
1286,1790712625068171777,0.989357,0.764841,0.000000,0
1287,1790712625069401690,0.989556,0.342585,0.339007,1
1288,1790712625069816745,0.985476,0.781112,0.769767,1
1289,1790712625070251039,0.989545,0.765822,0.000000,0
1290,1790712697168937761,0.982927,0.362389,0.356202,1
1291,1790712697169521213,0.994953,0.976062,0.971136,1
1292,1790712697169941608,0.990694,0.945813,0.000000,0
1293,1790712697170339112,0.991478,0.799517,0.000000,0
1294,1790712697170724867,0.991715,0.803252,0.000000,0
1295,1790712697171110952,0.990912,0.792251,0.785051,1
1296,1790712697171499597,0.991715,0.786449,0.779933,1
1297,1790712697171884492,0.992141,0.787937,0.000000,0
1298,1790712697172277257,0.991080,0.779442,0.772489,1
1299,1790712697172665222,0.992280,0.787126,0.000000,0
1300,1790712697173095076,0.991744,0.759195,0.000000,0
1301,1790712697173940785,0.991586,0.515870,0.000000,0
1302,1790712697174359629,0.991596,0.788789,0.782159,1
1303,1790712697174802843,0.992220,0.760723,0.000000,0
1304,1790712697175239048,0.991447,0.767715,0.000000,0
1305,1790712697175658372,0.992101,0.763131,0.000000,0
1306,1790712697176079656,0.989032,0.874933,0.000000,0
1307,1790712697176511711,0.988754,0.757064,0.000000,0
1308,1790712697176896986,0.992210,0.925002,0.917797,1
1309,1790712697177297100,0.991804,0.774648,0.000000,0
1310,1790712697178088830,0.992449,0.611932,0.607311,1
1311,1790712697178889789,0.992409,0.526086,0.000000,0
1312,1790712697179306754,0.991169,0.767055,0.000000,0
1313,1790712697179723348,0.992369,0.767731,0.761873,1
1314,1790712697180111733,0.992399,0.788378,0.000000,0
1315,1790712697180534887,0.991825,0.761583,0.000000,0
1316,1790712697180953622,0.992131,0.762764,0.000000,0
1317,1790712697181375356,0.991863,0.762238,0.756036,1
1318,1790712697181792021,0.992201,0.880162,0.873298,1
1319,1790712697182215895,0.991615,0.764116,0.000000,0
1320,1790712697182634339,0.992390,0.767654,0.761812,1
1321,1790712697183053134,0.992300,0.762635,0.000000,0
1322,1790712697183458448,0.992023,0.774850,0.000000,0
1323,1790712697183854593,0.992032,0.780839,0.774617,1
1324,1790712697184280168,0.991556,0.871901,0.000000,0
1325,1790712697184697652,0.992518,0.767086,0.000000,0
1326,1790712697185113026,0.992420,0.766036,0.000000,0
1327,1790712697185501141,0.992419,0.790320,0.000000,0
1328,1790712697185920636,0.992310,0.762017,0.000000,0
1329,1790712697186341980,0.991407,0.763879,0.757315,1
1330,1790712697186760205,0.992588,0.764291,0.000000,0
1331,1790712697187181369,0.991853,0.759932,0.000000,0
1332,1790712697187600744,0.992409,0.763405,0.757610,1
1333,1790712697188029178,0.981317,0.992697,0.000000,0
1334,1790712697188435972,0.992172,0.812827,0.806464,1
1335,1790712697188851677,0.992220,0.879108,0.872268,1
1336,1790712697189657816,0.991794,0.516422,0.512184,1
1337,1790712697190076081,0.992657,0.878395,0.000000,0
1338,1790712697190505035,0.992270,0.753289,0.000000,0
1339,1790712697190921070,0.992151,0.762154,0.000000,0
1340,1790712697191341214,0.990684,0.759530,0.000000,0
1341,1790712697191766398,0.982614,0.993968,0.000000,0
1342,1790712697192175913,0.991596,0.926734,0.000000,0
1343,1790712697192597417,0.992290,0.757936,0.000000,0
1344,1790712697193016202,0.992498,0.756664,0.750988,1
1345,1790712697193442266,0.992320,0.760305,0.000000,0
1346,1790712697193860961,0.992320,0.759574,0.000000,0
1347,1790712697194651780,0.992230,0.527772,0.523671,1
1348,1790712697195444110,0.992082,0.523634,0.519488,1
1349,1790712697195861144,0.992290,0.762948,0.000000,0
1350,1790712697196281999,0.991467,0.758261,0.000000,0
1351,1790712697196706883,0.983626,0.994804,0.000000,0
1352,1790712697197121018,0.992379,0.800549,0.794448,1
1353,1790712697197545152,0.992121,0.756293,0.000000,0
1354,1790712697197969696,0.989941,0.759150,0.000000,0
1355,1790712697198393381,0.991754,0.763924,0.000000,0
1356,1790712697198818105,0.992320,0.871588,0.000000,0
1357,1790712697199241859,0.991765,0.755779,0.000000,0
1358,1790712697199664164,0.992240,0.760168,0.754269,1
1359,1790712697200470133,0.991883,0.516897,0.512702,1
1360,1790712697200894848,0.990654,0.767385,0.000000,0
1361,1790712697201321742,0.991407,0.759317,0.000000,0
1362,1790712697201712487,0.992091,0.788276,0.000000,0
1363,1790712697202139251,0.992111,0.757368,0.000000,0
1364,1790712697202563126,0.992300,0.769406,0.763481,1
1365,1790712697202983410,0.992330,0.764146,0.000000,0
1366,1790712697203410114,0.991596,0.756513,0.000000,0
1367,1790712697203832539,0.992201,0.759818,0.000000,0
1368,1790712697204230793,0.991656,0.776323,0.000000,0
1369,1790712697205023223,0.992101,0.527724,0.523556,1
1370,1790712697205827902,0.992210,0.520206,0.516154,1
1371,1790712697206253977,0.989317,0.874792,0.000000,0
1372,1790712697207051586,0.992429,0.522171,0.000000,0
1373,1790712697208239100,0.991924,0.355967,0.353093,1
1374,1790712697208660695,0.992181,0.759825,0.000000,0
1375,1790712697209082179,0.992280,0.758566,0.000000,0
1376,1790712697209502144,0.992151,0.762482,0.756497,1
1377,1790712697209923468,0.992250,0.763161,0.000000,0
1378,1790712697210342502,0.992271,0.884495,0.000000,0
1379,1790712697210762137,0.992558,0.760296,0.754638,1
1380,1790712697211194031,0.990674,0.752348,0.000000,0
1381,1790712697211623905,0.992181,0.760213,0.754269,1
1382,1790712697212049640,0.992270,0.759210,0.753341,1
1383,1790712697212478524,0.992320,0.755590,0.000000,0
1384,1790712697212904208,0.992141,0.871501,0.000000,0
1385,1790712697213325273,0.992201,0.875948,0.869116,1
1386,1790712697214465718,0.991675,0.369318,0.000000,0
1387,1790712697214890702,0.989456,0.878220,0.868960,1
1388,1790712697215323246,0.991546,0.753139,0.000000,0
1389,1790712697215745671,0.991824,0.874661,0.867509,1
1390,1790712697216172605,0.991794,0.753267,0.000000,0
1391,1790712697216576440,0.992310,0.775461,0.769498,1
1392,1790712697217000354,0.991962,0.757951,0.000000,0
1393,1790712697217424268,0.992111,0.760008,0.000000,0
1394,1790712697217845323,0.992459,0.763680,0.757920,1
1395,1790712697218658122,0.992151,0.513317,0.000000,0
1396,1790712697219076767,0.992330,0.762543,0.756693,1
1397,1790712697219500581,0.992349,0.758581,0.752777,1
1398,1790712697219927785,0.992508,0.753968,0.748319,1
1399,1790712697220353280,0.991506,0.761727,0.000000,0
1400,1790712697220774594,0.992250,0.758755,0.000000,0
1401,1790712697221575253,0.992251,0.518575,0.000000,0
1402,1790712697222377173,0.991249,0.523278,0.000000,0
1403,1790712697222783317,0.992291,0.775966,0.769984,1
1404,1790712697223215302,0.991764,0.869882,0.862717,1
1405,1790712697223623996,0.992339,0.770430,0.000000,0
1406,1790712697224044051,0.992568,0.760144,0.000000,0
1407,1790712697224468065,0.992339,0.875476,0.000000,0
1408,1790712697224893700,0.992459,0.756300,0.000000,0
1409,1790712697225323074,0.991824,0.756286,0.750102,1
1410,1790712697225748258,0.992598,0.756180,0.000000,0
1411,1790712697226529128,0.991824,0.608077,0.603105,1
1412,1790712697226953362,0.992429,0.876080,0.000000,0
1413,1790712697227381117,0.989317,0.754925,0.746860,1
1414,1790712697227804311,0.991804,0.762574,0.000000,0
1415,1790712697228232555,0.991605,0.752770,0.000000,0
1416,1790712697229039585,0.992062,0.519155,0.515034,1
1417,1790712697229469039,0.992111,0.872949,0.000000,0
1418,1790712697229893643,0.992330,0.758202,0.752386,1
1419,1790712697230319448,0.991635,0.759567,0.000000,0
1420,1790712697230746342,0.992310,0.755741,0.749930,1
1421,1790712697231567151,0.992032,0.509202,0.000000,0
1422,1790712697232382760,0.991636,0.513389,0.000000,0
1423,1790712697232815365,0.991110,0.752242,0.745555,1
1424,1790712697233248619,0.991199,0.751807,0.745190,1
1425,1790712697233642204,0.991953,0.787087,0.000000,0
1426,1790712697234066898,0.992280,0.757307,0.751461,1
1427,1790712697234489743,0.992250,0.761263,0.000000,0
1428,1790712697234912837,0.992191,0.758543,0.000000,0
1429,1790712697235338811,0.991843,0.754616,0.748461,1
1430,1790712697235758536,0.992369,0.768521,0.762657,1
1431,1790712697236183840,0.991298,0.756550,0.000000,0
1432,1790712697236578235,0.992191,0.782683,0.000000,0
1433,1790712697236984680,0.988368,0.771316,0.762344,1
1434,1790712697237405544,0.991784,0.763971,0.757694,1
1435,1790712697237825428,0.992220,0.761857,0.000000,0
1436,1790712697238630558,0.992131,0.516840,0.000000,0
1437,1790712697239048982,0.992191,0.878440,0.000000,0
1438,1790712697239473956,0.992330,0.762276,0.000000,0
1439,1790712697239897151,0.992072,0.760791,0.754759,1
1440,1790712697240321245,0.991665,0.756180,0.000000,0
1441,1790712697240739709,0.992142,0.762833,0.000000,0
1442,1790712697241163284,0.986610,0.756966,0.000000,0
1443,1790712703250394865,0.982809,0.556804,0.000000,0
1444,1790712703250976007,0.989812,0.970660,0.000000,0
1445,1790712703251405761,0.990427,0.965297,0.956057,1
1446,1790712703251873205,0.982849,0.819495,0.000000,0
1447,1790712703252398978,0.914517,0.987015,0.000000,0
1448,1790712703252820743,0.993054,0.969931,0.000000,0
1449,1790712703253222967,0.991397,0.818889,0.000000,0
1450,1790712703254022867,0.991943,0.532980,0.528685,1
1451,1790712703254824466,0.989981,0.616070,0.000000,0
1452,1790712703255242551,0.990505,0.765010,0.000000,0
1453,1790712703255661185,0.992111,0.766473,0.760426,1
1454,1790712703256081509,0.992092,0.761370,0.755349,1
1455,1790712703256878509,0.991883,0.523074,0.000000,0
1456,1790712703257305293,0.991120,0.756929,0.750207,1
1457,1790712703257696898,0.992339,0.903934,0.000000,0
1458,1790712703258117513,0.992379,0.761171,0.000000,0
1459,1790712703258513787,0.991794,0.782223,0.775804,1
1460,1790712703258931692,0.992330,0.762169,0.000000,0
1461,1790712703259357536,0.991219,0.754013,0.000000,0
1462,1790712703259786060,0.988992,0.753658,0.000000,0
1463,1790712703260214645,0.988615,0.867753,0.000000,0
1464,1790712703260637529,0.991923,0.763451,0.000000,0
1465,1790712703261076753,0.991229,0.747055,0.000000,0
1466,1790712703261881843,0.991913,0.520028,0.000000,0
1467,1790712703262300537,0.991834,0.763909,0.000000,0
1468,1790712703262693842,0.992052,0.784023,0.777791,1
1469,1790712703263124346,0.980543,0.992598,0.000000,0
1470,1790712703263529761,0.992082,0.813656,0.807214,1
1471,1790712703263946505,0.992042,0.762597,0.000000,0
1472,1790712703264367380,0.991596,0.760570,0.754178,1
1473,1790712703264786534,0.992161,0.762208,0.000000,0
1474,1790712703265209999,0.991754,0.771609,0.765247,1
1475,1790712703265632833,0.992062,0.880674,0.000000,0
1476,1790712703266022048,0.992568,0.782887,0.777068,1
1477,1790712703266443352,0.992191,0.876395,0.000000,0
1478,1790712703266863937,0.966601,0.992677,0.000000,0
1479,1790712703267259662,0.991516,0.817930,0.810991,1
1480,1790712703267657876,0.992260,0.776945,0.000000,0
1481,1790712703268076021,0.992042,0.761689,0.755627,1
1482,1790712703268498565,0.991863,0.762482,0.756278,1
1483,1790712703268928429,0.992063,0.754073,0.748088,1
1484,1790712703269358504,0.991526,0.753221,0.000000,0
1485,1790712703269780278,0.992339,0.761058,0.000000,0
1486,1790712703270206673,0.991695,0.758292,0.000000,0
1487,1790712703270631477,0.992320,0.761949,0.756097,1
1488,1790712703271058561,0.992201,0.880137,0.000000,0
1489,1790712703271481846,0.991962,0.763023,0.000000,0
1490,1790712703271902560,0.992280,0.760297,0.754428,1
1491,1790712703272714919,0.992072,0.514690,0.000000,0
1492,1790712703273133634,0.992300,0.764451,0.000000,0
1493,1790712703273938833,0.992141,0.519504,0.515421,1
1494,1790712703274740242,0.991853,0.520908,0.516665,1
1495,1790712703275131097,0.992191,0.786874,0.780729,1
1496,1790712703275519472,0.991923,0.788907,0.782535,1
1497,1790712703276697776,0.991843,0.356809,0.000000,0
1498,1790712703277120261,0.991685,0.761994,0.000000,0
1499,1790712703277924930,0.992310,0.521122,0.000000,0
1500,1790712703278347904,0.991804,0.758611,0.752393,1
1501,1790712703278777749,0.992538,0.753952,0.748326,1
1502,1790712703279207833,0.991734,0.752010,0.000000,0
1503,1790712703279633067,0.992280,0.758277,0.752423,1
1504,1790712703280058552,0.992389,0.756459,0.750702,1
1505,1790712703280858241,0.992250,0.521701,0.517658,1
1506,1790712703281290095,0.991101,0.750875,0.000000,0
1507,1790712703282062185,0.992310,0.537814,0.533678,1
1508,1790712703282484410,0.991705,0.765423,0.759073,1
1509,1790712703282904104,0.992409,0.763192,0.757398,1
1510,1790712703283716493,0.991853,0.512825,0.508647,1
1511,1790712703284134888,0.992091,0.766786,0.000000,0
1512,1790712703284560762,0.992002,0.874225,0.000000,0
1513,1790712703284979097,0.991863,0.764765,0.000000,0
1514,1790712703285400911,0.991605,0.765730,0.759302,1
1515,1790712703286216810,0.991605,0.513035,0.000000,0
1516,1790712703286639725,0.992012,0.764780,0.758671,1
1517,1790712703287443194,0.991149,0.519681,0.000000,0
1518,1790712703287863148,0.992281,0.877325,0.000000,0
1519,1790712703288676478,0.989614,0.511959,0.506642,1
1520,1790712703289092032,0.992389,0.764957,0.759135,1
1521,1790712703289899911,0.992331,0.517223,0.000000,0
1522,1790712703290326586,0.992330,0.875773,0.869056,1
1523,1790712703290743440,0.992439,0.878080,0.000000,0
1524,1790712703291161075,0.992389,0.760243,0.000000,0
1525,1790712703291583599,0.991962,0.764314,0.000000,0
1526,1790712703292005514,0.992478,0.758732,0.000000,0
1527,1790712703292434768,0.990753,0.755779,0.000000,0
1528,1790712703293241667,0.991239,0.517922,0.000000,0
1529,1790712703293667362,0.991982,0.761126,0.000000,0
1530,1790712703294085906,0.992270,0.763909,0.758004,1
1531,1790712703294886685,0.991864,0.521899,0.000000,0
1532,1790712703295308340,0.991705,0.758839,0.000000,0
1533,1790712703295731124,0.992151,0.758801,0.752845,1
1534,1790712703296151249,0.992270,0.761887,0.755998,1
1535,1790712703297335783,0.991427,0.355366,0.352320,1
1536,1790712703297758987,0.991874,0.760419,0.000000,0
1537,1790712703298185152,0.989060,0.757823,0.000000,0
1538,1790712703298606056,0.992181,0.767232,0.761233,1
1539,1790712703299412806,0.991506,0.516530,0.000000,0
1540,1790712703299838690,0.989545,0.757451,0.000000,0
1541,1790712703300264294,0.991397,0.876141,0.868604,1
1542,1790712703300655699,0.992280,0.780479,0.774454,1
1543,1790712703301079784,0.991903,0.763718,0.000000,0
1544,1790712703301881513,0.991943,0.520513,0.000000,0
1545,1790712703302304427,0.991834,0.880586,0.873394,1
1546,1790712703302721552,0.992409,0.770160,0.764314,1
1547,1790712703303146046,0.992369,0.757542,0.000000,0
1548,1790712703303569170,0.992131,0.763260,0.000000,0
1549,1790712703303992205,0.992369,0.758732,0.000000,0
1550,1790712703304418619,0.991239,0.760548,0.753885,1
1551,1790712703305223298,0.991417,0.519239,0.000000,0
1552,1790712703305645013,0.991804,0.763252,0.000000,0
1553,1790712703306066507,0.992359,0.760107,0.754299,1
1554,1790712703306877576,0.991923,0.518041,0.000000,0
1555,1790712703307302351,0.991685,0.758117,0.751813,1
1556,1790712703307724175,0.992121,0.762124,0.000000,0
1557,1790712703308146200,0.991794,0.765729,0.000000,0
1558,1790712703309300624,0.991546,0.367844,0.000000,0
1559,1790712703309729219,0.981984,0.993670,0.975768,1
1560,1790712703310143083,0.992181,0.818488,0.812088,1
1561,1790712703310568757,0.989754,0.756407,0.748657,1
1562,1790712703311751562,0.992012,0.354706,0.000000,0
1563,1790712703312171926,0.992082,0.759803,0.753787,1
1564,1790712703312596071,0.992101,0.878202,0.000000,0
1565,1790712703313013175,0.964960,0.992369,0.000000,0
1566,1790712703313790225,0.992339,0.559539,0.555253,1
1567,1790712703314176680,0.992488,0.795554,0.000000,0
1568,1790712703314608914,0.992002,0.773556,0.767369,1
1569,1790712703315408573,0.991577,0.603094,0.000000,0
1570,1790712703315831138,0.992022,0.761971,0.755892,1
1571,1790712703316259352,0.991556,0.759385,0.752973,1
1572,1790712703316651007,0.992141,0.787835,0.781643,1
1573,1790712703317074021,0.992102,0.765263,0.000000,0
1574,1790712703317880031,0.992161,0.521309,0.517223,1
1575,1790712703318307135,0.991843,0.874679,0.000000,0
1576,1790712703318728530,0.992280,0.759681,0.753816,1
1577,1790712703319526709,0.991447,0.602870,0.000000,0
1578,1790712703319924244,0.992290,0.902922,0.895960,1
1579,1790712703320353098,0.991427,0.752928,0.000000,0
1580,1790712703320770753,0.989614,0.763634,0.755703,1
1581,1790712703321198767,0.991734,0.757330,0.000000,0
1582,1790712703321619961,0.992449,0.763543,0.757777,1
1583,1790712703322043486,0.992320,0.758155,0.752332,1
1584,1790712703322843385,0.992161,0.525239,0.000000,0
1585,1790712703323272699,0.991706,0.755394,0.000000,0
1586,1790712703324457694,0.991258,0.411034,0.407441,1
1587,1790712703324848019,0.992359,0.788678,0.782652,1
1588,1790712703325277663,0.991794,0.760502,0.000000,0
1589,1790712703325699127,0.992210,0.764085,0.000000,0
1590,1790712703326503007,0.991576,0.517652,0.000000,0
1591,1790712703326922391,0.992191,0.765270,0.000000,0
1592,1790712703327343866,0.991953,0.884840,0.877719,1
1593,1790712703327761250,0.992260,0.767470,0.761530,1
1594,1790712703328191864,0.987282,0.864367,0.853373,1
1595,1790712703328612009,0.992191,0.763443,0.757481,1
1596,1790712703329031393,0.992240,0.761629,0.755719,1
1597,1790712703329464187,0.991706,0.753048,0.000000,0
1598,1790712703329886742,0.992409,0.759407,0.753643,1
1599,1790712703330321376,0.991774,0.866080,0.858956,1
1600,1790712703331094176,0.992369,0.534565,0.000000,0
1601,1790712703331511630,0.992240,0.768630,0.000000,0
1602,1790712703331930174,0.992261,0.878642,0.000000,0
1603,1790712703332352249,0.991437,0.759036,0.000000,0
1604,1790712703332785303,0.981866,0.993710,0.000000,0
1605,1790712703333575253,0.992181,0.739600,0.733817,1
1606,1790712703334380222,0.991536,0.596460,0.000000,0
1607,1790712703335174151,0.992430,0.607694,0.000000,0
1608,1790712703335593456,0.992082,0.770730,0.000000,0
1609,1790712703336013220,0.992250,0.880031,0.873211,1
1610,1790712703336440235,0.992052,0.880277,0.873280,1
1611,1790712703336860749,0.992578,0.878009,0.000000,0
1612,1790712703337291893,0.991934,0.751266,0.745206,1
1613,1790712703337716018,0.992091,0.759605,0.000000,0
1614,1790712703338138132,0.992121,0.759697,0.753711,1
1615,1790712709346145349,0.982908,0.662771,0.000000,0
1616,1790712709347292454,0.493772,0.988487,0.000000,0
1617,1790712709347716468,0.991179,0.830367,0.000000,0
1618,1790712709348106963,0.991873,0.823833,0.000000,0
1619,1790712709348505157,0.991537,0.790345,0.000000,0
1620,1790712709348906242,0.991774,0.782222,0.000000,0
1621,1790712709349318487,0.991506,0.772096,0.765538,1
1622,1790712709349726191,0.992091,0.777193,0.000000,0
1623,1790712709350526191,0.991308,0.523749,0.519197,1
1624,1790712709350919596,0.991962,0.787606,0.781276,1
1625,1790712709351346690,0.991734,0.757550,0.751288,1
1626,1790712709352137769,0.992161,0.605081,0.000000,0
1627,1790712709352551854,0.992022,0.883134,0.876089,1
1628,1790712712357891643,0.982918,0.407931,0.400962,1
1629,1790712712358916969,0.982928,0.619903,0.000000,0
1630,1790712712359357144,0.988882,0.873743,0.000000,0
1631,1790712712360671696,0.989070,0.351630,0.000000,0
1632,1790712712361087701,0.991407,0.814665,0.000000,0
1633,1790712712361493055,0.991516,0.804240,0.000000,0
1634,1790712712362138247,0.790257,0.992310,0.000000,0
1635,1790712712362527282,0.991903,0.830076,0.000000,0
1636,1790712712362944136,0.992300,0.766036,0.000000,0
1637,1790712712363342121,0.991397,0.896023,0.000000,0
1638,1790712712363767355,0.992429,0.875029,0.000000,0
1639,1790712712364159610,0.992399,0.784392,0.778429,1
1640,1790712712364582654,0.992142,0.765225,0.000000,0
1641,1790712712365003349,0.992101,0.761963,0.000000,0
1642,1790712712365427353,0.991615,0.756906,0.000000,0
1643,1790712712366216473,0.992181,0.526143,0.000000,0
1644,1790712712366634917,0.991834,0.767731,0.000000,0
1645,1790712712367054672,0.992260,0.761742,0.000000,0
1646,1790712712367485906,0.991824,0.753357,0.000000,0
1647,1790712712367902950,0.992390,0.764811,0.000000,0
1648,1790712712368322075,0.991447,0.881925,0.000000,0
1649,1790712712368743459,0.991903,0.763474,0.000000,0
1650,1790712712369167554,0.992320,0.760015,0.754178,1
1651,1790712712369592748,0.992201,0.763482,0.757527,1
1652,1790712712370022022,0.992400,0.866245,0.000000,0
1653,1790712712370444937,0.989684,0.885477,0.876342,1
1654,1790712712370866171,0.992379,0.758983,0.000000,0
1655,1790712712372050166,0.991417,0.355227,0.352179,1
1656,1790712712372481300,0.991427,0.754986,0.000000,0
1657,1790712712372905834,0.990753,0.758649,0.751634,1
1658,1790712712373328079,0.991605,0.760798,0.000000,0
1659,1790712712374094618,0.992122,0.540138,0.535883,1
1660,1790712712374512953,0.992101,0.768675,0.000000,0
1661,1790712712374948107,0.992578,0.860865,0.000000,0
1662,1790712712375348822,0.991962,0.892089,0.000000,0
1663,1790712712375771316,0.992300,0.756770,0.000000,0
1664,1790712712376579605,0.991566,0.517559,0.000000,0
1665,1790712712377005080,0.992339,0.758846,0.753032,1
1666,1790712712377431584,0.991784,0.756180,0.749967,1
1667,1790712712378228743,0.992201,0.523446,0.000000,0
1668,1790712712378653438,0.992339,0.771548,0.000000,0
1669,1790712712379461247,0.991615,0.516980,0.000000,0
1670,1790712712380269126,0.991328,0.517425,0.512938,1
1671,1790712712380693641,0.992012,0.760159,0.754087,1
1672,1790712712381498280,0.992012,0.518881,0.000000,0
1673,1790712712381923634,0.992043,0.766159,0.760062,1
1674,1790712712382351589,0.991705,0.763718,0.000000,0
1675,1790712712382751204,0.992141,0.778531,0.000000,0
1676,1790712790487464390,0.425305,0.982977,0.418065,1
1677,1790712790488391878,0.982534,0.839853,0.825185,1
1678,1790712790488806472,0.980718,0.895342,0.000000,0
1679,1790712790489589542,0.991496,0.566945,0.000000,0
1680,1790712790490002676,0.991824,0.948030,0.000000,0
1681,1790712790490419170,0.991854,0.788032,0.781613,1
1682,1790712790491610835,0.991853,0.360225,0.000000,0
1683,1790712790492033559,0.991486,0.789262,0.000000,0
1684,1790712790492450653,0.992121,0.781832,0.000000,0
1685,1790712790493253433,0.992032,0.524221,0.000000,0
1686,1790712790493671107,0.992062,0.772969,0.000000,0
1687,1790712790494096602,0.992240,0.779255,0.000000,0
1688,1790712790494515006,0.990050,0.768790,0.761141,1
1689,1790712790494908811,0.992042,0.787299,0.000000,0
1690,1790712790495336405,0.992469,0.881149,0.874513,1
1691,1790712790495765529,0.991428,0.757542,0.000000,0
1692,1790712790496185274,0.992339,0.769075,0.000000,0
1693,1790712790496991213,0.991724,0.520908,0.516598,1
1694,1790712790497416658,0.992518,0.762230,0.756527,1
1695,1790712790497821352,0.991506,0.780098,0.000000,0
1696,1790712790498246787,0.992399,0.766771,0.000000,0
1697,1790712790498671961,0.992607,0.762109,0.756475,1
1698,1790712790499096715,0.992002,0.785805,0.779521,1
1699,1790712790499517790,0.992627,0.766181,0.760532,1
1700,1790712790499941154,0.992469,0.763367,0.757618,1
1701,1790712790500365819,0.992488,0.764528,0.000000,0
1702,1790712790501187918,0.991209,0.512727,0.508220,1
1703,1790712790501609882,0.992548,0.770007,0.764269,1
1704,1790712790502040496,0.992400,0.896329,0.000000,0
1705,1790712790503240411,0.992488,0.465046,0.000000,0
1706,1790712790503661035,0.992330,0.768560,0.000000,0
1707,1790712790504090479,0.992220,0.768345,0.000000,0
1708,1790712790504514894,0.992459,0.766947,0.761164,1
1709,1790712790504942068,0.992002,0.762345,0.756248,1
1710,1790712790505368712,0.991972,0.762703,0.756581,1
1711,1790712790506171952,0.992171,0.522081,0.517994,1
1712,1790712790506595906,0.992459,0.768799,0.763001,1
1713,1790712790507786090,0.991774,0.356552,0.353619,1
1714,1790712790508571490,0.992439,0.535469,0.000000,0
1715,1790712790509378909,0.992568,0.617996,0.000000,0
1716,1790712790509804084,0.991566,0.903094,0.000000,0
1717,1790712790510228198,0.992032,0.781862,0.000000,0
1718,1790712790510645373,0.992250,0.771756,0.765775,1
1719,1790712790511460642,0.991893,0.520174,0.515957,1
1720,1790712790511880076,0.991943,0.896696,0.000000,0
1721,1790712790512678106,0.988497,0.526696,0.000000,0
1722,1790712790513090170,0.992389,0.777994,0.772073,1
1723,1790712790513504815,0.992478,0.768806,0.000000,0
1724,1790712790513924199,0.991635,0.765247,0.000000,0
1725,1790712790514343984,0.992240,0.767254,0.761301,1
1726,1790712790515147283,0.992091,0.611749,0.606910,1
1727,1790712790515563547,0.992311,0.772065,0.766129,1
1728,1790712790515983992,0.992270,0.766825,0.760897,1
1729,1790712790516402916,0.992339,0.770161,0.764261,1
1730,1790712790516838711,0.992052,0.876719,0.000000,0
1731,1790712790517444643,0.822409,0.992349,0.816117,1
1732,1790712790517830297,0.991853,0.833004,0.000000,0
1733,1790712790518248472,0.992339,0.885982,0.000000,0
1734,1790712790518678666,0.987074,0.758770,0.000000,0
1735,1790712790519096270,0.992390,0.774153,0.768262,1
1736,1790712790519512445,0.992369,0.770414,0.000000,0
1737,1790712790520308844,0.992449,0.709110,0.703755,1
1738,1790712790520727319,0.991467,0.765920,0.759385,1
1739,1790712790521122573,0.992182,0.789721,0.783546,1
1740,1790712790521548408,0.991933,0.761255,0.755114,1
1741,1790712790521973722,0.992111,0.765975,0.000000,0
1742,1790712790522787001,0.991339,0.608668,0.603396,1
1743,1790712790523210776,0.991933,0.770915,0.000000,0
1744,1790712790524028245,0.991715,0.597857,0.000000,0
1745,1790712790524838474,0.991288,0.522322,0.517772,1
1746,1790712790525257479,0.992042,0.776540,0.770360,1
1747,1790712790525679483,0.988161,0.766151,0.757080,1
1748,1790712790526109267,0.989942,0.763268,0.755591,1
1749,1790712790526525602,0.992399,0.771957,0.000000,0
1750,1790712790526942216,0.992390,0.899417,0.000000,0
1751,1790712790527360081,0.992469,0.883956,0.000000,0
1752,1790712790527777855,0.992062,0.764246,0.000000,0
1753,1790712790528194620,0.992538,0.894805,0.888128,1
1754,1790712790528612494,0.992409,0.767071,0.761248,1
1755,1790712790529369904,0.992439,0.641983,0.637128,1
1756,1790712790529787889,0.991645,0.768652,0.000000,0
1757,1790712790530178004,0.992419,0.797728,0.791681,1
1758,1790712790530599658,0.992379,0.764819,0.000000,0
1759,1790712790531014603,0.992032,0.770291,0.764153,1
1760,1790712790531431507,0.992528,0.768991,0.763245,1
1761,1790712790531829642,0.990555,0.780526,0.000000,0
1762,1790712790532247416,0.992280,0.774819,0.768837,1
1763,1790712790532665381,0.992330,0.768375,0.762482,1
1764,1790712790533093465,0.992181,0.768883,0.000000,0
1765,1790712790533878865,0.991467,0.614311,0.609069,1
1766,1790712790534293659,0.992290,0.771996,0.766044,1
1767,1790712790534713994,0.992022,0.764857,0.000000,0
1768,1790712790535129968,0.992389,0.770870,0.765003,1
1769,1790712790535919148,0.991923,0.528469,0.000000,0
1770,1790712790536333802,0.991675,0.770816,0.000000,0
1771,1790712790536760717,0.990248,0.758178,0.750784,1
1772,1790712790537190571,0.991804,0.771910,0.765583,1
1773,1790712790538385775,0.991724,0.359290,0.000000,0
1774,1790712790538808189,0.991269,0.769583,0.762864,1
1775,1790712790539234064,0.992111,0.764245,0.000000,0
1776,1790712790539658048,0.992210,0.764062,0.758111,1
1777,1790712790540096592,0.991576,0.765332,0.758884,1
1778,1790712790540897142,0.991784,0.524787,0.000000,0
1779,1790712790541319466,0.992419,0.769907,0.000000,0
1780,1790712790541745221,0.991120,0.890111,0.000000,0
1781,1790712790542551410,0.992300,0.521179,0.000000,0
1782,1790712790542971054,0.992320,0.768000,0.762101,1
1783,1790712790543397159,0.992469,0.763145,0.757398,1
1784,1790712790543825003,0.991695,0.761796,0.000000,0
1785,1790712790544249357,0.992251,0.766320,0.000000,0
1786,1790712790544669862,0.992429,0.895710,0.000000,0
1787,1790712790545090626,0.992330,0.779708,0.773727,1
1788,1790712790545505931,0.992369,0.769906,0.764031,1
1789,1790712790545924865,0.991734,0.770176,0.000000,0
1790,1790712790546722214,0.991408,0.611443,0.000000,0
1791,1790712790547141509,0.989792,0.769921,0.000000,0
1792,1790712790547565143,0.991863,0.763405,0.757194,1
1793,1790712790547949248,0.992240,0.796636,0.000000,0
1794,1790712790548369722,0.992519,0.765952,0.000000,0
1795,1790712790548790687,0.991685,0.765193,0.000000,0
1796,1790712790549215451,0.992389,0.774958,0.769060,1
1797,1790712790549635096,0.992280,0.768406,0.762474,1
1798,1790712790550068230,0.992488,0.884522,0.000000,0
1799,1790712790550489164,0.992498,0.885416,0.878774,1
1800,1790712790550879059,0.991754,0.789404,0.782895,1
1801,1790712790551309634,0.992429,0.763260,0.000000,0
1802,1790712790551733248,0.991962,0.767968,0.761796,1
1803,1790712790552155082,0.992518,0.765561,0.000000,0
1804,1790712817589358504,0.983016,0.670914,0.000000,0
1805,1790712817589880527,0.988625,0.922047,0.911559,1
1806,1790712817590745716,0.982977,0.585199,0.000000,0
1807,1790712817591280079,0.863373,0.985329,0.000000,0
1808,1790712817592051939,0.991625,0.569126,0.000000,0
1809,1790712817592440273,0.991993,0.830716,0.000000,0
1810,1790712817593239243,0.991774,0.628950,0.000000,0
1811,1790712817593628618,0.991923,0.806680,0.000000,0
1812,1790712817594048282,0.991298,0.778881,0.772103,1
1813,1790712817594845981,0.991566,0.531261,0.526781,1
1814,1790712817595637621,0.991843,0.531234,0.000000,0
1815,1790712817596062915,0.991417,0.764980,0.758414,1
1816,1790712817596487009,0.987391,0.765998,0.756339,1
1817,1790712817596910434,0.991635,0.770784,0.000000,0
1818,1790712817597331678,0.992201,0.768123,0.000000,0
1819,1790712817597749863,0.992290,0.894340,0.887445,1
1820,1790712817598556762,0.992032,0.528733,0.000000,0
1821,1790712817598954937,0.989565,0.919680,0.910083,1
1822,1790712817599755096,0.991873,0.525266,0.520997,1
1823,1790712865663666104,0.987983,0.639548,0.631862,1
1824,1790712865664830379,0.982642,0.599174,0.588773,1
1825,1790712865665310902,0.971884,0.990902,0.000000,0
1826,1790712865666147611,0.645375,0.990119,0.000000,0
1827,1790712865666584295,0.983754,0.994486,0.000000,0
1828,1790712865666995730,0.991556,0.822829,0.000000,0
1829,1790712865667394015,0.991863,0.799318,0.000000,0
1830,1790712865667811069,0.991943,0.779061,0.772784,1
1831,1790712865668303563,0.923893,0.990575,0.000000,0
1832,1790712865668704377,0.992102,0.825986,0.000000,0
1833,1790712865669130562,0.991377,0.766625,0.000000,0
1834,1790712865669557106,0.991695,0.897279,0.000000,0
1835,1790712865669948881,0.992310,0.794258,0.000000,0
1836,1790712865670377765,0.991774,0.765714,0.000000,0
1837,1790712865670808090,0.991804,0.897880,0.000000,0
1838,1790712865671235084,0.991645,0.764375,0.000000,0
1839,1790712865671659248,0.991824,0.769260,0.000000,0
1840,1790712865672085233,0.991913,0.769013,0.762794,1
1841,1790712865672510077,0.992042,0.774857,0.000000,0
1842,1790712865672934721,0.991884,0.898914,0.000000,0
1843,1790712865673355226,0.991992,0.909992,0.902705,1
1844,1790712865674161985,0.991030,0.523980,0.519281,1
1845,1790712865674652939,0.902525,0.991030,0.000000,0
1846,1790712865675040264,0.991625,0.836869,0.829860,1
1847,1790712865675464318,0.991863,0.770630,0.000000,0
1848,1790712865676273267,0.991447,0.525481,0.000000,0
1849,1790712865676706422,0.991665,0.766028,0.000000,0
1850,1790712865677515371,0.991695,0.612538,0.607451,1
1851,1790712865678721565,0.991853,0.352619,0.000000,0
1852,1790712865679144239,0.991536,0.777730,0.771147,1
1853,1790712865679566774,0.991635,0.774408,0.767930,1
1854,1790712865679960498,0.992023,0.792822,0.786498,1
1855,1790712865680386173,0.991794,0.774098,0.000000,0
1856,1790712865681192902,0.991467,0.525933,0.000000,0
1857,1790712865681589697,0.991843,0.794091,0.000000,0
1858,1790712865682398426,0.991001,0.527761,0.523012,1
1859,1790712865682818711,0.991834,0.776214,0.000000,0
1860,1790712865683619780,0.992082,0.525618,0.000000,0
1861,1790712865684041994,0.992013,0.771695,0.765531,1
1862,1790712865684464089,0.991744,0.771794,0.765423,1
1863,1790712865684887993,0.991526,0.773983,0.000000,0
1864,1790712865685319268,0.990634,0.763809,0.000000,0
1865,1790712865686137477,0.991179,0.610349,0.000000,0
1866,1790712865687317331,0.991040,0.361976,0.358733,1
1867,1790712865687746965,0.989249,0.914399,0.000000,0
1868,1790712865688172940,0.991397,0.767638,0.761034,1
1869,1790712865688607374,0.991754,0.766534,0.000000,0
1870,1790712865689029978,0.992003,0.774788,0.768592,1
1871,1790712865689447783,0.991695,0.772520,0.000000,0
1872,1790712865690214063,0.990991,0.637447,0.000000,0
1873,1790712865690632267,0.991883,0.777007,0.000000,0
1874,1790712865691048822,0.991873,0.773649,0.000000,0
1875,1790712865691465346,0.991933,0.774889,0.768637,1
1876,1790712865691882981,0.992042,0.899003,0.000000,0
1877,1790712865692354004,0.939151,0.990893,0.000000,0
1878,1790712865693118934,0.989990,0.572437,0.000000,0
1879,1790712865693509689,0.991596,0.801952,0.000000,0
1880,1790712865694283209,0.991427,0.543002,0.000000,0
1881,1790712865694679234,0.986818,0.795164,0.784682,1
1882,1790712865695108878,0.989337,0.765998,0.000000,0
1883,1790712865695527732,0.991954,0.777489,0.000000,0
1884,1790712865695958347,0.991258,0.765101,0.000000,0
1885,1790712865696726527,0.991953,0.547878,0.000000,0
1886,1790712865697129251,0.988971,0.788071,0.000000,0
1887,1790712865697550196,0.992161,0.776812,0.770722,1
1888,1790712865697968870,0.992250,0.774602,0.000000,0
1889,1790712868703283245,0.982555,0.594792,0.584416,1
1890,1790712868704479690,0.529839,0.989852,0.524462,1
1891,1790712868704909194,0.991040,0.827027,0.819617,1
1892,1790712868705319598,0.990685,0.800814,0.000000,0
1893,1790712868705729643,0.991913,0.781862,0.000000,0
1894,1790712868706137728,0.991179,0.789617,0.000000,0
1895,1790712868707298152,0.991913,0.370094,0.367101,1
1896,1790712868707784646,0.944878,0.991358,0.000000,0
1897,1790712868708171571,0.991407,0.834195,0.000000,0
1898,1790712868708593005,0.992091,0.771155,0.000000,0
1899,1790712868709017959,0.991835,0.766703,0.000000,0
1900,1790712868709447864,0.992042,0.766771,0.760669,1
1901,1790712868709841159,0.992131,0.788710,0.782503,1
1902,1790712868710265693,0.992052,0.892339,0.000000,0
1903,1790712868711064142,0.992390,0.531187,0.000000,0
1904,1790712868712268336,0.990259,0.352045,0.000000,0
1905,1790712868712695151,0.992260,0.771254,0.765285,1
1906,1790712868713124135,0.991675,0.763741,0.000000,0
1907,1790712868713546020,0.992250,0.770129,0.000000,0
1908,1790712868713938814,0.992478,0.793948,0.000000,0
1909,1790712868714366059,0.991705,0.767208,0.000000,0
1910,1790712868714786203,0.992330,0.771379,0.000000,0
1911,1790712868715208508,0.991635,0.768452,0.000000,0
1912,1790712868716011097,0.992210,0.526780,0.000000,0
1913,1790712868716432141,0.992230,0.771232,0.000000,0
1914,1790712868717238051,0.991834,0.613826,0.608813,1
1915,1790712868717657555,0.992210,0.774702,0.768667,1
1916,1790712868718081209,0.992450,0.767447,0.761652,1
1917,1790712868719263404,0.991685,0.358941,0.355956,1
1918,1790712868719681368,0.992121,0.773548,0.000000,0
1919,1790712868720161642,0.935402,0.990377,0.000000,0
1920,1790712868720544497,0.992131,0.844443,0.000000,0
1921,1790712868720968521,0.992032,0.764879,0.758785,1
1922,1790712868721361316,0.992171,0.924142,0.000000,0
1923,1790712868721787020,0.992459,0.767316,0.761530,1
1924,1790712868722210414,0.991071,0.769083,0.762216,1
1925,1790712868722635459,0.991834,0.770399,0.000000,0
1926,1790712868723058783,0.992270,0.897019,0.000000,0
1927,1790712868723450648,0.991744,0.800926,0.000000,0
1928,1790712868724267247,0.988418,0.607859,0.000000,0
1929,1790712868725069247,0.991982,0.614827,0.000000,0
1930,1790712868725491501,0.991923,0.770252,0.000000,0
1931,1790712868725884166,0.992210,0.795578,0.000000,0
1932,1790712868727063310,0.992379,0.423629,0.420400,1
1933,1790712868727490965,0.992101,0.769352,0.763275,1
1934,1790712868727914139,0.991962,0.772466,0.000000,0
1935,1790712868728340013,0.991407,0.766618,0.760031,1
1936,1790712868728764208,0.992349,0.769021,0.000000,0
1937,1790712868729186692,0.991586,0.892742,0.000000,0
1938,1790712868729984392,0.992320,0.530693,0.000000,0
1939,1790712868730788991,0.992191,0.527318,0.523200,1
1940,1790712868731586010,0.992082,0.529596,0.000000,0
1941,1790712868732397190,0.991100,0.610551,0.605117,1
1942,1790712868733186329,0.991566,0.538272,0.533732,1
1943,1790712868733582894,0.989149,0.794457,0.000000,0
1944,1790712868734391233,0.991596,0.608035,0.000000,0
1945,1790712868734781938,0.992141,0.799821,0.793536,1
1946,1790712868735172043,0.991754,0.793980,0.787433,1
1947,1790712868735595977,0.991943,0.908330,0.901011,1
1948,1790712868735986912,0.992171,0.792473,0.786268,1
1949,1790712868736382077,0.991754,0.790882,0.000000,0
1950,1790712868736810661,0.991645,0.765577,0.000000,0
1951,1790712868737236826,0.991824,0.896633,0.000000,0
1952,1790712868737658840,0.991764,0.900722,0.893303,1
1953,1790712868738080404,0.992122,0.766220,0.000000,0
1954,1790712868738883064,0.992042,0.529775,0.000000,0
1955,1790712868739304098,0.991784,0.771247,0.764911,1
1956,1790712868739732763,0.991873,0.768045,0.000000,0
1957,1790712868740129497,0.991149,0.789680,0.000000,0
1958,1790712868740552222,0.992161,0.770060,0.764023,1
1959,1790712868741360331,0.991249,0.522432,0.000000,0
1960,1790712868742154840,0.991893,0.533311,0.000000,0
1961,1790712868742571345,0.992379,0.775942,0.000000,0
1962,1790712868743374004,0.991893,0.528649,0.524363,1
1963,1790712868743798828,0.989556,0.892090,0.882773,1
1964,1790712868744223643,0.991665,0.769975,0.000000,0
1965,1790712868745025332,0.992250,0.618558,0.000000,0
1966,1790712868745444777,0.991943,0.775399,0.769152,1
1967,1790712868745868871,0.992042,0.776043,0.769867,1
1968,1790712868746668770,0.992082,0.616059,0.000000,0
1969,1790712868747088775,0.992220,0.775539,0.000000,0
1970,1790712868747481280,0.992101,0.795792,0.000000,0
1971,1790712868747908324,0.992121,0.893929,0.886886,1
1972,1790712868748334518,0.991566,0.767201,0.000000,0
1973,1790712868748763743,0.991804,0.767907,0.000000,0
1974,1790712868749187207,0.991159,0.768475,0.000000,0
1975,1790712868749605711,0.992033,0.774230,0.768062,1
1976,1790712868750024126,0.992002,0.770792,0.000000,0
1977,1790712868751177111,0.991486,0.432337,0.000000,0
1978,1790712868751596635,0.992032,0.776921,0.000000,0
1979,1790712868752017400,0.991169,0.768706,0.000000,0
1980,1790712868752435494,0.991834,0.770437,0.764146,1
1981,1790712868752830879,0.990763,0.787047,0.000000,0
1982,1790712868753640558,0.991615,0.523022,0.518637,1
1983,1790712868754063392,0.992013,0.772992,0.000000,0
1984,1790712868754696824,0.782871,0.991338,0.000000,0
1985,1790712868755212277,0.863702,0.990664,0.000000,0
1986,1790712868755609432,0.994853,0.984472,0.979405,1
1987,1790712868756032336,0.992023,0.932283,0.000000,0
1988,1790712868756428781,0.991903,0.790391,0.000000,0
1989,1790712868756854066,0.992062,0.778227,0.000000,0
1990,1790712868757275310,0.991040,0.774098,0.000000,0
1991,1790712868757701494,0.992339,0.770230,0.764330,1
1992,1790712868758525693,0.992281,0.515040,0.000000,0
1993,1790712868759328113,0.991804,0.531814,0.527455,1
1994,1790712868759750207,0.991863,0.773557,0.767263,1
1995,1790712868760231311,0.936666,0.990981,0.928218,1
1996,1790712868761386846,0.991387,0.389260,0.385907,1
1997,1790712868762163465,0.991556,0.545358,0.000000,0
1998,1790712868762560220,0.988783,0.790629,0.000000,0
1999,1790712868762981564,0.991854,0.767255,0.000000,0
