count_idx,delay_ns,delay_physical_ns,ts_r2_ns,ts_r2_on_r1_ns,stage2_recv_local_ns,stage2_recv_r1_ns,stage2_recv_r2_ns,bits_final,w14,w56,w_final_raw,state_final_peer_id
51,75928,75928,1783332971852077094,1783332971852077094,1783332971852153022,1783332971852153022,1783332971852153022,3,1.000000000000,1.000000000000,1.000000000000,1
52,77337,77337,1783332971852193283,1783332971852193283,1783332971852270620,1783332971852270620,1783332971852270620,0,1.000000000000,1.000000000000,1.000000000000,1
53,76737,76737,1783332971852311261,1783332971852311261,1783332971852387998,1783332971852387998,1783332971852387998,2,1.000000000000,1.000000000000,1.000000000000,1
54,75726,75726,1783332971852433260,1783332971852433260,1783332971852508986,1783332971852508986,1783332971852508986,2,1.000000000000,1.000000000000,1.000000000000,1
55,75266,75266,1783332971852555568,1783332971852555568,1783332971852630834,1783332971852630834,1783332971852630834,1,1.000000000000,1.000000000000,1.000000000000,1
56,78425,78425,1783332971852671497,1783332971852671497,1783332971852749922,1783332971852749922,1783332971852749922,1,1.000000000000,1.000000000000,1.000000000000,1
57,76645,76645,1783332971852785805,1783332971852785805,1783332971852862450,1783332971852862450,1783332971852862450,2,1.000000000000,1.000000000000,1.000000000000,1
58,76294,76294,1783332971852900764,1783332971852900764,1783332971852977058,1783332971852977058,1783332971852977058,0,1.000000000000,1.000000000000,1.000000000000,1
59,78473,78473,1783332971853015243,1783332971853015243,1783332971853093716,1783332971853093716,1783332971853093716,2,1.000000000000,1.000000000000,1.000000000000,1
60,76073,76073,1783332971853128841,1783332971853128841,1783332971853204914,1783332971853204914,1783332971853204914,0,1.000000000000,1.000000000000,1.000000000000,1
61,76292,76292,1783332971853243520,1783332971853243520,1783332971853319812,1783332971853319812,1783332971853319812,1,1.000000000000,1.000000000000,1.000000000000,1
62,96291,96291,1783332971853365499,1783332971853365499,1783332971853461790,1783332971853461790,1783332971853461790,2,1.000000000000,1.000000000000,1.000000000000,1
63,81131,81131,1783332971853485087,1783332971853485087,1783332971853566218,1783332971853566218,1783332971853566218,3,1.000000000000,1.000000000000,1.000000000000,1
64,74220,74220,1783332971853604956,1783332971853604956,1783332971853679176,1783332971853679176,1783332971853679176,2,1.000000000000,1.000000000000,1.000000000000,1
65,75360,75360,1783332971853727994,1783332971853727994,1783332971853803354,1783332971853803354,1783332971853803354,3,1.000000000000,1.000000000000,1.000000000000,1
66,78228,78228,1783332971853841394,1783332971853841394,1783332971853919622,1783332971853919622,1783332971853919622,3,1.000000000000,1.000000000000,1.000000000000,1
67,75698,75698,1783332971853956173,1783332971853956173,1783332971854031871,1783332971854031871,1783332971854031871,1,1.000000000000,1.000000000000,1.000000000000,1
68,75808,75808,1783332971854069021,1783332971854069021,1783332971854144829,1783332971854144829,1783332971854144829,1,1.000000000000,1.000000000000,1.000000000000,1
69,75067,75067,1783332971854183150,1783332971854183150,1783332971854258217,1783332971854258217,1783332971854258217,1,1.000000000000,1.000000000000,1.000000000000,1
70,76838,76838,1783332971854303208,1783332971854303208,1783332971854380046,1783332971854380046,1783332971854380046,1,1.000000000000,1.000000000000,1.000000000000,1
71,76437,76437,1783332971854427157,1783332971854427157,1783332971854503594,1783332971854503594,1783332971854503594,0,1.000000000000,1.000000000000,1.000000000000,1
72,78227,78227,1783332971854546785,1783332971854546785,1783332971854625012,1783332971854625012,1783332971854625012,0,1.000000000000,1.000000000000,1.000000000000,1
73,76385,76385,1783332971854675354,1783332971854675354,1783332971854751739,1783332971854751739,1783332971854751739,1,1.000000000000,1.000000000000,1.000000000000,1
74,75735,75735,1783332971854780513,1783332971854780513,1783332971854856248,1783332971854856248,1783332971854856248,1,1.000000000000,1.000000000000,1.000000000000,1
75,75445,75445,1783332971854898351,1783332971854898351,1783332971854973796,1783332971854973796,1783332971854973796,1,1.000000000000,1.000000000000,1.000000000000,1
76,75794,75794,1783332971855014650,1783332971855014650,1783332971855090444,1783332971855090444,1783332971855090444,1,1.000000000000,1.000000000000,1.000000000000,1
77,76423,76423,1783332971855129019,1783332971855129019,1783332971855205442,1783332971855205442,1783332971855205442,1,1.000000000000,1.000000000000,1.000000000000,1
78,76213,76213,1783332971855253437,1783332971855253437,1783332971855329650,1783332971855329650,1783332971855329650,1,1.000000000000,1.000000000000,1.000000000000,1
79,76112,76112,1783332971855372306,1783332971855372306,1783332971855448418,1783332971855448418,1783332971855448418,0,1.000000000000,1.000000000000,1.000000000000,1
80,75022,75022,1783332971855493064,1783332971855493064,1783332971855568086,1783332971855568086,1783332971855568086,0,1.000000000000,1.000000000000,1.000000000000,1
81,73661,73661,1783332971855609783,1783332971855609783,1783332971855683444,1783332971855683444,1783332971855683444,2,1.000000000000,1.000000000000,1.000000000000,1
82,74571,74571,1783332971855729821,1783332971855729821,1783332971855804392,1783332971855804392,1783332971855804392,2,1.000000000000,1.000000000000,1.000000000000,1
83,76370,76370,1783332971855855410,1783332971855855410,1783332971855931780,1783332971855931780,1783332971855931780,0,1.000000000000,1.000000000000,1.000000000000,1
84,74389,74389,1783332971855961579,1783332971855961579,1783332971856035968,1783332971856035968,1783332971856035968,2,1.000000000000,1.000000000000,1.000000000000,1
85,74729,74729,1783332971856074257,1783332971856074257,1783332971856148986,1783332971856148986,1783332971856148986,3,1.000000000000,1.000000000000,1.000000000000,1
86,72758,72758,1783332971856189006,1783332971856189006,1783332971856261764,1783332971856261764,1783332971856261764,0,1.000000000000,1.000000000000,1.000000000000,1
87,78598,78598,1783332971856309364,1783332971856309364,1783332971856387962,1783332971856387962,1783332971856387962,2,1.000000000000,1.000000000000,1.000000000000,1
88,78157,78157,1783332971856431913,1783332971856431913,1783332971856510070,1783332971856510070,1783332971856510070,3,1.000000000000,1.000000000000,1.000000000000,1
89,75236,75236,1783332971856553162,1783332971856553162,1783332971856628398,1783332971856628398,1783332971856628398,3,1.000000000000,1.000000000000,1.000000000000,1
90,75896,75896,1783332971856668980,1783332971856668980,1783332971856744876,1783332971856744876,1783332971856744876,3,1.000000000000,1.000000000000,1.000000000000,1
91,76635,76635,1783332971856783759,1783332971856783759,1783332971856860394,1783332971856860394,1783332971856860394,1,1.000000000000,1.000000000000,1.000000000000,1
92,75364,75364,1783332971856899238,1783332971856899238,1783332971856974602,1783332971856974602,1783332971856974602,3,1.000000000000,1.000000000000,1.000000000000,1
93,77253,77253,1783332971857012777,1783332971857012777,1783332971857090030,1783332971857090030,1783332971857090030,1,1.000000000000,1.000000000000,1.000000000000,1
94,76702,76702,1783332971857127666,1783332971857127666,1783332971857204368,1783332971857204368,1783332971857204368,0,1.000000000000,1.000000000000,1.000000000000,1
95,82832,82832,1783332971857244654,1783332971857244654,1783332971857327486,1783332971857327486,1783332971857327486,0,1.000000000000,1.000000000000,1.000000000000,1
96,75562,75562,1783332971857366523,1783332971857366523,1783332971857442085,1783332971857442085,1783332971857442085,0,1.000000000000,1.000000000000,1.000000000000,1
97,77682,77682,1783332971857484651,1783332971857484651,1783332971857562333,1783332971857562333,1783332971857562333,2,1.000000000000,1.000000000000,1.000000000000,1
98,75361,75361,1783332971857600880,1783332971857600880,1783332971857676241,1783332971857676241,1783332971857676241,2,1.000000000000,1.000000000000,1.000000000000,1
99,74540,74540,1783332971857722679,1783332971857722679,1783332971857797219,1783332971857797219,1783332971857797219,3,1.000000000000,1.000000000000,1.000000000000,1
100,76660,76660,1783332971857836747,1783332971857836747,1783332971857913407,1783332971857913407,1783332971857913407,0,1.000000000000,1.000000000000,1.000000000000,1
101,75809,75809,1783332971857958106,1783332971857958106,1783332971858033915,1783332971858033915,1783332971858033915,1,1.000000000000,1.000000000000,1.000000000000,1
102,76868,76868,1783332971858066055,1783332971858066055,1783332971858142923,1783332971858142923,1783332971858142923,2,1.000000000000,1.000000000000,1.000000000000,1
103,76058,76058,1783332971858183553,1783332971858183553,1783332971858259611,1783332971858259611,1783332971858259611,1,1.000000000000,1.000000000000,1.000000000000,1
104,78967,78967,1783332971858312232,1783332971858312232,1783332971858391199,1783332971858391199,1783332971858391199,3,1.000000000000,1.000000000000,1.000000000000,1
105,76017,76017,1783332971858425030,1783332971858425030,1783332971858501047,1783332971858501047,1783332971858501047,2,1.000000000000,1.000000000000,1.000000000000,1
106,76636,76636,1783332971858540809,1783332971858540809,1783332971858617445,1783332971858617445,1783332971858617445,3,1.000000000000,1.000000000000,1.000000000000,1
107,75816,75816,1783332971858663577,1783332971858663577,1783332971858739393,1783332971858739393,1783332971858739393,2,1.000000000000,1.000000000000,1.000000000000,1
108,78465,78465,1783332971858777506,1783332971858777506,1783332971858855971,1783332971858855971,1783332971858855971,1,1.000000000000,1.000000000000,1.000000000000,1
109,84974,84974,1783332971858894565,1783332971858894565,1783332971858979539,1783332971858979539,1783332971858979539,3,1.000000000000,1.000000000000,1.000000000000,1
110,76805,76805,1783332971859009553,1783332971859009553,1783332971859086358,1783332971859086358,1783332971859086358,0,1.000000000000,1.000000000000,1.000000000000,1
111,75444,75444,1783332971859128102,1783332971859128102,1783332971859203546,1783332971859203546,1783332971859203546,3,1.000000000000,1.000000000000,1.000000000000,1
112,76384,76384,1783332971859248720,1783332971859248720,1783332971859325104,1783332971859325104,1783332971859325104,0,1.000000000000,1.000000000000,1.000000000000,1
113,76703,76703,1783332971859367359,1783332971859367359,1783332971859444062,1783332971859444062,1783332971859444062,3,1.000000000000,1.000000000000,1.000000000000,1
114,75552,75552,1783332971859478628,1783332971859478628,1783332971859554180,1783332971859554180,1783332971859554180,1,1.000000000000,1.000000000000,1.000000000000,1
115,76442,76442,1783332971859600446,1783332971859600446,1783332971859676888,1783332971859676888,1783332971859676888,3,1.000000000000,1.000000000000,1.000000000000,1
116,75341,75341,1783332971859717095,1783332971859717095,1783332971859792436,1783332971859792436,1783332971859792436,0,1.000000000000,1.000000000000,1.000000000000,1
117,74780,74780,1783332971859830924,1783332971859830924,1783332971859905704,1783332971859905704,1783332971859905704,1,1.000000000000,1.000000000000,1.000000000000,1
118,76089,76089,1783332971859949503,1783332971859949503,1783332971860025592,1783332971860025592,1783332971860025592,2,1.000000000000,1.000000000000,1.000000000000,1
119,75108,75108,1783332971860065332,1783332971860065332,1783332971860140440,1783332971860140440,1783332971860140440,1,1.000000000000,1.000000000000,1.000000000000,1
120,76158,76158,1783332971860177000,1783332971860177000,1783332971860253158,1783332971860253158,1783332971860253158,2,1.000000000000,1.000000000000,1.000000000000,1
121,75778,75778,1783332971860301589,1783332971860301589,1783332971860377367,1783332971860377367,1783332971860377367,1,1.000000000000,1.000000000000,1.000000000000,1
122,77168,77168,1783332971860412227,1783332971860412227,1783332971860489395,1783332971860489395,1783332971860489395,3,1.000000000000,1.000000000000,1.000000000000,1
123,76427,76427,1783332971860534286,1783332971860534286,1783332971860610713,1783332971860610713,1783332971860610713,0,1.000000000000,1.000000000000,1.000000000000,1
124,76856,76856,1783332971860655845,1783332971860655845,1783332971860732701,1783332971860732701,1783332971860732701,2,1.000000000000,1.000000000000,1.000000000000,1
125,75806,75806,1783332971860769213,1783332971860769213,1783332971860845019,1783332971860845019,1783332971860845019,2,1.000000000000,1.000000000000,1.000000000000,1
126,76685,76685,1783332971860882122,1783332971860882122,1783332971860958807,1783332971860958807,1783332971860958807,0,1.000000000000,1.000000000000,1.000000000000,1
127,74905,74905,1783332971860997580,1783332971860997580,1783332971861072485,1783332971861072485,1783332971861072485,1,1.000000000000,1.000000000000,1.000000000000,1
128,91704,91704,1783332971861111369,1783332971861111369,1783332971861203073,1783332971861203073,1783332971861203073,2,1.000000000000,1.000000000000,1.000000000000,1
129,75723,75723,1783332971861237018,1783332971861237018,1783332971861312741,1783332971861312741,1783332971861312741,0,1.000000000000,1.000000000000,1.000000000000,1
130,78393,78393,1783332971861349066,1783332971861349066,1783332971861427459,1783332971861427459,1783332971861427459,2,1.000000000000,1.000000000000,1.000000000000,1
131,77002,77002,1783332971861466205,1783332971861466205,1783332971861543207,1783332971861543207,1783332971861543207,1,1.000000000000,1.000000000000,1.000000000000,1
132,74692,74692,1783332971861587023,1783332971861587023,1783332971861661715,1783332971861661715,1783332971861661715,2,1.000000000000,1.000000000000,1.000000000000,1
133,75941,75941,1783332971861709652,1783332971861709652,1783332971861785593,1783332971861785593,1783332971861785593,0,1.000000000000,1.000000000000,1.000000000000,1
134,76970,76970,1783332971861821121,1783332971861821121,1783332971861898091,1783332971861898091,1783332971861898091,1,1.000000000000,1.000000000000,1.000000000000,1
135,76070,76070,1783332971861936269,1783332971861936269,1783332971862012339,1783332971862012339,1783332971862012339,1,1.000000000000,1.000000000000,1.000000000000,1
136,78809,78809,1783332971862049378,1783332971862049378,1783332971862128187,1783332971862128187,1783332971862128187,2,1.000000000000,1.000000000000,1.000000000000,1
137,75360,75360,1783332971862163806,1783332971862163806,1783332971862239166,1783332971862239166,1783332971862239166,1,1.000000000000,1.000000000000,1.000000000000,1
138,76139,76139,1783332971862285545,1783332971862285545,1783332971862361684,1783332971862361684,1783332971862361684,0,1.000000000000,1.000000000000,1.000000000000,1
139,77068,77068,1783332971862401754,1783332971862401754,1783332971862478822,1783332971862478822,1783332971862478822,1,1.000000000000,1.000000000000,1.000000000000,1
140,76878,76878,1783332971862523542,1783332971862523542,1783332971862600420,1783332971862600420,1783332971862600420,0,1.000000000000,1.000000000000,1.000000000000,1
141,77127,77127,1783332971862648261,1783332971862648261,1783332971862725388,1783332971862725388,1783332971862725388,3,1.000000000000,1.000000000000,1.000000000000,1
142,77927,77927,1783332971862767919,1783332971862767919,1783332971862845846,1783332971862845846,1783332971862845846,1,1.000000000000,1.000000000000,1.000000000000,1
143,79295,79295,1783332971862881639,1783332971862881639,1783332971862960934,1783332971862960934,1783332971862960934,0,1.000000000000,1.000000000000,1.000000000000,1
144,76445,76445,1783332971862997477,1783332971862997477,1783332971863073922,1783332971863073922,1783332971863073922,2,1.000000000000,1.000000000000,1.000000000000,1
145,77264,77264,1783332971863113646,1783332971863113646,1783332971863190910,1783332971863190910,1783332971863190910,2,1.000000000000,1.000000000000,1.000000000000,1
146,74953,74953,1783332971863225085,1783332971863225085,1783332971863300038,1783332971863300038,1783332971863300038,2,1.000000000000,1.000000000000,1.000000000000,1
147,76474,76474,1783332971863342823,1783332971863342823,1783332971863419297,1783332971863419297,1783332971863419297,2,1.000000000000,1.000000000000,1.000000000000,1
148,80493,80493,1783332971863462792,1783332971863462792,1783332971863543285,1783332971863543285,1783332971863543285,1,1.000000000000,1.000000000000,1.000000000000,1
149,76783,76783,1783332971863591050,1783332971863591050,1783332971863667833,1783332971863667833,1783332971863667833,1,1.000000000000,1.000000000000,1.000000000000,1
150,76292,76292,1783332971863712999,1783332971863712999,1783332971863789291,1783332971863789291,1783332971863789291,2,1.000000000000,1.000000000000,1.000000000000,1
151,76852,76852,1783332971863826077,1783332971863826077,1783332971863902929,1783332971863902929,1783332971863902929,3,1.000000000000,1.000000000000,1.000000000000,1
152,77101,77101,1783332971863947786,1783332971863947786,1783332971864024887,1783332971864024887,1783332971864024887,1,1.000000000000,1.000000000000,1.000000000000,1
153,75881,75881,1783332971864067354,1783332971864067354,1783332971864143235,1783332971864143235,1783332971864143235,1,1.000000000000,1.000000000000,1.000000000000,1
154,75730,75730,1783332971864174763,1783332971864174763,1783332971864250493,1783332971864250493,1783332971864250493,2,1.000000000000,1.000000000000,1.000000000000,1
155,76349,76349,1783332971864296492,1783332971864296492,1783332971864372841,1783332971864372841,1783332971864372841,2,1.000000000000,1.000000000000,1.000000000000,1
156,75579,75579,1783332971864405560,1783332971864405560,1783332971864481139,1783332971864481139,1783332971864481139,2,1.000000000000,1.000000000000,1.000000000000,1
157,76308,76308,1783332971864531169,1783332971864531169,1783332971864607477,1783332971864607477,1783332971864607477,2,1.000000000000,1.000000000000,1.000000000000,1
158,75587,75587,1783332971864645278,1783332971864645278,1783332971864720865,1783332971864720865,1783332971864720865,2,1.000000000000,1.000000000000,1.000000000000,1
159,75537,75537,1783332971864765556,1783332971864765556,1783332971864841093,1783332971864841093,1783332971864841093,0,1.000000000000,1.000000000000,1.000000000000,1
160,77226,77226,1783332971864879945,1783332971864879945,1783332971864957171,1783332971864957171,1783332971864957171,0,1.000000000000,1.000000000000,1.000000000000,1
161,83406,83406,1783332971864996973,1783332971864996973,1783332971865080379,1783332971865080379,1783332971865080379,0,1.000000000000,1.000000000000,1.000000000000,1
162,76165,76165,1783332971865109362,1783332971865109362,1783332971865185527,1783332971865185527,1783332971865185527,0,1.000000000000,1.000000000000,1.000000000000,1
163,76035,76035,1783332971865223411,1783332971865223411,1783332971865299446,1783332971865299446,1783332971865299446,2,1.000000000000,1.000000000000,1.000000000000,1
164,75095,75095,1783332971865342079,1783332971865342079,1783332971865417174,1783332971865417174,1783332971865417174,3,1.000000000000,1.000000000000,1.000000000000,1
165,75344,75344,1783332971865462688,1783332971865462688,1783332971865538032,1783332971865538032,1783332971865538032,0,1.000000000000,1.000000000000,1.000000000000,1
166,74594,74594,1783332971865585536,1783332971865585536,1783332971865660130,1783332971865660130,1783332971865660130,1,1.000000000000,1.000000000000,1.000000000000,1
167,76462,76462,1783332971865710435,1783332971865710435,1783332971865786897,1783332971865786897,1783332971865786897,2,1.000000000000,1.000000000000,1.000000000000,1
168,82330,82330,1783332971865828245,1783332971865828245,1783332971865910575,1783332971865910575,1783332971865910575,1,1.000000000000,1.000000000000,1.000000000000,1
169,74620,74620,1783332971865950373,1783332971865950373,1783332971866024993,1783332971866024993,1783332971866024993,3,1.000000000000,1.000000000000,1.000000000000,1
170,77349,77349,1783332971866064582,1783332971866064582,1783332971866141931,1783332971866141931,1783332971866141931,3,1.000000000000,1.000000000000,1.000000000000,1
171,77160,77160,1783332971866177520,1783332971866177520,1783332971866254680,1783332971866254680,1783332971866254680,1,1.000000000000,1.000000000000,1.000000000000,1
172,75760,75760,1783332971866301019,1783332971866301019,1783332971866376779,1783332971866376779,1783332971866376779,2,1.000000000000,1.000000000000,1.000000000000,1
173,77019,77019,1783332971866424487,1783332971866424487,1783332971866501506,1783332971866501506,1783332971866501506,0,1.000000000000,1.000000000000,1.000000000000,1
174,77599,77599,1783332971866534336,1783332971866534336,1783332971866611935,1783332971866611935,1783332971866611935,0,1.000000000000,1.000000000000,1.000000000000,1
175,75398,75398,1783332971866668994,1783332971866668994,1783332971866744392,1783332971866744392,1783332971866744392,2,1.000000000000,1.000000000000,1.000000000000,1
176,75887,75887,1783332971866785763,1783332971866785763,1783332971866861650,1783332971866861650,1783332971866861650,0,1.000000000000,1.000000000000,1.000000000000,1
177,82066,82066,1783332971866915492,1783332971866915492,1783332971866997558,1783332971866997558,1783332971866997558,0,1.000000000000,1.000000000000,1.000000000000,1
178,85406,85406,1783332971867009580,1783332971867009580,1783332971867094986,1783332971867094986,1783332971867094986,0,1.000000000000,1.000000000000,1.000000000000,1
179,83855,83855,1783332971867143539,1783332971867143539,1783332971867227394,1783332971867227394,1783332971867227394,0,1.000000000000,1.000000000000,1.000000000000,1
180,85155,85155,1783332971867242278,1783332971867242278,1783332971867327433,1783332971867327433,1783332971867327433,1,1.000000000000,1.000000000000,1.000000000000,1
181,83464,83464,1783332971867382926,1783332971867382926,1783332971867466390,1783332971867466390,1783332971867466390,2,1.000000000000,1.000000000000,1.000000000000,1
182,91224,91224,1783332971867472715,1783332971867472715,1783332971867563939,1783332971867563939,1783332971867563939,0,1.000000000000,1.000000000000,1.000000000000,1
183,88183,88183,1783332971867618013,1783332971867618013,1783332971867706196,1783332971867706196,1783332971867706196,3,1.000000000000,1.000000000000,1.000000000000,1
184,87092,87092,1783332971867721792,1783332971867721792,1783332971867808884,1783332971867808884,1783332971867808884,1,1.000000000000,1.000000000000,1.000000000000,1
185,82822,82822,1783332971867874210,1783332971867874210,1783332971867957032,1783332971867957032,1783332971867957032,3,1.000000000000,1.000000000000,1.000000000000,1
186,114831,114831,1783332971867941139,1783332971867941139,1783332971868055970,1783332971868055970,1783332971868055970,3,1.000000000000,1.000000000000,1.000000000000,1
187,84831,84831,1783332971868069628,1783332971868069628,1783332971868154459,1783332971868154459,1783332971868154459,1,1.000000000000,1.000000000000,1.000000000000,1
188,91131,91131,1783332971868188646,1783332971868188646,1783332971868279777,1783332971868279777,1783332971868279777,2,1.000000000000,1.000000000000,1.000000000000,1
189,87929,87929,1783332971868317625,1783332971868317625,1783332971868405554,1783332971868405554,1783332971868405554,0,1.000000000000,1.000000000000,1.000000000000,1
190,83619,83619,1783332971868441723,1783332971868441723,1783332971868525342,1783332971868525342,1783332971868525342,1,1.000000000000,1.000000000000,1.000000000000,1
191,90269,90269,1783332971868531812,1783332971868531812,1783332971868622081,1783332971868622081,1783332971868622081,0,1.000000000000,1.000000000000,1.000000000000,1
192,90367,90367,1783332971868679711,1783332971868679711,1783332971868770078,1783332971868770078,1783332971868770078,0,1.000000000000,1.000000000000,1.000000000000,1
193,105597,105597,1783332971868764530,1783332971868764530,1783332971868870127,1783332971868870127,1783332971868870127,3,1.000000000000,1.000000000000,1.000000000000,1
194,98456,98456,1783332971868881279,1783332971868881279,1783332971868979735,1783332971868979735,1783332971868979735,3,1.000000000000,1.000000000000,1.000000000000,1
195,78645,78645,1783332971868998218,1783332971868998218,1783332971869076863,1783332971869076863,1783332971869076863,0,1.000000000000,1.000000000000,1.000000000000,1
196,75605,75605,1783332971869110906,1783332971869110906,1783332971869186511,1783332971869186511,1783332971869186511,2,1.000000000000,1.000000000000,1.000000000000,1
197,75694,75694,1783332971869226115,1783332971869226115,1783332971869301809,1783332971869301809,1783332971869301809,2,1.000000000000,1.000000000000,1.000000000000,1
198,80984,80984,1783332971869351104,1783332971869351104,1783332971869432088,1783332971869432088,1783332971869432088,0,1.000000000000,1.000000000000,1.000000000000,1
199,84324,84324,1783332971869466712,1783332971869466712,1783332971869551036,1783332971869551036,1783332971869551036,0,1.000000000000,1.000000000000,1.000000000000,1
200,79863,79863,1783332971869583911,1783332971869583911,1783332971869663774,1783332971869663774,1783332971869663774,1,1.000000000000,1.000000000000,1.000000000000,1
201,77333,77333,1783332971869717029,1783332971869717029,1783332971869794362,1783332971869794362,1783332971869794362,1,1.000000000000,1.000000000000,1.000000000000,1
202,77022,77022,1783332971869834438,1783332971869834438,1783332971869911460,1783332971869911460,1783332971869911460,3,1.000000000000,1.000000000000,1.000000000000,1
203,76402,76402,1783332971869948256,1783332971869948256,1783332971870024658,1783332971870024658,1783332971870024658,2,1.000000000000,1.000000000000,1.000000000000,1
204,77091,77091,1783332971870063075,1783332971870063075,1783332971870140166,1783332971870140166,1783332971870140166,0,1.000000000000,1.000000000000,1.000000000000,1
205,77480,77480,1783332971870178544,1783332971870178544,1783332971870256024,1783332971870256024,1783332971870256024,1,1.000000000000,1.000000000000,1.000000000000,1
206,76710,76710,1783332971870298252,1783332971870298252,1783332971870374962,1783332971870374962,1783332971870374962,3,1.000000000000,1.000000000000,1.000000000000,1
207,76929,76929,1783332971870407051,1783332971870407051,1783332971870483980,1783332971870483980,1783332971870483980,3,1.000000000000,1.000000000000,1.000000000000,1
208,77669,77669,1783332971870527579,1783332971870527579,1783332971870605248,1783332971870605248,1783332971870605248,3,1.000000000000,1.000000000000,1.000000000000,1
209,76318,76318,1783332971870650828,1783332971870650828,1783332971870727146,1783332971870727146,1783332971870727146,3,1.000000000000,1.000000000000,1.000000000000,1
210,78617,78617,1783332971870765197,1783332971870765197,1783332971870843814,1783332971870843814,1783332971870843814,3,1.000000000000,1.000000000000,1.000000000000,1
211,75848,75848,1783332971870877365,1783332971870877365,1783332971870953213,1783332971870953213,1783332971870953213,0,1.000000000000,1.000000000000,1.000000000000,1
212,77277,77277,1783332971870995474,1783332971870995474,1783332971871072751,1783332971871072751,1783332971871072751,3,1.000000000000,1.000000000000,1.000000000000,1
213,80636,80636,1783332971871120292,1783332971871120292,1783332971871200928,1783332971871200928,1783332971871200928,0,1.000000000000,1.000000000000,1.000000000000,1
214,76746,76746,1783332971871226391,1783332971871226391,1783332971871303137,1783332971871303137,1783332971871303137,3,1.000000000000,1.000000000000,1.000000000000,1
215,76135,76135,1783332971871344070,1783332971871344070,1783332971871420205,1783332971871420205,1783332971871420205,1,1.000000000000,1.000000000000,1.000000000000,1
216,79065,79065,1783332971871466848,1783332971871466848,1783332971871545913,1783332971871545913,1783332971871545913,1,1.000000000000,1.000000000000,1.000000000000,1
217,76014,76014,1783332971871587927,1783332971871587927,1783332971871663941,1783332971871663941,1783332971871663941,1,1.000000000000,1.000000000000,1.000000000000,1
218,77203,77203,1783332971871716025,1783332971871716025,1783332971871793228,1783332971871793228,1783332971871793228,1,1.000000000000,1.000000000000,1.000000000000,1
219,76283,76283,1783332971871823134,1783332971871823134,1783332971871899417,1783332971871899417,1783332971871899417,1,1.000000000000,1.000000000000,1.000000000000,1
220,77651,77651,1783332971871946124,1783332971871946124,1783332971872023775,1783332971872023775,1783332971872023775,2,1.000000000000,1.000000000000,1.000000000000,1
221,75271,75271,1783332971872056642,1783332971872056642,1783332971872131913,1783332971872131913,1783332971872131913,0,1.000000000000,1.000000000000,1.000000000000,1
222,75300,75300,1783332971872170711,1783332971872170711,1783332971872246011,1783332971872246011,1783332971872246011,2,1.000000000000,1.000000000000,1.000000000000,1
223,76990,76990,1783332971872313469,1783332971872313469,1783332971872390459,1783332971872390459,1783332971872390459,1,1.000000000000,1.000000000000,1.000000000000,1
224,83420,83420,1783332971872405608,1783332971872405608,1783332971872489028,1783332971872489028,1783332971872489028,3,1.000000000000,1.000000000000,1.000000000000,1
225,76029,76029,1783332971872528347,1783332971872528347,1783332971872604376,1783332971872604376,1783332971872604376,2,1.000000000000,1.000000000000,1.000000000000,1
226,75479,75479,1783332971872652985,1783332971872652985,1783332971872728464,1783332971872728464,1783332971872728464,0,1.000000000000,1.000000000000,1.000000000000,1
227,90837,90837,1783332971872773814,1783332971872773814,1783332971872864651,1783332971872864651,1783332971872864651,0,1.000000000000,1.000000000000,1.000000000000,1
228,77318,77318,1783332971872892222,1783332971872892222,1783332971872969540,1783332971872969540,1783332971872969540,3,1.000000000000,1.000000000000,1.000000000000,1
229,75367,75367,1783332971873002961,1783332971873002961,1783332971873078328,1783332971873078328,1783332971873078328,1,1.000000000000,1.000000000000,1.000000000000,1
230,74707,74707,1783332971873116109,1783332971873116109,1783332971873190816,1783332971873190816,1783332971873190816,2,1.000000000000,1.000000000000,1.000000000000,1
231,78366,78366,1783332971873230958,1783332971873230958,1783332971873309324,1783332971873309324,1783332971873309324,2,1.000000000000,1.000000000000,1.000000000000,1
232,78145,78145,1783332971873354237,1783332971873354237,1783332971873432382,1783332971873432382,1783332971873432382,0,1.000000000000,1.000000000000,1.000000000000,1
233,78265,78265,1783332971873471315,1783332971873471315,1783332971873549580,1783332971873549580,1783332971873549580,1,1.000000000000,1.000000000000,1.000000000000,1
234,76004,76004,1783332971873598904,1783332971873598904,1783332971873674908,1783332971873674908,1783332971873674908,0,1.000000000000,1.000000000000,1.000000000000,1
235,76194,76194,1783332971873719842,1783332971873719842,1783332971873796036,1783332971873796036,1783332971873796036,3,1.000000000000,1.000000000000,1.000000000000,1
236,75273,75273,1783332971873833331,1783332971873833331,1783332971873908604,1783332971873908604,1783332971873908604,3,1.000000000000,1.000000000000,1.000000000000,1
237,75393,75393,1783332971873945669,1783332971873945669,1783332971874021062,1783332971874021062,1783332971874021062,2,1.000000000000,1.000000000000,1.000000000000,1
238,74872,74872,1783332971874060528,1783332971874060528,1783332971874135400,1783332971874135400,1783332971874135400,3,1.000000000000,1.000000000000,1.000000000000,1
239,77421,77421,1783332971874175877,1783332971874175877,1783332971874253298,1783332971874253298,1783332971874253298,3,1.000000000000,1.000000000000,1.000000000000,1
240,76341,76341,1783332971874297655,1783332971874297655,1783332971874373996,1783332971874373996,1783332971874373996,2,1.000000000000,1.000000000000,1.000000000000,1
241,74970,74970,1783332971874415814,1783332971874415814,1783332971874490784,1783332971874490784,1783332971874490784,2,1.000000000000,1.000000000000,1.000000000000,1
242,75099,75099,1783332971874521143,1783332971874521143,1783332971874596242,1783332971874596242,1783332971874596242,3,1.000000000000,1.000000000000,1.000000000000,1
243,76559,76559,1783332971874653471,1783332971874653471,1783332971874730030,1783332971874730030,1783332971874730030,0,1.000000000000,1.000000000000,1.000000000000,1
244,76178,76178,1783332971874774280,1783332971874774280,1783332971874850458,1783332971874850458,1783332971874850458,1,1.000000000000,1.000000000000,1.000000000000,1
245,74707,74707,1783332971874886619,1783332971874886619,1783332971874961326,1783332971874961326,1783332971874961326,3,1.000000000000,1.000000000000,1.000000000000,1
246,75186,75186,1783332971875000778,1783332971875000778,1783332971875075964,1783332971875075964,1783332971875075964,3,1.000000000000,1.000000000000,1.000000000000,1
247,77076,77076,1783332971875117616,1783332971875117616,1783332971875194692,1783332971875194692,1783332971875194692,2,1.000000000000,1.000000000000,1.000000000000,1
248,76056,76056,1783332971875229355,1783332971875229355,1783332971875305411,1783332971875305411,1783332971875305411,3,1.000000000000,1.000000000000,1.000000000000,1
249,75196,75196,1783332971875347914,1783332971875347914,1783332971875423110,1783332971875423110,1783332971875423110,1,1.000000000000,1.000000000000,1.000000000000,1
250,78186,78186,1783332971875466882,1783332971875466882,1783332971875545068,1783332971875545068,1783332971875545068,2,1.000000000000,1.000000000000,1.000000000000,1
251,75365,75365,1783332971875594801,1783332971875594801,1783332971875670166,1783332971875670166,1783332971875670166,2,1.000000000000,1.000000000000,1.000000000000,1
252,75924,75924,1783332971875718349,1783332971875718349,1783332971875794273,1783332971875794273,1783332971875794273,2,1.000000000000,1.000000000000,1.000000000000,1
253,77894,77894,1783332971875829228,1783332971875829228,1783332971875907122,1783332971875907122,1783332971875907122,0,1.000000000000,1.000000000000,1.000000000000,1
254,75794,75794,1783332971875946966,1783332971875946966,1783332971876022760,1783332971876022760,1783332971876022760,0,1.000000000000,1.000000000000,1.000000000000,1
255,77493,77493,1783332971876058205,1783332971876058205,1783332971876135698,1783332971876135698,1783332971876135698,2,1.000000000000,1.000000000000,1.000000000000,1
256,76812,76812,1783332971876170804,1783332971876170804,1783332971876247616,1783332971876247616,1783332971876247616,3,1.000000000000,1.000000000000,1.000000000000,1
257,76252,76252,1783332971876298192,1783332971876298192,1783332971876374444,1783332971876374444,1783332971876374444,2,1.000000000000,1.000000000000,1.000000000000,1
258,77371,77371,1783332971876406371,1783332971876406371,1783332971876483742,1783332971876483742,1783332971876483742,2,1.000000000000,1.000000000000,1.000000000000,1
259,77090,77090,1783332971876524300,1783332971876524300,1783332971876601390,1783332971876601390,1783332971876601390,2,1.000000000000,1.000000000000,1.000000000000,1
260,83500,83500,1783332971876653478,1783332971876653478,1783332971876736978,1783332971876736978,1783332971876736978,3,1.000000000000,1.000000000000,1.000000000000,1
261,77919,77919,1783332971876774887,1783332971876774887,1783332971876852806,1783332971876852806,1783332971876852806,3,1.000000000000,1.000000000000,1.000000000000,1
262,76109,76109,1783332971876890045,1783332971876890045,1783332971876966154,1783332971876966154,1783332971876966154,2,1.000000000000,1.000000000000,1.000000000000,1
263,76418,76418,1783332971877002864,1783332971877002864,1783332971877079282,1783332971877079282,1783332971877079282,1,1.000000000000,1.000000000000,1.000000000000,1
264,77678,77678,1783332971877116592,1783332971877116592,1783332971877194270,1783332971877194270,1783332971877194270,1,1.000000000000,1.000000000000,1.000000000000,1
265,75297,75297,1783332971877232441,1783332971877232441,1783332971877307738,1783332971877307738,1783332971877307738,2,1.000000000000,1.000000000000,1.000000000000,1
266,78676,78676,1783332971877351870,1783332971877351870,1783332971877430546,1783332971877430546,1783332971877430546,1,1.000000000000,1.000000000000,1.000000000000,1
267,75136,75136,1783332971877470178,1783332971877470178,1783332971877545314,1783332971877545314,1783332971877545314,1,1.000000000000,1.000000000000,1.000000000000,1
268,74915,74915,1783332971877594797,1783332971877594797,1783332971877669712,1783332971877669712,1783332971877669712,0,1.000000000000,1.000000000000,1.000000000000,1
269,75785,75785,1783332971877728375,1783332971877728375,1783332971877804160,1783332971877804160,1783332971877804160,0,1.000000000000,1.000000000000,1.000000000000,1
270,74343,74343,1783332971877830695,1783332971877830695,1783332971877905038,1783332971877905038,1783332971877905038,0,1.000000000000,1.000000000000,1.000000000000,1
271,74822,74822,1783332971877944324,1783332971877944324,1783332971878019146,1783332971878019146,1783332971878019146,3,1.000000000000,1.000000000000,1.000000000000,1
272,75152,75152,1783332971878061482,1783332971878061482,1783332971878136634,1783332971878136634,1783332971878136634,0,1.000000000000,1.000000000000,1.000000000000,1
273,77131,77131,1783332971878175061,1783332971878175061,1783332971878252192,1783332971878252192,1783332971878252192,1,1.000000000000,1.000000000000,1.000000000000,1
274,74712,74712,1783332971878294799,1783332971878294799,1783332971878369511,1783332971878369511,1783332971878369511,1,1.000000000000,1.000000000000,1.000000000000,1
275,76262,76262,1783332971878404478,1783332971878404478,1783332971878480740,1783332971878480740,1783332971878480740,3,1.000000000000,1.000000000000,1.000000000000,1
276,75770,75770,1783332971878530607,1783332971878530607,1783332971878606377,1783332971878606377,1783332971878606377,1,1.000000000000,1.000000000000,1.000000000000,1
277,75820,75820,1783332971878654955,1783332971878654955,1783332971878730775,1783332971878730775,1783332971878730775,0,1.000000000000,1.000000000000,1.000000000000,1
278,76649,76649,1783332971878773004,1783332971878773004,1783332971878849653,1783332971878849653,1783332971878849653,3,1.000000000000,1.000000000000,1.000000000000,1
279,75839,75839,1783332971878883552,1783332971878883552,1783332971878959391,1783332971878959391,1783332971878959391,2,1.000000000000,1.000000000000,1.000000000000,1
280,76539,76539,1783332971879000611,1783332971879000611,1783332971879077150,1783332971879077150,1783332971879077150,1,1.000000000000,1.000000000000,1.000000000000,1
281,75618,75618,1783332971879113150,1783332971879113150,1783332971879188768,1783332971879188768,1783332971879188768,1,1.000000000000,1.000000000000,1.000000000000,1
282,75398,75398,1783332971879225988,1783332971879225988,1783332971879301386,1783332971879301386,1783332971879301386,0,1.000000000000,1.000000000000,1.000000000000,1
283,77507,77507,1783332971879348637,1783332971879348637,1783332971879426144,1783332971879426144,1783332971879426144,2,1.000000000000,1.000000000000,1.000000000000,1
284,75327,75327,1783332971879466555,1783332971879466555,1783332971879541882,1783332971879541882,1783332971879541882,3,1.000000000000,1.000000000000,1.000000000000,1
285,75286,75286,1783332971879586524,1783332971879586524,1783332971879661810,1783332971879661810,1783332971879661810,0,1.000000000000,1.000000000000,1.000000000000,1
286,76955,76955,1783332971879708363,1783332971879708363,1783332971879785318,1783332971879785318,1783332971879785318,1,1.000000000000,1.000000000000,1.000000000000,1
287,76275,76275,1783332971879819791,1783332971879819791,1783332971879896066,1783332971879896066,1783332971879896066,0,1.000000000000,1.000000000000,1.000000000000,1
288,75584,75584,1783332971879932890,1783332971879932890,1783332971880008474,1783332971880008474,1783332971880008474,2,1.000000000000,1.000000000000,1.000000000000,1
289,74004,74004,1783332971880049778,1783332971880049778,1783332971880123782,1783332971880123782,1783332971880123782,0,1.000000000000,1.000000000000,1.000000000000,1
290,74513,74513,1783332971880160387,1783332971880160387,1783332971880234900,1783332971880234900,1783332971880234900,3,1.000000000000,1.000000000000,1.000000000000,1
291,75742,75742,1783332971880285056,1783332971880285056,1783332971880360798,1783332971880360798,1783332971880360798,0,1.000000000000,1.000000000000,1.000000000000,1
292,76112,76112,1783332971880392554,1783332971880392554,1783332971880468666,1783332971880468666,1783332971880468666,1,1.000000000000,1.000000000000,1.000000000000,1
293,90581,90581,1783332971880516283,1783332971880516283,1783332971880606864,1783332971880606864,1783332971880606864,0,1.000000000000,1.000000000000,1.000000000000,1
294,76471,76471,1783332971880643511,1783332971880643511,1783332971880719982,1783332971880719982,1783332971880719982,1,1.000000000000,1.000000000000,1.000000000000,1
295,75940,75940,1783332971880762330,1783332971880762330,1783332971880838270,1783332971880838270,1783332971880838270,3,1.000000000000,1.000000000000,1.000000000000,1
296,77408,77408,1783332971880881450,1783332971880881450,1783332971880958858,1783332971880958858,1783332971880958858,3,1.000000000000,1.000000000000,1.000000000000,1
297,74268,74268,1783332971881004778,1783332971881004778,1783332971881079046,1783332971881079046,1783332971881079046,0,1.000000000000,1.000000000000,1.000000000000,1
298,75807,75807,1783332971881117437,1783332971881117437,1783332971881193244,1783332971881193244,1783332971881193244,3,1.000000000000,1.000000000000,1.000000000000,1
299,74627,74627,1783332971881230295,1783332971881230295,1783332971881304922,1783332971881304922,1783332971881304922,3,1.000000000000,1.000000000000,1.000000000000,1
300,75247,75247,1783332971881348714,1783332971881348714,1783332971881423961,1783332971881423961,1783332971881423961,3,1.000000000000,1.000000000000,1.000000000000,1
301,76096,76096,1783332971881467023,1783332971881467023,1783332971881543119,1783332971881543119,1783332971881543119,0,1.000000000000,1.000000000000,1.000000000000,1
302,76706,76706,1783332971881595001,1783332971881595001,1783332971881671707,1783332971881671707,1783332971881671707,0,1.000000000000,1.000000000000,1.000000000000,1
303,77415,77415,1783332971881716170,1783332971881716170,1783332971881793585,1783332971881793585,1783332971881793585,3,1.000000000000,1.000000000000,1.000000000000,1
304,74045,74045,1783332971881826898,1783332971881826898,1783332971881900943,1783332971881900943,1783332971881900943,1,1.000000000000,1.000000000000,1.000000000000,1
305,75714,75714,1783332971881943557,1783332971881943557,1783332971882019271,1783332971882019271,1783332971882019271,2,1.000000000000,1.000000000000,1.000000000000,1
306,74413,74413,1783332971882055276,1783332971882055276,1783332971882129689,1783332971882129689,1783332971882129689,1,1.000000000000,1.000000000000,1.000000000000,1
307,74713,74713,1783332971882172334,1783332971882172334,1783332971882247047,1783332971882247047,1783332971882247047,0,1.000000000000,1.000000000000,1.000000000000,1
308,77332,77332,1783332971882295483,1783332971882295483,1783332971882372815,1783332971882372815,1783332971882372815,2,1.000000000000,1.000000000000,1.000000000000,1
309,76182,76182,1783332971882408311,1783332971882408311,1783332971882484493,1783332971882484493,1783332971882484493,3,1.000000000000,1.000000000000,1.000000000000,1
310,74991,74991,1783332971882533140,1783332971882533140,1783332971882608131,1783332971882608131,1783332971882608131,3,1.000000000000,1.000000000000,1.000000000000,1
311,78291,78291,1783332971882654468,1783332971882654468,1783332971882732759,1783332971882732759,1783332971882732759,1,1.000000000000,1.000000000000,1.000000000000,1
312,80450,80450,1783332971882778017,1783332971882778017,1783332971882858467,1783332971882858467,1783332971882858467,3,1.000000000000,1.000000000000,1.000000000000,1
313,75299,75299,1783332971882888186,1783332971882888186,1783332971882963485,1783332971882963485,1783332971882963485,0,1.000000000000,1.000000000000,1.000000000000,1
314,74469,74469,1783332971883002024,1783332971883002024,1783332971883076493,1783332971883076493,1783332971883076493,1,1.000000000000,1.000000000000,1.000000000000,1
315,74848,74848,1783332971883116023,1783332971883116023,1783332971883190871,1783332971883190871,1783332971883190871,1,1.000000000000,1.000000000000,1.000000000000,1
316,75177,75177,1783332971883233292,1783332971883233292,1783332971883308469,1783332971883308469,1783332971883308469,2,1.000000000000,1.000000000000,1.000000000000,1
317,75357,75357,1783332971883348770,1783332971883348770,1783332971883424127,1783332971883424127,1783332971883424127,1,1.000000000000,1.000000000000,1.000000000000,1
318,77896,77896,1783332971883472319,1783332971883472319,1783332971883550215,1783332971883550215,1783332971883550215,3,1.000000000000,1.000000000000,1.000000000000,1
319,74526,74526,1783332971883593187,1783332971883593187,1783332971883667713,1783332971883667713,1783332971883667713,1,1.000000000000,1.000000000000,1.000000000000,1
320,76275,76275,1783332971883719056,1783332971883719056,1783332971883795331,1783332971883795331,1783332971883795331,0,1.000000000000,1.000000000000,1.000000000000,1
321,83264,83264,1783332971883835215,1783332971883835215,1783332971883918479,1783332971883918479,1783332971883918479,2,1.000000000000,1.000000000000,1.000000000000,1
322,74873,74873,1783332971883951244,1783332971883951244,1783332971884026117,1783332971884026117,1783332971884026117,0,1.000000000000,1.000000000000,1.000000000000,1
323,76012,76012,1783332971884067043,1783332971884067043,1783332971884143055,1783332971884143055,1783332971884143055,1,1.000000000000,1.000000000000,1.000000000000,1
324,74332,74332,1783332971884179571,1783332971884179571,1783332971884253903,1783332971884253903,1783332971884253903,2,1.000000000000,1.000000000000,1.000000000000,1
325,78093,78093,1783332971884324529,1783332971884324529,1783332971884402622,1783332971884402622,1783332971884402622,0,1.000000000000,1.000000000000,1.000000000000,1
326,114591,114591,1783332971884395599,1783332971884395599,1783332971884510190,1783332971884510190,1783332971884510190,0,1.000000000000,1.000000000000,1.000000000000,1
327,75882,75882,1783332971884534227,1783332971884534227,1783332971884610109,1783332971884610109,1783332971884610109,1,1.000000000000,1.000000000000,1.000000000000,1
328,78330,78330,1783332971884653526,1783332971884653526,1783332971884731856,1783332971884731856,1783332971884731856,2,1.000000000000,1.000000000000,1.000000000000,1
329,77150,77150,1783332971884775384,1783332971884775384,1783332971884852534,1783332971884852534,1783332971884852534,3,1.000000000000,1.000000000000,1.000000000000,1
330,75890,75890,1783332971884887273,1783332971884887273,1783332971884963163,1783332971884963163,1783332971884963163,1,1.000000000000,1.000000000000,1.000000000000,1
331,76720,76720,1783332971885005371,1783332971885005371,1783332971885082091,1783332971885082091,1783332971885082091,0,1.000000000000,1.000000000000,1.000000000000,1
332,74899,74899,1783332971885116800,1783332971885116800,1783332971885191699,1783332971885191699,1783332971885191699,2,1.000000000000,1.000000000000,1.000000000000,1
333,76608,76608,1783332971885230629,1783332971885230629,1783332971885307237,1783332971885307237,1783332971885307237,0,1.000000000000,1.000000000000,1.000000000000,1
334,74448,74448,1783332971885350717,1783332971885350717,1783332971885425165,1783332971885425165,1783332971885425165,3,1.000000000000,1.000000000000,1.000000000000,1
335,75107,75107,1783332971885479466,1783332971885479466,1783332971885554573,1783332971885554573,1783332971885554573,1,1.000000000000,1.000000000000,1.000000000000,1
336,75747,75747,1783332971885599994,1783332971885599994,1783332971885675741,1783332971885675741,1783332971885675741,3,1.000000000000,1.000000000000,1.000000000000,1
337,75345,75345,1783332971885724993,1783332971885724993,1783332971885800338,1783332971885800338,1783332971885800338,3,1.000000000000,1.000000000000,1.000000000000,1
338,78176,78176,1783332971885838271,1783332971885838271,1783332971885916447,1783332971885916447,1783332971885916447,1,1.000000000000,1.000000000000,1.000000000000,1
339,76435,76435,1783332971885949650,1783332971885949650,1783332971886026085,1783332971886026085,1783332971886026085,2,1.000000000000,1.000000000000,1.000000000000,1
340,74374,74374,1783332971886062829,1783332971886062829,1783332971886137203,1783332971886137203,1783332971886137203,3,1.000000000000,1.000000000000,1.000000000000,1
341,75214,75214,1783332971886177587,1783332971886177587,1783332971886252801,1783332971886252801,1783332971886252801,1,1.000000000000,1.000000000000,1.000000000000,1
342,76293,76293,1783332971886303866,1783332971886303866,1783332971886380159,1783332971886380159,1783332971886380159,0,1.000000000000,1.000000000000,1.000000000000,1
343,75773,75773,1783332971886409574,1783332971886409574,1783332971886485347,1783332971886485347,1783332971886485347,1,1.000000000000,1.000000000000,1.000000000000,1
344,77232,77232,1783332971886529893,1783332971886529893,1783332971886607125,1783332971886607125,1783332971886607125,2,1.000000000000,1.000000000000,1.000000000000,1
345,75032,75032,1783332971886657261,1783332971886657261,1783332971886732293,1783332971886732293,1783332971886732293,0,1.000000000000,1.000000000000,1.000000000000,1
346,79711,79711,1783332971886770870,1783332971886770870,1783332971886850581,1783332971886850581,1783332971886850581,2,1.000000000000,1.000000000000,1.000000000000,1
347,75099,75099,1783332971886884050,1783332971886884050,1783332971886959149,1783332971886959149,1783332971886959149,1,1.000000000000,1.000000000000,1.000000000000,1
348,74789,74789,1783332971886998208,1783332971886998208,1783332971887072997,1783332971887072997,1783332971887072997,2,1.000000000000,1.000000000000,1.000000000000,1
349,75818,75818,1783332971887114947,1783332971887114947,1783332971887190765,1783332971887190765,1783332971887190765,0,1.000000000000,1.000000000000,1.000000000000,1
350,75577,75577,1783332971887227626,1783332971887227626,1783332971887303203,1783332971887303203,1783332971887303203,2,1.000000000000,1.000000000000,1.000000000000,1
351,74488,74488,1783332971887344994,1783332971887344994,1783332971887419482,1783332971887419482,1783332971887419482,1,1.000000000000,1.000000000000,1.000000000000,1
352,75427,75427,1783332971887470423,1783332971887470423,1783332971887545850,1783332971887545850,1783332971887545850,2,1.000000000000,1.000000000000,1.000000000000,1
353,76127,76127,1783332971887600581,1783332971887600581,1783332971887676708,1783332971887676708,1783332971887676708,1,1.000000000000,1.000000000000,1.000000000000,1
354,75506,75506,1783332971887712630,1783332971887712630,1783332971887788136,1783332971887788136,1783332971887788136,2,1.000000000000,1.000000000000,1.000000000000,1
355,74756,74756,1783332971887821978,1783332971887821978,1783332971887896734,1783332971887896734,1783332971887896734,2,1.000000000000,1.000000000000,1.000000000000,1
356,77675,77675,1783332971887938707,1783332971887938707,1783332971888016382,1783332971888016382,1783332971888016382,1,1.000000000000,1.000000000000,1.000000000000,1
357,74964,74964,1783332971888052426,1783332971888052426,1783332971888127390,1783332971888127390,1783332971888127390,0,1.000000000000,1.000000000000,1.000000000000,1
358,78744,78744,1783332971888165914,1783332971888165914,1783332971888244658,1783332971888244658,1783332971888244658,2,1.000000000000,1.000000000000,1.000000000000,1
359,87643,87643,1783332971888287423,1783332971888287423,1783332971888375066,1783332971888375066,1783332971888375066,2,1.000000000000,1.000000000000,1.000000000000,1
360,80443,80443,1783332971888398411,1783332971888398411,1783332971888478854,1783332971888478854,1783332971888478854,3,1.000000000000,1.000000000000,1.000000000000,1
361,74373,74373,1783332971888518670,1783332971888518670,1783332971888593043,1783332971888593043,1783332971888593043,1,1.000000000000,1.000000000000,1.000000000000,1
362,75452,75452,1783332971888662898,1783332971888662898,1783332971888738350,1783332971888738350,1783332971888738350,3,1.000000000000,1.000000000000,1.000000000000,1
363,76411,76411,1783332971888783327,1783332971888783327,1783332971888859738,1783332971888859738,1783332971888859738,3,1.000000000000,1.000000000000,1.000000000000,1
364,75730,75730,1783332971888893356,1783332971888893356,1783332971888969086,1783332971888969086,1783332971888969086,1,1.000000000000,1.000000000000,1.000000000000,1
365,82720,82720,1783332971889007694,1783332971889007694,1783332971889090414,1783332971889090414,1783332971889090414,3,1.000000000000,1.000000000000,1.000000000000,1
366,75179,75179,1783332971889122513,1783332971889122513,1783332971889197692,1783332971889197692,1783332971889197692,0,1.000000000000,1.000000000000,1.000000000000,1
367,77619,77619,1783332971889246631,1783332971889246631,1783332971889324250,1783332971889324250,1783332971889324250,0,1.000000000000,1.000000000000,1.000000000000,1
368,79338,79338,1783332971889375300,1783332971889375300,1783332971889454638,1783332971889454638,1783332971889454638,2,1.000000000000,1.000000000000,1.000000000000,1
369,76578,76578,1783332971889494578,1783332971889494578,1783332971889571156,1783332971889571156,1783332971889571156,1,1.000000000000,1.000000000000,1.000000000000,1
370,78797,78797,1783332971889616277,1783332971889616277,1783332971889695074,1783332971889695074,1783332971889695074,1,1.000000000000,1.000000000000,1.000000000000,1
371,74706,74706,1783332971889731166,1783332971889731166,1783332971889805872,1783332971889805872,1783332971889805872,1,1.000000000000,1.000000000000,1.000000000000,1
372,73465,73465,1783332971889843485,1783332971889843485,1783332971889916950,1783332971889916950,1783332971889916950,2,1.000000000000,1.000000000000,1.000000000000,1
373,74794,74794,1783332971889958024,1783332971889958024,1783332971890032818,1783332971890032818,1783332971890032818,1,1.000000000000,1.000000000000,1.000000000000,1
374,73814,73814,1783332971890076152,1783332971890076152,1783332971890149966,1783332971890149966,1783332971890149966,2,1.000000000000,1.000000000000,1.000000000000,1
375,75714,75714,1783332971890186711,1783332971890186711,1783332971890262425,1783332971890262425,1783332971890262425,3,1.000000000000,1.000000000000,1.000000000000,1
376,76364,76364,1783332971890305860,1783332971890305860,1783332971890382224,1783332971890382224,1783332971890382224,3,1.000000000000,1.000000000000,1.000000000000,1
377,75073,75073,1783332971890431008,1783332971890431008,1783332971890506081,1783332971890506081,1783332971890506081,0,1.000000000000,1.000000000000,1.000000000000,1
378,77452,77452,1783332971890555217,1783332971890555217,1783332971890632669,1783332971890632669,1783332971890632669,2,1.000000000000,1.000000000000,1.000000000000,1
379,82022,82022,1783332971890674075,1783332971890674075,1783332971890756097,1783332971890756097,1783332971890756097,3,1.000000000000,1.000000000000,1.000000000000,1
380,74552,74552,1783332971890789134,1783332971890789134,1783332971890863686,1783332971890863686,1783332971890863686,1,1.000000000000,1.000000000000,1.000000000000,1
381,78020,78020,1783332971890910543,1783332971890910543,1783332971890988563,1783332971890988563,1783332971890988563,1,1.000000000000,1.000000000000,1.000000000000,1
382,75461,75461,1783332971891016631,1783332971891016631,1783332971891092092,1783332971891092092,1783332971891092092,1,1.000000000000,1.000000000000,1.000000000000,1
383,75420,75420,1783332971891131550,1783332971891131550,1783332971891206970,1783332971891206970,1783332971891206970,3,1.000000000000,1.000000000000,1.000000000000,1
384,74699,74699,1783332971891246259,1783332971891246259,1783332971891320958,1783332971891320958,1783332971891320958,3,1.000000000000,1.000000000000,1.000000000000,1
385,74749,74749,1783332971891372607,1783332971891372607,1783332971891447356,1783332971891447356,1783332971891447356,0,1.000000000000,1.000000000000,1.000000000000,1
386,77618,77618,1783332971891482966,1783332971891482966,1783332971891560584,1783332971891560584,1783332971891560584,1,1.000000000000,1.000000000000,1.000000000000,1
387,74388,74388,1783332971891598264,1783332971891598264,1783332971891672652,1783332971891672652,1783332971891672652,1,1.000000000000,1.000000000000,1.000000000000,1
388,75487,75487,1783332971891722193,1783332971891722193,1783332971891797680,1783332971891797680,1783332971891797680,3,1.000000000000,1.000000000000,1.000000000000,1
389,83957,83957,1783332971891836961,1783332971891836961,1783332971891920918,1783332971891920918,1783332971891920918,1,1.000000000000,1.000000000000,1.000000000000,1
390,75406,75406,1783332971891950500,1783332971891950500,1783332971892025906,1783332971892025906,1783332971892025906,1,1.000000000000,1.000000000000,1.000000000000,1
391,74715,74715,1783332971892063079,1783332971892063079,1783332971892137794,1783332971892137794,1783332971892137794,0,1.000000000000,1.000000000000,1.000000000000,1
392,89185,89185,1783332971892178717,1783332971892178717,1783332971892267902,1783332971892267902,1783332971892267902,2,1.000000000000,1.000000000000,1.000000000000,1
393,76854,76854,1783332971892300336,1783332971892300336,1783332971892377190,1783332971892377190,1783332971892377190,3,1.000000000000,1.000000000000,1.000000000000,1
394,75813,75813,1783332971892418865,1783332971892418865,1783332971892494678,1783332971892494678,1783332971892494678,0,1.000000000000,1.000000000000,1.000000000000,1
395,79353,79353,1783332971892540083,1783332971892540083,1783332971892619436,1783332971892619436,1783332971892619436,0,1.000000000000,1.000000000000,1.000000000000,1
396,77442,77442,1783332971892661972,1783332971892661972,1783332971892739414,1783332971892739414,1783332971892739414,3,1.000000000000,1.000000000000,1.000000000000,1
397,76742,76742,1783332971892777570,1783332971892777570,1783332971892854312,1783332971892854312,1783332971892854312,2,1.000000000000,1.000000000000,1.000000000000,1
398,77380,77380,1783332971892888330,1783332971892888330,1783332971892965710,1783332971892965710,1783332971892965710,2,1.000000000000,1.000000000000,1.000000000000,1
399,74910,74910,1783332971893003269,1783332971893003269,1783332971893078179,1783332971893078179,1783332971893078179,0,1.000000000000,1.000000000000,1.000000000000,1
400,75780,75780,1783332971893118817,1783332971893118817,1783332971893194597,1783332971893194597,1783332971893194597,0,1.000000000000,1.000000000000,1.000000000000,1
401,74519,74519,1783332971893234426,1783332971893234426,1783332971893308945,1783332971893308945,1783332971893308945,2,1.000000000000,1.000000000000,1.000000000000,1
402,77160,77160,1783332971893352514,1783332971893352514,1783332971893429674,1783332971893429674,1783332971893429674,0,1.000000000000,1.000000000000,1.000000000000,1
403,76239,76239,1783332971893472523,1783332971893472523,1783332971893548762,1783332971893548762,1783332971893548762,1,1.000000000000,1.000000000000,1.000000000000,1
404,74478,74478,1783332971893593052,1783332971893593052,1783332971893667530,1783332971893667530,1783332971893667530,0,1.000000000000,1.000000000000,1.000000000000,1
405,76028,76028,1783332971893716660,1783332971893716660,1783332971893792688,1783332971893792688,1783332971893792688,1,1.000000000000,1.000000000000,1.000000000000,1
406,74677,74677,1783332971893827059,1783332971893827059,1783332971893901736,1783332971893901736,1783332971893901736,0,1.000000000000,1.000000000000,1.000000000000,1
407,74977,74977,1783332971893942397,1783332971893942397,1783332971894017374,1783332971894017374,1783332971894017374,3,1.000000000000,1.000000000000,1.000000000000,1
408,75956,75956,1783332971894055316,1783332971894055316,1783332971894131272,1783332971894131272,1783332971894131272,3,1.000000000000,1.000000000000,1.000000000000,1
409,74865,74865,1783332971894185365,1783332971894185365,1783332971894260230,1783332971894260230,1783332971894260230,2,1.000000000000,1.000000000000,1.000000000000,1
410,76605,76605,1783332971894298183,1783332971894298183,1783332971894374788,1783332971894374788,1783332971894374788,0,1.000000000000,1.000000000000,1.000000000000,1
411,74854,74854,1783332971894405412,1783332971894405412,1783332971894480266,1783332971894480266,1783332971894480266,1,1.000000000000,1.000000000000,1.000000000000,1
412,75194,75194,1783332971894525430,1783332971894525430,1783332971894600624,1783332971894600624,1783332971894600624,1,1.000000000000,1.000000000000,1.000000000000,1
413,76953,76953,1783332971894651829,1783332971894651829,1783332971894728782,1783332971894728782,1783332971894728782,3,1.000000000000,1.000000000000,1.000000000000,1
414,75942,75942,1783332971894771568,1783332971894771568,1783332971894847510,1783332971894847510,1783332971894847510,3,1.000000000000,1.000000000000,1.000000000000,1
415,74362,74362,1783332971894881796,1783332971894881796,1783332971894956158,1783332971894956158,1783332971894956158,0,1.000000000000,1.000000000000,1.000000000000,1
416,74941,74941,1783332971894995245,1783332971894995245,1783332971895070186,1783332971895070186,1783332971895070186,3,1.000000000000,1.000000000000,1.000000000000,1
417,74261,74261,1783332971895112683,1783332971895112683,1783332971895186944,1783332971895186944,1783332971895186944,0,1.000000000000,1.000000000000,1.000000000000,1
418,78790,78790,1783332971895230082,1783332971895230082,1783332971895308872,1783332971895308872,1783332971895308872,1,1.000000000000,1.000000000000,1.000000000000,1
419,74909,74909,1783332971895345681,1783332971895345681,1783332971895420590,1783332971895420590,1783332971895420590,1,1.000000000000,1.000000000000,1.000000000000,1
420,74709,74709,1783332971895463589,1783332971895463589,1783332971895538298,1783332971895538298,1783332971895538298,2,1.000000000000,1.000000000000,1.000000000000,1
421,74768,74768,1783332971895587798,1783332971895587798,1783332971895662566,1783332971895662566,1783332971895662566,1,1.000000000000,1.000000000000,1.000000000000,1
422,75598,75598,1783332971895709226,1783332971895709226,1783332971895784824,1783332971895784824,1783332971895784824,3,1.000000000000,1.000000000000,1.000000000000,1
423,80997,80997,1783332971895822285,1783332971895822285,1783332971895903282,1783332971895903282,1783332971895903282,2,1.000000000000,1.000000000000,1.000000000000,1
424,80265,80265,1783332971895936985,1783332971895936985,1783332971896017250,1783332971896017250,1783332971896017250,0,1.000000000000,1.000000000000,1.000000000000,1
425,87985,87985,1783332971896053553,1783332971896053553,1783332971896141538,1783332971896141538,1783332971896141538,3,1.000000000000,1.000000000000,1.000000000000,1
426,76684,76684,1783332971896165622,1783332971896165622,1783332971896242306,1783332971896242306,1783332971896242306,0,1.000000000000,1.000000000000,1.000000000000,1
427,76314,76314,1783332971896289170,1783332971896289170,1783332971896365484,1783332971896365484,1783332971896365484,3,1.000000000000,1.000000000000,1.000000000000,1
428,77285,77285,1783332971896398859,1783332971896398859,1783332971896476144,1783332971896476144,1783332971896476144,1,1.000000000000,1.000000000000,1.000000000000,1
429,77713,77713,1783332971896522138,1783332971896522138,1783332971896599851,1783332971896599851,1783332971896599851,0,1.000000000000,1.000000000000,1.000000000000,1
430,76713,76713,1783332971896642876,1783332971896642876,1783332971896719589,1783332971896719589,1783332971896719589,3,1.000000000000,1.000000000000,1.000000000000,1
431,77542,77542,1783332971896765205,1783332971896765205,1783332971896842747,1783332971896842747,1783332971896842747,1,1.000000000000,1.000000000000,1.000000000000,1
432,76252,76252,1783332971896888003,1783332971896888003,1783332971896964255,1783332971896964255,1783332971896964255,0,1.000000000000,1.000000000000,1.000000000000,1
433,75051,75051,1783332971897008502,1783332971897008502,1783332971897083553,1783332971897083553,1783332971897083553,3,1.000000000000,1.000000000000,1.000000000000,1
434,74471,74471,1783332971897119340,1783332971897119340,1783332971897193811,1783332971897193811,1783332971897193811,2,1.000000000000,1.000000000000,1.000000000000,1
435,74431,74431,1783332971897233239,1783332971897233239,1783332971897307670,1783332971897307670,1783332971897307670,1,1.000000000000,1.000000000000,1.000000000000,1
436,75060,75060,1783332971897354118,1783332971897354118,1783332971897429178,1783332971897429178,1783332971897429178,2,1.000000000000,1.000000000000,1.000000000000,1
437,75060,75060,1783332971897470916,1783332971897470916,1783332971897545976,1783332971897545976,1783332971897545976,1,1.000000000000,1.000000000000,1.000000000000,1
438,74039,74039,1783332971897577765,1783332971897577765,1783332971897651804,1783332971897651804,1783332971897651804,1,1.000000000000,1.000000000000,1.000000000000,1
439,75399,75399,1783332971897703763,1783332971897703763,1783332971897779162,1783332971897779162,1783332971897779162,3,1.000000000000,1.000000000000,1.000000000000,1
440,77248,77248,1783332971897818912,1783332971897818912,1783332971897896160,1783332971897896160,1783332971897896160,1,1.000000000000,1.000000000000,1.000000000000,1
441,73828,73828,1783332971897939810,1783332971897939810,1783332971898013638,1783332971898013638,1783332971898013638,0,1.000000000000,1.000000000000,1.000000000000,1
442,74117,74117,1783332971898060459,1783332971898060459,1783332971898134576,1783332971898134576,1783332971898134576,3,1.000000000000,1.000000000000,1.000000000000,1
443,77736,77736,1783332971898177318,1783332971898177318,1783332971898255054,1783332971898255054,1783332971898255054,3,1.000000000000,1.000000000000,1.000000000000,1
444,77236,77236,1783332971898301796,1783332971898301796,1783332971898379032,1783332971898379032,1783332971898379032,2,1.000000000000,1.000000000000,1.000000000000,1
445,75125,75125,1783332971898410575,1783332971898410575,1783332971898485700,1783332971898485700,1783332971898485700,1,1.000000000000,1.000000000000,1.000000000000,1
446,74245,74245,1783332971898530993,1783332971898530993,1783332971898605238,1783332971898605238,1783332971898605238,0,1.000000000000,1.000000000000,1.000000000000,1
447,74824,74824,1783332971898655112,1783332971898655112,1783332971898729936,1783332971898729936,1783332971898729936,2,1.000000000000,1.000000000000,1.000000000000,1
448,76373,76373,1783332971898768851,1783332971898768851,1783332971898845224,1783332971898845224,1783332971898845224,2,1.000000000000,1.000000000000,1.000000000000,1
449,74752,74752,1783332971898884430,1783332971898884430,1783332971898959182,1783332971898959182,1783332971898959182,1,1.000000000000,1.000000000000,1.000000000000,1
450,75431,75431,1783332971898994569,1783332971898994569,1783332971899070000,1783332971899070000,1783332971899070000,3,1.000000000000,1.000000000000,1.000000000000,1
451,79151,79151,1783332971899110397,1783332971899110397,1783332971899189548,1783332971899189548,1783332971899189548,2,1.000000000000,1.000000000000,1.000000000000,1
452,74100,74100,1783332971899224226,1783332971899224226,1783332971899298326,1783332971899298326,1783332971899298326,1,1.000000000000,1.000000000000,1.000000000000,1
453,76700,76700,1783332971899343525,1783332971899343525,1783332971899420225,1783332971899420225,1783332971899420225,3,1.000000000000,1.000000000000,1.000000000000,1
454,76840,76840,1783332971899465923,1783332971899465923,1783332971899542763,1783332971899542763,1783332971899542763,0,1.000000000000,1.000000000000,1.000000000000,1
455,74409,74409,1783332971899581272,1783332971899581272,1783332971899655681,1783332971899655681,1783332971899655681,0,1.000000000000,1.000000000000,1.000000000000,1
456,78909,78909,1783332971899704960,1783332971899704960,1783332971899783869,1783332971899783869,1783332971899783869,3,1.000000000000,1.000000000000,1.000000000000,1
457,74418,74418,1783332971899814509,1783332971899814509,1783332971899888927,1783332971899888927,1783332971899888927,3,1.000000000000,1.000000000000,1.000000000000,1
458,87488,87488,1783332971899937477,1783332971899937477,1783332971900024965,1783332971900024965,1783332971900024965,1,1.000000000000,1.000000000000,1.000000000000,1
459,74027,74027,1783332971900053366,1783332971900053366,1783332971900127393,1783332971900127393,1783332971900127393,0,1.000000000000,1.000000000000,1.000000000000,1
460,72726,72726,1783332971900159845,1783332971900159845,1783332971900232571,1783332971900232571,1783332971900232571,3,1.000000000000,1.000000000000,1.000000000000,1
461,76286,76286,1783332971900283603,1783332971900283603,1783332971900359889,1783332971900359889,1783332971900359889,0,1.000000000000,1.000000000000,1.000000000000,1
462,79525,79525,1783332971900393772,1783332971900393772,1783332971900473297,1783332971900473297,1783332971900473297,1,1.000000000000,1.000000000000,1.000000000000,1
463,79174,79174,1783332971900512261,1783332971900512261,1783332971900591435,1783332971900591435,1783332971900591435,2,1.000000000000,1.000000000000,1.000000000000,1
464,76314,76314,1783332971900637279,1783332971900637279,1783332971900713593,1783332971900713593,1783332971900713593,1,1.000000000000,1.000000000000,1.000000000000,1
465,75763,75763,1783332971900770118,1783332971900770118,1783332971900845881,1783332971900845881,1783332971900845881,3,1.000000000000,1.000000000000,1.000000000000,1
466,75563,75563,1783332971900872866,1783332971900872866,1783332971900948429,1783332971900948429,1783332971900948429,0,1.000000000000,1.000000000000,1.000000000000,1
467,75142,75142,1783332971900993735,1783332971900993735,1783332971901068877,1783332971901068877,1783332971901068877,1,1.000000000000,1.000000000000,1.000000000000,1
468,75262,75262,1783332971901110863,1783332971901110863,1783332971901186125,1783332971901186125,1783332971901186125,1,1.000000000000,1.000000000000,1.000000000000,1
469,75431,75431,1783332971901224942,1783332971901224942,1783332971901300373,1783332971901300373,1783332971901300373,3,1.000000000000,1.000000000000,1.000000000000,1
470,76320,76320,1783332971901349121,1783332971901349121,1783332971901425441,1783332971901425441,1783332971901425441,2,1.000000000000,1.000000000000,1.000000000000,1
471,74650,74650,1783332971901467319,1783332971901467319,1783332971901541969,1783332971901541969,1783332971901541969,0,1.000000000000,1.000000000000,1.000000000000,1
472,77619,77619,1783332971901586328,1783332971901586328,1783332971901663947,1783332971901663947,1783332971901663947,2,1.000000000000,1.000000000000,1.000000000000,1
473,75569,75569,1783332971901706626,1783332971901706626,1783332971901782195,1783332971901782195,1783332971901782195,3,1.000000000000,1.000000000000,1.000000000000,1
474,73839,73839,1783332971901814965,1783332971901814965,1783332971901888804,1783332971901888804,1783332971901888804,3,1.000000000000,1.000000000000,1.000000000000,1
475,74507,74507,1783332971901928885,1783332971901928885,1783332971902003392,1783332971902003392,1783332971902003392,3,1.000000000000,1.000000000000,1.000000000000,1
476,74667,74667,1783332971902046373,1783332971902046373,1783332971902121040,1783332971902121040,1783332971902121040,0,1.000000000000,1.000000000000,1.000000000000,1
477,75356,75356,1783332971902160942,1783332971902160942,1783332971902236298,1783332971902236298,1783332971902236298,1,1.000000000000,1.000000000000,1.000000000000,1
478,84345,84345,1783332971902274431,1783332971902274431,1783332971902358776,1783332971902358776,1783332971902358776,3,1.000000000000,1.000000000000,1.000000000000,1
479,79236,79236,1783332971902395239,1783332971902395239,1783332971902474475,1783332971902474475,1783332971902474475,0,1.000000000000,1.000000000000,1.000000000000,1
480,76885,76885,1783332971902505078,1783332971902505078,1783332971902581963,1783332971902581963,1783332971902581963,3,1.000000000000,1.000000000000,1.000000000000,1
481,75025,75025,1783332971902627376,1783332971902627376,1783332971902702401,1783332971902702401,1783332971902702401,0,1.000000000000,1.000000000000,1.000000000000,1
482,76514,76514,1783332971902742135,1783332971902742135,1783332971902818649,1783332971902818649,1783332971902818649,3,1.000000000000,1.000000000000,1.000000000000,1
483,78033,78033,1783332971902856004,1783332971902856004,1783332971902934037,1783332971902934037,1783332971902934037,2,1.000000000000,1.000000000000,1.000000000000,1
484,75403,75403,1783332971902968792,1783332971902968792,1783332971903044195,1783332971903044195,1783332971903044195,1,1.000000000000,1.000000000000,1.000000000000,1
485,74662,74662,1783332971903082891,1783332971903082891,1783332971903157553,1783332971903157553,1783332971903157553,2,1.000000000000,1.000000000000,1.000000000000,1
486,74651,74651,1783332971903196130,1783332971903196130,1783332971903270781,1783332971903270781,1783332971903270781,3,1.000000000000,1.000000000000,1.000000000000,1
487,77521,77521,1783332971903316538,1783332971903316538,1783332971903394059,1783332971903394059,1783332971903394059,0,1.000000000000,1.000000000000,1.000000000000,1
488,78481,78481,1783332971903428517,1783332971903428517,1783332971903506998,1783332971903506998,1783332971903506998,0,1.000000000000,1.000000000000,1.000000000000,1
489,76331,76331,1783332971903549895,1783332971903549895,1783332971903626226,1783332971903626226,1783332971903626226,2,1.000000000000,1.000000000000,1.000000000000,1
490,81719,81719,1783332971903680954,1783332971903680954,1783332971903762673,1783332971903762673,1783332971903762673,1,1.000000000000,1.000000000000,1.000000000000,1
491,84399,84399,1783332971903794762,1783332971903794762,1783332971903879161,1783332971903879161,1783332971903879161,1,1.000000000000,1.000000000000,1.000000000000,1
492,74369,74369,1783332971903910601,1783332971903910601,1783332971903984970,1783332971903984970,1783332971903984970,2,1.000000000000,1.000000000000,1.000000000000,1
493,75348,75348,1783332971904029390,1783332971904029390,1783332971904104738,1783332971904104738,1783332971904104738,1,1.000000000000,1.000000000000,1.000000000000,1
494,75748,75748,1783332971904141178,1783332971904141178,1783332971904216926,1783332971904216926,1783332971904216926,1,1.000000000000,1.000000000000,1.000000000000,1
495,74587,74587,1783332971904253497,1783332971904253497,1783332971904328084,1783332971904328084,1783332971904328084,2,1.000000000000,1.000000000000,1.000000000000,1
496,74606,74606,1783332971904369886,1783332971904369886,1783332971904444492,1783332971904444492,1783332971904444492,1,1.000000000000,1.000000000000,1.000000000000,1
497,75206,75206,1783332971904491684,1783332971904491684,1783332971904566890,1783332971904566890,1783332971904566890,3,1.000000000000,1.000000000000,1.000000000000,1
498,76835,76835,1783332971904612003,1783332971904612003,1783332971904688838,1783332971904688838,1783332971904688838,0,1.000000000000,1.000000000000,1.000000000000,1
499,75975,75975,1783332971904736461,1783332971904736461,1783332971904812436,1783332971904812436,1783332971904812436,1,1.000000000000,1.000000000000,1.000000000000,1
500,74563,74563,1783332971904852881,1783332971904852881,1783332971904927444,1783332971904927444,1783332971904927444,1,1.000000000000,1.000000000000,1.000000000000,1
501,74513,74513,1783332971904973209,1783332971904973209,1783332971905047722,1783332971905047722,1783332971905047722,0,1.000000000000,1.000000000000,1.000000000000,1
502,73932,73932,1783332971905083618,1783332971905083618,1783332971905157550,1783332971905157550,1783332971905157550,0,1.000000000000,1.000000000000,1.000000000000,1
503,77931,77931,1783332971905197257,1783332971905197257,1783332971905275188,1783332971905275188,1783332971905275188,3,1.000000000000,1.000000000000,1.000000000000,1
504,77422,77422,1783332971905315765,1783332971905315765,1783332971905393187,1783332971905393187,1783332971905393187,3,1.000000000000,1.000000000000,1.000000000000,1
505,76411,76411,1783332971905434954,1783332971905434954,1783332971905511365,1783332971905511365,1783332971905511365,0,1.000000000000,1.000000000000,1.000000000000,1
506,75920,75920,1783332971905549903,1783332971905549903,1783332971905625823,1783332971905625823,1783332971905625823,1,1.000000000000,1.000000000000,1.000000000000,1
507,84240,84240,1783332971905679661,1783332971905679661,1783332971905763901,1783332971905763901,1783332971905763901,2,1.000000000000,1.000000000000,1.000000000000,1
508,76460,76460,1783332971905818249,1783332971905818249,1783332971905894709,1783332971905894709,1783332971905894709,0,1.000000000000,1.000000000000,1.000000000000,1
509,77249,77249,1783332971905934908,1783332971905934908,1783332971906012157,1783332971906012157,1783332971906012157,1,1.000000000000,1.000000000000,1.000000000000,1
510,74988,74988,1783332971906046987,1783332971906046987,1783332971906121975,1783332971906121975,1783332971906121975,0,1.000000000000,1.000000000000,1.000000000000,1
511,74888,74888,1783332971906163305,1783332971906163305,1783332971906238193,1783332971906238193,1783332971906238193,1,1.000000000000,1.000000000000,1.000000000000,1
512,76797,76797,1783332971906288134,1783332971906288134,1783332971906364931,1783332971906364931,1783332971906364931,0,1.000000000000,1.000000000000,1.000000000000,1
513,75457,75457,1783332971906401962,1783332971906401962,1783332971906477419,1783332971906477419,1783332971906477419,1,1.000000000000,1.000000000000,1.000000000000,1
514,76096,76096,1783332971906516771,1783332971906516771,1783332971906592867,1783332971906592867,1783332971906592867,1,1.000000000000,1.000000000000,1.000000000000,1
515,76265,76265,1783332971906642910,1783332971906642910,1783332971906719175,1783332971906719175,1783332971906719175,2,1.000000000000,1.000000000000,1.000000000000,1
516,75595,75595,1783332971906766938,1783332971906766938,1783332971906842533,1783332971906842533,1783332971906842533,0,1.000000000000,1.000000000000,1.000000000000,1
517,74694,74694,1783332971906889497,1783332971906889497,1783332971906964191,1783332971906964191,1783332971906964191,1,1.000000000000,1.000000000000,1.000000000000,1
518,74004,74004,1783332971907002335,1783332971907002335,1783332971907076339,1783332971907076339,1783332971907076339,2,1.000000000000,1.000000000000,1.000000000000,1
519,76313,76313,1783332971907121524,1783332971907121524,1783332971907197837,1783332971907197837,1783332971907197837,1,1.000000000000,1.000000000000,1.000000000000,1
520,76883,76883,1783332971907235192,1783332971907235192,1783332971907312075,1783332971907312075,1783332971907312075,3,1.000000000000,1.000000000000,1.000000000000,1
521,74792,74792,1783332971907367551,1783332971907367551,1783332971907442343,1783332971907442343,1783332971907442343,0,1.000000000000,1.000000000000,1.000000000000,1
522,74651,74651,1783332971907476190,1783332971907476190,1783332971907550841,1783332971907550841,1783332971907550841,0,1.000000000000,1.000000000000,1.000000000000,1
523,74281,74281,1783332971907595648,1783332971907595648,1783332971907669929,1783332971907669929,1783332971907669929,2,1.000000000000,1.000000000000,1.000000000000,1
524,87840,87840,1783332971907712907,1783332971907712907,1783332971907800747,1783332971907800747,1783332971907800747,3,1.000000000000,1.000000000000,1.000000000000,1
525,75460,75460,1783332971907825355,1783332971907825355,1783332971907900815,1783332971907900815,1783332971907900815,3,1.000000000000,1.000000000000,1.000000000000,1
526,75238,75238,1783332971907942885,1783332971907942885,1783332971908018123,1783332971908018123,1783332971908018123,3,1.000000000000,1.000000000000,1.000000000000,1
527,74367,74367,1783332971908060724,1783332971908060724,1783332971908135091,1783332971908135091,1783332971908135091,3,1.000000000000,1.000000000000,1.000000000000,1
528,77167,77167,1783332971908173022,1783332971908173022,1783332971908250189,1783332971908250189,1783332971908250189,2,1.000000000000,1.000000000000,1.000000000000,1
529,75427,75427,1783332971908298111,1783332971908298111,1783332971908373538,1783332971908373538,1783332971908373538,1,1.000000000000,1.000000000000,1.000000000000,1
530,74697,74697,1783332971908407749,1783332971908407749,1783332971908482446,1783332971908482446,1783332971908482446,2,1.000000000000,1.000000000000,1.000000000000,1
531,74726,74726,1783332971908523988,1783332971908523988,1783332971908598714,1783332971908598714,1783332971908598714,0,1.000000000000,1.000000000000,1.000000000000,1
532,76075,76075,1783332971908649697,1783332971908649697,1783332971908725772,1783332971908725772,1783332971908725772,3,1.000000000000,1.000000000000,1.000000000000,1
533,76295,76295,1783332971908768945,1783332971908768945,1783332971908845240,1783332971908845240,1783332971908845240,0,1.000000000000,1.000000000000,1.000000000000,1
534,75134,75134,1783332971908878494,1783332971908878494,1783332971908953628,1783332971908953628,1783332971908953628,0,1.000000000000,1.000000000000,1.000000000000,1
535,78144,78144,1783332971908993112,1783332971908993112,1783332971909071256,1783332971909071256,1783332971909071256,2,1.000000000000,1.000000000000,1.000000000000,1
536,78223,78223,1783332971909106791,1783332971909106791,1783332971909185014,1783332971909185014,1783332971909185014,2,1.000000000000,1.000000000000,1.000000000000,1
537,77032,77032,1783332971909224980,1783332971909224980,1783332971909302012,1783332971909302012,1783332971909302012,3,1.000000000000,1.000000000000,1.000000000000,1
538,78122,78122,1783332971909354898,1783332971909354898,1783332971909433020,1783332971909433020,1783332971909433020,2,1.000000000000,1.000000000000,1.000000000000,1
539,74961,74961,1783332971909465907,1783332971909465907,1783332971909540868,1783332971909540868,1783332971909540868,0,1.000000000000,1.000000000000,1.000000000000,1
540,74081,74081,1783332971909584445,1783332971909584445,1783332971909658526,1783332971909658526,1783332971909658526,0,1.000000000000,1.000000000000,1.000000000000,1
541,76220,76220,1783332971909706324,1783332971909706324,1783332971909782544,1783332971909782544,1783332971909782544,0,1.000000000000,1.000000000000,1.000000000000,1
542,74041,74041,1783332971909817002,1783332971909817002,1783332971909891043,1783332971909891043,1783332971909891043,1,1.000000000000,1.000000000000,1.000000000000,1
543,74040,74040,1783332971909935881,1783332971909935881,1783332971910009921,1783332971910009921,1783332971910009921,0,1.000000000000,1.000000000000,1.000000000000,1
544,74039,74039,1783332971910051340,1783332971910051340,1783332971910125379,1783332971910125379,1783332971910125379,0,1.000000000000,1.000000000000,1.000000000000,1
545,73389,73389,1783332971910166418,1783332971910166418,1783332971910239807,1783332971910239807,1783332971910239807,2,1.000000000000,1.000000000000,1.000000000000,1
546,76168,76168,1783332971910285047,1783332971910285047,1783332971910361215,1783332971910361215,1783332971910361215,2,1.000000000000,1.000000000000,1.000000000000,1
547,77448,77448,1783332971910396785,1783332971910396785,1783332971910474233,1783332971910474233,1783332971910474233,2,1.000000000000,1.000000000000,1.000000000000,1
548,79247,79247,1783332971910516364,1783332971910516364,1783332971910595611,1783332971910595611,1783332971910595611,3,1.000000000000,1.000000000000,1.000000000000,1
549,80966,80966,1783332971910660772,1783332971910660772,1783332971910741738,1783332971910741738,1783332971910741738,3,1.000000000000,1.000000000000,1.000000000000,1
550,75595,75595,1783332971910777891,1783332971910777891,1783332971910853486,1783332971910853486,1783332971910853486,2,1.000000000000,1.000000000000,1.000000000000,1
551,76153,76153,1783332971910888941,1783332971910888941,1783332971910965094,1783332971910965094,1783332971910965094,3,1.000000000000,1.000000000000,1.000000000000,1
552,78353,78353,1783332971911005629,1783332971911005629,1783332971911083982,1783332971911083982,1783332971911083982,2,1.000000000000,1.000000000000,1.000000000000,1
553,76863,76863,1783332971911118498,1783332971911118498,1783332971911195361,1783332971911195361,1783332971911195361,1,1.000000000000,1.000000000000,1.000000000000,1
554,74413,74413,1783332971911239486,1783332971911239486,1783332971911313899,1783332971911313899,1783332971911313899,3,1.000000000000,1.000000000000,1.000000000000,1
555,74442,74442,1783332971911366385,1783332971911366385,1783332971911440827,1783332971911440827,1783332971911440827,3,1.000000000000,1.000000000000,1.000000000000,1
556,75422,75422,1783332971911482603,1783332971911482603,1783332971911558025,1783332971911558025,1783332971911558025,3,1.000000000000,1.000000000000,1.000000000000,1
557,83091,83091,1783332971911604012,1783332971911604012,1783332971911687103,1783332971911687103,1783332971911687103,3,1.000000000000,1.000000000000,1.000000000000,1
558,74490,74490,1783332971911722511,1783332971911722511,1783332971911797001,1783332971911797001,1783332971911797001,3,1.000000000000,1.000000000000,1.000000000000,1
559,84300,84300,1783332971911839979,1783332971911839979,1783332971911924279,1783332971911924279,1783332971911924279,1,1.000000000000,1.000000000000,1.000000000000,1
560,74670,74670,1783332971911955658,1783332971911955658,1783332971912030328,1783332971912030328,1783332971912030328,1,1.000000000000,1.000000000000,1.000000000000,1
561,73690,73690,1783332971912071146,1783332971912071146,1783332971912144836,1783332971912144836,1783332971912144836,0,1.000000000000,1.000000000000,1.000000000000,1
562,73989,73989,1783332971912189425,1783332971912189425,1783332971912263414,1783332971912263414,1783332971912263414,0,1.000000000000,1.000000000000,1.000000000000,1
563,78098,78098,1783332971912307994,1783332971912307994,1783332971912386092,1783332971912386092,1783332971912386092,2,1.000000000000,1.000000000000,1.000000000000,1
564,75048,75048,1783332971912419862,1783332971912419862,1783332971912494910,1783332971912494910,1783332971912494910,2,1.000000000000,1.000000000000,1.000000000000,1
565,73717,73717,1783332971912540601,1783332971912540601,1783332971912614318,1783332971912614318,1783332971912614318,0,1.000000000000,1.000000000000,1.000000000000,1
566,74727,74727,1783332971912661199,1783332971912661199,1783332971912735926,1783332971912735926,1783332971912735926,1,1.000000000000,1.000000000000,1.000000000000,1
567,74166,74166,1783332971912773528,1783332971912773528,1783332971912847694,1783332971912847694,1783332971912847694,2,1.000000000000,1.000000000000,1.000000000000,1
568,77785,77785,1783332971912887147,1783332971912887147,1783332971912964932,1783332971912964932,1783332971912964932,0,1.000000000000,1.000000000000,1.000000000000,1
569,73985,73985,1783332971913002315,1783332971913002315,1783332971913076300,1783332971913076300,1783332971913076300,2,1.000000000000,1.000000000000,1.000000000000,1
570,74494,74494,1783332971913119234,1783332971913119234,1783332971913193728,1783332971913193728,1783332971913193728,0,1.000000000000,1.000000000000,1.000000000000,1
571,73713,73713,1783332971913230833,1783332971913230833,1783332971913304546,1783332971913304546,1783332971913304546,1,1.000000000000,1.000000000000,1.000000000000,1
572,73593,73593,1783332971913347901,1783332971913347901,1783332971913421494,1783332971913421494,1783332971913421494,0,1.000000000000,1.000000000000,1.000000000000,1
573,77692,77692,1783332971913467540,1783332971913467540,1783332971913545232,1783332971913545232,1783332971913545232,0,1.000000000000,1.000000000000,1.000000000000,1
574,74012,74012,1783332971913589608,1783332971913589608,1783332971913663620,1783332971913663620,1783332971913663620,3,1.000000000000,1.000000000000,1.000000000000,1
575,75111,75111,1783332971913709927,1783332971913709927,1783332971913785038,1783332971913785038,1783332971913785038,2,1.000000000000,1.000000000000,1.000000000000,1
576,74931,74931,1783332971913824405,1783332971913824405,1783332971913899336,1783332971913899336,1783332971913899336,0,1.000000000000,1.000000000000,1.000000000000,1
577,75109,75109,1783332971913953835,1783332971913953835,1783332971914028944,1783332971914028944,1783332971914028944,3,1.000000000000,1.000000000000,1.000000000000,1
578,75248,75248,1783332971914055864,1783332971914055864,1783332971914131112,1783332971914131112,1783332971914131112,1,1.000000000000,1.000000000000,1.000000000000,1
579,74198,74198,1783332971914168112,1783332971914168112,1783332971914242310,1783332971914242310,1783332971914242310,1,1.000000000000,1.000000000000,1.000000000000,1
580,76157,76157,1783332971914288041,1783332971914288041,1783332971914364198,1783332971914364198,1783332971914364198,0,1.000000000000,1.000000000000,1.000000000000,1
581,76118,76118,1783332971914401400,1783332971914401400,1783332971914477518,1783332971914477518,1783332971914477518,2,1.000000000000,1.000000000000,1.000000000000,1
582,75868,75868,1783332971914521128,1783332971914521128,1783332971914596996,1783332971914596996,1783332971914596996,0,1.000000000000,1.000000000000,1.000000000000,1
583,75886,75886,1783332971914645367,1783332971914645367,1783332971914721253,1783332971914721253,1783332971914721253,2,1.000000000000,1.000000000000,1.000000000000,1
584,79956,79956,1783332971914764095,1783332971914764095,1783332971914844051,1783332971914844051,1783332971914844051,3,1.000000000000,1.000000000000,1.000000000000,1
585,74875,74875,1783332971914885184,1783332971914885184,1783332971914960059,1783332971914960059,1783332971914960059,1,1.000000000000,1.000000000000,1.000000000000,1
586,75725,75725,1783332971915001512,1783332971915001512,1783332971915077237,1783332971915077237,1783332971915077237,1,1.000000000000,1.000000000000,1.000000000000,1
587,74455,74455,1783332971915116301,1783332971915116301,1783332971915190756,1783332971915190756,1783332971915190756,3,1.000000000000,1.000000000000,1.000000000000,1
588,77774,77774,1783332971915232870,1783332971915232870,1783332971915310644,1783332971915310644,1783332971915310644,3,1.000000000000,1.000000000000,1.000000000000,1
589,75384,75384,1783332971915349408,1783332971915349408,1783332971915424792,1783332971915424792,1783332971915424792,0,1.000000000000,1.000000000000,1.000000000000,1
590,87112,87112,1783332971915469067,1783332971915469067,1783332971915556179,1783332971915556179,1783332971915556179,3,1.000000000000,1.000000000000,1.000000000000,1
591,78663,78663,1783332971915585015,1783332971915585015,1783332971915663678,1783332971915663678,1783332971915663678,1,1.000000000000,1.000000000000,1.000000000000,1
592,74632,74632,1783332971915707984,1783332971915707984,1783332971915782616,1783332971915782616,1783332971915782616,0,1.000000000000,1.000000000000,1.000000000000,1
593,73521,73521,1783332971915820083,1783332971915820083,1783332971915893604,1783332971915893604,1783332971915893604,0,1.000000000000,1.000000000000,1.000000000000,1
594,74441,74441,1783332971915945781,1783332971915945781,1783332971916020222,1783332971916020222,1783332971916020222,2,1.000000000000,1.000000000000,1.000000000000,1
595,73760,73760,1783332971916057970,1783332971916057970,1783332971916131730,1783332971916131730,1783332971916131730,1,1.000000000000,1.000000000000,1.000000000000,1
596,74230,74230,1783332971916172028,1783332971916172028,1783332971916246258,1783332971916246258,1783332971916246258,0,1.000000000000,1.000000000000,1.000000000000,1
597,74919,74919,1783332971916292357,1783332971916292357,1783332971916367276,1783332971916367276,1783332971916367276,0,1.000000000000,1.000000000000,1.000000000000,1
598,77168,77168,1783332971916403096,1783332971916403096,1783332971916480264,1783332971916480264,1783332971916480264,2,1.000000000000,1.000000000000,1.000000000000,1
599,75218,75218,1783332971916524184,1783332971916524184,1783332971916599402,1783332971916599402,1783332971916599402,0,1.000000000000,1.000000000000,1.000000000000,1
600,77277,77277,1783332971916650343,1783332971916650343,1783332971916727620,1783332971916727620,1783332971916727620,2,1.000000000000,1.000000000000,1.000000000000,1
601,73557,73557,1783332971916768921,1783332971916768921,1783332971916842478,1783332971916842478,1783332971916842478,0,1.000000000000,1.000000000000,1.000000000000,1
602,75125,75125,1783332971916889411,1783332971916889411,1783332971916964536,1783332971916964536,1783332971916964536,3,1.000000000000,1.000000000000,1.000000000000,1
603,74435,74435,1783332971917008289,1783332971917008289,1783332971917082724,1783332971917082724,1783332971917082724,1,1.000000000000,1.000000000000,1.000000000000,1
604,75064,75064,1783332971917121668,1783332971917121668,1783332971917196732,1783332971917196732,1783332971917196732,1,1.000000000000,1.000000000000,1.000000000000,1
605,74654,74654,1783332971917245956,1783332971917245956,1783332971917320610,1783332971917320610,1783332971917320610,1,1.000000000000,1.000000000000,1.000000000000,1
606,73984,73984,1783332971917356915,1783332971917356915,1783332971917430899,1783332971917430899,1783332971917430899,2,1.000000000000,1.000000000000,1.000000000000,1
607,73873,73873,1783332971917474964,1783332971917474964,1783332971917548837,1783332971917548837,1783332971917548837,3,1.000000000000,1.000000000000,1.000000000000,1
608,76793,76793,1783332971917594402,1783332971917594402,1783332971917671195,1783332971917671195,1783332971917671195,0,1.000000000000,1.000000000000,1.000000000000,1
609,77212,77212,1783332971917711421,1783332971917711421,1783332971917788633,1783332971917788633,1783332971917788633,0,1.000000000000,1.000000000000,1.000000000000,1
610,74622,74622,1783332971917829369,1783332971917829369,1783332971917903991,1783332971917903991,1783332971917903991,3,1.000000000000,1.000000000000,1.000000000000,1
611,73461,73461,1783332971917942548,1783332971917942548,1783332971918016009,1783332971918016009,1783332971918016009,3,1.000000000000,1.000000000000,1.000000000000,1
612,73800,73800,1783332971918057797,1783332971918057797,1783332971918131597,1783332971918131597,1783332971918131597,0,1.000000000000,1.000000000000,1.000000000000,1
613,74081,74081,1783332971918174645,1783332971918174645,1783332971918248726,1783332971918248726,1783332971918248726,0,1.000000000000,1.000000000000,1.000000000000,1
614,76759,76759,1783332971918308954,1783332971918308954,1783332971918385713,1783332971918385713,1783332971918385713,0,1.000000000000,1.000000000000,1.000000000000,1
615,81219,81219,1783332971918402873,1783332971918402873,1783332971918484092,1783332971918484092,1783332971918484092,1,1.000000000000,1.000000000000,1.000000000000,1
616,79259,79259,1783332971918518251,1783332971918518251,1783332971918597510,1783332971918597510,1783332971918597510,1,1.000000000000,1.000000000000,1.000000000000,1
617,75028,75028,1783332971918649070,1783332971918649070,1783332971918724098,1783332971918724098,1783332971918724098,2,1.000000000000,1.000000000000,1.000000000000,1
618,75238,75238,1783332971918768058,1783332971918768058,1783332971918843296,1783332971918843296,1783332971918843296,2,1.000000000000,1.000000000000,1.000000000000,1
619,79886,79886,1783332971918888577,1783332971918888577,1783332971918968463,1783332971918968463,1783332971918968463,3,1.000000000000,1.000000000000,1.000000000000,1
620,76587,76587,1783332971919003365,1783332971919003365,1783332971919079952,1783332971919079952,1783332971919079952,2,1.000000000000,1.000000000000,1.000000000000,1
621,82806,82806,1783332971919115834,1783332971919115834,1783332971919198640,1783332971919198640,1783332971919198640,2,1.000000000000,1.000000000000,1.000000000000,1
622,74055,74055,1783332971919230653,1783332971919230653,1783332971919304708,1783332971919304708,1783332971919304708,0,1.000000000000,1.000000000000,1.000000000000,1
623,82875,82875,1783332971919355361,1783332971919355361,1783332971919438236,1783332971919438236,1783332971919438236,2,1.000000000000,1.000000000000,1.000000000000,1
624,74394,74394,1783332971919472180,1783332971919472180,1783332971919546574,1783332971919546574,1783332971919546574,2,1.000000000000,1.000000000000,1.000000000000,1
625,73254,73254,1783332971919587778,1783332971919587778,1783332971919661032,1783332971919661032,1783332971919661032,3,1.000000000000,1.000000000000,1.000000000000,1
626,74063,74063,1783332971919707797,1783332971919707797,1783332971919781860,1783332971919781860,1783332971919781860,0,1.000000000000,1.000000000000,1.000000000000,1
627,73283,73283,1783332971919823225,1783332971919823225,1783332971919896508,1783332971919896508,1783332971919896508,3,1.000000000000,1.000000000000,1.000000000000,1
628,76591,76591,1783332971919940495,1783332971919940495,1783332971920017086,1783332971920017086,1783332971920017086,3,1.000000000000,1.000000000000,1.000000000000,1
629,73710,73710,1783332971920051704,1783332971920051704,1783332971920125414,1783332971920125414,1783332971920125414,3,1.000000000000,1.000000000000,1.000000000000,1
630,73590,73590,1783332971920164722,1783332971920164722,1783332971920238312,1783332971920238312,1783332971920238312,2,1.000000000000,1.000000000000,1.000000000000,1
631,73919,73919,1783332971920286691,1783332971920286691,1783332971920360610,1783332971920360610,1783332971920360610,3,1.000000000000,1.000000000000,1.000000000000,1
632,79239,79239,1783332971920395770,1783332971920395770,1783332971920475009,1783332971920475009,1783332971920475009,1,1.000000000000,1.000000000000,1.000000000000,1
633,78749,78749,1783332971920521678,1783332971920521678,1783332971920600427,1783332971920600427,1783332971920600427,0,1.000000000000,1.000000000000,1.000000000000,1
634,75768,75768,1783332971920634297,1783332971920634297,1783332971920710065,1783332971920710065,1783332971920710065,2,1.000000000000,1.000000000000,1.000000000000,1
635,75278,75278,1783332971920760765,1783332971920760765,1783332971920836043,1783332971920836043,1783332971920836043,3,1.000000000000,1.000000000000,1.000000000000,1
636,73977,73977,1783332971920878804,1783332971920878804,1783332971920952781,1783332971920952781,1783332971920952781,3,1.000000000000,1.000000000000,1.000000000000,1
637,74606,74606,1783332971920992593,1783332971920992593,1783332971921067199,1783332971921067199,1783332971921067199,2,1.000000000000,1.000000000000,1.000000000000,1
638,75526,75526,1783332971921107951,1783332971921107951,1783332971921183477,1783332971921183477,1783332971921183477,2,1.000000000000,1.000000000000,1.000000000000,1
639,74545,74545,1783332971921232200,1783332971921232200,1783332971921306745,1783332971921306745,1783332971921306745,0,1.000000000000,1.000000000000,1.000000000000,1
640,74285,74285,1783332971921353698,1783332971921353698,1783332971921427983,1783332971921427983,1783332971921427983,0,1.000000000000,1.000000000000,1.000000000000,1
641,75704,75704,1783332971921476337,1783332971921476337,1783332971921552041,1783332971921552041,1783332971921552041,1,1.000000000000,1.000000000000,1.000000000000,1
642,73814,73814,1783332971921591585,1783332971921591585,1783332971921665399,1783332971921665399,1783332971921665399,1,1.000000000000,1.000000000000,1.000000000000,1
643,73403,73403,1783332971921711434,1783332971921711434,1783332971921784837,1783332971921784837,1783332971921784837,1,1.000000000000,1.000000000000,1.000000000000,1
644,75122,75122,1783332971921827653,1783332971921827653,1783332971921902775,1783332971921902775,1783332971921902775,2,1.000000000000,1.000000000000,1.000000000000,1
645,74592,74592,1783332971921942141,1783332971921942141,1783332971922016733,1783332971922016733,1783332971922016733,0,1.000000000000,1.000000000000,1.000000000000,1
646,73771,73771,1783332971922058410,1783332971922058410,1783332971922132181,1783332971922132181,1783332971922132181,3,1.000000000000,1.000000000000,1.000000000000,1
647,76511,76511,1783332971922170478,1783332971922170478,1783332971922246989,1783332971922246989,1783332971922246989,1,1.000000000000,1.000000000000,1.000000000000,1
648,77720,77720,1783332971922289987,1783332971922289987,1783332971922367707,1783332971922367707,1783332971922367707,0,1.000000000000,1.000000000000,1.000000000000,1
649,76159,76159,1783332971922400786,1783332971922400786,1783332971922476945,1783332971922476945,1783332971922476945,0,1.000000000000,1.000000000000,1.000000000000,1
650,76929,76929,1783332971922523284,1783332971922523284,1783332971922600213,1783332971922600213,1783332971922600213,2,1.000000000000,1.000000000000,1.000000000000,1
651,75708,75708,1783332971922647123,1783332971922647123,1783332971922722831,1783332971922722831,1783332971922722831,0,1.000000000000,1.000000000000,1.000000000000,1
652,74318,74318,1783332971922768161,1783332971922768161,1783332971922842479,1783332971922842479,1783332971922842479,1,1.000000000000,1.000000000000,1.000000000000,1
653,78386,78386,1783332971922883241,1783332971922883241,1783332971922961627,1783332971922961627,1783332971922961627,0,1.000000000000,1.000000000000,1.000000000000,1
654,74835,74835,1783332971922995270,1783332971922995270,1783332971923070105,1783332971923070105,1783332971923070105,3,1.000000000000,1.000000000000,1.000000000000,1
655,74156,74156,1783332971923109178,1783332971923109178,1783332971923183334,1783332971923183334,1783332971923183334,0,1.000000000000,1.000000000000,1.000000000000,1
656,86204,86204,1783332971923224317,1783332971923224317,1783332971923310521,1783332971923310521,1783332971923310521,3,1.000000000000,1.000000000000,1.000000000000,1
657,75196,75196,1783332971923347645,1783332971923347645,1783332971923422841,1783332971923422841,1783332971923422841,2,1.000000000000,1.000000000000,1.000000000000,1
658,75145,75145,1783332971923461924,1783332971923461924,1783332971923537069,1783332971923537069,1783332971923537069,2,1.000000000000,1.000000000000,1.000000000000,1
659,73674,73674,1783332971923582153,1783332971923582153,1783332971923655827,1783332971923655827,1783332971923655827,3,1.000000000000,1.000000000000,1.000000000000,1
660,73544,73544,1783332971923698681,1783332971923698681,1783332971923772225,1783332971923772225,1783332971923772225,1,1.000000000000,1.000000000000,1.000000000000,1
661,83452,83452,1783332971923833720,1783332971923833720,1783332971923917172,1783332971923917172,1783332971923917172,0,1.000000000000,1.000000000000,1.000000000000,1
662,74783,74783,1783332971923940338,1783332971923940338,1783332971924015121,1783332971924015121,1783332971924015121,1,1.000000000000,1.000000000000,1.000000000000,1
663,73412,73412,1783332971924052557,1783332971924052557,1783332971924125969,1783332971924125969,1783332971924125969,0,1.000000000000,1.000000000000,1.000000000000,1
664,75141,75141,1783332971924169766,1783332971924169766,1783332971924244907,1783332971924244907,1783332971924244907,0,1.000000000000,1.000000000000,1.000000000000,1
665,74711,74711,1783332971924299514,1783332971924299514,1783332971924374225,1783332971924374225,1783332971924374225,3,1.000000000000,1.000000000000,1.000000000000,1
666,78160,78160,1783332971924401423,1783332971924401423,1783332971924479583,1783332971924479583,1783332971924479583,2,1.000000000000,1.000000000000,1.000000000000,1
667,74270,74270,1783332971924516751,1783332971924516751,1783332971924591021,1783332971924591021,1783332971924591021,3,1.000000000000,1.000000000000,1.000000000000,1
668,76649,76649,1783332971924654050,1783332971924654050,1783332971924730699,1783332971924730699,1783332971924730699,1,1.000000000000,1.000000000000,1.000000000000,1
669,75198,75198,1783332971924763859,1783332971924763859,1783332971924839057,1783332971924839057,1783332971924839057,2,1.000000000000,1.000000000000,1.000000000000,1
670,73358,73358,1783332971924882567,1783332971924882567,1783332971924955925,1783332971924955925,1783332971924955925,1,1.000000000000,1.000000000000,1.000000000000,1
671,74217,74217,1783332971925002436,1783332971925002436,1783332971925076653,1783332971925076653,1783332971925076653,1,1.000000000000,1.000000000000,1.000000000000,1
672,74267,74267,1783332971925118964,1783332971925118964,1783332971925193231,1783332971925193231,1783332971925193231,1,1.000000000000,1.000000000000,1.000000000000,1
673,76546,76546,1783332971925237383,1783332971925237383,1783332971925313929,1783332971925313929,1783332971925313929,1,1.000000000000,1.000000000000,1.000000000000,1
674,73856,73856,1783332971925365581,1783332971925365581,1783332971925439437,1783332971925439437,1783332971925439437,1,1.000000000000,1.000000000000,1.000000000000,1
675,77855,77855,1783332971925479050,1783332971925479050,1783332971925556905,1783332971925556905,1783332971925556905,3,1.000000000000,1.000000000000,1.000000000000,1
676,74454,74454,1783332971925600529,1783332971925600529,1783332971925674983,1783332971925674983,1783332971925674983,3,1.000000000000,1.000000000000,1.000000000000,1
677,74154,74154,1783332971925721827,1783332971925721827,1783332971925795981,1783332971925795981,1783332971925795981,0,1.000000000000,1.000000000000,1.000000000000,1
678,75692,75692,1783332971925835607,1783332971925835607,1783332971925911299,1783332971925911299,1783332971925911299,2,1.000000000000,1.000000000000,1.000000000000,1
679,73742,73742,1783332971925948045,1783332971925948045,1783332971926021787,1783332971926021787,1783332971926021787,1,1.000000000000,1.000000000000,1.000000000000,1
680,77461,77461,1783332971926062724,1783332971926062724,1783332971926140185,1783332971926140185,1783332971926140185,2,1.000000000000,1.000000000000,1.000000000000,1
681,73790,73790,1783332971926176353,1783332971926176353,1783332971926250143,1783332971926250143,1783332971926250143,3,1.000000000000,1.000000000000,1.000000000000,1
682,76711,76711,1783332971926298851,1783332971926298851,1783332971926375562,1783332971926375562,1783332971926375562,2,1.000000000000,1.000000000000,1.000000000000,1
683,74920,74920,1783332971926407170,1783332971926407170,1783332971926482090,1783332971926482090,1783332971926482090,3,1.000000000000,1.000000000000,1.000000000000,1
684,74579,74579,1783332971926527759,1783332971926527759,1783332971926602338,1783332971926602338,1783332971926602338,0,1.000000000000,1.000000000000,1.000000000000,1
685,75189,75189,1783332971926653377,1783332971926653377,1783332971926728566,1783332971926728566,1783332971926728566,0,1.000000000000,1.000000000000,1.000000000000,1
686,75848,75848,1783332971926775746,1783332971926775746,1783332971926851594,1783332971926851594,1783332971926851594,3,1.000000000000,1.000000000000,1.000000000000,1
687,73748,73748,1783332971926888404,1783332971926888404,1783332971926962152,1783332971926962152,1783332971926962152,3,1.000000000000,1.000000000000,1.000000000000,1
688,74217,74217,1783332971927002123,1783332971927002123,1783332971927076340,1783332971927076340,1783332971927076340,3,1.000000000000,1.000000000000,1.000000000000,1
689,86177,86177,1783332971927129551,1783332971927129551,1783332971927215728,1783332971927215728,1783332971927215728,2,1.000000000000,1.000000000000,1.000000000000,1
690,74306,74306,1783332971927232330,1783332971927232330,1783332971927306636,1783332971927306636,1783332971927306636,0,1.000000000000,1.000000000000,1.000000000000,1
691,72705,72705,1783332971927357829,1783332971927357829,1783332971927430534,1783332971927430534,1783332971927430534,0,1.000000000000,1.000000000000,1.000000000000,1
692,74445,74445,1783332971927472047,1783332971927472047,1783332971927546492,1783332971927546492,1783332971927546492,2,1.000000000000,1.000000000000,1.000000000000,1
693,77324,77324,1783332971927591846,1783332971927591846,1783332971927669170,1783332971927669170,1783332971927669170,0,1.000000000000,1.000000000000,1.000000000000,1
694,74504,74504,1783332971927710434,1783332971927710434,1783332971927784938,1783332971927784938,1783332971927784938,1,1.000000000000,1.000000000000,1.000000000000,1
695,73394,73394,1783332971927824233,1783332971927824233,1783332971927897627,1783332971927897627,1783332971927897627,3,1.000000000000,1.000000000000,1.000000000000,1
696,75983,75983,1783332971927939322,1783332971927939322,1783332971928015305,1783332971928015305,1783332971928015305,3,1.000000000000,1.000000000000,1.000000000000,1
697,74403,74403,1783332971928055870,1783332971928055870,1783332971928130273,1783332971928130273,1783332971928130273,1,1.000000000000,1.000000000000,1.000000000000,1
698,76132,76132,1783332971928167939,1783332971928167939,1783332971928244071,1783332971928244071,1783332971928244071,1,1.000000000000,1.000000000000,1.000000000000,1
699,74592,74592,1783332971928288437,1783332971928288437,1783332971928363029,1783332971928363029,1783332971928363029,0,1.000000000000,1.000000000000,1.000000000000,1
700,73951,73951,1783332971928399776,1783332971928399776,1783332971928473727,1783332971928473727,1783332971928473727,2,1.000000000000,1.000000000000,1.000000000000,1
701,74830,74830,1783332971928518675,1783332971928518675,1783332971928593505,1783332971928593505,1783332971928593505,1,1.000000000000,1.000000000000,1.000000000000,1
702,75930,75930,1783332971928645613,1783332971928645613,1783332971928721543,1783332971928721543,1783332971928721543,1,1.000000000000,1.000000000000,1.000000000000,1
703,78569,78569,1783332971928767472,1783332971928767472,1783332971928846041,1783332971928846041,1783332971928846041,3,1.000000000000,1.000000000000,1.000000000000,1
704,74318,74318,1783332971928882011,1783332971928882011,1783332971928956329,1783332971928956329,1783332971928956329,0,1.000000000000,1.000000000000,1.000000000000,1
705,75547,75547,1783332971928997630,1783332971928997630,1783332971929073177,1783332971929073177,1783332971929073177,2,1.000000000000,1.000000000000,1.000000000000,1
706,75856,75856,1783332971929107219,1783332971929107219,1783332971929183075,1783332971929183075,1783332971929183075,1,1.000000000000,1.000000000000,1.000000000000,1
707,74066,74066,1783332971929226087,1783332971929226087,1783332971929300153,1783332971929300153,1783332971929300153,1,1.000000000000,1.000000000000,1.000000000000,1
708,75116,75116,1783332971929352606,1783332971929352606,1783332971929427722,1783332971929427722,1783332971929427722,3,1.000000000000,1.000000000000,1.000000000000,1
709,74256,74256,1783332971929468284,1783332971929468284,1783332971929542540,1783332971929542540,1783332971929542540,3,1.000000000000,1.000000000000,1.000000000000,1
710,73115,73115,1783332971929587603,1783332971929587603,1783332971929660718,1783332971929660718,1783332971929660718,2,1.000000000000,1.000000000000,1.000000000000,1
711,73355,73355,1783332971929715661,1783332971929715661,1783332971929789016,1783332971929789016,1783332971929789016,2,1.000000000000,1.000000000000,1.000000000000,1
712,77614,77614,1783332971929827370,1783332971929827370,1783332971929904984,1783332971929904984,1783332971929904984,1,1.000000000000,1.000000000000,1.000000000000,1
713,76203,76203,1783332971929941409,1783332971929941409,1783332971930017612,1783332971930017612,1783332971930017612,2,1.000000000000,1.000000000000,1.000000000000,1
714,73003,73003,1783332971930056137,1783332971930056137,1783332971930129140,1783332971930129140,1783332971930129140,3,1.000000000000,1.000000000000,1.000000000000,1
715,73422,73422,1783332971930172206,1783332971930172206,1783332971930245628,1783332971930245628,1783332971930245628,0,1.000000000000,1.000000000000,1.000000000000,1
716,74322,74322,1783332971930291374,1783332971930291374,1783332971930365696,1783332971930365696,1783332971930365696,0,1.000000000000,1.000000000000,1.000000000000,1
717,75761,75761,1783332971930415663,1783332971930415663,1783332971930491424,1783332971930491424,1783332971930491424,3,1.000000000000,1.000000000000,1.000000000000,1
718,75360,75360,1783332971930523362,1783332971930523362,1783332971930598722,1783332971930598722,1783332971930598722,0,1.000000000000,1.000000000000,1.000000000000,1
719,75180,75180,1783332971930653730,1783332971930653730,1783332971930728910,1783332971930728910,1783332971930728910,1,1.000000000000,1.000000000000,1.000000000000,1
720,73319,73319,1783332971930773079,1783332971930773079,1783332971930846398,1783332971930846398,1783332971930846398,1,1.000000000000,1.000000000000,1.000000000000,1
721,73669,73669,1783332971930888257,1783332971930888257,1783332971930961926,1783332971930961926,1783332971930961926,2,1.000000000000,1.000000000000,1.000000000000,1
722,83848,83848,1783332971931003216,1783332971931003216,1783332971931087064,1783332971931087064,1783332971931087064,2,1.000000000000,1.000000000000,1.000000000000,1
723,74828,74828,1783332971931116624,1783332971931116624,1783332971931191452,1783332971931191452,1783332971931191452,3,1.000000000000,1.000000000000,1.000000000000,1
724,74488,74488,1783332971931231633,1783332971931231633,1783332971931306121,1783332971931306121,1783332971931306121,2,1.000000000000,1.000000000000,1.000000000000,1
725,73186,73186,1783332971931353132,1783332971931353132,1783332971931426318,1783332971931426318,1783332971931426318,1,1.000000000000,1.000000000000,1.000000000000,1
726,73957,73957,1783332971931469640,1783332971931469640,1783332971931543597,1783332971931543597,1783332971931543597,2,1.000000000000,1.000000000000,1.000000000000,1
727,72946,72946,1783332971931588659,1783332971931588659,1783332971931661605,1783332971931661605,1783332971931661605,1,1.000000000000,1.000000000000,1.000000000000,1
728,75055,75055,1783332971931716347,1783332971931716347,1783332971931791402,1783332971931791402,1783332971931791402,2,1.000000000000,1.000000000000,1.000000000000,1
729,73104,73104,1783332971931828836,1783332971931828836,1783332971931901940,1783332971931901940,1783332971931901940,1,1.000000000000,1.000000000000,1.000000000000,1
730,76613,76613,1783332971931946555,1783332971931946555,1783332971932023168,1783332971932023168,1783332971932023168,2,1.000000000000,1.000000000000,1.000000000000,1
731,77363,77363,1783332971932057814,1783332971932057814,1783332971932135177,1783332971932135177,1783332971932135177,2,1.000000000000,1.000000000000,1.000000000000,1
732,72512,72512,1783332971932171093,1783332971932171093,1783332971932243605,1783332971932243605,1783332971932243605,0,1.000000000000,1.000000000000,1.000000000000,1
733,75762,75762,1783332971932294131,1783332971932294131,1783332971932369893,1783332971932369893,1783332971932369893,1,1.000000000000,1.000000000000,1.000000000000,1
734,74162,74162,1783332971932402080,1783332971932402080,1783332971932476242,1783332971932476242,1783332971932476242,3,1.000000000000,1.000000000000,1.000000000000,1
735,73581,73581,1783332971932523769,1783332971932523769,1783332971932597350,1783332971932597350,1783332971932597350,3,1.000000000000,1.000000000000,1.000000000000,1
736,75420,75420,1783332971932668317,1783332971932668317,1783332971932743737,1783332971932743737,1783332971932743737,2,1.000000000000,1.000000000000,1.000000000000,1
737,73770,73770,1783332971932793535,1783332971932793535,1783332971932867305,1783332971932867305,1783332971932867305,1,1.000000000000,1.000000000000,1.000000000000,1
738,76889,76889,1783332971932901614,1783332971932901614,1783332971932978503,1783332971932978503,1783332971932978503,0,1.000000000000,1.000000000000,1.000000000000,1
739,74619,74619,1783332971933016313,1783332971933016313,1783332971933090932,1783332971933090932,1783332971933090932,0,1.000000000000,1.000000000000,1.000000000000,1
740,76609,76609,1783332971933130521,1783332971933130521,1783332971933207130,1783332971933207130,1783332971933207130,2,1.000000000000,1.000000000000,1.000000000000,1
741,73868,73868,1783332971933245410,1783332971933245410,1783332971933319278,1783332971933319278,1783332971933319278,1,1.000000000000,1.000000000000,1.000000000000,1
742,74677,74677,1783332971933361279,1783332971933361279,1783332971933435956,1783332971933435956,1783332971933435956,3,1.000000000000,1.000000000000,1.000000000000,1
743,74407,74407,1783332971933480157,1783332971933480157,1783332971933554564,1783332971933554564,1783332971933554564,2,1.000000000000,1.000000000000,1.000000000000,1
744,78256,78256,1783332971933605646,1783332971933605646,1783332971933683902,1783332971933683902,1783332971933683902,1,1.000000000000,1.000000000000,1.000000000000,1
745,76335,76335,1783332971933740034,1783332971933740034,1783332971933816369,1783332971933816369,1783332971933816369,2,1.000000000000,1.000000000000,1.000000000000,1
746,75105,75105,1783332971933842433,1783332971933842433,1783332971933917538,1783332971933917538,1783332971933917538,1,1.000000000000,1.000000000000,1.000000000000,1
747,73445,73445,1783332971933955011,1783332971933955011,1783332971934028456,1783332971934028456,1783332971934028456,1,1.000000000000,1.000000000000,1.000000000000,1
748,75104,75104,1783332971934072700,1783332971934072700,1783332971934147804,1783332971934147804,1783332971934147804,2,1.000000000000,1.000000000000,1.000000000000,1
749,75923,75923,1783332971934185719,1783332971934185719,1783332971934261642,1783332971934261642,1783332971934261642,2,1.000000000000,1.000000000000,1.000000000000,1
750,74193,74193,1783332971934304337,1783332971934304337,1783332971934378530,1783332971934378530,1783332971934378530,1,1.000000000000,1.000000000000,1.000000000000,1
751,76432,76432,1783332971934413986,1783332971934413986,1783332971934490418,1783332971934490418,1783332971934490418,2,1.000000000000,1.000000000000,1.000000000000,1
752,74481,74481,1783332971934536265,1783332971934536265,1783332971934610746,1783332971934610746,1783332971934610746,1,1.000000000000,1.000000000000,1.000000000000,1
753,73621,73621,1783332971934661233,1783332971934661233,1783332971934734854,1783332971934734854,1783332971934734854,3,1.000000000000,1.000000000000,1.000000000000,1
754,73920,73920,1783332971934779792,1783332971934779792,1783332971934853712,1783332971934853712,1783332971934853712,2,1.000000000000,1.000000000000,1.000000000000,1
755,86849,86849,1783332971934897621,1783332971934897621,1783332971934984470,1783332971934984470,1783332971934984470,3,1.000000000000,1.000000000000,1.000000000000,1
756,74508,74508,1783332971935009600,1783332971935009600,1783332971935084108,1783332971935084108,1783332971935084108,0,1.000000000000,1.000000000000,1.000000000000,1
757,73947,73947,1783332971935122629,1783332971935122629,1783332971935196576,1783332971935196576,1783332971935196576,3,1.000000000000,1.000000000000,1.000000000000,1
758,77437,77437,1783332971935236737,1783332971935236737,1783332971935314174,1783332971935314174,1783332971935314174,0,1.000000000000,1.000000000000,1.000000000000,1
759,77277,77277,1783332971935355986,1783332971935355986,1783332971935433263,1783332971935433263,1783332971935433263,1,1.000000000000,1.000000000000,1.000000000000,1
760,76397,76397,1783332971935473724,1783332971935473724,1783332971935550121,1783332971935550121,1783332971935550121,0,1.000000000000,1.000000000000,1.000000000000,1
761,74676,74676,1783332971935594113,1783332971935594113,1783332971935668789,1783332971935668789,1783332971935668789,0,1.000000000000,1.000000000000,1.000000000000,1
762,75696,75696,1783332971935724491,1783332971935724491,1783332971935800187,1783332971935800187,1783332971935800187,1,1.000000000000,1.000000000000,1.000000000000,1
763,86265,86265,1783332971935836570,1783332971935836570,1783332971935922835,1783332971935922835,1783332971935922835,2,1.000000000000,1.000000000000,1.000000000000,1
764,74244,74244,1783332971935953819,1783332971935953819,1783332971936028063,1783332971936028063,1783332971936028063,0,1.000000000000,1.000000000000,1.000000000000,1
765,74574,74574,1783332971936065497,1783332971936065497,1783332971936140071,1783332971936140071,1783332971936140071,2,1.000000000000,1.000000000000,1.000000000000,1
766,74013,74013,1783332971936180196,1783332971936180196,1783332971936254209,1783332971936254209,1783332971936254209,2,1.000000000000,1.000000000000,1.000000000000,1
767,75122,75122,1783332971936298495,1783332971936298495,1783332971936373617,1783332971936373617,1783332971936373617,0,1.000000000000,1.000000000000,1.000000000000,1
768,73912,73912,1783332971936410253,1783332971936410253,1783332971936484165,1783332971936484165,1783332971936484165,1,1.000000000000,1.000000000000,1.000000000000,1
769,74891,74891,1783332971936532262,1783332971936532262,1783332971936607153,1783332971936607153,1783332971936607153,3,1.000000000000,1.000000000000,1.000000000000,1
770,75651,75651,1783332971936653690,1783332971936653690,1783332971936729341,1783332971936729341,1783332971936729341,3,1.000000000000,1.000000000000,1.000000000000,1
771,75180,75180,1783332971936774889,1783332971936774889,1783332971936850069,1783332971936850069,1783332971936850069,2,1.000000000000,1.000000000000,1.000000000000,1
772,73430,73430,1783332971936893497,1783332971936893497,1783332971936966927,1783332971936966927,1783332971936966927,3,1.000000000000,1.000000000000,1.000000000000,1
773,74519,74519,1783332971937019876,1783332971937019876,1783332971937094395,1783332971937094395,1783332971937094395,1,1.000000000000,1.000000000000,1.000000000000,1
774,74458,74458,1783332971937121945,1783332971937121945,1783332971937196403,1783332971937196403,1783332971937196403,0,1.000000000000,1.000000000000,1.000000000000,1
775,73899,73899,1783332971937234863,1783332971937234863,1783332971937308762,1783332971937308762,1783332971937308762,1,1.000000000000,1.000000000000,1.000000000000,1
776,78888,78888,1783332971937354702,1783332971937354702,1783332971937433590,1783332971937433590,1783332971937433590,3,1.000000000000,1.000000000000,1.000000000000,1
777,75187,75187,1783332971937468291,1783332971937468291,1783332971937543478,1783332971937543478,1783332971937543478,2,1.000000000000,1.000000000000,1.000000000000,1
778,76597,76597,1783332971937589279,1783332971937589279,1783332971937665876,1783332971937665876,1783332971937665876,0,1.000000000000,1.000000000000,1.000000000000,1
779,73296,73296,1783332971937710548,1783332971937710548,1783332971937783844,1783332971937783844,1783332971937783844,2,1.000000000000,1.000000000000,1.000000000000,1
780,73584,73584,1783332971937839917,1783332971937839917,1783332971937913501,1783332971937913501,1783332971937913501,1,1.000000000000,1.000000000000,1.000000000000,1
781,73604,73604,1783332971937953096,1783332971937953096,1783332971938026700,1783332971938026700,1783332971938026700,1,1.000000000000,1.000000000000,1.000000000000,1
782,73064,73064,1783332971938067614,1783332971938067614,1783332971938140678,1783332971938140678,1783332971938140678,3,1.000000000000,1.000000000000,1.000000000000,1
783,73423,73423,1783332971938181163,1783332971938181163,1783332971938254586,1783332971938254586,1783332971938254586,3,1.000000000000,1.000000000000,1.000000000000,1
784,75033,75033,1783332971938306422,1783332971938306422,1783332971938381455,1783332971938381455,1783332971938381455,3,1.000000000000,1.000000000000,1.000000000000,1
785,73123,73123,1783332971938414190,1783332971938414190,1783332971938487313,1783332971938487313,1783332971938487313,2,1.000000000000,1.000000000000,1.000000000000,1
786,74322,74322,1783332971938538769,1783332971938538769,1783332971938613091,1783332971938613091,1783332971938613091,2,1.000000000000,1.000000000000,1.000000000000,1
787,79652,79652,1783332971938661827,1783332971938661827,1783332971938741479,1783332971938741479,1783332971938741479,3,1.000000000000,1.000000000000,1.000000000000,1
788,83560,83560,1783332971938780586,1783332971938780586,1783332971938864146,1783332971938864146,1783332971938864146,1,1.000000000000,1.000000000000,1.000000000000,1
789,73940,73940,1783332971938893945,1783332971938893945,1783332971938967885,1783332971938967885,1783332971938967885,3,1.000000000000,1.000000000000,1.000000000000,1
790,73630,73630,1783332971939007973,1783332971939007973,1783332971939081603,1783332971939081603,1783332971939081603,0,1.000000000000,1.000000000000,1.000000000000,1
791,74649,74649,1783332971939124682,1783332971939124682,1783332971939199331,1783332971939199331,1783332971939199331,0,1.000000000000,1.000000000000,1.000000000000,1
792,76858,76858,1783332971939236681,1783332971939236681,1783332971939313539,1783332971939313539,1783332971939313539,0,1.000000000000,1.000000000000,1.000000000000,1
793,74328,74328,1783332971939353829,1783332971939353829,1783332971939428157,1783332971939428157,1783332971939428157,3,1.000000000000,1.000000000000,1.000000000000,1
794,74497,74497,1783332971939477128,1783332971939477128,1783332971939551625,1783332971939551625,1783332971939551625,2,1.000000000000,1.000000000000,1.000000000000,1
795,74007,74007,1783332971939603406,1783332971939603406,1783332971939677413,1783332971939677413,1783332971939677413,1,1.000000000000,1.000000000000,1.000000000000,1
796,74986,74986,1783332971939722825,1783332971939722825,1783332971939797811,1783332971939797811,1783332971939797811,2,1.000000000000,1.000000000000,1.000000000000,1
797,87646,87646,1783332971939837113,1783332971939837113,1783332971939924759,1783332971939924759,1783332971939924759,1,1.000000000000,1.000000000000,1.000000000000,1
798,78485,78485,1783332971939957142,1783332971939957142,1783332971940035627,1783332971940035627,1783332971940035627,0,1.000000000000,1.000000000000,1.000000000000,1
799,72834,72834,1783332971940066551,1783332971940066551,1783332971940139385,1783332971940139385,1783332971940139385,1,1.000000000000,1.000000000000,1.000000000000,1
800,73334,73334,1783332971940179599,1783332971940179599,1783332971940252933,1783332971940252933,1783332971940252933,0,1.000000000000,1.000000000000,1.000000000000,1
801,77143,77143,1783332971940319608,1783332971940319608,1783332971940396751,1783332971940396751,1783332971940396751,1,1.000000000000,1.000000000000,1.000000000000,1
802,82143,82143,1783332971940412576,1783332971940412576,1783332971940494719,1783332971940494719,1783332971940494719,2,1.000000000000,1.000000000000,1.000000000000,1
803,75772,75772,1783332971940537405,1783332971940537405,1783332971940613177,1783332971940613177,1783332971940613177,3,1.000000000000,1.000000000000,1.000000000000,1
804,76671,76671,1783332971940657054,1783332971940657054,1783332971940733725,1783332971940733725,1783332971940733725,1,1.000000000000,1.000000000000,1.000000000000,1
805,74201,74201,1783332971940772872,1783332971940772872,1783332971940847073,1783332971940847073,1783332971940847073,0,1.000000000000,1.000000000000,1.000000000000,1
806,75639,75639,1783332971940890802,1783332971940890802,1783332971940966441,1783332971940966441,1783332971940966441,1,1.000000000000,1.000000000000,1.000000000000,1
807,74389,74389,1783332971941001720,1783332971941001720,1783332971941076109,1783332971941076109,1783332971941076109,2,1.000000000000,1.000000000000,1.000000000000,1
808,77928,77928,1783332971941115579,1783332971941115579,1783332971941193507,1783332971941193507,1783332971941193507,3,1.000000000000,1.000000000000,1.000000000000,1
809,76297,76297,1783332971941230668,1783332971941230668,1783332971941306965,1783332971941306965,1783332971941306965,0,1.000000000000,1.000000000000,1.000000000000,1
810,74208,74208,1783332971941346366,1783332971941346366,1783332971941420574,1783332971941420574,1783332971941420574,2,1.000000000000,1.000000000000,1.000000000000,1
811,73537,73537,1783332971941472655,1783332971941472655,1783332971941546192,1783332971941546192,1783332971941546192,3,1.000000000000,1.000000000000,1.000000000000,1
812,73717,73717,1783332971941588743,1783332971941588743,1783332971941662460,1783332971941662460,1783332971941662460,2,1.000000000000,1.000000000000,1.000000000000,1
813,76016,76016,1783332971941711382,1783332971941711382,1783332971941787398,1783332971941787398,1783332971941787398,1,1.000000000000,1.000000000000,1.000000000000,1
814,75236,75236,1783332971941823980,1783332971941823980,1783332971941899216,1783332971941899216,1783332971941899216,3,1.000000000000,1.000000000000,1.000000000000,1
815,76376,76376,1783332971941937689,1783332971941937689,1783332971942014065,1783332971942014065,1783332971942014065,1,1.000000000000,1.000000000000,1.000000000000,1
816,73375,73375,1783332971942050818,1783332971942050818,1783332971942124193,1783332971942124193,1783332971942124193,2,1.000000000000,1.000000000000,1.000000000000,1
817,75495,75495,1783332971942168586,1783332971942168586,1783332971942244081,1783332971942244081,1783332971942244081,2,1.000000000000,1.000000000000,1.000000000000,1
818,76984,76984,1783332971942285825,1783332971942285825,1783332971942362809,1783332971942362809,1783332971942362809,0,1.000000000000,1.000000000000,1.000000000000,1
819,76253,76253,1783332971942397104,1783332971942397104,1783332971942473357,1783332971942473357,1783332971942473357,0,1.000000000000,1.000000000000,1.000000000000,1
820,75663,75663,1783332971942523972,1783332971942523972,1783332971942599635,1783332971942599635,1783332971942599635,2,1.000000000000,1.000000000000,1.000000000000,1
821,86562,86562,1783332971942645481,1783332971942645481,1783332971942732043,1783332971942732043,1783332971942732043,3,1.000000000000,1.000000000000,1.000000000000,1
822,74502,74502,1783332971942764669,1783332971942764669,1783332971942839171,1783332971942839171,1783332971942839171,1,1.000000000000,1.000000000000,1.000000000000,1
823,74931,74931,1783332971942882808,1783332971942882808,1783332971942957739,1783332971942957739,1783332971942957739,2,1.000000000000,1.000000000000,1.000000000000,1
824,78071,78071,1783332971943000706,1783332971943000706,1783332971943078777,1783332971943078777,1783332971943078777,3,1.000000000000,1.000000000000,1.000000000000,1
825,74090,74090,1783332971943115905,1783332971943115905,1783332971943189995,1783332971943189995,1783332971943189995,0,1.000000000000,1.000000000000,1.000000000000,1
826,74109,74109,1783332971943230954,1783332971943230954,1783332971943305063,1783332971943305063,1783332971943305063,0,1.000000000000,1.000000000000,1.000000000000,1
827,73019,73019,1783332971943354572,1783332971943354572,1783332971943427591,1783332971943427591,1783332971943427591,1,1.000000000000,1.000000000000,1.000000000000,1
828,75258,75258,1783332971943478021,1783332971943478021,1783332971943553279,1783332971943553279,1783332971943553279,1,1.000000000000,1.000000000000,1.000000000000,1
829,73788,73788,1783332971943605569,1783332971943605569,1783332971943679357,1783332971943679357,1783332971943679357,2,1.000000000000,1.000000000000,1.000000000000,1
830,73077,73077,1783332971943713048,1783332971943713048,1783332971943786125,1783332971943786125,1783332971943786125,2,1.000000000000,1.000000000000,1.000000000000,1
831,83826,83826,1783332971943835087,1783332971943835087,1783332971943918913,1783332971943918913,1783332971943918913,2,1.000000000000,1.000000000000,1.000000000000,1
832,73535,73535,1783332971943951316,1783332971943951316,1783332971944024851,1783332971944024851,1783332971944024851,0,1.000000000000,1.000000000000,1.000000000000,1
833,73174,73174,1783332971944058335,1783332971944058335,1783332971944131509,1783332971944131509,1783332971944131509,1,1.000000000000,1.000000000000,1.000000000000,1
834,73964,73964,1783332971944169333,1783332971944169333,1783332971944243297,1783332971944243297,1783332971944243297,1,1.000000000000,1.000000000000,1.000000000000,1
835,74393,74393,1783332971944295322,1783332971944295322,1783332971944369715,1783332971944369715,1783332971944369715,3,1.000000000000,1.000000000000,1.000000000000,1
836,73823,73823,1783332971944399961,1783332971944399961,1783332971944473784,1783332971944473784,1783332971944473784,1,1.000000000000,1.000000000000,1.000000000000,1
837,74333,74333,1783332971944526479,1783332971944526479,1783332971944600812,1783332971944600812,1783332971944600812,3,1.000000000000,1.000000000000,1.000000000000,1
838,75703,75703,1783332971944653337,1783332971944653337,1783332971944729040,1783332971944729040,1783332971944729040,2,1.000000000000,1.000000000000,1.000000000000,1
839,75122,75122,1783332971944774776,1783332971944774776,1783332971944849898,1783332971944849898,1783332971944849898,0,1.000000000000,1.000000000000,1.000000000000,1
840,77241,77241,1783332971944886015,1783332971944886015,1783332971944963256,1783332971944963256,1783332971944963256,1,1.000000000000,1.000000000000,1.000000000000,1
841,73511,73511,1783332971944999733,1783332971944999733,1783332971945073244,1783332971945073244,1783332971945073244,1,1.000000000000,1.000000000000,1.000000000000,1
842,74141,74141,1783332971945114972,1783332971945114972,1783332971945189113,1783332971945189113,1783332971945189113,3,1.000000000000,1.000000000000,1.000000000000,1
843,80160,80160,1783332971945228291,1783332971945228291,1783332971945308451,1783332971945308451,1783332971945308451,2,1.000000000000,1.000000000000,1.000000000000,1
844,75210,75210,1783332971945344799,1783332971945344799,1783332971945420009,1783332971945420009,1783332971945420009,0,1.000000000000,1.000000000000,1.000000000000,1
845,74679,74679,1783332971945470668,1783332971945470668,1783332971945545347,1783332971945545347,1783332971945545347,3,1.000000000000,1.000000000000,1.000000000000,1
846,75829,75829,1783332971945592436,1783332971945592436,1783332971945668265,1783332971945668265,1783332971945668265,2,1.000000000000,1.000000000000,1.000000000000,1
847,73898,73898,1783332971945707135,1783332971945707135,1783332971945781033,1783332971945781033,1783332971945781033,0,1.000000000000,1.000000000000,1.000000000000,1
848,73827,73827,1783332971945820544,1783332971945820544,1783332971945894371,1783332971945894371,1783332971945894371,1,1.000000000000,1.000000000000,1.000000000000,1
849,73297,73297,1783332971945936902,1783332971945936902,1783332971946010199,1783332971946010199,1783332971946010199,2,1.000000000000,1.000000000000,1.000000000000,1
850,73686,73686,1783332971946050331,1783332971946050331,1783332971946124017,1783332971946124017,1783332971946124017,2,1.000000000000,1.000000000000,1.000000000000,1
851,73396,73396,1783332971946164929,1783332971946164929,1783332971946238325,1783332971946238325,1783332971946238325,2,1.000000000000,1.000000000000,1.000000000000,1
852,75645,75645,1783332971946286198,1783332971946286198,1783332971946361843,1783332971946361843,1783332971946361843,1,1.000000000000,1.000000000000,1.000000000000,1
853,75884,75884,1783332971946397727,1783332971946397727,1783332971946473611,1783332971946473611,1783332971946473611,3,1.000000000000,1.000000000000,1.000000000000,1
854,84204,84204,1783332971946519375,1783332971946519375,1783332971946603579,1783332971946603579,1783332971946603579,1,1.000000000000,1.000000000000,1.000000000000,1
855,75943,75943,1783332971946647204,1783332971946647204,1783332971946723147,1783332971946723147,1783332971946723147,3,1.000000000000,1.000000000000,1.000000000000,1
856,76633,76633,1783332971946763772,1783332971946763772,1783332971946840405,1783332971946840405,1783332971946840405,2,1.000000000000,1.000000000000,1.000000000000,1
857,76261,76261,1783332971946893112,1783332971946893112,1783332971946969373,1783332971946969373,1783332971946969373,1,1.000000000000,1.000000000000,1.000000000000,1
858,74060,74060,1783332971946998111,1783332971946998111,1783332971947072171,1783332971947072171,1783332971947072171,1,1.000000000000,1.000000000000,1.000000000000,1
859,74060,74060,1783332971947111809,1783332971947111809,1783332971947185869,1783332971947185869,1783332971947185869,0,1.000000000000,1.000000000000,1.000000000000,1
860,81169,81169,1783332971947227028,1783332971947227028,1783332971947308197,1783332971947308197,1783332971947308197,0,1.000000000000,1.000000000000,1.000000000000,1
861,74750,74750,1783332971947350656,1783332971947350656,1783332971947425406,1783332971947425406,1783332971947425406,3,1.000000000000,1.000000000000,1.000000000000,1
862,74359,74359,1783332971947480895,1783332971947480895,1783332971947555254,1783332971947555254,1783332971947555254,0,1.000000000000,1.000000000000,1.000000000000,1
863,76829,76829,1783332971947600703,1783332971947600703,1783332971947677532,1783332971947677532,1783332971947677532,1,1.000000000000,1.000000000000,1.000000000000,1
864,75418,75418,1783332971947720802,1783332971947720802,1783332971947796220,1783332971947796220,1783332971947796220,0,1.000000000000,1.000000000000,1.000000000000,1
865,81577,81577,1783332971947837211,1783332971947837211,1783332971947918788,1783332971947918788,1783332971947918788,0,1.000000000000,1.000000000000,1.000000000000,1
866,74307,74307,1783332971947949949,1783332971947949949,1783332971948024256,1783332971948024256,1783332971948024256,1,1.000000000000,1.000000000000,1.000000000000,1
867,74286,74286,1783332971948062618,1783332971948062618,1783332971948136904,1783332971948136904,1783332971948136904,3,1.000000000000,1.000000000000,1.000000000000,1
868,74596,74596,1783332971948176616,1783332971948176616,1783332971948251212,1783332971948251212,1783332971948251212,1,1.000000000000,1.000000000000,1.000000000000,1
869,75155,75155,1783332971948299415,1783332971948299415,1783332971948374570,1783332971948374570,1783332971948374570,2,1.000000000000,1.000000000000,1.000000000000,1
870,74094,74094,1783332971948407734,1783332971948407734,1783332971948481828,1783332971948481828,1783332971948481828,0,1.000000000000,1.000000000000,1.000000000000,1
871,77914,77914,1783332971948529592,1783332971948529592,1783332971948607506,1783332971948607506,1783332971948607506,3,1.000000000000,1.000000000000,1.000000000000,1
872,77463,77463,1783332971948652911,1783332971948652911,1783332971948730374,1783332971948730374,1783332971948730374,1,1.000000000000,1.000000000000,1.000000000000,1
873,73983,73983,1783332971948771959,1783332971948771959,1783332971948845942,1783332971948845942,1783332971948845942,1,1.000000000000,1.000000000000,1.000000000000,1
874,76372,76372,1783332971948889298,1783332971948889298,1783332971948965670,1783332971948965670,1783332971948965670,0,1.000000000000,1.000000000000,1.000000000000,1
875,74291,74291,1783332971949001317,1783332971949001317,1783332971949075608,1783332971949075608,1783332971949075608,2,1.000000000000,1.000000000000,1.000000000000,1
876,73971,73971,1783332971949116915,1783332971949116915,1783332971949190886,1783332971949190886,1783332971949190886,0,1.000000000000,1.000000000000,1.000000000000,1
877,80290,80290,1783332971949230804,1783332971949230804,1783332971949311094,1783332971949311094,1783332971949311094,1,1.000000000000,1.000000000000,1.000000000000,1
878,74180,74180,1783332971949352792,1783332971949352792,1783332971949426972,1783332971949426972,1783332971949426972,0,1.000000000000,1.000000000000,1.000000000000,1
879,73669,73669,1783332971949472671,1783332971949472671,1783332971949546340,1783332971949546340,1783332971949546340,0,1.000000000000,1.000000000000,1.000000000000,1
880,73718,73718,1783332971949592590,1783332971949592590,1783332971949666308,1783332971949666308,1783332971949666308,0,1.000000000000,1.000000000000,1.000000000000,1
881,73298,73298,1783332971949713418,1783332971949713418,1783332971949786716,1783332971949786716,1783332971949786716,0,1.000000000000,1.000000000000,1.000000000000,1
882,74127,74127,1783332971949829997,1783332971949829997,1783332971949904124,1783332971949904124,1783332971949904124,1,1.000000000000,1.000000000000,1.000000000000,1
883,77256,77256,1783332971949940636,1783332971949940636,1783332971950017892,1783332971950017892,1783332971950017892,1,1.000000000000,1.000000000000,1.000000000000,1
884,75146,75146,1783332971950054455,1783332971950054455,1783332971950129601,1783332971950129601,1783332971950129601,1,1.000000000000,1.000000000000,1.000000000000,1
885,73615,73615,1783332971950179574,1783332971950179574,1783332971950253189,1783332971950253189,1783332971950253189,0,1.000000000000,1.000000000000,1.000000000000,1
886,73475,73475,1783332971950297542,1783332971950297542,1783332971950371017,1783332971950371017,1783332971950371017,1,1.000000000000,1.000000000000,1.000000000000,1
887,84025,84025,1783332971950407071,1783332971950407071,1783332971950491096,1783332971950491096,1783332971950491096,3,1.000000000000,1.000000000000,1.000000000000,1
888,76544,76544,1783332971950522960,1783332971950522960,1783332971950599504,1783332971950599504,1783332971950599504,1,1.000000000000,1.000000000000,1.000000000000,1
889,73674,73674,1783332971950652518,1783332971950652518,1783332971950726192,1783332971950726192,1783332971950726192,2,1.000000000000,1.000000000000,1.000000000000,1
890,74773,74773,1783332971950771237,1783332971950771237,1783332971950846010,1783332971950846010,1783332971950846010,2,1.000000000000,1.000000000000,1.000000000000,1
891,74013,74013,1783332971950884535,1783332971950884535,1783332971950958548,1783332971950958548,1783332971950958548,0,1.000000000000,1.000000000000,1.000000000000,1
892,73782,73782,1783332971950999284,1783332971950999284,1783332971951073066,1783332971951073066,1783332971951073066,2,1.000000000000,1.000000000000,1.000000000000,1
893,74242,74242,1783332971951113212,1783332971951113212,1783332971951187454,1783332971951187454,1783332971951187454,3,1.000000000000,1.000000000000,1.000000000000,1
894,73701,73701,1783332971951227191,1783332971951227191,1783332971951300892,1783332971951300892,1783332971951300892,1,1.000000000000,1.000000000000,1.000000000000,1
895,73030,73030,1783332971951348500,1783332971951348500,1783332971951421530,1783332971951421530,1783332971951421530,0,1.000000000000,1.000000000000,1.000000000000,1
896,75080,75080,1783332971951479348,1783332971951479348,1783332971951554428,1783332971951554428,1783332971951554428,3,1.000000000000,1.000000000000,1.000000000000,1
897,73859,73859,1783332971951592237,1783332971951592237,1783332971951666096,1783332971951666096,1783332971951666096,0,1.000000000000,1.000000000000,1.000000000000,1
898,74259,74259,1783332971951706935,1783332971951706935,1783332971951781194,1783332971951781194,1783332971951781194,1,1.000000000000,1.000000000000,1.000000000000,1
899,77958,77958,1783332971951821814,1783332971951821814,1783332971951899772,1783332971951899772,1783332971951899772,0,1.000000000000,1.000000000000,1.000000000000,1
900,76657,76657,1783332971951940403,1783332971951940403,1783332971952017060,1783332971952017060,1783332971952017060,2,1.000000000000,1.000000000000,1.000000000000,1
901,76067,76067,1783332971952050161,1783332971952050161,1783332971952126228,1783332971952126228,1783332971952126228,3,1.000000000000,1.000000000000,1.000000000000,1
902,73836,73836,1783332971952163370,1783332971952163370,1783332971952237206,1783332971952237206,1783332971952237206,3,1.000000000000,1.000000000000,1.000000000000,1
903,77726,77726,1783332971952289128,1783332971952289128,1783332971952366854,1783332971952366854,1783332971952366854,2,1.000000000000,1.000000000000,1.000000000000,1
904,76155,76155,1783332971952400277,1783332971952400277,1783332971952476432,1783332971952476432,1783332971952476432,2,1.000000000000,1.000000000000,1.000000000000,1
905,73574,73574,1783332971952512446,1783332971952512446,1783332971952586020,1783332971952586020,1783332971952586020,1,1.000000000000,1.000000000000,1.000000000000,1
906,75494,75494,1783332971952637944,1783332971952637944,1783332971952713438,1783332971952713438,1783332971952713438,3,1.000000000000,1.000000000000,1.000000000000,1
907,74193,74193,1783332971952761063,1783332971952761063,1783332971952835256,1783332971952835256,1783332971952835256,0,1.000000000000,1.000000000000,1.000000000000,1
908,75932,75932,1783332971952880162,1783332971952880162,1783332971952956094,1783332971952956094,1783332971952956094,0,1.000000000000,1.000000000000,1.000000000000,1
909,73951,73951,1783332971952995361,1783332971952995361,1783332971953069312,1783332971953069312,1783332971953069312,0,1.000000000000,1.000000000000,1.000000000000,1
910,73990,73990,1783332971953107740,1783332971953107740,1783332971953181730,1783332971953181730,1783332971953181730,0,1.000000000000,1.000000000000,1.000000000000,1
911,73540,73540,1783332971953225828,1783332971953225828,1783332971953299368,1783332971953299368,1783332971953299368,3,1.000000000000,1.000000000000,1.000000000000,1
912,74780,74780,1783332971953350717,1783332971953350717,1783332971953425497,1783332971953425497,1783332971953425497,3,1.000000000000,1.000000000000,1.000000000000,1
913,74310,74310,1783332971953477785,1783332971953477785,1783332971953552095,1783332971953552095,1783332971953552095,2,1.000000000000,1.000000000000,1.000000000000,1
914,73539,73539,1783332971953584574,1783332971953584574,1783332971953658113,1783332971953658113,1783332971953658113,1,1.000000000000,1.000000000000,1.000000000000,1
915,73399,73399,1783332971953705862,1783332971953705862,1783332971953779261,1783332971953779261,1783332971953779261,0,1.000000000000,1.000000000000,1.000000000000,1
916,73058,73058,1783332971953819241,1783332971953819241,1783332971953892299,1783332971953892299,1783332971953892299,2,1.000000000000,1.000000000000,1.000000000000,1
917,73857,73857,1783332971953932270,1783332971953932270,1783332971954006127,1783332971954006127,1783332971954006127,3,1.000000000000,1.000000000000,1.000000000000,1
918,73987,73987,1783332971954049428,1783332971954049428,1783332971954123415,1783332971954123415,1783332971954123415,2,1.000000000000,1.000000000000,1.000000000000,1
919,72667,72667,1783332971954160947,1783332971954160947,1783332971954233614,1783332971954233614,1783332971954233614,2,1.000000000000,1.000000000000,1.000000000000,1
920,83796,83796,1783332971954284315,1783332971954284315,1783332971954368111,1783332971954368111,1783332971954368111,0,1.000000000000,1.000000000000,1.000000000000,1
921,74195,74195,1783332971954408964,1783332971954408964,1783332971954483159,1783332971954483159,1783332971954483159,1,1.000000000000,1.000000000000,1.000000000000,1
922,74015,74015,1783332971954522803,1783332971954522803,1783332971954596818,1783332971954596818,1783332971954596818,2,1.000000000000,1.000000000000,1.000000000000,1
923,79434,79434,1783332971954655751,1783332971954655751,1783332971954735185,1783332971954735185,1783332971954735185,2,1.000000000000,1.000000000000,1.000000000000,1
924,75004,75004,1783332971954773369,1783332971954773369,1783332971954848373,1783332971954848373,1783332971954848373,1,1.000000000000,1.000000000000,1.000000000000,1
925,73654,73654,1783332971954886598,1783332971954886598,1783332971954960252,1783332971954960252,1783332971954960252,2,1.000000000000,1.000000000000,1.000000000000,1
926,74963,74963,1783332971955003777,1783332971955003777,1783332971955078740,1783332971955078740,1783332971955078740,1,1.000000000000,1.000000000000,1.000000000000,1
927,77362,77362,1783332971955124195,1783332971955124195,1783332971955201557,1783332971955201557,1783332971955201557,0,1.000000000000,1.000000000000,1.000000000000,1
928,73812,73812,1783332971955240644,1783332971955240644,1783332971955314456,1783332971955314456,1783332971955314456,1,1.000000000000,1.000000000000,1.000000000000,1
929,81381,81381,1783332971955375612,1783332971955375612,1783332971955456993,1783332971955456993,1783332971955456993,3,1.000000000000,1.000000000000,1.000000000000,1
930,75670,75670,1783332971955486461,1783332971955486461,1783332971955562131,1783332971955562131,1783332971955562131,1,1.000000000000,1.000000000000,1.000000000000,1
931,73810,73810,1783332971955607219,1783332971955607219,1783332971955681029,1783332971955681029,1783332971955681029,1,1.000000000000,1.000000000000,1.000000000000,1
932,73329,73329,1783332971955728948,1783332971955728948,1783332971955802277,1783332971955802277,1783332971955802277,1,1.000000000000,1.000000000000,1.000000000000,1
933,81927,81927,1783332971955842368,1783332971955842368,1783332971955924295,1783332971955924295,1783332971955924295,2,1.000000000000,1.000000000000,1.000000000000,1
934,72888,72888,1783332971955956586,1783332971955956586,1783332971956029474,1783332971956029474,1783332971956029474,2,1.000000000000,1.000000000000,1.000000000000,1
935,72817,72817,1783332971956070435,1783332971956070435,1783332971956143252,1783332971956143252,1783332971956143252,2,1.000000000000,1.000000000000,1.000000000000,1
936,79256,79256,1783332971956184514,1783332971956184514,1783332971956263770,1783332971956263770,1783332971956263770,3,1.000000000000,1.000000000000,1.000000000000,1
937,73177,73177,1783332971956306942,1783332971956306942,1783332971956380119,1783332971956380119,1783332971956380119,3,1.000000000000,1.000000000000,1.000000000000,1
938,74616,74616,1783332971956420471,1783332971956420471,1783332971956495087,1783332971956495087,1783332971956495087,1,1.000000000000,1.000000000000,1.000000000000,1
939,73726,73726,1783332971956540549,1783332971956540549,1783332971956614275,1783332971956614275,1783332971956614275,0,1.000000000000,1.000000000000,1.000000000000,1
940,74205,74205,1783332971956661438,1783332971956661438,1783332971956735643,1783332971956735643,1783332971956735643,1,1.000000000000,1.000000000000,1.000000000000,1
941,73945,73945,1783332971956781956,1783332971956781956,1783332971956855901,1783332971956855901,1783332971956855901,0,1.000000000000,1.000000000000,1.000000000000,1
942,73824,73824,1783332971956887545,1783332971956887545,1783332971956961369,1783332971956961369,1783332971956961369,3,1.000000000000,1.000000000000,1.000000000000,1
943,73743,73743,1783332971957002754,1783332971957002754,1783332971957076497,1783332971957076497,1783332971957076497,1,1.000000000000,1.000000000000,1.000000000000,1
944,74803,74803,1783332971957126742,1783332971957126742,1783332971957201545,1783332971957201545,1783332971957201545,1,1.000000000000,1.000000000000,1.000000000000,1
945,73182,73182,1783332971957247991,1783332971957247991,1783332971957321173,1783332971957321173,1783332971957321173,3,1.000000000000,1.000000000000,1.000000000000,1
946,74172,74172,1783332971957373809,1783332971957373809,1783332971957447981,1783332971957447981,1783332971957447981,3,1.000000000000,1.000000000000,1.000000000000,1
947,81291,81291,1783332971957491588,1783332971957491588,1783332971957572879,1783332971957572879,1783332971957572879,1,1.000000000000,1.000000000000,1.000000000000,1
948,78992,78992,1783332971957621676,1783332971957621676,1783332971957700668,1783332971957700668,1783332971957700668,2,1.000000000000,1.000000000000,1.000000000000,1
949,93003,93003,1783332971957747955,1783332971957747955,1783332971957840958,1783332971957840958,1783332971957840958,2,1.000000000000,1.000000000000,1.000000000000,1
950,80343,80343,1783332971957856065,1783332971957856065,1783332971957936408,1783332971957936408,1783332971957936408,2,1.000000000000,1.000000000000,1.000000000000,1
951,84554,84554,1783332971957981304,1783332971957981304,1783332971958065858,1783332971958065858,1783332971958065858,2,1.000000000000,1.000000000000,1.000000000000,1
952,76735,76735,1783332971958098993,1783332971958098993,1783332971958175728,1783332971958175728,1783332971958175728,1,1.000000000000,1.000000000000,1.000000000000,1
953,73026,73026,1783332971958219502,1783332971958219502,1783332971958292528,1783332971958292528,1783332971958292528,2,1.000000000000,1.000000000000,1.000000000000,1
954,72417,72417,1783332971958336981,1783332971958336981,1783332971958409398,1783332971958409398,1783332971958409398,2,1.000000000000,1.000000000000,1.000000000000,1
955,78838,78838,1783332971958460170,1783332971958460170,1783332971958539008,1783332971958539008,1783332971958539008,0,1.000000000000,1.000000000000,1.000000000000,1
956,75538,75538,1783332971958578860,1783332971958578860,1783332971958654398,1783332971958654398,1783332971958654398,3,1.000000000000,1.000000000000,1.000000000000,1
957,75759,75759,1783332971958701539,1783332971958701539,1783332971958777298,1783332971958777298,1783332971958777298,2,1.000000000000,1.000000000000,1.000000000000,1
958,76230,76230,1783332971958816458,1783332971958816458,1783332971958892688,1783332971958892688,1783332971958892688,3,1.000000000000,1.000000000000,1.000000000000,1
959,72920,72920,1783332971958939168,1783332971958939168,1783332971959012088,1783332971959012088,1783332971959012088,3,1.000000000000,1.000000000000,1.000000000000,1
960,72891,72891,1783332971959058757,1783332971959058757,1783332971959131648,1783332971959131648,1783332971959131648,2,1.000000000000,1.000000000000,1.000000000000,1
961,73132,73132,1783332971959183056,1783332971959183056,1783332971959256188,1783332971959256188,1783332971959256188,2,1.000000000000,1.000000000000,1.000000000000,1
962,73623,73623,1783332971959307136,1783332971959307136,1783332971959380759,1783332971959380759,1783332971959380759,0,1.000000000000,1.000000000000,1.000000000000,1
963,80504,80504,1783332971959426195,1783332971959426195,1783332971959506699,1783332971959506699,1783332971959506699,3,1.000000000000,1.000000000000,1.000000000000,1
964,73705,73705,1783332971959547884,1783332971959547884,1783332971959621589,1783332971959621589,1783332971959621589,1,1.000000000000,1.000000000000,1.000000000000,1
965,74016,74016,1783332971959666223,1783332971959666223,1783332971959740239,1783332971959740239,1783332971959740239,1,1.000000000000,1.000000000000,1.000000000000,1
966,73457,73457,1783332971959796762,1783332971959796762,1783332971959870219,1783332971959870219,1783332971959870219,0,1.000000000000,1.000000000000,1.000000000000,1
967,73958,73958,1783332971959903051,1783332971959903051,1783332971959977009,1783332971959977009,1783332971959977009,3,1.000000000000,1.000000000000,1.000000000000,1
968,76468,76468,1783332971960014481,1783332971960014481,1783332971960090949,1783332971960090949,1783332971960090949,1,1.000000000000,1.000000000000,1.000000000000,1
969,73359,73359,1783332971960130900,1783332971960130900,1783332971960204259,1783332971960204259,1783332971960204259,1,1.000000000000,1.000000000000,1.000000000000,1
970,72320,72320,1783332971960243359,1783332971960243359,1783332971960315679,1783332971960315679,1783332971960315679,1,1.000000000000,1.000000000000,1.000000000000,1
971,75181,75181,1783332971960361228,1783332971960361228,1783332971960436409,1783332971960436409,1783332971960436409,0,1.000000000000,1.000000000000,1.000000000000,1
972,73482,73482,1783332971960479927,1783332971960479927,1783332971960553409,1783332971960553409,1783332971960553409,2,1.000000000000,1.000000000000,1.000000000000,1
973,74382,74382,1783332971960602847,1783332971960602847,1783332971960677229,1783332971960677229,1783332971960677229,2,1.000000000000,1.000000000000,1.000000000000,1
974,73863,73863,1783332971960731126,1783332971960731126,1783332971960804989,1783332971960804989,1783332971960804989,2,1.000000000000,1.000000000000,1.000000000000,1
975,73794,73794,1783332971960844125,1783332971960844125,1783332971960917919,1783332971960917919,1783332971960917919,3,1.000000000000,1.000000000000,1.000000000000,1
976,73095,73095,1783332971960959694,1783332971960959694,1783332971961032789,1783332971961032789,1783332971961032789,3,1.000000000000,1.000000000000,1.000000000000,1
977,72706,72706,1783332971961074193,1783332971961074193,1783332971961146899,1783332971961146899,1783332971961146899,1,1.000000000000,1.000000000000,1.000000000000,1
978,72726,72726,1783332971961186793,1783332971961186793,1783332971961259519,1783332971961259519,1783332971961259519,2,1.000000000000,1.000000000000,1.000000000000,1
979,72517,72517,1783332971961306302,1783332971961306302,1783332971961378819,1783332971961378819,1783332971961378819,1,1.000000000000,1.000000000000,1.000000000000,1
980,72768,72768,1783332971961423691,1783332971961423691,1783332971961496459,1783332971961496459,1783332971961496459,2,1.000000000000,1.000000000000,1.000000000000,1
981,72749,72749,1783332971961546050,1783332971961546050,1783332971961618799,1783332971961618799,1783332971961618799,3,1.000000000000,1.000000000000,1.000000000000,1
982,74370,74370,1783332971961664799,1783332971961664799,1783332971961739169,1783332971961739169,1783332971961739169,3,1.000000000000,1.000000000000,1.000000000000,1
983,79051,79051,1783332971961782108,1783332971961782108,1783332971961861159,1783332971961861159,1783332971961861159,1,1.000000000000,1.000000000000,1.000000000000,1
984,83840,83840,1783332971961892969,1783332971961892969,1783332971961976809,1783332971961976809,1783332971961976809,1,1.000000000000,1.000000000000,1.000000000000,1
985,72911,72911,1783332971962007618,1783332971962007618,1783332971962080529,1783332971962080529,1783332971962080529,3,1.000000000000,1.000000000000,1.000000000000,1
986,72072,72072,1783332971962120847,1783332971962120847,1783332971962192919,1783332971962192919,1783332971962192919,2,1.000000000000,1.000000000000,1.000000000000,1
987,73883,73883,1783332971962237936,1783332971962237936,1783332971962311819,1783332971962311819,1783332971962311819,0,1.000000000000,1.000000000000,1.000000000000,1
988,77925,77925,1783332971962354375,1783332971962354375,1783332971962432300,1783332971962432300,1783332971962432300,1,1.000000000000,1.000000000000,1.000000000000,1
989,73225,73225,1783332971962472565,1783332971962472565,1783332971962545790,1783332971962545790,1783332971962545790,1,1.000000000000,1.000000000000,1.000000000000,1
990,76856,76856,1783332971962593244,1783332971962593244,1783332971962670100,1783332971962670100,1783332971962670100,0,1.000000000000,1.000000000000,1.000000000000,1
991,73107,73107,1783332971962714373,1783332971962714373,1783332971962787480,1783332971962787480,1783332971962787480,0,1.000000000000,1.000000000000,1.000000000000,1
992,72508,72508,1783332971962833922,1783332971962833922,1783332971962906430,1783332971962906430,1783332971962906430,2,1.000000000000,1.000000000000,1.000000000000,1
993,74759,74759,1783332971962958711,1783332971962958711,1783332971963033470,1783332971963033470,1783332971963033470,1,1.000000000000,1.000000000000,1.000000000000,1
994,73400,73400,1783332971963081510,1783332971963081510,1783332971963154910,1783332971963154910,1783332971963154910,1,1.000000000000,1.000000000000,1.000000000000,1
995,72030,72030,1783332971963189990,1783332971963189990,1783332971963262020,1783332971963262020,1783332971963262020,1,1.000000000000,1.000000000000,1.000000000000,1
996,73951,73951,1783332971963313089,1783332971963313089,1783332971963387040,1783332971963387040,1783332971963387040,0,1.000000000000,1.000000000000,1.000000000000,1
997,75142,75142,1783332971963433528,1783332971963433528,1783332971963508670,1783332971963508670,1783332971963508670,2,1.000000000000,1.000000000000,1.000000000000,1
998,74393,74393,1783332971963551917,1783332971963551917,1783332971963626310,1783332971963626310,1783332971963626310,2,1.000000000000,1.000000000000,1.000000000000,1
999,74074,74074,1783332971963670556,1783332971963670556,1783332971963744630,1783332971963744630,1783332971963744630,2,1.000000000000,1.000000000000,1.000000000000,1
1000,76494,76494,1783332971963789526,1783332971963789526,1783332971963866020,1783332971963866020,1783332971963866020,3,1.000000000000,1.000000000000,1.000000000000,1
1001,73925,73925,1783332971963912845,1783332971963912845,1783332971963986770,1783332971963986770,1783332971963986770,0,1.000000000000,1.000000000000,1.000000000000,1
1002,71896,71896,1783332971964024324,1783332971964024324,1783332971964096220,1783332971964096220,1783332971964096220,2,1.000000000000,1.000000000000,1.000000000000,1
1003,74527,74527,1783332971964139253,1783332971964139253,1783332971964213780,1783332971964213780,1783332971964213780,1,1.000000000000,1.000000000000,1.000000000000,1
1004,72048,72048,1783332971964254202,1783332971964254202,1783332971964326250,1783332971964326250,1783332971964326250,0,1.000000000000,1.000000000000,1.000000000000,1
1005,72639,72639,1783332971964373071,1783332971964373071,1783332971964445710,1783332971964445710,1783332971964445710,2,1.000000000000,1.000000000000,1.000000000000,1
1006,73789,73789,1783332971964491531,1783332971964491531,1783332971964565320,1783332971964565320,1783332971964565320,1,1.000000000000,1.000000000000,1.000000000000,1
1007,71880,71880,1783332971964611310,1783332971964611310,1783332971964683190,1783332971964683190,1783332971964683190,0,1.000000000000,1.000000000000,1.000000000000,1
1008,76941,76941,1783332971964732349,1783332971964732349,1783332971964809290,1783332971964809290,1783332971964809290,3,1.000000000000,1.000000000000,1.000000000000,1
1009,72991,72991,1783332971964856879,1783332971964856879,1783332971964929870,1783332971964929870,1783332971964929870,2,1.000000000000,1.000000000000,1.000000000000,1
1010,72822,72822,1783332971964967458,1783332971964967458,1783332971965040280,1783332971965040280,1783332971965040280,2,1.000000000000,1.000000000000,1.000000000000,1
1011,76183,76183,1783332971965083457,1783332971965083457,1783332971965159640,1783332971965159640,1783332971965159640,3,1.000000000000,1.000000000000,1.000000000000,1
1012,73993,73993,1783332971965196297,1783332971965196297,1783332971965270290,1783332971965270290,1783332971965270290,0,1.000000000000,1.000000000000,1.000000000000,1
1013,74585,74585,1783332971965312366,1783332971965312366,1783332971965386951,1783332971965386951,1783332971965386951,2,1.000000000000,1.000000000000,1.000000000000,1
1014,73396,73396,1783332971965430245,1783332971965430245,1783332971965503641,1783332971965503641,1783332971965503641,1,1.000000000000,1.000000000000,1.000000000000,1
1015,72547,72547,1783332971965544924,1783332971965544924,1783332971965617471,1783332971965617471,1783332971965617471,3,1.000000000000,1.000000000000,1.000000000000,1
1016,74208,74208,1783332971965670593,1783332971965670593,1783332971965744801,1783332971965744801,1783332971965744801,3,1.000000000000,1.000000000000,1.000000000000,1
1017,83368,83368,1783332971965783243,1783332971965783243,1783332971965866611,1783332971965866611,1783332971965866611,3,1.000000000000,1.000000000000,1.000000000000,1
1018,74739,74739,1783332971965920192,1783332971965920192,1783332971965994931,1783332971965994931,1783332971965994931,3,1.000000000000,1.000000000000,1.000000000000,1
1019,74660,74660,1783332971966040811,1783332971966040811,1783332971966115471,1783332971966115471,1783332971966115471,0,1.000000000000,1.000000000000,1.000000000000,1
1020,75341,75341,1783332971966158410,1783332971966158410,1783332971966233751,1783332971966233751,1783332971966233751,0,1.000000000000,1.000000000000,1.000000000000,1
1021,79792,79792,1783332971966268049,1783332971966268049,1783332971966347841,1783332971966347841,1783332971966347841,2,1.000000000000,1.000000000000,1.000000000000,1
1022,76953,76953,1783332971966394218,1783332971966394218,1783332971966471171,1783332971966471171,1783332971966471171,3,1.000000000000,1.000000000000,1.000000000000,1
1023,75833,75833,1783332971966498808,1783332971966498808,1783332971966574641,1783332971966574641,1783332971966574641,3,1.000000000000,1.000000000000,1.000000000000,1
1024,74894,74894,1783332971966614707,1783332971966614707,1783332971966689601,1783332971966689601,1783332971966689601,0,1.000000000000,1.000000000000,1.000000000000,1
1025,74205,74205,1783332971966742056,1783332971966742056,1783332971966816261,1783332971966816261,1783332971966816261,3,1.000000000000,1.000000000000,1.000000000000,1
1026,74696,74696,1783332971966860115,1783332971966860115,1783332971966934811,1783332971966934811,1783332971966934811,3,1.000000000000,1.000000000000,1.000000000000,1
1027,73737,73737,1783332971966980674,1783332971966980674,1783332971967054411,1783332971967054411,1783332971967054411,0,1.000000000000,1.000000000000,1.000000000000,1
1028,75618,75618,1783332971967099183,1783332971967099183,1783332971967174801,1783332971967174801,1783332971967174801,0,1.000000000000,1.000000000000,1.000000000000,1
1029,72889,72889,1783332971967220012,1783332971967220012,1783332971967292901,1783332971967292901,1783332971967292901,0,1.000000000000,1.000000000000,1.000000000000,1
1030,74499,74499,1783332971967334082,1783332971967334082,1783332971967408581,1783332971967408581,1783332971967408581,0,1.000000000000,1.000000000000,1.000000000000,1
1031,75380,75380,1783332971967443181,1783332971967443181,1783332971967518561,1783332971967518561,1783332971967518561,2,1.000000000000,1.000000000000,1.000000000000,1
1032,76971,76971,1783332971967556920,1783332971967556920,1783332971967633891,1783332971967633891,1783332971967633891,1,1.000000000000,1.000000000000,1.000000000000,1
1033,73782,73782,1783332971967682269,1783332971967682269,1783332971967756051,1783332971967756051,1783332971967756051,2,1.000000000000,1.000000000000,1.000000000000,1
1034,72913,72913,1783332971967799428,1783332971967799428,1783332971967872341,1783332971967872341,1783332971967872341,2,1.000000000000,1.000000000000,1.000000000000,1
1035,75783,75783,1783332971967924478,1783332971967924478,1783332971968000261,1783332971968000261,1783332971968000261,2,1.000000000000,1.000000000000,1.000000000000,1
1036,75313,75313,1783332971968042948,1783332971968042948,1783332971968118261,1783332971968118261,1783332971968118261,1,1.000000000000,1.000000000000,1.000000000000,1
1037,74174,74174,1783332971968162307,1783332971968162307,1783332971968236481,1783332971968236481,1783332971968236481,3,1.000000000000,1.000000000000,1.000000000000,1
1038,88325,88325,1783332971968274096,1783332971968274096,1783332971968362421,1783332971968362421,1783332971968362421,0,1.000000000000,1.000000000000,1.000000000000,1
1039,91427,91427,1783332971968389505,1783332971968389505,1783332971968480932,1783332971968480932,1783332971968480932,0,1.000000000000,1.000000000000,1.000000000000,1
1040,74388,74388,1783332971968502074,1783332971968502074,1783332971968576462,1783332971968576462,1783332971968576462,1,1.000000000000,1.000000000000,1.000000000000,1
1041,73998,73998,1783332971968620704,1783332971968620704,1783332971968694702,1783332971968694702,1783332971968694702,2,1.000000000000,1.000000000000,1.000000000000,1
1042,74459,74459,1783332971968739163,1783332971968739163,1783332971968813622,1783332971968813622,1783332971968813622,3,1.000000000000,1.000000000000,1.000000000000,1
1043,73840,73840,1783332971968854882,1783332971968854882,1783332971968928722,1783332971968928722,1783332971968928722,0,1.000000000000,1.000000000000,1.000000000000,1
1044,74281,74281,1783332971968980371,1783332971968980371,1783332971969054652,1783332971969054652,1783332971969054652,1,1.000000000000,1.000000000000,1.000000000000,1
1045,72702,72702,1783332971969096260,1783332971969096260,1783332971969168962,1783332971969168962,1783332971969168962,1,1.000000000000,1.000000000000,1.000000000000,1
1046,73162,73162,1783332971969211650,1783332971969211650,1783332971969284812,1783332971969284812,1783332971969284812,0,1.000000000000,1.000000000000,1.000000000000,1
1047,74343,74343,1783332971969326289,1783332971969326289,1783332971969400632,1783332971969400632,1783332971969400632,0,1.000000000000,1.000000000000,1.000000000000,1
1048,77584,77584,1783332971969440998,1783332971969440998,1783332971969518582,1783332971969518582,1783332971969518582,3,1.000000000000,1.000000000000,1.000000000000,1
1049,72545,72545,1783332971969553447,1783332971969553447,1783332971969625992,1783332971969625992,1783332971969625992,3,1.000000000000,1.000000000000,1.000000000000,1
1050,79956,79956,1783332971969675246,1783332971969675246,1783332971969755202,1783332971969755202,1783332971969755202,2,1.000000000000,1.000000000000,1.000000000000,1
1051,77886,77886,1783332971969782676,1783332971969782676,1783332971969860562,1783332971969860562,1783332971969860562,1,1.000000000000,1.000000000000,1.000000000000,1
1052,72937,72937,1783332971969915515,1783332971969915515,1783332971969988452,1783332971969988452,1783332971969988452,3,1.000000000000,1.000000000000,1.000000000000,1
1053,73538,73538,1783332971970029964,1783332971970029964,1783332971970103502,1783332971970103502,1783332971970103502,1,1.000000000000,1.000000000000,1.000000000000,1
1054,73559,73559,1783332971970155003,1783332971970155003,1783332971970228562,1783332971970228562,1783332971970228562,2,1.000000000000,1.000000000000,1.000000000000,1
1055,79430,79430,1783332971970271752,1783332971970271752,1783332971970351182,1783332971970351182,1783332971970351182,1,1.000000000000,1.000000000000,1.000000000000,1
1056,77871,77871,1783332971970387381,1783332971970387381,1783332971970465252,1783332971970465252,1783332971970465252,1,1.000000000000,1.000000000000,1.000000000000,1
1057,73561,73561,1783332971970502551,1783332971970502551,1783332971970576112,1783332971970576112,1783332971970576112,2,1.000000000000,1.000000000000,1.000000000000,1
1058,74332,74332,1783332971970614000,1783332971970614000,1783332971970688332,1783332971970688332,1783332971970688332,1,1.000000000000,1.000000000000,1.000000000000,1
1059,74983,74983,1783332971970735849,1783332971970735849,1783332971970810832,1783332971970810832,1783332971970810832,2,1.000000000000,1.000000000000,1.000000000000,1
1060,72883,72883,1783332971970849139,1783332971970849139,1783332971970922022,1783332971970922022,1783332971970922022,2,1.000000000000,1.000000000000,1.000000000000,1
1061,72654,72654,1783332971970971348,1783332971970971348,1783332971971044002,1783332971971044002,1783332971971044002,3,1.000000000000,1.000000000000,1.000000000000,1
1062,77244,77244,1783332971971092648,1783332971971092648,1783332971971169892,1783332971971169892,1783332971971169892,1,1.000000000000,1.000000000000,1.000000000000,1
1063,73985,73985,1783332971971212847,1783332971971212847,1783332971971286832,1783332971971286832,1783332971971286832,2,1.000000000000,1.000000000000,1.000000000000,1
1064,76867,76867,1783332971971335076,1783332971971335076,1783332971971411943,1783332971971411943,1783332971971411943,3,1.000000000000,1.000000000000,1.000000000000,1
1065,75808,75808,1783332971971454835,1783332971971454835,1783332971971530643,1783332971971530643,1783332971971530643,3,1.000000000000,1.000000000000,1.000000000000,1
1066,73979,73979,1783332971971578474,1783332971971578474,1783332971971652453,1783332971971652453,1783332971971652453,0,1.000000000000,1.000000000000,1.000000000000,1
1067,77870,77870,1783332971971698663,1783332971971698663,1783332971971776533,1783332971971776533,1783332971971776533,0,1.000000000000,1.000000000000,1.000000000000,1
1068,75920,75920,1783332971971820343,1783332971971820343,1783332971971896263,1783332971971896263,1783332971971896263,0,1.000000000000,1.000000000000,1.000000000000,1
1069,73581,73581,1783332971971944632,1783332971971944632,1783332971972018213,1783332971972018213,1783332971972018213,0,1.000000000000,1.000000000000,1.000000000000,1
1070,73362,73362,1783332971972068261,1783332971972068261,1783332971972141623,1783332971972141623,1783332971972141623,3,1.000000000000,1.000000000000,1.000000000000,1
1071,73253,73253,1783332971972191680,1783332971972191680,1783332971972264933,1783332971972264933,1783332971972264933,2,1.000000000000,1.000000000000,1.000000000000,1
1072,72944,72944,1783332971972312649,1783332971972312649,1783332971972385593,1783332971972385593,1783332971972385593,1,1.000000000000,1.000000000000,1.000000000000,1
1073,77295,77295,1783332971972431068,1783332971972431068,1783332971972508363,1783332971972508363,1783332971972508363,1,1.000000000000,1.000000000000,1.000000000000,1
1074,74046,74046,1783332971972551967,1783332971972551967,1783332971972626013,1783332971972626013,1783332971972626013,2,1.000000000000,1.000000000000,1.000000000000,1
1075,73666,73666,1783332971972671057,1783332971972671057,1783332971972744723,1783332971972744723,1783332971972744723,0,1.000000000000,1.000000000000,1.000000000000,1
1076,74087,74087,1783332971972789736,1783332971972789736,1783332971972863823,1783332971972863823,1783332971972863823,1,1.000000000000,1.000000000000,1.000000000000,1
1077,74308,74308,1783332971972907005,1783332971972907005,1783332971972981313,1783332971972981313,1783332971972981313,0,1.000000000000,1.000000000000,1.000000000000,1
1078,74269,74269,1783332971973028454,1783332971973028454,1783332971973102723,1783332971973102723,1783332971973102723,1,1.000000000000,1.000000000000,1.000000000000,1
1079,73380,73380,1783332971973132993,1783332971973132993,1783332971973206373,1783332971973206373,1783332971973206373,1,1.000000000000,1.000000000000,1.000000000000,1
1080,74200,74200,1783332971973247913,1783332971973247913,1783332971973322113,1783332971973322113,1783332971973322113,2,1.000000000000,1.000000000000,1.000000000000,1
1081,74111,74111,1783332971973374682,1783332971973374682,1783332971973448793,1783332971973448793,1783332971973448793,0,1.000000000000,1.000000000000,1.000000000000,1
1082,72262,72262,1783332971973486851,1783332971973486851,1783332971973559113,1783332971973559113,1783332971973559113,0,1.000000000000,1.000000000000,1.000000000000,1
1083,82103,82103,1783332971973601770,1783332971973601770,1783332971973683873,1783332971973683873,1783332971973683873,2,1.000000000000,1.000000000000,1.000000000000,1
1084,76254,76254,1783332971973723089,1783332971973723089,1783332971973799343,1783332971973799343,1783332971973799343,0,1.000000000000,1.000000000000,1.000000000000,1
1085,74654,74654,1783332971973838859,1783332971973838859,1783332971973913513,1783332971973913513,1783332971973913513,2,1.000000000000,1.000000000000,1.000000000000,1
1086,72424,72424,1783332971973953909,1783332971973953909,1783332971974026333,1783332971974026333,1783332971974026333,2,1.000000000000,1.000000000000,1.000000000000,1
1087,72635,72635,1783332971974068028,1783332971974068028,1783332971974140663,1783332971974140663,1783332971974140663,2,1.000000000000,1.000000000000,1.000000000000,1
1088,73436,73436,1783332971974194967,1783332971974194967,1783332971974268403,1783332971974268403,1783332971974268403,3,1.000000000000,1.000000000000,1.000000000000,1
1089,86588,86588,1783332971974337296,1783332971974337296,1783332971974423884,1783332971974423884,1783332971974423884,1,1.000000000000,1.000000000000,1.000000000000,1
1090,98649,98649,1783332971974424105,1783332971974424105,1783332971974522754,1783332971974522754,1783332971974522754,1,1.000000000000,1.000000000000,1.000000000000,1
1091,76830,76830,1783332971974545464,1783332971974545464,1783332971974622294,1783332971974622294,1783332971974622294,2,1.000000000000,1.000000000000,1.000000000000,1
1092,82721,82721,1783332971974685383,1783332971974685383,1783332971974768104,1783332971974768104,1783332971974768104,2,1.000000000000,1.000000000000,1.000000000000,1
1093,88731,88731,1783332971974779433,1783332971974779433,1783332971974868164,1783332971974868164,1783332971974868164,2,1.000000000000,1.000000000000,1.000000000000,1
1094,74462,74462,1783332971974893802,1783332971974893802,1783332971974968264,1783332971974968264,1783332971974968264,0,1.000000000000,1.000000000000,1.000000000000,1
1095,80503,80503,1783332971975011301,1783332971975011301,1783332971975091804,1783332971975091804,1783332971975091804,0,1.000000000000,1.000000000000,1.000000000000,1
1096,74814,74814,1783332971975121930,1783332971975121930,1783332971975196744,1783332971975196744,1783332971975196744,3,1.000000000000,1.000000000000,1.000000000000,1
1097,71774,71774,1783332971975240120,1783332971975240120,1783332971975311894,1783332971975311894,1783332971975311894,2,1.000000000000,1.000000000000,1.000000000000,1
1098,72975,72975,1783332971975355679,1783332971975355679,1783332971975428654,1783332971975428654,1783332971975428654,2,1.000000000000,1.000000000000,1.000000000000,1
1099,75666,75666,1783332971975475888,1783332971975475888,1783332971975551554,1783332971975551554,1783332971975551554,3,1.000000000000,1.000000000000,1.000000000000,1
1100,72897,72897,1783332971975593937,1783332971975593937,1783332971975666834,1783332971975666834,1783332971975666834,0,1.000000000000,1.000000000000,1.000000000000,1
1101,74168,74168,1783332971975714806,1783332971975714806,1783332971975788974,1783332971975788974,1783332971975788974,1,1.000000000000,1.000000000000,1.000000000000,1
1102,75849,75849,1783332971975855905,1783332971975855905,1783332971975931754,1783332971975931754,1783332971975931754,2,1.000000000000,1.000000000000,1.000000000000,1
1103,73830,73830,1783332971975959434,1783332971975959434,1783332971976033264,1783332971976033264,1783332971976033264,2,1.000000000000,1.000000000000,1.000000000000,1
1104,74140,74140,1783332971976073484,1783332971976073484,1783332971976147624,1783332971976147624,1783332971976147624,0,1.000000000000,1.000000000000,1.000000000000,1
1105,73431,73431,1783332971976189043,1783332971976189043,1783332971976262474,1783332971976262474,1783332971976262474,3,1.000000000000,1.000000000000,1.000000000000,1
1106,75342,75342,1783332971976311932,1783332971976311932,1783332971976387274,1783332971976387274,1783332971976387274,2,1.000000000000,1.000000000000,1.000000000000,1
1107,74753,74753,1783332971976416501,1783332971976416501,1783332971976491254,1783332971976491254,1783332971976491254,3,1.000000000000,1.000000000000,1.000000000000,1
1108,74584,74584,1783332971976537860,1783332971976537860,1783332971976612444,1783332971976612444,1783332971976612444,3,1.000000000000,1.000000000000,1.000000000000,1
1109,74435,74435,1783332971976668719,1783332971976668719,1783332971976743154,1783332971976743154,1783332971976743154,3,1.000000000000,1.000000000000,1.000000000000,1
1110,73965,73965,1783332971976785549,1783332971976785549,1783332971976859514,1783332971976859514,1783332971976859514,0,1.000000000000,1.000000000000,1.000000000000,1
1111,74625,74625,1783332971976900869,1783332971976900869,1783332971976975494,1783332971976975494,1783332971976975494,0,1.000000000000,1.000000000000,1.000000000000,1
1112,74856,74856,1783332971977014878,1783332971977014878,1783332971977089734,1783332971977089734,1783332971977089734,1,1.000000000000,1.000000000000,1.000000000000,1
1113,75697,75697,1783332971977130807,1783332971977130807,1783332971977206504,1783332971977206504,1783332971977206504,1,1.000000000000,1.000000000000,1.000000000000,1
1114,72578,72578,1783332971977242936,1783332971977242936,1783332971977315514,1783332971977315514,1783332971977315514,0,1.000000000000,1.000000000000,1.000000000000,1
1115,75179,75179,1783332971977358436,1783332971977358436,1783332971977433615,1783332971977433615,1783332971977433615,3,1.000000000000,1.000000000000,1.000000000000,1
1116,79640,79640,1783332971977474215,1783332971977474215,1783332971977553855,1783332971977553855,1783332971977553855,2,1.000000000000,1.000000000000,1.000000000000,1
1117,72261,72261,1783332971977593474,1783332971977593474,1783332971977665735,1783332971977665735,1783332971977665735,1,1.000000000000,1.000000000000,1.000000000000,1
1118,72232,72232,1783332971977714513,1783332971977714513,1783332971977786745,1783332971977786745,1783332971977786745,3,1.000000000000,1.000000000000,1.000000000000,1
1119,73703,73703,1783332971977834752,1783332971977834752,1783332971977908455,1783332971977908455,1783332971977908455,2,1.000000000000,1.000000000000,1.000000000000,1
1120,73044,73044,1783332971977958411,1783332971977958411,1783332971978031455,1783332971978031455,1783332971978031455,1,1.000000000000,1.000000000000,1.000000000000,1
1121,72994,72994,1783332971978081151,1783332971978081151,1783332971978154145,1783332971978154145,1783332971978154145,0,1.000000000000,1.000000000000,1.000000000000,1
1122,72325,72325,1783332971978194470,1783332971978194470,1783332971978266795,1783332971978266795,1783332971978266795,3,1.000000000000,1.000000000000,1.000000000000,1
1123,79156,79156,1783332971978316999,1783332971978316999,1783332971978396155,1783332971978396155,1783332971978396155,2,1.000000000000,1.000000000000,1.000000000000,1
1124,74527,74527,1783332971978441348,1783332971978441348,1783332971978515875,1783332971978515875,1783332971978515875,0,1.000000000000,1.000000000000,1.000000000000,1
1125,74388,74388,1783332971978552977,1783332971978552977,1783332971978627365,1783332971978627365,1783332971978627365,1,1.000000000000,1.000000000000,1.000000000000,1
1126,74029,74029,1783332971978673086,1783332971978673086,1783332971978747115,1783332971978747115,1783332971978747115,1,1.000000000000,1.000000000000,1.000000000000,1
1127,74669,74669,1783332971978790066,1783332971978790066,1783332971978864735,1783332971978864735,1783332971978864735,0,1.000000000000,1.000000000000,1.000000000000,1
1128,75401,75401,1783332971978905535,1783332971978905535,1783332971978980936,1783332971978980936,1783332971978980936,0,1.000000000000,1.000000000000,1.000000000000,1
1129,72672,72672,1783332971979018624,1783332971979018624,1783332971979091296,1783332971979091296,1783332971979091296,3,1.000000000000,1.000000000000,1.000000000000,1
1130,73413,73413,1783332971979132743,1783332971979132743,1783332971979206156,1783332971979206156,1783332971979206156,3,1.000000000000,1.000000000000,1.000000000000,1
1131,74834,74834,1783332971979249522,1783332971979249522,1783332971979324356,1783332971979324356,1783332971979324356,1,1.000000000000,1.000000000000,1.000000000000,1
1132,73025,73025,1783332971979366151,1783332971979366151,1783332971979439176,1783332971979439176,1783332971979439176,1,1.000000000000,1.000000000000,1.000000000000,1
1133,83575,83575,1783332971979485481,1783332971979485481,1783332971979569056,1783332971979569056,1783332971979569056,0,1.000000000000,1.000000000000,1.000000000000,1
1134,72326,72326,1783332971979613110,1783332971979613110,1783332971979685436,1783332971979685436,1783332971979685436,0,1.000000000000,1.000000000000,1.000000000000,1
1135,73027,73027,1783332971979722499,1783332971979722499,1783332971979795526,1783332971979795526,1783332971979795526,2,1.000000000000,1.000000000000,1.000000000000,1
1136,82377,82377,1783332971979841399,1783332971979841399,1783332971979923776,1783332971979923776,1783332971979923776,2,1.000000000000,1.000000000000,1.000000000000,1
1137,73258,73258,1783332971979970278,1783332971979970278,1783332971980043536,1783332971980043536,1783332971980043536,2,1.000000000000,1.000000000000,1.000000000000,1
1138,73319,73319,1783332971980084627,1783332971980084627,1783332971980157946,1783332971980157946,1783332971980157946,1,1.000000000000,1.000000000000,1.000000000000,1
1139,73269,73269,1783332971980196587,1783332971980196587,1783332971980269856,1783332971980269856,1783332971980269856,3,1.000000000000,1.000000000000,1.000000000000,1
1140,73921,73921,1783332971980312696,1783332971980312696,1783332971980386617,1783332971980386617,1783332971980386617,3,1.000000000000,1.000000000000,1.000000000000,1
1141,75532,75532,1783332971980424615,1783332971980424615,1783332971980500147,1783332971980500147,1783332971980500147,0,1.000000000000,1.000000000000,1.000000000000,1
1142,74863,74863,1783332971980542064,1783332971980542064,1783332971980616927,1783332971980616927,1783332971980616927,0,1.000000000000,1.000000000000,1.000000000000,1
1143,74194,74194,1783332971980660893,1783332971980660893,1783332971980735087,1783332971980735087,1783332971980735087,3,1.000000000000,1.000000000000,1.000000000000,1
1144,74984,74984,1783332971980775973,1783332971980775973,1783332971980850957,1783332971980850957,1783332971980850957,2,1.000000000000,1.000000000000,1.000000000000,1
1145,74515,74515,1783332971980897762,1783332971980897762,1783332971980972277,1783332971980972277,1783332971980972277,1,1.000000000000,1.000000000000,1.000000000000,1
1146,73296,73296,1783332971981012841,1783332971981012841,1783332971981086137,1783332971981086137,1783332971981086137,3,1.000000000000,1.000000000000,1.000000000000,1
1147,74537,74537,1783332971981124900,1783332971981124900,1783332971981199437,1783332971981199437,1783332971981199437,0,1.000000000000,1.000000000000,1.000000000000,1
1148,73228,73228,1783332971981239449,1783332971981239449,1783332971981312677,1783332971981312677,1783332971981312677,2,1.000000000000,1.000000000000,1.000000000000,1
1149,81558,81558,1783332971981357449,1783332971981357449,1783332971981439007,1783332971981439007,1783332971981439007,0,1.000000000000,1.000000000000,1.000000000000,1
1150,72969,72969,1783332971981469988,1783332971981469988,1783332971981542957,1783332971981542957,1783332971981542957,1,1.000000000000,1.000000000000,1.000000000000,1
1151,76620,76620,1783332971981590187,1783332971981590187,1783332971981666807,1783332971981666807,1783332971981666807,1,1.000000000000,1.000000000000,1.000000000000,1
1152,72051,72051,1783332971981712026,1783332971981712026,1783332971981784077,1783332971981784077,1783332971981784077,2,1.000000000000,1.000000000000,1.000000000000,1
1153,78162,78162,1783332971981838835,1783332971981838835,1783332971981916997,1783332971981916997,1783332971981916997,1,1.000000000000,1.000000000000,1.000000000000,1
1154,72442,72442,1783332971981956005,1783332971981956005,1783332971982028447,1783332971982028447,1783332971982028447,3,1.000000000000,1.000000000000,1.000000000000,1
1155,74323,74323,1783332971982070174,1783332971982070174,1783332971982144497,1783332971982144497,1783332971982144497,1,1.000000000000,1.000000000000,1.000000000000,1
1156,75054,75054,1783332971982184543,1783332971982184543,1783332971982259597,1783332971982259597,1783332971982259597,3,1.000000000000,1.000000000000,1.000000000000,1
1157,74125,74125,1783332971982305772,1783332971982305772,1783332971982379897,1783332971982379897,1783332971982379897,0,1.000000000000,1.000000000000,1.000000000000,1
1158,73776,73776,1783332971982414791,1783332971982414791,1783332971982488567,1783332971982488567,1783332971982488567,0,1.000000000000,1.000000000000,1.000000000000,1
1159,74336,74336,1783332971982535361,1783332971982535361,1783332971982609697,1783332971982609697,1783332971982609697,1,1.000000000000,1.000000000000,1.000000000000,1
1160,76617,76617,1783332971982656290,1783332971982656290,1783332971982732907,1783332971982732907,1783332971982732907,2,1.000000000000,1.000000000000,1.000000000000,1
1161,73598,73598,1783332971982768909,1783332971982768909,1783332971982842507,1783332971982842507,1783332971982842507,2,1.000000000000,1.000000000000,1.000000000000,1
1162,74968,74968,1783332971982892709,1783332971982892709,1783332971982967677,1783332971982967677,1783332971982967677,1,1.000000000000,1.000000000000,1.000000000000,1
1163,75199,75199,1783332971983005758,1783332971983005758,1783332971983080957,1783332971983080957,1783332971983080957,1,1.000000000000,1.000000000000,1.000000000000,1
1164,74860,74860,1783332971983121287,1783332971983121287,1783332971983196147,1783332971983196147,1783332971983196147,2,1.000000000000,1.000000000000,1.000000000000,1
1165,73840,73840,1783332971983232117,1783332971983232117,1783332971983305957,1783332971983305957,1783332971983305957,2,1.000000000000,1.000000000000,1.000000000000,1
1166,73362,73362,1783332971983352086,1783332971983352086,1783332971983425448,1783332971983425448,1783332971983425448,1,1.000000000000,1.000000000000,1.000000000000,1
1167,77253,77253,1783332971983466835,1783332971983466835,1783332971983544088,1783332971983544088,1783332971983544088,0,1.000000000000,1.000000000000,1.000000000000,1
1168,73294,73294,1783332971983584044,1783332971983584044,1783332971983657338,1783332971983657338,1783332971983657338,1,1.000000000000,1.000000000000,1.000000000000,1
1169,73815,73815,1783332971983700493,1783332971983700493,1783332971983774308,1783332971983774308,1783332971983774308,0,1.000000000000,1.000000000000,1.000000000000,1
1170,73275,73275,1783332971983812503,1783332971983812503,1783332971983885778,1783332971983885778,1783332971983885778,2,1.000000000000,1.000000000000,1.000000000000,1
1171,76376,76376,1783332971983931792,1783332971983931792,1783332971984008168,1783332971984008168,1783332971984008168,2,1.000000000000,1.000000000000,1.000000000000,1
1172,74307,74307,1783332971984043261,1783332971984043261,1783332971984117568,1783332971984117568,1783332971984117568,2,1.000000000000,1.000000000000,1.000000000000,1
1173,76758,76758,1783332971984156800,1783332971984156800,1783332971984233558,1783332971984233558,1783332971984233558,0,1.000000000000,1.000000000000,1.000000000000,1
1174,97829,97829,1783332971984272029,1783332971984272029,1783332971984369858,1783332971984369858,1783332971984369858,3,1.000000000000,1.000000000000,1.000000000000,1
1175,85089,85089,1783332971984387359,1783332971984387359,1783332971984472448,1783332971984472448,1783332971984472448,1,1.000000000000,1.000000000000,1.000000000000,1
1176,75230,75230,1783332971984508988,1783332971984508988,1783332971984584218,1783332971984584218,1783332971984584218,1,1.000000000000,1.000000000000,1.000000000000,1
1177,75341,75341,1783332971984637257,1783332971984637257,1783332971984712598,1783332971984712598,1783332971984712598,0,1.000000000000,1.000000000000,1.000000000000,1
1178,77252,77252,1783332971984757026,1783332971984757026,1783332971984834278,1783332971984834278,1783332971984834278,2,1.000000000000,1.000000000000,1.000000000000,1
1179,79643,79643,1783332971984875935,1783332971984875935,1783332971984955578,1783332971984955578,1783332971984955578,2,1.000000000000,1.000000000000,1.000000000000,1
1180,74534,74534,1783332971984992044,1783332971984992044,1783332971985066578,1783332971985066578,1783332971985066578,1,1.000000000000,1.000000000000,1.000000000000,1
1181,74704,74704,1783332971985105664,1783332971985105664,1783332971985180368,1783332971985180368,1783332971985180368,1,1.000000000000,1.000000000000,1.000000000000,1
1182,80675,80675,1783332971985223493,1783332971985223493,1783332971985304168,1783332971985304168,1783332971985304168,0,1.000000000000,1.000000000000,1.000000000000,1
1183,74256,74256,1783332971985344892,1783332971985344892,1783332971985419148,1783332971985419148,1783332971985419148,2,1.000000000000,1.000000000000,1.000000000000,1
1184,74537,74537,1783332971985464841,1783332971985464841,1783332971985539378,1783332971985539378,1783332971985539378,2,1.000000000000,1.000000000000,1.000000000000,1
1185,73128,73128,1783332971985583570,1783332971985583570,1783332971985656698,1783332971985656698,1783332971985656698,3,1.000000000000,1.000000000000,1.000000000000,1
1186,74579,74579,1783332971985703399,1783332971985703399,1783332971985777978,1783332971985777978,1783332971985777978,1,1.000000000000,1.000000000000,1.000000000000,1
1187,75359,75359,1783332971985814579,1783332971985814579,1783332971985889938,1783332971985889938,1783332971985889938,1,1.000000000000,1.000000000000,1.000000000000,1
1188,74659,74659,1783332971985930199,1783332971985930199,1783332971986004858,1783332971986004858,1783332971986004858,3,1.000000000000,1.000000000000,1.000000000000,1
1189,75860,75860,1783332971986045588,1783332971986045588,1783332971986121448,1783332971986121448,1783332971986121448,0,1.000000000000,1.000000000000,1.000000000000,1
1190,73201,73201,1783332971986167197,1783332971986167197,1783332971986240398,1783332971986240398,1783332971986240398,0,1.000000000000,1.000000000000,1.000000000000,1
1191,79842,79842,1783332971986272996,1783332971986272996,1783332971986352838,1783332971986352838,1783332971986352838,0,1.000000000000,1.000000000000,1.000000000000,1
1192,79163,79163,1783332971986388696,1783332971986388696,1783332971986467859,1783332971986467859,1783332971986467859,1,1.000000000000,1.000000000000,1.000000000000,1
1193,76054,76054,1783332971986510905,1783332971986510905,1783332971986586959,1783332971986586959,1783332971986586959,1,1.000000000000,1.000000000000,1.000000000000,1
1194,73905,73905,1783332971986625694,1783332971986625694,1783332971986699599,1783332971986699599,1783332971986699599,1,1.000000000000,1.000000000000,1.000000000000,1
1195,74216,74216,1783332971986742703,1783332971986742703,1783332971986816919,1783332971986816919,1783332971986816919,0,1.000000000000,1.000000000000,1.000000000000,1
1196,73737,73737,1783332971986856672,1783332971986856672,1783332971986930409,1783332971986930409,1783332971986930409,1,1.000000000000,1.000000000000,1.000000000000,1
1197,73648,73648,1783332971986975441,1783332971986975441,1783332971987049089,1783332971987049089,1783332971987049089,0,1.000000000000,1.000000000000,1.000000000000,1
1198,77418,77418,1783332971987088031,1783332971987088031,1783332971987165449,1783332971987165449,1783332971987165449,2,1.000000000000,1.000000000000,1.000000000000,1
1199,73409,73409,1783332971987202410,1783332971987202410,1783332971987275819,1783332971987275819,1783332971987275819,2,1.000000000000,1.000000000000,1.000000000000,1
1200,73910,73910,1783332971987321629,1783332971987321629,1783332971987395539,1783332971987395539,1783332971987395539,1,1.000000000000,1.000000000000,1.000000000000,1
1201,74101,74101,1783332971987443388,1783332971987443388,1783332971987517489,1783332971987517489,1783332971987517489,2,1.000000000000,1.000000000000,1.000000000000,1
1202,73802,73802,1783332971987562417,1783332971987562417,1783332971987636219,1783332971987636219,1783332971987636219,1,1.000000000000,1.000000000000,1.000000000000,1
1203,76043,76043,1783332971987682406,1783332971987682406,1783332971987758449,1783332971987758449,1783332971987758449,1,1.000000000000,1.000000000000,1.000000000000,1
1204,75683,75683,1783332971987798036,1783332971987798036,1783332971987873719,1783332971987873719,1783332971987873719,3,1.000000000000,1.000000000000,1.000000000000,1
1205,74384,74384,1783332971987914405,1783332971987914405,1783332971987988789,1783332971987988789,1783332971987988789,1,1.000000000000,1.000000000000,1.000000000000,1
1206,73045,73045,1783332971988027344,1783332971988027344,1783332971988100389,1783332971988100389,1783332971988100389,2,1.000000000000,1.000000000000,1.000000000000,1
1207,76646,76646,1783332971988141823,1783332971988141823,1783332971988218469,1783332971988218469,1783332971988218469,1,1.000000000000,1.000000000000,1.000000000000,1
1208,79327,79327,1783332971988259642,1783332971988259642,1783332971988338969,1783332971988338969,1783332971988338969,1,1.000000000000,1.000000000000,1.000000000000,1
1209,72487,72487,1783332971988373592,1783332971988373592,1783332971988446079,1783332971988446079,1783332971988446079,1,1.000000000000,1.000000000000,1.000000000000,1
1210,75408,75408,1783332971988494391,1783332971988494391,1783332971988569799,1783332971988569799,1783332971988569799,2,1.000000000000,1.000000000000,1.000000000000,1
1211,74319,74319,1783332971988617580,1783332971988617580,1783332971988691899,1783332971988691899,1783332971988691899,2,1.000000000000,1.000000000000,1.000000000000,1
1212,73230,73230,1783332971988735999,1783332971988735999,1783332971988809229,1783332971988809229,1783332971988809229,3,1.000000000000,1.000000000000,1.000000000000,1
1213,73630,73630,1783332971988849049,1783332971988849049,1783332971988922679,1783332971988922679,1783332971988922679,0,1.000000000000,1.000000000000,1.000000000000,1
1214,73570,73570,1783332971988966889,1783332971988966889,1783332971989040459,1783332971989040459,1783332971989040459,3,1.000000000000,1.000000000000,1.000000000000,1
1215,82781,82781,1783332971989082948,1783332971989082948,1783332971989165729,1783332971989165729,1783332971989165729,1,1.000000000000,1.000000000000,1.000000000000,1
1216,73562,73562,1783332971989195147,1783332971989195147,1783332971989268709,1783332971989268709,1783332971989268709,3,1.000000000000,1.000000000000,1.000000000000,1
1217,74434,74434,1783332971989313796,1783332971989313796,1783332971989388230,1783332971989388230,1783332971989388230,0,1.000000000000,1.000000000000,1.000000000000,1
1218,77015,77015,1783332971989431435,1783332971989431435,1783332971989508450,1783332971989508450,1783332971989508450,1,1.000000000000,1.000000000000,1.000000000000,1
1219,76005,76005,1783332971989544045,1783332971989544045,1783332971989620050,1783332971989620050,1783332971989620050,0,1.000000000000,1.000000000000,1.000000000000,1
1220,73866,73866,1783332971989664804,1783332971989664804,1783332971989738670,1783332971989738670,1783332971989738670,2,1.000000000000,1.000000000000,1.000000000000,1
1221,74107,74107,1783332971989785013,1783332971989785013,1783332971989859120,1783332971989859120,1783332971989859120,0,1.000000000000,1.000000000000,1.000000000000,1
1222,74458,74458,1783332971989907652,1783332971989907652,1783332971989982110,1783332971989982110,1783332971989982110,0,1.000000000000,1.000000000000,1.000000000000,1
1223,73889,73889,1783332971990017991,1783332971990017991,1783332971990091880,1783332971990091880,1783332971990091880,1,1.000000000000,1.000000000000,1.000000000000,1
1224,75299,75299,1783332971990131981,1783332971990131981,1783332971990207280,1783332971990207280,1783332971990207280,0,1.000000000000,1.000000000000,1.000000000000,1
1225,72650,72650,1783332971990246770,1783332971990246770,1783332971990319420,1783332971990319420,1783332971990319420,3,1.000000000000,1.000000000000,1.000000000000,1
1226,72761,72761,1783332971990366339,1783332971990366339,1783332971990439100,1783332971990439100,1783332971990439100,0,1.000000000000,1.000000000000,1.000000000000,1
1227,76032,76032,1783332971990484588,1783332971990484588,1783332971990560620,1783332971990560620,1783332971990560620,1,1.000000000000,1.000000000000,1.000000000000,1
1228,74473,74473,1783332971990606187,1783332971990606187,1783332971990680660,1783332971990680660,1783332971990680660,1,1.000000000000,1.000000000000,1.000000000000,1
1229,74934,74934,1783332971990728056,1783332971990728056,1783332971990802990,1783332971990802990,1783332971990802990,2,1.000000000000,1.000000000000,1.000000000000,1
1230,74674,74674,1783332971990847666,1783332971990847666,1783332971990922340,1783332971990922340,1783332971990922340,0,1.000000000000,1.000000000000,1.000000000000,1
1231,73575,73575,1783332971990961935,1783332971990961935,1783332971991035510,1783332971991035510,1783332971991035510,0,1.000000000000,1.000000000000,1.000000000000,1
1232,73476,73476,1783332971991076654,1783332971991076654,1783332971991150130,1783332971991150130,1783332971991150130,2,1.000000000000,1.000000000000,1.000000000000,1
1233,73677,73677,1783332971991193273,1783332971991193273,1783332971991266950,1783332971991266950,1783332971991266950,3,1.000000000000,1.000000000000,1.000000000000,1
1234,73308,73308,1783332971991309482,1783332971991309482,1783332971991382790,1783332971991382790,1783332971991382790,1,1.000000000000,1.000000000000,1.000000000000,1
1235,79958,79958,1783332971991426452,1783332971991426452,1783332971991506410,1783332971991506410,1783332971991506410,1,1.000000000000,1.000000000000,1.000000000000,1
1236,74589,74589,1783332971991540851,1783332971991540851,1783332971991615440,1783332971991615440,1783332971991615440,2,1.000000000000,1.000000000000,1.000000000000,1
1237,75690,75690,1783332971991655660,1783332971991655660,1783332971991731350,1783332971991731350,1783332971991731350,3,1.000000000000,1.000000000000,1.000000000000,1
1238,76911,76911,1783332971991767739,1783332971991767739,1783332971991844650,1783332971991844650,1783332971991844650,1,1.000000000000,1.000000000000,1.000000000000,1
1239,73871,73871,1783332971991884569,1783332971991884569,1783332971991958440,1783332971991958440,1783332971991958440,0,1.000000000000,1.000000000000,1.000000000000,1
1240,76011,76011,1783332971991998499,1783332971991998499,1783332971992074510,1783332971992074510,1783332971992074510,1,1.000000000000,1.000000000000,1.000000000000,1
1241,74362,74362,1783332971992122948,1783332971992122948,1783332971992197310,1783332971992197310,1783332971992197310,1,1.000000000000,1.000000000000,1.000000000000,1
1242,73153,73153,1783332971992243607,1783332971992243607,1783332971992316760,1783332971992316760,1783332971992316760,3,1.000000000000,1.000000000000,1.000000000000,1
1243,74445,74445,1783332971992365276,1783332971992365276,1783332971992439721,1783332971992439721,1783332971992439721,2,1.000000000000,1.000000000000,1.000000000000,1
1244,73826,73826,1783332971992487235,1783332971992487235,1783332971992561061,1783332971992561061,1783332971992561061,2,1.000000000000,1.000000000000,1.000000000000,1
1245,74897,74897,1783332971992605494,1783332971992605494,1783332971992680391,1783332971992680391,1783332971992680391,2,1.000000000000,1.000000000000,1.000000000000,1
1246,75458,75458,1783332971992745563,1783332971992745563,1783332971992821021,1783332971992821021,1783332971992821021,1,1.000000000000,1.000000000000,1.000000000000,1
1247,73858,73858,1783332971992852293,1783332971992852293,1783332971992926151,1783332971992926151,1783332971992926151,3,1.000000000000,1.000000000000,1.000000000000,1
1248,80709,80709,1783332971992972652,1783332971992972652,1783332971993053361,1783332971993053361,1783332971993053361,0,1.000000000000,1.000000000000,1.000000000000,1
1249,73540,73540,1783332971993097031,1783332971993097031,1783332971993170571,1783332971993170571,1783332971993170571,0,1.000000000000,1.000000000000,1.000000000000,1
1250,73641,73641,1783332971993215580,1783332971993215580,1783332971993289221,1783332971993289221,1783332971993289221,1,1.000000000000,1.000000000000,1.000000000000,1
1251,75102,75102,1783332971993333919,1783332971993333919,1783332971993409021,1783332971993409021,1783332971993409021,3,1.000000000000,1.000000000000,1.000000000000,1
1252,73753,73753,1783332971993453258,1783332971993453258,1783332971993527011,1783332971993527011,1783332971993527011,3,1.000000000000,1.000000000000,1.000000000000,1
1253,73603,73603,1783332971993573418,1783332971993573418,1783332971993647021,1783332971993647021,1783332971993647021,3,1.000000000000,1.000000000000,1.000000000000,1
1254,74434,74434,1783332971993695807,1783332971993695807,1783332971993770241,1783332971993770241,1783332971993770241,0,1.000000000000,1.000000000000,1.000000000000,1
1255,74615,74615,1783332971993815936,1783332971993815936,1783332971993890551,1783332971993890551,1783332971993890551,3,1.000000000000,1.000000000000,1.000000000000,1
1256,76906,76906,1783332971993938475,1783332971993938475,1783332971994015381,1783332971994015381,1783332971994015381,1,1.000000000000,1.000000000000,1.000000000000,1
1257,73927,73927,1783332971994063474,1783332971994063474,1783332971994137401,1783332971994137401,1783332971994137401,3,1.000000000000,1.000000000000,1.000000000000,1
1258,75618,75618,1783332971994180673,1783332971994180673,1783332971994256291,1783332971994256291,1783332971994256291,3,1.000000000000,1.000000000000,1.000000000000,1
1259,74439,74439,1783332971994305432,1783332971994305432,1783332971994379871,1783332971994379871,1783332971994379871,1,1.000000000000,1.000000000000,1.000000000000,1
1260,74509,74509,1783332971994424752,1783332971994424752,1783332971994499261,1783332971994499261,1783332971994499261,2,1.000000000000,1.000000000000,1.000000000000,1
1261,75370,75370,1783332971994546821,1783332971994546821,1783332971994622191,1783332971994622191,1783332971994622191,1,1.000000000000,1.000000000000,1.000000000000,1
1262,73751,73751,1783332971994666670,1783332971994666670,1783332971994740421,1783332971994740421,1783332971994740421,2,1.000000000000,1.000000000000,1.000000000000,1
1263,78152,78152,1783332971994784289,1783332971994784289,1783332971994862441,1783332971994862441,1783332971994862441,3,1.000000000000,1.000000000000,1.000000000000,1
1264,74102,74102,1783332971994899049,1783332971994899049,1783332971994973151,1783332971994973151,1783332971994973151,3,1.000000000000,1.000000000000,1.000000000000,1
1265,73963,73963,1783332971995014678,1783332971995014678,1783332971995088641,1783332971995088641,1783332971995088641,0,1.000000000000,1.000000000000,1.000000000000,1
1266,73523,73523,1783332971995126728,1783332971995126728,1783332971995200251,1783332971995200251,1783332971995200251,2,1.000000000000,1.000000000000,1.000000000000,1
1267,75674,75674,1783332971995240347,1783332971995240347,1783332971995316021,1783332971995316021,1783332971995316021,3,1.000000000000,1.000000000000,1.000000000000,1
1268,73876,73876,1783332971995361316,1783332971995361316,1783332971995435192,1783332971995435192,1783332971995435192,1,1.000000000000,1.000000000000,1.000000000000,1
1269,76547,76547,1783332971995479155,1783332971995479155,1783332971995555702,1783332971995555702,1783332971995555702,1,1.000000000000,1.000000000000,1.000000000000,1
1270,78518,78518,1783332971995598764,1783332971995598764,1783332971995677282,1783332971995677282,1783332971995677282,1,1.000000000000,1.000000000000,1.000000000000,1
1271,73879,73879,1783332971995726713,1783332971995726713,1783332971995800592,1783332971995800592,1783332971995800592,1,1.000000000000,1.000000000000,1.000000000000,1
1272,83999,83999,1783332971995843023,1783332971995843023,1783332971995927022,1783332971995927022,1783332971995927022,0,1.000000000000,1.000000000000,1.000000000000,1
1273,74320,74320,1783332971995957712,1783332971995957712,1783332971996032032,1783332971996032032,1783332971996032032,1,1.000000000000,1.000000000000,1.000000000000,1
1274,73441,73441,1783332971996086081,1783332971996086081,1783332971996159522,1783332971996159522,1783332971996159522,1,1.000000000000,1.000000000000,1.000000000000,1
1275,74192,74192,1783332971996190850,1783332971996190850,1783332971996265042,1783332971996265042,1783332971996265042,0,1.000000000000,1.000000000000,1.000000000000,1
1276,76073,76073,1783332971996325759,1783332971996325759,1783332971996401832,1783332971996401832,1783332971996401832,0,1.000000000000,1.000000000000,1.000000000000,1
1277,78704,78704,1783332971996420968,1783332971996420968,1783332971996499672,1783332971996499672,1783332971996499672,1,1.000000000000,1.000000000000,1.000000000000,1
1278,76954,76954,1783332971996543518,1783332971996543518,1783332971996620472,1783332971996620472,1783332971996620472,0,1.000000000000,1.000000000000,1.000000000000,1
1279,75165,75165,1783332971996669047,1783332971996669047,1783332971996744212,1783332971996744212,1783332971996744212,3,1.000000000000,1.000000000000,1.000000000000,1
1280,76016,76016,1783332971996781406,1783332971996781406,1783332971996857422,1783332971996857422,1783332971996857422,3,1.000000000000,1.000000000000,1.000000000000,1
1281,82337,82337,1783332971996898205,1783332971996898205,1783332971996980542,1783332971996980542,1783332971996980542,3,1.000000000000,1.000000000000,1.000000000000,1
1282,73738,73738,1783332971997009684,1783332971997009684,1783332971997083422,1783332971997083422,1783332971997083422,2,1.000000000000,1.000000000000,1.000000000000,1
1283,76298,76298,1783332971997125844,1783332971997125844,1783332971997202142,1783332971997202142,1783332971997202142,2,1.000000000000,1.000000000000,1.000000000000,1
1284,73299,73299,1783332971997238313,1783332971997238313,1783332971997311612,1783332971997311612,1783332971997311612,1,1.000000000000,1.000000000000,1.000000000000,1
1285,73480,73480,1783332971997357562,1783332971997357562,1783332971997431042,1783332971997431042,1783332971997431042,3,1.000000000000,1.000000000000,1.000000000000,1
1286,76261,76261,1783332971997474991,1783332971997474991,1783332971997551252,1783332971997551252,1783332971997551252,3,1.000000000000,1.000000000000,1.000000000000,1
1287,73112,73112,1783332971997596670,1783332971997596670,1783332971997669782,1783332971997669782,1783332971997669782,0,1.000000000000,1.000000000000,1.000000000000,1
1288,76423,76423,1783332971997720969,1783332971997720969,1783332971997797392,1783332971997797392,1783332971997797392,2,1.000000000000,1.000000000000,1.000000000000,1
1289,76672,76672,1783332971997837470,1783332971997837470,1783332971997914142,1783332971997914142,1783332971997914142,0,1.000000000000,1.000000000000,1.000000000000,1
1290,74303,74303,1783332971997960319,1783332971997960319,1783332971998034622,1783332971998034622,1783332971998034622,3,1.000000000000,1.000000000000,1.000000000000,1
1291,78024,78024,1783332971998072288,1783332971998072288,1783332971998150312,1783332971998150312,1783332971998150312,2,1.000000000000,1.000000000000,1.000000000000,1
1292,72645,72645,1783332971998185137,1783332971998185137,1783332971998257782,1783332971998257782,1783332971998257782,3,1.000000000000,1.000000000000,1.000000000000,1
1293,74327,74327,1783332971998305976,1783332971998305976,1783332971998380303,1783332971998380303,1783332971998380303,1,1.000000000000,1.000000000000,1.000000000000,1
1294,74328,74328,1783332971998419315,1783332971998419315,1783332971998493643,1783332971998493643,1783332971998493643,0,1.000000000000,1.000000000000,1.000000000000,1
1295,73718,73718,1783332971998531585,1783332971998531585,1783332971998605303,1783332971998605303,1783332971998605303,2,1.000000000000,1.000000000000,1.000000000000,1
1296,73689,73689,1783332971998668894,1783332971998668894,1783332971998742583,1783332971998742583,1783332971998742583,0,1.000000000000,1.000000000000,1.000000000000,1
1297,76930,76930,1783332971998786283,1783332971998786283,1783332971998863213,1783332971998863213,1783332971998863213,2,1.000000000000,1.000000000000,1.000000000000,1
1298,73801,73801,1783332971998900912,1783332971998900912,1783332971998974713,1783332971998974713,1783332971998974713,3,1.000000000000,1.000000000000,1.000000000000,1
1299,73692,73692,1783332971999022141,1783332971999022141,1783332971999095833,1783332971999095833,1783332971999095833,3,1.000000000000,1.000000000000,1.000000000000,1
1300,73513,73513,1783332971999142000,1783332971999142000,1783332971999215513,1783332971999215513,1783332971999215513,3,1.000000000000,1.000000000000,1.000000000000,1
1301,78373,78373,1783332971999259450,1783332971999259450,1783332971999337823,1783332971999337823,1783332971999337823,1,1.000000000000,1.000000000000,1.000000000000,1
1302,80185,80185,1783332971999381059,1783332971999381059,1783332971999461244,1783332971999461244,1783332971999461244,1,1.000000000000,1.000000000000,1.000000000000,1
1303,76916,76916,1783332971999486288,1783332971999486288,1783332971999563204,1783332971999563204,1783332971999563204,1,1.000000000000,1.000000000000,1.000000000000,1
1304,73987,73987,1783332971999600497,1783332971999600497,1783332971999674484,1783332971999674484,1783332971999674484,0,1.000000000000,1.000000000000,1.000000000000,1
1305,73638,73638,1783332971999725466,1783332971999725466,1783332971999799104,1783332971999799104,1783332971999799104,2,1.000000000000,1.000000000000,1.000000000000,1
1306,82529,82529,1783332971999839175,1783332971999839175,1783332971999921704,1783332971999921704,1783332971999921704,2,1.000000000000,1.000000000000,1.000000000000,1
1307,77409,77409,1783332971999961585,1783332971999961585,1783332972000038994,1783332972000038994,1783332972000038994,2,1.000000000000,1.000000000000,1.000000000000,1
1308,76820,76820,1783332972000081034,1783332972000081034,1783332972000157854,1783332972000157854,1783332972000157854,1,1.000000000000,1.000000000000,1.000000000000,1
1309,73641,73641,1783332972000194083,1783332972000194083,1783332972000267724,1783332972000267724,1783332972000267724,0,1.000000000000,1.000000000000,1.000000000000,1
1310,74962,74962,1783332972000311832,1783332972000311832,1783332972000386794,1783332972000386794,1783332972000386794,3,1.000000000000,1.000000000000,1.000000000000,1
1311,77473,77473,1783332972000423291,1783332972000423291,1783332972000500764,1783332972000500764,1783332972000500764,1,1.000000000000,1.000000000000,1.000000000000,1
1312,74873,74873,1783332972000541251,1783332972000541251,1783332972000616124,1783332972000616124,1783332972000616124,2,1.000000000000,1.000000000000,1.000000000000,1
1313,74804,74804,1783332972000661480,1783332972000661480,1783332972000736284,1783332972000736284,1783332972000736284,0,1.000000000000,1.000000000000,1.000000000000,1
1314,81855,81855,1783332972000774949,1783332972000774949,1783332972000856804,1783332972000856804,1783332972000856804,0,1.000000000000,1.000000000000,1.000000000000,1
1315,73965,73965,1783332972000891439,1783332972000891439,1783332972000965404,1783332972000965404,1783332972000965404,2,1.000000000000,1.000000000000,1.000000000000,1
1316,73536,73536,1783332972001016298,1783332972001016298,1783332972001089834,1783332972001089834,1783332972001089834,2,1.000000000000,1.000000000000,1.000000000000,1
1317,74497,74497,1783332972001133767,1783332972001133767,1783332972001208264,1783332972001208264,1783332972001208264,3,1.000000000000,1.000000000000,1.000000000000,1
1318,73687,73687,1783332972001248607,1783332972001248607,1783332972001322294,1783332972001322294,1783332972001322294,0,1.000000000000,1.000000000000,1.000000000000,1
1319,76839,76839,1783332972001369316,1783332972001369316,1783332972001446155,1783332972001446155,1783332972001446155,0,1.000000000000,1.000000000000,1.000000000000,1
1320,76360,76360,1783332972001479125,1783332972001479125,1783332972001555485,1783332972001555485,1783332972001555485,3,1.000000000000,1.000000000000,1.000000000000,1
1321,72971,72971,1783332972001593784,1783332972001593784,1783332972001666755,1783332972001666755,1783332972001666755,3,1.000000000000,1.000000000000,1.000000000000,1
1322,72362,72362,1783332972001715753,1783332972001715753,1783332972001788115,1783332972001788115,1783332972001788115,3,1.000000000000,1.000000000000,1.000000000000,1
1323,77782,77782,1783332972001834143,1783332972001834143,1783332972001911925,1783332972001911925,1783332972001911925,2,1.000000000000,1.000000000000,1.000000000000,1
1324,73743,73743,1783332972001952402,1783332972001952402,1783332972002026145,1783332972002026145,1783332972002026145,0,1.000000000000,1.000000000000,1.000000000000,1
1325,72944,72944,1783332972002066561,1783332972002066561,1783332972002139505,1783332972002139505,1783332972002139505,1,1.000000000000,1.000000000000,1.000000000000,1
1326,73315,73315,1783332972002179680,1783332972002179680,1783332972002252995,1783332972002252995,1783332972002252995,2,1.000000000000,1.000000000000,1.000000000000,1
1327,76076,76076,1783332972002302569,1783332972002302569,1783332972002378645,1783332972002378645,1783332972002378645,0,1.000000000000,1.000000000000,1.000000000000,1
1328,74796,74796,1783332972002408589,1783332972002408589,1783332972002483385,1783332972002483385,1783332972002483385,2,1.000000000000,1.000000000000,1.000000000000,1
1329,74717,74717,1783332972002526048,1783332972002526048,1783332972002600765,1783332972002600765,1783332972002600765,3,1.000000000000,1.000000000000,1.000000000000,1
1330,74028,74028,1783332972002659177,1783332972002659177,1783332972002733205,1783332972002733205,1783332972002733205,1,1.000000000000,1.000000000000,1.000000000000,1
1331,73719,73719,1783332972002763966,1783332972002763966,1783332972002837685,1783332972002837685,1783332972002837685,0,1.000000000000,1.000000000000,1.000000000000,1
1332,73540,73540,1783332972002879285,1783332972002879285,1783332972002952825,1783332972002952825,1783332972002952825,2,1.000000000000,1.000000000000,1.000000000000,1
1333,73840,73840,1783332972003000775,1783332972003000775,1783332972003074615,1783332972003074615,1783332972003074615,2,1.000000000000,1.000000000000,1.000000000000,1
1334,73961,73961,1783332972003123834,1783332972003123834,1783332972003197795,1783332972003197795,1783332972003197795,1,1.000000000000,1.000000000000,1.000000000000,1
1335,73982,73982,1783332972003237403,1783332972003237403,1783332972003311385,1783332972003311385,1783332972003311385,0,1.000000000000,1.000000000000,1.000000000000,1
1336,75513,75513,1783332972003354132,1783332972003354132,1783332972003429645,1783332972003429645,1783332972003429645,1,1.000000000000,1.000000000000,1.000000000000,1
1337,74074,74074,1783332972003464931,1783332972003464931,1783332972003539005,1783332972003539005,1783332972003539005,2,1.000000000000,1.000000000000,1.000000000000,1
1338,74644,74644,1783332972003583981,1783332972003583981,1783332972003658625,1783332972003658625,1783332972003658625,1,1.000000000000,1.000000000000,1.000000000000,1
1339,77745,77745,1783332972003707510,1783332972003707510,1783332972003785255,1783332972003785255,1783332972003785255,2,1.000000000000,1.000000000000,1.000000000000,1
1340,75066,75066,1783332972003821349,1783332972003821349,1783332972003896415,1783332972003896415,1783332972003896415,1,1.000000000000,1.000000000000,1.000000000000,1
1341,76036,76036,1783332972003941339,1783332972003941339,1783332972004017375,1783332972004017375,1783332972004017375,0,1.000000000000,1.000000000000,1.000000000000,1
1342,73307,73307,1783332972004056628,1783332972004056628,1783332972004129935,1783332972004129935,1783332972004129935,2,1.000000000000,1.000000000000,1.000000000000,1
1343,76678,76678,1783332972004169867,1783332972004169867,1783332972004246545,1783332972004246545,1783332972004246545,2,1.000000000000,1.000000000000,1.000000000000,1
1344,74308,74308,1783332972004290907,1783332972004290907,1783332972004365215,1783332972004365215,1783332972004365215,3,1.000000000000,1.000000000000,1.000000000000,1
1345,75750,75750,1783332972004404266,1783332972004404266,1783332972004480016,1783332972004480016,1783332972004480016,2,1.000000000000,1.000000000000,1.000000000000,1
1346,74001,74001,1783332972004516235,1783332972004516235,1783332972004590236,1783332972004590236,1783332972004590236,3,1.000000000000,1.000000000000,1.000000000000,1
1347,86912,86912,1783332972004639604,1783332972004639604,1783332972004726516,1783332972004726516,1783332972004726516,1,1.000000000000,1.000000000000,1.000000000000,1
1348,75393,75393,1783332972004768183,1783332972004768183,1783332972004843576,1783332972004843576,1783332972004843576,2,1.000000000000,1.000000000000,1.000000000000,1
1349,75804,75804,1783332972004891252,1783332972004891252,1783332972004967056,1783332972004967056,1783332972004967056,0,1.000000000000,1.000000000000,1.000000000000,1
1350,75784,75784,1783332972005006502,1783332972005006502,1783332972005082286,1783332972005082286,1783332972005082286,1,1.000000000000,1.000000000000,1.000000000000,1
1351,74185,74185,1783332972005127711,1783332972005127711,1783332972005201896,1783332972005201896,1783332972005201896,1,1.000000000000,1.000000000000,1.000000000000,1
1352,77066,77066,1783332972005252160,1783332972005252160,1783332972005329226,1783332972005329226,1783332972005329226,3,1.000000000000,1.000000000000,1.000000000000,1
1353,74307,74307,1783332972005368249,1783332972005368249,1783332972005442556,1783332972005442556,1783332972005442556,1,1.000000000000,1.000000000000,1.000000000000,1
1354,75428,75428,1783332972005486188,1783332972005486188,1783332972005561616,1783332972005561616,1783332972005561616,2,1.000000000000,1.000000000000,1.000000000000,1
1355,74959,74959,1783332972005609267,1783332972005609267,1783332972005684226,1783332972005684226,1783332972005684226,3,1.000000000000,1.000000000000,1.000000000000,1
1356,73930,73930,1783332972005737916,1783332972005737916,1783332972005811846,1783332972005811846,1783332972005811846,3,1.000000000000,1.000000000000,1.000000000000,1
1357,73570,73570,1783332972005849716,1783332972005849716,1783332972005923286,1783332972005923286,1783332972005923286,2,1.000000000000,1.000000000000,1.000000000000,1
1358,73571,73571,1783332972005972245,1783332972005972245,1783332972006045816,1783332972006045816,1783332972006045816,1,1.000000000000,1.000000000000,1.000000000000,1
1359,73222,73222,1783332972006078834,1783332972006078834,1783332972006152056,1783332972006152056,1783332972006152056,2,1.000000000000,1.000000000000,1.000000000000,1
1360,72873,72873,1783332972006194603,1783332972006194603,1783332972006267476,1783332972006267476,1783332972006267476,2,1.000000000000,1.000000000000,1.000000000000,1
1361,75084,75084,1783332972006311852,1783332972006311852,1783332972006386936,1783332972006386936,1783332972006386936,2,1.000000000000,1.000000000000,1.000000000000,1
1362,75584,75584,1783332972006422422,1783332972006422422,1783332972006498006,1783332972006498006,1783332972006498006,1,1.000000000000,1.000000000000,1.000000000000,1
1363,78065,78065,1783332972006544921,1783332972006544921,1783332972006622986,1783332972006622986,1783332972006622986,1,1.000000000000,1.000000000000,1.000000000000,1
1364,74806,74806,1783332972006664240,1783332972006664240,1783332972006739046,1783332972006739046,1783332972006739046,0,1.000000000000,1.000000000000,1.000000000000,1
1365,76227,76227,1783332972006789479,1783332972006789479,1783332972006865706,1783332972006865706,1783332972006865706,1,1.000000000000,1.000000000000,1.000000000000,1
1366,75127,75127,1783332972006905009,1783332972006905009,1783332972006980136,1783332972006980136,1783332972006980136,0,1.000000000000,1.000000000000,1.000000000000,1
1367,73608,73608,1783332972007022018,1783332972007022018,1783332972007095626,1783332972007095626,1783332972007095626,2,1.000000000000,1.000000000000,1.000000000000,1
1368,74868,74868,1783332972007132198,1783332972007132198,1783332972007207066,1783332972007207066,1783332972007207066,3,1.000000000000,1.000000000000,1.000000000000,1
1369,73979,73979,1783332972007246417,1783332972007246417,1783332972007320396,1783332972007320396,1783332972007320396,3,1.000000000000,1.000000000000,1.000000000000,1
1370,74201,74201,1783332972007367216,1783332972007367216,1783332972007441417,1783332972007441417,1783332972007441417,3,1.000000000000,1.000000000000,1.000000000000,1
1371,76332,76332,1783332972007497025,1783332972007497025,1783332972007573357,1783332972007573357,1783332972007573357,0,1.000000000000,1.000000000000,1.000000000000,1
1372,74273,74273,1783332972007600214,1783332972007600214,1783332972007674487,1783332972007674487,1783332972007674487,2,1.000000000000,1.000000000000,1.000000000000,1
1373,73974,73974,1783332972007726133,1783332972007726133,1783332972007800107,1783332972007800107,1783332972007800107,0,1.000000000000,1.000000000000,1.000000000000,1
1374,82494,82494,1783332972007843583,1783332972007843583,1783332972007926077,1783332972007926077,1783332972007926077,0,1.000000000000,1.000000000000,1.000000000000,1
1375,77195,77195,1783332972007956542,1783332972007956542,1783332972008033737,1783332972008033737,1783332972008033737,2,1.000000000000,1.000000000000,1.000000000000,1
1376,73296,73296,1783332972008069851,1783332972008069851,1783332972008143147,1783332972008143147,1783332972008143147,3,1.000000000000,1.000000000000,1.000000000000,1
1377,75157,75157,1783332972008187930,1783332972008187930,1783332972008263087,1783332972008263087,1783332972008263087,2,1.000000000000,1.000000000000,1.000000000000,1
1378,74378,74378,1783332972008308929,1783332972008308929,1783332972008383307,1783332972008383307,1783332972008383307,2,1.000000000000,1.000000000000,1.000000000000,1
1379,74768,74768,1783332972008424529,1783332972008424529,1783332972008499297,1783332972008499297,1783332972008499297,3,1.000000000000,1.000000000000,1.000000000000,1
1380,81199,81199,1783332972008543918,1783332972008543918,1783332972008625117,1783332972008625117,1783332972008625117,0,1.000000000000,1.000000000000,1.000000000000,1
1381,74220,74220,1783332972008660207,1783332972008660207,1783332972008734427,1783332972008734427,1783332972008734427,1,1.000000000000,1.000000000000,1.000000000000,1
1382,73431,73431,1783332972008782036,1783332972008782036,1783332972008855467,1783332972008855467,1783332972008855467,2,1.000000000000,1.000000000000,1.000000000000,1
1383,76542,76542,1783332972008897585,1783332972008897585,1783332972008974127,1783332972008974127,1783332972008974127,1,1.000000000000,1.000000000000,1.000000000000,1
1384,76162,76162,1783332972009009605,1783332972009009605,1783332972009085767,1783332972009085767,1783332972009085767,0,1.000000000000,1.000000000000,1.000000000000,1
1385,74643,74643,1783332972009127114,1783332972009127114,1783332972009201757,1783332972009201757,1783332972009201757,3,1.000000000000,1.000000000000,1.000000000000,1
1386,73044,73044,1783332972009246343,1783332972009246343,1783332972009319387,1783332972009319387,1783332972009319387,1,1.000000000000,1.000000000000,1.000000000000,1
1387,74405,74405,1783332972009354982,1783332972009354982,1783332972009429387,1783332972009429387,1783332972009429387,0,1.000000000000,1.000000000000,1.000000000000,1
1388,74466,74466,1783332972009475201,1783332972009475201,1783332972009549667,1783332972009549667,1783332972009549667,1,1.000000000000,1.000000000000,1.000000000000,1
1389,81026,81026,1783332972009593851,1783332972009593851,1783332972009674877,1783332972009674877,1783332972009674877,1,1.000000000000,1.000000000000,1.000000000000,1
1390,73467,73467,1783332972009716670,1783332972009716670,1783332972009790137,1783332972009790137,1783332972009790137,2,1.000000000000,1.000000000000,1.000000000000,1
1391,74458,74458,1783332972009828439,1783332972009828439,1783332972009902897,1783332972009902897,1783332972009902897,0,1.000000000000,1.000000000000,1.000000000000,1
1392,73408,73408,1783332972009943169,1783332972009943169,1783332972010016577,1783332972010016577,1783332972010016577,2,1.000000000000,1.000000000000,1.000000000000,1
1393,73409,73409,1783332972010059848,1783332972010059848,1783332972010133257,1783332972010133257,1783332972010133257,1,1.000000000000,1.000000000000,1.000000000000,1
1394,73039,73039,1783332972010172898,1783332972010172898,1783332972010245937,1783332972010245937,1783332972010245937,3,1.000000000000,1.000000000000,1.000000000000,1
1395,73630,73630,1783332972010298137,1783332972010298137,1783332972010371767,1783332972010371767,1783332972010371767,3,1.000000000000,1.000000000000,1.000000000000,1
1396,74692,74692,1783332972010416306,1783332972010416306,1783332972010490998,1783332972010490998,1783332972010490998,2,1.000000000000,1.000000000000,1.000000000000,1
1397,74923,74923,1783332972010529595,1783332972010529595,1783332972010604518,1783332972010604518,1783332972010604518,1,1.000000000000,1.000000000000,1.000000000000,1
1398,75444,75444,1783332972010653754,1783332972010653754,1783332972010729198,1783332972010729198,1783332972010729198,2,1.000000000000,1.000000000000,1.000000000000,1
1399,74455,74455,1783332972010769833,1783332972010769833,1783332972010844288,1783332972010844288,1783332972010844288,3,1.000000000000,1.000000000000,1.000000000000,1
1400,75195,75195,1783332972010886193,1783332972010886193,1783332972010961388,1783332972010961388,1783332972010961388,3,1.000000000000,1.000000000000,1.000000000000,1
1401,74916,74916,1783332972010998852,1783332972010998852,1783332972011073768,1783332972011073768,1783332972011073768,3,1.000000000000,1.000000000000,1.000000000000,1
1402,73457,73457,1783332972011113681,1783332972011113681,1783332972011187138,1783332972011187138,1783332972011187138,0,1.000000000000,1.000000000000,1.000000000000,1
1403,78958,78958,1783332972011228320,1783332972011228320,1783332972011307278,1783332972011307278,1783332972011307278,0,1.000000000000,1.000000000000,1.000000000000,1
1404,73629,73629,1783332972011354119,1783332972011354119,1783332972011427748,1783332972011427748,1783332972011427748,2,1.000000000000,1.000000000000,1.000000000000,1
1405,73629,73629,1783332972011466979,1783332972011466979,1783332972011540608,1783332972011540608,1783332972011540608,3,1.000000000000,1.000000000000,1.000000000000,1
1406,74240,74240,1783332972011602428,1783332972011602428,1783332972011676668,1783332972011676668,1783332972011676668,2,1.000000000000,1.000000000000,1.000000000000,1
1407,72991,72991,1783332972011721037,1783332972011721037,1783332972011794028,1783332972011794028,1783332972011794028,3,1.000000000000,1.000000000000,1.000000000000,1
1408,87812,87812,1783332972011835016,1783332972011835016,1783332972011922828,1783332972011922828,1783332972011922828,0,1.000000000000,1.000000000000,1.000000000000,1
1409,74173,74173,1783332972011954025,1783332972011954025,1783332972012028198,1783332972012028198,1783332972012028198,2,1.000000000000,1.000000000000,1.000000000000,1
1410,74264,74264,1783332972012064554,1783332972012064554,1783332972012138818,1783332972012138818,1783332972012138818,1,1.000000000000,1.000000000000,1.000000000000,1
1411,74224,74224,1783332972012179024,1783332972012179024,1783332972012253248,1783332972012253248,1783332972012253248,2,1.000000000000,1.000000000000,1.000000000000,1
1412,75145,75145,1783332972012304983,1783332972012304983,1783332972012380128,1783332972012380128,1783332972012380128,1,1.000000000000,1.000000000000,1.000000000000,1
1413,81566,81566,1783332972012415802,1783332972012415802,1783332972012497368,1783332972012497368,1783332972012497368,2,1.000000000000,1.000000000000,1.000000000000,1
1414,74557,74557,1783332972012540951,1783332972012540951,1783332972012615508,1783332972012615508,1783332972012615508,2,1.000000000000,1.000000000000,1.000000000000,1
1415,75538,75538,1783332972012656680,1783332972012656680,1783332972012732218,1783332972012732218,1783332972012732218,2,1.000000000000,1.000000000000,1.000000000000,1
1416,77409,77409,1783332972012771419,1783332972012771419,1783332972012848828,1783332972012848828,1783332972012848828,1,1.000000000000,1.000000000000,1.000000000000,1
1417,74178,74178,1783332972012888920,1783332972012888920,1783332972012963098,1783332972012963098,1783332972012963098,0,1.000000000000,1.000000000000,1.000000000000,1
1418,74499,74499,1783332972012999489,1783332972012999489,1783332972013073988,1783332972013073988,1783332972013073988,0,1.000000000000,1.000000000000,1.000000000000,1
1419,74880,74880,1783332972013114478,1783332972013114478,1783332972013189358,1783332972013189358,1783332972013189358,1,1.000000000000,1.000000000000,1.000000000000,1
1420,76341,76341,1783332972013232997,1783332972013232997,1783332972013309338,1783332972013309338,1783332972013309338,2,1.000000000000,1.000000000000,1.000000000000,1
1421,74693,74693,1783332972013350346,1783332972013350346,1783332972013425039,1783332972013425039,1783332972013425039,0,1.000000000000,1.000000000000,1.000000000000,1
1422,73683,73683,1783332972013469566,1783332972013469566,1783332972013543249,1783332972013543249,1783332972013543249,3,1.000000000000,1.000000000000,1.000000000000,1
1423,73334,73334,1783332972013590685,1783332972013590685,1783332972013664019,1783332972013664019,1783332972013664019,3,1.000000000000,1.000000000000,1.000000000000,1
1424,73915,73915,1783332972013714954,1783332972013714954,1783332972013788869,1783332972013788869,1783332972013788869,1,1.000000000000,1.000000000000,1.000000000000,1
1425,74326,74326,1783332972013834063,1783332972013834063,1783332972013908389,1783332972013908389,1783332972013908389,1,1.000000000000,1.000000000000,1.000000000000,1
1426,72807,72807,1783332972013953372,1783332972013953372,1783332972014026179,1783332972014026179,1783332972014026179,1,1.000000000000,1.000000000000,1.000000000000,1
1427,73448,73448,1783332972014072901,1783332972014072901,1783332972014146349,1783332972014146349,1783332972014146349,0,1.000000000000,1.000000000000,1.000000000000,1
1428,76929,76929,1783332972014188980,1783332972014188980,1783332972014265909,1783332972014265909,1783332972014265909,1,1.000000000000,1.000000000000,1.000000000000,1
1429,73939,73939,1783332972014304860,1783332972014304860,1783332972014378799,1783332972014378799,1783332972014378799,1,1.000000000000,1.000000000000,1.000000000000,1
1430,73990,73990,1783332972014419729,1783332972014419729,1783332972014493719,1783332972014493719,1783332972014493719,3,1.000000000000,1.000000000000,1.000000000000,1
1431,80331,80331,1783332972014534088,1783332972014534088,1783332972014614419,1783332972014614419,1783332972014614419,1,1.000000000000,1.000000000000,1.000000000000,1
1432,75292,75292,1783332972014653777,1783332972014653777,1783332972014729069,1783332972014729069,1783332972014729069,1,1.000000000000,1.000000000000,1.000000000000,1
1433,74823,74823,1783332972014773846,1783332972014773846,1783332972014848669,1783332972014848669,1783332972014848669,2,1.000000000000,1.000000000000,1.000000000000,1
1434,73463,73463,1783332972014883156,1783332972014883156,1783332972014956619,1783332972014956619,1783332972014956619,2,1.000000000000,1.000000000000,1.000000000000,1
1435,75644,75644,1783332972015005925,1783332972015005925,1783332972015081569,1783332972015081569,1783332972015081569,2,1.000000000000,1.000000000000,1.000000000000,1
1436,73965,73965,1783332972015118404,1783332972015118404,1783332972015192369,1783332972015192369,1783332972015192369,3,1.000000000000,1.000000000000,1.000000000000,1
1437,74176,74176,1783332972015231803,1783332972015231803,1783332972015305979,1783332972015305979,1783332972015305979,2,1.000000000000,1.000000000000,1.000000000000,1
1438,72907,72907,1783332972015352722,1783332972015352722,1783332972015425629,1783332972015425629,1783332972015425629,1,1.000000000000,1.000000000000,1.000000000000,1
1439,74128,74128,1783332972015468771,1783332972015468771,1783332972015542899,1783332972015542899,1783332972015542899,1,1.000000000000,1.000000000000,1.000000000000,1
1440,73578,73578,1783332972015588771,1783332972015588771,1783332972015662349,1783332972015662349,1783332972015662349,1,1.000000000000,1.000000000000,1.000000000000,1
1441,74999,74999,1783332972015712840,1783332972015712840,1783332972015787839,1783332972015787839,1783332972015787839,3,1.000000000000,1.000000000000,1.000000000000,1
1442,87020,87020,1783332972015830919,1783332972015830919,1783332972015917939,1783332972015917939,1783332972015917939,0,1.000000000000,1.000000000000,1.000000000000,1
1443,74750,74750,1783332972015939899,1783332972015939899,1783332972016014649,1783332972016014649,1783332972016014649,1,1.000000000000,1.000000000000,1.000000000000,1
1444,74281,74281,1783332972016051908,1783332972016051908,1783332972016126189,1783332972016126189,1783332972016126189,3,1.000000000000,1.000000000000,1.000000000000,1
1445,74061,74061,1783332972016168038,1783332972016168038,1783332972016242099,1783332972016242099,1783332972016242099,0,1.000000000000,1.000000000000,1.000000000000,1
1446,82672,82672,1783332972016290927,1783332972016290927,1783332972016373599,1783332972016373599,1783332972016373599,1,1.000000000000,1.000000000000,1.000000000000,1
1447,79054,79054,1783332972016401786,1783332972016401786,1783332972016480840,1783332972016480840,1783332972016480840,0,1.000000000000,1.000000000000,1.000000000000,1
1448,76255,76255,1783332972016520975,1783332972016520975,1783332972016597230,1783332972016597230,1783332972016597230,0,1.000000000000,1.000000000000,1.000000000000,1
1449,75016,75016,1783332972016647244,1783332972016647244,1783332972016722260,1783332972016722260,1783332972016722260,3,1.000000000000,1.000000000000,1.000000000000,1
1450,76717,76717,1783332972016769973,1783332972016769973,1783332972016846690,1783332972016846690,1783332972016846690,2,1.000000000000,1.000000000000,1.000000000000,1
1451,75297,75297,1783332972016880973,1783332972016880973,1783332972016956270,1783332972016956270,1783332972016956270,2,1.000000000000,1.000000000000,1.000000000000,1
1452,73988,73988,1783332972016995922,1783332972016995922,1783332972017069910,1783332972017069910,1783332972017069910,0,1.000000000000,1.000000000000,1.000000000000,1
1453,76509,76509,1783332972017109531,1783332972017109531,1783332972017186040,1783332972017186040,1783332972017186040,0,1.000000000000,1.000000000000,1.000000000000,1
1454,74270,74270,1783332972017224090,1783332972017224090,1783332972017298360,1783332972017298360,1783332972017298360,0,1.000000000000,1.000000000000,1.000000000000,1
1455,73411,73411,1783332972017341649,1783332972017341649,1783332972017415060,1783332972017415060,1783332972017415060,0,1.000000000000,1.000000000000,1.000000000000,1
1456,73742,73742,1783332972017460208,1783332972017460208,1783332972017533950,1783332972017533950,1783332972017533950,0,1.000000000000,1.000000000000,1.000000000000,1
1457,73152,73152,1783332972017585498,1783332972017585498,1783332972017658650,1783332972017658650,1783332972017658650,2,1.000000000000,1.000000000000,1.000000000000,1
1458,74163,74163,1783332972017703597,1783332972017703597,1783332972017777760,1783332972017777760,1783332972017777760,3,1.000000000000,1.000000000000,1.000000000000,1
1459,76454,76454,1783332972017816376,1783332972017816376,1783332972017892830,1783332972017892830,1783332972017892830,1,1.000000000000,1.000000000000,1.000000000000,1
1460,73255,73255,1783332972017931865,1783332972017931865,1783332972018005120,1783332972018005120,1783332972018005120,2,1.000000000000,1.000000000000,1.000000000000,1
1461,75366,75366,1783332972018048824,1783332972018048824,1783332972018124190,1783332972018124190,1783332972018124190,1,1.000000000000,1.000000000000,1.000000000000,1
1462,74186,74186,1783332972018160604,1783332972018160604,1783332972018234790,1783332972018234790,1783332972018234790,0,1.000000000000,1.000000000000,1.000000000000,1
1463,81767,81767,1783332972018274683,1783332972018274683,1783332972018356450,1783332972018356450,1783332972018356450,3,1.000000000000,1.000000000000,1.000000000000,1
1464,78348,78348,1783332972018396972,1783332972018396972,1783332972018475320,1783332972018475320,1783332972018475320,0,1.000000000000,1.000000000000,1.000000000000,1
1465,75239,75239,1783332972018514971,1783332972018514971,1783332972018590210,1783332972018590210,1783332972018590210,1,1.000000000000,1.000000000000,1.000000000000,1
1466,75210,75210,1783332972018639850,1783332972018639850,1783332972018715060,1783332972018715060,1783332972018715060,2,1.000000000000,1.000000000000,1.000000000000,1
1467,77031,77031,1783332972018760769,1783332972018760769,1783332972018837800,1783332972018837800,1783332972018837800,0,1.000000000000,1.000000000000,1.000000000000,1
1468,74051,74051,1783332972018882289,1783332972018882289,1783332972018956340,1783332972018956340,1783332972018956340,3,1.000000000000,1.000000000000,1.000000000000,1
1469,74061,74061,1783332972018995889,1783332972018995889,1783332972019069950,1783332972019069950,1783332972019069950,2,1.000000000000,1.000000000000,1.000000000000,1
1470,74282,74282,1783332972019118478,1783332972019118478,1783332972019192760,1783332972019192760,1783332972019192760,3,1.000000000000,1.000000000000,1.000000000000,1
1471,73533,73533,1783332972019224147,1783332972019224147,1783332972019297680,1783332972019297680,1783332972019297680,1,1.000000000000,1.000000000000,1.000000000000,1
1472,75695,75695,1783332972019350396,1783332972019350396,1783332972019426091,1783332972019426091,1783332972019426091,3,1.000000000000,1.000000000000,1.000000000000,1
1473,74736,74736,1783332972019470285,1783332972019470285,1783332972019545021,1783332972019545021,1783332972019545021,0,1.000000000000,1.000000000000,1.000000000000,1
1474,72927,72927,1783332972019588164,1783332972019588164,1783332972019661091,1783332972019661091,1783332972019661091,3,1.000000000000,1.000000000000,1.000000000000,1
1475,73777,73777,1783332972019710224,1783332972019710224,1783332972019784001,1783332972019784001,1783332972019784001,2,1.000000000000,1.000000000000,1.000000000000,1
1476,73268,73268,1783332972019821743,1783332972019821743,1783332972019895011,1783332972019895011,1783332972019895011,2,1.000000000000,1.000000000000,1.000000000000,1
1477,74399,74399,1783332972019937472,1783332972019937472,1783332972020011871,1783332972020011871,1783332972020011871,2,1.000000000000,1.000000000000,1.000000000000,1
1478,80660,80660,1783332972020050701,1783332972020050701,1783332972020131361,1783332972020131361,1783332972020131361,0,1.000000000000,1.000000000000,1.000000000000,1
1479,75261,75261,1783332972020166640,1783332972020166640,1783332972020241901,1783332972020241901,1783332972020241901,3,1.000000000000,1.000000000000,1.000000000000,1
1480,77511,77511,1783332972020287500,1783332972020287500,1783332972020365011,1783332972020365011,1783332972020365011,3,1.000000000000,1.000000000000,1.000000000000,1
1481,76512,76512,1783332972020406889,1783332972020406889,1783332972020483401,1783332972020483401,1783332972020483401,1,1.000000000000,1.000000000000,1.000000000000,1
1482,74403,74403,1783332972020520038,1783332972020520038,1783332972020594441,1783332972020594441,1783332972020594441,0,1.000000000000,1.000000000000,1.000000000000,1
1483,75024,75024,1783332972020665147,1783332972020665147,1783332972020740171,1783332972020740171,1783332972020740171,0,1.000000000000,1.000000000000,1.000000000000,1
1484,74215,74215,1783332972020777676,1783332972020777676,1783332972020851891,1783332972020851891,1783332972020851891,3,1.000000000000,1.000000000000,1.000000000000,1
1485,73626,73626,1783332972020897435,1783332972020897435,1783332972020971061,1783332972020971061,1783332972020971061,1,1.000000000000,1.000000000000,1.000000000000,1
1486,75366,75366,1783332972021020385,1783332972021020385,1783332972021095751,1783332972021095751,1783332972021095751,0,1.000000000000,1.000000000000,1.000000000000,1
1487,79047,79047,1783332972021138444,1783332972021138444,1783332972021217491,1783332972021217491,1783332972021217491,0,1.000000000000,1.000000000000,1.000000000000,1
1488,73528,73528,1783332972021252253,1783332972021252253,1783332972021325781,1783332972021325781,1783332972021325781,3,1.000000000000,1.000000000000,1.000000000000,1
1489,73079,73079,1783332972021376702,1783332972021376702,1783332972021449781,1783332972021449781,1783332972021449781,1,1.000000000000,1.000000000000,1.000000000000,1
1490,74670,74670,1783332972021502041,1783332972021502041,1783332972021576711,1783332972021576711,1783332972021576711,3,1.000000000000,1.000000000000,1.000000000000,1
1491,75031,75031,1783332972021621790,1783332972021621790,1783332972021696821,1783332972021696821,1783332972021696821,2,1.000000000000,1.000000000000,1.000000000000,1
1492,74971,74971,1783332972021743340,1783332972021743340,1783332972021818311,1783332972021818311,1783332972021818311,2,1.000000000000,1.000000000000,1.000000000000,1
1493,77141,77141,1783332972021862730,1783332972021862730,1783332972021939871,1783332972021939871,1783332972021939871,1,1.000000000000,1.000000000000,1.000000000000,1
1494,74392,74392,1783332972021988179,1783332972021988179,1783332972022062571,1783332972022062571,1783332972022062571,3,1.000000000000,1.000000000000,1.000000000000,1
1495,73463,73463,1783332972022105298,1783332972022105298,1783332972022178761,1783332972022178761,1783332972022178761,3,1.000000000000,1.000000000000,1.000000000000,1
1496,75134,75134,1783332972022225647,1783332972022225647,1783332972022300781,1783332972022300781,1783332972022300781,2,1.000000000000,1.000000000000,1.000000000000,1
1497,75016,75016,1783332972022352906,1783332972022352906,1783332972022427922,1783332972022427922,1783332972022427922,1,1.000000000000,1.000000000000,1.000000000000,1
1498,77757,77757,1783332972022481825,1783332972022481825,1783332972022559582,1783332972022559582,1783332972022559582,0,1.000000000000,1.000000000000,1.000000000000,1
1499,75327,75327,1783332972022590295,1783332972022590295,1783332972022665622,1783332972022665622,1783332972022665622,0,1.000000000000,1.000000000000,1.000000000000,1
1500,74438,74438,1783332972022709144,1783332972022709144,1783332972022783582,1783332972022783582,1783332972022783582,2,1.000000000000,1.000000000000,1.000000000000,1
1501,75389,75389,1783332972022832823,1783332972022832823,1783332972022908212,1783332972022908212,1783332972022908212,2,1.000000000000,1.000000000000,1.000000000000,1
1502,74130,74130,1783332972022953442,1783332972022953442,1783332972023027572,1783332972023027572,1783332972023027572,1,1.000000000000,1.000000000000,1.000000000000,1
1503,75091,75091,1783332972023072701,1783332972023072701,1783332972023147792,1783332972023147792,1783332972023147792,1,1.000000000000,1.000000000000,1.000000000000,1
1504,73691,73691,1783332972023195641,1783332972023195641,1783332972023269332,1783332972023269332,1783332972023269332,2,1.000000000000,1.000000000000,1.000000000000,1
1505,73922,73922,1783332972023318340,1783332972023318340,1783332972023392262,1783332972023392262,1783332972023392262,0,1.000000000000,1.000000000000,1.000000000000,1
1506,73243,73243,1783332972023432339,1783332972023432339,1783332972023505582,1783332972023505582,1783332972023505582,3,1.000000000000,1.000000000000,1.000000000000,1
1507,74934,74934,1783332972023561648,1783332972023561648,1783332972023636582,1783332972023636582,1783332972023636582,2,1.000000000000,1.000000000000,1.000000000000,1
1508,75566,75566,1783332972023686257,1783332972023686257,1783332972023761823,1783332972023761823,1783332972023761823,3,1.000000000000,1.000000000000,1.000000000000,1
1509,75737,75737,1783332972023805136,1783332972023805136,1783332972023880873,1783332972023880873,1783332972023880873,1,1.000000000000,1.000000000000,1.000000000000,1
1510,74588,74588,1783332972023922195,1783332972023922195,1783332972023996783,1783332972023996783,1783332972023996783,2,1.000000000000,1.000000000000,1.000000000000,1
1511,81838,81838,1783332972024032735,1783332972024032735,1783332972024114573,1783332972024114573,1783332972024114573,3,1.000000000000,1.000000000000,1.000000000000,1
1512,80389,80389,1783332972024149214,1783332972024149214,1783332972024229603,1783332972024229603,1783332972024229603,0,1.000000000000,1.000000000000,1.000000000000,1
1513,76690,76690,1783332972024260933,1783332972024260933,1783332972024337623,1783332972024337623,1783332972024337623,1,1.000000000000,1.000000000000,1.000000000000,1
1514,80591,80591,1783332972024378262,1783332972024378262,1783332972024458853,1783332972024458853,1783332972024458853,0,1.000000000000,1.000000000000,1.000000000000,1
1515,77892,77892,1783332972024503541,1783332972024503541,1783332972024581433,1783332972024581433,1783332972024581433,0,1.000000000000,1.000000000000,1.000000000000,1
1516,75072,75072,1783332972024625941,1783332972024625941,1783332972024701013,1783332972024701013,1783332972024701013,3,1.000000000000,1.000000000000,1.000000000000,1
1517,73343,73343,1783332972024744690,1783332972024744690,1783332972024818033,1783332972024818033,1783332972024818033,2,1.000000000000,1.000000000000,1.000000000000,1
1518,73303,73303,1783332972024858060,1783332972024858060,1783332972024931363,1783332972024931363,1783332972024931363,2,1.000000000000,1.000000000000,1.000000000000,1
1519,73524,73524,1783332972024974589,1783332972024974589,1783332972025048113,1783332972025048113,1783332972025048113,0,1.000000000000,1.000000000000,1.000000000000,1
1520,72545,72545,1783332972025087718,1783332972025087718,1783332972025160263,1783332972025160263,1783332972025160263,0,1.000000000000,1.000000000000,1.000000000000,1
1521,73236,73236,1783332972025201967,1783332972025201967,1783332972025275203,1783332972025275203,1783332972025275203,1,1.000000000000,1.000000000000,1.000000000000,1
1522,73457,73457,1783332972025316397,1783332972025316397,1783332972025389854,1783332972025389854,1783332972025389854,1,1.000000000000,1.000000000000,1.000000000000,1
1523,77108,77108,1783332972025433606,1783332972025433606,1783332972025510714,1783332972025510714,1783332972025510714,3,1.000000000000,1.000000000000,1.000000000000,1
1524,74199,74199,1783332972025557405,1783332972025557405,1783332972025631604,1783332972025631604,1783332972025631604,3,1.000000000000,1.000000000000,1.000000000000,1
1525,75770,75770,1783332972025678254,1783332972025678254,1783332972025754024,1783332972025754024,1783332972025754024,1,1.000000000000,1.000000000000,1.000000000000,1
1526,76301,76301,1783332972025815333,1783332972025815333,1783332972025891634,1783332972025891634,1783332972025891634,2,1.000000000000,1.000000000000,1.000000000000,1
1527,77502,77502,1783332972025933732,1783332972025933732,1783332972026011234,1783332972026011234,1783332972026011234,2,1.000000000000,1.000000000000,1.000000000000,1
1528,76642,76642,1783332972026048142,1783332972026048142,1783332972026124784,1783332972026124784,1783332972026124784,1,1.000000000000,1.000000000000,1.000000000000,1
1529,74083,74083,1783332972026160461,1783332972026160461,1783332972026234544,1783332972026234544,1783332972026234544,2,1.000000000000,1.000000000000,1.000000000000,1
1530,75714,75714,1783332972026282880,1783332972026282880,1783332972026358594,1783332972026358594,1783332972026358594,1,1.000000000000,1.000000000000,1.000000000000,1
1531,74095,74095,1783332972026392379,1783332972026392379,1783332972026466474,1783332972026466474,1783332972026466474,0,1.000000000000,1.000000000000,1.000000000000,1
1532,77366,77366,1783332972026517758,1783332972026517758,1783332972026595124,1783332972026595124,1783332972026595124,3,1.000000000000,1.000000000000,1.000000000000,1
1533,75517,75517,1783332972026647257,1783332972026647257,1783332972026722774,1783332972026722774,1783332972026722774,2,1.000000000000,1.000000000000,1.000000000000,1
1534,74118,74118,1783332972026766916,1783332972026766916,1783332972026841034,1783332972026841034,1783332972026841034,3,1.000000000000,1.000000000000,1.000000000000,1
1535,73118,73118,1783332972026885276,1783332972026885276,1783332972026958394,1783332972026958394,1783332972026958394,1,1.000000000000,1.000000000000,1.000000000000,1
1536,73429,73429,1783332972026999415,1783332972026999415,1783332972027072844,1783332972027072844,1783332972027072844,3,1.000000000000,1.000000000000,1.000000000000,1
1537,74170,74170,1783332972027116664,1783332972027116664,1783332972027190834,1783332972027190834,1783332972027190834,0,1.000000000000,1.000000000000,1.000000000000,1
1538,73651,73651,1783332972027231343,1783332972027231343,1783332972027304994,1783332972027304994,1783332972027304994,3,1.000000000000,1.000000000000,1.000000000000,1
1539,75212,75212,1783332972027353632,1783332972027353632,1783332972027428844,1783332972027428844,1783332972027428844,0,1.000000000000,1.000000000000,1.000000000000,1
1540,73992,73992,1783332972027473742,1783332972027473742,1783332972027547734,1783332972027547734,1783332972027547734,3,1.000000000000,1.000000000000,1.000000000000,1
1541,74483,74483,1783332972027601431,1783332972027601431,1783332972027675914,1783332972027675914,1783332972027675914,3,1.000000000000,1.000000000000,1.000000000000,1
1542,74194,74194,1783332972027719170,1783332972027719170,1783332972027793364,1783332972027793364,1783332972027793364,3,1.000000000000,1.000000000000,1.000000000000,1
1543,85725,85725,1783332972027833689,1783332972027833689,1783332972027919414,1783332972027919414,1783332972027919414,0,1.000000000000,1.000000000000,1.000000000000,1
1544,86315,86315,1783332972027949199,1783332972027949199,1783332972028035514,1783332972028035514,1783332972028035514,2,1.000000000000,1.000000000000,1.000000000000,1
1545,75206,75206,1783332972028064738,1783332972028064738,1783332972028139944,1783332972028139944,1783332972028139944,0,1.000000000000,1.000000000000,1.000000000000,1
1546,73946,73946,1783332972028177158,1783332972028177158,1783332972028251104,1783332972028251104,1783332972028251104,1,1.000000000000,1.000000000000,1.000000000000,1
1547,76197,76197,1783332972028296707,1783332972028296707,1783332972028372904,1783332972028372904,1783332972028372904,1,1.000000000000,1.000000000000,1.000000000000,1
1548,78339,78339,1783332972028407846,1783332972028407846,1783332972028486185,1783332972028486185,1783332972028486185,1,1.000000000000,1.000000000000,1.000000000000,1
1549,76060,76060,1783332972028533235,1783332972028533235,1783332972028609295,1783332972028609295,1783332972028609295,3,1.000000000000,1.000000000000,1.000000000000,1
1550,75431,75431,1783332972028653734,1783332972028653734,1783332972028729165,1783332972028729165,1783332972028729165,1,1.000000000000,1.000000000000,1.000000000000,1
1551,74012,74012,1783332972028775883,1783332972028775883,1783332972028849895,1783332972028849895,1783332972028849895,1,1.000000000000,1.000000000000,1.000000000000,1
1552,75932,75932,1783332972028889783,1783332972028889783,1783332972028965715,1783332972028965715,1783332972028965715,0,1.000000000000,1.000000000000,1.000000000000,1
1553,74463,74463,1783332972029006922,1783332972029006922,1783332972029081385,1783332972029081385,1783332972029081385,1,1.000000000000,1.000000000000,1.000000000000,1
1554,73554,73554,1783332972029133481,1783332972029133481,1783332972029207035,1783332972029207035,1783332972029207035,3,1.000000000000,1.000000000000,1.000000000000,1
1555,73335,73335,1783332972029231910,1783332972029231910,1783332972029305245,1783332972029305245,1783332972029305245,1,1.000000000000,1.000000000000,1.000000000000,1
1556,73386,73386,1783332972029349429,1783332972029349429,1783332972029422815,1783332972029422815,1783332972029422815,2,1.000000000000,1.000000000000,1.000000000000,1
1557,76026,76026,1783332972029468069,1783332972029468069,1783332972029544095,1783332972029544095,1783332972029544095,0,1.000000000000,1.000000000000,1.000000000000,1
1558,72967,72967,1783332972029591948,1783332972029591948,1783332972029664915,1783332972029664915,1783332972029664915,2,1.000000000000,1.000000000000,1.000000000000,1
1559,77928,77928,1783332972029713157,1783332972029713157,1783332972029791085,1783332972029791085,1783332972029791085,0,1.000000000000,1.000000000000,1.000000000000,1
1560,76729,76729,1783332972029826446,1783332972029826446,1783332972029903175,1783332972029903175,1783332972029903175,1,1.000000000000,1.000000000000,1.000000000000,1
1561,73250,73250,1783332972029941785,1783332972029941785,1783332972030015035,1783332972030015035,1783332972030015035,3,1.000000000000,1.000000000000,1.000000000000,1
1562,74010,74010,1783332972030054665,1783332972030054665,1783332972030128675,1783332972030128675,1783332972030128675,2,1.000000000000,1.000000000000,1.000000000000,1
1563,73961,73961,1783332972030172404,1783332972030172404,1783332972030246365,1783332972030246365,1783332972030246365,0,1.000000000000,1.000000000000,1.000000000000,1
1564,75522,75522,1783332972030308173,1783332972030308173,1783332972030383695,1783332972030383695,1783332972030383695,0,1.000000000000,1.000000000000,1.000000000000,1
1565,80393,80393,1783332972030402542,1783332972030402542,1783332972030482935,1783332972030482935,1783332972030482935,1,1.000000000000,1.000000000000,1.000000000000,1
1566,74174,74174,1783332972030521831,1783332972030521831,1783332972030596005,1783332972030596005,1783332972030596005,1,1.000000000000,1.000000000000,1.000000000000,1
1567,74554,74554,1783332972030647371,1783332972030647371,1783332972030721925,1783332972030721925,1783332972030721925,2,1.000000000000,1.000000000000,1.000000000000,1
1568,74015,74015,1783332972030763220,1783332972030763220,1783332972030837235,1783332972030837235,1783332972030837235,3,1.000000000000,1.000000000000,1.000000000000,1
1569,74525,74525,1783332972030880510,1783332972030880510,1783332972030955035,1783332972030955035,1783332972030955035,1,1.000000000000,1.000000000000,1.000000000000,1
1570,76276,76276,1783332972030993599,1783332972030993599,1783332972031069875,1783332972031069875,1783332972031069875,2,1.000000000000,1.000000000000,1.000000000000,1
1571,77677,77677,1783332972031107218,1783332972031107218,1783332972031184895,1783332972031184895,1783332972031184895,1,1.000000000000,1.000000000000,1.000000000000,1
1572,78257,78257,1783332972031221798,1783332972031221798,1783332972031300055,1783332972031300055,1783332972031300055,3,1.000000000000,1.000000000000,1.000000000000,1
1573,75199,75199,1783332972031344037,1783332972031344037,1783332972031419236,1783332972031419236,1783332972031419236,1,1.000000000000,1.000000000000,1.000000000000,1
1574,73410,73410,1783332972031466956,1783332972031466956,1783332972031540366,1783332972031540366,1783332972031540366,1,1.000000000000,1.000000000000,1.000000000000,1
1575,74651,74651,1783332972031593695,1783332972031593695,1783332972031668346,1783332972031668346,1783332972031668346,3,1.000000000000,1.000000000000,1.000000000000,1
1576,75642,75642,1783332972031710154,1783332972031710154,1783332972031785796,1783332972031785796,1783332972031785796,0,1.000000000000,1.000000000000,1.000000000000,1
1577,80883,80883,1783332972031823303,1783332972031823303,1783332972031904186,1783332972031904186,1783332972031904186,3,1.000000000000,1.000000000000,1.000000000000,1
1578,75023,75023,1783332972031940823,1783332972031940823,1783332972032015846,1783332972032015846,1783332972032015846,2,1.000000000000,1.000000000000,1.000000000000,1
1579,73684,73684,1783332972032052162,1783332972032052162,1783332972032125846,1783332972032125846,1783332972032125846,3,1.000000000000,1.000000000000,1.000000000000,1
1580,72475,72475,1783332972032165361,1783332972032165361,1783332972032237836,1783332972032237836,1783332972032237836,1,1.000000000000,1.000000000000,1.000000000000,1
1581,74186,74186,1783332972032295560,1783332972032295560,1783332972032369746,1783332972032369746,1783332972032369746,2,1.000000000000,1.000000000000,1.000000000000,1
1582,74857,74857,1783332972032402589,1783332972032402589,1783332972032477446,1783332972032477446,1783332972032477446,2,1.000000000000,1.000000000000,1.000000000000,1
1583,75837,75837,1783332972032509699,1783332972032509699,1783332972032585536,1783332972032585536,1783332972032585536,3,1.000000000000,1.000000000000,1.000000000000,1
1584,73688,73688,1783332972032632348,1783332972032632348,1783332972032706036,1783332972032706036,1783332972032706036,2,1.000000000000,1.000000000000,1.000000000000,1
1585,73949,73949,1783332972032763797,1783332972032763797,1783332972032837746,1783332972032837746,1783332972032837746,2,1.000000000000,1.000000000000,1.000000000000,1
1586,73360,73360,1783332972032896086,1783332972032896086,1783332972032969446,1783332972032969446,1783332972032969446,1,1.000000000000,1.000000000000,1.000000000000,1
1587,75991,75991,1783332972033008405,1783332972033008405,1783332972033084396,1783332972033084396,1783332972033084396,3,1.000000000000,1.000000000000,1.000000000000,1
1588,73482,73482,1783332972033124884,1783332972033124884,1783332972033198366,1783332972033198366,1783332972033198366,0,1.000000000000,1.000000000000,1.000000000000,1
1589,73593,73593,1783332972033245493,1783332972033245493,1783332972033319086,1783332972033319086,1783332972033319086,1,1.000000000000,1.000000000000,1.000000000000,1
1590,73383,73383,1783332972033368333,1783332972033368333,1783332972033441716,1783332972033441716,1783332972033441716,1,1.000000000000,1.000000000000,1.000000000000,1
1591,74884,74884,1783332972033489002,1783332972033489002,1783332972033563886,1783332972033563886,1783332972033563886,1,1.000000000000,1.000000000000,1.000000000000,1
1592,79185,79185,1783332972033610101,1783332972033610101,1783332972033689286,1783332972033689286,1783332972033689286,3,1.000000000000,1.000000000000,1.000000000000,1
1593,74946,74946,1783332972033732140,1783332972033732140,1783332972033807086,1783332972033807086,1783332972033807086,3,1.000000000000,1.000000000000,1.000000000000,1
1594,74266,74266,1783332972033843880,1783332972033843880,1783332972033918146,1783332972033918146,1783332972033918146,1,1.000000000000,1.000000000000,1.000000000000,1
1595,73787,73787,1783332972033957749,1783332972033957749,1783332972034031536,1783332972034031536,1783332972034031536,3,1.000000000000,1.000000000000,1.000000000000,1
1596,73517,73517,1783332972034073109,1783332972034073109,1783332972034146626,1783332972034146626,1783332972034146626,2,1.000000000000,1.000000000000,1.000000000000,1
1597,74018,74018,1783332972034187388,1783332972034187388,1783332972034261406,1783332972034261406,1783332972034261406,0,1.000000000000,1.000000000000,1.000000000000,1
1598,74190,74190,1783332972034309907,1783332972034309907,1783332972034384097,1783332972034384097,1783332972034384097,1,1.000000000000,1.000000000000,1.000000000000,1
1599,77141,77141,1783332972034418996,1783332972034418996,1783332972034496137,1783332972034496137,1783332972034496137,3,1.000000000000,1.000000000000,1.000000000000,1
1600,75722,75722,1783332972034539245,1783332972034539245,1783332972034614967,1783332972034614967,1783332972034614967,1,1.000000000000,1.000000000000,1.000000000000,1
1601,75083,75083,1783332972034665734,1783332972034665734,1783332972034740817,1783332972034740817,1783332972034740817,2,1.000000000000,1.000000000000,1.000000000000,1
1602,75263,75263,1783332972034782734,1783332972034782734,1783332972034857997,1783332972034857997,1783332972034857997,1,1.000000000000,1.000000000000,1.000000000000,1
1603,74004,74004,1783332972034895803,1783332972034895803,1783332972034969807,1783332972034969807,1783332972034969807,0,1.000000000000,1.000000000000,1.000000000000,1
1604,74095,74095,1783332972035008932,1783332972035008932,1783332972035083027,1783332972035083027,1783332972035083027,0,1.000000000000,1.000000000000,1.000000000000,1
1605,74316,74316,1783332972035122281,1783332972035122281,1783332972035196597,1783332972035196597,1783332972035196597,1,1.000000000000,1.000000000000,1.000000000000,1
1606,74397,74397,1783332972035237670,1783332972035237670,1783332972035312067,1783332972035312067,1783332972035312067,1,1.000000000000,1.000000000000,1.000000000000,1
1607,75347,75347,1783332972035355570,1783332972035355570,1783332972035430917,1783332972035430917,1783332972035430917,3,1.000000000000,1.000000000000,1.000000000000,1
1608,77138,77138,1783332972035473479,1783332972035473479,1783332972035550617,1783332972035550617,1783332972035550617,0,1.000000000000,1.000000000000,1.000000000000,1
1609,73679,73679,1783332972035595448,1783332972035595448,1783332972035669127,1783332972035669127,1783332972035669127,2,1.000000000000,1.000000000000,1.000000000000,1
1610,81840,81840,1783332972035721937,1783332972035721937,1783332972035803777,1783332972035803777,1783332972035803777,2,1.000000000000,1.000000000000,1.000000000000,1
1611,73551,73551,1783332972035829286,1783332972035829286,1783332972035902837,1783332972035902837,1783332972035902837,1,1.000000000000,1.000000000000,1.000000000000,1
1612,74332,74332,1783332972035951595,1783332972035951595,1783332972036025927,1783332972036025927,1783332972036025927,1,1.000000000000,1.000000000000,1.000000000000,1
1613,74302,74302,1783332972036067675,1783332972036067675,1783332972036141977,1783332972036141977,1783332972036141977,3,1.000000000000,1.000000000000,1.000000000000,1
1614,73863,73863,1783332972036192714,1783332972036192714,1783332972036266577,1783332972036266577,1783332972036266577,3,1.000000000000,1.000000000000,1.000000000000,1
1615,75294,75294,1783332972036314103,1783332972036314103,1783332972036389397,1783332972036389397,1783332972036389397,0,1.000000000000,1.000000000000,1.000000000000,1
1616,75415,75415,1783332972036433402,1783332972036433402,1783332972036508817,1783332972036508817,1783332972036508817,3,1.000000000000,1.000000000000,1.000000000000,1
1617,77756,77756,1783332972036558081,1783332972036558081,1783332972036635837,1783332972036635837,1783332972036635837,3,1.000000000000,1.000000000000,1.000000000000,1
1618,75217,75217,1783332972036673950,1783332972036673950,1783332972036749167,1783332972036749167,1783332972036749167,0,1.000000000000,1.000000000000,1.000000000000,1
1619,75798,75798,1783332972036793419,1783332972036793419,1783332972036869217,1783332972036869217,1783332972036869217,3,1.000000000000,1.000000000000,1.000000000000,1
1620,74667,74667,1783332972036913120,1783332972036913120,1783332972036987787,1783332972036987787,1783332972036987787,2,1.000000000000,1.000000000000,1.000000000000,1
1621,74198,74198,1783332972037023069,1783332972037023069,1783332972037097267,1783332972037097267,1783332972037097267,1,1.000000000000,1.000000000000,1.000000000000,1
1622,74839,74839,1783332972037137018,1783332972037137018,1783332972037211857,1783332972037211857,1783332972037211857,1,1.000000000000,1.000000000000,1.000000000000,1
1623,75380,75380,1783332972037254697,1783332972037254697,1783332972037330077,1783332972037330077,1783332972037330077,0,1.000000000000,1.000000000000,1.000000000000,1
1624,82162,82162,1783332972037379856,1783332972037379856,1783332972037462018,1783332972037462018,1783332972037462018,3,1.000000000000,1.000000000000,1.000000000000,1
1625,76192,76192,1783332972037492226,1783332972037492226,1783332972037568418,1783332972037568418,1783332972037568418,2,1.000000000000,1.000000000000,1.000000000000,1
1626,76173,76173,1783332972037612325,1783332972037612325,1783332972037688498,1783332972037688498,1783332972037688498,3,1.000000000000,1.000000000000,1.000000000000,1
1627,79464,79464,1783332972037732444,1783332972037732444,1783332972037811908,1783332972037811908,1783332972037811908,2,1.000000000000,1.000000000000,1.000000000000,1
1628,76805,76805,1783332972037848053,1783332972037848053,1783332972037924858,1783332972037924858,1783332972037924858,1,1.000000000000,1.000000000000,1.000000000000,1
1629,73806,73806,1783332972037962732,1783332972037962732,1783332972038036538,1783332972038036538,1783332972038036538,3,1.000000000000,1.000000000000,1.000000000000,1
1630,73457,73457,1783332972038074971,1783332972038074971,1783332972038148428,1783332972038148428,1783332972038148428,1,1.000000000000,1.000000000000,1.000000000000,1
1631,73467,73467,1783332972038194231,1783332972038194231,1783332972038267698,1783332972038267698,1783332972038267698,3,1.000000000000,1.000000000000,1.000000000000,1
1632,75398,75398,1783332972038315370,1783332972038315370,1783332972038390768,1783332972038390768,1783332972038390768,0,1.000000000000,1.000000000000,1.000000000000,1
1633,76019,76019,1783332972038431069,1783332972038431069,1783332972038507088,1783332972038507088,1783332972038507088,2,1.000000000000,1.000000000000,1.000000000000,1
1634,74370,74370,1783332972038549258,1783332972038549258,1783332972038623628,1783332972038623628,1783332972038623628,2,1.000000000000,1.000000000000,1.000000000000,1
1635,75411,75411,1783332972038672627,1783332972038672627,1783332972038748038,1783332972038748038,1783332972038748038,0,1.000000000000,1.000000000000,1.000000000000,1
1636,73612,73612,1783332972038786266,1783332972038786266,1783332972038859878,1783332972038859878,1783332972038859878,3,1.000000000000,1.000000000000,1.000000000000,1
1637,77012,77012,1783332972038898326,1783332972038898326,1783332972038975338,1783332972038975338,1783332972038975338,2,1.000000000000,1.000000000000,1.000000000000,1
1638,76053,76053,1783332972039021435,1783332972039021435,1783332972039097488,1783332972039097488,1783332972039097488,0,1.000000000000,1.000000000000,1.000000000000,1
1639,74384,74384,1783332972039127844,1783332972039127844,1783332972039202228,1783332972039202228,1783332972039202228,2,1.000000000000,1.000000000000,1.000000000000,1
1640,76485,76485,1783332972039243593,1783332972039243593,1783332972039320078,1783332972039320078,1783332972039320078,3,1.000000000000,1.000000000000,1.000000000000,1
1641,74146,74146,1783332972039362362,1783332972039362362,1783332972039436508,1783332972039436508,1783332972039436508,2,1.000000000000,1.000000000000,1.000000000000,1
1642,78506,78506,1783332972039484512,1783332972039484512,1783332972039563018,1783332972039563018,1783332972039563018,3,1.000000000000,1.000000000000,1.000000000000,1
1643,81217,81217,1783332972039602941,1783332972039602941,1783332972039684158,1783332972039684158,1783332972039684158,3,1.000000000000,1.000000000000,1.000000000000,1
1644,74188,74188,1783332972039722050,1783332972039722050,1783332972039796238,1783332972039796238,1783332972039796238,1,1.000000000000,1.000000000000,1.000000000000,1
1645,90399,90399,1783332972039837389,1783332972039837389,1783332972039927788,1783332972039927788,1783332972039927788,2,1.000000000000,1.000000000000,1.000000000000,1
1646,76389,76389,1783332972039951419,1783332972039951419,1783332972040027808,1783332972040027808,1783332972040027808,0,1.000000000000,1.000000000000,1.000000000000,1
1647,76460,76460,1783332972040060478,1783332972040060478,1783332972040136938,1783332972040136938,1783332972040136938,2,1.000000000000,1.000000000000,1.000000000000,1
1648,75090,75090,1783332972040176298,1783332972040176298,1783332972040251388,1783332972040251388,1783332972040251388,2,1.000000000000,1.000000000000,1.000000000000,1
1649,78251,78251,1783332972040297747,1783332972040297747,1783332972040375998,1783332972040375998,1783332972040375998,1,1.000000000000,1.000000000000,1.000000000000,1
1650,74653,74653,1783332972040415446,1783332972040415446,1783332972040490099,1783332972040490099,1783332972040490099,1,1.000000000000,1.000000000000,1.000000000000,1
1651,74214,74214,1783332972040535475,1783332972040535475,1783332972040609689,1783332972040609689,1783332972040609689,2,1.000000000000,1.000000000000,1.000000000000,1
1652,75425,75425,1783332972040655184,1783332972040655184,1783332972040730609,1783332972040730609,1783332972040730609,2,1.000000000000,1.000000000000,1.000000000000,1
1653,76515,76515,1783332972040770264,1783332972040770264,1783332972040846779,1783332972040846779,1783332972040846779,3,1.000000000000,1.000000000000,1.000000000000,1
1654,73616,73616,1783332972040882273,1783332972040882273,1783332972040955889,1783332972040955889,1783332972040955889,0,1.000000000000,1.000000000000,1.000000000000,1
1655,77617,77617,1783332972040996182,1783332972040996182,1783332972041073799,1783332972041073799,1783332972041073799,3,1.000000000000,1.000000000000,1.000000000000,1
1656,75288,75288,1783332972041110211,1783332972041110211,1783332972041185499,1783332972041185499,1783332972041185499,1,1.000000000000,1.000000000000,1.000000000000,1
1657,76209,76209,1783332972041228750,1783332972041228750,1783332972041304959,1783332972041304959,1783332972041304959,3,1.000000000000,1.000000000000,1.000000000000,1
1658,77259,77259,1783332972041347710,1783332972041347710,1783332972041424969,1783332972041424969,1783332972041424969,2,1.000000000000,1.000000000000,1.000000000000,1
1659,75720,75720,1783332972041464199,1783332972041464199,1783332972041539919,1783332972041539919,1783332972041539919,3,1.000000000000,1.000000000000,1.000000000000,1
1660,75161,75161,1783332972041587188,1783332972041587188,1783332972041662349,1783332972041662349,1783332972041662349,3,1.000000000000,1.000000000000,1.000000000000,1
1661,75112,75112,1783332972041706017,1783332972041706017,1783332972041781129,1783332972041781129,1783332972041781129,0,1.000000000000,1.000000000000,1.000000000000,1
1662,75063,75063,1783332972041826026,1783332972041826026,1783332972041901089,1783332972041901089,1783332972041901089,2,1.000000000000,1.000000000000,1.000000000000,1
1663,72994,72994,1783332972041947465,1783332972041947465,1783332972042020459,1783332972042020459,1783332972042020459,0,1.000000000000,1.000000000000,1.000000000000,1
1664,75754,75754,1783332972042063645,1783332972042063645,1783332972042139399,1783332972042139399,1783332972042139399,0,1.000000000000,1.000000000000,1.000000000000,1
1665,73325,73325,1783332972042190564,1783332972042190564,1783332972042263889,1783332972042263889,1783332972042263889,1,1.000000000000,1.000000000000,1.000000000000,1
1666,75276,75276,1783332972042309023,1783332972042309023,1783332972042384299,1783332972042384299,1783332972042384299,1,1.000000000000,1.000000000000,1.000000000000,1
1667,75737,75737,1783332972042414562,1783332972042414562,1783332972042490299,1783332972042490299,1783332972042490299,1,1.000000000000,1.000000000000,1.000000000000,1
1668,76108,76108,1783332972042530881,1783332972042530881,1783332972042606989,1783332972042606989,1783332972042606989,0,1.000000000000,1.000000000000,1.000000000000,1
1669,75239,75239,1783332972042663850,1783332972042663850,1783332972042739089,1783332972042739089,1783332972042739089,3,1.000000000000,1.000000000000,1.000000000000,1
1670,74729,74729,1783332972042777690,1783332972042777690,1783332972042852419,1783332972042852419,1783332972042852419,2,1.000000000000,1.000000000000,1.000000000000,1
1671,79769,79769,1783332972042908750,1783332972042908750,1783332972042988519,1783332972042988519,1783332972042988519,1,1.000000000000,1.000000000000,1.000000000000,1
1672,79560,79560,1783332972043015829,1783332972043015829,1783332972043095389,1783332972043095389,1783332972043095389,3,1.000000000000,1.000000000000,1.000000000000,1
1673,75271,75271,1783332972043131298,1783332972043131298,1783332972043206569,1783332972043206569,1783332972043206569,0,1.000000000000,1.000000000000,1.000000000000,1
1674,74302,74302,1783332972043249397,1783332972043249397,1783332972043323699,1783332972043323699,1783332972043323699,2,1.000000000000,1.000000000000,1.000000000000,1
1675,75233,75233,1783332972043372807,1783332972043372807,1783332972043448040,1783332972043448040,1783332972043448040,0,1.000000000000,1.000000000000,1.000000000000,1
1676,85064,85064,1783332972043485026,1783332972043485026,1783332972043570090,1783332972043570090,1783332972043570090,2,1.000000000000,1.000000000000,1.000000000000,1
1677,78285,78285,1783332972043599155,1783332972043599155,1783332972043677440,1783332972043677440,1783332972043677440,2,1.000000000000,1.000000000000,1.000000000000,1
1678,74656,74656,1783332972043721834,1783332972043721834,1783332972043796490,1783332972043796490,1783332972043796490,2,1.000000000000,1.000000000000,1.000000000000,1
1679,83717,83717,1783332972043842353,1783332972043842353,1783332972043926070,1783332972043926070,1783332972043926070,3,1.000000000000,1.000000000000,1.000000000000,1
1680,74378,74378,1783332972043967092,1783332972043967092,1783332972044041470,1783332972044041470,1783332972044041470,2,1.000000000000,1.000000000000,1.000000000000,1
1681,74509,74509,1783332972044082962,1783332972044082962,1783332972044157471,1783332972044157471,1783332972044157471,3,1.000000000000,1.000000000000,1.000000000000,1
1682,74420,74420,1783332972044197311,1783332972044197311,1783332972044271731,1783332972044271731,1783332972044271731,1,1.000000000000,1.000000000000,1.000000000000,1
1683,77861,77861,1783332972044321750,1783332972044321750,1783332972044399611,1783332972044399611,1783332972044399611,3,1.000000000000,1.000000000000,1.000000000000,1
1684,73712,73712,1783332972044436079,1783332972044436079,1783332972044509791,1783332972044509791,1783332972044509791,1,1.000000000000,1.000000000000,1.000000000000,1
1685,75073,75073,1783332972044544788,1783332972044544788,1783332972044619861,1783332972044619861,1783332972044619861,0,1.000000000000,1.000000000000,1.000000000000,1
1686,76053,76053,1783332972044665598,1783332972044665598,1783332972044741651,1783332972044741651,1783332972044741651,3,1.000000000000,1.000000000000,1.000000000000,1
1687,76034,76034,1783332972044777917,1783332972044777917,1783332972044853951,1783332972044853951,1783332972044853951,3,1.000000000000,1.000000000000,1.000000000000,1
1688,73895,73895,1783332972044891336,1783332972044891336,1783332972044965231,1783332972044965231,1783332972044965231,3,1.000000000000,1.000000000000,1.000000000000,1
1689,73416,73416,1783332972045011785,1783332972045011785,1783332972045085201,1783332972045085201,1783332972045085201,3,1.000000000000,1.000000000000,1.000000000000,1
1690,75227,75227,1783332972045123344,1783332972045123344,1783332972045198571,1783332972045198571,1783332972045198571,2,1.000000000000,1.000000000000,1.000000000000,1
1691,73558,73558,1783332972045249533,1783332972045249533,1783332972045323091,1783332972045323091,1783332972045323091,2,1.000000000000,1.000000000000,1.000000000000,1
1692,72998,72998,1783332972045374893,1783332972045374893,1783332972045447891,1783332972045447891,1783332972045447891,2,1.000000000000,1.000000000000,1.000000000000,1
1693,75199,75199,1783332972045487382,1783332972045487382,1783332972045562581,1783332972045562581,1783332972045562581,0,1.000000000000,1.000000000000,1.000000000000,1
1694,73770,73770,1783332972045606941,1783332972045606941,1783332972045680711,1783332972045680711,1783332972045680711,1,1.000000000000,1.000000000000,1.000000000000,1
1695,73231,73231,1783332972045713490,1783332972045713490,1783332972045786721,1783332972045786721,1783332972045786721,0,1.000000000000,1.000000000000,1.000000000000,1
1696,72952,72952,1783332972045826379,1783332972045826379,1783332972045899331,1783332972045899331,1783332972045899331,0,1.000000000000,1.000000000000,1.000000000000,1
1697,75571,75571,1783332972045948060,1783332972045948060,1783332972046023631,1783332972046023631,1783332972046023631,1,1.000000000000,1.000000000000,1.000000000000,1
1698,75222,75222,1783332972046057469,1783332972046057469,1783332972046132691,1783332972046132691,1783332972046132691,1,1.000000000000,1.000000000000,1.000000000000,1
1699,74143,74143,1783332972046178178,1783332972046178178,1783332972046252321,1783332972046252321,1783332972046252321,0,1.000000000000,1.000000000000,1.000000000000,1
1700,74844,74844,1783332972046299487,1783332972046299487,1783332972046374331,1783332972046374331,1783332972046374331,3,1.000000000000,1.000000000000,1.000000000000,1
1701,73826,73826,1783332972046411316,1783332972046411316,1783332972046485142,1783332972046485142,1783332972046485142,3,1.000000000000,1.000000000000,1.000000000000,1
1702,73927,73927,1783332972046522455,1783332972046522455,1783332972046596382,1783332972046596382,1783332972046596382,3,1.000000000000,1.000000000000,1.000000000000,1
1703,74817,74817,1783332972046639535,1783332972046639535,1783332972046714352,1783332972046714352,1783332972046714352,2,1.000000000000,1.000000000000,1.000000000000,1
1704,77588,77588,1783332972046761624,1783332972046761624,1783332972046839212,1783332972046839212,1783332972046839212,2,1.000000000000,1.000000000000,1.000000000000,1
1705,73489,73489,1783332972046880713,1783332972046880713,1783332972046954202,1783332972046954202,1783332972046954202,3,1.000000000000,1.000000000000,1.000000000000,1
1706,74310,74310,1783332972046993192,1783332972046993192,1783332972047067502,1783332972047067502,1783332972047067502,0,1.000000000000,1.000000000000,1.000000000000,1
1707,74501,74501,1783332972047109421,1783332972047109421,1783332972047183922,1783332972047183922,1783332972047183922,0,1.000000000000,1.000000000000,1.000000000000,1
1708,74702,74702,1783332972047236960,1783332972047236960,1783332972047311662,1783332972047311662,1783332972047311662,2,1.000000000000,1.000000000000,1.000000000000,1
1709,86502,86502,1783332972047359360,1783332972047359360,1783332972047445862,1783332972047445862,1783332972047445862,3,1.000000000000,1.000000000000,1.000000000000,1
1710,74943,74943,1783332972047474249,1783332972047474249,1783332972047549192,1783332972047549192,1783332972047549192,2,1.000000000000,1.000000000000,1.000000000000,1
1711,77404,77404,1783332972047594588,1783332972047594588,1783332972047671992,1783332972047671992,1783332972047671992,3,1.000000000000,1.000000000000,1.000000000000,1
1712,75945,75945,1783332972047718817,1783332972047718817,1783332972047794762,1783332972047794762,1783332972047794762,1,1.000000000000,1.000000000000,1.000000000000,1
1713,85726,85726,1783332972047832936,1783332972047832936,1783332972047918662,1783332972047918662,1783332972047918662,0,1.000000000000,1.000000000000,1.000000000000,1
1714,75546,75546,1783332972047943276,1783332972047943276,1783332972048018822,1783332972048018822,1783332972048018822,3,1.000000000000,1.000000000000,1.000000000000,1
1715,75907,75907,1783332972048057275,1783332972048057275,1783332972048133182,1783332972048133182,1783332972048133182,0,1.000000000000,1.000000000000,1.000000000000,1
1716,75728,75728,1783332972048170164,1783332972048170164,1783332972048245892,1783332972048245892,1783332972048245892,0,1.000000000000,1.000000000000,1.000000000000,1
1717,76979,76979,1783332972048299923,1783332972048299923,1783332972048376902,1783332972048376902,1783332972048376902,3,1.000000000000,1.000000000000,1.000000000000,1
1718,76180,76180,1783332972048409942,1783332972048409942,1783332972048486122,1783332972048486122,1783332972048486122,0,1.000000000000,1.000000000000,1.000000000000,1
1719,76101,76101,1783332972048532291,1783332972048532291,1783332972048608392,1783332972048608392,1783332972048608392,0,1.000000000000,1.000000000000,1.000000000000,1
1720,76981,76981,1783332972048653781,1783332972048653781,1783332972048730762,1783332972048730762,1783332972048730762,1,1.000000000000,1.000000000000,1.000000000000,1
1721,75362,75362,1783332972048772250,1783332972048772250,1783332972048847612,1783332972048847612,1783332972048847612,2,1.000000000000,1.000000000000,1.000000000000,1
1722,78102,78102,1783332972048896700,1783332972048896700,1783332972048974802,1783332972048974802,1783332972048974802,0,1.000000000000,1.000000000000,1.000000000000,1
1723,76823,76823,1783332972049005999,1783332972049005999,1783332972049082822,1783332972049082822,1783332972049082822,0,1.000000000000,1.000000000000,1.000000000000,1
1724,75464,75464,1783332972049117238,1783332972049117238,1783332972049192702,1783332972049192702,1783332972049192702,1,1.000000000000,1.000000000000,1.000000000000,1
1725,75244,75244,1783332972049235188,1783332972049235188,1783332972049310432,1783332972049310432,1783332972049310432,1,1.000000000000,1.000000000000,1.000000000000,1
1726,76416,76416,1783332972049354247,1783332972049354247,1783332972049430663,1783332972049430663,1783332972049430663,1,1.000000000000,1.000000000000,1.000000000000,1
1727,75677,75677,1783332972049472586,1783332972049472586,1783332972049548263,1783332972049548263,1783332972049548263,0,1.000000000000,1.000000000000,1.000000000000,1
1728,74748,74748,1783332972049593875,1783332972049593875,1783332972049668623,1783332972049668623,1783332972049668623,1,1.000000000000,1.000000000000,1.000000000000,1
1729,74669,74669,1783332972049715214,1783332972049715214,1783332972049789883,1783332972049789883,1783332972049789883,2,1.000000000000,1.000000000000,1.000000000000,1
1730,75280,75280,1783332972049827933,1783332972049827933,1783332972049903213,1783332972049903213,1783332972049903213,3,1.000000000000,1.000000000000,1.000000000000,1
1731,73890,73890,1783332972049942203,1783332972049942203,1783332972050016093,1783332972050016093,1783332972050016093,3,1.000000000000,1.000000000000,1.000000000000,1
1732,74571,74571,1783332972050056542,1783332972050056542,1783332972050131113,1783332972050131113,1783332972050131113,3,1.000000000000,1.000000000000,1.000000000000,1
1733,75302,75302,1783332972050171281,1783332972050171281,1783332972050246583,1783332972050246583,1783332972050246583,0,1.000000000000,1.000000000000,1.000000000000,1
1734,76403,76403,1783332972050294900,1783332972050294900,1783332972050371303,1783332972050371303,1783332972050371303,2,1.000000000000,1.000000000000,1.000000000000,1
1735,76034,76034,1783332972050409209,1783332972050409209,1783332972050485243,1783332972050485243,1783332972050485243,3,1.000000000000,1.000000000000,1.000000000000,1
1736,76894,76894,1783332972050522349,1783332972050522349,1783332972050599243,1783332972050599243,1783332972050599243,2,1.000000000000,1.000000000000,1.000000000000,1
1737,75415,75415,1783332972050649978,1783332972050649978,1783332972050725393,1783332972050725393,1783332972050725393,0,1.000000000000,1.000000000000,1.000000000000,1
1738,76276,76276,1783332972050768817,1783332972050768817,1783332972050845093,1783332972050845093,1783332972050845093,1,1.000000000000,1.000000000000,1.000000000000,1
1739,79627,79627,1783332972050881746,1783332972050881746,1783332972050961373,1783332972050961373,1783332972050961373,1,1.000000000000,1.000000000000,1.000000000000,1
1740,74868,74868,1783332972050996685,1783332972050996685,1783332972051071553,1783332972051071553,1783332972051071553,2,1.000000000000,1.000000000000,1.000000000000,1
1741,75928,75928,1783332972051112965,1783332972051112965,1783332972051188893,1783332972051188893,1783332972051188893,0,1.000000000000,1.000000000000,1.000000000000,1
1742,84869,84869,1783332972051227854,1783332972051227854,1783332972051312723,1783332972051312723,1783332972051312723,2,1.000000000000,1.000000000000,1.000000000000,1
1743,75360,75360,1783332972051349793,1783332972051349793,1783332972051425153,1783332972051425153,1783332972051425153,2,1.000000000000,1.000000000000,1.000000000000,1
1744,75391,75391,1783332972051463242,1783332972051463242,1783332972051538633,1783332972051538633,1783332972051538633,3,1.000000000000,1.000000000000,1.000000000000,1
1745,74382,74382,1783332972051587011,1783332972051587011,1783332972051661393,1783332972051661393,1783332972051661393,3,1.000000000000,1.000000000000,1.000000000000,1
1746,74783,74783,1783332972051707570,1783332972051707570,1783332972051782353,1783332972051782353,1783332972051782353,2,1.000000000000,1.000000000000,1.000000000000,1
1747,73953,73953,1783332972051820080,1783332972051820080,1783332972051894033,1783332972051894033,1783332972051894033,0,1.000000000000,1.000000000000,1.000000000000,1
1748,76633,76633,1783332972051943110,1783332972051943110,1783332972052019743,1783332972052019743,1783332972052019743,0,1.000000000000,1.000000000000,1.000000000000,1
1749,74504,74504,1783332972052056139,1783332972052056139,1783332972052130643,1783332972052130643,1783332972052130643,3,1.000000000000,1.000000000000,1.000000000000,1
1750,73375,73375,1783332972052176368,1783332972052176368,1783332972052249743,1783332972052249743,1783332972052249743,2,1.000000000000,1.000000000000,1.000000000000,1
1751,75276,75276,1783332972052308797,1783332972052308797,1783332972052384073,1783332972052384073,1783332972052384073,0,1.000000000000,1.000000000000,1.000000000000,1
1752,85517,85517,1783332972052399407,1783332972052399407,1783332972052484924,1783332972052484924,1783332972052484924,1,1.000000000000,1.000000000000,1.000000000000,1
1753,74838,74838,1783332972052522786,1783332972052522786,1783332972052597624,1783332972052597624,1783332972052597624,3,1.000000000000,1.000000000000,1.000000000000,1
1754,75479,75479,1783332972052645295,1783332972052645295,1783332972052720774,1783332972052720774,1783332972052720774,0,1.000000000000,1.000000000000,1.000000000000,1
1755,77330,77330,1783332972052765004,1783332972052765004,1783332972052842334,1783332972052842334,1783332972052842334,0,1.000000000000,1.000000000000,1.000000000000,1
1756,75911,75911,1783332972052885463,1783332972052885463,1783332972052961374,1783332972052961374,1783332972052961374,3,1.000000000000,1.000000000000,1.000000000000,1
1757,73732,73732,1783332972052999812,1783332972052999812,1783332972053073544,1783332972053073544,1783332972053073544,3,1.000000000000,1.000000000000,1.000000000000,1
1758,74582,74582,1783332972053112522,1783332972053112522,1783332972053187104,1783332972053187104,1783332972053187104,0,1.000000000000,1.000000000000,1.000000000000,1
1759,74023,74023,1783332972053235761,1783332972053235761,1783332972053309784,1783332972053309784,1783332972053309784,1,1.000000000000,1.000000000000,1.000000000000,1
1760,73394,73394,1783332972053355080,1783332972053355080,1783332972053428474,1783332972053428474,1783332972053428474,2,1.000000000000,1.000000000000,1.000000000000,1
1761,74405,74405,1783332972053470829,1783332972053470829,1783332972053545234,1783332972053545234,1783332972053545234,1,1.000000000000,1.000000000000,1.000000000000,1
1762,76636,76636,1783332972053589048,1783332972053589048,1783332972053665684,1783332972053665684,1783332972053665684,3,1.000000000000,1.000000000000,1.000000000000,1
1763,74737,74737,1783332972053711787,1783332972053711787,1783332972053786524,1783332972053786524,1783332972053786524,1,1.000000000000,1.000000000000,1.000000000000,1
1764,73677,73677,1783332972053822967,1783332972053822967,1783332972053896644,1783332972053896644,1783332972053896644,0,1.000000000000,1.000000000000,1.000000000000,1
1765,74388,74388,1783332972053936826,1783332972053936826,1783332972054011214,1783332972054011214,1783332972054011214,3,1.000000000000,1.000000000000,1.000000000000,1
1766,75939,75939,1783332972054051935,1783332972054051935,1783332972054127874,1783332972054127874,1783332972054127874,0,1.000000000000,1.000000000000,1.000000000000,1
1767,78060,78060,1783332972054165594,1783332972054165594,1783332972054243654,1783332972054243654,1783332972054243654,0,1.000000000000,1.000000000000,1.000000000000,1
1768,76831,76831,1783332972054290043,1783332972054290043,1783332972054366874,1783332972054366874,1783332972054366874,0,1.000000000000,1.000000000000,1.000000000000,1
1769,74961,74961,1783332972054405543,1783332972054405543,1783332972054480504,1783332972054480504,1783332972054480504,0,1.000000000000,1.000000000000,1.000000000000,1
1770,76052,76052,1783332972054528632,1783332972054528632,1783332972054604684,1783332972054604684,1783332972054604684,3,1.000000000000,1.000000000000,1.000000000000,1
1771,76433,76433,1783332972054649891,1783332972054649891,1783332972054726324,1783332972054726324,1783332972054726324,3,1.000000000000,1.000000000000,1.000000000000,1
1772,74134,74134,1783332972054766420,1783332972054766420,1783332972054840554,1783332972054840554,1783332972054840554,1,1.000000000000,1.000000000000,1.000000000000,1
1773,74194,74194,1783332972054884700,1783332972054884700,1783332972054958894,1783332972054958894,1783332972054958894,3,1.000000000000,1.000000000000,1.000000000000,1
1774,74165,74165,1783332972055001539,1783332972055001539,1783332972055075704,1783332972055075704,1783332972055075704,3,1.000000000000,1.000000000000,1.000000000000,1
1775,81375,81375,1783332972055114939,1783332972055114939,1783332972055196314,1783332972055196314,1783332972055196314,3,1.000000000000,1.000000000000,1.000000000000,1
1776,74106,74106,1783332972055241148,1783332972055241148,1783332972055315254,1783332972055315254,1783332972055315254,1,1.000000000000,1.000000000000,1.000000000000,1
1777,78538,78538,1783332972055365947,1783332972055365947,1783332972055444485,1783332972055444485,1783332972055444485,3,1.000000000000,1.000000000000,1.000000000000,1
1778,74499,74499,1783332972055490356,1783332972055490356,1783332972055564855,1783332972055564855,1783332972055564855,3,1.000000000000,1.000000000000,1.000000000000,1
1779,73320,73320,1783332972055598095,1783332972055598095,1783332972055671415,1783332972055671415,1783332972055671415,3,1.000000000000,1.000000000000,1.000000000000,1
1780,74101,74101,1783332972055720764,1783332972055720764,1783332972055794865,1783332972055794865,1783332972055794865,2,1.000000000000,1.000000000000,1.000000000000,1
1781,82812,82812,1783332972055837243,1783332972055837243,1783332972055920055,1783332972055920055,1783332972055920055,0,1.000000000000,1.000000000000,1.000000000000,1
1782,77022,77022,1783332972055950123,1783332972055950123,1783332972056027145,1783332972056027145,1783332972056027145,1,1.000000000000,1.000000000000,1.000000000000,1
1783,74083,74083,1783332972056063792,1783332972056063792,1783332972056137875,1783332972056137875,1783332972056137875,0,1.000000000000,1.000000000000,1.000000000000,1
1784,74754,74754,1783332972056178511,1783332972056178511,1783332972056253265,1783332972056253265,1783332972056253265,2,1.000000000000,1.000000000000,1.000000000000,1
1785,76545,76545,1783332972056310500,1783332972056310500,1783332972056387045,1783332972056387045,1783332972056387045,0,1.000000000000,1.000000000000,1.000000000000,1
1786,77316,77316,1783332972056421469,1783332972056421469,1783332972056498785,1783332972056498785,1783332972056498785,2,1.000000000000,1.000000000000,1.000000000000,1
1787,76846,76846,1783332972056540939,1783332972056540939,1783332972056617785,1783332972056617785,1783332972056617785,3,1.000000000000,1.000000000000,1.000000000000,1
1788,76577,76577,1783332972056659998,1783332972056659998,1783332972056736575,1783332972056736575,1783332972056736575,1,1.000000000000,1.000000000000,1.000000000000,1
1789,74778,74778,1783332972056774557,1783332972056774557,1783332972056849335,1783332972056849335,1783332972056849335,1,1.000000000000,1.000000000000,1.000000000000,1
1790,74739,74739,1783332972056904676,1783332972056904676,1783332972056979415,1783332972056979415,1783332972056979415,3,1.000000000000,1.000000000000,1.000000000000,1
1791,74400,74400,1783332972057017505,1783332972057017505,1783332972057091905,1783332972057091905,1783332972057091905,3,1.000000000000,1.000000000000,1.000000000000,1
1792,74460,74460,1783332972057130875,1783332972057130875,1783332972057205335,1783332972057205335,1783332972057205335,2,1.000000000000,1.000000000000,1.000000000000,1
1793,73501,73501,1783332972057248474,1783332972057248474,1783332972057321975,1783332972057321975,1783332972057321975,2,1.000000000000,1.000000000000,1.000000000000,1
1794,73492,73492,1783332972057364323,1783332972057364323,1783332972057437815,1783332972057437815,1783332972057437815,3,1.000000000000,1.000000000000,1.000000000000,1
1795,77853,77853,1783332972057477572,1783332972057477572,1783332972057555425,1783332972057555425,1783332972057555425,3,1.000000000000,1.000000000000,1.000000000000,1
1796,75084,75084,1783332972057598741,1783332972057598741,1783332972057673825,1783332972057673825,1783332972057673825,1,1.000000000000,1.000000000000,1.000000000000,1
1797,74085,74085,1783332972057718100,1783332972057718100,1783332972057792185,1783332972057792185,1783332972057792185,2,1.000000000000,1.000000000000,1.000000000000,1
1798,73515,73515,1783332972057832610,1783332972057832610,1783332972057906125,1783332972057906125,1783332972057906125,3,1.000000000000,1.000000000000,1.000000000000,1
1799,72515,72515,1783332972057945640,1783332972057945640,1783332972058018155,1783332972058018155,1783332972058018155,3,1.000000000000,1.000000000000,1.000000000000,1
1800,75716,75716,1783332972058059839,1783332972058059839,1783332972058135555,1783332972058135555,1783332972058135555,3,1.000000000000,1.000000000000,1.000000000000,1
1801,73957,73957,1783332972058173308,1783332972058173308,1783332972058247265,1783332972058247265,1783332972058247265,1,1.000000000000,1.000000000000,1.000000000000,1
1802,79468,79468,1783332972058294027,1783332972058294027,1783332972058373495,1783332972058373495,1783332972058373495,1,1.000000000000,1.000000000000,1.000000000000,1
1803,77029,77029,1783332972058411497,1783332972058411497,1783332972058488526,1783332972058488526,1783332972058488526,2,1.000000000000,1.000000000000,1.000000000000,1
1804,75800,75800,1783332972058524786,1783332972058524786,1783332972058600586,1783332972058600586,1783332972058600586,0,1.000000000000,1.000000000000,1.000000000000,1
1805,76361,76361,1783332972058654245,1783332972058654245,1783332972058730606,1783332972058730606,1783332972058730606,1,1.000000000000,1.000000000000,1.000000000000,1
1806,74322,74322,1783332972058779014,1783332972058779014,1783332972058853336,1783332972058853336,1783332972058853336,2,1.000000000000,1.000000000000,1.000000000000,1
1807,75333,75333,1783332972058885393,1783332972058885393,1783332972058960726,1783332972058960726,1783332972058960726,3,1.000000000000,1.000000000000,1.000000000000,1
1808,81393,81393,1783332972059001363,1783332972059001363,1783332972059082756,1783332972059082756,1783332972059082756,2,1.000000000000,1.000000000000,1.000000000000,1
1809,74064,74064,1783332972059126062,1783332972059126062,1783332972059200126,1783332972059200126,1783332972059200126,1,1.000000000000,1.000000000000,1.000000000000,1
1810,74305,74305,1783332972059229131,1783332972059229131,1783332972059303436,1783332972059303436,1783332972059303436,3,1.000000000000,1.000000000000,1.000000000000,1
1811,73066,73066,1783332972059344180,1783332972059344180,1783332972059417246,1783332972059417246,1783332972059417246,3,1.000000000000,1.000000000000,1.000000000000,1
1812,76907,76907,1783332972059459839,1783332972059459839,1783332972059536746,1783332972059536746,1783332972059536746,2,1.000000000000,1.000000000000,1.000000000000,1
1813,74607,74607,1783332972059579219,1783332972059579219,1783332972059653826,1783332972059653826,1783332972059653826,3,1.000000000000,1.000000000000,1.000000000000,1
1814,73188,73188,1783332972059700368,1783332972059700368,1783332972059773556,1783332972059773556,1783332972059773556,2,1.000000000000,1.000000000000,1.000000000000,1
1815,73309,73309,1783332972059821847,1783332972059821847,1783332972059895156,1783332972059895156,1783332972059895156,2,1.000000000000,1.000000000000,1.000000000000,1
1816,77060,77060,1783332972059946746,1783332972059946746,1783332972060023806,1783332972060023806,1783332972060023806,3,1.000000000000,1.000000000000,1.000000000000,1
1817,73131,73131,1783332972060065375,1783332972060065375,1783332972060138506,1783332972060138506,1783332972060138506,1,1.000000000000,1.000000000000,1.000000000000,1
1818,74022,74022,1783332972060177004,1783332972060177004,1783332972060251026,1783332972060251026,1783332972060251026,2,1.000000000000,1.000000000000,1.000000000000,1
1819,74752,74752,1783332972060297664,1783332972060297664,1783332972060372416,1783332972060372416,1783332972060372416,0,1.000000000000,1.000000000000,1.000000000000,1
1820,74473,74473,1783332972060409323,1783332972060409323,1783332972060483796,1783332972060483796,1783332972060483796,3,1.000000000000,1.000000000000,1.000000000000,1
1821,73714,73714,1783332972060521892,1783332972060521892,1783332972060595606,1783332972060595606,1783332972060595606,1,1.000000000000,1.000000000000,1.000000000000,1
1822,74255,74255,1783332972060645501,1783332972060645501,1783332972060719756,1783332972060719756,1783332972060719756,0,1.000000000000,1.000000000000,1.000000000000,1
1823,77976,77976,1783332972060766690,1783332972060766690,1783332972060844666,1783332972060844666,1783332972060844666,1,1.000000000000,1.000000000000,1.000000000000,1
1824,76116,76116,1783332972060884480,1783332972060884480,1783332972060960596,1783332972060960596,1783332972060960596,1,1.000000000000,1.000000000000,1.000000000000,1
1825,74666,74666,1783332972061008690,1783332972061008690,1783332972061083356,1783332972061083356,1783332972061083356,0,1.000000000000,1.000000000000,1.000000000000,1
1826,73787,73787,1783332972061120949,1783332972061120949,1783332972061194736,1783332972061194736,1783332972061194736,1,1.000000000000,1.000000000000,1.000000000000,1
1827,78698,78698,1783332972061236678,1783332972061236678,1783332972061315376,1783332972061315376,1783332972061315376,1,1.000000000000,1.000000000000,1.000000000000,1
1828,75400,75400,1783332972061351427,1783332972061351427,1783332972061426827,1783332972061426827,1783332972061426827,3,1.000000000000,1.000000000000,1.000000000000,1
1829,73581,73581,1783332972061463406,1783332972061463406,1783332972061536987,1783332972061536987,1783332972061536987,2,1.000000000000,1.000000000000,1.000000000000,1
1830,72731,72731,1783332972061578286,1783332972061578286,1783332972061651017,1783332972061651017,1783332972061651017,3,1.000000000000,1.000000000000,1.000000000000,1
1831,77092,77092,1783332972061704435,1783332972061704435,1783332972061781527,1783332972061781527,1783332972061781527,0,1.000000000000,1.000000000000,1.000000000000,1
1832,76493,76493,1783332972061818484,1783332972061818484,1783332972061894977,1783332972061894977,1783332972061894977,3,1.000000000000,1.000000000000,1.000000000000,1
1833,74264,74264,1783332972061934253,1783332972061934253,1783332972062008517,1783332972062008517,1783332972062008517,3,1.000000000000,1.000000000000,1.000000000000,1
1834,74935,74935,1783332972062065582,1783332972062065582,1783332972062140517,1783332972062140517,1783332972062140517,2,1.000000000000,1.000000000000,1.000000000000,1
1835,74686,74686,1783332972062169701,1783332972062169701,1783332972062244387,1783332972062244387,1783332972062244387,2,1.000000000000,1.000000000000,1.000000000000,1
1836,73216,73216,1783332972062289961,1783332972062289961,1783332972062363177,1783332972062363177,1783332972062363177,1,1.000000000000,1.000000000000,1.000000000000,1
1837,77817,77817,1783332972062398850,1783332972062398850,1783332972062476667,1783332972062476667,1783332972062476667,2,1.000000000000,1.000000000000,1.000000000000,1
1838,74168,74168,1783332972062515559,1783332972062515559,1783332972062589727,1783332972062589727,1783332972062589727,0,1.000000000000,1.000000000000,1.000000000000,1
1839,75709,75709,1783332972062637088,1783332972062637088,1783332972062712797,1783332972062712797,1783332972062712797,1,1.000000000000,1.000000000000,1.000000000000,1
1840,74040,74040,1783332972062758617,1783332972062758617,1783332972062832657,1783332972062832657,1783332972062832657,3,1.000000000000,1.000000000000,1.000000000000,1
1841,82741,82741,1783332972062882166,1783332972062882166,1783332972062964907,1783332972062964907,1783332972062964907,1,1.000000000000,1.000000000000,1.000000000000,1
1842,75841,75841,1783332972062999216,1783332972062999216,1783332972063075057,1783332972063075057,1783332972063075057,0,1.000000000000,1.000000000000,1.000000000000,1
1843,73802,73802,1783332972063117345,1783332972063117345,1783332972063191147,1783332972063191147,1783332972063191147,1,1.000000000000,1.000000000000,1.000000000000,1
1844,73913,73913,1783332972063232444,1783332972063232444,1783332972063306357,1783332972063306357,1783332972063306357,2,1.000000000000,1.000000000000,1.000000000000,1
1845,75614,75614,1783332972063360233,1783332972063360233,1783332972063435847,1783332972063435847,1783332972063435847,2,1.000000000000,1.000000000000,1.000000000000,1
1846,74345,74345,1783332972063477112,1783332972063477112,1783332972063551457,1783332972063551457,1783332972063551457,2,1.000000000000,1.000000000000,1.000000000000,1
1847,76416,76416,1783332972063597791,1783332972063597791,1783332972063674207,1783332972063674207,1783332972063674207,3,1.000000000000,1.000000000000,1.000000000000,1
1848,75287,75287,1783332972063718480,1783332972063718480,1783332972063793767,1783332972063793767,1783332972063793767,3,1.000000000000,1.000000000000,1.000000000000,1
1849,83397,83397,1783332972063837980,1783332972063837980,1783332972063921377,1783332972063921377,1783332972063921377,0,1.000000000000,1.000000000000,1.000000000000,1
1850,76567,76567,1783332972063951170,1783332972063951170,1783332972064027737,1783332972064027737,1783332972064027737,0,1.000000000000,1.000000000000,1.000000000000,1
1851,79258,79258,1783332972064066069,1783332972064066069,1783332972064145327,1783332972064145327,1783332972064145327,1,1.000000000000,1.000000000000,1.000000000000,1
1852,75379,75379,1783332972064179268,1783332972064179268,1783332972064254647,1783332972064254647,1783332972064254647,2,1.000000000000,1.000000000000,1.000000000000,1
1853,75160,75160,1783332972064303887,1783332972064303887,1783332972064379047,1783332972064379047,1783332972064379047,2,1.000000000000,1.000000000000,1.000000000000,1
1854,76381,76381,1783332972064411197,1783332972064411197,1783332972064487578,1783332972064487578,1783332972064487578,1,1.000000000000,1.000000000000,1.000000000000,1
1855,74802,74802,1783332972064528866,1783332972064528866,1783332972064603668,1783332972064603668,1783332972064603668,3,1.000000000000,1.000000000000,1.000000000000,1
1856,76103,76103,1783332972064670905,1783332972064670905,1783332972064747008,1783332972064747008,1783332972064747008,1,1.000000000000,1.000000000000,1.000000000000,1
1857,74644,74644,1783332972064788984,1783332972064788984,1783332972064863628,1783332972064863628,1783332972064863628,0,1.000000000000,1.000000000000,1.000000000000,1
1858,73755,73755,1783332972064900143,1783332972064900143,1783332972064973898,1783332972064973898,1783332972064973898,1,1.000000000000,1.000000000000,1.000000000000,1
1859,75246,75246,1783332972065015132,1783332972065015132,1783332972065090378,1783332972065090378,1783332972065090378,1,1.000000000000,1.000000000000,1.000000000000,1
1860,74856,74856,1783332972065132792,1783332972065132792,1783332972065207648,1783332972065207648,1783332972065207648,3,1.000000000000,1.000000000000,1.000000000000,1
1861,74767,74767,1783332972065242751,1783332972065242751,1783332972065317518,1783332972065317518,1783332972065317518,3,1.000000000000,1.000000000000,1.000000000000,1
1862,73638,73638,1783332972065366920,1783332972065366920,1783332972065440558,1783332972065440558,1783332972065440558,3,1.000000000000,1.000000000000,1.000000000000,1
1863,75039,75039,1783332972065471979,1783332972065471979,1783332972065547018,1783332972065547018,1783332972065547018,0,1.000000000000,1.000000000000,1.000000000000,1
1864,77530,77530,1783332972065595828,1783332972065595828,1783332972065673358,1783332972065673358,1783332972065673358,0,1.000000000000,1.000000000000,1.000000000000,1
1865,72371,72371,1783332972065714727,1783332972065714727,1783332972065787098,1783332972065787098,1783332972065787098,2,1.000000000000,1.000000000000,1.000000000000,1
1866,73511,73511,1783332972065827997,1783332972065827997,1783332972065901508,1783332972065901508,1783332972065901508,3,1.000000000000,1.000000000000,1.000000000000,1
1867,77632,77632,1783332972065944316,1783332972065944316,1783332972066021948,1783332972066021948,1783332972066021948,2,1.000000000000,1.000000000000,1.000000000000,1
1868,74253,74253,1783332972066057625,1783332972066057625,1783332972066131878,1783332972066131878,1783332972066131878,2,1.000000000000,1.000000000000,1.000000000000,1
1869,72664,72664,1783332972066172164,1783332972066172164,1783332972066244828,1783332972066244828,1783332972066244828,2,1.000000000000,1.000000000000,1.000000000000,1
1870,74185,74185,1783332972066293463,1783332972066293463,1783332972066367648,1783332972066367648,1783332972066367648,2,1.000000000000,1.000000000000,1.000000000000,1
1871,75475,75475,1783332972066411533,1783332972066411533,1783332972066487008,1783332972066487008,1783332972066487008,2,1.000000000000,1.000000000000,1.000000000000,1
1872,75646,75646,1783332972066537032,1783332972066537032,1783332972066612678,1783332972066612678,1783332972066612678,0,1.000000000000,1.000000000000,1.000000000000,1
1873,74327,74327,1783332972066654531,1783332972066654531,1783332972066728858,1783332972066728858,1783332972066728858,3,1.000000000000,1.000000000000,1.000000000000,1
1874,80088,80088,1783332972066769720,1783332972066769720,1783332972066849808,1783332972066849808,1783332972066849808,1,1.000000000000,1.000000000000,1.000000000000,1
1875,74788,74788,1783332972066884980,1783332972066884980,1783332972066959768,1783332972066959768,1783332972066959768,1,1.000000000000,1.000000000000,1.000000000000,1
1876,74099,74099,1783332972066999369,1783332972066999369,1783332972067073468,1783332972067073468,1783332972067073468,2,1.000000000000,1.000000000000,1.000000000000,1
1877,74409,74409,1783332972067112919,1783332972067112919,1783332972067187328,1783332972067187328,1783332972067187328,3,1.000000000000,1.000000000000,1.000000000000,1
1878,73760,73760,1783332972067231328,1783332972067231328,1783332972067305088,1783332972067305088,1783332972067305088,3,1.000000000000,1.000000000000,1.000000000000,1
1879,76982,76982,1783332972067348987,1783332972067348987,1783332972067425969,1783332972067425969,1783332972067425969,2,1.000000000000,1.000000000000,1.000000000000,1
1880,74653,74653,1783332972067464136,1783332972067464136,1783332972067538789,1783332972067538789,1783332972067538789,2,1.000000000000,1.000000000000,1.000000000000,1
1881,73554,73554,1783332972067577715,1783332972067577715,1783332972067651269,1783332972067651269,1783332972067651269,0,1.000000000000,1.000000000000,1.000000000000,1
1882,76434,76434,1783332972067694855,1783332972067694855,1783332972067771289,1783332972067771289,1783332972067771289,1,1.000000000000,1.000000000000,1.000000000000,1
1883,74225,74225,1783332972067806904,1783332972067806904,1783332972067881129,1783332972067881129,1783332972067881129,3,1.000000000000,1.000000000000,1.000000000000,1
1884,73626,73626,1783332972067922673,1783332972067922673,1783332972067996299,1783332972067996299,1783332972067996299,2,1.000000000000,1.000000000000,1.000000000000,1
1885,73227,73227,1783332972068034912,1783332972068034912,1783332972068108139,1783332972068108139,1783332972068108139,1,1.000000000000,1.000000000000,1.000000000000,1
1886,73328,73328,1783332972068151641,1783332972068151641,1783332972068224969,1783332972068224969,1783332972068224969,2,1.000000000000,1.000000000000,1.000000000000,1
1887,84278,84278,1783332972068265331,1783332972068265331,1783332972068349609,1783332972068349609,1783332972068349609,2,1.000000000000,1.000000000000,1.000000000000,1
1888,77549,77549,1783332972068388520,1783332972068388520,1783332972068466069,1783332972068466069,1783332972068466069,0,1.000000000000,1.000000000000,1.000000000000,1
1889,73771,73771,1783332972068507169,1783332972068507169,1783332972068580940,1783332972068580940,1783332972068580940,1,1.000000000000,1.000000000000,1.000000000000,1
1890,73672,73672,1783332972068630028,1783332972068630028,1783332972068703700,1783332972068703700,1783332972068703700,3,1.000000000000,1.000000000000,1.000000000000,1
1891,73303,73303,1783332972068737667,1783332972068737667,1783332972068810970,1783332972068810970,1783332972068810970,0,1.000000000000,1.000000000000,1.000000000000,1
1892,74324,74324,1783332972068863176,1783332972068863176,1783332972068937500,1783332972068937500,1783332972068937500,0,1.000000000000,1.000000000000,1.000000000000,1
1893,73724,73724,1783332972068985016,1783332972068985016,1783332972069058740,1783332972069058740,1783332972069058740,3,1.000000000000,1.000000000000,1.000000000000,1
1894,73405,73405,1783332972069097365,1783332972069097365,1783332972069170770,1783332972069170770,1783332972069170770,0,1.000000000000,1.000000000000,1.000000000000,1
1895,73086,73086,1783332972069211764,1783332972069211764,1783332972069284850,1783332972069284850,1783332972069284850,1,1.000000000000,1.000000000000,1.000000000000,1
1896,78987,78987,1783332972069334663,1783332972069334663,1783332972069413650,1783332972069413650,1783332972069413650,3,1.000000000000,1.000000000000,1.000000000000,1
1897,74098,74098,1783332972069455132,1783332972069455132,1783332972069529230,1783332972069529230,1783332972069529230,2,1.000000000000,1.000000000000,1.000000000000,1
1898,75718,75718,1783332972069575292,1783332972069575292,1783332972069651010,1783332972069651010,1783332972069651010,0,1.000000000000,1.000000000000,1.000000000000,1
1899,76499,76499,1783332972069698441,1783332972069698441,1783332972069774940,1783332972069774940,1783332972069774940,2,1.000000000000,1.000000000000,1.000000000000,1
1900,74530,74530,1783332972069820930,1783332972069820930,1783332972069895460,1783332972069895460,1783332972069895460,0,1.000000000000,1.000000000000,1.000000000000,1
1901,79520,79520,1783332972069935400,1783332972069935400,1783332972070014920,1783332972070014920,1783332972070014920,3,1.000000000000,1.000000000000,1.000000000000,1
1902,74191,74191,1783332972070047559,1783332972070047559,1783332972070121750,1783332972070121750,1783332972070121750,1,1.000000000000,1.000000000000,1.000000000000,1
1903,72942,72942,1783332972070161788,1783332972070161788,1783332972070234730,1783332972070234730,1783332972070234730,2,1.000000000000,1.000000000000,1.000000000000,1
1904,74482,74482,1783332972070284488,1783332972070284488,1783332972070358970,1783332972070358970,1783332972070358970,0,1.000000000000,1.000000000000,1.000000000000,1
1905,81064,81064,1783332972070396637,1783332972070396637,1783332972070477701,1783332972070477701,1783332972070477701,0,1.000000000000,1.000000000000,1.000000000000,1
1906,75525,75525,1783332972070506446,1783332972070506446,1783332972070581971,1783332972070581971,1783332972070581971,1,1.000000000000,1.000000000000,1.000000000000,1
1907,92446,92446,1783332972070625815,1783332972070625815,1783332972070718261,1783332972070718261,1783332972070718261,0,1.000000000000,1.000000000000,1.000000000000,1
1908,75297,75297,1783332972070747714,1783332972070747714,1783332972070823011,1783332972070823011,1783332972070823011,0,1.000000000000,1.000000000000,1.000000000000,1
1909,74587,74587,1783332972070862704,1783332972070862704,1783332972070937291,1783332972070937291,1783332972070937291,1,1.000000000000,1.000000000000,1.000000000000,1
1910,73778,73778,1783332972070979333,1783332972070979333,1783332972071053111,1783332972071053111,1783332972071053111,2,1.000000000000,1.000000000000,1.000000000000,1
1911,73689,73689,1783332972071094792,1783332972071094792,1783332972071168481,1783332972071168481,1783332972071168481,3,1.000000000000,1.000000000000,1.000000000000,1
1912,74730,74730,1783332972071205861,1783332972071205861,1783332972071280591,1783332972071280591,1783332972071280591,1,1.000000000000,1.000000000000,1.000000000000,1
1913,74201,74201,1783332972071323020,1783332972071323020,1783332972071397221,1783332972071397221,1783332972071397221,1,1.000000000000,1.000000000000,1.000000000000,1
1914,75801,75801,1783332972071437020,1783332972071437020,1783332972071512821,1783332972071512821,1783332972071512821,3,1.000000000000,1.000000000000,1.000000000000,1
1915,74822,74822,1783332972071561349,1783332972071561349,1783332972071636171,1783332972071636171,1783332972071636171,0,1.000000000000,1.000000000000,1.000000000000,1
1916,74953,74953,1783332972071679948,1783332972071679948,1783332972071754901,1783332972071754901,1783332972071754901,0,1.000000000000,1.000000000000,1.000000000000,1
1917,75224,75224,1783332972071799537,1783332972071799537,1783332972071874761,1783332972071874761,1783332972071874761,1,1.000000000000,1.000000000000,1.000000000000,1
1918,78215,78215,1783332972071926396,1783332972071926396,1783332972072004611,1783332972072004611,1783332972072004611,1,1.000000000000,1.000000000000,1.000000000000,1
1919,74226,74226,1783332972072031815,1783332972072031815,1783332972072106041,1783332972072106041,1783332972072106041,0,1.000000000000,1.000000000000,1.000000000000,1
1920,74196,74196,1783332972072144275,1783332972072144275,1783332972072218471,1783332972072218471,1783332972072218471,3,1.000000000000,1.000000000000,1.000000000000,1
1921,76687,76687,1783332972072260814,1783332972072260814,1783332972072337501,1783332972072337501,1783332972072337501,0,1.000000000000,1.000000000000,1.000000000000,1
1922,78858,78858,1783332972072379353,1783332972072379353,1783332972072458211,1783332972072458211,1783332972072458211,3,1.000000000000,1.000000000000,1.000000000000,1
1923,74309,74309,1783332972072497272,1783332972072497272,1783332972072571581,1783332972072571581,1783332972072571581,0,1.000000000000,1.000000000000,1.000000000000,1
1924,72940,72940,1783332972072617731,1783332972072617731,1783332972072690671,1783332972072690671,1783332972072690671,1,1.000000000000,1.000000000000,1.000000000000,1
1925,73150,73150,1783332972072737301,1783332972072737301,1783332972072810451,1783332972072810451,1783332972072810451,2,1.000000000000,1.000000000000,1.000000000000,1
1926,73900,73900,1783332972072856531,1783332972072856531,1783332972072930431,1783332972072930431,1783332972072930431,1,1.000000000000,1.000000000000,1.000000000000,1
1927,73461,73461,1783332972072969060,1783332972072969060,1783332972073042521,1783332972073042521,1783332972073042521,3,1.000000000000,1.000000000000,1.000000000000,1
1928,75942,75942,1783332972073083469,1783332972073083469,1783332972073159411,1783332972073159411,1783332972073159411,2,1.000000000000,1.000000000000,1.000000000000,1
1929,74613,74613,1783332972073196978,1783332972073196978,1783332972073271591,1783332972073271591,1783332972073271591,3,1.000000000000,1.000000000000,1.000000000000,1
1930,75645,75645,1783332972073314137,1783332972073314137,1783332972073389782,1783332972073389782,1783332972073389782,3,1.000000000000,1.000000000000,1.000000000000,1
1931,75725,75725,1783332972073429667,1783332972073429667,1783332972073505392,1783332972073505392,1783332972073505392,2,1.000000000000,1.000000000000,1.000000000000,1
1932,78276,78276,1783332972073552456,1783332972073552456,1783332972073630732,1783332972073630732,1783332972073630732,3,1.000000000000,1.000000000000,1.000000000000,1
1933,75067,75067,1783332972073676375,1783332972073676375,1783332972073751442,1783332972073751442,1783332972073751442,1,1.000000000000,1.000000000000,1.000000000000,1
1934,73738,73738,1783332972073795954,1783332972073795954,1783332972073869692,1783332972073869692,1783332972073869692,0,1.000000000000,1.000000000000,1.000000000000,1
1935,77849,77849,1783332972073926463,1783332972073926463,1783332972074004312,1783332972074004312,1783332972074004312,3,1.000000000000,1.000000000000,1.000000000000,1
1936,73850,73850,1783332972074041222,1783332972074041222,1783332972074115072,1783332972074115072,1783332972074115072,2,1.000000000000,1.000000000000,1.000000000000,1
1937,76260,76260,1783332972074158762,1783332972074158762,1783332972074235022,1783332972074235022,1783332972074235022,1,1.000000000000,1.000000000000,1.000000000000,1
1938,97061,97061,1783332972074270781,1783332972074270781,1783332972074367842,1783332972074367842,1783332972074367842,1,1.000000000000,1.000000000000,1.000000000000,1
1939,83392,83392,1783332972074383650,1783332972074383650,1783332972074467042,1783332972074467042,1783332972074467042,2,1.000000000000,1.000000000000,1.000000000000,1
1940,83093,83093,1783332972074507749,1783332972074507749,1783332972074590842,1783332972074590842,1783332972074590842,3,1.000000000000,1.000000000000,1.000000000000,1
1941,75024,75024,1783332972074629108,1783332972074629108,1783332972074704132,1783332972074704132,1783332972074704132,0,1.000000000000,1.000000000000,1.000000000000,1
1942,74155,74155,1783332972074746447,1783332972074746447,1783332972074820602,1783332972074820602,1783332972074820602,1,1.000000000000,1.000000000000,1.000000000000,1
1943,75385,75385,1783332972074869417,1783332972074869417,1783332972074944802,1783332972074944802,1783332972074944802,1,1.000000000000,1.000000000000,1.000000000000,1
1944,75216,75216,1783332972074986076,1783332972074986076,1783332972075061292,1783332972075061292,1783332972075061292,3,1.000000000000,1.000000000000,1.000000000000,1
1945,73887,73887,1783332972075105135,1783332972075105135,1783332972075179022,1783332972075179022,1783332972075179022,1,1.000000000000,1.000000000000,1.000000000000,1
1946,74288,74288,1783332972075220124,1783332972075220124,1783332972075294412,1783332972075294412,1783332972075294412,2,1.000000000000,1.000000000000,1.000000000000,1
1947,75389,75389,1783332972075329563,1783332972075329563,1783332972075404952,1783332972075404952,1783332972075404952,1,1.000000000000,1.000000000000,1.000000000000,1
1948,74640,74640,1783332972075452722,1783332972075452722,1783332972075527362,1783332972075527362,1783332972075527362,0,1.000000000000,1.000000000000,1.000000000000,1
1949,73750,73750,1783332972075566142,1783332972075566142,1783332972075639892,1783332972075639892,1783332972075639892,2,1.000000000000,1.000000000000,1.000000000000,1
1950,73821,73821,1783332972075686161,1783332972075686161,1783332972075759982,1783332972075759982,1783332972075759982,1,1.000000000000,1.000000000000,1.000000000000,1
1951,74002,74002,1783332972075801210,1783332972075801210,1783332972075875212,1783332972075875212,1783332972075875212,0,1.000000000000,1.000000000000,1.000000000000,1
1952,77872,77872,1783332972075916900,1783332972075916900,1783332972075994772,1783332972075994772,1783332972075994772,2,1.000000000000,1.000000000000,1.000000000000,1
1953,73703,73703,1783332972076032589,1783332972076032589,1783332972076106292,1783332972076106292,1783332972076106292,3,1.000000000000,1.000000000000,1.000000000000,1
1954,72763,72763,1783332972076143749,1783332972076143749,1783332972076216512,1783332972076216512,1783332972076216512,0,1.000000000000,1.000000000000,1.000000000000,1
1955,76374,76374,1783332972076259868,1783332972076259868,1783332972076336242,1783332972076336242,1783332972076336242,2,1.000000000000,1.000000000000,1.000000000000,1
1956,73036,73036,1783332972076376397,1783332972076376397,1783332972076449433,1783332972076449433,1783332972076449433,0,1.000000000000,1.000000000000,1.000000000000,1
1957,73657,73657,1783332972076495926,1783332972076495926,1783332972076569583,1783332972076569583,1783332972076569583,2,1.000000000000,1.000000000000,1.000000000000,1
1958,73798,73798,1783332972076615515,1783332972076615515,1783332972076689313,1783332972076689313,1783332972076689313,3,1.000000000000,1.000000000000,1.000000000000,1
1959,73809,73809,1783332972076738724,1783332972076738724,1783332972076812533,1783332972076812533,1783332972076812533,0,1.000000000000,1.000000000000,1.000000000000,1
1960,76379,76379,1783332972076851974,1783332972076851974,1783332972076928353,1783332972076928353,1783332972076928353,2,1.000000000000,1.000000000000,1.000000000000,1
1961,72830,72830,1783332972076966203,1783332972076966203,1783332972077039033,1783332972077039033,1783332972077039033,3,1.000000000000,1.000000000000,1.000000000000,1
1962,74631,74631,1783332972077082582,1783332972077082582,1783332972077157213,1783332972077157213,1783332972077157213,0,1.000000000000,1.000000000000,1.000000000000,1
1963,78272,78272,1783332972077195581,1783332972077195581,1783332972077273853,1783332972077273853,1783332972077273853,0,1.000000000000,1.000000000000,1.000000000000,1
1964,75372,75372,1783332972077312951,1783332972077312951,1783332972077388323,1783332972077388323,1783332972077388323,0,1.000000000000,1.000000000000,1.000000000000,1
1965,74743,74743,1783332972077424820,1783332972077424820,1783332972077499563,1783332972077499563,1783332972077499563,3,1.000000000000,1.000000000000,1.000000000000,1
1966,75394,75394,1783332972077548989,1783332972077548989,1783332972077624383,1783332972077624383,1783332972077624383,2,1.000000000000,1.000000000000,1.000000000000,1
1967,75155,75155,1783332972077669238,1783332972077669238,1783332972077744393,1783332972077744393,1783332972077744393,3,1.000000000000,1.000000000000,1.000000000000,1
1968,75386,75386,1783332972077789957,1783332972077789957,1783332972077865343,1783332972077865343,1783332972077865343,2,1.000000000000,1.000000000000,1.000000000000,1
1969,74697,74697,1783332972077909036,1783332972077909036,1783332972077983733,1783332972077983733,1783332972077983733,1,1.000000000000,1.000000000000,1.000000000000,1
1970,74887,74887,1783332972078025246,1783332972078025246,1783332972078100133,1783332972078100133,1783332972078100133,0,1.000000000000,1.000000000000,1.000000000000,1
1971,74688,74688,1783332972078135505,1783332972078135505,1783332972078210193,1783332972078210193,1783332972078210193,0,1.000000000000,1.000000000000,1.000000000000,1
1972,75759,75759,1783332972078250414,1783332972078250414,1783332972078326173,1783332972078326173,1783332972078326173,0,1.000000000000,1.000000000000,1.000000000000,1
1973,88990,88990,1783332972078372143,1783332972078372143,1783332972078461133,1783332972078461133,1783332972078461133,0,1.000000000000,1.000000000000,1.000000000000,1
1974,75611,75611,1783332972078494222,1783332972078494222,1783332972078569833,1783332972078569833,1783332972078569833,2,1.000000000000,1.000000000000,1.000000000000,1
1975,72691,72691,1783332972078601192,1783332972078601192,1783332972078673883,1783332972078673883,1783332972078673883,1,1.000000000000,1.000000000000,1.000000000000,1
1976,74232,74232,1783332972078721071,1783332972078721071,1783332972078795303,1783332972078795303,1783332972078795303,1,1.000000000000,1.000000000000,1.000000000000,1
1977,73823,73823,1783332972078841080,1783332972078841080,1783332972078914903,1783332972078914903,1783332972078914903,0,1.000000000000,1.000000000000,1.000000000000,1
1978,74263,74263,1783332972078953910,1783332972078953910,1783332972079028173,1783332972079028173,1783332972079028173,0,1.000000000000,1.000000000000,1.000000000000,1
1979,74704,74704,1783332972079068449,1783332972079068449,1783332972079143153,1783332972079143153,1783332972079143153,3,1.000000000000,1.000000000000,1.000000000000,1
1980,73084,73084,1783332972079182249,1783332972079182249,1783332972079255333,1783332972079255333,1783332972079255333,2,1.000000000000,1.000000000000,1.000000000000,1
1981,73615,73615,1783332972079304248,1783332972079304248,1783332972079377863,1783332972079377863,1783332972079377863,2,1.000000000000,1.000000000000,1.000000000000,1
1982,74827,74827,1783332972079421867,1783332972079421867,1783332972079496694,1783332972079496694,1783332972079496694,0,1.000000000000,1.000000000000,1.000000000000,1
1983,73858,73858,1783332972079541056,1783332972079541056,1783332972079614914,1783332972079614914,1783332972079614914,0,1.000000000000,1.000000000000,1.000000000000,1
1984,73909,73909,1783332972079662835,1783332972079662835,1783332972079736744,1783332972079736744,1783332972079736744,0,1.000000000000,1.000000000000,1.000000000000,1
1985,74360,74360,1783332972079778194,1783332972079778194,1783332972079852554,1783332972079852554,1783332972079852554,0,1.000000000000,1.000000000000,1.000000000000,1
1986,75000,75000,1783332972079893064,1783332972079893064,1783332972079968064,1783332972079968064,1783332972079968064,0,1.000000000000,1.000000000000,1.000000000000,1
1987,76611,76611,1783332972080006033,1783332972080006033,1783332972080082644,1783332972080082644,1783332972080082644,0,1.000000000000,1.000000000000,1.000000000000,1
1988,74502,74502,1783332972080122122,1783332972080122122,1783332972080196624,1783332972080196624,1783332972080196624,1,1.000000000000,1.000000000000,1.000000000000,1
1989,74343,74343,1783332972080233591,1783332972080233591,1783332972080307934,1783332972080307934,1783332972080307934,0,1.000000000000,1.000000000000,1.000000000000,1
1990,73854,73854,1783332972080350910,1783332972080350910,1783332972080424764,1783332972080424764,1783332972080424764,0,1.000000000000,1.000000000000,1.000000000000,1
1991,77764,77764,1783332972080470800,1783332972080470800,1783332972080548564,1783332972080548564,1783332972080548564,1,1.000000000000,1.000000000000,1.000000000000,1
1992,79125,79125,1783332972080593639,1783332972080593639,1783332972080672764,1783332972080672764,1783332972080672764,1,1.000000000000,1.000000000000,1.000000000000,1
1993,74926,74926,1783332972080712998,1783332972080712998,1783332972080787924,1783332972080787924,1783332972080787924,2,1.000000000000,1.000000000000,1.000000000000,1
1994,76647,76647,1783332972080832377,1783332972080832377,1783332972080909024,1783332972080909024,1783332972080909024,1,1.000000000000,1.000000000000,1.000000000000,1
1995,74668,74668,1783332972080966716,1783332972080966716,1783332972081041384,1783332972081041384,1783332972081041384,1,1.000000000000,1.000000000000,1.000000000000,1
1996,73899,73899,1783332972081084415,1783332972081084415,1783332972081158314,1783332972081158314,1783332972081158314,2,1.000000000000,1.000000000000,1.000000000000,1
1997,73319,73319,1783332972081197865,1783332972081197865,1783332972081271184,1783332972081271184,1783332972081271184,0,1.000000000000,1.000000000000,1.000000000000,1
1998,74840,74840,1783332972081314754,1783332972081314754,1783332972081389594,1783332972081389594,1783332972081389594,0,1.000000000000,1.000000000000,1.000000000000,1
1999,75301,75301,1783332972081429083,1783332972081429083,1783332972081504384,1783332972081504384,1783332972081504384,3,1.000000000000,1.000000000000,1.000000000000,1
2000,74962,74962,1783332972081542062,1783332972081542062,1783332972081617024,1783332972081617024,1783332972081617024,3,1.000000000000,1.000000000000,1.000000000000,1
