round,gen_attempts,t_gen_total_ns,gen_rtt_ns,ts_gen_success_ns,ts_swap_ns,swap_to_recv_ns,t_exp_ns,werner,pgen_success_bit,pswap_success_bit
0,1,437394,449494,1790696860383834672,1790696860383568585,280077,0,0.941087,1,1
1,1,436504,449374,1790696860384316987,1790696860384048648,274779,0,0.000000,1,0
2,1,387624,394984,1790696860384727951,1790696860384473343,268668,0,0.000000,1,0
3,1,388924,397344,1790696860385139425,1790696860384880287,273098,0,0.824773,1,1
4,1,377504,384514,1790696860385541199,1790696860385286792,281017,0,0.809646,1,1
5,1,377944,385764,1790696860385954973,1790696860385697746,257307,0,0.000000,1,0
6,1,375563,381984,1790696860386347566,1790696860386091331,288486,0,0.804747,1,1
7,1,370664,377614,1790696860386764521,1790696860386511486,296625,0,0.000000,1,0
8,1,382684,390014,1790696860387199685,1790696860386939710,260065,0,0.771617,1,1
9,1,381334,388984,1790696860387597489,1790696860387336765,260794,0,0.789933,1,1
10,1,378734,388254,1790696860387992223,1790696860387735869,299514,0,0.000000,1,0
11,1,377974,385464,1790696860388422897,1790696860388164334,258653,0,0.000000,1,0
12,1,378484,385624,1790696860388817731,1790696860388561008,301323,0,0.000000,1,0
13,1,376784,383994,1790696860389248015,1790696860388992483,298842,0,0.758853,1,1
14,1,386514,394754,1790696860389686809,1790696860389421457,265452,0,0.759006,1,1
15,1,378814,386344,1790696860390082033,1790696860389826142,297791,0,0.000000,1,0
16,1,376714,383254,1790696860390509377,1790696860390252436,298352,0,0.764307,1,1
17,1,389323,397394,1790696860390948761,1790696860390679020,269821,0,0.762750,1,1
18,1,375413,381903,1790696860391340675,1790696860391084045,298291,0,0.000000,1,0
19,1,372693,379374,1790696860391763709,1790696860391510029,298281,0,0.000000,1,0
20,1,376994,383464,1790696860392194164,1790696860391943654,293570,0,0.751453,1,1
21,1,374914,381254,1790696860392620938,1790696860392365678,296230,0,0.764475,1,1
22,1,376834,384254,1790696860393047492,1790696860392790363,298799,0,0.766181,1,1
23,1,375614,382583,1790696860393477496,1790696860393222437,298470,0,0.000000,1,0
24,1,373993,380903,1790696860393903510,1790696860393649061,297160,0,0.765163,1,1
25,1,384403,391764,1790696860394339904,1790696860394079715,260269,0,0.761659,1,1
26,1,371483,377973,1790696860394726958,1790696860394473180,298299,0,0.789222,1,1
27,1,382553,390223,1790696860395162652,1790696860394904254,258498,0,0.756014,1,1
28,1,374613,381763,1790696860395553326,1790696860395297039,299928,0,0.786528,1,1
29,1,389483,398124,1790696860395995180,1790696860395723133,272117,0,0.000000,1,0
30,1,377343,384853,1790696860396389974,1790696860396132288,257746,0,0.000000,1,0
31,1,374574,381054,1790696860396780068,1790696860396523163,300535,0,0.795609,1,1
32,1,389683,405983,1790696860397222342,1790696860396958277,264275,0,0.000000,1,0
33,1,381513,393213,1790696860397629816,1790696860397370971,300886,0,0.000000,1,0
34,1,389614,401184,1790696860398074851,1790696860397807476,298675,0,0.754155,1,1
35,1,377784,388584,1790696860398496505,1790696860398239220,298115,0,0.000000,1,0
36,1,374844,385994,1790696860398925139,1790696860398669294,298725,0,0.759932,1,1
37,1,380653,392403,1790696860399361893,1790696860399103999,257984,0,0.756156,1,1
38,1,380584,402134,1790696860399762477,1790696860399501123,261454,0,0.789720,1,1
39,1,379854,391644,1790696860400177591,1790696860399920808,298524,0,0.000000,1,0
40,1,373383,384084,1790696860400606295,1790696860400351902,296904,0,0.000000,1,0
41,1,384424,396724,1790696860401046220,1790696860400782816,263484,0,0.757595,1,1
42,1,379814,390874,1790696860401447364,1790696860401190091,300463,0,0.784203,1,1
43,1,381744,393594,1790696860401885018,1790696860401623545,261573,0,0.000000,1,0
44,1,390104,403054,1790696860402295492,1790696860402026050,269542,0,0.782104,1,1
45,1,378844,391824,1790696860402696156,1790696860402439874,294862,0,0.000000,1,0
46,1,383054,396044,1790696860403130780,1790696860402871119,299241,0,0.756572,1,1
47,1,380593,394023,1790696860403563844,1790696860403305873,297392,0,0.759878,1,1
48,1,394974,407994,1790696860404010999,1790696860403752127,299252,0,0.000000,1,0
49,1,385434,399394,1790696860404449743,1790696860404187441,262372,0,0.755719,1,1
50,1,381014,395514,1790696860404853027,1790696860404591226,311591,0,0.000000,1,0
51,1,384293,397463,1790696860405301701,1790696860405044660,296102,0,0.741904,1,1
52,1,374133,384913,1790696860405728125,1790696860405472264,299322,0,0.000000,1,0
53,1,386594,398814,1790696860406171810,1790696860405911128,297682,0,0.000000,1,0
54,1,376604,387484,1790696860406604324,1790696860406347743,298001,0,0.000000,1,0
55,1,381444,392504,1790696860407040018,1790696860406781827,297851,0,0.760236,1,1
56,1,379543,390973,1790696860407471762,1790696860407212551,259281,0,0.000000,1,0
57,1,381254,395044,1790696860407872966,1790696860407611106,261950,0,0.000000,1,0
58,1,381054,392604,1790696860408276570,1790696860408019321,299719,0,0.000000,1,0
59,1,384743,397123,1790696860408716574,1790696860408451695,264949,0,0.755204,1,1
60,1,378014,389164,1790696860409115478,1790696860408857579,297959,0,0.000000,1,0
61,1,379693,392973,1790696860409547982,1790696860409289094,258988,0,0.758929,1,1
62,1,373803,386463,1790696860409943626,1790696860409688378,299109,0,0.000000,1,0
63,1,376823,388514,1790696860410377310,1790696860410122083,297778,0,0.759863,1,1
64,1,381324,392504,1790696860410814275,1790696860410552477,299718,0,0.000000,1,0
65,1,381264,392984,1790696860411246989,1790696860410984951,262128,0,0.000000,1,0
66,1,375634,387984,1790696860411642683,1790696860411388096,300257,0,0.000000,1,0
67,1,386824,397614,1790696860412087687,1790696860411824200,296997,0,0.000000,1,0
68,1,376843,387433,1790696860412510771,1790696860412252495,298947,0,0.000000,1,0
69,1,376463,387814,1790696860412940785,1790696860412683409,297957,0,0.000000,1,0
70,1,375484,391054,1790696860413369910,1790696860413114553,297967,0,0.759871,1,1
71,1,375064,385774,1790696860413800414,1790696860413543807,296717,0,0.765700,1,1
72,1,377534,388464,1790696860414230748,1790696860413974802,298876,0,0.757405,1,1
73,1,380744,392464,1790696860414666982,1790696860414406036,261026,0,0.000000,1,0
74,1,391194,404174,1790696860415078606,1790696860414809701,268985,0,0.780557,1,1
75,1,377714,388994,1790696860415477690,1790696860415220505,299295,0,0.000000,1,0
76,1,377274,388724,1790696860415909854,1790696860415652870,298305,0,0.000000,1,0
77,1,375703,386513,1790696860416339858,1790696860416085854,296195,0,0.762245,1,1
78,1,371833,383124,1790696860416767092,1790696860416513528,300325,0,0.000000,1,0
79,1,381974,393014,1790696860417209057,1790696860416951652,297605,0,0.757686,1,1
80,1,378534,388984,1790696860417640551,1790696860417382717,298494,0,0.000000,1,0
81,1,382954,394714,1790696860418077655,1790696860417816431,261324,0,0.756459,1,1
82,1,376514,387064,1790696860418474699,1790696860418218516,299993,0,0.783067,1,1
83,1,388603,400224,1790696860418919873,1790696860418650340,269613,0,0.000000,1,0
84,1,376483,387303,1790696860419316857,1790696860419061004,300474,0,0.000000,1,0
85,1,374944,385824,1790696860419749482,1790696860419494219,302743,0,0.757989,1,1
86,1,378164,389804,1790696860420191476,1790696860419935653,297633,0,0.000000,1,0
87,1,376054,387404,1790696860420622150,1790696860420364617,257623,0,0.000000,1,0
88,1,382584,394074,1790696860421024314,1790696860420766172,301452,0,0.000000,1,0
89,1,386733,398093,1790696860421467288,1790696860421201246,266122,0,0.754722,1,1
90,1,375513,387053,1790696860421865892,1790696860421608981,297782,0,0.778196,1,1
91,1,379823,390594,1790696860422299656,1790696860422045705,295912,0,0.000000,1,0
92,1,374394,384904,1790696860422728551,1790696860422473719,295962,0,0.000000,1,0
93,1,376724,387464,1790696860423159625,1790696860422905783,295572,0,0.000000,1,0
94,1,371494,381964,1790696860423585519,1790696860423331948,295371,0,0.761384,1,1
95,1,375793,386563,1790696860424015693,1790696860423759022,297992,0,0.764161,1,1
96,1,375013,385664,1790696860424444837,1790696860424192896,294612,0,0.754858,1,1
97,1,379004,390774,1790696860424879272,1790696860424618470,260902,0,0.762918,1,1
98,1,376374,387224,1790696860425275786,1790696860425020505,297631,0,0.000000,1,0
99,1,375374,382634,1790696860425702350,1790696860425446119,256301,0,0.000000,1,0
100,1,388034,396104,1790696860426105924,1790696860425835814,270210,0,0.787386,1,1
101,1,377593,384893,1790696860426499957,1790696860426241669,258368,0,0.000000,1,0
102,1,375513,386493,1790696860426890631,1790696860426632144,258567,0,0.000000,1,0
103,1,376154,383084,1790696860427286635,1790696860427029589,300856,0,0.000000,1,0
104,1,383124,390384,1790696860427723079,1790696860427459143,264006,0,0.000000,1,0
105,1,381384,388694,1790696860428123553,1790696860427862178,261455,0,0.777107,1,1
106,1,371954,378644,1790696860428511427,1790696860428258782,297645,0,0.000000,1,0
107,1,385374,417024,1790696860428950871,1790696860428682457,295374,0,0.000000,1,0
108,1,376674,388214,1790696860429368385,1790696860429113311,298835,0,0.000000,1,0
109,1,375063,385743,1790696860429800719,1790696860429544875,298195,0,0.761789,1,1
110,1,378854,389394,1790696860430234784,1790696860429977480,299044,0,0.757799,1,1
111,1,374784,386264,1790696860430663988,1790696860430406644,257434,0,0.763641,1,1
112,1,387954,398664,1790696860431071662,1790696860430814748,301304,0,0.775734,1,1
113,1,382314,394074,1790696860431511746,1790696860431249803,262013,0,0.754563,1,1
114,1,376904,388234,1790696860431908810,1790696860431649697,259223,0,0.000000,1,0
115,1,375694,386154,1790696860432304294,1790696860432049042,297662,0,0.781651,1,1
116,1,375384,386184,1790696860432734618,1790696860432479696,296972,0,0.756037,1,1
117,1,388623,399913,1790696860433178032,1790696860432915621,296272,0,0.757004,1,1
118,1,378984,390714,1790696860433607547,1790696860433350795,256852,0,0.754283,1,1
119,1,389594,401624,1790696860434017711,1790696860433750990,266791,0,0.784478,1,1
120,1,374873,385964,1790696860434413134,1790696860434157074,296821,0,0.775741,1,1
121,1,378514,390204,1790696860434845199,1790696860434583959,261310,0,0.000000,1,0
122,1,379174,390434,1790696860435244773,1790696860434990153,298030,0,0.000000,1,0
123,1,373634,384274,1790696860435675297,1790696860435420997,297020,0,0.755984,1,1
124,1,381844,393334,1790696860436112581,1790696860435856452,298899,0,0.755008,1,1
125,1,373633,384253,1790696860436542085,1790696860436287046,295820,0,0.000000,1,0
126,1,371913,382643,1790696860436967909,1790696860436712740,296450,0,0.000000,1,0
127,1,377714,389034,1790696860437399464,1790696860437140395,259159,0,0.000000,1,0
128,1,378953,390284,1790696860437798457,1790696860437537659,260878,0,0.000000,1,0
129,1,384853,396013,1790696860438204271,1790696860437942324,262027,0,0.777123,1,1
130,1,373203,383903,1790696860438597275,1790696860438342099,299277,0,0.000000,1,0
131,1,382723,394313,1790696860439036629,1790696860438777393,259316,0,0.757519,1,1
132,1,379983,391223,1790696860439436603,1790696860439176538,260145,0,0.784980,1,1
133,1,374674,385724,1790696860439833927,1790696860439578252,308656,0,0.784558,1,1
134,1,390023,404604,1790696860440290061,1790696860440023587,266554,0,0.752686,1,1
135,1,376133,387173,1790696860440689455,1790696860440432101,297755,0,0.000000,1,0
136,1,383844,396004,1790696860441126410,1790696860440865165,261415,0,0.000000,1,0
137,1,379533,391304,1790696860441526663,1790696860441266330,260423,0,0.000000,1,0
138,1,374063,384803,1790696860441920687,1790696860441664615,299713,0,0.000000,1,0
139,1,377484,388544,1790696860442354712,1790696860442097919,298703,0,0.757626,1,1
140,1,373064,387524,1790696860442782466,1790696860442528953,298353,0,0.758286,1,1
141,1,378474,389704,1790696860443219180,1790696860442962368,256912,0,0.763489,1,1
142,1,376404,387614,1790696860443615234,1790696860443357922,257382,0,0.784322,1,1
143,1,379564,390954,1790696860444014498,1790696860443756587,301021,0,0.786457,1,1
144,1,380224,391624,1790696860444450512,1790696860444191181,259421,0,0.755780,1,1
145,1,380464,392294,1790696860444850846,1790696860444588526,262400,0,0.785443,1,1
146,1,378414,389134,1790696860445249260,1790696860444992131,299429,0,0.782934,1,1
147,1,373894,384654,1790696860445678064,1790696860445426985,293349,0,0.000000,1,0
148,1,377453,388313,1790696860446110438,1790696860445853239,299010,0,0.760305,1,1
149,1,385944,397574,1790696860446551403,1790696860446285704,265779,0,0.761902,1,1
150,1,383744,395054,1790696860446958327,1790696860446692468,296919,0,0.775602,1,1
151,1,375924,386734,1790696860447378011,1790696860447123033,297388,0,0.762360,1,1
152,1,377274,388384,1790696860447810525,1790696860447552197,298368,0,0.761605,1,1
153,1,382444,393784,1790696860448245859,1790696860447985411,260548,0,0.754247,1,1
154,1,371854,383194,1790696860448637193,1790696860448382516,297897,0,0.786614,1,1
155,1,381283,392143,1790696860449074607,1790696860448815740,300038,0,0.758277,1,1
156,1,377493,388604,1790696860449506091,1790696860449249324,300238,0,0.000000,1,0
157,1,383384,395034,1790696860449945636,1790696860449686249,259467,0,0.754865,1,1
158,1,376903,387514,1790696860450342719,1790696860450086983,298867,0,0.000000,1,0
159,1,375554,387054,1790696860450774074,1790696860450516718,257416,0,0.000000,1,0
160,1,378924,389524,1790696860451177028,1790696860450920412,301226,0,0.000000,1,0
161,1,380824,392274,1790696860451615842,1790696860451353586,262336,0,0.756203,1,1
162,1,385864,397324,1790696860452021956,1790696860451757761,264295,0,0.000000,1,0
163,1,378714,389874,1790696860452420280,1790696860452162586,257774,0,0.777931,1,1
164,1,384893,396444,1790696860452824633,1790696860452557860,266843,0,0.000000,1,0
165,1,379263,390443,1790696860453223657,1790696860452964005,259722,0,0.000000,1,0
166,1,368273,379283,1790696860453614391,1790696860453362220,306542,0,0.781776,1,1
167,1,375523,386474,1790696860454057085,1790696860453800144,296452,0,0.000000,1,0
168,1,375124,385744,1790696860454484540,1790696860454228938,296992,0,0.757868,1,1
169,1,379974,392464,1790696860454918684,1790696860454658132,260652,0,0.000000,1,0
170,1,373914,384854,1790696860455314638,1790696860455059147,297731,0,0.000000,1,0
171,1,370534,381134,1790696860455740172,1790696860455486601,295211,0,0.760381,1,1
172,1,376154,386874,1790696860456174316,1790696860455919336,298081,0,0.000000,1,0
173,1,374613,385173,1790696860456604770,1790696860456350140,295701,0,0.000000,1,0
174,1,380494,392414,1790696860457038995,1790696860456780484,258611,0,0.760677,1,1
175,1,378683,385964,1790696860457438018,1790696860457179459,258639,0,0.000000,1,0
176,1,380693,387723,1790696860457834242,1790696860457579834,298759,0,0.782206,1,1
177,1,380904,388224,1790696860458268327,1790696860458009098,259309,0,0.761043,1,1
178,1,370753,377463,1790696860458654820,1790696860458401223,297118,0,0.788110,1,1
179,1,384634,392214,1790696860459091565,1790696860458826877,264768,0,0.000000,1,0
180,1,377044,384704,1790696860459484319,1790696860459224832,259567,0,0.782308,1,1
181,1,374673,382483,1790696860459881032,1790696860459624087,257035,0,0.786552,1,1
182,1,376463,383663,1790696860460273526,1790696860460014812,258784,0,0.000000,1,0
183,1,380464,386964,1790696860460668980,1790696860460405596,298804,0,0.788308,1,1
184,1,378843,389453,1790696860461091884,1790696860460834671,299494,0,0.759947,1,1
185,1,379593,389493,1790696860461525688,1790696860461265225,260553,0,0.759530,1,1
186,1,372673,381723,1790696860461916542,1790696860461660950,299863,0,0.000000,1,0
187,1,375403,384503,1790696860462347506,1790696860462092754,297983,0,0.000000,1,0
188,1,375443,384444,1790696860462777280,1790696860462523138,299553,0,0.000000,1,0
189,1,377564,387184,1790696860463215285,1790696860462959853,298762,0,0.754155,1,1
190,1,378104,387394,1790696860463647919,1790696860463392677,296462,0,0.758428,1,1
191,1,376094,385464,1790696860464076523,1790696860463820541,298072,0,0.000000,1,0
192,1,382263,392153,1790696860464512617,1790696860464253095,259612,0,0.000000,1,0
193,1,383824,394314,1790696860464914611,1790696860464650380,264311,0,0.785797,1,1
194,1,395084,406194,1790696860465328575,1790696860465063795,264870,0,0.000000,1,0
195,1,370774,380124,1790696860465719129,1790696860465465199,296730,0,0.775944,1,1
196,1,374434,384083,1790696860466147693,1790696860465891744,296610,0,0.757837,1,1
197,1,371993,382823,1790696860466572117,1790696860466315888,295770,0,0.000000,1,0
198,1,377484,388104,1790696860467003162,1790696860466748152,294920,0,0.000000,1,0
199,1,373424,382834,1790696860467427646,1790696860467171807,308069,0,0.763252,1,1
200,1,376264,386264,1790696860467867600,1790696860467608051,259629,0,0.000000,1,0
201,1,379364,389804,1790696860468265654,1790696860468003036,262718,0,0.782644,1,1
202,1,377094,387234,1790696860468661468,1790696860468401571,259977,0,0.781534,1,1
203,1,375894,385384,1790696860469055742,1790696860468809775,286457,0,0.000000,1,0
204,1,379804,389964,1790696860469487346,1790696860469227680,259766,0,0.774516,1,1
205,1,378574,388464,1790696860469884260,1790696860469623714,260626,0,0.786096,1,1
206,1,386423,396294,1790696860470288863,1790696860470027959,260994,0,0.777123,1,1
207,1,371343,380363,1790696860470678347,1790696860470426254,297744,0,0.000000,1,0
208,1,382353,391904,1790696860471117481,1790696860470857638,299764,0,0.753221,1,1
209,1,387324,397494,1790696860471556086,1790696860471287992,268194,0,0.756060,1,1
210,1,377384,388644,1790696860471951980,1790696860471691607,260443,0,0.778064,1,1
211,1,379323,389964,1790696860472350763,1790696860472093082,300362,0,0.000000,1,0
212,1,375834,385314,1790696860472780698,1790696860472524406,300572,0,0.758581,1,1
213,1,392874,403344,1790696860473233632,1790696860472972600,261122,0,0.000000,1,0
214,1,380944,392674,1790696860473633466,1790696860473373175,260371,0,0.777659,1,1
215,1,383644,393974,1790696860474037050,1790696860473777059,260081,0,0.779513,1,1
216,1,381074,390404,1790696860474436724,1790696860474173964,297770,0,0.000000,1,0
217,1,377124,386804,1790696860474860368,1790696860474601888,297500,0,0.762498,1,1
218,1,376744,385784,1790696860475287962,1790696860475032333,296629,0,0.764681,1,1
219,1,374953,384913,1790696860475715136,1790696860475458267,256959,0,0.000000,1,0
220,1,381064,390764,1790696860476114360,1790696860475854412,260038,0,0.783380,1,1
221,1,378204,388424,1790696860476510484,1790696860476250646,259918,0,0.000000,1,0
222,1,377374,387504,1790696860476906278,1790696860476647191,259187,0,0.785428,1,1
223,1,384504,395274,1790696860477308982,1790696860477048216,260856,0,0.790470,1,1
224,1,379224,388664,1790696860477707716,1790696860477451870,300236,0,0.775641,1,1
225,1,384444,394854,1790696860478147720,1790696860477885615,262175,0,0.754600,1,1
226,1,376134,385624,1790696860478542974,1790696860478286059,298255,0,0.784180,1,1
227,1,377604,387814,1790696860478973058,1790696860478714334,258794,0,0.757163,1,1
228,1,379584,389714,1790696860479371022,1790696860479113378,300124,0,0.000000,1,0
229,1,378914,390344,1790696860479803696,1790696860479544813,297754,0,0.000000,1,0
230,1,379793,389693,1790696860480237910,1790696860479981147,298354,0,0.000000,1,0
231,1,378994,388864,1790696860480669655,1790696860480410521,259224,0,0.756952,1,1
232,1,390414,403854,1790696860481078139,1790696860480818836,308903,0,0.770121,1,1
233,1,384144,395034,1790696860481523493,1790696860481262820,260753,0,0.749427,1,1
234,1,376384,386224,1790696860481918807,1790696860481660675,299152,0,0.783709,1,1
235,1,379334,388674,1790696860482350361,1790696860482092059,298712,0,0.000000,1,0
236,1,375204,384324,1790696860482777185,1790696860482520223,299192,0,0.000000,1,0
237,1,378683,388463,1790696860483209769,1790696860482953898,297512,0,0.000000,1,0
238,1,374253,383463,1790696860483636913,1790696860483381182,296732,0,0.000000,1,0
239,1,389994,400354,1790696860484078928,1790696860483811146,267882,0,0.763894,1,1
240,1,391854,401794,1790696860484489422,1790696860484229371,260121,0,0.770314,1,1
241,1,380463,390974,1790696860484888595,1790696860484627055,261620,0,0.000000,1,0
242,1,382393,392443,1790696860485289789,1790696860485029390,260479,0,0.000000,1,0
243,1,379564,389624,1790696860485687683,1790696860485427765,260018,0,0.000000,1,0
244,1,379184,389684,1790696860486089757,1790696860485831469,300809,0,0.780902,1,1
245,1,377413,389513,1790696860486523631,1790696860486267464,295858,0,0.754759,1,1
246,1,382014,393414,1790696860486956886,1790696860486694708,262278,0,0.761705,1,1
247,1,381483,393844,1790696860487358099,1790696860487098983,259206,0,0.000000,1,0
248,1,382443,394414,1790696860487761553,1790696860487499387,262236,0,0.000000,1,0
249,1,396574,409244,1790696860488178418,1790696860487909342,295946,0,0.770645,1,1
250,1,380304,390764,1790696860488596452,1790696860488337106,297776,0,0.762711,1,1
251,1,387904,400574,1790696860489034346,1790696860488772541,297875,0,0.754563,1,1
252,1,376564,386364,1790696860489458740,1790696860489203785,297305,0,0.000000,1,0
253,1,375513,389553,1790696860489887634,1790696860489628499,259225,0,0.762223,1,1
254,1,386494,394764,1790696860490296978,1790696860490031164,265894,0,0.000000,1,0
255,1,373454,380594,1790696860490686772,1790696860490432369,295663,0,0.779816,1,1
256,1,381163,387813,1790696860491117836,1790696860490861593,297174,0,0.000000,1,0
257,1,380243,387584,1790696860491547700,1790696860491287037,260753,0,0.000000,1,0
258,1,374483,382723,1790696860491937724,1790696860491681892,298963,0,0.000000,1,0
259,1,380033,387964,1790696860492369608,1790696860492110736,258962,0,0.760807,1,1
260,1,374693,382313,1790696860492766672,1790696860492512861,301182,0,0.793901,1,1
261,1,383474,391124,1790696860493206487,1790696860492947985,297692,0,0.000000,1,0
262,1,371864,381694,1790696860493626541,1790696860493373920,294461,0,0.000000,1,0
263,1,381594,389004,1790696860494058755,1790696860493798384,300691,0,0.763916,1,1
264,1,378414,386634,1790696860494486359,1790696860494229328,305821,0,0.763887,1,1
265,1,380513,388103,1790696860494924563,1790696860494664323,260310,0,0.000000,1,0
266,1,377394,385514,1790696860495317987,1790696860495061317,297730,0,0.788860,1,1
267,1,371204,378324,1790696860495738851,1790696860495486132,295289,0,0.000000,1,0
268,1,384293,391023,1790696860496174295,1790696860495917306,296240,0,0.000000,1,0
269,1,384773,392134,1790696860496607669,1790696860496342380,265359,0,0.762635,1,1
270,1,379033,386363,1790696860497002193,1790696860496746655,297489,0,0.778593,1,1
271,1,379783,386834,1790696860497432827,1790696860497174179,258738,0,0.762536,1,1
272,1,371893,378973,1790696860497819911,1790696860497566514,298378,0,0.000000,1,0
273,1,383214,390594,1790696860498256796,1790696860497996168,260728,0,0.000000,1,0
274,1,372383,379203,1790696860498648609,1790696860498394973,297267,0,0.000000,1,0
275,1,380664,388474,1790696860499081474,1790696860498825068,297876,0,0.000000,1,0
276,1,376964,384004,1790696860499508658,1790696860499251972,296486,0,0.760935,1,1
277,1,375024,382744,1790696860499935322,1790696860499681696,296066,0,0.000000,1,0
278,1,373644,380234,1790696860500360146,1790696860500106631,294896,0,0.000000,1,0
279,1,374803,391203,1790696860500785490,1790696860500529465,256105,0,0.768606,1,1
280,1,382133,389533,1790696860501192554,1790696860500937130,299565,0,0.775330,1,1
281,1,394804,402484,1790696860501643599,1790696860501368814,274865,0,0.000000,1,0
282,1,378314,385444,1790696860502037683,1790696860501782418,297775,0,0.000000,1,0
283,1,374304,380754,1790696860502463197,1790696860502208343,296894,0,0.000000,1,0
284,1,382274,389684,1790696860502896041,1790696860502631027,265094,0,0.765691,1,1
285,1,374274,380844,1790696860503285635,1790696860503032452,295873,0,0.000000,1,0
286,1,370694,377214,1790696860503707899,1790696860503454536,295883,0,0.000000,1,0
287,1,377084,384334,1790696860504136213,1790696860503880340,297793,0,0.000000,1,0
288,1,374213,381003,1790696860504561197,1790696860504305545,297223,0,0.763389,1,1
289,1,378113,385793,1790696860504989511,1790696860504729619,298433,0,0.000000,1,0
290,1,375643,381934,1790696860505412675,1790696860505159503,296633,0,0.000000,1,0
291,1,374614,381554,1790696860505839450,1790696860505584148,294332,0,0.762459,1,1
292,1,372894,379634,1790696860506260214,1790696860506007392,295072,0,0.765652,1,1
293,1,369174,375674,1790696860506680538,1790696860506428186,294102,0,0.000000,1,0
294,1,374274,381024,1790696860507105662,1790696860506850311,297241,0,0.763412,1,1
295,1,377324,384604,1790696860507533536,1790696860507276125,257491,0,0.000000,1,0
296,1,372044,378834,1790696860507921310,1790696860507667500,298080,0,0.000000,1,0
297,1,387024,394504,1790696860508361414,1790696860508094834,266670,0,0.000000,1,0
298,1,373394,379864,1790696860508750788,1790696860508495629,303059,0,0.000000,1,0
299,1,385364,393694,1790696860509192892,1790696860508928563,264409,0,0.755976,1,1
300,1,369934,376444,1790696860509579666,1790696860509329938,292268,0,0.775237,1,1
301,1,378804,385494,1790696860510009520,1790696860509753222,297418,0,0.000000,1,0
302,1,378924,385754,1790696860510438084,1790696860510183937,295848,0,0.000000,1,0
303,1,372583,379553,1790696860510861208,1790696860510607011,295708,0,0.768707,1,1
304,1,389934,398074,1790696860511301493,1790696860511045505,256088,0,0.000000,1,0
305,1,377273,384454,1790696860511695876,1790696860511437040,258946,0,0.000000,1,0
306,1,373723,380363,1790696860512084770,1790696860511829195,298636,0,0.000000,1,0
307,1,375713,382493,1790696860512512284,1790696860512256709,296146,0,0.000000,1,0
308,1,381204,396394,1790696860512945609,1790696860512681544,296155,0,0.764352,1,1
309,1,377904,385974,1790696860513369783,1790696860513113688,256175,0,0.761240,1,1
310,1,373004,379104,1790696860513760087,1790696860513506113,300884,0,0.791760,1,1
311,1,372514,379034,1790696860514188371,1790696860513933907,295394,0,0.759674,1,1
312,1,370054,376584,1790696860514608055,1790696860514354822,295643,0,0.000000,1,0
313,1,390034,397414,1790696860515049179,1790696860514786916,262383,0,0.759142,1,1
314,1,394864,402714,1790696860515460173,1790696860515185441,274792,0,0.000000,1,0
315,1,373594,380214,1790696860515849957,1790696860515594685,295722,0,0.000000,1,0
316,1,376464,382914,1790696860516275741,1790696860516020190,297091,0,0.000000,1,0
317,1,376724,384124,1790696860516702575,1790696860516444414,258271,0,0.000000,1,0
318,1,372834,382994,1790696860517091159,1790696860516835219,299650,0,0.000000,1,0
319,1,373294,382344,1790696860517520023,1790696860517265723,296090,0,0.757883,1,1
320,1,379244,389484,1790696860517952147,1790696860517691827,260400,0,0.761637,1,1
321,1,383184,393164,1790696860518354661,1790696860518093222,261509,0,0.786245,1,1
322,1,373454,383024,1790696860518746865,1790696860518490967,299398,0,0.000000,1,0
323,1,378844,388764,1790696860519184559,1790696860518928561,296059,0,0.000000,1,0
324,1,372063,381433,1790696860519608273,1790696860519353975,296109,0,0.000000,1,0
325,1,376714,386044,1790696860520037838,1790696860519782550,297238,0,0.000000,1,0
326,1,376024,384984,1790696860520467172,1790696860520214334,292748,0,0.000000,1,0
327,1,378184,388624,1790696860520897076,1790696860520637438,259718,0,0.765600,1,1
328,1,376844,386084,1790696860521292810,1790696860521037393,298187,0,0.788339,1,1
329,1,384294,393974,1790696860521731194,1790696860521465547,265747,0,0.759022,1,1
330,1,381224,391204,1790696860522130528,1790696860521871922,258686,0,0.773162,1,1
331,1,388974,399464,1790696860522541552,1790696860522271747,269905,0,0.787016,1,1
332,1,372974,382094,1790696860522933696,1790696860522678861,298645,0,0.000000,1,0
333,1,380804,390464,1790696860523369530,1790696860523109936,259694,0,0.000000,1,0
334,1,373424,382674,1790696860523761114,1790696860523506660,300764,0,0.789152,1,1
335,1,374654,383694,1790696860524193378,1790696860523939795,294944,0,0.758474,1,1
336,1,374793,384803,1790696860524620692,1790696860524363039,257733,0,0.000000,1,0
337,1,389644,400404,1790696860525028726,1790696860524765804,263142,0,0.000000,1,0
338,1,376564,386104,1790696860525424940,1790696860525168558,299933,0,0.782161,1,1
339,1,375133,384153,1790696860525855094,1790696860525599803,296172,0,0.761392,1,1
340,1,379103,388714,1790696860526289518,1790696860526032807,298452,0,0.000000,1,0
341,1,374544,383554,1790696860526717203,1790696860526462351,298322,0,0.758998,1,1
342,1,378194,387464,1790696860527150087,1790696860526892916,297181,0,0.758823,1,1
343,1,373654,382684,1790696860527574871,1790696860527320450,295401,0,0.762253,1,1
344,1,393534,403924,1790696860528020785,1790696860527753504,267361,0,0.757565,1,1
345,1,382034,392064,1790696860528427419,1790696860528166149,261350,0,0.000000,1,0
346,1,375864,385404,1790696860528821913,1790696860528564774,301479,0,0.000000,1,0
347,1,376214,385514,1790696860529253927,1790696860528997778,296309,0,0.000000,1,0
348,1,383223,393323,1790696860529688531,1790696860529423332,265279,0,0.762177,1,1
349,1,376603,385753,1790696860530083615,1790696860529827367,299799,0,0.000000,1,0
350,1,377053,386124,1790696860530515449,1790696860530259211,298249,0,0.757603,1,1
351,1,374964,386064,1790696860530943524,1790696860530689925,294429,0,0.762833,1,1
352,1,371844,378514,1790696860531364988,1790696860531112050,296758,0,0.000000,1,0
353,1,383224,391444,1790696860531803692,1790696860531541754,262008,0,0.764566,1,1
354,1,374094,380644,1790696860532194616,1790696860531940618,298348,0,0.781864,1,1
355,1,372474,379554,1790696860532620040,1790696860532366033,294847,0,0.000000,1,0
356,1,376884,384384,1790696860533046614,1790696860532791297,296478,0,0.760358,1,1
357,1,372313,379193,1790696860533469048,1790696860533215342,296037,0,0.000000,1,0
358,1,375613,382514,1790696860533895662,1790696860533640766,295957,0,0.000000,1,0
359,1,379744,387294,1790696860534328277,1790696860534065210,263147,0,0.763077,1,1
360,1,370833,377554,1790696860534714850,1790696860534460555,295576,0,0.000000,1,0
361,1,377924,384914,1790696860535142935,1790696860534881809,261186,0,0.000000,1,0
362,1,370543,377074,1790696860535529608,1790696860535275514,298455,0,0.000000,1,0
363,1,369964,376664,1790696860535952563,1790696860535697919,295374,0,0.000000,1,0
364,1,370124,376514,1790696860536372157,1790696860536118263,304344,0,0.760594,1,1
365,1,429224,442395,1790696860536860991,1790696860536580607,280464,0,0.000000,1,0
366,1,386425,406635,1790696860537272967,1790696860537014401,258666,0,0.763749,1,1
367,1,389149,398559,1790696860537695806,1790696860537428356,267540,0,0.778811,1,1
368,1,384578,391488,1790696860538100334,1790696860537844310,298895,0,0.000000,1,0
369,1,378348,385929,1790696860538530713,1790696860538271775,259018,0,0.773951,1,1
370,1,375008,382738,1790696860538921722,1790696860538666179,298994,0,0.791777,1,1
371,1,376428,383368,1790696860539351041,1790696860539096174,295998,0,0.000000,1,0
372,1,373998,380908,1790696860539779600,1790696860539524348,297113,0,0.761606,1,1
373,1,374488,380958,1790696860540204849,1790696860539950422,295208,0,0.000000,1,0
374,1,373698,381058,1790696860540627968,1790696860540372437,255601,0,0.761735,1,1
375,1,378638,386578,1790696860541022157,1790696860540766442,302216,0,0.787315,1,1
376,1,377918,384588,1790696860541455576,1790696860541199696,296651,0,0.758997,1,1
377,1,375758,382448,1790696860541880985,1790696860541625480,297376,0,0.000000,1,0
378,1,375888,382968,1790696860542307424,1790696860542052745,295040,0,0.000000,1,0
379,1,369938,376448,1790696860542726463,1790696860542473189,303655,0,0.763786,1,1
380,1,378829,385929,1790696860543164513,1790696860542908803,296660,0,0.750965,1,1
381,1,375078,381578,1790696860543589192,1790696860543334198,296325,0,0.761628,1,1
382,1,380828,387548,1790696860544019911,1790696860543764352,297730,0,0.758717,1,1
383,1,375298,381688,1790696860544446040,1790696860544191126,299405,0,0.000000,1,0
384,1,372798,379598,1790696860544871959,1790696860544618621,295719,0,0.759605,1,1
385,1,375738,385439,1790696860545298768,1790696860545043515,295664,0,0.761460,1,1
386,1,376059,385079,1790696860545726728,1790696860545474409,294159,0,0.758452,1,1
387,1,382668,392238,1790696860546162817,1790696860545909424,295204,0,0.755839,1,1
388,1,372528,381588,1790696860546588876,1790696860546334108,295769,0,0.763901,1,1
389,1,381308,391049,1790696860547022685,1790696860546765122,299024,0,0.758717,1,1
390,1,376449,385459,1790696860547451845,1790696860547196257,297078,0,0.757420,1,1
391,1,381028,390928,1790696860547885764,1790696860547623591,262253,0,0.000000,1,0
392,1,376858,386119,1790696860548280672,1790696860548024786,299937,0,0.784297,1,1
393,1,379888,389788,1790696860548715942,1790696860548456040,259992,0,0.756837,1,1
394,1,379738,389188,1790696860549113770,1790696860548855105,301026,0,0.000000,1,0
395,1,374228,383339,1790696860549541519,1790696860549286789,296851,0,0.760061,1,1
396,1,383918,393568,1790696860549979119,1790696860549714173,296806,0,0.000000,1,0
397,1,380748,391858,1790696860550403508,1790696860550146307,297812,0,0.000000,1,0
398,1,378848,389078,1790696860550834027,1790696860550574812,259315,0,0.760760,1,1
399,1,383058,393598,1790696860551235506,1790696860550973667,261919,0,0.000000,1,0
400,1,372838,382218,1790696860551627184,1790696860551372191,298974,0,0.781792,1,1
401,1,379798,389629,1790696860552062413,1790696860551802866,297378,0,0.000000,1,0
402,1,375758,385118,1790696860552487173,1790696860552234750,293213,0,0.000000,1,0
403,1,381468,391738,1790696860552920802,1790696860552659494,261378,0,0.000000,1,0
404,1,377068,386968,1790696860553329931,1790696860553073469,298233,0,0.771362,1,1
405,1,376958,386898,1790696860553760290,1790696860553502053,258347,0,0.000000,1,0
406,1,380748,390069,1790696860554159288,1790696860553903348,297641,0,0.779263,1,1
407,1,372578,381579,1790696860554584897,1790696860554330192,299406,0,0.762452,1,1
408,1,382358,391588,1790696860555023117,1790696860554765376,297352,0,0.000000,1,0
409,1,377358,386768,1790696860555451846,1790696860555195261,296336,0,0.000000,1,0
410,1,376238,387118,1790696860555878965,1790696860555621305,297511,0,0.000000,1,0
411,1,379388,390418,1790696860556309394,1790696860556051399,258065,0,0.763283,1,1
412,1,376108,385838,1790696860556705123,1790696860556449314,308270,0,0.781940,1,1
413,1,379528,389058,1790696860557148482,1790696860556888868,298375,0,0.750215,1,1
414,1,375238,385518,1790696860557573981,1790696860557318733,295639,0,0.000000,1,0
415,1,388389,398949,1790696860558013861,1790696860557749947,263984,0,0.759438,1,1
416,1,376918,386628,1790696860558413609,1790696860558156021,298109,0,0.785435,1,1
417,1,375938,385069,1790696860558841368,1790696860558583746,297703,0,0.000000,1,0
418,1,376778,386168,1790696860559269498,1790696860559014490,297649,0,0.764895,1,1
419,1,378478,387648,1790696860559701937,1790696860559447154,297424,0,0.000000,1,0
420,1,381058,390358,1790696860560136746,1790696860559876628,298789,0,0.000000,1,0
421,1,377938,388109,1790696860560564605,1790696860560305533,259152,0,0.000000,1,0
422,1,377698,387688,1790696860560960604,1790696860560701047,259627,0,0.786339,1,1
423,1,379008,388279,1790696860561357732,1790696860561099542,303571,0,0.000000,1,0
424,1,372378,385718,1790696860561786752,1790696860561532596,297407,0,0.000000,1,0
425,1,379568,388768,1790696860562221281,1790696860561963291,296051,0,0.757345,1,1
426,1,370118,379308,1790696860562640480,1790696860562388115,294576,0,0.000000,1,0
427,1,377918,388208,1790696860563071659,1790696860562814199,299261,0,0.763315,1,1
428,1,377848,388559,1790696860563502338,1790696860563246774,295495,0,0.000000,1,0
429,1,384408,394238,1790696860563937888,1790696860563674188,297821,0,0.763664,1,1
430,1,376888,386118,1790696860564365187,1790696860564110252,296616,0,0.755507,1,1
431,1,384138,396039,1790696860564802296,1790696860564538237,264249,0,0.000000,1,0
432,1,391198,403598,1790696860565214065,1790696860564956381,299045,0,0.766894,1,1
433,1,381258,391409,1790696860565647764,1790696860565386045,261790,0,0.000000,1,0
434,1,379478,389508,1790696860566045773,1790696860565788220,299784,0,0.000000,1,0
435,1,379478,388899,1790696860566483702,1790696860566225884,297859,0,0.755885,1,1
436,1,375198,385098,1790696860566910572,1790696860566654829,296393,0,0.764092,1,1
437,1,372288,381658,1790696860567334671,1790696860567081593,295979,0,0.762642,1,1
438,1,378458,388658,1790696860567767050,1790696860567506577,260553,0,0.000000,1,0
439,1,385169,395469,1790696860568170569,1790696860567907752,262897,0,0.780503,1,1
440,1,378478,388438,1790696860568567777,1790696860568307177,260680,0,0.781315,1,1
441,1,374158,384158,1790696860568960396,1790696860568704041,298485,0,0.785453,1,1
442,1,377868,386988,1790696860569391725,1790696860569135156,297250,0,0.000000,1,0
443,1,380518,391238,1790696860569824114,1790696860569563080,261124,0,0.767968,1,1
444,1,377928,388599,1790696860570221192,1790696860569966505,298288,0,0.000000,1,0
445,1,375658,386068,1790696860570653202,1790696860570396409,307364,0,0.761233,1,1
446,1,386808,399109,1790696860571102141,1790696860570838723,263508,0,0.750860,1,1
447,1,379788,391548,1790696860571503230,1790696860571244578,303003,0,0.000000,1,0
448,1,377058,389448,1790696860571936349,1790696860571679222,298368,0,0.000000,1,0
449,1,378978,389699,1790696860572368738,1790696860572111316,296863,0,0.000000,1,0
450,1,381779,396609,1790696860572801148,1790696860572537421,263927,0,0.000000,1,0
451,1,384948,395409,1790696860573212696,1790696860572954105,299332,0,0.000000,1,0
452,1,384189,395529,1790696860573648936,1790696860573386389,262707,0,0.757111,1,1
453,1,379798,390428,1790696860574048264,1790696860573793484,297421,0,0.000000,1,0
454,1,375468,384899,1790696860574477723,1790696860574222208,298426,0,0.000000,1,0
455,1,377418,386688,1790696860574909103,1790696860574650643,297671,0,0.000000,1,0
456,1,373288,382348,1790696860575332742,1790696860575078667,294676,0,0.000000,1,0
457,1,376518,388478,1790696860575761271,1790696860575502991,258360,0,0.000000,1,0
458,1,379109,389249,1790696860576160700,1790696860575906726,297144,0,0.775710,1,1
459,1,371418,381368,1790696860576586369,1790696860576333200,294370,0,0.757217,1,1
460,1,383838,393648,1790696860577022648,1790696860576762195,298564,0,0.760699,1,1
461,1,376738,389218,1790696860577448637,1790696860577194439,296309,0,0.756755,1,1
462,1,391099,401869,1790696860577892927,1790696860577628223,296734,0,0.753666,1,1
463,1,383068,394708,1790696860578319196,1790696860578057978,261318,0,0.000000,1,0
464,1,372348,381619,1790696860578711364,1790696860578458332,296383,0,0.000000,1,0
465,1,375539,386519,1790696860579141344,1790696860578884677,296217,0,0.000000,1,0
466,1,375838,385408,1790696860579567853,1790696860579313571,296523,0,0.762322,1,1
467,1,385348,395018,1790696860580011102,1790696860579753675,297658,0,0.000000,1,0
468,1,371958,381088,1790696860580434531,1790696860580181220,296332,0,0.759476,1,1
469,1,372578,381959,1790696860580861180,1790696860580608194,294907,0,0.000000,1,0
470,1,371288,378438,1790696860581285710,1790696860581032028,295032,0,0.000000,1,0
471,1,369358,376838,1790696860581705489,1790696860581452913,296686,0,0.764566,1,1
472,1,383638,391998,1790696860582142218,1790696860581881317,260981,0,0.000000,1,0
473,1,377278,384559,1790696860582538656,1790696860582281162,300085,0,0.786874,1,1
474,1,374058,382568,1790696860582964506,1790696860582709566,295580,0,0.000000,1,0
475,1,378758,386118,1790696860583392865,1790696860583135140,297766,0,0.766412,1,1
476,1,377448,386068,1790696860583819274,1790696860583562315,257049,0,0.765729,1,1
477,1,380378,390869,1790696860584216342,1790696860583961419,298594,0,0.000000,1,0
478,1,386718,397788,1790696860584658462,1790696860584391653,266899,0,0.000000,1,0
479,1,392639,402529,1790696860585070891,1790696860584813258,301854,0,0.756353,1,1
480,1,380798,389928,1790696860585507230,1790696860585246532,297739,0,0.000000,1,0
481,1,381078,391388,1790696860585936479,1790696860585673836,262713,0,0.761759,1,1
482,1,375978,385148,1790696860586331158,1790696860586075401,298148,0,0.000000,1,0
483,1,372898,382078,1790696860586757647,1790696860586502665,297803,0,0.000000,1,0
484,1,376818,386008,1790696860587188476,1790696860586932710,297057,0,0.000000,1,0
485,1,377588,386538,1790696860587618885,1790696860587362644,297372,0,0.759188,1,1
486,1,378898,388309,1790696860588050714,1790696860587794508,297257,0,0.757527,1,1
487,1,381819,391709,1790696860588484874,1790696860588222443,262501,0,0.760821,1,1
488,1,373418,383078,1790696860588877132,1790696860588620927,299396,0,0.783742,1,1
489,1,398039,408289,1790696860589329962,1790696860589070001,260051,0,0.743613,1,1
490,1,373638,383228,1790696860589722770,1790696860589467006,299145,0,0.000000,1,0
491,1,381858,392279,1790696860590159399,1790696860589900080,259389,0,0.000000,1,0
492,1,372688,381948,1790696860590551738,1790696860590296555,298844,0,0.785365,1,1
493,1,373528,382928,1790696860590980227,1790696860590724300,297628,0,0.000000,1,0
494,1,376198,385369,1790696860591409696,1790696860591154154,297833,0,0.763054,1,1
495,1,389859,400609,1790696860591853076,1790696860591581888,271278,0,0.000000,1,0
496,1,386179,395439,1790696860592259035,1790696860592003473,299142,0,0.000000,1,0
497,1,374728,383858,1790696860592688504,1790696860592432387,296118,0,0.759826,1,1
498,1,380368,390608,1790696860593120433,1790696860592860401,260112,0,0.000000,1,0
499,1,375698,385088,1790696860593520292,1790696860593264316,300037,0,0.780909,1,1
500,1,374368,383888,1790696860593949971,1790696860593694230,297662,0,0.760221,1,1
501,1,375948,385088,1790696860594379360,1790696860594123195,298016,0,0.000000,1,0
502,1,375688,385508,1790696860594808019,1790696860594550159,298931,0,0.000000,1,0
503,1,378798,388519,1790696860595239098,1790696860594983003,300476,0,0.756392,1,1
504,1,371768,380908,1790696860595666448,1790696860595414558,292631,0,0.000000,1,0
505,1,378518,387838,1790696860596096897,1790696860595838852,298796,0,0.762993,1,1
506,1,374748,383948,1790696860596523456,1790696860596268156,297421,0,0.761157,1,1
507,1,378048,387599,1790696860596954825,1790696860596696781,298345,0,0.000000,1,0
508,1,371508,380509,1790696860597378324,1790696860597124645,297310,0,0.762901,1,1
509,1,373378,382458,1790696860597806454,1790696860597549279,296595,0,0.761012,1,1
510,1,369698,378738,1790696860598226653,1790696860597972904,295409,0,0.000000,1,0
511,1,374358,384088,1790696860598653932,1790696860598396358,257684,0,0.000000,1,0
512,1,384188,394619,1790696860599057060,1790696860598788743,268397,0,0.000000,1,0
513,1,374578,385078,1790696860599451489,1790696860599191298,260271,0,0.000000,1,0
514,1,370838,379898,1790696860599841127,1790696860599585322,299436,0,0.784752,1,1
515,1,373218,382719,1790696860600273366,1790696860600017587,297410,0,0.000000,1,0
516,1,368428,377598,1790696860600694876,1790696860600440691,296195,0,0.760540,1,1
517,1,380268,390048,1790696860601128555,1790696860600870785,297811,0,0.755613,1,1
518,1,377258,386448,1790696860601557114,1790696860601301190,297965,0,0.000000,1,0
519,1,382648,392699,1790696860601993073,1790696860601727734,265409,0,0.000000,1,0
520,1,375748,385168,1790696860602387722,1790696860602130829,300364,0,0.783224,1,1
521,1,375138,384548,1790696860602817871,1790696860602561613,296139,0,0.000000,1,0
522,1,372188,381768,1790696860603241380,1790696860602986407,296754,0,0.000000,1,0
523,1,371798,381759,1790696860603666539,1790696860603412442,295458,0,0.000000,1,0
524,1,378759,388869,1790696860604097879,1790696860603838426,259523,0,0.762848,1,1
525,1,378268,387438,1790696860604495717,1790696860604237601,302127,0,0.785263,1,1
526,1,375328,395219,1790696860604926836,1790696860604670495,298832,0,0.000000,1,0
527,1,378928,387768,1790696860605359796,1790696860605101739,300217,0,0.763146,1,1
528,1,374018,391808,1790696860605787385,1790696860605533094,299032,0,0.000000,1,0
529,1,391438,401159,1790696860606238384,1790696860605970348,298797,0,0.755008,1,1
530,1,373488,382548,1790696860606653963,1790696860606401462,294332,0,0.757762,1,1
531,1,379518,389029,1790696860607089302,1790696860606832376,298397,0,0.758324,1,1
532,1,376118,385518,1790696860607518192,1790696860607261781,296171,0,0.000000,1,0
533,1,373418,382628,1790696860607942721,1790696860607686455,298287,0,0.000000,1,0
534,1,374128,383668,1790696860608370010,1790696860608114199,298432,0,0.758710,1,1
535,1,377738,387178,1790696860608801489,1790696860608540244,301996,0,0.000000,1,0
536,1,379868,390799,1790696860609236538,1790696860608977628,258990,0,0.000000,1,0
537,1,374128,383148,1790696860609630237,1790696860609373973,300165,0,0.784376,1,1
538,1,374878,384308,1790696860610060406,1790696860609804227,296330,0,0.000000,1,0
539,1,375028,384148,1790696860610486655,1790696860610230951,297125,0,0.000000,1,0
540,1,374728,383979,1790696860610913974,1790696860610656966,298519,0,0.762116,1,1
541,1,375328,384339,1790696860611342043,1790696860611086760,296824,0,0.000000,1,0
542,1,373128,383068,1790696860611767933,1790696860611512724,300770,0,0.000000,1,0
543,1,383028,392888,1790696860612207622,1790696860611944988,262724,0,0.000000,1,0
544,1,376949,386849,1790696860612603051,1790696860612343213,259928,0,0.000000,1,0
545,1,383028,392448,1790696860613004369,1790696860612746798,305832,0,0.000000,1,0
546,1,375618,384999,1790696860613439498,1790696860613184002,295957,0,0.000000,1,0
547,1,378708,388768,1790696860613869758,1790696860613609576,260272,0,0.765163,1,1
548,1,376768,386939,1790696860614268326,1790696860614010521,257905,0,0.000000,1,0
549,1,374908,384008,1790696860614661645,1790696860614404596,300730,0,0.000000,1,0
550,1,380788,391238,1790696860615097474,1790696860614837420,260144,0,0.000000,1,0
551,1,386409,396189,1790696860615503503,1790696860615239885,263698,0,0.000000,1,0
552,1,376278,385758,1790696860615898081,1790696860615639819,301143,0,0.000000,1,0
553,1,376428,386279,1790696860616328620,1790696860616071804,297677,0,0.761019,1,1
554,1,372648,381748,1790696860616753540,1790696860616498238,300853,0,0.000000,1,0
555,1,381208,390398,1790696860617191439,1790696860616936852,295018,0,0.000000,1,0
556,1,375388,384618,1790696860617619738,1790696860617364127,296932,0,0.763221,1,1
557,1,382579,392299,1790696860618054678,1790696860617796491,299177,0,0.755159,1,1
558,1,377278,387028,1790696860618484787,1790696860618229295,298643,0,0.000000,1,0
559,1,374188,383288,1790696860618913746,1790696860618657140,300487,0,0.000000,1,0
560,1,378668,387888,1790696860619347765,1790696860619092874,297842,0,0.000000,1,0
561,1,371958,381229,1790696860619774104,1790696860619518788,298547,0,0.000000,1,0
562,1,384728,394398,1790696860620216014,1790696860619951562,297253,0,0.000000,1,0
563,1,374208,383358,1790696860620634153,1790696860620381197,294977,0,0.759901,1,1
564,1,384928,394288,1790696860621072092,1790696860620816671,296242,0,0.753839,1,1
565,1,374808,384119,1790696860621498991,1790696860621243055,296747,0,0.763543,1,1
566,1,379229,389439,1790696860621930041,1790696860621669680,260451,0,0.000000,1,0
567,1,375978,385098,1790696860622324929,1790696860622068014,301216,0,0.000000,1,0
568,1,372718,382358,1790696860622753128,1790696860622499129,301180,0,0.760867,1,1
569,1,383799,393399,1790696860623195928,1790696860622935543,298575,0,0.754096,1,1
570,1,375338,384528,1790696860623620717,1790696860623363857,297941,0,0.000000,1,0
571,1,377578,386778,1790696860624050476,1790696860623792712,298555,0,0.000000,1,0
572,1,373248,382478,1790696860624475635,1790696860624221416,297330,0,0.758406,1,1
573,1,374768,385298,1790696860624904624,1790696860624646860,257844,0,0.000000,1,0
574,1,373488,383569,1790696860625297312,1790696860625041605,298068,0,0.786481,1,1
575,1,378138,388108,1790696860625729592,1790696860625469389,260293,0,0.000000,1,0
576,1,377988,387848,1790696860626126500,1790696860625867684,302127,0,0.000000,1,0
577,1,376268,385529,1790696860626557559,1790696860626298898,298992,0,0.000000,1,0
578,1,374678,384188,1790696860626983699,1790696860626727183,305217,0,0.758868,1,1
579,1,377688,386888,1790696860627422008,1790696860627165227,297442,0,0.758550,1,1
580,1,375428,384918,1790696860627849057,1790696860627593001,297677,0,0.760350,1,1
581,1,379108,388979,1790696860628281046,1790696860628021136,259980,0,0.764031,1,1
582,1,372568,381698,1790696860628671815,1790696860628417310,298876,0,0.783051,1,1
583,1,383468,393499,1790696860629110804,1790696860628846935,263949,0,0.760669,1,1
584,1,379118,388238,1790696860629508153,1790696860629250529,300605,0,0.000000,1,0
585,1,376958,386138,1790696860629939342,1790696860629681244,299209,0,0.758603,1,1
586,1,375828,385088,1790696860630367971,1790696860630110998,296004,0,0.768322,1,1
587,1,369458,383379,1790696860630787710,1790696860630535312,298509,0,0.000000,1,0
588,1,380439,390078,1790696860631225720,1790696860630967507,258273,0,0.000000,1,0
589,1,373798,382988,1790696860631617478,1790696860631361921,299468,0,0.000000,1,0
590,1,378618,388649,1790696860632051077,1790696860631793486,298992,0,0.757610,1,1
591,1,382668,392468,1790696860632486507,1790696860632223250,263327,0,0.000000,1,0
592,1,374508,383808,1790696860632879015,1790696860632621985,299811,0,0.000000,1,0
593,1,387089,396949,1790696860633320295,1790696860633063779,297316,0,0.000000,1,0
594,1,377138,387318,1790696860633753004,1790696860633492923,260161,0,0.000000,1,0
595,1,390339,402259,1790696860634162853,1790696860633894218,301775,0,0.779302,1,1
596,1,374538,383688,1790696860634581832,1790696860634324552,297091,0,0.000000,1,0
597,1,382688,393038,1790696860635015681,1790696860634756416,299896,0,0.755848,1,1
598,1,374688,384408,1790696860635442250,1790696860635186101,297530,0,0.000000,1,0
599,1,380138,388149,1790696860635872669,1790696860635610605,262124,0,0.000000,1,0
600,1,373338,380638,1790696860636264908,1790696860636009250,299379,0,0.000000,1,0
601,1,374278,381418,1790696860636691757,1790696860636434634,257223,0,0.762139,1,1
602,1,379008,389869,1790696860637086005,1790696860636824199,261896,0,0.791926,1,1
603,1,379618,389658,1790696860637485394,1790696860637225334,260130,0,0.000000,1,0
604,1,379588,389329,1790696860637883152,1790696860637621048,262174,0,0.000000,1,0
605,1,377168,386378,1790696860638278401,1790696860638020513,301039,0,0.782480,1,1
606,1,374318,383538,1790696860638707030,1790696860638453577,294504,0,0.000000,1,0
607,1,379308,388878,1790696860639138499,1790696860638879692,300498,0,0.762680,1,1
608,1,379698,390329,1790696860639571028,1790696860639311896,259212,0,0.756338,1,1
609,1,376268,386318,1790696860639966467,1790696860639707161,300217,0,0.789862,1,1
610,1,376908,386768,1790696860640395686,1790696860640138845,298412,0,0.760175,1,1
611,1,377498,386828,1790696860640825795,1790696860640568429,308047,0,0.764850,1,1
612,1,380848,390998,1790696860641268855,1790696860641010623,297602,0,0.747646,1,1
613,1,375398,385668,1790696860641694874,1790696860641439158,297187,0,0.758868,1,1
614,1,378968,388308,1790696860642132793,1790696860641875312,296372,0,0.756883,1,1
615,1,381548,391529,1790696860642564362,1790696860642301566,262896,0,0.000000,1,0
616,1,374868,384148,1790696860642957431,1790696860642700031,300401,0,0.784478,1,1
617,1,379208,388608,1790696860643390800,1790696860643133985,297406,0,0.000000,1,0
618,1,379358,389159,1790696860643821789,1790696860643560969,260900,0,0.000000,1,0
619,1,377358,386758,1790696860644217068,1790696860643960714,298585,0,0.779902,1,1
620,1,373488,382718,1790696860644643897,1790696860644387949,297519,0,0.756663,1,1
621,1,376498,386199,1790696860645076036,1790696860644818073,298004,0,0.757322,1,1
622,1,374808,384129,1790696860645502265,1790696860645246487,297449,0,0.759150,1,1
623,1,375338,385288,1790696860645930435,1790696860645672892,301424,0,0.000000,1,0
624,1,387578,396818,1790696860646373184,1790696860646116996,297089,0,0.750454,1,1
625,1,376798,386359,1790696860646802023,1790696860646542300,299724,0,0.000000,1,0
626,1,379518,389848,1790696860647236073,1790696860646977414,298380,0,0.000000,1,0
627,1,376038,386438,1790696860647663162,1790696860647406799,297544,0,0.000000,1,0
628,1,386938,397479,1790696860648102801,1790696860647835993,266878,0,0.759385,1,1
629,1,378228,387318,1790696860648499780,1790696860648242198,301653,0,0.000000,1,0
630,1,376628,390288,1790696860648931829,1790696860648673132,298388,0,0.000000,1,0
631,1,377948,387818,1790696860649360788,1790696860649103486,301153,0,0.760966,1,1
632,1,374358,388069,1790696860649790047,1790696860649536620,296368,0,0.757293,1,1
633,1,379938,389228,1790696860650224237,1790696860649966225,298653,0,0.757822,1,1
634,1,371448,381248,1790696860650647506,1790696860650394039,296068,0,0.000000,1,0
635,1,376328,385588,1790696860651077745,1790696860650821263,297413,0,0.000000,1,0
636,1,378788,388049,1790696860651508444,1790696860651248558,297447,0,0.758284,1,1
637,1,378219,388849,1790696860651935244,1790696860651675432,259892,0,0.000000,1,0
638,1,376908,386058,1790696860652331142,1790696860652073807,299546,0,0.000000,1,0
639,1,371668,381158,1790696860652756181,1790696860652501291,302251,0,0.000000,1,0
640,1,378279,387489,1790696860653193021,1790696860652935725,297346,0,0.751326,1,1
641,1,378138,388568,1790696860653622460,1790696860653361260,261280,0,0.000000,1,0
642,1,387308,398209,1790696860654028468,1790696860653769764,301075,0,0.000000,1,0
643,1,381398,392508,1790696860654464008,1790696860654204899,297300,0,0.000000,1,0
644,1,378508,390678,1790696860654892147,1790696860654633443,297645,0,0.760775,1,1
645,1,388438,399769,1790696860655330856,1790696860655064507,298390,0,0.000000,1,0
646,1,376708,387179,1790696860655751215,1790696860655495272,297394,0,0.757019,1,1
647,1,386818,398098,1790696860656195975,1790696860655931556,264479,0,0.000000,1,0
648,1,380549,393369,1790696860656596664,1790696860656334600,302274,0,0.000000,1,0
649,1,385868,396758,1790696860657035413,1790696860656774915,298809,0,0.000000,1,0
650,1,385838,397439,1790696860657471132,1790696860657207469,263833,0,0.758277,1,1
651,1,380248,392118,1790696860657877261,1790696860657615924,261417,0,0.000000,1,0
652,1,374298,383879,1790696860658271979,1790696860658017158,299072,0,0.782230,1,1
653,1,373057,382528,1790696860658700558,1790696860658444413,296756,0,0.000000,1,0
654,1,380338,390348,1790696860659132618,1790696860658871927,260761,0,0.000000,1,0
655,1,377948,389168,1790696860659528726,1790696860659269742,305145,0,0.788205,1,1
656,1,378358,389019,1790696860659964505,1790696860659704206,260369,0,0.000000,1,0
657,1,379458,390228,1790696860660362944,1790696860660107091,298704,0,0.780971,1,1
658,1,379678,389218,1790696860660800403,1790696860660538895,299569,0,0.000000,1,0
659,1,377908,389629,1790696860661227762,1790696860660971759,296044,0,0.755160,1,1
660,1,371027,381968,1790696860661650091,1790696860661397013,295119,0,0.000000,1,0
661,1,379158,390238,1790696860662082701,1790696860661823938,308324,0,0.000000,1,0
662,1,378928,388448,1790696860662522520,1790696860662265932,298239,0,0.749285,1,1
663,1,381539,393039,1790696860662956840,1790696860662693006,263914,0,0.000000,1,0
664,1,377828,387678,1790696860663357978,1790696860663100841,299288,0,0.000000,1,0
665,1,375568,388429,1790696860663786727,1790696860663531525,299353,0,0.000000,1,0
666,1,376328,385308,1790696860664218597,1790696860663963099,296508,0,0.000000,1,0
667,1,372898,381988,1790696860664643546,1790696860664388463,297224,0,0.000000,1,0
668,1,378508,388798,1790696860665075245,1790696860664814958,260377,0,0.000000,1,0
669,1,375748,385039,1790696860665469553,1790696860665212463,301131,0,0.783372,1,1
670,1,380208,390378,1790696860665904953,1790696860665645337,259706,0,0.000000,1,0
671,1,375968,387529,1790696860666304351,1790696860666047521,301801,0,0.000000,1,0
672,1,371728,379508,1790696860666730130,1790696860666475606,297945,0,0.761255,1,1
673,1,376408,383528,1790696860667158750,1790696860666903600,297041,0,0.762902,1,1
674,1,371908,379078,1790696860667581209,1790696860667327225,295595,0,0.000000,1,0
675,1,378378,385118,1790696860668009838,1790696860667753449,298500,0,0.000000,1,0
676,1,375138,382628,1790696860668435977,1790696860668180393,296885,0,0.000000,1,0
677,1,375898,382878,1790696860668861796,1790696860668606818,305849,0,0.766832,1,1
678,1,377119,384908,1790696860669298876,1790696860669042232,296274,0,0.755839,1,1
679,1,374378,381788,1790696860669721915,1790696860669462866,259129,0,0.000000,1,0
680,1,374208,381908,1790696860670111613,1790696860669852671,259012,0,0.000000,1,0
681,1,368528,375048,1790696860670496061,1790696860670240476,299396,0,0.000000,1,0
682,1,369738,376708,1790696860670918290,1790696860670662590,297061,0,0.000000,1,0
683,1,374628,381939,1790696860671343589,1790696860671085805,257864,0,0.766993,1,1
684,1,367098,374028,1790696860671726788,1790696860671473870,298809,0,0.788363,1,1
685,1,373848,380978,1790696860672159957,1790696860671905304,297504,0,0.753327,1,1
686,1,372948,380518,1790696860672584756,1790696860672327268,257578,0,0.762041,1,1
687,1,366648,374258,1790696860672967424,1790696860672713713,299512,0,0.000000,1,0
688,1,384899,391289,1790696860673407134,1790696860673152967,296298,0,0.000000,1,0
689,1,370558,378058,1790696860673831773,1790696860673577082,296682,0,0.000000,1,0
690,1,372178,378378,1790696860674254792,1790696860674000376,297557,0,0.000000,1,0
691,1,373038,380468,1790696860674679751,1790696860674423311,256520,0,0.000000,1,0
692,1,374368,381178,1790696860675069759,1790696860674815785,299565,0,0.000000,1,0
693,1,377728,385049,1790696860675501858,1790696860675242700,259238,0,0.759347,1,1
694,1,379248,386398,1790696860675896537,1790696860675633235,299273,0,0.788024,1,1
695,1,381028,388138,1790696860676322266,1790696860676059999,262327,0,0.000000,1,0
696,1,373358,379778,1790696860676710944,1790696860676454494,300731,0,0.000000,1,0
697,1,372088,379458,1790696860677136023,1790696860676881378,296656,0,0.760951,1,1
698,1,373918,380529,1790696860677561012,1790696860677306003,295730,0,0.000000,1,0
699,1,382068,389738,1790696860677995972,1790696860677737807,258265,0,0.756603,1,1
700,1,376788,383938,1790696860678388530,1790696860678130242,258358,0,0.789672,1,1
701,1,375938,383408,1790696860678782389,1790696860678523216,259243,0,0.000000,1,0
702,1,375098,382468,1790696860679177477,1790696860678922371,299187,0,0.000000,1,0
703,1,377648,384778,1790696860679608006,1790696860679347235,260841,0,0.760807,1,1
704,1,377588,384198,1790696860680000735,1790696860679744710,298906,0,0.000000,1,0
705,1,370468,377068,1790696860680422904,1790696860680169415,295360,0,0.758815,1,1
706,1,369428,376388,1790696860680846183,1790696860680591269,296615,0,0.762116,1,1
707,1,372638,382468,1790696860681269912,1790696860681016283,296860,0,0.759705,1,1
708,1,372008,381138,1790696860681696381,1790696860681444428,294884,0,0.000000,1,0
709,1,380218,390559,1790696860682130670,1790696860681869922,260848,0,0.000000,1,0
710,1,376528,385918,1790696860682526179,1790696860682268717,311133,0,0.784368,1,1
711,1,381309,391539,1790696860682972689,1790696860682708801,263968,0,0.000000,1,0
712,1,376838,386088,1790696860683368657,1790696860683111836,301042,0,0.777729,1,1
713,1,380278,390079,1790696860683804436,1790696860683541640,262876,0,0.000000,1,0
714,1,376168,385188,1790696860684199275,1790696860683944085,298481,0,0.000000,1,0
715,1,370338,379218,1790696860684624324,1790696860684370879,295806,0,0.759993,1,1
716,1,376208,386188,1790696860685053973,1790696860684803543,290971,0,0.000000,1,0
717,1,376998,386229,1790696860685482922,1790696860685225508,298855,0,0.000000,1,0
718,1,382578,394528,1790696860685918092,1790696860685658442,259730,0,0.000000,1,0
719,1,379858,387488,1790696860686319130,1790696860686057917,261293,0,0.000000,1,0
720,1,373028,379778,1790696860686708679,1790696860686452281,298119,0,0.788112,1,1
721,1,374198,381478,1790696860687136728,1790696860686880656,297213,0,0.757822,1,1
722,1,372658,379768,1790696860687559637,1790696860687303870,298348,0,0.000000,1,0
723,1,378018,384698,1790696860687988856,1790696860687729625,300502,0,0.763985,1,1
724,1,374678,381778,1790696860688413825,1790696860688156869,257046,0,0.000000,1,0
725,1,375238,381808,1790696860688804524,1790696860688546334,298681,0,0.000000,1,0
726,1,374918,382098,1790696860689228693,1790696860688973098,306726,0,0.758058,1,1
727,1,383538,391308,1790696860689672712,1790696860689412742,260070,0,0.000000,1,0
728,1,377378,385048,1790696860690068761,1790696860689808777,260074,0,0.000000,1,0
729,1,371968,378488,1790696860690457339,1790696860690202292,299408,0,0.000000,1,0
730,1,371368,377908,1790696860690881718,1790696860690626566,296973,0,0.000000,1,0
731,1,373378,380058,1790696860691305667,1790696860691050310,297278,0,0.763207,1,1
732,1,371338,378088,1790696860691727666,1790696860691472395,296362,0,0.767039,1,1
733,1,372318,378888,1790696860692149705,1790696860691894139,296617,0,0.000000,1,0
734,1,374988,382248,1790696860692574964,1790696860692319383,255681,0,0.000000,1,0
735,1,376548,384839,1790696860692967222,1790696860692705728,261654,0,0.793607,1,1
736,1,375388,382468,1790696860693359511,1790696860693103413,298829,0,0.787000,1,1
737,1,371348,377838,1790696860693782420,1790696860693527977,297094,0,0.765653,1,1
738,1,380238,386818,1790696860694215189,1790696860693958312,298868,0,0.000000,1,0
739,1,372358,378848,1790696860694638328,1790696860694384016,296603,0,0.000000,1,0
740,1,376489,383309,1790696860695065718,1790696860694809560,297728,0,0.764216,1,1
741,1,376198,383438,1790696860695492477,1790696860695235085,298693,0,0.000000,1,0
742,1,374738,381418,1790696860695917236,1790696860695660239,306328,0,0.762109,1,1
743,1,374848,381738,1790696860696350285,1790696860696094543,302783,0,0.000000,1,0
744,1,371398,377798,1790696860696777524,1790696860696523828,297707,0,0.000000,1,0
745,1,379249,386389,1790696860697209684,1790696860696952842,298982,0,0.000000,1,0
746,1,374928,381448,1790696860697635473,1790696860697378486,298088,0,0.000000,1,0
747,1,376718,383488,1790696860698062052,1790696860697805471,298502,0,0.758679,1,1
748,1,375948,382328,1790696860698488541,1790696860698233915,295557,0,0.763222,1,1
749,1,370798,377878,1790696860698908980,1790696860698653680,297041,0,0.000000,1,0
750,1,376838,383998,1790696860699336259,1790696860699077924,258395,0,0.000000,1,0
751,1,374349,381379,1790696860699726068,1790696860699470179,303960,0,0.000000,1,0
752,1,383938,390898,1790696860700167177,1790696860699911823,298475,0,0.000000,1,0
753,1,375488,382088,1790696860700598796,1790696860700341757,296260,0,0.000000,1,0
754,1,375708,383169,1790696860701022435,1790696860700766952,297574,0,0.762939,1,1
755,1,378379,385449,1790696860701451875,1790696860701195726,297679,0,0.760836,1,1
756,1,374808,381378,1790696860701877094,1790696860701620220,297615,0,0.761370,1,1
757,1,373638,380258,1790696860702300093,1790696860702044695,298399,0,0.761948,1,1
758,1,375268,382468,1790696860702727082,1790696860702468409,258753,0,0.000000,1,0
759,1,384219,391179,1790696860703127281,1790696860702863414,302027,0,0.782339,1,1
760,1,374718,381188,1790696860703549030,1790696860703293008,297272,0,0.000000,1,0
761,1,374968,381378,1790696860703974009,1790696860703716403,298127,0,0.765277,1,1
762,1,373338,380078,1790696860704396498,1790696860704141347,296592,0,0.770476,1,1
763,1,372748,379268,1790696860704819277,1790696860704562551,296497,0,0.769707,1,1
764,1,376188,383378,1790696860705244086,1790696860704989476,296941,0,0.000000,1,0
765,1,374198,380718,1790696860705669505,1790696860705414460,296526,0,0.765355,1,1
766,1,376118,382668,1790696860706095824,1790696860705837204,299581,0,0.000000,1,0
767,1,375278,382528,1790696860706520863,1790696860706263939,301985,0,0.764826,1,1
768,1,379009,386319,1790696860706953833,1790696860706695983,298460,0,0.000000,1,0
769,1,374998,381798,1790696860707378552,1790696860707122397,299476,0,0.763399,1,1
770,1,374208,380958,1790696860707808691,1790696860707551432,297150,0,0.000000,1,0
771,1,378648,385228,1790696860708236080,1790696860707979866,297075,0,0.758945,1,1
772,1,371788,378738,1790696860708657329,1790696860708402561,297439,0,0.761544,1,1
773,1,382628,392699,1790696860709091228,1790696860708833665,299114,0,0.760540,1,1
774,1,376488,385528,1790696860709520698,1790696860709264019,298470,0,0.756437,1,1
775,1,389758,400458,1790696860709963427,1790696860709691793,271734,0,0.760785,1,1
776,1,378029,387559,1790696860710360996,1790696860710103558,299148,0,0.773966,1,1
777,1,372738,390258,1790696860710786735,1790696860710531302,300654,0,0.761279,1,1
778,1,385538,395478,1790696860711229424,1790696860710966787,262737,0,0.000000,1,0
779,1,374628,383989,1790696860711622742,1790696860711366291,300382,0,0.782253,1,1
780,1,380008,389278,1790696860712057982,1790696860711799226,299837,0,0.756784,1,1
781,1,381228,390438,1790696860712491391,1790696860712233500,298492,0,0.754985,1,1
782,1,375888,385938,1790696860712918990,1790696860712661814,299287,0,0.760662,1,1
783,1,376978,385969,1790696860713349719,1790696860713092088,303302,0,0.760237,1,1
784,1,372958,382128,1790696860713779679,1790696860713524623,300157,0,0.000000,1,0
785,1,381768,391808,1790696860714220938,1790696860713961357,259691,0,0.000000,1,0
786,1,375499,384629,1790696860714615327,1790696860714358272,300735,0,0.786992,1,1
787,1,382948,393098,1790696860715053326,1790696860714792746,260650,0,0.757914,1,1
788,1,380428,390359,1790696860715452374,1790696860715191021,261433,0,0.000000,1,0
789,1,378048,388018,1790696860715848823,1790696860715588625,260268,0,0.786199,1,1
790,1,378048,387249,1790696860716245141,1790696860715989940,299402,0,0.785946,1,1
791,1,373558,382868,1790696860716677491,1790696860716421774,300418,0,0.000000,1,0
792,1,385958,396038,1790696860717119260,1790696860716851319,300252,0,0.757329,1,1
793,1,381298,391179,1790696860717544119,1790696860717282673,261526,0,0.000000,1,0
794,1,376858,387088,1790696860717939078,1790696860717681048,301261,0,0.787496,1,1
795,1,379538,389728,1790696860718373767,1790696860718114432,300276,0,0.000000,1,0
796,1,378628,389019,1790696860718804426,1790696860718544296,300031,0,0.761819,1,1
797,1,380028,389218,1790696860719235736,1790696860718976950,299347,0,0.754948,1,1
798,1,374858,384408,1790696860719662285,1790696860719405635,297811,0,0.000000,1,0
799,1,381778,391898,1790696860720096404,1790696860719836529,303886,0,0.758360,1,1
800,1,377528,386589,1790696860720529393,1790696860720272043,298501,0,0.753395,1,1
801,1,376508,385798,1790696860720958143,1790696860720698487,299026,0,0.760449,1,1
802,1,375158,384418,1790696860721383902,1790696860721127622,299451,0,0.763748,1,1
803,1,377188,386328,1790696860721815841,1790696860721556936,299766,0,0.760571,1,1
804,1,377858,387028,1790696860722245670,1790696860721990690,297181,0,0.754428,1,1
805,1,371908,380859,1790696860722670909,1790696860722417045,297275,0,0.761887,1,1
806,1,377778,387518,1790696860723103119,1790696860722844969,299511,0,0.764016,1,1
807,1,378028,388238,1790696860723533738,1790696860723274863,302596,0,0.756044,1,1
808,1,376178,385668,1790696860723964887,1790696860723705588,307710,0,0.000000,1,0
809,1,380009,389719,1790696860724405827,1790696860724147292,299305,0,0.000000,1,0
810,1,377118,386728,1790696860724834826,1790696860724579066,296921,0,0.757967,1,1
811,1,380038,390768,1790696860725267495,1790696860725009250,298386,0,0.000000,1,0
812,1,374668,384478,1790696860725693804,1790696860725439175,296340,0,0.000000,1,0
813,1,373648,382828,1790696860726120623,1790696860725863669,298905,0,0.000000,1,0
814,1,376188,385449,1790696860726550072,1790696860726292723,298170,0,0.760092,1,1
815,1,378238,388198,1790696860726980352,1790696860726716038,264384,0,0.000000,1,0
816,1,383508,393098,1790696860727384830,1790696860727128492,299649,0,0.000000,1,0
817,1,374408,383539,1790696860727813809,1790696860727554267,300463,0,0.000000,1,0
818,1,375788,384918,1790696860728241709,1790696860727987551,295768,0,0.752220,1,1
819,1,374598,384038,1790696860728669168,1790696860728411705,300784,0,0.000000,1,0
820,1,385788,396078,1790696860729109437,1790696860728846370,263157,0,0.000000,1,0
821,1,377859,387339,1790696860729505986,1790696860729248884,301783,0,0.781284,1,1
822,1,375698,385188,1790696860729937455,1790696860729679049,299597,0,0.000000,1,0
823,1,376168,385468,1790696860730365994,1790696860730109403,302732,0,0.760996,1,1
824,1,379478,388989,1790696860730802723,1790696860730540587,300407,0,0.000000,1,0
825,1,387599,398179,1790696860731240113,1790696860730973571,299783,0,0.000000,1,0
826,1,372148,382068,1790696860731656682,1790696860731401736,296217,0,0.760958,1,1
827,1,378198,388148,1790696860732087341,1790696860731828360,299262,0,0.761210,1,1
828,1,382248,393069,1790696860732521130,1790696860732259064,262266,0,0.755712,1,1
829,1,378328,391468,1790696860732918579,1790696860732658499,299031,0,0.000000,1,0
830,1,379438,388898,1790696860733348038,1790696860733088633,297506,0,0.000000,1,0
831,1,375648,385288,1790696860733773037,1790696860733515228,307310,0,0.000000,1,0
832,1,380249,389599,1790696860734213957,1790696860733954352,299005,0,0.000000,1,0
833,1,374458,384468,1790696860734639186,1790696860734382236,299511,0,0.759522,1,1
834,1,379828,389248,1790696860735073025,1790696860734813371,299095,0,0.757610,1,1
835,1,381828,391279,1790696860735505624,1790696860735246625,294960,0,0.000000,1,0
836,1,374928,384479,1790696860735927663,1790696860735672209,296425,0,0.000000,1,0
837,1,372718,381969,1790696860736352542,1790696860736096664,298279,0,0.763916,1,1
838,1,371418,380828,1790696860736777412,1790696860736522878,298565,0,0.000000,1,0
839,1,378938,388198,1790696860737211941,1790696860736954572,302280,0,0.761385,1,1
840,1,372458,382538,1790696860737640480,1790696860737385357,295924,0,0.756580,1,1
841,1,381748,393429,1790696860738074469,1790696860737814821,309290,0,0.761658,1,1
842,1,378588,388718,1790696860738514509,1790696860738254985,299085,0,0.753508,1,1
843,1,378898,390818,1790696860738944218,1790696860738684849,298900,0,0.000000,1,0
844,1,380768,392169,1790696860739376067,1790696860739115684,299614,0,0.760388,1,1
845,1,384489,397319,1790696860739811467,1790696860739547238,264319,0,0.000000,1,0
846,1,377318,387868,1790696860740209975,1790696860739952793,301693,0,0.000000,1,0
847,1,384209,398179,1790696860740650405,1790696860740386297,264308,0,0.000000,1,0
848,1,382419,393399,1790696860741060434,1790696860740808761,293683,0,0.756733,1,1
849,1,387668,399458,1790696860741501583,1790696860741233826,267927,0,0.763504,1,1
850,1,381608,392199,1790696860741903521,1790696860741640330,263261,0,0.778180,1,1
851,1,377708,386928,1790696860742300130,1790696860742042405,301906,0,0.000000,1,0
852,1,376008,385298,1790696860742731699,1790696860742475729,297191,0,0.000000,1,0
853,1,384048,394329,1790696860743168098,1790696860742907623,260555,0,0.000000,1,0
854,1,373088,384158,1790696860743560267,1790696860743303448,299090,0,0.785318,1,1
855,1,386938,398559,1790696860744001456,1790696860743730632,270914,0,0.000000,1,0
856,1,377078,387318,1790696860744399625,1790696860744142307,300969,0,0.000000,1,0
857,1,378838,389128,1790696860744833364,1790696860744571331,262133,0,0.000000,1,0
858,1,388169,401129,1790696860745240043,1790696860744972676,301467,0,0.000000,1,0
859,1,374618,385288,1790696860745660062,1790696860745403270,297283,0,0.000000,1,0
860,1,377088,387688,1790696860746088751,1790696860745829964,298948,0,0.760457,1,1
861,1,375588,385138,1790696860746520750,1790696860746265839,296232,0,0.757329,1,1
862,1,375658,386939,1790696860746949059,1790696860746690463,298507,0,0.764100,1,1
863,1,375349,385059,1790696860747375679,1790696860747118947,303123,0,0.000000,1,0
864,1,376798,385928,1790696860747810018,1790696860747548932,298927,0,0.774338,1,1
865,1,376838,386088,1790696860748236007,1790696860747980866,296912,0,0.756822,1,1
866,1,373518,382598,1790696860748662426,1790696860748405690,298357,0,0.000000,1,0
867,1,381438,390609,1790696860749096585,1790696860748835705,300701,0,0.758436,1,1
868,1,378998,388398,1790696860749526625,1790696860749270509,298207,0,0.000000,1,0
869,1,377848,387708,1790696860749960864,1790696860749700293,301322,0,0.763451,1,1
870,1,377488,387058,1790696860750390363,1790696860750133277,299527,0,0.759727,1,1
871,1,381969,393579,1790696860750826143,1790696860750562192,264041,0,0.000000,1,0
872,1,378098,388038,1790696860751224051,1790696860750966536,300576,0,0.000000,1,0
873,1,372938,383158,1790696860751651150,1790696860751395421,297820,0,0.757125,1,1
874,1,377038,386269,1790696860752081539,1790696860751822725,308776,0,0.763267,1,1
875,1,375988,385658,1790696860752519199,1790696860752262539,298561,0,0.749877,1,1
876,1,379178,389118,1790696860752955038,1790696860752695123,298876,0,0.757619,1,1
877,1,380618,390399,1790696860753385897,1790696860753124408,261569,0,0.760737,1,1
878,1,372938,382108,1790696860753776856,1790696860753521393,301904,0,0.000000,1,0
879,1,385888,395689,1790696860754220465,1790696860753954437,266108,0,0.760479,1,1
880,1,388548,398138,1790696860754630134,1790696860754372321,301084,0,0.768476,1,1
881,1,379458,389469,1790696860755063993,1790696860754802816,261257,0,0.759415,1,1
882,1,373058,382588,1790696860755455552,1790696860755199030,300743,0,0.787535,1,1
883,1,374848,384858,1790696860755885831,1790696860755627715,299437,0,0.762222,1,1
884,1,380498,391069,1790696860756319330,1790696860756057849,261591,0,0.758733,1,1
885,1,373958,383648,1790696860756712549,1790696860756456034,301426,0,0.783427,1,1
886,1,384488,394059,1790696860757153428,1790696860756893548,299531,0,0.000000,1,0
887,1,376678,386189,1790696860757581007,1790696860757323412,302546,0,0.000000,1,0
888,1,382808,391708,1790696860758020337,1790696860757760846,299722,0,0.000000,1,0
889,1,376848,386858,1790696860758448546,1790696860758189171,259455,0,0.000000,1,0
890,1,374478,384008,1790696860758841675,1790696860758584086,301249,0,0.793051,1,1
891,1,381468,390578,1790696860759278224,1790696860759013360,298735,0,0.000000,1,0
892,1,370998,380338,1790696860759694383,1790696860759438854,297420,0,0.762742,1,1
893,1,378258,387388,1790696860760125892,1790696860759869029,299354,0,0.000000,1,0
894,1,377948,387739,1790696860760557461,1790696860760296863,260678,0,0.760654,1,1
895,1,371698,381228,1790696860760947200,1790696860760690808,303723,0,0.789996,1,1
896,1,375828,384938,1790696860761381689,1790696860761124062,298748,0,0.000000,1,0
897,1,380858,390578,1790696860761814888,1790696860761555046,300153,0,0.000000,1,0
898,1,379628,388669,1790696860762246707,1790696860761990150,299758,0,0.000000,1,0
899,1,375258,384408,1790696860762676337,1790696860762419975,298953,0,0.757208,1,1
900,1,380188,389948,1790696860763110276,1790696860762850779,299048,0,0.759173,1,1
901,1,375958,385008,1790696860763536985,1790696860763277673,299133,0,0.762071,1,1
902,1,373718,382968,1790696860763961874,1790696860763703778,297787,0,0.000000,1,0
903,1,378338,387488,1790696860764390983,1790696860764133222,301712,0,0.763375,1,1
904,1,376238,386509,1790696860764822442,1790696860764563126,299937,0,0.000000,1,0
905,1,379188,388418,1790696860765253932,1790696860764997351,299032,0,0.000000,1,0
906,1,376418,386418,1790696860765684021,1790696860765424715,259386,0,0.761012,1,1
907,1,377758,387029,1790696860766080029,1790696860765822300,310140,0,0.782785,1,1
908,1,376678,385708,1790696860766520529,1790696860766262824,299036,0,0.000000,1,0
909,1,378238,387598,1790696860766951278,1790696860766690708,300551,0,0.000000,1,0
910,1,373148,382338,1790696860767375887,1790696860767121073,296465,0,0.758770,1,1
911,1,375348,384659,1790696860767804156,1790696860767543697,302890,0,0.000000,1,0
912,1,377418,386708,1790696860768238766,1790696860767984541,295536,0,0.000000,1,0
913,1,376478,385728,1790696860768668115,1790696860768411736,299280,0,0.767293,1,1
914,1,387698,397859,1790696860769109794,1790696860768850910,299975,0,0.751182,1,1
915,1,376739,385879,1790696860769539084,1790696860769281654,299250,0,0.000000,1,0
916,1,374208,383618,1790696860769966463,1790696860769708608,297936,0,0.000000,1,0
917,1,376298,385758,1790696860770394012,1790696860770136773,299970,0,0.000000,1,0
918,1,374748,384488,1790696860770822771,1790696860770565517,298995,0,0.762489,1,1
919,1,378908,387989,1790696860771255000,1790696860770998361,301410,0,0.755160,1,1
920,1,371508,381158,1790696860771682430,1790696860771428215,295635,0,0.000000,1,0
921,1,380108,389348,1790696860772115289,1790696860771855330,300730,0,0.000000,1,0
922,1,376148,385318,1790696860772543908,1790696860772285474,299475,0,0.760517,1,1
923,1,378018,387758,1790696860772974197,1790696860772713138,261139,0,0.762513,1,1
924,1,389288,399068,1790696860773381826,1790696860773112173,269733,0,0.784996,1,1
925,1,376869,386179,1790696860773777025,1790696860773519377,303578,0,0.781887,1,1
926,1,380658,389858,1790696860774215364,1790696860773956472,299783,0,0.000000,1,0
927,1,374938,384228,1790696860774642393,1790696860774384466,302998,0,0.000000,1,0
928,1,379568,388769,1790696860775078122,1790696860774818450,299873,0,0.000000,1,0
929,1,372528,381858,1790696860775502192,1790696860775246865,297357,0,0.760570,1,1
930,1,375478,384688,1790696860775930871,1790696860775673099,299463,0,0.764467,1,1
931,1,375858,385468,1790696860776359550,1790696860776102293,299408,0,0.758664,1,1
932,1,373028,382328,1790696860776786019,1790696860776530748,300832,0,0.000000,1,0
933,1,375638,385279,1790696860777218778,1790696860776962352,295807,0,0.000000,1,0
934,1,370608,379679,1790696860777640107,1790696860777385486,296592,0,0.000000,1,0
935,1,382959,393619,1790696860778076187,1790696860777811341,264926,0,0.761164,1,1
936,1,375098,384308,1790696860778471145,1790696860778213505,300461,0,0.780386,1,1
937,1,378678,387779,1790696860778903744,1790696860778644200,298785,0,0.000000,1,0
938,1,375688,385369,1790696860779329763,1790696860779074384,295650,0,0.762970,1,1
939,1,375989,385858,1790696860779757283,1790696860779498358,259005,0,0.000000,1,0
940,1,379088,389738,1790696860780158501,1790696860779899113,259468,0,0.000000,1,0
941,1,381238,390928,1790696860780559460,1790696860780293938,300852,0,0.000000,1,0
942,1,374388,383818,1790696860780980519,1790696860780721782,297037,0,0.763619,1,1
943,1,375158,384588,1790696860781410718,1790696860781153116,301953,0,0.765776,1,1
944,1,385408,394819,1790696860781851907,1790696860781593741,299167,0,0.751798,1,1
945,1,373788,382869,1790696860782278206,1790696860782022095,297792,0,0.761263,1,1
946,1,374888,384378,1790696860782706026,1790696860782450009,297018,0,0.758831,1,1
947,1,376888,385968,1790696860783135125,1790696860782878214,299082,0,0.755408,1,1
948,1,378738,389198,1790696860783567354,1790696860783306018,261446,0,0.000000,1,0
949,1,373268,382558,1790696860783959853,1790696860783703163,300450,0,0.000000,1,0
950,1,376498,386628,1790696860784391652,1790696860784132907,258815,0,0.758073,1,1
951,1,370818,379848,1790696860784782200,1790696860784526812,305239,0,0.000000,1,0
952,1,377428,387208,1790696860785221270,1790696860784963166,298774,0,0.752830,1,1
953,1,376708,385718,1790696860785649889,1790696860785393310,297850,0,0.000000,1,0
954,1,381068,390908,1790696860786086508,1790696860785828745,299364,0,0.000000,1,0
955,1,376518,386659,1790696860786516017,1790696860786257349,258768,0,0.764467,1,1
956,1,377248,387028,1790696860786914976,1790696860786653094,261972,0,0.787063,1,1
957,1,376118,385349,1790696860787309944,1790696860787052058,310578,0,0.000000,1,0
958,1,375098,384188,1790696860787749194,1790696860787491043,298902,0,0.000000,1,0
959,1,378648,388238,1790696860788183993,1790696860787924597,304017,0,0.757140,1,1
960,1,401109,416979,1790696860788641043,1790696860788356371,298332,0,0.756490,1,1
961,1,418749,429749,1790696860789087263,1790696860788810855,276488,0,0.000000,1,0
962,1,382938,392288,1790696860789489821,1790696860789230600,301612,0,0.770175,1,1
963,1,378948,388119,1790696860789922320,1790696860789665934,294297,0,0.754827,1,1
964,1,377718,388208,1790696860790349250,1790696860790089588,259752,0,0.762566,1,1
965,1,375408,385898,1790696860790743758,1790696860790483953,259895,0,0.785271,1,1
966,1,379718,389388,1790696860791143117,1790696860790882898,300930,0,0.780651,1,1
967,1,382908,392648,1790696860791578126,1790696860791312852,265354,0,0.757474,1,1
968,1,372738,381929,1790696860791968904,1790696860791712277,299128,0,0.000000,1,0
969,1,376248,385978,1790696860792399044,1790696860792141211,257903,0,0.761758,1,1
970,1,369798,384628,1790696860792786792,1790696860792532276,301847,0,0.795864,1,1
971,1,376968,386229,1790696860793222511,1790696860792964970,297502,0,0.000000,1,0
972,1,373188,382569,1790696860793646960,1790696860793391034,297167,0,0.768116,1,1
973,1,378749,389229,1790696860794078740,1790696860793817869,260951,0,0.765010,1,1
974,1,388138,397618,1790696860794486228,1790696860794222093,300606,0,0.000000,1,0
975,1,372548,382529,1790696860794909827,1790696860794652648,301490,0,0.000000,1,0
976,1,374028,383258,1790696860795339786,1790696860795082762,299605,0,0.758657,1,1
977,1,369007,377988,1790696860795762585,1790696860795508186,300780,0,0.760693,1,1
978,1,379278,388438,1790696860796199415,1790696860795940941,298325,0,0.000000,1,0
979,1,374938,384338,1790696860796625204,1790696860796370215,296830,0,0.758080,1,1
980,1,377798,387418,1790696860797055943,1790696860796803869,292835,0,0.752417,1,1
981,1,377388,386489,1790696860797485292,1790696860797227104,299419,0,0.000000,1,0
982,1,379509,389099,1790696860797917312,1790696860797659398,299464,0,0.000000,1,0
983,1,375048,384188,1790696860798345371,1790696860798087272,302770,0,0.760791,1,1
984,1,372628,381968,1790696860798774100,1790696860798518656,300775,0,0.755810,1,1
985,1,374758,383788,1790696860799205349,1790696860798949491,297389,0,0.755121,1,1
986,1,370848,380119,1790696860799628948,1790696860799374035,296784,0,0.765362,1,1
987,1,378379,387679,1790696860800060358,1790696860799802939,299169,0,0.757338,1,1
988,1,376758,385968,1790696860800490127,1790696860800231964,299064,0,0.765576,1,1
989,1,378318,388288,1790696860800920476,1790696860800660968,295349,0,0.000000,1,0
990,1,373648,383108,1790696860801336725,1790696860801080272,309834,0,0.768384,1,1
991,1,382809,393479,1790696860801784505,1790696860801519756,264849,0,0.000000,1,0
992,1,378028,388988,1790696860802187273,1790696860801929021,299683,0,0.775089,1,1
993,1,373768,383629,1790696860802613592,1790696860802356705,298178,0,0.761119,1,1
994,1,378419,387979,1790696860803044442,1790696860802785150,298432,0,0.763450,1,1
995,1,375618,384958,1790696860803470361,1790696860803213064,299508,0,0.761979,1,1
996,1,376298,385788,1790696860803899980,1790696860803641318,298113,0,0.763436,1,1
997,1,374688,383988,1790696860804325629,1790696860804068933,298747,0,0.000000,1,0
998,1,376028,385909,1790696860804754778,1790696860804495797,259051,0,0.000000,1,0
999,1,383258,394168,1790696860805156097,1790696860804891222,264965,0,0.000000,1,0
1000,1,375478,384979,1790696860805551055,1790696860805291697,302009,0,0.782050,1,1
1001,1,373988,383258,1790696860805978865,1790696860805721621,298384,0,0.759020,1,1
1002,1,374938,383948,1790696860806406104,1790696860806149085,298760,0,0.000000,1,0
1003,1,372478,381948,1790696860806831383,1790696860806575000,297054,0,0.764405,1,1
1004,1,375188,384968,1790696860807258662,1790696860807003154,298309,0,0.762695,1,1
1005,1,371628,381478,1790696860807684451,1790696860807428268,299134,0,0.000000,1,0
1006,1,381599,393209,1790696860808120121,1790696860807857143,263068,0,0.760639,1,1
1007,1,387728,397689,1790696860808533729,1790696860808266077,306613,0,0.778624,1,1
1008,1,390569,400959,1790696860808974659,1790696860808713201,261528,0,0.745779,1,1
1009,1,374428,384328,1790696860809367677,1790696860809110296,301542,0,0.000000,1,0
1010,1,380089,389929,1790696860809803017,1790696860809542500,299247,0,0.000000,1,0
1011,1,379378,388838,1790696860810235656,1790696860809977475,298682,0,0.756504,1,1
1012,1,373708,382678,1790696860810661215,1790696860810406319,296657,0,0.761925,1,1
1013,1,378498,388728,1790696860811092474,1790696860810830923,261641,0,0.762726,1,1
1014,1,374378,383449,1790696860811485362,1790696860811231808,299195,0,0.000000,1,0
1015,1,381488,391368,1790696860811923612,1790696860811659392,264300,0,0.000000,1,0
1016,1,374798,384018,1790696860812316520,1790696860812059437,301014,0,0.000000,1,0
1017,1,375078,384359,1790696860812746639,1790696860812489591,297549,0,0.000000,1,0
1018,1,378308,387848,1790696860813185559,1790696860812928585,298315,0,0.757255,1,1
1019,1,373988,383418,1790696860813612228,1790696860813355290,296969,0,0.000000,1,0
1020,1,377558,387198,1790696860814040877,1790696860813782294,299064,0,0.763589,1,1
1021,1,375988,385278,1790696860814468516,1790696860814210469,299348,0,0.762962,1,1
1022,1,374378,384479,1790696860814895335,1790696860814637653,296793,0,0.760639,1,1
1023,1,377829,389029,1790696860815323385,1790696860815064777,310749,0,0.000000,1,0
1024,1,371818,381488,1790696860815758774,1790696860815504401,299264,0,0.000000,1,0
1025,1,377618,387049,1790696860816197373,1790696860815939896,296858,0,0.000000,1,0
1026,1,372558,385819,1790696860816620502,1790696860816363870,297623,0,0.764956,1,1
1027,1,378518,388358,1790696860817051372,1790696860816792644,299659,0,0.000000,1,0
1028,1,378288,387938,1790696860817481741,1790696860817221579,298433,0,0.000000,1,0
1029,1,375188,384608,1790696860817906430,1790696860817648903,297918,0,0.000000,1,0
1030,1,375158,384298,1790696860818333419,1790696860818075617,298903,0,0.000000,1,0
1031,1,370988,380698,1790696860818756898,1790696860818502702,304247,0,0.000000,1,0
1032,1,374568,383648,1790696860819192638,1790696860818935726,298362,0,0.000000,1,0
1033,1,371838,381468,1790696860819617017,1790696860819361690,296108,0,0.764162,1,1
1034,1,376308,385978,1790696860820045186,1790696860819787745,299212,0,0.000000,1,0
1035,1,374628,384118,1790696860820472965,1790696860820216109,298357,0,0.760616,1,1
1036,1,376008,386628,1790696860820901684,1790696860820641803,259961,0,0.000000,1,0
1037,1,376598,386198,1790696860821297393,1790696860821039768,300416,0,0.786402,1,1
1038,1,383028,394228,1790696860821734582,1790696860821472362,262300,0,0.000000,1,0
1039,1,380598,392468,1790696860822141631,1790696860821881207,305415,0,0.000000,1,0
1040,1,386298,397449,1790696860822584540,1790696860822320151,297650,0,0.000000,1,0
1041,1,385909,397339,1790696860823014830,1790696860822754365,300765,0,0.000000,1,0
1042,1,379938,391508,1790696860823447089,1790696860823185610,261569,0,0.000000,1,0
1043,1,382929,394959,1790696860823850228,1790696860823587934,262374,0,0.779935,1,1
1044,1,387198,399549,1790696860824257706,1790696860823991739,266187,0,0.778499,1,1
1045,1,381598,394038,1790696860824660165,1790696860824400494,300932,0,0.769490,1,1
1046,1,381748,392359,1790696860825100554,1790696860824840178,299817,0,0.749180,1,1
1047,1,382339,393269,1790696860825533724,1790696860825269072,301702,0,0.000000,1,0
1048,1,378618,388468,1790696860825960593,1790696860825700146,298968,0,0.756626,1,1
1049,1,375268,384898,1790696860826385832,1790696860826129491,296322,0,0.755983,1,1
1050,1,380488,390698,1790696860826817361,1790696860826552555,264886,0,0.771416,1,1
1051,1,374468,384658,1790696860827210430,1790696860826955180,299401,0,0.000000,1,0
1052,1,375288,386188,1790696860827641719,1790696860827382504,259295,0,0.759582,1,1
1053,1,377198,387399,1790696860828038127,1790696860827779349,300459,0,0.785467,1,1
1054,1,379588,389818,1790696860828470767,1790696860828209293,261594,0,0.000000,1,0
1055,1,372918,383288,1790696860828862075,1790696860828606068,303608,0,0.000000,1,0
1056,1,378678,389379,1790696860829299984,1790696860829041662,309934,0,0.000000,1,0
1057,1,375858,385888,1790696860829739674,1790696860829483696,296729,0,0.000000,1,0
1058,1,383528,393778,1790696860830175453,1790696860829915650,299664,0,0.758778,1,1
1059,1,376928,386628,1790696860830604032,1790696860830345545,299218,0,0.000000,1,0
1060,1,376838,387749,1790696860831032771,1790696860830775979,298883,0,0.000000,1,0
1061,1,375608,384598,1790696860831462071,1790696860831205743,296608,0,0.761629,1,1
1062,1,372648,381998,1790696860831886040,1790696860831628098,327993,0,0.000000,1,0
1063,1,371218,377978,1790696860832342979,1790696860832086991,299089,0,0.000000,1,0
1064,1,369918,376428,1790696860832764678,1790696860832509816,301343,0,0.762405,1,1
1065,1,376468,383908,1790696860833196338,1790696860832942260,295468,0,0.754262,1,1
1066,1,371078,378008,1790696860833626957,1790696860833371684,297174,0,0.000000,1,0
1067,1,386628,394648,1790696860834064356,1790696860833801049,263387,0,0.000000,1,0
1068,1,377718,386128,1790696860834461325,1790696860834200414,260991,0,0.784470,1,1
1069,1,369388,376688,1790696860834847093,1790696860834591188,300026,0,0.791863,1,1
1070,1,373378,381278,1790696860835276522,1790696860835017873,258729,0,0.762169,1,1
1071,1,370208,377138,1790696860835662721,1790696860835408008,301714,0,0.788836,1,1
1072,1,397098,404938,1790696860836115480,1790696860835846952,268608,0,0.000000,1,0
1073,1,371428,378878,1790696860836503319,1790696860836248366,299303,0,0.000000,1,0
1074,1,370988,388958,1790696860836927508,1790696860836671941,297508,0,0.000000,1,0
1075,1,376668,383918,1790696860837355117,1790696860837095395,259802,0,0.000000,1,0
1076,1,369808,376248,1790696860837740345,1790696860837485400,299316,0,0.791752,1,1
1077,1,380158,386709,1790696860838173484,1790696860837915654,297621,0,0.000000,1,0
1078,1,373878,381239,1790696860838595893,1790696860838337629,258394,0,0.000000,1,0
1079,1,370248,377538,1790696860838981512,1790696860838724784,301349,0,0.795299,1,1
1080,1,369458,376088,1790696860839404371,1790696860839149868,296124,0,0.000000,1,0
1081,1,368008,374788,1790696860839823380,1790696860839569832,295709,0,0.766642,1,1
1082,1,371378,378118,1790696860840245679,1790696860839989087,297703,0,0.000000,1,0
1083,1,368318,375048,1790696860840663948,1790696860840410061,296268,0,0.763383,1,1
1084,1,380118,387378,1790696860841095087,1790696860840835906,300652,0,0.760015,1,1
1085,1,372158,379488,1790696860841517786,1790696860841261590,296707,0,0.763413,1,1
1086,1,370248,376658,1790696860841937375,1790696860841682355,296821,0,0.768122,1,1
1087,1,371588,378278,1790696860842359474,1790696860842102259,299986,0,0.767569,1,1
1088,1,368088,374678,1790696860842779133,1790696860842525113,297931,0,0.000000,1,0
1089,1,387039,394419,1790696860843219083,1790696860842951948,267215,0,0.757329,1,1
1090,1,370258,376888,1790696860843605001,1790696860843349902,298510,0,0.786286,1,1
1091,1,377608,384318,1790696860844034820,1790696860843777507,299224,0,0.000000,1,0
1092,1,371688,378188,1790696860844457049,1790696860844201351,296909,0,0.766343,1,1
1093,1,369588,376558,1790696860844876478,1790696860844620926,297363,0,0.000000,1,0
1094,1,376258,387689,1790696860845303167,1790696860845047000,297768,0,0.761521,1,1
1095,1,373388,384329,1790696860845731036,1790696860845473614,300153,0,0.000000,1,0
1096,1,379258,389888,1790696860846165836,1790696860845910509,298378,0,0.000000,1,0
1097,1,372948,383578,1790696860846594525,1790696860846338193,297303,0,0.000000,1,0
1098,1,382688,395108,1790696860847030904,1790696860846770107,260877,0,0.000000,1,0
1099,1,375918,386458,1790696860847428163,1790696860847170122,301182,0,0.782668,1,1
1100,1,377898,389368,1790696860847862072,1790696860847600826,261316,0,0.762620,1,1
1101,1,376658,387758,1790696860848273281,1790696860848015531,301521,0,0.000000,1,0
1102,1,374778,386148,1790696860848707250,1790696860848449485,299066,0,0.753749,1,1
1103,1,378208,388668,1790696860849139639,1790696860848880829,302271,0,0.000000,1,0
1104,1,375138,385749,1790696860849570948,1790696860849312513,298886,0,0.000000,1,0
1105,1,377628,388468,1790696860850001538,1790696860849744138,299481,0,0.754517,1,1
1106,1,384028,394788,1790696860850440367,1790696860850175922,299196,0,0.767086,1,1
1107,1,375888,386858,1790696860850863726,1790696860850605836,299931,0,0.759894,1,1
1108,1,372788,383319,1790696860851291385,1790696860851035340,298616,0,0.761774,1,1
1109,1,371178,381728,1790696860851718215,1790696860851462155,297900,0,0.000000,1,0
1110,1,382718,394008,1790696860852158614,1790696860851895399,303016,0,0.755870,1,1
1111,1,384558,396129,1790696860852596063,1790696860852331143,265000,0,0.000000,1,0
1112,1,379398,390718,1790696860852995602,1790696860852739238,299625,0,0.774880,1,1
1113,1,377728,389069,1790696860853429711,1790696860853168802,260989,0,0.763832,1,1
1114,1,374778,386358,1790696860853824020,1790696860853562737,261363,0,0.000000,1,0
1115,1,373488,384328,1790696860854218238,1790696860853962222,300547,0,0.779045,1,1
1116,1,369438,380609,1790696860854645427,1790696860854392056,295712,0,0.755378,1,1
1117,1,373408,384138,1790696860855074007,1790696860854814700,301287,0,0.762185,1,1
1118,1,371858,383028,1790696860855500626,1790696860855243165,299682,0,0.758406,1,1
1119,1,378778,390488,1790696860855934625,1790696860855669119,265586,0,0.762512,1,1
1120,1,374618,386019,1790696860856330303,1790696860856069354,261050,0,0.000000,1,0
1121,1,375788,387058,1790696860856725642,1790696860856462438,263284,0,0.000000,1,0
1122,1,379829,390299,1790696860857125581,1790696860856865983,310039,0,0.000000,1,0
1123,1,378478,389108,1790696860857567460,1790696860857309327,299554,0,0.000000,1,0
1124,1,381048,391739,1790696860858002679,1790696860857744991,299999,0,0.000000,1,0
1125,1,377208,388478,1790696860858435339,1790696860858175476,259943,0,0.765300,1,1
1126,1,374008,384548,1790696860858829747,1790696860858572061,300917,0,0.788860,1,1
1127,1,383009,394659,1790696860859268777,1790696860859004795,264052,0,0.000000,1,0
1128,1,372878,384068,1790696860859661465,1790696860859403110,258435,0,0.000000,1,0
1129,1,374198,385339,1790696860860055263,1790696860859796984,301810,0,0.000000,1,0
1130,1,374198,385108,1790696860860485733,1790696860860227869,299645,0,0.762131,1,1
1131,1,379498,401099,1790696860860924442,1790696860860662623,261899,0,0.757602,1,1
1132,1,376028,386868,1790696860861331221,1790696860861073077,300165,0,0.773898,1,1
1133,1,375188,386858,1790696860861761520,1790696860861502052,259538,0,0.760441,1,1
1134,1,378789,390009,1790696860862163379,1790696860861905746,298483,0,0.000000,1,0
1135,1,378748,390018,1790696860862595788,1790696860862333111,262747,0,0.764000,1,1
1136,1,402499,413929,1790696860863017717,1790696860862740505,277302,0,0.774827,1,1
1137,1,378218,389618,1790696860863416205,1790696860863156030,300216,0,0.775051,1,1
1138,1,375368,386059,1790696860863844324,1790696860863585834,300911,0,0.000000,1,0
1139,1,388618,399668,1790696860864288204,1790696860864020808,300047,0,0.000000,1,0
1140,1,375038,385658,1790696860864708473,1790696860864451393,298821,0,0.000000,1,0
1141,1,378538,389278,1790696860865141412,1790696860864881607,301436,0,0.756687,1,1
1142,1,376298,387009,1790696860865571991,1790696860865315751,296091,0,0.751251,1,1
1143,1,381949,392949,1790696860866006481,1790696860865746886,302686,0,0.752972,1,1
1144,1,375898,386678,1790696860866438220,1790696860866179830,300541,0,0.763290,1,1
1145,1,374518,385278,1790696860866867709,1790696860866608994,300286,0,0.761918,1,1
1146,1,372268,383279,1790696860867294508,1790696860867037779,299470,0,0.000000,1,0
1147,1,371688,382269,1790696860867721767,1790696860867465423,298485,0,0.000000,1,0
1148,1,386098,398028,1790696860868162687,1790696860867899227,263580,0,0.755968,1,1
1149,1,375428,385869,1790696860868560255,1790696860868302292,301624,0,0.776967,1,1
1150,1,379428,390948,1790696860868995835,1790696860868738856,298230,0,0.000000,1,0
1151,1,377118,388078,1790696860869427374,1790696860869167250,301635,0,0.000000,1,0
1152,1,378488,389549,1790696860869860053,1790696860869601185,300379,0,0.760897,1,1
1153,1,375559,386379,1790696860870290213,1790696860870032869,300464,0,0.760928,1,1
1154,1,373618,384138,1790696860870719832,1790696860870462233,300370,0,0.761568,1,1
1155,1,391928,403639,1790696860871167381,1790696860870894957,272504,0,0.756816,1,1
1156,1,372728,383158,1790696860871560570,1790696860871303772,300079,0,0.000000,1,0
1157,1,377638,388778,1790696860871993949,1790696860871731996,303134,0,0.000000,1,0
1158,1,376688,387249,1790696860872424718,1790696860872166631,300008,0,0.759088,1,1
1159,1,374618,385358,1790696860872853878,1790696860872596525,300773,0,0.000000,1,0
1160,1,378118,389078,1790696860873288637,1790696860873030639,298729,0,0.754850,1,1
1161,1,368218,378728,1790696860873710246,1790696860873454454,298673,0,0.760023,1,1
1162,1,376808,388348,1790696860874142785,1790696860873880668,262177,0,0.761841,1,1
1163,1,373308,384888,1790696860874536044,1790696860874277143,302562,0,0.783224,1,1
1164,1,371568,382438,1790696860874964533,1790696860874707237,299117,0,0.000000,1,0
1165,1,374138,384798,1790696860875393282,1790696860875134781,300082,0,0.000000,1,0
1166,1,374548,386399,1790696860875825341,1790696860875564616,260815,0,0.756921,1,1
1167,1,372528,383338,1790696860876218560,1790696860875963010,301061,0,0.000000,1,0
1168,1,367898,378648,1790696860876644679,1790696860876388975,298115,0,0.000000,1,0
1169,1,388378,399119,1790696860877088078,1790696860876828109,300500,0,0.748671,1,1
1170,1,376658,387748,1790696860877518098,1790696860877259903,298525,0,0.000000,1,0
1171,1,374558,385668,1790696860877945667,1790696860877687957,299151,0,0.761607,1,1
1172,1,382358,393218,1790696860878382236,1790696860878118442,299925,0,0.761209,1,1
1173,1,373748,380988,1790696860878804945,1790696860878548886,297880,0,0.000000,1,0
1174,1,377098,383699,1790696860879232724,1790696860878975100,299155,0,0.000000,1,0
1175,1,373438,379918,1790696860879656564,1790696860879400085,300839,0,0.760410,1,1
1176,1,374918,381578,1790696860880084573,1790696860879827399,298425,0,0.760159,1,1
1177,1,372248,378968,1790696860880506842,1790696860880251173,297510,0,0.766159,1,1
1178,1,373288,399228,1790696860880930661,1790696860880670518,260223,0,0.773525,1,1
1179,1,373898,384818,1790696860881339760,1790696860881082872,301559,0,0.000000,1,0
1180,1,373178,383828,1790696860881770819,1790696860881515676,299214,0,0.000000,1,0
1181,1,380028,391538,1790696860882207978,1790696860881946481,261597,0,0.758663,1,1
1182,1,374588,385578,1790696860882602337,1790696860882344126,301901,0,0.000000,1,0
1183,1,377668,388458,1790696860883036376,1790696860882776960,302287,0,0.760061,1,1
1184,1,375598,386428,1790696860883467685,1790696860883209624,298452,0,0.000000,1,0
1185,1,376468,388088,1790696860883897154,1790696860883636478,260756,0,0.000000,1,0
1186,1,373828,384528,1790696860884290773,1790696860884033513,301220,0,0.785616,1,1
1187,1,372738,383578,1790696860884720102,1790696860884464227,298446,0,0.756324,1,1
1188,1,377758,388508,1790696860885153641,1790696860884893782,310780,0,0.000000,1,0
1189,1,380308,392249,1790696860885597800,1790696860885335226,262664,0,0.000000,1,0
1190,1,378228,391178,1790696860885996709,1790696860885741521,297269,0,0.772598,1,1
1191,1,380028,392379,1790696860886431688,1790696860886167885,263893,0,0.764467,1,1
1192,1,371008,382078,1790696860886823337,1790696860886566160,301438,0,0.781354,1,1
1193,1,383338,394168,1790696860887263796,1790696860887005264,300813,0,0.000000,1,0
1194,1,373358,384679,1790696860887692215,1790696860887434758,299498,0,0.000000,1,0
1195,1,378378,389738,1790696860888129405,1790696860887870002,300534,0,0.750613,1,1
1196,1,377018,387778,1790696860888560694,1790696860888299737,298808,0,0.000000,1,0
1197,1,379518,390919,1790696860888993493,1790696860888730151,303803,0,0.000000,1,0
1198,1,374158,384958,1790696860889420903,1790696860889163215,299738,0,0.761324,1,1
1199,1,380858,392258,1790696860889856452,1790696860889592420,264132,0,0.760608,1,1
1200,1,386039,397299,1790696860890262171,1790696860890002724,259537,0,0.000000,1,0
1201,1,375058,386648,1790696860890656679,1790696860890395869,260880,0,0.788126,1,1
1202,1,375119,385999,1790696860891051798,1790696860890792724,302604,0,0.786788,1,1
1203,1,379578,391908,1790696860891487707,1790696860891224938,262849,0,0.754639,1,1
1204,1,378818,391389,1790696860891887285,1790696860891624513,262842,0,0.784972,1,1
1205,1,384838,396568,1790696860892293104,1790696860892026257,300688,0,0.781160,1,1
1206,1,370888,381618,1790696860892710603,1790696860892454542,297632,0,0.758216,1,1
1207,1,377338,389819,1790696860893142092,1790696860892881226,302577,0,0.763016,1,1
1208,1,382558,394298,1790696860893579282,1790696860893316060,263302,0,0.000000,1,0
1209,1,375528,386659,1790696860893978290,1790696860893719205,300886,0,0.783435,1,1
1210,1,374089,384569,1790696860894406900,1790696860894149289,298521,0,0.000000,1,0
1211,1,372468,383268,1790696860894833189,1790696860894574914,299476,0,0.763901,1,1
1212,1,372638,383328,1790696860895259698,1790696860895002948,299851,0,0.000000,1,0
1213,1,370088,380518,1790696860895685607,1790696860895430262,298496,0,0.762376,1,1
1214,1,378028,389789,1790696860896119256,1790696860895857197,262139,0,0.761620,1,1
1215,1,376578,387558,1790696860896515855,1790696860896255751,305895,0,0.782622,1,1
1216,1,380088,391178,1790696860896957384,1790696860896696066,301399,0,0.000000,1,0
1217,1,376878,388059,1790696860897387073,1790696860897128830,298444,0,0.757284,1,1
1218,1,376078,386788,1790696860897816073,1790696860897557084,296139,0,0.771563,1,1
1219,1,382318,393768,1790696860898248322,1790696860897988438,259964,0,0.757520,1,1
1220,1,372398,383888,1790696860898640540,1790696860898382943,300198,0,0.000000,1,0
1221,1,376708,388839,1790696860899072599,1790696860898812028,309932,0,0.000000,1,0
1222,1,376108,387348,1790696860899511729,1790696860899253172,300418,0,0.751040,1,1
1223,1,383788,395208,1790696860899950178,1790696860899683136,267132,0,0.000000,1,0
1224,1,377588,389558,1790696860900347307,1790696860900088371,301946,0,0.781362,1,1
1225,1,375548,388728,1790696860900779446,1790696860900522235,301852,0,0.760479,1,1
1226,1,386438,397799,1790696860901223625,1790696860900960449,302407,0,0.000000,1,0
1227,1,376208,386809,1790696860901652174,1790696860901394743,298402,0,0.754428,1,1
1228,1,381448,393078,1790696860902087414,1790696860901824048,263446,0,0.770961,1,1
1229,1,375498,387219,1790696860902488582,1790696860902229952,301121,0,0.000000,1,0
1230,1,382728,394608,1790696860902926692,1790696860902665157,261635,0,0.000000,1,0
1231,1,381698,392719,1790696860903328590,1790696860903064591,305710,0,0.000000,1,0
1232,1,376728,388378,1790696860903759650,1790696860903499536,260194,0,0.000000,1,0
1233,1,378768,389738,1790696860904158298,1790696860903898220,302109,0,0.000000,1,0
1234,1,378619,390229,1790696860904591568,1790696860904329805,261833,0,0.000000,1,0
1235,1,376458,387368,1790696860904987796,1790696860904729209,300868,0,0.785710,1,1
1236,1,377138,388799,1790696860905420035,1790696860905160874,299362,0,0.762596,1,1
1237,1,384489,398519,1790696860905857285,1790696860905594848,262527,0,0.757519,1,1
1238,1,385769,397979,1790696860906272484,1790696860906004422,301212,0,0.779824,1,1
1239,1,383568,397418,1790696860906701913,1790696860906436617,265366,0,0.756497,1,1
1240,1,379368,391509,1790696860907103571,1790696860906841701,303861,0,0.778305,1,1
1241,1,381468,395348,1790696860907539891,1790696860907277755,300657,0,0.000000,1,0
1242,1,379068,391158,1790696860907970790,1790696860907709980,302101,0,0.761780,1,1
1243,1,378278,392769,1790696860908403469,1790696860908143304,300276,0,0.765063,1,1
1244,1,377269,389249,1790696860908833709,1790696860908578488,296041,0,0.000000,1,0
1245,1,382698,395568,1790696860909270348,1790696860909006742,299717,0,0.765301,1,1
1246,1,377378,389508,1790696860909696557,1790696860909435567,261070,0,0.758474,1,1
1247,1,379108,390038,1790696860910096046,1790696860909833841,306586,0,0.000000,1,0
1248,1,375468,385968,1790696860910528835,1790696860910269585,300151,0,0.752688,1,1
1249,1,373568,384378,1790696860910955904,1790696860910697330,299295,0,0.760806,1,1
1250,1,379958,392999,1790696860911389683,1790696860911127744,262049,0,0.000000,1,0
1251,1,374848,386508,1790696860911785902,1790696860911528179,303104,0,0.787307,1,1
1252,1,377978,389549,1790696860912222441,1790696860911964963,298989,0,0.750740,1,1
1253,1,376749,387419,1790696860912653541,1790696860912393577,299414,0,0.758938,1,1
1254,1,382918,397288,1790696860913088480,1790696860912828502,310839,0,0.000000,1,0
1255,1,380178,392539,1790696860913532529,1790696860913271126,302834,0,0.749494,1,1
1256,1,376309,388538,1790696860913963259,1790696860913702500,300749,0,0.759826,1,1
1257,1,377088,387838,1790696860914393018,1790696860914135724,301035,0,0.000000,1,0
1258,1,372648,384848,1790696860914822617,1790696860914565189,299179,0,0.000000,1,0
1259,1,380018,391218,1790696860915257386,1790696860915000753,298744,0,0.753395,1,1
1260,1,375198,386449,1790696860915687265,1790696860915426667,260668,0,0.763558,1,1
1261,1,381038,393228,1790696860916090734,1790696860915828302,262512,0,0.783725,1,1
1262,1,376458,387429,1790696860916488312,1790696860916228867,302876,0,0.781627,1,1
1263,1,376398,408068,1790696860916921182,1790696860916660681,302982,0,0.758512,1,1
1264,1,387748,398848,1790696860917359951,1790696860917100965,299627,0,0.749480,1,1
1265,1,373618,384528,1790696860917786790,1790696860917527979,300162,0,0.761591,1,1
1266,1,378319,389069,1790696860918219790,1790696860917960904,300056,0,0.758428,1,1
1267,1,375448,386968,1790696860918649099,1790696860918391128,298502,0,0.757959,1,1
1268,1,378018,388998,1790696860919080588,1790696860918820442,300757,0,0.000000,1,0
1269,1,379518,391029,1790696860919513567,1790696860919257417,298111,0,0.752122,1,1
1270,1,378469,390229,1790696860919946677,1790696860919683711,263066,0,0.000000,1,0
1271,1,385708,397389,1790696860920352935,1790696860920084916,304020,0,0.000000,1,0
1272,1,373448,384179,1790696860920775714,1790696860920518810,302385,0,0.000000,1,0
1273,1,381698,392678,1790696860921216024,1790696860920953964,300061,0,0.000000,1,0
1274,1,375758,386268,1790696860921642483,1790696860921384018,298926,0,0.760891,1,1
1275,1,377548,388358,1790696860922073022,1790696860921813113,301400,0,0.000000,1,0
1276,1,374148,384979,1790696860922501411,1790696860922244107,298575,0,0.000000,1,0
1277,1,376458,387878,1790696860922931721,1790696860922670001,261820,0,0.000000,1,0
1278,1,377688,389548,1790696860923329139,1790696860923068626,260593,0,0.000000,1,0
1279,1,381908,393448,1790696860923731698,1790696860923465821,265997,0,0.783999,1,1
1280,1,380258,392198,1790696860924148297,1790696860923887935,303113,0,0.000000,1,0
1281,1,370958,381768,1790696860924574926,1790696860924317830,300137,0,0.758497,1,1
1282,1,379338,390298,1790696860925010285,1790696860924750364,301032,0,0.759650,1,1
1283,1,376168,387779,1790696860925440634,1790696860925182088,300227,0,0.756535,1,1
1284,1,376198,386598,1790696860925871414,1790696860925613032,300253,0,0.764361,1,1
1285,1,377028,388488,1790696860926302903,1790696860926042257,260726,0,0.000000,1,0
1286,1,374148,385639,1790696860926697081,1790696860926437172,259989,0,0.000000,1,0
1287,1,374918,385638,1790696860927091520,1790696860926832326,311635,0,0.785318,1,1
1288,1,373518,384209,1790696860927530309,1790696860927273820,299260,0,0.753177,1,1
1289,1,375059,385749,1790696860927960809,1790696860927702215,298904,0,0.761438,1,1
1290,1,374908,385348,1790696860928388698,1790696860928131979,298330,0,0.000000,1,0
1291,1,375968,387808,1790696860928818947,1790696860928559013,300645,0,0.765088,1,1
1292,1,379998,391068,1790696860929253106,1790696860928995798,300239,0,0.755605,1,1
1293,1,377918,389708,1790696860929690256,1790696860929429912,260434,0,0.751912,1,1
1294,1,375218,386018,1790696860930089354,1790696860929831277,302128,0,0.000000,1,0
1295,1,376729,387759,1790696860930523194,1790696860930262731,302553,0,0.000000,1,0
1296,1,371888,382998,1790696860930950373,1790696860930693395,298899,0,0.000000,1,0
1297,1,374748,385168,1790696860931379652,1790696860931121899,300334,0,0.761644,1,1
1298,1,374398,385168,1790696860931809281,1790696860931550114,301138,0,0.000000,1,0
1299,1,378318,389069,1790696860932242360,1790696860931984958,300123,0,0.754555,1,1
1300,1,372458,383518,1790696860932670520,1790696860932413612,299048,0,0.757421,1,1
1301,1,377778,388498,1790696860933106359,1790696860932845916,300954,0,0.755711,1,1
1302,1,377258,387798,1790696860933536908,1790696860933277291,300728,0,0.755733,1,1
1303,1,379718,391129,1790696860933970317,1790696860933706165,264242,0,0.762916,1,1
1304,1,384358,395198,1790696860934374226,1790696860934106110,301477,0,0.000000,1,0
1305,1,369628,384698,1790696860934790615,1790696860934535434,300792,0,0.000000,1,0
1306,1,375708,386108,1790696860935224554,1790696860934967028,299987,0,0.000000,1,0
1307,1,376078,387359,1790696860935655833,1790696860935395283,260630,0,0.000000,1,0
1308,1,377998,389118,1790696860936053532,1790696860935794437,302816,0,0.000000,1,0
1309,1,375958,386688,1790696860936486151,1790696860936227082,298670,0,0.000000,1,0
1310,1,372378,383388,1790696860936910810,1790696860936652316,300545,0,0.763168,1,1
1311,1,374698,385229,1790696860937340709,1790696860937082010,303290,0,0.760875,1,1
1312,1,371708,382548,1790696860937769829,1790696860937511975,303385,0,0.757526,1,1
1313,1,375758,386808,1790696860938204418,1790696860937947019,300810,0,0.754578,1,1
1314,1,371918,383218,1790696860938632577,1790696860938375433,298995,0,0.764620,1,1
1315,1,375678,386319,1790696860939063106,1790696860938804307,300630,0,0.758900,1,1
1316,1,375159,386179,1790696860939492746,1790696860939233832,301014,0,0.000000,1,0
1317,1,373868,384368,1790696860939921585,1790696860939663096,298360,0,0.000000,1,0
1318,1,372218,382858,1790696860940346754,1790696860940090730,298925,0,0.763704,1,1
1319,1,371128,381498,1790696860940773783,1790696860940516975,305549,0,0.759992,1,1
1320,1,377198,387729,1790696860941213082,1790696860940955949,305644,0,0.750245,1,1
1321,1,374488,385058,1790696860941648972,1790696860941390613,300250,0,0.754412,1,1
1322,1,379278,390048,1790696860942082821,1790696860941824147,301405,0,0.000000,1,0
1323,1,373088,383789,1790696860942511660,1790696860942254212,299009,0,0.000000,1,0
1324,1,372358,383618,1790696860942940599,1790696860942681746,299154,0,0.000000,1,0
1325,1,378328,390018,1790696860943371899,1790696860943112210,259769,0,0.000000,1,0
1326,1,372438,382978,1790696860943764337,1790696860943508365,306123,0,0.000000,1,0
1327,1,383988,395738,1790696860944211277,1790696860943945969,265388,0,0.000000,1,0
1328,1,382538,393319,1790696860944614045,1790696860944355664,300832,0,0.774562,1,1
1329,1,375868,387058,1790696860945044925,1790696860944785108,301388,0,0.758695,1,1
1330,1,375388,386108,1790696860945474934,1790696860945216433,300032,0,0.758952,1,1
1331,1,375998,386888,1790696860945906123,1790696860945647717,300277,0,0.000000,1,0
1332,1,372468,382789,1790696860946333582,1790696860946078141,299872,0,0.000000,1,0
1333,1,371187,381788,1790696860946761871,1790696860946504736,301806,0,0.762901,1,1
1334,1,380928,393178,1790696860947200521,1790696860946937400,263211,0,0.000000,1,0
1335,1,380619,391959,1790696860947601850,1790696860947337245,264685,0,0.781917,1,1
1336,1,376878,387528,1790696860947998098,1790696860947741519,299530,0,0.776540,1,1
1337,1,382888,393409,1790696860948436637,1790696860948169954,299334,0,0.000000,1,0
1338,1,373318,384419,1790696860948855166,1790696860948597538,298429,0,0.000000,1,0
1339,1,373918,384558,1790696860949282856,1790696860949024722,299634,0,0.000000,1,0
1340,1,372618,383458,1790696860949709745,1790696860949452697,299219,0,0.758838,1,1
1341,1,374558,385418,1790696860950139074,1790696860949881011,299454,0,0.758413,1,1
1342,1,374748,385758,1790696860950567753,1790696860950309995,298709,0,0.000000,1,0
1343,1,386658,398139,1790696860951007892,1790696860950741549,266443,0,0.755908,1,1
1344,1,375178,386428,1790696860951407741,1790696860951148934,300618,0,0.000000,1,0
1345,1,372538,383598,1790696860951834860,1790696860951576338,301043,0,0.762110,1,1
1346,1,376358,386868,1790696860952267399,1790696860952013123,295807,0,0.000000,1,0
1347,1,371798,382349,1790696860952693168,1790696860952437117,299052,0,0.761187,1,1
1348,1,377948,389718,1790696860953126738,1790696860952867821,300607,0,0.757292,1,1
1349,1,377038,387758,1790696860953558307,1790696860953297586,300912,0,0.000000,1,0
1350,1,375778,386548,1790696860953986806,1790696860953728860,299837,0,0.757731,1,1
1351,1,381568,392969,1790696860954427065,1790696860954162344,264811,0,0.764353,1,1
1352,1,376458,388178,1790696860954824984,1790696860954562709,262355,0,0.784423,1,1
1353,1,373158,383749,1790696860955218682,1790696860954961434,307780,0,0.000000,1,0
1354,1,375298,386498,1790696860955657352,1790696860955396268,261164,0,0.757769,1,1
1355,1,375268,386209,1790696860956052070,1790696860955792493,303308,0,0.000000,1,0
1356,1,373538,384328,1790696860956487640,1790696860956230147,298744,0,0.752913,1,1
1357,1,375568,387418,1790696860956917259,1790696860956657121,260218,0,0.761713,1,1
1358,1,376368,387228,1790696860957326308,1790696860957068716,299533,0,0.000000,1,0
1359,1,378538,389728,1790696860957759267,1790696860957495830,263517,0,0.000000,1,0
1360,1,377589,389389,1790696860958156366,1790696860957896385,302731,0,0.780581,1,1
1361,1,374718,385788,1790696860958586805,1790696860958328289,298967,0,0.759339,1,1
1362,1,378988,390038,1790696860959019394,1790696860958759623,300902,0,0.000000,1,0
1363,1,374658,385098,1790696860959447973,1790696860959190567,300277,0,0.759113,1,1
1364,1,375978,387349,1790696860959879872,1790696860959618052,261900,0,0.000000,1,0
1365,1,371928,383148,1790696860960274741,1790696860960018846,301136,0,0.000000,1,0
1366,1,371358,382088,1790696860960703990,1790696860960448081,298610,0,0.000000,1,0
1367,1,382559,394589,1790696860961141880,1790696860960874035,267935,0,0.000000,1,0
1368,1,371428,383178,1790696860961534308,1790696860961276270,302119,0,0.778492,1,1
1369,1,371998,382948,1790696860961963027,1790696860961704194,299754,0,0.759293,1,1
1370,1,379929,390909,1790696860962396657,1790696860962130008,298609,0,0.763978,1,1
1371,1,373078,384419,1790696860962814405,1790696860962556653,296393,0,0.765078,1,1
1372,1,378488,389928,1790696860963244205,1790696860962984217,260068,0,0.757360,1,1
1373,1,369058,379698,1790696860963633063,1790696860963375692,300822,0,0.784242,1,1
1374,1,379718,391009,1790696860964068892,1790696860963804716,264256,0,0.755485,1,1
1375,1,379358,390918,1790696860964467751,1790696860964203071,264750,0,0.781291,1,1
1376,1,387239,398969,1790696860964874590,1790696860964611485,263195,0,0.000000,1,0
1377,1,389248,400809,1790696860965284048,1790696860965013170,270948,0,0.779115,1,1
1378,1,373818,384338,1790696860965677767,1790696860965421655,298433,0,0.770784,1,1
1379,1,375308,386368,1790696860966111276,1790696860965851559,299928,0,0.758657,1,1
1380,1,371158,382008,1790696860966535595,1790696860966278533,298923,0,0.000000,1,0
1381,1,373398,385029,1790696860966963394,1790696860966701008,262506,0,0.000000,1,0
1382,1,373538,385168,1790696860967357183,1790696860967096653,260600,0,0.000000,1,0
1383,1,375108,386388,1790696860967752051,1790696860967488797,263344,0,0.000000,1,0
1384,1,371547,382308,1790696860968143039,1790696860967885272,300828,0,0.000000,1,0
1385,1,372398,383768,1790696860968571069,1790696860968310807,260332,0,0.759316,1,1
1386,1,368498,379738,1790696860968962347,1790696860968705951,309297,0,0.000000,1,0
1387,1,376098,383449,1790696860969400276,1790696860969138886,261480,0,0.000000,1,0
1388,1,375968,390168,1790696860969794905,1790696860969533730,261245,0,0.000000,1,0
1389,1,370848,377568,1790696860970188353,1790696860969931075,300739,0,0.000000,1,0
1390,1,371798,380109,1790696860970612342,1790696860970352340,260072,0,0.765163,1,1
1391,1,379078,385818,1790696860971007761,1790696860970748554,303548,0,0.000000,1,0
1392,1,386248,393208,1790696860971446980,1790696860971183199,304842,0,0.751723,1,1
1393,1,372268,379348,1790696860971868929,1790696860971610353,299197,0,0.000000,1,0
1394,1,369838,376438,1790696860972287998,1790696860972030367,300652,0,0.768084,1,1
1395,1,372778,380269,1790696860972712417,1790696860972453232,259255,0,0.000000,1,0
1396,1,380448,392378,1790696860973108356,1790696860972848816,303401,0,0.781520,1,1
1397,1,378078,389348,1790696860973543485,1790696860973281861,261704,0,0.000000,1,0
1398,1,371418,382308,1790696860973934654,1790696860973676596,301659,0,0.785978,1,1
1399,1,372928,383558,1790696860974363923,1790696860974103600,301644,0,0.757564,1,1
1400,1,372588,387998,1790696860974790562,1790696860974530574,260078,0,0.760001,1,1
1401,1,378298,390818,1790696860975192661,1790696860974930999,261722,0,0.778741,1,1
1402,1,371978,382658,1790696860975585369,1790696860975326614,301376,0,0.786717,1,1
1403,1,387039,398879,1790696860976027529,1790696860975758878,302851,0,0.000000,1,0
1404,1,373658,384228,1790696860976448328,1790696860976189282,301386,0,0.000000,1,0
1405,1,373408,384878,1790696860976876857,1790696860976617837,299461,0,0.758808,1,1
1406,1,387598,399308,1790696860977318046,1790696860977059381,300366,0,0.747682,1,1
1407,1,392959,404399,1790696860977765416,1790696860977493365,272131,0,0.757262,1,1
1408,1,378798,390229,1790696860978167144,1790696860977908790,299565,0,0.768737,1,1
1409,1,376368,386838,1790696860978597444,1790696860978339384,299031,0,0.757890,1,1
1410,1,379658,390318,1790696860979030653,1790696860978769808,301876,0,0.000000,1,0
1411,1,376538,387068,1790696860979460772,1790696860979202032,300861,0,0.756801,1,1
1412,1,378038,389369,1790696860979893501,1790696860979631327,262234,0,0.000000,1,0
1413,1,373988,384558,1790696860980286990,1790696860980028941,300750,0,0.784495,1,1
1414,1,375748,387208,1790696860980718119,1790696860980456606,261603,0,0.757648,1,1
1415,1,379078,390748,1790696860981119618,1790696860980857651,306288,0,0.000000,1,0
1416,1,375928,386848,1790696860981553297,1790696860981294175,300453,0,0.758163,1,1
1417,1,376878,388189,1790696860981984186,1790696860981722749,261517,0,0.000000,1,0
1418,1,376448,387348,1790696860982380225,1790696860982121044,300792,0,0.794179,1,1
1419,1,390118,402789,1790696860982824674,1790696860982550378,274386,0,0.000000,1,0
1420,1,381008,393308,1790696860983231273,1790696860982971653,302521,0,0.000000,1,0
1421,1,374088,385179,1790696860983660992,1790696860983402547,298116,0,0.000000,1,0
1422,1,386319,398269,1790696860984099462,1790696860983833271,266261,0,0.755930,1,1
1423,1,380368,394779,1790696860984499970,1790696860984236436,304075,0,0.782629,1,1
1424,1,378899,398559,1790696860984932410,1790696860984673100,300590,0,0.000000,1,0
1425,1,384978,396908,1790696860985371609,1790696860985106064,265635,0,0.000000,1,0
1426,1,376198,386899,1790696860985768167,1790696860985509799,304399,0,0.000000,1,0
1427,1,380448,391848,1790696860986207357,1790696860985948013,300555,0,0.000000,1,0
1428,1,374638,385488,1790696860986636056,1790696860986378577,299570,0,0.757929,1,1
1429,1,384298,396469,1790696860987075325,1790696860986808702,266713,0,0.000000,1,0
1430,1,378078,389178,1790696860987473804,1790696860987212436,304589,0,0.779536,1,1
1431,1,377548,388218,1790696860987907123,1790696860987645900,303634,0,0.000000,1,0
1432,1,376208,387039,1790696860988338422,1790696860988079395,300188,0,0.755431,1,1
1433,1,376588,387929,1790696860988768941,1790696860988507399,261612,0,0.000000,1,0
1434,1,386078,397668,1790696860989174430,1790696860988911923,302798,0,0.780692,1,1
1435,1,375178,387489,1790696860989602829,1790696860989345098,299212,0,0.754691,1,1
1436,1,388038,401258,1790696860990045579,1790696860989776512,300157,0,0.760404,1,1
1437,1,390628,404688,1790696860990479748,1790696860990208406,271452,0,0.757239,1,1
1438,1,379068,391898,1790696860990881207,1790696860990619681,301197,0,0.000000,1,0
1439,1,380528,392938,1790696860991314636,1790696860991052445,304422,0,0.755024,1,1
1440,1,378068,390309,1790696860991748525,1790696860991488659,300837,0,0.000000,1,0
1441,1,382548,397578,1790696860992188705,1790696860991925164,300812,0,0.000000,1,0
1442,1,381398,392918,1790696860992620764,1790696860992359788,300547,0,0.000000,1,0
1443,1,381818,394049,1790696860993054943,1790696860992792872,300592,0,0.000000,1,0
1444,1,379329,391128,1790696860993485413,1790696860993225606,300208,0,0.762726,1,1
1445,1,373168,384248,1790696860993911482,1790696860993653021,300432,0,0.000000,1,0
1446,1,375018,385938,1790696860994341111,1790696860994082255,300687,0,0.000000,1,0
1447,1,372948,383558,1790696860994768370,1790696860994510279,305132,0,0.000000,1,0
1448,1,378009,390719,1790696860995206510,1790696860994949194,298876,0,0.750874,1,1
1449,1,375948,387328,1790696860995636879,1790696860995377028,301012,0,0.763023,1,1
1450,1,378628,390308,1790696860996076538,1790696860995816042,301227,0,0.757065,1,1
1451,1,377819,389079,1790696860996510668,1790696860996249316,301582,0,0.000000,1,0
1452,1,398548,413989,1790696860996962567,1790696860996680681,281976,0,0.757193,1,1
1453,1,379308,391328,1790696860997365626,1790696860997103855,299372,0,0.763901,1,1
1454,1,374078,390478,1790696860997789945,1790696860997531109,302017,0,0.000000,1,0
1455,1,382278,393779,1790696860998228224,1790696860997963484,264810,0,0.000000,1,0
1456,1,385688,397988,1790696860998633963,1790696860998375318,301696,0,0.773031,1,1
1457,1,379978,391469,1790696860999069492,1790696860998808472,302371,0,0.757346,1,1
1458,1,378548,389148,1790696860999502212,1790696860999240107,300146,0,0.758785,1,1
1459,1,374008,384818,1790696860999927011,1790696860999668151,300371,0,0.759423,1,1
1460,1,378668,390008,1790696861000359930,1790696861000099145,260855,0,0.758134,1,1
1461,1,373588,384048,1790696861000752979,1790696861000494730,303720,0,0.000000,1,0
1462,1,379458,390678,1790696861001194698,1790696861000934594,301875,0,0.000000,1,0
1463,1,382288,393829,1790696861001631387,1790696861001366559,264918,0,0.755370,1,1
1464,1,378598,389728,1790696861002029826,1790696861001769763,303564,0,0.000000,1,0
1465,1,378748,391058,1790696861002465385,1790696861002204938,301048,0,0.756830,1,1
1466,1,379128,391049,1790696861002898044,1790696861002635432,262702,0,0.765499,1,1
1467,1,390518,403119,1790696861003315553,1790696861003044876,270757,0,0.000000,1,0
1468,1,374428,385198,1790696861003711022,1790696861003452641,299462,0,0.000000,1,0
1469,1,384768,396508,1790696861004149881,1790696861003882845,301867,0,0.760077,1,1
1470,1,377528,388598,1790696861004575060,1790696861004316150,299161,0,0.000000,1,0
1471,1,388699,400079,1790696861005019970,1790696861004754784,303987,0,0.000000,1,0
1472,1,375428,386178,1790696861005447079,1790696861005188838,301182,0,0.000000,1,0
1473,1,377258,387788,1790696861005879858,1790696861005623932,296607,0,0.755930,1,1
1474,1,374808,385539,1790696861006307977,1790696861006049777,300041,0,0.766303,1,1
1475,1,372228,383189,1790696861006734686,1790696861006477681,299356,0,0.000000,1,0
1476,1,377798,389028,1790696861007167526,1790696861006908495,300712,0,0.000000,1,0
1477,1,375228,385898,1790696861007597155,1790696861007339840,299276,0,0.754268,1,1
1478,1,397759,409109,1790696861008049555,1790696861007786524,303702,0,0.000000,1,0
1479,1,379388,390198,1790696861008482544,1790696861008220808,305317,0,0.756747,1,1
1480,1,378298,389879,1790696861008917113,1790696861008654682,262521,0,0.000000,1,0
1481,1,378118,390078,1790696861009331732,1790696861009070927,302976,0,0.000000,1,0
1482,1,382449,393539,1790696861009769412,1790696861009502151,267341,0,0.763840,1,1
1483,1,380968,392109,1790696861010173670,1790696861009912546,301125,0,0.000000,1,0
1484,1,375158,385889,1790696861010601819,1790696861010343080,299700,0,0.000000,1,0
1485,1,380358,391458,1790696861011035659,1790696861010775224,311446,0,0.758649,1,1
1486,1,381428,392539,1790696861011481008,1790696861011223188,301451,0,0.744326,1,1
1487,1,379738,391228,1790696861011917278,1790696861011652603,264755,0,0.000000,1,0
1488,1,373318,384018,1790696861012310306,1790696861012052427,301250,0,0.000000,1,0
1489,1,371758,382639,1790696861012738085,1790696861012480872,299774,0,0.000000,1,0
1490,1,380309,391459,1790696861013173595,1790696861012912386,300829,0,0.761689,1,1
1491,1,375818,386448,1790696861013601644,1790696861013343250,300585,0,0.000000,1,0
1492,1,382538,393648,1790696861014038843,1790696861013779194,301840,0,0.756467,1,1
1493,1,376768,388179,1790696861014470582,1790696861014211029,300744,0,0.000000,1,0
1494,1,376208,386938,1790696861014900872,1790696861014640893,301870,0,0.760966,1,1
1495,1,375918,386828,1790696861015331381,1790696861015071837,302305,0,0.000000,1,0
1496,1,374158,385868,1790696861015760790,1790696861015500431,260439,0,0.000000,1,0
1497,1,386478,397838,1790696861016167479,1790696861015897296,270263,0,0.784619,1,1
1498,1,378568,390329,1790696861016565557,1790696861016303171,262466,0,0.779840,1,1
1499,1,380658,392338,1790696861016966756,1790696861016702845,263971,0,0.784470,1,1
1500,1,376608,387379,1790696861017363784,1790696861017103560,303685,0,0.000000,1,0
1501,1,378338,397748,1790696861017798284,1790696861017535924,262430,0,0.761187,1,1
1502,1,389719,401279,1790696861018215743,1790696861017943149,272674,0,0.000000,1,0
1503,1,381568,393108,1790696861018617241,1790696861018350643,266688,0,0.000000,1,0
1504,1,389238,400508,1790696861019026650,1790696861018757198,269552,0,0.000000,1,0
1505,1,380229,391359,1790696861019426449,1790696861019162663,263856,0,0.777861,1,1
1506,1,378338,389008,1790696861019824187,1790696861019562747,304521,0,0.000000,1,0
1507,1,382528,392949,1790696861020262616,1790696861020001452,302665,0,0.751565,1,1
1508,1,371007,381858,1790696861020688085,1790696861020431296,298360,0,0.000000,1,0
1509,1,377098,388038,1790696861021119405,1790696861020858460,302196,0,0.000000,1,0
1510,1,376088,386888,1790696861021549514,1790696861021289285,301540,0,0.757435,1,1
1511,1,377198,388298,1790696861021980643,1790696861021719299,303115,0,0.000000,1,0
1512,1,384229,396229,1790696861022419393,1790696861022151543,267950,0,0.000000,1,0
1513,1,374828,385618,1790696861022815121,1790696861022554548,301184,0,0.000000,1,0
1514,1,377468,389809,1790696861023246390,1790696861022985072,261388,0,0.764238,1,1
1515,1,371918,382768,1790696861023641909,1790696861023383137,301173,0,0.785663,1,1
1516,1,375318,386178,1790696861024072758,1790696861023813821,300768,0,0.758513,1,1
1517,1,375088,385618,1790696861024502917,1790696861024243645,300973,0,0.000000,1,0
1518,1,376508,387479,1790696861024933786,1790696861024673170,300357,0,0.000000,1,0
1519,1,385248,396138,1790696861025371376,1790696861025103114,303453,0,0.761941,1,1
1520,1,379878,393918,1790696861025799105,1790696861025541498,302018,0,0.757497,1,1
1521,1,377278,387929,1790696861026233914,1790696861025974963,300092,0,0.000000,1,0
1522,1,375368,385788,1790696861026663044,1790696861026404377,299577,0,0.000000,1,0
1523,1,377898,388918,1790696861027094283,1790696861026834601,300713,0,0.759856,1,1
1524,1,373108,383698,1790696861027521102,1790696861027265675,297228,0,0.000000,1,0
1525,1,374528,385628,1790696861027950031,1790696861027688750,301072,0,0.764130,1,1
1526,1,372808,383789,1790696861028375190,1790696861028117914,300637,0,0.000000,1,0
1527,1,389938,401928,1790696861028821140,1790696861028545159,276061,0,0.766434,1,1
1528,1,376888,387479,1790696861029218688,1790696861028961243,301036,0,0.801198,1,1
1529,1,374058,385018,1790696861029649108,1790696861029391097,298982,0,0.790241,1,1
1530,1,378578,389488,1790696861030081237,1790696861029819782,302736,0,0.000000,1,0
1531,1,374978,385598,1790696861030510326,1790696861030252806,300861,0,0.000000,1,0
1532,1,374288,385279,1790696861030940555,1790696861030681430,300166,0,0.761408,1,1
1533,1,375838,386538,1790696861031370465,1790696861031111245,300360,0,0.000000,1,0
1534,1,375018,391238,1790696861031799234,1790696861031538739,260575,0,0.000000,1,0
1535,1,382399,393689,1790696861032210423,1790696861031948123,315421,0,0.779319,1,1
1536,1,373978,384608,1790696861032650492,1790696861032392668,299585,0,0.747481,1,1
1537,1,377428,388539,1790696861033082191,1790696861032821972,300970,0,0.760623,1,1
1538,1,372748,383439,1790696861033508650,1790696861033251326,299335,0,0.762086,1,1
1539,1,377278,388598,1790696861033940770,1790696861033680061,260809,0,0.000000,1,0
1540,1,372898,383798,1790696861034333138,1790696861034074875,300944,0,0.787567,1,1
1541,1,372098,382798,1790696861034760717,1790696861034502820,304788,0,0.000000,1,0
1542,1,387869,399439,1790696861035208197,1790696861034938804,269473,0,0.000000,1,0
1543,1,381458,392879,1790696861035609595,1790696861035343969,265716,0,0.000000,1,0
1544,1,382478,393768,1790696861036011914,1790696861035751463,304522,0,0.000000,1,0
1545,1,376908,387348,1790696861036445913,1790696861036185637,299817,0,0.000000,1,0
1546,1,376158,388198,1790696861036874142,1790696861036612702,261510,0,0.766380,1,1
1547,1,373788,385038,1790696861037271901,1790696861037013216,303016,0,0.000000,1,0
1548,1,378628,389938,1790696861037707540,1790696861037447381,260229,0,0.000000,1,0
1549,1,380408,392098,1790696861038110339,1790696861037847075,263334,0,0.000000,1,0
1550,1,374098,384348,1790696861038505207,1790696861038249620,297798,0,0.000000,1,0
1551,1,374718,385759,1790696861038934796,1790696861038674564,303633,0,0.766557,1,1
1552,1,382498,393238,1790696861039373416,1790696861039107168,301189,0,0.757301,1,1
1553,1,374318,389308,1790696861039795225,1790696861039535703,259612,0,0.765247,1,1
1554,1,376758,387409,1790696861040195493,1790696861039936777,301737,0,0.000000,1,0
1555,1,373458,384018,1790696861040624543,1790696861040366462,299092,0,0.000000,1,0
1556,1,380328,391608,1790696861041061822,1790696861040808676,292247,0,0.000000,1,0
1557,1,383898,394959,1790696861041497551,1790696861041229240,268391,0,0.000000,1,0
1558,1,377428,389138,1790696861041894360,1790696861041630455,263975,0,0.000000,1,0
1559,1,378908,390669,1790696861042293578,1790696861042032140,306889,0,0.000000,1,0
1560,1,373598,384578,1790696861042725848,1790696861042467834,300005,0,0.752505,1,1
1561,1,377218,387978,1790696861043158177,1790696861042898948,301080,0,0.000000,1,0
1562,1,374898,385478,1790696861043587496,1790696861043327862,301795,0,0.764682,1,1
1563,1,383419,394369,1790696861044025786,1790696861043765057,302360,0,0.752159,1,1
1564,1,375468,386348,1790696861044455665,1790696861044197201,300215,0,0.759574,1,1
1565,1,373958,384818,1790696861044883944,1790696861044624265,301560,0,0.763131,1,1
1566,1,379558,392448,1790696861045341514,1790696861045079449,262145,0,0.000000,1,0
1567,1,373828,384909,1790696861045736952,1790696861045477744,306059,0,0.783349,1,1
1568,1,380838,391678,1790696861046177572,1790696861045920048,308695,0,0.000000,1,0
1569,1,374148,385108,1790696861046615881,1790696861046357062,299800,0,0.753930,1,1
1570,1,375368,386409,1790696861047044740,1790696861046784957,302374,0,0.764092,1,1
1571,1,377648,388068,1790696861047477660,1790696861047218041,301270,0,0.000000,1,0
1572,1,390358,401849,1790696861047922289,1790696861047649575,272804,0,0.760297,1,1
1573,1,373048,383838,1790696861048315108,1790696861048056430,300679,0,0.774129,1,1
1574,1,371918,382558,1790696861048741727,1790696861048484004,298764,0,0.757429,1,1
1575,1,380798,391878,1790696861049176136,1790696861048918248,300649,0,0.753011,1,1
1576,1,374238,384809,1790696861049605975,1790696861049348443,299343,0,0.000000,1,0
1577,1,383698,394618,1790696861050044065,1790696861049781527,302039,0,0.000000,1,0
1578,1,377588,388918,1790696861050476724,1790696861050217011,301644,0,0.000000,1,0
1579,1,375898,386569,1790696861050907463,1790696861050646916,300448,0,0.758982,1,1
1580,1,374348,385329,1790696861051334382,1790696861051076050,299353,0,0.000000,1,0
1581,1,370108,380438,1790696861051758202,1790696861051501844,298308,0,0.000000,1,0
1582,1,380948,391508,1790696861052197531,1790696861051938009,303193,0,0.000000,1,0
1583,1,376188,387249,1790696861052629890,1790696861052370143,302518,0,0.000000,1,0
1584,1,399559,411379,1790696861053084770,1790696861052820257,264603,0,0.743129,1,1
1585,1,386688,398948,1790696861053496959,1790696861053229051,303669,0,0.778236,1,1
1586,1,377548,389018,1790696861053923588,1790696861053662456,299763,0,0.759878,1,1
1587,1,385818,398669,1790696861054360627,1790696861054091360,269337,0,0.759704,1,1
1588,1,371988,382558,1790696861054753956,1790696861054496275,299002,0,0.775268,1,1
1589,1,376258,387108,1790696861055187385,1790696861054928509,300437,0,0.000000,1,0
1590,1,376728,388518,1790696861055618614,1790696861055357923,260771,0,0.756777,1,1
1591,1,384588,395838,1790696861056023283,1790696861055759368,306996,0,0.000000,1,0
1592,1,378538,389208,1790696861056457702,1790696861056194762,302151,0,0.753026,1,1
1593,1,374688,385598,1790696861056884271,1790696861056623887,301995,0,0.760471,1,1
1594,1,376639,387249,1790696861057325651,1790696861057065521,301110,0,0.000000,1,0
1595,1,371328,381928,1790696861057750620,1790696861057493665,298706,0,0.757701,1,1
1596,1,377838,388498,1790696861058186779,1790696861057927049,301191,0,0.000000,1,0
1597,1,372188,383178,1790696861058613088,1790696861058355274,298505,0,0.000000,1,0
1598,1,378318,390469,1790696861059044767,1790696861058784038,301800,0,0.000000,1,0
1599,1,380908,391828,1790696861059479807,1790696861059216902,303436,0,0.756717,1,1
1600,1,377718,390068,1790696861059910786,1790696861059648296,262560,0,0.757498,1,1
1601,1,375859,387089,1790696861060307415,1790696861060048851,311655,0,0.000000,1,0
1602,1,384868,397388,1790696861060758134,1790696861060488345,269889,0,0.753206,1,1
1603,1,379418,391348,1790696861061158273,1790696861060897590,300214,0,0.773262,1,1
1604,1,378078,389188,1790696861061588402,1790696861061326794,261688,0,0.760297,1,1
1605,1,378329,389389,1790696861061986021,1790696861061726369,301352,0,0.000000,1,0
1606,1,376998,388468,1790696861062417670,1790696861062155983,261767,0,0.764162,1,1
1607,1,381108,392629,1790696861062818518,1790696861062550308,268290,0,0.000000,1,0
1608,1,379558,390028,1790696861063217757,1790696861062960153,301755,0,0.000000,1,0
1609,1,373268,383828,1790696861063647656,1790696861063388927,299710,0,0.760707,1,1
1610,1,374048,385189,1790696861064078265,1790696861063818741,300065,0,0.765439,1,1
1611,1,376328,387988,1790696861064507875,1790696861064245176,262779,0,0.000000,1,0
1612,1,375208,386928,1790696861064902803,1790696861064641100,261773,0,0.787599,1,1
1613,1,375538,386728,1790696861065298432,1790696861065038885,303248,0,0.785200,1,1
1614,1,375068,385688,1790696861065729991,1790696861065470209,299593,0,0.763772,1,1
1615,1,376468,387748,1790696861066158860,1790696861065896994,304307,0,0.761681,1,1
1616,1,373848,385489,1790696861066587929,1790696861066327628,299122,0,0.759331,1,1
1617,1,390729,404249,1790696861067029979,1790696861066758482,271567,0,0.000000,1,0
1618,1,385829,397619,1790696861067437948,1790696861067168807,296531,0,0.772968,1,1
1619,1,377308,388249,1790696861067855046,1790696861067593521,301236,0,0.000000,1,0
1620,1,378398,393558,1790696861068288986,1790696861068028585,300012,0,0.758528,1,1
1621,1,370908,382598,1790696861068712685,1790696861068456369,298617,0,0.000000,1,0
1622,1,379848,391258,1790696861069147394,1790696861068884504,299341,0,0.000000,1,0
1623,1,376218,387129,1790696861069572873,1790696861069312018,302916,0,0.000000,1,0
1624,1,376909,388079,1790696861070004413,1790696861069746062,299641,0,0.750455,1,1
1625,1,372718,384258,1790696861070431212,1790696861070173657,299566,0,0.770129,1,1
1626,1,371678,382508,1790696861070857481,1790696861070601661,297491,0,0.762657,1,1
1627,1,374188,385228,1790696861071285890,1790696861071027695,299296,0,0.000000,1,0
1628,1,371558,382118,1790696861071711009,1790696861071453390,300110,0,0.000000,1,0
1629,1,375378,386158,1790696861072141428,1790696861071881754,300725,0,0.000000,1,0
1630,1,375948,386509,1790696861072571097,1790696861072311778,300790,0,0.000000,1,0
1631,1,389089,401369,1790696861073014127,1790696861072746623,267594,0,0.754970,1,1
1632,1,386768,399449,1790696861073421285,1790696861073151927,269458,0,0.779465,1,1
1633,1,378998,392128,1790696861073821104,1790696861073560182,299513,0,0.774299,1,1
1634,1,379178,391849,1790696861074256143,1790696861073995566,308168,0,0.757550,1,1
1635,1,375168,387088,1790696861074692213,1790696861074433930,300354,0,0.753033,1,1
1636,1,381178,394368,1790696861075128702,1790696861074864855,263947,0,0.756315,1,1
1637,1,377948,391128,1790696861075528151,1790696861075267139,302813,0,0.000000,1,0
1638,1,382788,397508,1790696861075965250,1790696861075698804,266656,0,0.000000,1,0
1639,1,382398,396618,1790696861076370849,1790696861076107418,305852,0,0.000000,1,0
1640,1,373148,392978,1790696861076799538,1790696861076542802,303307,0,0.000000,1,0
1641,1,385589,398249,1790696861077250888,1790696861076985527,301371,0,0.752084,1,1
1642,1,372418,383458,1790696861077675077,1790696861077416441,300457,0,0.756868,1,1
1643,1,376178,387438,1790696861078105856,1790696861077843015,301952,0,0.000000,1,0
1644,1,373328,383848,1790696861078530885,1790696861078270770,301246,0,0.760129,1,1
1645,1,370808,382998,1790696861078955374,1790696861078694954,300801,0,0.760144,1,1
1646,1,373628,386229,1790696861079382123,1790696861079120508,261685,0,0.759689,1,1
1647,1,384768,397178,1790696861079787832,1790696861079515943,271959,0,0.800654,1,1
1648,1,388648,400098,1790696861080201651,1790696861079937958,263763,0,0.760228,1,1
1649,1,370028,381999,1790696861080591099,1790696861080332662,301728,0,0.785161,1,1
1650,1,377458,389978,1790696861081024579,1790696861080763387,302202,0,0.759476,1,1
1651,1,391138,403558,1790696861081470018,1790696861081199501,301208,0,0.755129,1,1
1652,1,379058,390038,1790696861081892727,1790696861081634515,298643,0,0.756066,1,1
1653,1,375998,386909,1790696861082322036,1790696861082062899,300208,0,0.761241,1,1
1654,1,376638,389198,1790696861082752986,1790696861082491484,261572,0,0.758428,1,1
1655,1,377958,388678,1790696861083151694,1790696861082889898,307457,0,0.000000,1,0
1656,1,378218,388858,1790696861083588214,1790696861083325623,301001,0,0.000000,1,0
1657,1,382118,393128,1790696861084021383,1790696861083760757,302097,0,0.753628,1,1
1658,1,378618,389998,1790696861084454382,1790696861084191931,262551,0,0.000000,1,0
1659,1,377638,389128,1790696861084851841,1790696861084588756,263165,0,0.784894,1,1
1660,1,379808,390779,1790696861085251239,1790696861084991441,303249,0,0.000000,1,0
1661,1,374928,385828,1790696861085682319,1790696861085421915,300284,0,0.754850,1,1
1662,1,394648,407548,1790696861086129568,1790696861085856359,273299,0,0.000000,1,0
1663,1,383568,396358,1790696861086536837,1790696861086269174,267743,0,0.774276,1,1
1664,1,375658,386998,1790696861086933665,1790696861086673458,303718,0,0.779381,1,1
1665,1,377308,388009,1790696861087367294,1790696861087108353,301202,0,0.756943,1,1
1666,1,374458,388498,1790696861087796824,1790696861087537687,301078,0,0.761499,1,1
1667,1,379618,390728,1790696861088231653,1790696861087972401,308003,0,0.749622,1,1
1668,1,372138,382548,1790696861088665322,1790696861088406815,300008,0,0.000000,1,0
1669,1,378968,389999,1790696861089098301,1790696861088835960,301652,0,0.000000,1,0
1670,1,380728,392008,1790696861089531111,1790696861089267814,263377,0,0.754073,1,1
1671,1,378528,389419,1790696861089933159,1790696861089670609,307191,0,0.000000,1,0
1672,1,378358,389268,1790696861090368809,1790696861090107913,301787,0,0.000000,1,0
1673,1,375298,390478,1790696861090797708,1790696861090535807,261991,0,0.770970,1,1
1674,1,379339,390509,1790696861091203367,1790696861090942832,304426,0,0.000000,1,0
1675,1,376638,387488,1790696861091636656,1790696861091376246,301651,0,0.000000,1,0
1676,1,377768,388738,1790696861092068355,1790696861091807880,300436,0,0.754194,1,1
1677,1,377198,387859,1790696861092498204,1790696861092239225,301450,0,0.000000,1,0
1678,1,373468,399098,1790696861092926844,1790696861092666289,298955,0,0.000000,1,0
1679,1,380558,392458,1790696861093358213,1790696861093092613,265680,0,0.761972,1,1
1680,1,374428,384649,1790696861093753541,1790696861093495578,303544,0,0.783357,1,1
1681,1,381188,392488,1790696861094197171,1790696861093934142,263129,0,0.749540,1,1
1682,1,374288,385779,1790696861094591209,1790696861094330277,261012,0,0.000000,1,0
1683,1,372868,383688,1790696861094983648,1790696861094724142,303267,0,0.784023,1,1
1684,1,386368,398198,1790696861095426667,1790696861095156566,270191,0,0.757829,1,1
1685,1,378658,390608,1790696861095825666,1790696861095560830,264916,0,0.777311,1,1
1686,1,381888,392619,1790696861096227854,1790696861095966375,305000,0,0.000000,1,0
1687,1,374898,385908,1790696861096658944,1790696861096398469,306166,0,0.000000,1,0
1688,1,377578,388468,1790696861097094863,1790696861096832623,303391,0,0.754489,1,1
1689,1,375878,386498,1790696861097524552,1790696861097264268,302185,0,0.000000,1,0
1690,1,381679,392989,1790696861097960762,1790696861097697812,263020,0,0.000000,1,0
1691,1,377568,389168,1790696861098361660,1790696861098100517,304374,0,0.000000,1,0
1692,1,387769,398889,1790696861098805720,1790696861098532801,272999,0,0.000000,1,0
1693,1,377668,388228,1790696861099203528,1790696861098944166,300673,0,0.769459,1,1
1694,1,374228,384849,1790696861099631947,1790696861099373080,300808,0,0.760258,1,1
1695,1,378638,389458,1790696861100065327,1790696861099803504,303884,0,0.759575,1,1
1696,1,376538,387798,1790696861100496796,1790696861100237208,302789,0,0.753215,1,1
1697,1,374598,392259,1790696861100927325,1790696861100667413,302093,0,0.000000,1,0
1698,1,376238,386819,1790696861101358614,1790696861101099157,301088,0,0.763618,1,1
1699,1,373108,383858,1790696861101785954,1790696861101527871,303444,0,0.000000,1,0
1700,1,375348,385838,1790696861102219533,1790696861101959866,301668,0,0.000000,1,0
1701,1,381228,392369,1790696861102655532,1790696861102389190,300463,0,0.000000,1,0
1702,1,375758,386489,1790696861103078071,1790696861102818254,302368,0,0.759636,1,1
1703,1,378338,388828,1790696861103511771,1790696861103250479,304283,0,0.000000,1,0
1704,1,377048,387668,1790696861103944530,1790696861103685413,300448,0,0.758921,1,1
1705,1,374768,386019,1790696861104379429,1790696861104120627,300213,0,0.000000,1,0
1706,1,375058,385799,1790696861104808838,1790696861104548531,301438,0,0.766757,1,1
1707,1,389128,400938,1790696861105252018,1790696861104982726,269352,0,0.753590,1,1
1708,1,372858,383919,1790696861105645336,1790696861105387500,299417,0,0.000000,1,0
1709,1,377498,388618,1790696861106077146,1790696861105816275,301531,0,0.000000,1,0
1710,1,373828,385268,1790696861106504495,1790696861106244169,300187,0,0.000000,1,0
1711,1,380698,392178,1790696861106937824,1790696861106671063,266831,0,0.761994,1,1
1712,1,384169,395439,1790696861107342033,1790696861107083218,304716,0,0.775144,1,1
1713,1,372698,383198,1790696861107773552,1790696861107515162,303601,0,0.757504,1,1
1714,1,377498,388228,1790696861108209341,1790696861107950246,301466,0,0.000000,1,0
1715,1,376468,386849,1790696861108640910,1790696861108381831,298850,0,0.000000,1,0
1716,1,384699,396199,1790696861109078090,1790696861108818015,301356,0,0.000000,1,0
1717,1,375858,386538,1790696861109508319,1790696861109249519,310561,0,0.000000,1,0
1718,1,380248,391599,1790696861109953328,1790696861109690283,263145,0,0.000000,1,0
1719,1,376088,387018,1790696861110352427,1790696861110091848,306360,0,0.000000,1,0
1720,1,373258,384008,1790696861110784196,1790696861110525412,302195,0,0.755167,1,1
1721,1,380489,391259,1790696861111221496,1790696861110961497,302280,0,0.755416,1,1
1722,1,384108,395638,1790696861111660405,1790696861111391721,268754,0,0.000000,1,0
1723,1,381009,392589,1790696861112061334,1790696861111797045,264359,0,0.000000,1,0
1724,1,375218,386708,1790696861112456462,1790696861112195090,261532,0,0.000000,1,0
1725,1,373798,385018,1790696861112849901,1790696861112590065,301136,0,0.786803,1,1
1726,1,378648,390688,1790696861113285910,1790696861113024579,261391,0,0.000000,1,0
1727,1,377468,388839,1790696861113684118,1790696861113420184,264004,0,0.785632,1,1
1728,1,373228,383698,1790696861114077507,1790696861113820969,300689,0,0.000000,1,0
1729,1,377588,388998,1790696861114511866,1790696861114249113,262823,0,0.763397,1,1
1730,1,374698,386358,1790696861114906125,1790696861114645578,303968,0,0.000000,1,0
1731,1,375078,385708,1790696861115337444,1790696861115079082,298433,0,0.000000,1,0
1732,1,370808,381518,1790696861115760913,1790696861115504966,303798,0,0.000000,1,0
1733,1,379778,390929,1790696861116201312,1790696861115939681,261721,0,0.000000,1,0
1734,1,382308,393268,1790696861116602891,1790696861116335285,302287,0,0.000000,1,0
1735,1,377648,388698,1790696861117027830,1790696861116767910,302871,0,0.758641,1,1
1736,1,378529,390119,1790696861117462090,1790696861117200064,262106,0,0.759506,1,1
1737,1,385268,396869,1790696861117870488,1790696861117601009,269559,0,0.784682,1,1
1738,1,377528,388528,1790696861118267767,1790696861118006773,301885,0,0.797944,1,1
1739,1,374708,385378,1790696861118696166,1790696861118436337,301550,0,0.000000,1,0
1740,1,379088,390009,1790696861119129975,1790696861118868162,302924,0,0.000000,1,0
1741,1,376409,387289,1790696861119560265,1790696861119299946,300519,0,0.000000,1,0
1742,1,385198,396328,1790696861119998764,1790696861119743090,296025,0,0.742854,1,1
1743,1,381908,393249,1790696861120433913,1790696861120168044,265949,0,0.000000,1,0
1744,1,376428,388378,1790696861120829812,1790696861120566459,263413,0,0.000000,1,0
1745,1,373748,384399,1790696861121224180,1790696861120964824,302007,0,0.000000,1,0
1746,1,370798,381459,1790696861121650339,1790696861121392798,300162,0,0.761925,1,1
1747,1,378208,389188,1790696861122084039,1790696861121824422,300517,0,0.000000,1,0
1748,1,373738,384008,1790696861122511638,1790696861122252357,299592,0,0.761803,1,1
1749,1,374478,385608,1790696861122939467,1790696861122682111,299007,0,0.758838,1,1
1750,1,386118,397739,1790696861123380216,1790696861123109175,271131,0,0.000000,1,0
1751,1,379828,391498,1790696861123779995,1790696861123514180,265885,0,0.000000,1,0
1752,1,394889,406479,1790696861124194734,1790696861123923725,271099,0,0.000000,1,0
1753,1,373508,384368,1790696861124588302,1790696861124328799,300854,0,0.000000,1,0
1754,1,379918,390669,1790696861125022541,1790696861124763553,299329,0,0.000000,1,0
1755,1,380419,391719,1790696861125456091,1790696861125192258,263913,0,0.000000,1,0
1756,1,373698,385238,1790696861125849439,1790696861125590362,302018,0,0.000000,1,0
1757,1,371448,382558,1790696861126276438,1790696861126018637,299422,0,0.764482,1,1
1758,1,373318,384729,1790696861126704097,1790696861126443731,260426,0,0.000000,1,0
1759,1,381858,393438,1790696861127105586,1790696861126838416,267250,0,0.786976,1,1
1760,1,375218,385919,1790696861127500754,1790696861127241301,303104,0,0.778235,1,1
1761,1,374198,384838,1790696861127931234,1790696861127671655,301570,0,0.759666,1,1
1762,1,375528,386368,1790696861128361453,1790696861128102199,299745,0,0.761461,1,1
1763,1,370468,381028,1790696861128785082,1790696861128528324,301359,0,0.763099,1,1
1764,1,381648,392809,1790696861129224481,1790696861128962358,303444,0,0.755151,1,1
1765,1,374818,385528,1790696861129654021,1790696861129393882,302050,0,0.000000,1,0
1766,1,378448,389088,1790696861130087080,1790696861129828506,300365,0,0.752319,1,1
1767,1,400599,413169,1790696861130542150,1790696861130257181,285039,0,0.000000,1,0
1768,1,374018,384598,1790696861130937138,1790696861130676535,302974,0,0.000000,1,0
1769,1,375949,383329,1790696861131370668,1790696861131109919,260819,0,0.000000,1,0
1770,1,375258,381688,1790696861131761316,1790696861131502834,304993,0,0.000000,1,0
1771,1,375618,382518,1790696861132192205,1790696861131934249,300877,0,0.757989,1,1
1772,1,373628,380118,1790696861132617624,1790696861132358473,300132,0,0.000000,1,0
1773,1,374958,386469,1790696861133042193,1790696861132781837,302687,0,0.000000,1,0
1774,1,377528,388298,1790696861133475513,1790696861133215332,301902,0,0.000000,1,0
1775,1,383358,394608,1790696861133913212,1790696861133645076,268216,0,0.000000,1,0
1776,1,385798,396838,1790696861134321831,1790696861134062090,302562,0,0.000000,1,0
1777,1,372858,383608,1790696861134750190,1790696861134490605,301176,0,0.757110,1,1
1778,1,380328,392209,1790696861135189679,1790696861134926189,263570,0,0.000000,1,0
1779,1,374388,385088,1790696861135584248,1790696861135327874,300815,0,0.000000,1,0
1780,1,379988,390939,1790696861136021597,1790696861135759858,302930,0,0.000000,1,0
1781,1,375039,386009,1790696861136450687,1790696861136191502,300205,0,0.000000,1,0
1782,1,385798,397408,1790696861136890176,1790696861136618247,272039,0,0.763153,1,1
1783,1,378249,389819,1790696861137288185,1790696861137025241,305564,0,0.774834,1,1
1784,1,382388,395128,1790696861137726264,1790696861137459565,301240,0,0.755493,1,1
1785,1,379668,391098,1790696861138153043,1790696861137890860,301714,0,0.000000,1,0
1786,1,376618,387518,1790696861138581822,1790696861138320814,300959,0,0.762428,1,1
1787,1,383018,394069,1790696861139017391,1790696861138754538,302954,0,0.000000,1,0
1788,1,375688,386648,1790696861139445941,1790696861139185913,302688,0,0.000000,1,0
1789,1,374748,385618,1790696861139876200,1790696861139616457,300834,0,0.759590,1,1
1790,1,374498,385638,1790696861140308609,1790696861140047831,300019,0,0.000000,1,0
1791,1,372858,383888,1790696861140733488,1790696861140473756,303103,0,0.000000,1,0
1792,1,381648,392709,1790696861141171157,1790696861140909140,300318,0,0.751986,1,1
1793,1,373968,384509,1790696861141596146,1790696861141337834,299503,0,0.758733,1,1
1794,1,383408,394078,1790696861142033266,1790696861141769628,303199,0,0.760966,1,1
1795,1,377658,388728,1790696861142463055,1790696861142201943,301803,0,0.000000,1,0
1796,1,379918,392029,1790696861142896174,1790696861142631167,265117,0,0.762032,1,1
1797,1,387748,399728,1790696861143304533,1790696861143031472,273131,0,0.000000,1,0
1798,1,373758,386258,1790696861143698452,1790696861143436846,261676,0,0.000000,1,0
1799,1,380738,391798,1790696861144100020,1790696861143836261,307830,0,0.000000,1,0
1800,1,377059,388429,1790696861144533710,1790696861144272605,310416,0,0.753764,1,1
1801,1,379298,392228,1790696861144981859,1790696861144717479,264460,0,0.000000,1,0
1802,1,376448,387218,1790696861145379748,1790696861145118674,302015,0,0.000000,1,0
1803,1,377908,389138,1790696861145811127,1790696861145549098,300710,0,0.000000,1,0
1804,1,381828,393288,1790696861146244396,1790696861145981523,262953,0,0.000000,1,0
1805,1,374148,384778,1790696861146642065,1790696861146381747,304159,0,0.000000,1,0
1806,1,377888,388358,1790696861147076634,1790696861146815931,301914,0,0.756702,1,1
1807,1,380868,392289,1790696861147511363,1790696861147244526,266927,0,0.762108,1,1
1808,1,372828,383478,1790696861147903832,1790696861147644250,300833,0,0.784423,1,1
1809,1,375788,387188,1790696861148333371,1790696861148071085,262356,0,0.000000,1,0
1810,1,374388,385669,1790696861148727199,1790696861148466019,261240,0,0.785271,1,1
1811,1,377198,389168,1790696861149127458,1790696861148865094,304015,0,0.000000,1,0
1812,1,385879,397229,1790696861149567938,1790696861149297358,270660,0,0.000000,1,0
1813,1,373548,384878,1790696861149961136,1790696861149700583,302224,0,0.000000,1,0
1814,1,378058,389779,1790696861150393655,1790696861150130717,302619,0,0.000000,1,0
1815,1,378388,390559,1790696861150824454,1790696861150560802,304503,0,0.000000,1,0
1816,1,381958,393348,1790696861151259934,1790696861150999566,303369,0,0.000000,1,0
1817,1,382708,393488,1790696861151698343,1790696861151428980,301284,0,0.756702,1,1
1818,1,378808,392569,1790696861152121622,1790696861151858244,302999,0,0.000000,1,0
1819,1,377759,389129,1790696861152553012,1790696861152292099,302183,0,0.000000,1,0
1820,1,377208,388488,1790696861152984151,1790696861152720533,300849,0,0.000000,1,0
1821,1,375568,386308,1790696861153409670,1790696861153150827,302504,0,0.000000,1,0
1822,1,376998,388339,1790696861153843129,1790696861153580612,262607,0,0.758937,1,1
1823,1,375368,387208,1790696861154244608,1790696861153984126,305583,0,0.000000,1,0
1824,1,372198,382768,1790696861154674417,1790696861154415591,301737,0,0.756293,1,1
1825,1,378348,389619,1790696861155108386,1790696861154845145,301342,0,0.000000,1,0
1826,1,374708,385348,1790696861155533846,1790696861155274629,300687,0,0.761819,1,1
1827,1,386378,398278,1790696861155974185,1790696861155702704,271561,0,0.761004,1,1
1828,1,376069,386909,1790696861156370794,1790696861156109378,301336,0,0.000000,1,0
1829,1,374008,389178,1790696861156797373,1790696861156537542,303422,0,0.000000,1,0
1830,1,382718,394598,1790696861157236732,1790696861156975937,300436,0,0.748528,1,1
1831,1,383568,397259,1790696861157672901,1790696861157405241,267740,0,0.000000,1,0
1832,1,386298,399508,1790696861158085750,1790696861157820725,265095,0,0.769346,1,1
1833,1,380528,393508,1790696861158491139,1790696861158228680,312720,0,0.777348,1,1
1834,1,377178,389869,1790696861158932268,1790696861158669494,302725,0,0.754722,1,1
1835,1,382419,395549,1790696861159367838,1790696861159106098,302380,0,0.756445,1,1
1836,1,377788,394178,1790696861159798917,1790696861159537653,302455,0,0.763817,1,1
1837,1,383608,397638,1790696861160237276,1790696861159972337,265039,0,0.753093,1,1
1838,1,378158,389358,1790696861160637825,1790696861160376702,302854,0,0.000000,1,0
1839,1,396448,409909,1790696861161088624,1790696861160818926,306519,0,0.000000,1,0
1840,1,388739,399959,1790696861161527094,1790696861161267080,300485,0,0.000000,1,0
1841,1,375658,386718,1790696861161956053,1790696861161694554,301310,0,0.763115,1,1
1842,1,388898,400389,1790696861162397292,1790696861162126489,270903,0,0.762741,1,1
1843,1,375688,391538,1790696861162792461,1790696861162533573,302739,0,0.779699,1,1
1844,1,381348,392799,1790696861163231910,1790696861162969477,303384,0,0.000000,1,0
1845,1,381809,394249,1790696861163668090,1790696861163403312,264848,0,0.757693,1,1
1846,1,378738,389608,1790696861164067568,1790696861163804866,304543,0,0.780854,1,1
1847,1,377518,390559,1790696861164499477,1790696861164237401,304057,0,0.754020,1,1
1848,1,378758,393228,1790696861164932787,1790696861164668575,264282,0,0.000000,1,0
1849,1,377208,389109,1790696861165333285,1790696861165073260,304006,0,0.778982,1,1
1850,1,386268,397448,1790696861165776325,1790696861165505594,303602,0,0.760836,1,1
1851,1,376798,387778,1790696861166199164,1790696861165938348,302887,0,0.000000,1,0
1852,1,380678,393829,1790696861166634513,1790696861166371272,263311,0,0.755545,1,1
1853,1,380138,390638,1790696861167035992,1790696861166775067,304916,0,0.781612,1,1
1854,1,378268,388928,1790696861167471231,1790696861167208451,301371,0,0.000000,1,0
1855,1,382719,394279,1790696861167905301,1790696861167638226,267155,0,0.000000,1,0
1856,1,373748,384408,1790696861168299129,1790696861168042230,300450,0,0.777099,1,1
1857,1,380038,391399,1790696861168735408,1790696861168467295,268183,0,0.760783,1,1
1858,1,377158,388238,1790696861169132067,1790696861168871159,302099,0,0.000000,1,0
1859,1,378828,389748,1790696861169564736,1790696861169301944,302453,0,0.000000,1,0
1860,1,379628,391859,1790696861169996785,1790696861169733328,304648,0,0.760669,1,1
1861,1,379578,391648,1790696861170430795,1790696861170167392,263483,0,0.000000,1,0
1862,1,378298,390309,1790696861170829683,1790696861170565097,264656,0,0.000000,1,0
1863,1,375228,386428,1790696861171225382,1790696861170965682,305381,0,0.000000,1,0
1864,1,373878,385028,1790696861171660731,1790696861171401196,300686,0,0.000000,1,0
1865,1,377098,388999,1790696861172091920,1790696861171831510,301811,0,0.000000,1,0
1866,1,374908,385438,1790696861172521160,1790696861172261654,308737,0,0.762964,1,1
1867,1,373908,384928,1790696861172957049,1790696861172695479,301361,0,0.000000,1,0
1868,1,373718,384268,1790696861173383238,1790696861173122993,302766,0,0.000000,1,0
1869,1,374158,384718,1790696861173812467,1790696861173555017,297961,0,0.757504,1,1
1870,1,382418,394019,1790696861174248126,1790696861173985861,262335,0,0.000000,1,0
1871,1,373868,384408,1790696861174641785,1790696861174381696,306360,0,0.789570,1,1
1872,1,388008,399739,1790696861175088774,1790696861174817330,271544,0,0.754156,1,1
1873,1,380548,392018,1790696861175489823,1790696861175223455,266438,0,0.000000,1,0
1874,1,375228,386689,1790696861175884621,1790696861175623580,304012,0,0.000000,1,0
1875,1,382178,394208,1790696861176323491,1790696861176059544,264027,0,0.754472,1,1
1876,1,374168,384808,1790696861176719019,1790696861176458698,304212,0,0.000000,1,0
1877,1,377048,389009,1790696861177152868,1790696861176891063,303116,0,0.755167,1,1
1878,1,379268,390708,1790696861177586358,1790696861177323137,263321,0,0.000000,1,0
1879,1,382238,393899,1790696861177988886,1790696861177720972,267984,0,0.782308,1,1
1880,1,376668,388508,1790696861178385545,1790696861178122716,262909,0,0.784603,1,1
1881,1,371638,382229,1790696861178777033,1790696861178520261,305483,0,0.000000,1,0
1882,1,374378,385338,1790696861179213023,1790696861178953925,300099,0,0.000000,1,0
1883,1,380958,391818,1790696861179647622,1790696861179379570,300463,0,0.760669,1,1
1884,1,375278,385768,1790696861180068101,1790696861179807964,301298,0,0.761895,1,1
1885,1,374528,385408,1790696861180496430,1790696861180236338,302323,0,0.761256,1,1
1886,1,374948,394779,1790696861180926289,1790696861180668423,299257,0,0.760152,1,1
1887,1,387848,399178,1790696861181368279,1790696861181096657,271712,0,0.000000,1,0
1888,1,372498,383019,1790696861181760367,1790696861181503882,303096,0,0.770291,1,1
1889,1,376148,387278,1790696861182199157,1790696861181939056,300132,0,0.000000,1,0
1890,1,372388,383128,1790696861182625036,1790696861182367500,299687,0,0.764330,1,1
1891,1,372878,383558,1790696861183052675,1790696861182794535,301231,0,0.000000,1,0
1892,1,371458,382188,1790696861183480184,1790696861183223729,298496,0,0.759742,1,1
1893,1,370168,380959,1790696861183905313,1790696861183646483,301591,0,0.000000,1,0
1894,1,374308,385288,1790696861184335263,1790696861184075288,302136,0,0.000000,1,0
1895,1,372238,382838,1790696861184762362,1790696861184502812,306791,0,0.760471,1,1
1896,1,379538,390529,1790696861185207921,1790696861184945796,303176,0,0.747728,1,1
1897,1,375479,386049,1790696861185637211,1790696861185376770,301911,0,0.000000,1,0
1898,1,376578,387448,1790696861186067890,1790696861185807395,301426,0,0.761780,1,1
1899,1,373998,385108,1790696861186496429,1790696861186237429,310011,0,0.000000,1,0
1900,1,376818,388329,1790696861186937368,1790696861186674333,263115,0,0.000000,1,0
1901,1,374168,384818,1790696861187331717,1790696861187072388,302080,0,0.000000,1,0
1902,1,383798,395169,1790696861187771096,1790696861187501562,269594,0,0.000000,1,0
1903,1,380368,391908,1790696861188171365,1790696861187909617,304629,0,0.000000,1,0
1904,1,384238,394859,1790696861188611834,1790696861188351121,300764,0,0.000000,1,0
1905,1,377379,388488,1790696861189041784,1790696861188780775,302459,0,0.000000,1,0
1906,1,380338,391988,1790696861189476803,1790696861189212650,264233,0,0.000000,1,0
1907,1,376818,387909,1790696861189873751,1790696861189613554,303858,0,0.783318,1,1
1908,1,379448,391528,1790696861190309551,1790696861190045289,264342,0,0.758163,1,1
1909,1,375288,386768,1790696861190706839,1790696861190444473,262446,0,0.000000,1,0
1910,1,377178,389168,1790696861191104038,1790696861190840968,263140,0,0.784776,1,1
1911,1,381268,392638,1790696861191506266,1790696861191237753,268583,0,0.787953,1,1
1912,1,375518,386918,1790696861191901805,1790696861191638148,263737,0,0.783451,1,1
1913,1,374388,384938,1790696861192295743,1790696861192037282,302862,0,0.783600,1,1
1914,1,376198,386939,1790696861192729062,1790696861192467197,261945,0,0.000000,1,0
1915,1,379838,391588,1790696861193128071,1790696861192863971,264170,0,0.000000,1,0
1916,1,384668,396399,1790696861193533419,1790696861193261616,271883,0,0.784486,1,1
1917,1,390018,401689,1790696861193943638,1790696861193672481,271227,0,0.000000,1,0
1918,1,378888,390318,1790696861194345957,1790696861194082385,263652,0,0.000000,1,0
1919,1,374538,385439,1790696861194740305,1790696861194479630,305806,0,0.785310,1,1
1920,1,383198,394068,1790696861195181295,1790696861194919384,302242,0,0.000000,1,0
1921,1,379998,391488,1790696861195614334,1790696861195349798,264626,0,0.000000,1,0
1922,1,378618,389388,1790696861196012903,1790696861195751883,303461,0,0.782918,1,1
1923,1,374408,385528,1790696861196442462,1790696861196183797,300476,0,0.000000,1,0
1924,1,378088,389738,1790696861196874991,1790696861196611602,263469,0,0.761308,1,1
1925,1,374618,385878,1790696861197273260,1790696861197013706,301635,0,0.780832,1,1
1926,1,370898,381678,1790696861197698879,1790696861197441201,299179,0,0.759119,1,1
1927,1,382398,393998,1790696861198135548,1790696861197867665,267963,0,0.000000,1,0
1928,1,377118,388648,1790696861198535737,1790696861198272520,263297,0,0.000000,1,0
1929,1,377808,390269,1790696861198933795,1790696861198668375,265490,0,0.000000,1,0
1930,1,375348,386058,1790696861199329934,1790696861199069379,304416,0,0.782472,1,1
1931,1,375108,386628,1790696861199761753,1790696861199499734,262099,0,0.000000,1,0
1932,1,384828,396298,1790696861200166452,1790696861199900578,265954,0,0.000000,1,0
1933,1,384898,395919,1790696861200570860,1790696861200300413,303448,0,0.778959,1,1
1934,1,375279,386389,1790696861200991740,1790696861200730667,301393,0,0.757595,1,1
1935,1,378898,389778,1790696861201423869,1790696861201162071,305129,0,0.000000,1,0
1936,1,374308,385058,1790696861201854218,1790696861201594246,300813,0,0.755461,1,1
1937,1,373168,384118,1790696861202280807,1790696861202021370,300578,0,0.759484,1,1
1938,1,371188,381649,1790696861202705876,1790696861202448324,299633,0,0.000000,1,0
1939,1,375809,386929,1790696861203136966,1790696861202877299,301867,0,0.758064,1,1
1940,1,377568,389768,1790696861203569525,1790696861203305763,263882,0,0.760220,1,1
1941,1,374278,384949,1790696861203965623,1790696861203705018,303926,0,0.783764,1,1
1942,1,379248,390538,1790696861204400793,1790696861204137592,263271,0,0.756149,1,1
1943,1,380248,396099,1790696861204800531,1790696861204534326,266275,0,0.788884,1,1
1944,1,378468,389238,1790696861205203690,1790696861204942381,303020,0,0.000000,1,0
1945,1,375008,385668,1790696861205633049,1790696861205373695,301155,0,0.757058,1,1
1946,1,380478,391089,1790696861206068258,1790696861205804620,303139,0,0.763092,1,1
1947,1,385338,396708,1790696861206506018,1790696861206235864,270244,0,0.757875,1,1
1948,1,376998,388309,1790696861206903126,1790696861206640239,262957,0,0.000000,1,0
1949,1,375948,386488,1790696861207298795,1790696861207037373,312043,0,0.000000,1,0
1950,1,375038,385758,1790696861207737244,1790696861207476377,300458,0,0.000000,1,0
1951,1,379269,390129,1790696861208168794,1790696861207907442,303392,0,0.000000,1,0
1952,1,370428,380978,1790696861208594023,1790696861208336356,299768,0,0.000000,1,0
1953,1,382998,394818,1790696861209031702,1790696861208764230,267552,0,0.761820,1,1
1954,1,374838,385279,1790696861209426740,1790696861209167005,300306,0,0.000000,1,0
1955,1,373728,385598,1790696861209853820,1790696861209594269,301451,0,0.000000,1,0
1956,1,376388,387388,1790696861210284959,1790696861210024524,301266,0,0.000000,1,0
1957,1,374448,385748,1790696861210713228,1790696861210452388,260910,0,0.757906,1,1
1958,1,374648,385279,1790696861211107346,1790696861210850323,300844,0,0.000000,1,0
1959,1,382878,394648,1790696861211550156,1790696861211282507,267729,0,0.000000,1,0
1960,1,374248,385608,1790696861211947594,1790696861211687972,303773,0,0.780659,1,1
1961,1,378949,390369,1790696861212383394,1790696861212119526,263948,0,0.000000,1,0
1962,1,382088,393618,1790696861212785482,1790696861212517201,268361,0,0.000000,1,0
1963,1,375888,387238,1790696861213186311,1790696861212926325,301297,0,0.000000,1,0
1964,1,373218,383898,1790696861213613490,1790696861213354070,300851,0,0.000000,1,0
1965,1,377198,388218,1790696861214044649,1790696861213784804,302456,0,0.000000,1,0
1966,1,383829,395159,1790696861214484059,1790696861214214588,302511,0,0.760343,1,1
1967,1,374888,385778,1790696861214904678,1790696861214643003,304845,0,0.000000,1,0
1968,1,386538,397848,1790696861215347067,1790696861215085427,261720,0,0.000000,1,0
1969,1,376099,387429,1790696861215742686,1790696861215480032,262734,0,0.782809,1,1
1970,1,375498,386408,1790696861216137574,1790696861215877176,302669,0,0.786583,1,1
1971,1,376768,387919,1790696861216569323,1790696861216306801,262622,0,0.000000,1,0
1972,1,370078,380978,1790696861216958582,1790696861216700965,301808,0,0.790179,1,1
1973,1,375638,386158,1790696861217391371,1790696861217132210,300982,0,0.757716,1,1
1974,1,373688,384988,1790696861217822700,1790696861217561574,302257,0,0.000000,1,0
1975,1,382009,392909,1790696861218258700,1790696861217996708,306332,0,0.753455,1,1
1976,1,372678,383258,1790696861218688639,1790696861218431033,300747,0,0.000000,1,0
1977,1,387998,399839,1790696861219132388,1790696861218860657,271821,0,0.759438,1,1
1978,1,372498,383258,1790696861219525287,1790696861219265971,301217,0,0.779857,1,1
1979,1,375808,387058,1790696861219955586,1790696861219690956,264700,0,0.762962,1,1
1980,1,377758,389419,1790696861220352614,1790696861220090151,262533,0,0.783114,1,1
1981,1,372148,382898,1790696861220747593,1790696861220487655,304549,0,0.000000,1,0
1982,1,379458,391179,1790696861221188492,1790696861220926649,309514,0,0.750418,1,1
1983,1,376738,388798,1790696861221626332,1790696861221367344,301159,0,0.000000,1,0
1984,1,379758,392338,1790696861222060731,1790696861221797138,263673,0,0.758953,1,1
1985,1,377998,389648,1790696861222459510,1790696861222196733,262847,0,0.785043,1,1
1986,1,376998,388618,1790696861222856198,1790696861222591987,264301,0,0.000000,1,0
1987,1,375138,386288,1790696861223251337,1790696861222990882,302766,0,0.000000,1,0
1988,1,371948,382888,1790696861223678116,1790696861223420356,300531,0,0.000000,1,0
1989,1,379918,391458,1790696861224113265,1790696861223847151,266194,0,0.762909,1,1
1990,1,374258,385018,1790696861224507134,1790696861224246726,304809,0,0.000000,1,0
1991,1,379978,391848,1790696861224947843,1790696861224679560,268373,0,0.759377,1,1
1992,1,384559,391899,1790696861225352762,1790696861225082104,270728,0,0.780528,1,1
1993,1,371398,377818,1790696861225739640,1790696861225481689,300372,0,0.000000,1,0
1994,1,380818,388528,1790696861226171509,1790696861225908793,262796,0,0.000000,1,0
1995,1,374598,382198,1790696861226562097,1790696861226299708,262479,0,0.000000,1,0
1996,1,369408,377568,1790696861226947296,1790696861226687753,302644,0,0.000000,1,0
1997,1,370858,377408,1790696861227370195,1790696861227110757,300169,0,0.761881,1,1
1998,1,395938,404108,1790696861227815584,1790696861227539122,276552,0,0.762642,1,1
1999,1,381768,388908,1790696861228213683,1790696861227946426,267337,0,0.000000,1,0
