round,gen_attempts,t_gen_total_ns,gen_rtt_ns,ts_gen_success_ns,ts_swap_ns,swap_to_recv_ns,t_exp_ns,werner,pgen_success_bit,pswap_success_bit
0,2,976158,306136,1790172691663885185,1790172691663761125,169760,0,0.000000,1,0
1,1,303876,338496,1790172691664250131,1790172691664214849,114461,0,0.000000,1,0
2,1,223748,258007,1790172691664571128,1790172691664688553,120482,117425,0.779442,1,1
3,1,208208,221218,1790172691665050222,1790172691665140937,105613,90715,0.000000,1,0
4,1,186248,199109,1790172691665462298,1790172691665553541,101725,91243,0.812227,1,1
5,1,155898,168668,1790172691665825844,1790172691665973986,97965,148142,0.000000,1,0
6,2,304387,157269,1790172691666390418,1790172691666385610,97967,0,0.000000,1,0
7,1,143518,154518,1790172691666640425,1790172691667583635,98898,943210,0.351468,1,1
8,1,146518,157908,1790172691667844221,1790172691667998019,99069,153798,0.000000,1,0
9,1,128299,138858,1790172691668239447,1790172691668431753,98371,192306,0.744081,1,1
10,1,129759,140449,1790172691668672783,1790172691668836418,97612,163635,0.000000,1,0
11,1,134039,144709,1790172691669081278,1790172691669234953,100002,153675,0.000000,1,0
12,1,131068,142118,1790172691669481223,1790172691669618088,97293,136865,0.000000,1,0
13,1,131458,142718,1790172691669859639,1790172691670001893,100693,142254,0.000000,1,0
14,1,127719,138389,1790172691670243945,1790172691670384848,98484,140903,0.783561,1,1
15,1,128378,138988,1790172691670624700,1790172691670764592,97026,139892,0.784511,1,1
16,1,127669,138349,1790172691671002366,1790172691671142917,95756,140551,0.784472,1,1
17,1,128609,138960,1790172691671380882,1790172691672269953,98218,889071,0.000000,1,0
18,1,133489,144089,1790172691672515070,1790172691672662657,100470,147587,0.000000,1,0
19,1,139758,150558,1790172691672916545,1790172691673050782,98360,134237,0.000000,1,0
20,1,148869,165588,1790172691673311381,1790172691673441067,98651,129686,0.000000,1,0
21,1,133308,148258,1790172691673690896,1790172691673862611,99242,171715,0.758884,1,1
22,1,133548,148978,1790172691674112701,1790172691674255736,99503,143035,0.000000,1,0
23,1,131120,146070,1790172691674506368,1790172691674643401,98074,137033,0.000000,1,0
24,1,132128,147098,1790172691674895923,1790172691675037576,97105,141653,0.000000,1,0
25,1,133959,149029,1790172691675285319,1790172691675425110,97766,139791,0.782661,1,1
26,1,130909,145248,1790172691675670105,1790172691675813425,98397,143320,0.000000,1,0
27,1,129568,143948,1790172691676058700,1790172691676212150,100977,153450,0.000000,1,0
28,1,132198,146238,1790172691676462325,1790172691676601945,99768,139620,0.784125,1,1
29,1,129358,144448,1790172691676848291,1790172691676994070,102008,145779,0.000000,1,0
30,2,284918,143840,1790172691677398056,1790172691677376015,98300,0,0.000000,1,0
31,1,134778,145688,1790172691677622513,1790172691677756059,98182,133546,0.783993,1,1
32,1,129669,140459,1790172691677997669,1790172691678136004,98522,138335,0.000000,1,0
33,1,132999,143938,1790172691678382875,1790172691678518009,98863,135134,0.000000,1,0
34,2,282446,150288,1790172691678912438,1790172691678900844,102023,0,0.000000,1,0
35,1,126469,137229,1790172691679142406,1790172691679317159,98434,174753,0.757807,1,1
36,1,129928,140868,1790172691679558271,1790172691680073449,98785,515178,0.000000,1,0
37,1,133188,143708,1790172691680319082,1790172691680855118,97868,536036,0.000000,1,0
38,1,131218,141688,1790172691681098234,1790172691681245113,100989,146879,0.000000,1,0
39,1,133109,146299,1790172691681496800,1790172691681630068,97809,133268,0.000000,1,0
40,1,135688,149258,1790172691681879525,1790172691682050973,98369,171448,0.757375,1,1
41,1,136599,149469,1790172691682301531,1790172691682438188,98020,136657,0.785695,1,1
42,1,129488,143098,1790172691682680696,1790172691682828302,100291,147606,0.000000,1,0
43,1,130669,143569,1790172691683074872,1790172691683228917,99052,154045,0.772644,1,1
44,2,272228,139638,1790172691683614997,1790172691683614262,101083,0,0.000000,1,0
45,1,126539,141299,1790172691683856444,1790172691684032076,97805,175632,0.000000,1,0
46,1,153168,166948,1790172691684298899,1790172691684816736,99286,517837,0.000000,1,0
47,1,136788,150638,1790172691685069320,1790172691685204531,98906,135211,0.000000,1,0
48,1,131179,144588,1790172691685450496,1790172691685977511,98307,527015,0.000000,1,0
49,1,129989,143589,1790172691686222077,1790172691686367116,98759,145039,0.779271,1,1
50,1,134068,146858,1790172691686615013,1790172691686753400,99241,138387,0.000000,1,0
51,1,130569,144179,1790172691687000119,1790172691687141165,98351,141046,0.000000,1,0
52,1,135888,148888,1790172691687390914,1790172691687529340,97112,138426,0.000000,1,0
53,1,130678,145038,1790172691687772310,1790172691687950615,99942,178305,0.752769,1,1
54,1,129228,143068,1790172691688199055,1790172691688337009,98623,137954,0.000000,1,0
55,1,132029,145259,1790172691688583221,1790172691688728364,98674,145143,0.000000,1,0
56,2,273107,139958,1790172691689117385,1790172691689126049,97564,8664,0.000000,1,0
57,1,130989,144479,1790172691689370232,1790172691689519304,99996,149072,0.776051,1,1
58,1,128708,142748,1790172691689763238,1790172691690284954,98637,521716,0.534479,1,1
59,1,132368,145658,1790172691690536349,1790172691690669129,101908,132780,0.789301,1,1
60,2,276306,140918,1790172691691063803,1790172691691053454,97338,0,0.000000,1,0
61,1,135149,148089,1790172691691301231,1790172691691437418,97980,136187,0.000000,1,0
62,1,128548,141648,1790172691691679026,1790172691691825323,98611,146297,0.779544,1,1
63,1,133419,147129,1790172691692072952,1790172691692213828,99141,140876,0.782378,1,1
64,1,131919,144969,1790172691692460168,1790172691692601303,98213,141135,0.000000,1,0
65,1,134039,147579,1790172691692849034,1790172691692987348,98553,138314,0.000000,1,0
66,1,130189,143438,1790172691693232020,1790172691693374513,98994,142493,0.000000,1,0
67,1,131568,144378,1790172691693620605,1790172691693763598,98174,142993,0.000000,1,0
68,1,129499,142539,1790172691694007111,1790172691694146593,97725,139482,0.000000,1,0
69,1,131688,144748,1790172691694391486,1790172691694531578,99436,140092,0.782942,1,1
70,1,129669,143889,1790172691694775682,1790172691694916942,101127,141260,0.781801,1,1
71,1,131528,145678,1790172691695165247,1790172691695305077,98989,139830,0.000000,1,0
72,1,131938,145678,1790172691695551804,1790172691695693822,98759,142018,0.000000,1,0
73,1,130419,144138,1790172691695938760,1790172691696077497,97250,138737,0.000000,1,0
74,1,134128,148218,1790172691696324615,1790172691696464312,96900,139697,0.782151,1,1
75,1,129689,143609,1790172691696706561,1790172691696855767,98951,149206,0.000000,1,0
76,1,135528,148808,1790172691697106346,1790172691697618737,99432,512391,0.536788,1,1
77,1,133089,147208,1790172691697867128,1790172691698005462,97803,138334,0.000000,1,0
78,1,129728,142518,1790172691698248553,1790172691698391926,99305,143373,0.000000,1,0
79,2,278707,142339,1790172691698785648,1790172691698777631,98546,0,0.000000,1,0
80,1,125688,138728,1790172691699018135,1790172691699162686,102727,144551,0.000000,1,0
81,1,133499,147099,1790172691699414041,1790172691699921996,98648,507955,0.000000,1,0
82,1,129438,143238,1790172691700166092,1790172691700308471,100038,142379,0.000000,1,0
83,1,130639,143689,1790172691700554708,1790172691700694876,97339,140168,0.783749,1,1
84,1,130708,144578,1790172691700939223,1790172691701115350,97940,176127,0.000000,1,0
85,1,137468,150988,1790172691701368998,1790172691701501955,97092,132957,0.000000,1,0
86,2,278436,142948,1790172691701895123,1790172691701920740,97482,25617,0.877570,1,1
87,1,128158,140958,1790172691702161750,1790172691702681179,99644,519429,0.536805,1,1
88,1,132839,145648,1790172691702930072,1790172691703067044,97395,136972,0.000000,1,0
89,1,131658,144798,1790172691703311247,1790172691703491359,96305,180112,0.000000,1,0
90,1,128808,141798,1790172691703732062,1790172691703914423,97506,182361,0.000000,1,0
91,1,128689,141608,1790172691704156328,1790172691704301688,101138,145360,0.000000,1,0
92,1,131048,144028,1790172691704548994,1790172691704685673,99038,136679,0.786166,1,1
93,1,131089,144369,1790172691704932460,1790172691705077287,97180,144827,0.000000,1,0
94,1,134348,147658,1790172691705324075,1790172691705464772,97520,140697,0.782254,1,1
95,1,128019,140699,1790172691705705351,1790172691705847697,99051,142346,0.000000,1,0
96,1,132208,146098,1790172691706096796,1790172691706238452,97412,141656,0.000000,1,0
97,1,132189,145839,1790172691706483782,1790172691706625817,99472,142035,0.781401,1,1
98,2,272847,139639,1790172691707014356,1790172691707009482,97763,0,0.000000,1,0
99,1,127318,140818,1790172691707250243,1790172691707398307,98664,148064,0.000000,1,0
100,1,129709,143468,1790172691707642150,1790172691707794162,99045,152012,0.000000,1,0
101,1,128798,141958,1790172691708038675,1790172691708187196,98136,148521,0.000000,1,0
102,1,132559,146198,1790172691708433081,1790172691708609101,96906,176020,0.000000,1,0
103,1,129649,144649,1790172691708852456,1790172691709026085,98108,173629,0.000000,1,0
104,1,135928,148988,1790172691709275961,1790172691709415100,96218,139139,0.000000,1,0
105,2,316226,155088,1790172691709843134,1790172691710214660,116019,371526,0.000000,1,0
106,1,155749,168709,1790172691710502558,1790172691710602884,116791,100326,0.000000,1,0
107,1,144499,160808,1790172691710880054,1790172691710989719,98272,109665,0.000000,1,0
108,1,129179,142208,1790172691711233320,1790172691711381134,98653,147814,0.778087,1,1
109,1,130748,143738,1790172691711625795,1790172691711768479,98423,142684,0.000000,1,0
110,1,132439,145988,1790172691712015561,1790172691712151774,98374,136213,0.786630,1,1
111,2,278437,141928,1790172691712546715,1790172691712537929,97905,0,0.000000,1,0
112,1,129309,142759,1790172691712780722,1790172691712922164,97145,141442,0.000000,1,0
113,1,130038,143248,1790172691713165487,1790172691713307849,99797,142362,0.000000,1,0
114,1,131078,143989,1790172691713554324,1790172691714482453,99319,928129,0.000000,1,0
115,1,131849,144908,1790172691714730441,1790172691714868048,99460,137607,0.000000,1,0
116,1,130788,144378,1790172691715114076,1790172691715251933,98640,137857,0.784705,1,1
117,1,130049,142869,1790172691715495932,1790172691715637668,97741,141736,0.000000,1,0
118,1,135578,149578,1790172691715888507,1790172691716023723,100062,135216,0.000000,1,0
119,1,131799,144909,1790172691716270763,1790172691716413107,99014,142344,0.778960,1,1
120,2,271197,141429,1790172691716798518,1790172691716817042,97625,18524,0.000000,1,0
121,1,128229,141309,1790172691717059235,1790172691717239617,98085,180382,0.000000,1,0
122,1,133478,146368,1790172691717487320,1790172691717631451,100716,144131,0.000000,1,0
123,1,138458,154688,1790172691717886135,1790172691718020876,96897,134741,0.000000,1,0
124,1,131088,145198,1790172691718264791,1790172691718789916,99578,525125,0.531909,1,1
125,1,130398,144138,1790172691719035862,1790172691719173171,103079,137309,0.000000,1,0
126,1,132390,145490,1790172691719423999,1790172691719601225,97971,177226,0.000000,1,0
127,1,130329,144349,1790172691719845494,1790172691719988610,99671,143116,0.000000,1,0
128,1,129939,143648,1790172691720234180,1790172691720410415,98741,176235,0.000000,1,0
129,2,271047,140298,1790172691720796053,1790172691720806549,97103,10496,0.000000,1,0
130,1,129648,143478,1790172691721049460,1790172691721194904,98933,145444,0.000000,1,0
131,1,130549,143969,1790172691721439726,1790172691721616309,97674,176583,0.000000,1,0
132,1,129319,144009,1790172691721858591,1790172691722004683,98645,146092,0.000000,1,0
133,1,127789,140868,1790172691722247177,1790172691722388228,99787,141051,0.000000,1,0
134,1,132598,145558,1790172691722636483,1790172691722772963,98247,136480,0.000000,1,0
135,1,129509,142609,1790172691723016969,1790172691723160288,100098,143319,0.000000,1,0
136,1,136178,149688,1790172691723411594,1790172691723923778,99089,512184,0.540018,1,1
137,1,129799,142778,1790172691724169846,1790172691724310103,98550,140257,0.783404,1,1
138,2,280476,145298,1790172691724704089,1790172691724696508,98300,0,0.000000,1,0
139,2,266127,136118,1790172691725076815,1790172691725083963,97161,7148,0.000000,1,0
140,1,135098,148328,1790172691725331772,1790172691725465948,100143,134176,0.000000,1,0
141,1,127019,139909,1790172691725708559,1790172691725849832,102054,141273,0.783241,1,1
142,1,130198,143288,1790172691726097674,1790172691726271907,98354,174233,0.000000,1,0
143,1,128719,141629,1790172691726514070,1790172691726656642,97595,142572,0.782621,1,1
144,1,132548,146928,1790172691726906155,1790172691727041177,98066,135022,0.785428,1,1
145,1,134039,147019,1790172691727288411,1790172691727426991,98877,138580,0.783742,1,1
146,2,269987,141479,1790172691727810895,1790172691727814356,96658,3461,0.898474,1,1
147,1,130198,143708,1790172691728057182,1790172691728201471,97988,144289,0.000000,1,0
148,1,132250,145659,1790172691728447259,1790172691728588096,97600,140837,0.000000,1,0
149,1,127798,142488,1790172691728828894,1790172691728973491,98800,144597,0.000000,1,0
150,1,130889,144729,1790172691729221580,1790172691729359196,98691,137616,0.785090,1,1
151,3,417815,137099,1790172691729891392,1790172691729796140,150191,0,0.000000,1,0
152,1,131899,144689,1790172691730093700,1790172691730203025,98992,109325,0.000000,1,0
153,1,130359,143219,1790172691730447346,1790172691730584729,97044,137383,0.786105,1,1
154,1,127578,141898,1790172691730824211,1790172691730971314,98095,147103,0.000000,1,0
155,1,132449,145719,1790172691731217777,1790172691731371129,101166,153352,0.000000,1,0
156,1,130238,143218,1790172691731617893,1790172691731757084,98487,139191,0.000000,1,0
157,1,128369,141599,1790172691732000079,1790172691732139449,98007,139370,0.000000,1,0
158,1,139508,152388,1790172691732392264,1790172691732524924,97738,132660,0.000000,1,0
159,1,130048,143838,1790172691732767620,1790172691732910559,100258,142939,0.000000,1,0
160,1,128699,141879,1790172691733156616,1790172691733296374,97669,139758,0.000000,1,0
161,1,134408,145288,1790172691733541751,1790172691733680699,98490,138948,0.000000,1,0
162,3,407876,135659,1790172691734200524,1790172691734112413,153370,0,0.000000,1,0
163,1,126849,137619,1790172691734405792,1790172691734492788,98202,86996,0.828194,1,1
164,1,130569,140438,1790172691734734639,1790172691734875803,98253,141164,0.000000,1,0
165,2,281337,155338,1790172691735301062,1790172691735262728,100753,0,0.937424,1,1
166,1,125859,140619,1790172691735506590,1790172691735652032,96025,145442,0.781035,1,1
167,1,135988,150858,1790172691735906355,1790172691736044217,97446,137862,0.000000,1,0
168,1,140059,154479,1790172691736299011,1790172691737197522,99787,898511,0.000000,1,0
169,1,132710,147189,1790172691737447809,1790172691737587757,101619,139948,0.000000,1,0
170,2,274226,141008,1790172691737980102,1790172691737982192,97039,2090,0.000000,1,0
171,1,129479,144608,1790172691738225370,1790172691738374016,98381,148646,0.776960,1,1
172,2,278046,153478,1790172691738767143,1790172691738761361,100801,0,0.000000,1,0
173,1,128579,143219,1790172691739009761,1790172691739155396,96572,145635,0.000000,1,0
174,1,131458,145938,1790172691739400726,1790172691739541741,98392,141015,0.000000,1,0
175,1,122639,138549,1790172691739779152,1790172691739927036,95703,147884,0.777185,1,1
176,1,126818,142008,1790172691740166857,1790172691740342940,98625,176083,0.000000,1,0
177,1,129789,145248,1790172691740589114,1790172691741097590,98607,508476,0.000000,1,0
178,1,133509,149599,1790172691741347345,1790172691741478135,101237,130790,0.000000,1,0
179,1,130129,144488,1790172691741726281,1790172691741894120,97688,167839,0.000000,1,0
180,2,282907,148758,1790172691742292304,1790172691742643780,98619,351476,0.633894,1,1
181,2,279926,144638,1790172691743046835,1790172691743023595,97510,0,0.000000,1,0
182,1,127779,142109,1790172691743265603,1790172691743410120,100201,144517,0.000000,1,0
183,1,126679,141088,1790172691743654110,1790172691744164450,106152,510340,0.000000,1,0
184,2,272967,141198,1790172691744561259,1790172691744544305,97753,0,0.000000,1,0
185,1,131219,147018,1790172691744789987,1790172691744921310,96114,131323,0.000000,1,0
186,1,125508,140278,1790172691745159812,1790172691745333354,98635,173542,0.759849,1,1
187,1,127359,142398,1790172691745576098,1790172691745708309,98126,132211,0.000000,1,0
188,1,129138,143538,1790172691745952403,1790172691746123414,96956,171011,0.000000,1,0
189,1,130718,145198,1790172691746370068,1790172691746502759,98298,132691,0.000000,1,0
190,1,129228,149498,1790172691746747295,1790172691746884684,98318,137389,0.000000,1,0
191,1,131109,145489,1790172691747131331,1790172691747673793,99630,542462,0.523085,1,1
192,1,132209,146928,1790172691747923662,1790172691748057428,97711,133766,0.787866,1,1
193,1,135018,149398,1790172691748306657,1790172691748454153,96481,147496,0.000000,1,0
194,1,129599,144679,1790172691748696483,1790172691748872027,97243,175544,0.000000,1,0
195,1,130998,145549,1790172691749117578,1790172691749255812,99023,138234,0.000000,1,0
196,1,131220,145669,1790172691749502935,1790172691749638147,95935,135212,0.000000,1,0
197,1,139598,156158,1790172691749889800,1790172691750054292,96625,164492,0.758982,1,1
198,1,134828,150008,1790172691750304065,1790172691750442657,97396,138592,0.782957,1,1
199,1,131838,146368,1790172691750689221,1790172691750837961,99287,148740,0.000000,1,0
200,1,129878,144998,1790172691751085486,1790172691751223286,98928,137800,0.000000,1,0
201,1,132978,147988,1790172691751472612,1790172691751978996,98409,506384,0.000000,1,0
202,1,128058,143248,1790172691752223403,1790172691752360931,97731,137528,0.786001,1,1
203,1,130868,145328,1790172691752606180,1790172691753173181,108621,567001,0.510981,1,1
204,1,136749,152078,1790172691753437091,1790172691753592885,98973,155794,0.000000,1,0
205,1,131789,148009,1790172691753841016,1790172691753979130,98683,138114,0.000000,1,0
206,1,130579,145828,1790172691754225982,1790172691754366165,99444,140183,0.783537,1,1
207,2,279736,146408,1790172691754762445,1790172691754751839,100315,0,0.000000,1,0
208,1,132079,148318,1790172691755002023,1790172691755144384,98526,142361,0.000000,1,0
209,1,132938,147189,1790172691755393078,1790172691755947603,99079,554525,0.517648,1,1
210,1,130589,145709,1790172691756195960,1790172691756341368,99669,145408,0.000000,1,0
211,2,280257,140949,1790172691756737764,1790172691756733553,98630,0,0.906478,1,1
212,1,128518,143118,1790172691756978251,1790172691757119578,102760,141327,0.000000,1,0
213,1,133049,149198,1790172691757375327,1790172691757506093,96791,130766,0.000000,1,0
214,1,131528,151598,1790172691757751162,1790172691757931157,97462,179995,0.000000,1,0
215,1,134908,150438,1790172691758183087,1790172691758349112,97773,166025,0.000000,1,0
216,1,130899,145288,1790172691758594724,1790172691759148641,97775,553917,0.000000,1,0
217,1,132568,146968,1790172691759396754,1790172691759531126,97326,134372,0.000000,1,0
218,1,134218,149038,1790172691759779240,1790172691759948110,96607,168870,0.000000,1,0
219,1,129598,144478,1790172691760190865,1790172691760361995,99757,171130,0.759249,1,1
220,1,131318,145898,1790172691760609440,1790172691760748970,99308,139530,0.000000,1,0
221,1,129668,144888,1790172691760996366,1790172691761134595,97518,138229,0.000000,1,0
222,1,145228,160899,1790172691761395271,1790172691761523800,97850,128529,0.789128,1,1
223,1,134328,150018,1790172691761773268,1790172691761913154,98791,139886,0.000000,1,0
224,2,279197,147748,1790172691762308292,1790172691762339219,98452,30927,0.872992,1,1
225,1,130659,145639,1790172691762585639,1790172691762722824,98562,137185,0.000000,1,0
226,1,128179,143118,1790172691762967165,1790172691763113569,97493,146404,0.779910,1,1
227,1,131958,147768,1790172691763360060,1790172691763502513,98964,142453,0.000000,1,0
228,1,130119,149538,1790172691763748106,1790172691763888638,102145,140532,0.000000,1,0
229,1,129558,144078,1790172691764137281,1790172691764285973,99525,148692,0.000000,1,0
230,1,133759,148168,1790172691764536228,1790172691764706327,98887,170099,0.000000,1,0
231,1,128999,144349,1790172691764952653,1790172691765469537,99399,516884,0.537658,1,1
232,1,131988,146318,1790172691765718264,1790172691765861162,98919,142898,0.000000,1,0
233,2,275597,142019,1790172691766253628,1790172691766247737,100490,0,0.906777,1,1
234,1,127928,142888,1790172691766492745,1790172691766666422,102380,173677,0.000000,1,0
235,2,274337,140888,1790172691767060679,1790172691767050346,96262,0,0.911479,1,1
236,1,131289,145509,1790172691767294486,1790172691767434421,98843,139935,0.784258,1,1
237,1,126719,141068,1790172691767677043,1790172691767830276,99174,153233,0.774764,1,1
238,1,133238,147688,1790172691768079698,1790172691768222031,98094,142333,0.782073,1,1
239,1,131029,145468,1790172691768467404,1790172691768607496,98615,140092,0.000000,1,0
240,1,129998,147918,1790172691768853719,1790172691769026870,99126,173151,0.000000,1,0
241,2,284427,143038,1790172691769427783,1790172691769446275,96946,18492,0.885592,1,1
242,1,126119,141148,1790172691769686050,1790172691769830600,98157,144550,0.781627,1,1
243,1,132618,146868,1790172691770078595,1790172691770217615,103617,139020,0.000000,1,0
244,2,274288,141029,1790172691770612210,1790172691770602129,98070,0,0.000000,1,0
245,1,126688,141668,1790172691770847067,1790172691770987824,97121,140757,0.783521,1,1
246,1,127599,141849,1790172691771229073,1790172691771746804,98172,517731,0.000000,1,0
247,1,130388,145668,1790172691771993974,1790172691772162289,101562,168315,0.000000,1,0
248,1,137118,152238,1790172691772418039,1790172691772551934,97473,133895,0.000000,1,0
249,1,130098,146198,1790172691772796555,1790172691773314764,100045,518209,0.536423,1,1
250,1,132958,148038,1790172691773565487,1790172691773696949,98766,131462,0.789420,1,1
251,1,129529,144759,1790172691773942443,1790172691774080863,99667,138420,0.000000,1,0
252,1,132808,147648,1790172691774330428,1790172691774468888,98798,138460,0.000000,1,0
253,1,129818,144178,1790172691774714544,1790172691774855783,99598,141239,0.000000,1,0
254,1,130569,145718,1790172691775104780,1790172691775275968,98649,171188,0.000000,1,0
255,1,131599,146909,1790172691775523415,1790172691775655493,97529,132078,0.789570,1,1
256,1,130128,144828,1790172691775903870,1790172691776036148,98000,132278,0.000000,1,0
257,1,135118,149618,1790172691776285606,1790172691776418592,99142,132986,0.000000,1,0
258,1,131419,145849,1790172691776665573,1790172691776813567,97773,147994,0.000000,1,0
259,1,130168,145408,1790172691777059308,1790172691777201562,104423,142254,0.000000,1,0
260,1,131719,146239,1790172691777454364,1790172691777587677,97264,133313,0.000000,1,0
261,1,128528,144118,1790172691777830059,1790172691777969842,98485,139783,0.783819,1,1
262,1,128829,143209,1790172691778214245,1790172691778357767,98545,143522,0.000000,1,0
263,2,270657,144519,1790172691778743329,1790172691778774011,98936,30682,0.000000,1,0
264,2,268197,141388,1790172691779158464,1790172691779158736,97007,272,0.000000,1,0
265,2,268788,138619,1790172691779541441,1790172691779536351,96329,0,0.000000,1,0
266,1,129968,144668,1790172691779779238,1790172691779916636,96759,137398,0.000000,1,0
267,1,127279,142319,1790172691780157194,1790172691781053591,99251,896397,0.000000,1,0
268,1,137479,152038,1790172691781308141,1790172691781444836,98422,136695,0.784878,1,1
269,1,129188,143748,1790172691781689056,1790172691782208556,99683,519500,0.536000,1,1
270,1,137659,152219,1790172691782463868,1790172691782591631,97045,127763,0.000000,1,0
271,2,277056,140898,1790172691782982172,1790172691783382720,97907,400548,0.604410,1,1
272,1,130158,144468,1790172691783627795,1790172691783764795,98557,137000,0.786528,1,1
273,2,270267,140328,1790172691784151179,1790172691784148780,101818,0,0.904721,1,1
274,2,275447,141678,1790172691784542935,1790172691784528845,96319,0,0.914682,1,1
275,1,129999,144789,1790172691784771632,1790172691784913570,100069,141938,0.780284,1,1
276,1,127929,143248,1790172691785158978,1790172691785671740,103101,512762,0.000000,1,0
277,1,131689,147199,1790172691785926900,1790172691786086694,98253,159794,0.767753,1,1
278,1,133658,147968,1790172691786335235,1790172691786478229,99693,142994,0.000000,1,0
279,1,129779,144208,1790172691786724641,1790172691786864014,99164,139373,0.000000,1,0
280,1,133628,148728,1790172691787114626,1790172691787251529,102534,136903,0.000000,1,0
281,1,130809,145689,1790172691787501982,1790172691787636504,98515,134522,0.000000,1,0
282,1,137228,152418,1790172691787891317,1790172691788025478,97917,134161,0.000000,1,0
283,1,136869,150969,1790172691788277083,1790172691788410483,97708,133400,0.000000,1,0
284,1,129619,143918,1790172691788654740,1790172691788810468,98909,155728,0.763993,1,1
285,1,129149,143699,1790172691789055705,1790172691789212593,98959,156888,0.000000,1,0
286,1,131788,148478,1790172691789459760,1790172691789599558,97360,139798,0.000000,1,0
287,1,130099,145019,1790172691789845236,1790172691789986153,98760,140917,0.000000,1,0
288,1,129068,143208,1790172691790230591,1790172691790370657,100782,140066,0.000000,1,0
289,2,282426,152308,1790172691790770255,1790172691790751252,102652,0,0.909402,1,1
290,1,127499,141819,1790172691790999423,1790172691791134937,96903,135514,0.788765,1,1
291,1,128938,143418,1790172691791376948,1790172691791552732,97704,175784,0.000000,1,0
292,1,129429,144158,1790172691791796825,1790172691791936607,97825,139782,0.000000,1,0
293,1,128928,143158,1790172691792179820,1790172691792323192,98845,143372,0.780175,1,1
294,1,130569,144839,1790172691792568936,1790172691792707606,98797,138670,0.000000,1,0
295,1,129608,144238,1790172691792953481,1790172691793095761,99158,142280,0.000000,1,0
296,1,138579,152959,1790172691793349877,1790172691793891331,99388,541454,0.000000,1,0
297,1,132849,147959,1790172691794142678,1790172691794649381,99781,506703,0.542557,1,1
298,1,132978,148168,1790172691794903770,1790172691795033576,98501,129806,0.000000,1,0
299,1,137939,153068,1790172691795287066,1790172691795420211,97392,133145,0.000000,1,0
300,1,128508,143608,1790172691795663321,1790172691795842665,97613,179344,0.754111,1,1
301,1,131998,146518,1790172691796090056,1790172691796231810,99164,141754,0.000000,1,0
302,1,133119,147479,1790172691796480612,1790172691796653564,99055,172952,0.000000,1,0
303,1,133818,149348,1790172691796909187,1790172691797035539,98195,126352,0.793647,1,1
304,1,134449,149079,1790172691797285123,1790172691797418004,98977,132881,0.000000,1,0
305,1,127168,141518,1790172691797660469,1790172691798172714,112598,512245,0.000000,1,0
306,1,133319,147788,1790172691798437111,1790172691798588369,98109,151258,0.000000,1,0
307,1,126868,142948,1790172691798829836,1790172691798967984,98009,138148,0.000000,1,0
308,1,129839,145518,1790172691799217692,1790172691799351199,98140,133507,0.000000,1,0
309,1,127558,141908,1790172691799593987,1790172691799737363,103212,143376,0.781176,1,1
310,1,127419,142539,1790172691799985843,1790172691800123608,98062,137765,0.000000,1,0
311,1,132578,146888,1790172691800371338,1790172691800506243,98074,134905,0.000000,1,0
312,1,127758,147128,1790172691800748505,1790172691800893038,99874,144533,0.000000,1,0
313,1,129389,144568,1790172691801139561,1790172691801280623,99085,141062,0.000000,1,0
314,1,131328,145848,1790172691801527746,1790172691801666538,98835,138792,0.784627,1,1
315,1,133279,147919,1790172691801915702,1790172691802050063,101126,134361,0.000000,1,0
316,1,135678,150138,1790172691802303907,1790172691802470887,97647,166980,0.000000,1,0
317,1,127769,143088,1790172691802712613,1790172691803261137,99868,548524,0.521158,1,1
318,1,133510,147909,1790172691803512125,1790172691803646592,98560,134467,0.000000,1,0
319,1,131568,146098,1790172691803898540,1790172691804030087,98580,131547,0.789507,1,1
320,1,137629,152589,1790172691804282736,1790172691804413372,97581,130636,0.000000,1,0
321,2,272367,142219,1790172691804799650,1790172691804834596,102462,34946,0.000000,1,0
322,1,129799,144518,1790172691805084007,1790172691805219901,97783,135894,0.000000,1,0
323,1,130368,144668,1790172691805465082,1790172691805638645,96514,173563,0.000000,1,0
324,1,130148,145548,1790172691805881917,1790172691806027950,98635,146033,0.778320,1,1
325,1,135799,150079,1790172691806279703,1790172691806802770,99247,523067,0.000000,1,0
326,1,133829,149169,1790172691807056135,1790172691807576399,97599,520264,0.000000,1,0
327,1,131668,147478,1790172691807823046,1790172691807964134,100669,141088,0.782605,1,1
328,1,130019,145189,1790172691808212182,1790172691808353599,99730,141417,0.000000,1,0
329,1,132348,147028,1790172691808605937,1790172691808737234,99101,131297,0.000000,1,0
330,1,132389,147719,1790172691808986693,1790172691809121909,96461,135216,0.787630,1,1
331,1,131338,146818,1790172691809367038,1790172691809506024,99053,138986,0.000000,1,0
332,1,129728,150178,1790172691809751875,1790172691809892419,101153,140544,0.000000,1,0
333,1,130979,145608,1790172691810141731,1790172691810277894,98364,136163,0.000000,1,0
334,1,129428,144358,1790172691810522246,1790172691810662148,101086,139902,0.784268,1,1
335,1,133529,149539,1790172691810913812,1790172691811046863,99736,133051,0.000000,1,0
336,1,133158,147698,1790172691811296367,1790172691811430408,98447,134041,0.787401,1,1
337,1,128448,142968,1790172691811673803,1790172691811816353,98617,142550,0.000000,1,0
338,1,133359,147878,1790172691812065499,1790172691812211848,102298,146349,0.000000,1,0
339,1,130019,144439,1790172691812460455,1790172691812969888,98810,509433,0.542015,1,1
340,1,131288,146288,1790172691813220486,1790172691813352303,98821,131817,0.000000,1,0
341,1,132498,146878,1790172691813600272,1790172691813743198,99141,142926,0.780612,1,1
342,1,130729,145248,1790172691813990638,1790172691814140382,99223,149744,0.775734,1,1
343,1,133248,147708,1790172691814389173,1790172691814524067,99013,134894,0.786693,1,1
344,1,129059,144619,1790172691814768379,1790172691814942752,101924,174373,0.755967,1,1
345,1,128269,142389,1790172691815190794,1790172691815326527,97785,135733,0.787654,1,1
346,1,131738,146138,1790172691815572400,1790172691815707842,99416,135442,0.787417,1,1
347,1,131108,146278,1790172691815957286,1790172691816092207,98526,134921,0.000000,1,0
348,1,133969,148379,1790172691816341932,1790172691816478361,99368,136429,0.000000,1,0
349,1,130038,144318,1790172691816724247,1790172691816864196,98889,139949,0.000000,1,0
350,1,131679,147169,1790172691817113343,1790172691817251131,98749,137788,0.000000,1,0
351,2,276767,143769,1790172691817643897,1790172691817636356,97540,0,0.907022,1,1
352,2,279286,141658,1790172691818030482,1790172691818017691,97330,0,0.000000,1,0
353,1,135399,149608,1790172691818267600,1790172691818406816,100582,139216,0.000000,1,0
354,2,272787,142138,1790172691818796705,1790172691818828900,97523,32195,0.000000,1,0
355,1,128308,143318,1790172691819072511,1790172691819223985,98294,151474,0.000000,1,0
356,1,128329,142689,1790172691819467177,1790172691819615030,97744,147853,0.776781,1,1
357,1,126618,142298,1790172691819855712,1790172691819999935,97915,144223,0.000000,1,0
358,1,129869,144869,1790172691820245468,1790172691820388180,100515,142712,0.780487,1,1
359,1,134098,148738,1790172691820639333,1790172691820779455,98136,140122,0.000000,1,0
360,1,130278,146028,1790172691821025959,1790172691821161549,101357,135590,0.787025,1,1
361,1,130740,145100,1790172691821410246,1790172691821545724,97629,135478,0.000000,1,0
362,1,128538,143988,1790172691821788161,1790172691821931669,98660,143508,0.000000,1,0
363,1,128639,143089,1790172691822176297,1790172691822319024,99050,142727,0.781245,1,1
364,1,129678,144118,1790172691822564202,1790172691822708249,98821,144047,0.000000,1,0
365,1,128959,143339,1790172691822953778,1790172691823092754,98041,138976,0.000000,1,0
366,1,132199,146498,1790172691823339824,1790172691823474579,97752,134755,0.000000,1,0
367,1,129078,143358,1790172691823717969,1790172691823857614,102422,139645,0.000000,1,0
368,1,129899,144519,1790172691824107805,1790172691824248739,99783,140934,0.000000,1,0
369,1,130859,145339,1790172691824496581,1790172691824645213,97406,148632,0.000000,1,0
370,1,141649,156508,1790172691824906007,1790172691825032008,98036,126001,0.000000,1,0
371,1,135498,150668,1790172691825282282,1790172691825417753,96817,135471,0.000000,1,0
372,1,127729,142499,1790172691825662258,1790172691825816878,98447,154620,0.000000,1,0
373,1,128548,142918,1790172691826061063,1790172691826204643,98038,143580,0.781174,1,1
374,1,131489,145919,1790172691826451109,1790172691826589598,98658,138489,0.000000,1,0
375,1,130839,146748,1790172691826835585,1790172691826982782,97730,147197,0.776984,1,1
376,1,127898,143078,1790172691827225530,1790172691827366817,98891,141287,0.000000,1,0
377,1,129499,144549,1790172691827612697,1790172691827747582,98562,134885,0.000000,1,0
378,1,128608,143768,1790172691827992362,1790172691828507262,100203,514900,0.000000,1,0
379,1,130529,146868,1790172691828755634,1790172691829268942,100535,513308,0.000000,1,0
380,1,131519,146449,1790172691829519295,1790172691829685567,98275,166272,0.000000,1,0
381,1,129528,144558,1790172691829931140,1790172691830073312,98115,142172,0.782081,1,1
382,1,132549,147559,1790172691830321266,1790172691831217336,99939,896070,0.000000,1,0
383,1,132549,147998,1790172691831468304,1790172691831601661,98450,133357,0.788410,1,1
384,1,130758,145788,1790172691831849379,1790172691831984876,98591,135497,0.786913,1,1
385,1,127349,141769,1790172691832227425,1790172691832371081,103361,143656,0.000000,1,0
386,1,129508,144108,1790172691832620600,1790172691832768486,98522,147886,0.775911,1,1
387,1,136509,151279,1790172691833021046,1790172691833154251,96942,133205,0.000000,1,0
388,1,139149,153389,1790172691833407652,1790172691833537346,98104,129694,0.791151,1,1
389,1,129408,144288,1790172691833781918,1790172691833931140,98165,149222,0.000000,1,0
390,1,130599,144978,1790172691834176584,1790172691834322485,98496,145901,0.000000,1,0
391,1,131858,146158,1790172691834569389,1790172691834707740,99016,138351,0.000000,1,0
392,1,134619,148958,1790172691834959075,1790172691835093755,98067,134680,0.000000,1,0
393,1,135508,150588,1790172691835343720,1790172691835473930,97948,130210,0.000000,1,0
394,1,138529,153749,1790172691835727126,1790172691836230720,99869,503594,0.000000,1,0
395,1,130879,145209,1790172691836478668,1790172691836992290,98991,513622,0.000000,1,0
396,1,127969,152578,1790172691837237210,1790172691837381314,99193,144104,0.000000,1,0
397,1,129628,143978,1790172691837627495,1790172691837772559,98713,145064,0.000000,1,0
398,1,130929,146018,1790172691838020991,1790172691838157034,99364,136043,0.000000,1,0
399,1,134188,149268,1790172691838407986,1790172691838542199,98724,134213,0.000000,1,0
400,1,128369,144279,1790172691838786062,1790172691838935054,97675,148992,0.000000,1,0
401,1,127248,142458,1790172691839178087,1790172691839700204,104017,522117,0.000000,1,0
402,1,128888,144618,1790172691839950789,1790172691840483033,98709,532244,0.000000,1,0
403,1,131049,146218,1790172691840729841,1790172691840873168,98120,143327,0.000000,1,0
404,1,125588,140708,1790172691841117376,1790172691841263843,99340,146467,0.000000,1,0
405,1,128049,142548,1790172691841508392,1790172691841685177,98322,176785,0.000000,1,0
406,1,127789,142869,1790172691841929067,1790172691842071752,95442,142685,0.000000,1,0
407,1,128928,143238,1790172691842313312,1790172691842822142,98435,508830,0.000000,1,0
408,1,124389,139919,1790172691843062665,1790172691843209797,100135,147132,0.778865,1,1
409,2,264087,136219,1790172691843590619,1790172691843588942,96676,0,0.000000,1,0
410,2,266087,139328,1790172691843969055,1790172691843969427,97176,372,0.900074,1,1
411,1,121799,135549,1790172691844205282,1790172691844346292,96727,141010,0.000000,1,0
412,1,124708,139318,1790172691844583037,1790172691844724077,98388,141040,0.000000,1,0
413,1,137008,151688,1790172691844976363,1790172691845477147,97940,500784,0.000000,1,0
414,1,128948,145778,1790172691845721585,1790172691845855582,97441,133997,0.000000,1,0
415,1,126428,140838,1790172691846096981,1790172691846246197,98201,149216,0.777200,1,1
416,2,270687,140269,1790172691846632185,1790172691846626372,101032,0,0.907620,1,1
417,1,128728,144908,1790172691846872872,1790172691847004057,96943,131185,0.000000,1,0
418,1,126629,141629,1790172691847244128,1790172691847386512,97823,142384,0.000000,1,0
419,1,128359,142658,1790172691847629234,1790172691847767297,97984,138063,0.785828,1,1
420,1,129348,143838,1790172691848011739,1790172691848151582,98475,139843,0.784831,1,1
421,1,131979,146200,1790172691848398545,1790172691848534077,98316,135532,0.786504,1,1
422,1,128848,144958,1790172691848777681,1790172691848914852,98797,137171,0.000000,1,0
423,1,128368,143658,1790172691849159397,1790172691849296937,97527,137540,0.000000,1,0
424,1,131189,146389,1790172691849544153,1790172691849713531,101679,169378,0.000000,1,0
425,1,129889,144989,1790172691849962468,1790172691850126386,97669,163918,0.765300,1,1
426,1,134668,150328,1790172691850376073,1790172691850504791,98800,128718,0.000000,1,0
427,1,129759,151989,1790172691850750569,1790172691850921085,100451,170516,0.000000,1,0
428,1,129748,144348,1790172691851168644,1790172691851302680,101831,134036,0.000000,1,0
429,1,130119,144729,1790172691851551321,1790172691851684865,98833,133544,0.788725,1,1
430,1,128658,143868,1790172691851930226,1790172691852066700,97874,136474,0.000000,1,0
431,1,136128,150648,1790172691852317792,1790172691852839600,99405,521808,0.000000,1,0
432,1,131768,147258,1790172691853089083,1790172691853231715,98665,142632,0.780917,1,1
433,1,135659,150338,1790172691853483609,1790172691853619740,99046,136131,0.000000,1,0
434,1,129298,144178,1790172691853864984,1790172691854004004,98598,139020,0.783852,1,1
435,1,128339,142879,1790172691854250130,1790172691854390969,98329,140839,0.000000,1,0
436,1,132818,148198,1790172691854640536,1790172691854828584,100939,188048,0.000000,1,0
437,1,130098,144478,1790172691855076781,1790172691855218718,98921,141937,0.000000,1,0
438,1,131849,146539,1790172691855465977,1790172691855608793,99511,142816,0.780596,1,1
439,1,128098,143138,1790172691855853992,1790172691856375803,99332,521811,0.534458,1,1
440,1,132609,147009,1790172691856624204,1790172691856763968,98933,139764,0.782738,1,1
441,1,131608,146338,1790172691857012419,1790172691857150073,99334,137654,0.785145,1,1
442,1,133429,147800,1790172691857400075,1790172691857535258,99125,135183,0.786103,1,1
443,1,129358,144868,1790172691857780221,1790172691857919633,98766,139412,0.000000,1,0
444,1,128918,143318,1790172691858163857,1790172691858305558,100906,141701,0.000000,1,0
445,1,129699,144038,1790172691858552663,1790172691858686962,99198,134299,0.000000,1,0
446,1,131028,145488,1790172691858934588,1790172691859073647,98099,139059,0.000000,1,0
447,1,134749,149019,1790172691859323124,1790172691859498032,99069,174908,0.756361,1,1
448,1,128889,142569,1790172691859742579,1790172691859882167,100959,139588,0.784156,1,1
449,1,128899,143398,1790172691860131435,1790172691860268572,102420,137137,0.000000,1,0
450,1,132139,146419,1790172691860519661,1790172691860653756,97912,134095,0.000000,1,0
451,1,132889,149078,1790172691860906737,1790172691861073661,99243,166924,0.000000,1,0
452,1,139749,155209,1790172691861332502,1790172691861470416,101863,137914,0.000000,1,0
453,1,129098,144018,1790172691861718517,1790172691861858160,99495,139643,0.000000,1,0
454,1,132459,147669,1790172691862107853,1790172691862243655,98985,135802,0.000000,1,0
455,1,131979,146468,1790172691862491219,1790172691862630900,97756,139681,0.000000,1,0
456,1,129498,145098,1790172691862874394,1790172691863015065,98486,140671,0.000000,1,0
457,1,134309,148969,1790172691863264970,1790172691863793355,98779,528385,0.000000,1,0
458,1,130389,145819,1790172691864040792,1790172691864183709,99150,142917,0.776650,1,1
459,1,131398,145808,1790172691864430837,1790172691864570364,99051,139527,0.000000,1,0
460,1,130329,145969,1790172691864816123,1790172691864956879,100341,140756,0.000000,1,0
461,1,129948,144568,1790172691865205038,1790172691865341974,98632,136936,0.000000,1,0
462,1,128218,142738,1790172691865585954,1790172691865726209,98312,140255,0.783702,1,1
463,1,130899,145559,1790172691865973380,1790172691866111664,97603,138284,0.000000,1,0
464,1,132698,147168,1790172691866358995,1790172691866497059,97105,138064,0.784321,1,1
465,1,129619,143949,1790172691866740242,1790172691867631954,100977,891712,0.000000,1,0
466,2,278157,140028,1790172691868029167,1790172691868025668,97668,0,0.000000,1,0
467,2,282147,144858,1790172691868424643,1790172691868413203,103289,0,0.912790,1,1
468,1,128819,143419,1790172691868661900,1790172691868809438,99869,147538,0.000000,1,0
469,2,276397,140709,1790172691869203034,1790172691869200473,99230,0,0.000000,1,0
470,1,130800,145250,1790172691869448122,1790172691869592138,97561,144016,0.780682,1,1
471,2,272837,140419,1790172691869979746,1790172691870010272,100332,30526,0.874915,1,1
472,1,125599,139989,1790172691870252733,1790172691870429107,98993,176374,0.756429,1,1
473,1,128309,141859,1790172691870673288,1790172691870820321,100734,147033,0.000000,1,0
474,1,129978,144488,1790172691871068623,1790172691871210716,101135,142093,0.000000,1,0
475,1,129439,143719,1790172691871457939,1790172691871974346,100316,516407,0.000000,1,0
476,1,131508,146768,1790172691872224490,1790172691872372421,97997,147931,0.000000,1,0
477,1,131839,146998,1790172691872619977,1790172691872813925,99418,193948,0.741459,1,1
478,1,135569,150768,1790172691873066302,1790172691873208670,98469,142368,0.778429,1,1
479,4,571013,143609,1790172691873897632,1790172691874005349,97771,107717,0.000000,1,0
480,1,125939,140349,1790172691874246058,1790172691874393044,98591,146986,0.779076,1,1
481,1,135758,150338,1790172691874644353,1790172691874779059,98202,134706,0.000000,1,0
482,1,129888,144338,1790172691875024969,1790172691875167314,102962,142345,0.000000,1,0
483,1,133630,147929,1790172691875420706,1790172691875587288,98405,166582,0.000000,1,0
484,1,127759,143169,1790172691875830491,1790172691875970833,98085,140342,0.000000,1,0
485,1,128388,142748,1790172691876214876,1790172691876357488,96386,142612,0.782386,1,1
486,1,129738,144708,1790172691876600172,1790172691877155068,107306,554896,0.000000,1,0
487,1,133639,148079,1790172691877414083,1790172691877539613,98037,125530,0.000000,1,0
488,1,130229,145758,1790172691877785169,1790172691877960927,97268,175758,0.755553,1,1
489,1,131289,145709,1790172691878206204,1790172691878724007,100311,517803,0.000000,1,0
490,2,272737,141078,1790172691879114594,1790172691879481817,99362,367223,0.000000,1,0
491,1,128178,143038,1790172691879725797,1790172691879873102,99322,147305,0.777776,1,1
492,1,131649,145929,1790172691880121903,1790172691880260067,99033,138164,0.000000,1,0
493,2,274577,142019,1790172691880650197,1790172691880648461,97615,0,0.000000,1,0
494,2,281897,142158,1790172691881050362,1790172691881031146,99175,0,0.000000,1,0
495,2,277508,139950,1790172691881425169,1790172691881449711,98856,24542,0.879590,1,1
496,1,126919,136809,1790172691881688556,1790172691882213321,101498,524765,0.000000,1,0
497,1,133088,143879,1790172691882462317,1790172691882602686,97658,140369,0.782699,1,1
498,2,267477,136719,1790172691882980471,1790172691882984410,96780,3939,0.000000,1,0
499,2,266847,138969,1790172691883363587,1790172691883367135,97271,3548,0.898141,1,1
500,1,125819,138599,1790172691883603034,1790172691883751830,98571,148796,0.000000,1,0
501,1,128618,139778,1790172691883992909,1790172691884137835,96502,144926,0.000000,1,0
502,1,138578,149298,1790172691884385705,1790172691884931375,99074,545670,0.520658,1,1
503,1,133359,143159,1790172691885177477,1790172691885318730,98214,141253,0.000000,1,0
504,1,132208,146788,1790172691885568482,1790172691885737754,98095,169272,0.760868,1,1
505,2,273927,143768,1790172691886127546,1790172691886123069,98426,0,0.000000,1,0
506,1,129118,143768,1790172691886367433,1790172691886511144,99347,143711,0.781010,1,1
507,1,131419,151849,1790172691886758379,1790172691886899109,100647,140730,0.782950,1,1
508,1,132688,147858,1790172691887150044,1790172691887284324,99558,134280,0.000000,1,0
509,2,272208,141448,1790172691887672679,1790172691887703728,98200,31049,0.000000,1,0
510,1,129048,143448,1790172691887949226,1790172691888086773,98280,137547,0.000000,1,0
511,1,132849,147349,1790172691888334962,1790172691888855563,98552,520601,0.000000,1,0
512,1,129669,144439,1790172691889101793,1790172691889242178,99362,140385,0.783263,1,1
513,1,138428,152828,1790172691889497408,1790172691889633912,98724,136504,0.781292,1,1
514,1,135818,152168,1790172691889885014,1790172691890020087,97674,135073,0.784580,1,1
515,2,280658,146990,1790172691890415049,1790172691890403382,97316,0,0.911267,1,1
516,1,130918,145288,1790172691890648406,1790172691890788387,100717,139981,0.000000,1,0
517,1,129459,143979,1790172691891036172,1790172691891174462,104657,138290,0.000000,1,0
518,1,130128,144678,1790172691891426427,1790172691891595666,97748,169239,0.000000,1,0
519,1,127889,142888,1790172691891838633,1790172691891982141,98309,143508,0.000000,1,0
520,1,126978,141228,1790172691892223918,1790172691892365886,99050,141968,0.782629,1,1
521,1,130209,143769,1790172691892612604,1790172691892752611,99070,140007,0.783137,1,1
522,1,131158,146788,1790172691893004129,1790172691893180025,98731,175896,0.000000,1,0
523,1,130389,146039,1790172691893426825,1790172691893565490,99443,138665,0.784776,1,1
524,1,130368,145988,1790172691893812611,1790172691893949505,100563,136894,0.000000,1,0
525,1,128199,143219,1790172691894195867,1790172691894337210,98054,141343,0.000000,1,0
526,1,129898,144898,1790172691894582732,1790172691894758634,97925,175902,0.756308,1,1
527,1,129528,144748,1790172691895003447,1790172691895181349,98655,177902,0.751092,1,1
528,1,130679,145408,1790172691895427263,1790172691895565624,97876,138361,0.784964,1,1
529,1,128628,144348,1790172691895809128,1790172691895948738,98758,139610,0.784001,1,1
530,1,127599,142679,1790172691896192484,1790172691896341853,98879,149369,0.000000,1,0
531,1,130528,145568,1790172691896590290,1790172691896725298,99340,135008,0.000000,1,0
532,1,134069,149279,1790172691896976506,1790172691897120493,100080,143987,0.000000,1,0
533,1,132528,147148,1790172691897370431,1790172691897505838,97751,135407,0.000000,1,0
534,1,127778,146669,1790172691897748697,1790172691897890883,100661,142186,0.000000,1,0
535,1,127199,141648,1790172691898136123,1790172691898277948,97432,141825,0.000000,1,0
536,1,129028,143518,1790172691898520738,1790172691898698362,97323,177624,0.000000,1,0
537,1,129928,144628,1790172691898943503,1790172691899115547,99783,172044,0.759149,1,1
538,1,131269,145638,1790172691899364079,1790172691899513841,98316,149762,0.000000,1,0
539,1,127438,145348,1790172691899756205,1790172691899898876,102776,142671,0.000000,1,0
540,1,128139,142678,1790172691900147511,1790172691900286431,104117,138920,0.784996,1,1
541,1,130938,145338,1790172691900538196,1790172691900671206,101107,133010,0.789175,1,1
542,1,131289,145979,1790172691900921482,1790172691901061671,98798,140189,0.782785,1,1
543,1,132228,149128,1790172691901309367,1790172691901448726,97739,139359,0.000000,1,0
544,1,131779,146279,1790172691901695143,1790172691901836331,99179,141188,0.000000,1,0
545,2,274737,142469,1790172691902227917,1790172691902599550,98182,371633,0.621200,1,1
546,1,129319,144569,1790172691902844571,1790172691902993205,98763,148634,0.000000,1,0
547,4,559793,136458,1790172691903668311,1790172691903580447,150634,0,0.000000,1,0
548,1,132449,150699,1790172691903880219,1790172691903959892,98265,79673,0.000000,1,0
549,1,128758,143868,1790172691904204575,1790172691904348867,99615,144292,0.000000,1,0
550,1,128989,144109,1790172691904594751,1790172691904737702,98746,142951,0.000000,1,0
551,1,133988,149818,1790172691904987686,1790172691905123057,99007,135371,0.783803,1,1
552,1,135369,150729,1790172691905374982,1790172691905511342,98308,136360,0.000000,1,0
553,1,129568,145808,1790172691905756488,1790172691905937186,100899,180698,0.000000,1,0
554,1,129168,144338,1790172691906186083,1790172691906327401,100840,141318,0.000000,1,0
555,1,133278,147898,1790172691906578919,1790172691906713296,97730,134377,0.000000,1,0
556,1,130119,145258,1790172691906958795,1790172691907133950,97272,175155,0.756839,1,1
557,1,131729,146949,1790172691907380600,1790172691907551855,97452,171255,0.759217,1,1
558,1,130118,145578,1790172691907796105,1790172691907938130,99122,142025,0.000000,1,0
559,1,129289,144348,1790172691908184441,1790172691908327185,96574,142744,0.000000,1,0
560,1,133898,148188,1790172691908574427,1790172691908748499,99045,174072,0.757679,1,1
561,1,130408,145718,1790172691908995552,1790172691909135624,98526,140072,0.000000,1,0
562,1,132759,147799,1790172691909395038,1790172691909525009,100666,129971,0.000000,1,0
563,2,284057,144538,1790172691909926352,1790172691909924843,98888,0,0.000000,1,0
564,1,126249,141339,1790172691910166959,1790172691910313888,97718,146929,0.000000,1,0
565,1,130628,145628,1790172691910561374,1790172691910735813,101528,174439,0.000000,1,0
566,2,271997,140889,1790172691911126708,1790172691911153657,97280,26949,0.000000,1,0
567,1,130719,145099,1790172691911398915,1790172691911534422,97331,135507,0.786685,1,1
568,1,126399,141478,1790172691911774552,1790172691911956477,97921,181925,0.000000,1,0
569,1,128669,143008,1790172691912199807,1790172691912382211,99792,182404,0.750928,1,1
570,1,131469,145889,1790172691912630522,1790172691912817965,101273,187443,0.000000,1,0
571,1,130729,145349,1790172691913067147,1790172691913237990,99434,170843,0.000000,1,0
572,1,130609,145059,1790172691913485442,1790172691913622824,97055,137382,0.000000,1,0
573,1,127749,143248,1790172691913864178,1790172691914770429,101448,906251,0.000000,1,0
574,1,134718,150128,1790172691915025665,1790172691915158754,107899,133089,0.786064,1,1
575,1,134189,149149,1790172691915417461,1790172691915577538,98370,160077,0.000000,1,0
576,1,127958,143478,1790172691915820536,1790172691915963853,97910,143317,0.781143,1,1
577,2,277897,149598,1790172691916357030,1790172691916730443,99182,373413,0.000000,1,0
578,1,128029,143249,1790172691916975743,1790172691917117588,98152,141845,0.000000,1,0
579,1,126869,142208,1790172691917359979,1790172691917500103,99984,140124,0.000000,1,0
580,1,127068,146838,1790172691917744925,1790172691917921487,99705,176562,0.755900,1,1
581,1,126418,140838,1790172691918164800,1790172691918303842,98096,139042,0.784211,1,1
582,1,126909,141909,1790172691918545406,1790172691918693137,102786,147731,0.000000,1,0
583,1,127269,142398,1790172691918941202,1790172691919113221,98557,172019,0.759135,1,1
584,1,129159,382399,1790172691919357517,1790172691919512086,99271,154569,0.771216,1,1
585,1,143930,158170,1790172691919767507,1790172691920526363,102756,758856,0.000000,1,0
586,1,133810,145410,1790172691920781109,1790172691920913018,98581,131909,0.788891,1,1
587,1,130760,140570,1790172691921155629,1790172691921297743,99247,142114,0.000000,1,0
588,1,132900,143660,1790172691921545700,1790172691921678427,99473,132727,0.000000,1,0
589,1,132840,143570,1790172691921924630,1790172691922055782,97058,131152,0.000000,1,0
590,1,133470,144320,1790172691922299130,1790172691922437847,98004,138717,0.000000,1,0
591,1,129570,140600,1790172691922678141,1790172691922821282,99619,143141,0.000000,1,0
592,2,274030,141550,1790172691923208921,1790172691923206447,100254,0,0.000000,1,0
593,1,134152,145132,1790172691923454183,1790172691923975077,99346,520894,0.000000,1,0
594,1,130250,141130,1790172691924221123,1790172691924363022,98872,141899,0.781690,1,1
595,2,267690,136430,1790172691924742334,1790172691924753907,97827,11573,0.000000,1,0
596,1,128560,138300,1790172691924994274,1790172691925141362,97692,147088,0.000000,1,0
597,1,139450,150720,1790172691925390254,1790172691925523197,97878,132943,0.000000,1,0
598,2,276380,138560,1790172691925910155,1790172691925913871,98874,3716,0.000000,1,0
599,1,125910,136530,1790172691926151535,1790172691926298196,101299,146661,0.779240,1,1
600,1,126952,137572,1790172691926539067,1790172691926678861,102586,139794,0.000000,1,0
601,1,126770,138070,1790172691926921477,1790172691927061236,97241,139759,0.000000,1,0
602,1,147040,157580,1790172691927318327,1790172691927440951,98536,122624,0.000000,1,0
603,1,127091,137861,1790172691927679448,1790172691927824846,97922,145398,0.780557,1,1
604,1,126080,136790,1790172691928062628,1790172691928207541,99167,144913,0.000000,1,0
605,1,134200,144750,1790172691928453728,1790172691928625656,99563,171928,0.000000,1,0
606,2,272790,141710,1790172691929010649,1790172691929013490,98059,2841,0.000000,1,0
607,1,132650,147870,1790172691929256189,1790172691929394855,100605,138666,0.000000,1,0
608,2,270931,138751,1790172691929780241,1790172691929772460,98431,0,0.000000,1,0
609,1,123570,134380,1790172691930007591,1790172691930159725,96176,152134,0.776153,1,1
610,1,131260,142410,1790172691930400681,1790172691930539460,98731,138779,0.000000,1,0
611,1,128961,140031,1790172691930780102,1790172691930919845,98287,139743,0.000000,1,0
612,1,128360,139460,1790172691931159342,1790172691931304780,97702,145438,0.000000,1,0
613,1,135360,145970,1790172691931550592,1790172691931722125,99328,171533,0.000000,1,0
614,1,129210,139820,1790172691931963793,1790172691932101000,99983,137207,0.785718,1,1
615,1,132390,143060,1790172691932346463,1790172691932868679,98826,522216,0.000000,1,0
616,1,136460,147320,1790172691933117315,1790172691933254864,99561,137549,0.000000,1,0
617,1,132870,147460,1790172691933505715,1790172691933640429,98596,134714,0.786937,1,1
618,2,278961,142610,1790172691934034506,1790172691934024444,98452,0,0.000000,1,0
619,1,133390,148630,1790172691934273066,1790172691934414459,98237,141393,0.000000,1,0
620,1,127710,142330,1790172691934657226,1790172691934804724,100453,147498,0.000000,1,0
621,1,129280,143940,1790172691935053917,1790172691935197949,101198,144032,0.000000,1,0
622,1,134121,148911,1790172691935453428,1790172691935597103,98675,143675,0.000000,1,0
623,1,128390,143750,1790172691935840608,1790172691935986378,98151,145770,0.778772,1,1
624,1,129710,144050,1790172691936231049,1790172691936409343,99366,178294,0.753017,1,1
625,2,270840,142370,1790172691936796229,1790172691936808647,98482,12418,0.000000,1,0
626,1,128451,144101,1790172691937055470,1790172691937199252,100818,143782,0.000000,1,0
627,1,130670,146560,1790172691937448260,1790172691937625066,97724,176806,0.000000,1,0
628,3,407351,131141,1790172691938146681,1790172691938058011,154480,0,0.000000,1,0
629,1,129210,147030,1790172691938359251,1790172691938461795,97997,102544,0.000000,1,0
630,1,127590,141980,1790172691938704812,1790172691939219145,103238,514333,0.538999,1,1
631,1,130950,146360,1790172691939471023,1790172691939613180,98913,142157,0.000000,1,0
632,1,128790,144230,1790172691939858643,1790172691939996515,104668,137872,0.000000,1,0
633,1,129691,144671,1790172691940248094,1790172691940379190,99694,131096,0.000000,1,0
634,1,128700,144320,1790172691940624724,1790172691940762775,100009,138051,0.785923,1,1
635,1,129070,144160,1790172691941009424,1790172691941148140,99255,138716,0.785027,1,1
636,1,132030,147050,1790172691941397425,1790172691941539285,99711,141860,0.000000,1,0
637,1,128770,144180,1790172691941784886,1790172691941957209,99177,172323,0.000000,1,0
638,1,128990,143930,1790172691942202506,1790172691942342434,99473,139928,0.783380,1,1
639,1,129500,143700,1790172691942587917,1790172691942725749,99178,137832,0.000000,1,0
640,1,129100,144130,1790172691942972097,1790172691943109314,97753,137217,0.000000,1,0
641,1,131501,145951,1790172691943355068,1790172691943497688,96990,142620,0.000000,1,0
642,1,128020,142950,1790172691943739188,1790172691943885063,98585,145875,0.000000,1,0
643,1,128570,142880,1790172691944129668,1790172691944310268,99301,180600,0.752280,1,1
644,1,133550,147900,1790172691944559630,1790172691944697522,100088,137892,0.000000,1,0
645,2,270080,141090,1790172691945085770,1790172691945083457,97413,0,0.000000,1,0
646,1,128240,143260,1790172691945325980,1790172691945465072,100829,139092,0.784117,1,1
647,1,126530,140870,1790172691945709251,1790172691945884907,97634,175656,0.000000,1,0
648,1,130820,145410,1790172691946130801,1790172691946304791,97420,173990,0.755394,1,1
649,1,128871,143491,1790172691946547602,1790172691946721446,98456,173844,0.757958,1,1
650,1,130880,145210,1790172691946968052,1790172691947105311,97651,137259,0.783709,1,1
651,1,131440,146230,1790172691947353722,1790172691947490745,96999,137023,0.785201,1,1
652,1,132510,146050,1790172691947736964,1790172691947908880,100434,171916,0.000000,1,0
653,1,129490,144020,1790172691948157914,1790172691948295455,99439,137541,0.000000,1,0
654,1,130551,144881,1790172691948541925,1790172691948677720,96535,135795,0.786748,1,1
655,1,128420,143870,1790172691948920425,1790172691949062525,98060,142100,0.000000,1,0
656,1,132430,147420,1790172691949310385,1790172691949446790,97525,136405,0.000000,1,0
657,1,128581,144481,1790172691949690146,1790172691949831224,97082,141078,0.000000,1,0
658,1,128580,144740,1790172691950076906,1790172691950255379,97677,178473,0.000000,1,0
659,1,131891,147111,1790172691950502307,1790172691950678233,103265,175926,0.755356,1,1
660,1,132660,147640,1790172691950931668,1790172691951060498,97990,128830,0.000000,1,0
661,1,131850,147050,1790172691951307928,1790172691951445983,97485,138055,0.000000,1,0
662,1,127911,142491,1790172691951688599,1790172691951866468,99561,177869,0.000000,1,0
663,1,131670,147360,1790172691952115009,1790172691952251852,100067,136843,0.783625,1,1
664,1,130420,144910,1790172691952499559,1790172691952637507,99513,137948,0.000000,1,0
665,1,153910,170320,1790172691952907770,1790172691953028882,98288,121112,0.782018,1,1
666,1,138390,153160,1790172691953282910,1790172691953416587,98764,133677,0.000000,1,0
667,1,129030,143390,1790172691953660831,1790172691953805152,99430,144321,0.000000,1,0
668,1,130280,144620,1790172691954052282,1790172691954195167,99385,142885,0.000000,1,0
669,1,130720,145260,1790172691954442372,1790172691954582282,99900,139910,0.783044,1,1
670,1,128311,143121,1790172691954826933,1790172691954969636,98457,142703,0.781598,1,1
671,1,129190,143810,1790172691955213903,1790172691955356161,99122,142258,0.000000,1,0
672,1,130050,144910,1790172691955604073,1790172691955740936,98187,136863,0.000000,1,0
673,1,129771,144311,1790172691955988404,1790172691956126861,97073,138457,0.000000,1,0
674,1,131460,146430,1790172691956371824,1790172691956523756,97489,151932,0.773409,1,1
675,1,135280,150090,1790172691956772925,1790172691956942580,101966,169655,0.000000,1,0
676,2,274920,143460,1790172691957337376,1790172691957326135,99171,0,0.000000,1,0
677,2,268320,139320,1790172691957710386,1790172691957711230,98226,844,0.000000,1,0
678,1,125080,139481,1790172691957951876,1790172691958094515,101992,142639,0.782433,1,1
679,1,130510,145230,1790172691958343577,1790172691958479040,101237,135463,0.786221,1,1
680,1,128340,142050,1790172691958725107,1790172691958899344,100113,174237,0.000000,1,0
681,1,129580,144850,1790172691959147598,1790172691959283009,97629,135411,0.786340,1,1
682,1,129161,144701,1790172691959527169,1790172691959702794,98405,175625,0.755680,1,1
683,1,130700,145920,1790172691959949189,1790172691960119678,99402,170489,0.000000,1,0
684,1,135980,151110,1790172691960372250,1790172691960504233,97947,131983,0.788189,1,1
685,1,128490,149970,1790172691960748420,1790172691960888088,100042,139668,0.000000,1,0
686,1,127061,142181,1790172691961133941,1790172691961645838,99323,511897,0.000000,1,0
687,1,130280,145320,1790172691961898921,1790172691962030163,99759,131242,0.000000,1,0
688,1,133660,148200,1790172691962280162,1790172691962446348,97395,166186,0.762047,1,1
689,1,127170,143100,1790172691962690473,1790172691962867572,99101,177099,0.000000,1,0
690,1,126631,141871,1790172691963112054,1790172691963258177,97247,146123,0.000000,1,0
691,1,127510,141950,1790172691963499444,1790172691963673441,101143,173997,0.000000,1,0
692,1,136330,151330,1790172691963929324,1790172691964059856,99669,130532,0.000000,1,0
693,1,132440,149400,1790172691964308495,1790172691964481831,99004,173336,0.000000,1,0
694,1,129460,145150,1790172691964727215,1790172691964873005,100531,145790,0.778719,1,1
695,2,280630,146300,1790172691965272436,1790172691965270100,98646,0,0.000000,1,0
696,1,128731,143051,1790172691965514247,1790172691965655695,98932,141448,0.782527,1,1
697,1,128801,143181,1790172691965904808,1790172691966041090,97548,136282,0.785860,1,1
698,1,137270,151590,1790172691966292288,1790172691966462324,101184,170036,0.758650,1,1
699,1,128110,142450,1790172691966708138,1790172691967223824,101045,515686,0.000000,1,0
700,1,130720,145210,1790172691967473349,1790172691967610169,96991,136820,0.000000,1,0
701,1,127520,143030,1790172691967852050,1790172691968031474,99176,179424,0.000000,1,0
702,3,426001,142480,1790172691968573261,1790172691968485158,151473,0,0.000000,1,0
703,1,125520,140220,1790172691968778782,1790172691968864923,97309,86141,0.000000,1,0
704,1,125570,140230,1790172691969104992,1790172691969254077,99155,149085,0.000000,1,0
705,1,129130,143440,1790172691969498832,1790172691969641242,100721,142410,0.781448,1,1
706,1,145290,161580,1790172691969902653,1790172691970031067,99586,128414,0.791143,1,1
707,1,139740,154060,1790172691970287163,1790172691970418122,99642,130959,0.000000,1,0
708,1,128260,142670,1790172691970663294,1790172691970811867,100187,148573,0.000000,1,0
709,1,129420,144520,1790172691971060244,1790172691971600376,99600,540132,0.000000,1,0
710,1,132950,148760,1790172691971851746,1790172691971985011,99945,133265,0.000000,1,0
711,1,129390,144420,1790172691972232436,1790172691972372366,100391,139930,0.000000,1,0
712,1,129520,144120,1790172691972619607,1790172691972759581,98906,139974,0.000000,1,0
713,1,130250,145690,1790172691973006837,1790172691973144876,100221,138039,0.784862,1,1
714,1,133671,149071,1790172691973397678,1790172691973568450,99468,170772,0.000000,1,0
715,1,129420,145480,1790172691973817528,1790172691973956015,99843,138487,0.784054,1,1
716,1,128550,143840,1790172691974201898,1790172691974343820,98880,141922,0.000000,1,0
717,1,130910,145420,1790172691974590720,1790172691974765904,101316,175184,0.000000,1,0
718,1,130170,145460,1790172691975016180,1790172691975151029,98121,134849,0.787213,1,1
719,1,129860,144291,1790172691975396790,1790172691975574403,97628,177613,0.000000,1,0
720,1,128030,143280,1790172691975816461,1790172691975993668,100763,177207,0.000000,1,0
721,1,127350,142600,1790172691976241401,1790172691976410732,100530,169331,0.000000,1,0
722,1,130940,145580,1790172691976658632,1790172691976839807,99115,181175,0.000000,1,0
723,1,134260,148900,1790172691977090672,1790172691977228511,99931,137839,0.000000,1,0
724,1,130271,144691,1790172691977476033,1790172691977617276,97738,141243,0.782003,1,1
725,1,126550,141990,1790172691977858024,1790172691978038021,99103,179997,0.752867,1,1
726,1,134050,148990,1790172691978287934,1790172691978421566,101128,133632,0.787228,1,1
727,1,129891,144251,1790172691978669095,1790172691978842750,100605,173655,0.000000,1,0
728,1,130110,144490,1790172691979091075,1790172691979227165,100450,136090,0.785545,1,1
729,1,129400,143930,1790172691979473655,1790172691979610080,99936,136425,0.000000,1,0
730,1,126980,142110,1790172691979854326,1790172691979996645,98161,142319,0.000000,1,0
731,1,127150,141320,1790172691980238526,1790172691980420499,99288,181973,0.000000,1,0
732,1,129791,143461,1790172691980666588,1790172691980811624,99724,145036,0.000000,1,0
733,1,130530,145720,1790172691981060498,1790172691981232558,100410,172060,0.000000,1,0
734,1,135500,151530,1790172691981485958,1790172691981994388,100351,508430,0.540457,1,1
735,1,127020,142070,1790172691982239139,1790172691982758558,100842,519419,0.536525,1,1
736,1,134640,152790,1790172691983012320,1790172691983144033,99997,131713,0.000000,1,0
737,1,133540,148780,1790172691983395580,1790172691983530018,104064,134438,0.000000,1,0
738,2,275350,143120,1790172691983927542,1790172691983950043,98369,22501,0.000000,1,0
739,1,127920,142420,1790172691984193602,1790172691984707702,100951,514100,0.000000,1,0
740,2,274340,141570,1790172691985101723,1790172691985092927,98486,0,0.000000,1,0
741,1,129220,144680,1790172691985337793,1790172691985853777,99827,515984,0.000000,1,0
742,1,132690,148230,1790172691986105004,1790172691986240722,99582,135718,0.000000,1,0
743,1,130002,144642,1790172691986487686,1790172691986624687,99989,137001,0.785710,1,1
744,1,129900,145450,1790172691986871736,1790172691987010182,100114,138446,0.000000,1,0
745,1,128850,143180,1790172691987255936,1790172691987400597,99770,144661,0.000000,1,0
746,2,271720,141840,1790172691987788737,1790172691987797952,99215,9215,0.892848,1,1
747,2,272700,139990,1790172691988186827,1790172691988194036,98801,7209,0.895970,1,1
748,1,131860,146180,1790172691988441387,1790172691988958746,99752,517359,0.000000,1,0
749,1,127440,142070,1790172691989203518,1790172691989345131,100008,141613,0.000000,1,0
750,1,127011,141441,1790172691989589380,1790172691989730066,103214,140686,0.000000,1,0
751,1,126110,140530,1790172691989976990,1790172691990119411,100899,142421,0.781159,1,1
752,1,128490,142900,1790172691990365330,1790172691990501996,99505,136666,0.000000,1,0
753,1,125190,145140,1790172691990745401,1790172691990891931,101710,146530,0.778227,1,1
754,1,126140,140510,1790172691991137741,1790172691991313825,99746,176084,0.755583,1,1
755,1,127490,141880,1790172691991557712,1790172691991694730,106772,137018,0.000000,1,0
756,1,126620,141670,1790172691991946752,1790172691992074855,98537,128103,0.792291,1,1
757,1,128070,142350,1790172691992318012,1790172691992458750,100324,140738,0.000000,1,0
758,1,125450,141390,1790172691992701614,1790172691992846645,100249,145031,0.000000,1,0
759,1,131720,147180,1790172691993096834,1790172691993234280,101725,137446,0.000000,1,0
760,1,133640,148010,1790172691993486965,1790172691993624064,100191,137099,0.000000,1,0
761,2,277540,145060,1790172691994018535,1790172691994013099,97756,0,0.905943,1,1
762,1,125401,139941,1790172691994253426,1790172691994406194,98022,152768,0.000000,1,0
763,1,129550,143850,1790172691994650176,1790172691994828568,100188,178392,0.753877,1,1
764,1,129070,144470,1790172691995076296,1790172691995216093,99834,139797,0.000000,1,0
765,1,133171,147741,1790172691995465608,1790172691995603988,102040,138380,0.000000,1,0
766,1,128390,144140,1790172691995850948,1790172691996021382,98587,170434,0.000000,1,0
767,2,277540,143500,1790172691996415339,1790172691996403667,98602,0,0.000000,1,0
768,1,127240,141670,1790172691996646379,1790172691996823242,100267,176863,0.000000,1,0
769,1,128991,144331,1790172691997070550,1790172691997959777,101024,889227,0.370206,1,1
770,1,129120,144450,1790172691998208311,1790172691998344822,100010,136511,0.785781,1,1
771,1,131250,145590,1790172691998592722,1790172691998729796,101976,137074,0.000000,1,0
772,1,129840,144731,1790172691998981662,1790172691999117951,98392,136289,0.000000,1,0
773,1,131090,146170,1790172691999363853,1790172691999504446,99617,140593,0.780870,1,1
774,1,129260,149480,1790172691999749743,1790172691999890961,106552,141218,0.000000,1,0
775,1,129851,144341,1790172692000144604,1790172692000698390,100184,553786,0.000000,1,0
776,1,131500,146120,1790172692000948124,1790172692001081935,99600,133811,0.000000,1,0
777,1,130370,144820,1790172692001328805,1790172692001466630,100646,137825,0.000000,1,0
778,1,129510,144100,1790172692001713616,1790172692001857365,100601,143749,0.780308,1,1
779,2,272451,139351,1790172692002247557,1790172692002241160,100107,0,0.000000,1,0
780,1,127490,142210,1790172692002485717,1790172692002637645,98742,151928,0.000000,1,0
781,1,131680,148100,1790172692002884557,1790172692003024030,99047,139473,0.782848,1,1
782,1,132451,147401,1790172692003272938,1790172692003410765,98473,137827,0.000000,1,0
783,1,127180,141550,1790172692003653568,1790172692003833999,98119,180431,0.752702,1,1
784,1,127230,142560,1790172692004077408,1790172692004251733,99076,174325,0.000000,1,0
785,1,131511,147351,1790172692004501840,1790172692004645828,98762,143988,0.000000,1,0
786,1,143010,158580,1790172692004910020,1790172692005032923,100487,122903,0.000000,1,0
787,1,137321,152051,1790172692005288061,1790172692005412898,98433,124837,0.000000,1,0
788,1,127870,142260,1790172692005655391,1790172692005831193,100098,175802,0.755983,1,1
789,2,279461,142231,1790172692006228442,1790172692006212427,99975,0,0.914867,1,1
790,1,128780,143240,1790172692006457682,1790172692006967957,99875,510275,0.541782,1,1
791,1,128541,143681,1790172692007214653,1790172692007353112,99012,138459,0.000000,1,0
792,1,128130,142610,1790172692007599864,1790172692007741967,99407,142103,0.781635,1,1
793,1,130580,145860,1790172692007990134,1790172692008127602,103233,137468,0.784800,1,1
794,1,132010,146180,1790172692008379945,1790172692008516547,99208,136602,0.000000,1,0
795,1,127110,145160,1790172692008759175,1790172692008906412,103514,147237,0.000000,1,0
796,1,129090,144500,1790172692009158376,1790172692009299117,100619,140741,0.000000,1,0
797,1,128210,142800,1790172692009544716,1790172692009696181,101265,151465,0.000000,1,0
798,1,127860,142420,1790172692009943426,1790172692010087076,98431,143650,0.000000,1,0
799,1,129760,143910,1790172692010331927,1790172692010475611,99537,143684,0.000000,1,0
800,1,127870,142280,1790172692010719368,1790172692010866646,100222,147278,0.000000,1,0
801,1,129371,144061,1790172692011116669,1790172692011258291,100018,141622,0.000000,1,0
802,1,129000,143350,1790172692011503909,1790172692011642876,98593,138967,0.000000,1,0
803,1,135460,150970,1790172692011893509,1790172692012026851,99059,133342,0.787024,1,1
804,1,134440,148840,1790172692012276900,1790172692012418325,100475,141425,0.000000,1,0
805,1,131190,145580,1790172692012666410,1790172692012811620,101620,145210,0.776890,1,1
806,1,131000,145470,1790172692013062270,1790172692013198265,99436,135995,0.785695,1,1
807,1,130341,144671,1790172692013444462,1790172692013586130,98902,141668,0.781831,1,1
808,2,273500,143500,1790172692013974822,1790172692013972395,102307,0,0.000000,1,0
809,1,127141,142131,1790172692014219153,1790172692014393289,99954,174136,0.000000,1,0
810,1,128700,143120,1790172692014638503,1790172692015164599,117455,526096,0.000000,1,0
811,1,134160,149100,1790172692015434274,1790172692015549084,99750,114810,0.802248,1,1
812,1,126540,141890,1790172692015792424,1790172692016298014,100811,505590,0.543361,1,1
813,1,133051,148081,1790172692016549626,1790172692016681019,99487,131393,0.000000,1,0
814,1,127560,142860,1790172692016925526,1790172692017060224,98622,134698,0.000000,1,0
815,1,131210,146190,1790172692017307616,1790172692017440109,99928,132493,0.786748,1,1
816,1,127940,138860,1790172692017683537,1790172692017831934,99503,148397,0.000000,1,0
817,1,126050,136570,1790172692018071077,1790172692018961669,99679,890592,0.369991,1,1
818,1,129531,140721,1790172692019204799,1790172692019347104,99266,142305,0.781088,1,1
819,1,130450,141080,1790172692019589780,1790172692019729459,100071,139679,0.000000,1,0
820,2,267420,140320,1790172692020110160,1790172692020115133,99188,4973,0.000000,1,0
821,1,126750,137770,1790172692020354001,1790172692020495718,98343,141717,0.000000,1,0
822,1,126460,139290,1790172692020733221,1790172692020872783,100038,139562,0.000000,1,0
823,1,126601,136421,1790172692021113752,1790172692021265228,98784,151476,0.000000,1,0
824,1,129570,144220,1790172692021512652,1790172692021642483,97739,129831,0.000000,1,0
825,1,131090,146410,1790172692021887982,1790172692022390163,100451,502181,0.000000,1,0
826,1,129350,143800,1790172692022637164,1790172692022768428,100996,131264,0.789230,1,1
827,1,128000,142680,1790172692023014384,1790172692023145683,97842,131299,0.000000,1,0
828,1,129880,144730,1790172692023390065,1790172692023522668,101387,132603,0.000000,1,0
829,1,129930,144640,1790172692023770605,1790172692023899433,102402,128828,0.000000,1,0
830,1,125710,139850,1790172692024145115,1790172692024277148,98128,132033,0.000000,1,0
831,1,128150,142980,1790172692024519916,1790172692024663093,102763,143177,0.000000,1,0
832,1,142400,157620,1790172692024930486,1790172692025042708,97878,112222,0.000000,1,0
833,1,133811,149511,1790172692025291707,1790172692025424763,100025,133056,0.786662,1,1
834,1,130840,146090,1790172692025673168,1790172692025809158,100690,135990,0.786033,1,1
835,1,126780,141940,1790172692026054568,1790172692026197823,98406,143255,0.000000,1,0
836,1,133030,148170,1790172692026446589,1790172692026613717,101542,167128,0.000000,1,0
837,3,412241,138621,1790172692027145320,1790172692027056351,151559,0,0.000000,1,0
838,1,123850,138460,1790172692027348720,1790172692027427476,100314,78756,0.000000,1,0
839,1,126490,141480,1790172692027670690,1790172692027838421,99549,167731,0.000000,1,0
840,1,124561,139811,1790172692028080631,1790172692028216626,98785,135995,0.787039,1,1
841,1,127621,142241,1790172692028460152,1790172692028594571,98711,134419,0.787583,1,1
842,1,128390,144310,1790172692028838562,1790172692028973896,98547,135334,0.000000,1,0
843,1,126090,141360,1790172692029215853,1790172692029352751,101182,136898,0.000000,1,0
844,1,128470,142880,1790172692029599723,1790172692029728736,99107,129013,0.000000,1,0
845,1,128030,143281,1790172692029974273,1790172692030105411,99553,131138,0.000000,1,0
846,1,131100,145500,1790172692030353274,1790172692030481976,98528,128702,0.000000,1,0
847,1,133500,148370,1790172692030730554,1790172692030858351,100053,127797,0.000000,1,0
848,1,128721,143261,1790172692031107105,1790172692031247666,100819,140561,0.000000,1,0
849,1,128321,142721,1790172692031493516,1790172692032002466,100751,508950,0.000000,1,0
850,1,130250,144720,1790172692032251087,1790172692032380991,99626,129904,0.000000,1,0
851,1,130280,144440,1790172692032627567,1790172692032761796,105121,134229,0.000000,1,0
852,1,128730,143160,1790172692033013507,1790172692033147201,101577,133694,0.000000,1,0
853,2,276130,140640,1790172692033541498,1790172692033558875,98493,17377,0.000000,1,0
854,1,126150,141200,1790172692033799948,1790172692033934910,99058,134962,0.786520,1,1
855,2,269121,142250,1790172692034320239,1790172692034312605,99184,0,0.000000,1,0
856,2,263160,137080,1790172692034691500,1790172692034688140,98540,0,0.000000,1,0
857,1,126650,141440,1790172692034930710,1790172692035064835,99056,134125,0.787535,1,1
858,2,274130,140020,1790172692035454341,1790172692035810435,100896,356094,0.000000,1,0
859,1,127111,142191,1790172692036056572,1790172692036571035,99987,514463,0.000000,1,0
860,1,128860,144890,1790172692036816602,1790172692036956790,98943,140188,0.000000,1,0
861,1,129120,144540,1790172692037202853,1790172692037352195,98289,149342,0.000000,1,0
862,1,131240,146390,1790172692037599084,1790172692037774939,100806,175855,0.000000,1,0
863,1,127490,142010,1790172692038020615,1790172692038163894,103421,143279,0.000000,1,0
864,1,130470,144890,1790172692038414975,1790172692038923194,101882,508219,0.000000,1,0
865,1,133170,149280,1790172692039176056,1790172692039342989,102587,166933,0.761590,1,1
866,1,132700,147850,1790172692039595386,1790172692039739543,100313,144157,0.000000,1,0
867,1,129761,144741,1790172692039987157,1790172692040124128,99849,136971,0.000000,1,0
868,1,132010,147230,1790172692040373687,1790172692040512593,97825,138906,0.000000,1,0
869,1,127210,146770,1790172692040754218,1790172692041308203,102266,553985,0.517342,1,1
870,1,131980,146590,1790172692041560429,1790172692041693127,99932,132698,0.000000,1,0
871,1,129290,143770,1790172692041940329,1790172692042078872,100728,138543,0.000000,1,0
872,1,130490,145330,1790172692042326550,1790172692042463047,99563,136497,0.000000,1,0
873,1,126880,141300,1790172692042705800,1790172692042884832,102639,179032,0.000000,1,0
874,1,129180,143790,1790172692043133711,1790172692043274457,99034,140746,0.000000,1,0
875,1,130411,144821,1790172692043521012,1790172692043695521,102141,174509,0.000000,1,0
876,2,271411,141310,1790172692044086193,1790172692044089056,98477,2863,0.897853,1,1
877,1,140630,155260,1790172692044344923,1790172692044475471,99442,130548,0.000000,1,0
878,1,128410,142870,1790172692044720463,1790172692044866675,101169,146212,0.000000,1,0
879,1,130170,144580,1790172692045115594,1790172692045255300,99984,139706,0.779731,1,1
880,1,126820,141400,1790172692045501104,1790172692046423035,100871,921931,0.000000,1,0
881,1,130040,144460,1790172692046671796,1790172692047195525,101632,523729,0.000000,1,0
882,1,132300,147660,1790172692047448087,1790172692047610159,100418,162072,0.000000,1,0
883,1,124420,139591,1790172692047853537,1790172692047992404,100094,138867,0.000000,1,0
884,1,125840,140960,1790172692048235658,1790172692048375949,100319,140291,0.781979,1,1
885,1,127050,142840,1790172692048620438,1790172692048811753,107806,191315,0.733817,1,1
886,1,132480,147710,1790172692049069289,1790172692049233378,100151,164089,0.000000,1,0
887,1,130741,145201,1790172692049481990,1790172692049653762,98778,171772,0.000000,1,0
888,1,131300,145920,1790172692049905970,1790172692050071416,100245,165446,0.761690,1,1
889,1,133970,148280,1790172692050322151,1790172692050867216,101975,545065,0.000000,1,0
890,1,129471,144591,1790172692051116972,1790172692051254911,99661,137939,0.783639,1,1
891,1,131940,146280,1790172692051503372,1790172692052051280,103473,547908,0.000000,1,0
892,1,135050,150280,1790172692052308193,1790172692052471004,104360,162811,0.000000,1,0
893,1,132030,146470,1790172692052724054,1790172692052862789,100545,138735,0.000000,1,0
894,1,130381,145191,1790172692053112265,1790172692053250004,100981,137739,0.783647,1,1
895,1,132030,146330,1790172692053499545,1790172692053636629,99426,137084,0.783521,1,1
896,1,135020,151800,1790172692053887635,1790172692054022334,99922,134699,0.783835,1,1
897,1,132130,146580,1790172692054271066,1790172692054409689,100567,138623,0.000000,1,0
898,1,127460,141890,1790172692054654006,1790172692054797414,102192,143408,0.780526,1,1
899,2,270201,140680,1790172692055187257,1790172692055189608,98869,2351,0.898690,1,1
900,1,130001,144301,1790172692055434928,1790172692055611213,98345,176285,0.000000,1,0
901,1,129840,144710,1790172692055856078,1790172692055999298,99501,143220,0.000000,1,0
902,1,129390,144010,1790172692056245189,1790172692056423662,101657,178473,0.000000,1,0
903,1,132670,146930,1790172692056674479,1790172692056818307,100143,143828,0.000000,1,0
904,1,128310,143140,1790172692057064090,1790172692057578107,104193,514017,0.000000,1,0
905,2,278801,144830,1790172692057977601,1790172692057966752,100169,0,0.908728,1,1
906,1,127790,142250,1790172692058211651,1790172692058355437,100195,143786,0.779925,1,1
907,1,136290,150630,1790172692058608492,1790172692058742001,100271,133509,0.000000,1,0
908,1,128090,143490,1790172692058990283,1790172692059126236,100447,135953,0.000000,1,0
909,1,133560,148520,1790172692059377693,1790172692059516821,99182,139128,0.000000,1,0
910,1,135250,150360,1790172692059768503,1790172692059937136,100218,168633,0.757186,1,1
911,1,128020,142930,1790172692060181944,1790172692060356740,100104,174796,0.000000,1,0
912,1,131700,146520,1790172692060607244,1790172692060742485,101899,135241,0.000000,1,0
913,1,128901,143801,1790172692060991685,1790172692061129300,99615,137615,0.000000,1,0
914,1,132910,149890,1790172692061375415,1790172692061516975,99341,141560,0.000000,1,0
915,1,135290,150930,1790172692061769076,1790172692061903900,102187,134824,0.000000,1,0
916,1,129370,144610,1790172692062152887,1790172692062291344,99433,138457,0.783257,1,1
917,1,129470,143890,1790172692062537547,1790172692062714279,101128,176732,0.000000,1,0
918,1,128990,144460,1790172692062961737,1790172692063100614,100344,138877,0.000000,1,0
919,1,130040,144570,1790172692063348238,1790172692063486259,100949,138021,0.783474,1,1
920,3,422440,138930,1790172692064026458,1790172692063937983,151635,0,0.000000,1,0
921,1,127650,141870,1790172692064234139,1790172692064317988,102491,83849,0.000000,1,0
922,1,128220,142660,1790172692064565680,1790172692064735782,100868,170102,0.000000,1,0
923,1,130000,144770,1790172692064983580,1790172692065501232,98939,517652,0.536000,1,1
924,1,131500,151380,1790172692065749021,1790172692065914846,102035,165825,0.000000,1,0
925,1,128631,142871,1790172692066162702,1790172692066309641,99741,146939,0.776657,1,1
926,1,129640,144040,1790172692066556002,1790172692066731106,101906,175104,0.000000,1,0
927,1,131080,145500,1790172692066980982,1790172692067114751,98702,133769,0.000000,1,0
928,1,129750,143990,1790172692067359473,1790172692067535115,97649,175642,0.000000,1,0
929,1,131830,146970,1790172692067781234,1790172692067952670,103065,171436,0.000000,1,0
930,4,550450,137620,1790172692068622745,1790172692068533792,152603,0,0.808458,1,1
931,1,126390,142660,1790172692068828755,1790172692069289812,100884,461057,0.000000,1,0
932,1,129800,145670,1790172692069537656,1790172692069676587,101049,138931,0.000000,1,0
933,1,131211,146361,1790172692069925937,1790172692070061692,102435,135755,0.000000,1,0
934,1,136710,151890,1790172692070317857,1790172692070445427,100511,127570,0.000000,1,0
935,1,132530,147690,1790172692070695688,1790172692070832351,103308,136663,0.784605,1,1
936,1,129740,144240,1790172692071082479,1790172692071227356,100273,144877,0.777822,1,1
937,1,129720,144040,1790172692071473819,1790172692071615311,100049,141492,0.000000,1,0
938,1,127060,142590,1790172692071859510,1790172692072002536,100144,143026,0.000000,1,0
939,1,129110,144370,1790172692072248930,1790172692072389311,99839,140381,0.000000,1,0
940,1,130110,144721,1790172692072635710,1790172692072821115,100356,185405,0.000000,1,0
941,1,130270,145520,1790172692073069931,1790172692073216510,102331,146579,0.000000,1,0
942,1,130501,144911,1790172692073466302,1790172692073598805,99848,132503,0.000000,1,0
943,1,127990,143880,1790172692073846623,1790172692073983770,100103,137147,0.000000,1,0
944,2,277050,147060,1790172692074378313,1790172692074372595,99578,0,0.000000,1,0
945,1,127380,141600,1790172692074616133,1790172692074794869,99715,178736,0.000000,1,0
946,1,127280,141810,1790172692075040364,1790172692075213343,99441,172979,0.000000,1,0
947,1,131600,145910,1790172692075460864,1790172692075595848,100966,134984,0.000000,1,0
948,1,127160,142370,1790172692075840135,1790172692076358928,99708,518793,0.000000,1,0
949,2,276950,146641,1790172692076752226,1790172692076769723,102744,17497,0.000000,1,0
950,1,131070,145280,1790172692077021177,1790172692077195607,101340,174430,0.000000,1,0
951,2,271190,138800,1790172692077587217,1790172692078316772,101466,729555,0.433962,1,1
952,1,131090,145590,1790172692078567578,1790172692079065262,100617,497684,0.546494,1,1
953,1,131190,145620,1790172692079314539,1790172692079446407,99513,131868,0.000000,1,0
954,1,129251,142991,1790172692079691531,1790172692079860412,101839,168881,0.000000,1,0
955,1,129250,144350,1790172692080110081,1790172692080241517,100504,131436,0.000000,1,0
956,1,132390,147330,1790172692080491861,1790172692080636921,99931,145060,0.000000,1,0
957,1,132960,150810,1790172692080887032,1790172692081022126,99686,135094,0.000000,1,0
958,1,129290,144640,1790172692081268942,1790172692081445841,98912,176899,0.000000,1,0
959,3,400780,127180,1790172692081962243,1790172692081874195,156278,0,0.000000,1,0
960,2,269450,144000,1790172692082317303,1790172692082285629,99454,0,0.929732,1,1
961,1,126121,140711,1790172692082527814,1790172692082669794,101771,141980,0.000000,1,0
962,1,126990,141980,1790172692082918635,1790172692083438804,105241,520169,0.000000,1,0
963,1,130731,145581,1790172692083691956,1790172692083856929,102677,164973,0.762695,1,1
964,1,130740,145670,1790172692084107756,1790172692084245433,101893,137677,0.000000,1,0
965,1,131600,146120,1790172692084495866,1790172692085008983,101084,513117,0.537416,1,1
966,1,127960,143190,1790172692085255757,1790172692085398848,100470,143091,0.780027,1,1
967,1,133040,143850,1790172692085645448,1790172692086199758,101551,554310,0.515658,1,1
968,1,134030,144930,1790172692086449529,1790172692086592172,100917,142643,0.000000,1,0
969,1,132841,143971,1790172692086838870,1790172692086981027,100603,142157,0.000000,1,0
970,1,128000,138680,1790172692087222540,1790172692087365932,101838,143392,0.000000,1,0
971,1,129620,140330,1790172692087610590,1790172692087760517,101274,149927,0.774106,1,1
972,1,129850,140560,1790172692088004871,1790172692088147442,98959,142571,0.779567,1,1
973,1,131280,142540,1790172692088390701,1790172692088538667,101195,147966,0.000000,1,0
974,1,130750,141670,1790172692088783372,1790172692088927042,101891,143670,0.000000,1,0
975,1,126740,136690,1790172692089170933,1790172692089314576,100117,143643,0.000000,1,0
976,1,132750,147680,1790172692089566213,1790172692089738731,99993,172518,0.756815,1,1
977,1,133390,147910,1790172692089989554,1790172692090156185,100019,166631,0.000000,1,0
978,1,130450,144850,1790172692090403364,1790172692090547730,100634,144366,0.000000,1,0
979,1,129361,145571,1790172692090794765,1790172692090932355,102010,137590,0.000000,1,0
980,1,131110,145580,1790172692091182295,1790172692091315690,100495,133395,0.000000,1,0
981,1,129721,144661,1790172692091562486,1790172692091699195,101022,136709,0.783709,1,1
982,1,128910,143420,1790172692091946297,1790172692092083350,100047,137053,0.000000,1,0
983,1,130980,145370,1790172692092330817,1790172692092486634,98813,155817,0.000000,1,0
984,1,128201,142731,1790172692092730518,1790172692092876219,102579,145701,0.000000,1,0
985,1,128710,143170,1790172692093124638,1790172692093260184,99044,135546,0.000000,1,0
986,1,130980,145350,1790172692093507188,1790172692093649709,102110,142521,0.000000,1,0
987,1,130770,145730,1790172692093904439,1790172692094041454,100715,137015,0.783271,1,1
988,1,138340,152920,1790172692094297229,1790172692094425079,99741,127850,0.786544,1,1
989,1,129201,142971,1790172692094670751,1790172692094846813,101088,176062,0.000000,1,0
990,1,130480,144930,1790172692095096021,1790172692095228108,102163,132087,0.000000,1,0
991,1,129480,143980,1790172692095476191,1790172692095644313,99339,168122,0.000000,1,0
992,1,147810,172120,1790172692095908592,1790172692096023978,103564,115386,0.793551,1,1
993,1,138360,152980,1790172692096284142,1790172692096407333,98969,123191,0.792608,1,1
994,1,131390,146330,1790172692096657512,1790172692096828567,102596,171055,0.000000,1,0
995,1,128440,143310,1790172692097078653,1790172692097212242,102641,133589,0.000000,1,0
996,1,128331,142931,1790172692097460324,1790172692097588777,101507,128453,0.792235,1,1
997,1,126761,142591,1790172692097833545,1790172692097969862,100493,136317,0.000000,1,0
998,1,127530,142080,1790172692098214635,1790172692098352137,108308,137502,0.783929,1,1
999,1,127580,141950,1790172692098604785,1790172692098734072,101334,129287,0.000000,1,0
1000,2,270200,140700,1790172692099123236,1790172692099113677,99139,0,0.000000,1,0
1001,1,125510,140080,1790172692099355056,1790172692099501182,99955,146126,0.000000,1,0
1002,1,126630,141090,1790172692099744137,1790172692099878827,102680,134690,0.000000,1,0
1003,1,127800,142430,1790172692100127217,1790172692100261232,100915,134015,0.000000,1,0
1004,1,130301,144632,1790172692100508668,1790172692100648646,100443,139978,0.000000,1,0
1005,1,135880,150880,1790172692100905879,1790172692101407026,101764,501147,0.544291,1,1
1006,1,131130,145560,1790172692101657600,1790172692101786671,107149,129071,0.789791,1,1
1007,1,130920,146360,1790172692102047200,1790172692102205526,100614,158326,0.767224,1,1
1008,1,131740,146070,1790172692102454480,1790172692102592240,100871,137760,0.783429,1,1
1009,1,644344,729533,1790172707122104413,1790172707121781568,323055,0,0.000000,1,0
1010,1,433326,479425,1790172707122650808,1790172707122393609,257309,0,0.000000,1,0
1011,1,305849,350878,1790172707123023206,1790172707122847713,175573,0,0.000000,1,0
1012,3,741223,231938,1790172707123828388,1790172707123715432,153896,0,0.625537,1,1
1013,1,179288,198898,1790172707124068466,1790172707124134856,110848,66390,0.000000,1,0
1014,1,177079,196008,1790172707124444643,1790172707124567141,96300,122498,0.000000,1,0
1015,1,155129,177539,1790172707124837839,1790172707124998275,96212,160436,0.000000,1,0
1016,1,160168,176238,1790172707125277805,1790172707125434639,93634,156834,0.000000,1,0
1017,1,156478,171308,1790172707125701971,1790172707125873923,94607,171952,0.000000,1,0
1018,1,143848,159168,1790172707126130788,1790172707126329427,96019,198639,0.742438,1,1
1019,1,141118,156368,1790172707126583844,1790172707126774511,93051,190667,0.000000,1,0
1020,1,139468,154608,1790172707127024880,1790172707127217226,89842,192346,0.000000,1,0
1021,1,144258,159638,1790172707127468536,1790172707127648440,92704,179904,0.000000,1,0
1022,1,141328,156938,1790172707127899712,1790172707128077724,97606,178012,0.000000,1,0
1023,1,145888,160668,1790172707128338768,1790172707128513868,92328,175100,0.000000,1,0
1024,1,143448,157898,1790172707128766524,1790172707128950213,95830,183689,0.754412,1,1
1025,1,139269,154958,1790172707129204442,1790172707129380517,93572,176075,0.000000,1,0
1026,1,141709,156988,1790172707129633228,1790172707129823151,93494,189923,0.749517,1,1
1027,1,140139,155738,1790172707130074224,1790172707130255315,98446,181091,0.755976,1,1
1028,1,142709,157719,1790172707130513380,1790172707130689569,93688,176189,0.000000,1,0
1029,1,138589,153949,1790172707130939076,1790172707131124454,91029,185378,0.754351,1,1
1030,2,300647,155498,1790172707131533670,1790172707131554698,93761,21028,0.000000,1,0
1031,2,287919,152599,1790172707131954338,1790172707131983792,100404,29454,0.000000,1,0
1032,1,140009,154659,1790172707132241335,1790172707132414016,92827,172681,0.000000,1,0
1033,1,143829,158169,1790172707132667121,1790172707132841701,93948,174580,0.000000,1,0
1034,1,141488,156758,1790172707133095087,1790172707133670790,95741,575703,0.000000,1,0
1035,1,142529,157949,1790172707133927660,1790172707134482379,96585,554719,0.519914,1,1
1036,1,141758,157058,1790172707134738452,1790172707134909713,99768,171261,0.763238,1,1
1037,1,142058,157378,1790172707135171399,1790172707135341898,95579,170499,0.000000,1,0
1038,1,142909,158088,1790172707135598086,1790172707135771872,96751,173786,0.000000,1,0
1039,1,140209,155999,1790172707136028302,1790172707136200546,92513,172244,0.000000,1,0
1040,1,146119,161429,1790172707136456768,1790172707136637301,95994,180533,0.000000,1,0
1041,1,151789,167399,1790172707136902114,1790172707137066365,93576,164251,0.000000,1,0
1042,1,140889,156159,1790172707137318260,1790172707137494509,93939,176249,0.758421,1,1
1043,1,143609,158209,1790172707137748826,1790172707137921484,95291,172658,0.000000,1,0
1044,1,139788,155058,1790172707138174423,1790172707138352318,98153,177895,0.000000,1,0
1045,1,142438,156788,1790172707138609889,1790172707138787652,95295,177763,0.000000,1,0
1046,1,145768,160268,1790172707139046085,1790172707139601691,93388,555606,0.000000,1,0
1047,1,144909,159509,1790172707139857098,1790172707140033576,95000,176478,0.759331,1,1
1048,1,142789,157349,1790172707140288514,1790172707140477540,94742,189026,0.000000,1,0
1049,1,142229,156529,1790172707140731790,1790172707140908864,94475,177074,0.000000,1,0
1050,1,141279,155899,1790172707141161917,1790172707141341168,94227,179251,0.757118,1,1
1051,2,296027,152069,1790172707141748072,1790172707141771993,96478,23921,0.000000,1,0
1052,1,138778,152988,1790172707142024659,1790172707142178157,94980,153498,0.000000,1,0
1053,1,148179,162488,1790172707142438016,1790172707142608761,94332,170745,0.000000,1,0
1054,1,142169,157189,1790172707142862262,1790172707143036386,97903,174124,0.759172,1,1
1055,1,141179,156189,1790172707143292778,1790172707143468540,93775,175762,0.000000,1,0
1056,1,141359,157169,1790172707143720954,1790172707143897734,93219,176780,0.759204,1,1
1057,1,141319,156429,1790172707144149741,1790172707144718744,94841,569003,0.000000,1,0
1058,1,143259,162398,1790172707144974414,1790172707145533743,94945,559329,0.000000,1,0
1059,1,141578,157308,1790172707145788266,1790172707145964287,93307,176021,0.000000,1,0
1060,2,310847,162459,1790172707146385791,1790172707146393431,95839,7640,0.895980,1,1
1061,1,138979,153198,1790172707146644829,1790172707146818986,93271,174157,0.000000,1,0
1062,1,138239,153389,1790172707147069186,1790172707147246900,100583,177714,0.000000,1,0
1063,1,145029,159479,1790172707147509622,1790172707148059579,99587,549957,0.522824,1,1
1064,1,140458,155768,1790172707148318284,1790172707148486424,94018,168140,0.000000,1,0
1065,1,150358,164638,1790172707148748040,1790172707149316893,97771,568853,0.511784,1,1
1066,1,143619,158849,1790172707149576283,1790172707149743287,95064,167004,0.000000,1,0
1067,1,139360,154530,1790172707149998680,1790172707150169311,93257,170631,0.000000,1,0
1068,1,145548,159928,1790172707150424586,1790172707150600676,95148,176090,0.000000,1,0
1069,1,143988,158968,1790172707150856312,1790172707151029800,97040,173488,0.758839,1,1
1070,1,140828,155508,1790172707151288428,1790172707151457664,96522,169236,0.000000,1,0
1071,1,142379,156668,1790172707151713145,1790172707151887109,97983,173964,0.000000,1,0
1072,1,142219,157129,1790172707152144721,1790172707152319843,93325,175122,0.000000,1,0
1073,1,141609,156119,1790172707152571427,1790172707152752567,94957,181140,0.000000,1,0
1074,1,145980,160650,1790172707153014034,1790172707153177792,93799,163758,0.000000,1,0
1075,1,145159,159589,1790172707153434180,1790172707154372186,99075,938006,0.000000,1,0
1076,1,140319,154869,1790172707154630449,1790172707154796830,95957,166381,0.000000,1,0
1077,1,137348,152848,1790172707155048425,1790172707155220875,95078,172450,0.000000,1,0
1078,1,139499,154708,1790172707155473762,1790172707155645099,92200,171337,0.762512,1,1
1079,1,138750,154130,1790172707155893549,1790172707156069093,96383,175544,0.759424,1,1
1080,1,139379,155589,1790172707156325445,1790172707156890162,98297,564717,0.000000,1,0
1081,1,143578,159348,1790172707157150377,1790172707157321037,94098,170660,0.000000,1,0
1082,1,142408,157768,1790172707157575623,1790172707157750151,94520,174528,0.000000,1,0
1083,1,143439,158068,1790172707158011680,1790172707158176455,95632,164775,0.768138,1,1
1084,1,145829,160879,1790172707158434906,1790172707158604430,95553,169524,0.000000,1,0
1085,1,147479,163210,1790172707158864092,1790172707159031454,96446,167362,0.000000,1,0
1086,2,294598,154598,1790172707159440288,1790172707159456658,94549,16370,0.891733,1,1
1087,1,136909,151669,1790172707159705085,1790172707159881333,97150,176248,0.000000,1,0
1088,1,138128,152768,1790172707160134031,1790172707160284107,94422,150076,0.780214,1,1
1089,1,142269,156788,1790172707160537328,1790172707160715581,92734,178253,0.000000,1,0
1090,1,142319,157439,1790172707160967884,1790172707161140876,96515,172992,0.000000,1,0
1091,1,147319,162979,1790172707161414160,1790172707161563290,93347,149130,0.000000,1,0
1092,1,142769,157529,1790172707161817086,1790172707161988235,95400,171149,0.000000,1,0
1093,2,295768,153979,1790172707162396972,1790172707162411139,95832,14167,0.000000,1,0
1094,1,140948,155538,1790172707162665069,1790172707162832503,94534,167434,0.000000,1,0
1095,1,138359,152948,1790172707163083446,1790172707163255838,103955,172392,0.000000,1,0
1096,2,291797,148809,1790172707163668270,1790172707163678092,93777,9822,0.899623,1,1
1097,1,137839,153159,1790172707163926548,1790172707164493521,94291,566973,0.514618,1,1
1098,1,140349,154908,1790172707164745051,1790172707164922836,98153,177785,0.000000,1,0
1099,1,143899,159228,1790172707165183728,1790172707165357750,95115,174022,0.000000,1,0
1100,1,142599,157899,1790172707165612914,1790172707166558384,95700,945470,0.000000,1,0
1101,1,143309,159589,1790172707166821213,1790172707166987588,95002,166375,0.000000,1,0
1102,2,303127,158958,1790172707167405627,1790172707167415323,95143,9696,0.896023,1,1
1103,1,143589,158859,1790172707167671275,1790172707167842417,95977,171142,0.000000,1,0
1104,1,141129,155759,1790172707168098542,1790172707168278381,92849,179839,0.000000,1,0
1105,1,142618,157228,1790172707168530688,1790172707168708646,92110,177958,0.000000,1,0
1106,1,139778,155988,1790172707168957624,1790172707169137830,95712,180206,0.756157,1,1
1107,1,151558,167468,1790172707169402430,1790172707169562834,94814,160404,0.000000,1,0
1108,1,139989,154928,1790172707169815397,1790172707169990559,96525,175162,0.000000,1,0
1109,1,140609,156269,1790172707170246343,1790172707170806188,98270,559845,0.000000,1,0
1110,1,140778,155278,1790172707171063276,1790172707171235542,97532,172266,0.000000,1,0
1111,1,147698,162168,1790172707171497182,1790172707172048781,95775,551599,0.000000,1,0
1112,2,299388,155318,1790172707172461554,1790172707172475846,95917,14292,0.892777,1,1
1113,1,138619,153109,1790172707172727141,1790172707172901700,96259,174559,0.000000,1,0
1114,1,140288,154998,1790172707173156037,1790172707173332224,95681,176187,0.000000,1,0
1115,1,139578,154178,1790172707173584223,1790172707173757899,98882,173676,0.762184,1,1
1116,1,141780,156489,1790172707174015391,1790172707174184953,95195,169562,0.763566,1,1
1117,1,143179,157709,1790172707174440327,1790172707174613288,95406,172961,0.000000,1,0
1118,1,155569,170539,1790172707174881063,1790172707175038272,95608,157209,0.000000,1,0
1119,1,140679,155439,1790172707175291939,1790172707175467986,94371,176047,0.000000,1,0
1120,1,143129,157529,1790172707175722125,1790172707175894561,95092,172436,0.000000,1,0
1121,1,140649,156339,1790172707176148741,1790172707176337625,103734,188884,0.000000,1,0
1122,1,145919,161369,1790172707176607347,1790172707177161554,96338,554207,0.519026,1,1
1123,1,145079,160559,1790172707177421611,1790172707177591378,93180,169767,0.000000,1,0
1124,1,142279,161929,1790172707177844307,1790172707178022562,96302,178255,0.000000,1,0
1125,1,140479,156319,1790172707178276703,1790172707178847441,95076,570738,0.511837,1,1
1126,1,145458,160658,1790172707179106625,1790172707179282186,93947,175561,0.000000,1,0
1127,2,300907,152269,1790172707179694880,1790172707179710960,93249,16080,0.000000,1,0
1128,1,137880,153850,1790172707179958849,1790172707180145144,92412,186295,0.753237,1,1
1129,1,144049,159059,1790172707180398115,1790172707180569809,96053,171694,0.000000,1,0
1130,1,139889,154239,1790172707180822291,1790172707181001023,94235,178732,0.000000,1,0
1131,1,140949,155589,1790172707181253947,1790172707181431737,94767,177790,0.000000,1,0
1132,1,142239,153199,1790172707181685033,1790172707181863202,92749,178169,0.000000,1,0
1133,1,141689,152309,1790172707182110859,1790172707182300996,94061,190137,0.748850,1,1
1134,1,143279,154549,1790172707182553035,1790172707182730570,93663,177535,0.757785,1,1
1135,2,299488,150149,1790172707183136481,1790172707183163474,98736,26993,0.000000,1,0
1136,1,140548,151148,1790172707183415668,1790172707183589379,93877,173711,0.000000,1,0
1137,1,139979,150908,1790172707183837245,1790172707184016063,95119,178818,0.000000,1,0
1138,1,141199,151929,1790172707184265791,1790172707184449147,96311,183356,0.000000,1,0
1139,1,143039,153719,1790172707184701747,1790172707184879592,96842,177845,0.757549,1,1
1140,1,142279,152859,1790172707185131933,1790172707185313786,93754,181853,0.000000,1,0
1141,1,145579,160519,1790172707185571849,1790172707185744950,95596,173101,0.761416,1,1
1142,1,140820,155700,1790172707186002926,1790172707186175054,99889,172128,0.000000,1,0
1143,2,303898,153558,1790172707186595661,1790172707186603429,95591,7768,0.000000,1,0
1144,1,143639,162509,1790172707186860028,1790172707187028513,101393,168485,0.000000,1,0
1145,1,140388,154918,1790172707187288714,1790172707187456807,94335,168093,0.000000,1,0
1146,1,139258,154488,1790172707187706980,1790172707188277146,95858,570166,0.000000,1,0
1147,1,144979,159419,1790172707188535293,1790172707188705041,94610,169748,0.000000,1,0
1148,1,144300,160230,1790172707188960840,1790172707189132815,94953,171975,0.000000,1,0
1149,1,148888,165088,1790172707189394206,1790172707189562059,93385,167853,0.762566,1,1
1150,1,139308,154488,1790172707189812032,1790172707189992424,98656,180392,0.000000,1,0
1151,1,138498,153738,1790172707190247288,1790172707190400298,94798,153010,0.777994,1,1
1152,1,141059,156699,1790172707190653245,1790172707190827642,97270,174397,0.000000,1,0
1153,1,139009,154179,1790172707191082251,1790172707191257657,99611,175406,0.000000,1,0
1154,2,295848,149758,1790172707191670246,1790172707191696441,95233,26195,0.000000,1,0
1155,1,139480,155510,1790172707191947884,1790172707192124615,95197,176731,0.000000,1,0
1156,1,153749,168789,1790172707192390370,1790172707192557680,96428,167310,0.000000,1,0
1157,1,143418,157608,1790172707192814246,1790172707192985304,96950,171058,0.000000,1,0
1158,1,147398,163268,1790172707193248292,1790172707193418718,94322,170426,0.757633,1,1
1159,1,139628,154158,1790172707193669378,1790172707194234787,100065,565409,0.000000,1,0
1160,1,145649,159959,1790172707194498611,1790172707195045497,95439,546886,0.522875,1,1
1161,1,140589,154979,1790172707195299735,1790172707195473621,93841,173886,0.000000,1,0
1162,1,140509,155059,1790172707195724601,1790172707195898925,94863,174324,0.761674,1,1
1163,2,297158,151658,1790172707196308096,1790172707196330670,101374,22574,0.000000,1,0
1164,1,140009,154219,1790172707196588693,1790172707196758874,97107,170181,0.764948,1,1
1165,1,139559,154649,1790172707197016479,1790172707197163339,93578,146860,0.000000,1,0
1166,1,146358,161308,1790172707197422775,1790172707197591813,95050,169038,0.000000,1,0
1167,1,137389,166158,1790172707197841712,1790172707198029317,96633,187605,0.000000,1,0
1168,1,141059,156458,1790172707198285059,1790172707198460321,95235,175262,0.000000,1,0
1169,1,143679,159059,1790172707198716665,1790172707198890326,93616,173661,0.000000,1,0
1170,1,145429,160529,1790172707199147351,1790172707199319890,96758,172539,0.761202,1,1
1171,1,140769,156219,1790172707199575577,1790172707199745974,95371,170397,0.764040,1,1
1172,2,296448,153799,1790172707200159432,1790172707200167369,94512,7937,0.000000,1,0
1173,2,298227,151309,1790172707200578078,1790172707201349743,95848,771665,0.000000,1,0
1174,2,296907,154369,1790172707201761348,1790172707201769658,94119,8310,0.000000,1,0
1175,1,140259,154859,1790172707202021966,1790172707202189342,93541,167376,0.000000,1,0
1176,1,146079,161339,1790172707202445632,1790172707202612387,93803,166755,0.000000,1,0
1177,2,295408,152209,1790172707203018247,1790172707203033971,98035,15724,0.000000,1,0
1178,2,290497,151549,1790172707203439393,1790172707203467825,94707,28432,0.000000,1,0
1179,1,135868,150118,1790172707203715070,1790172707203888570,94599,173500,0.764054,1,1
1180,1,140009,154568,1790172707204140208,1790172707204315824,93531,175616,0.757535,1,1
1181,1,143589,158569,1790172707204569404,1790172707204744238,94633,174834,0.760153,1,1
1182,1,140449,155259,1790172707205000110,1790172707205166193,98504,166083,0.766510,1,1
1183,1,144109,158699,1790172707205425846,1790172707205589207,95047,163361,0.766803,1,1
1184,1,138199,156089,1790172707205839732,1790172707206010622,94018,170890,0.000000,1,0
1185,1,141248,155598,1790172707206262528,1790172707206433676,95390,171148,0.762154,1,1
1186,1,140699,155448,1790172707206689025,1790172707206855150,96523,166125,0.000000,1,0
1187,1,138689,153139,1790172707207107692,1790172707207283915,98294,176223,0.000000,1,0
1188,1,142689,156929,1790172707207541578,1790172707207715679,92876,174101,0.000000,1,0
1189,2,296178,152068,1790172707208121873,1790172707208140653,93319,18780,0.000000,1,0
1190,1,143529,158139,1790172707208394290,1790172707208563548,94380,169258,0.000000,1,0
1191,1,145208,158839,1790172707208821196,1790172707208987332,93892,166136,0.000000,1,0
1192,1,141788,164438,1790172707209241472,1790172707209413326,96634,171854,0.761896,1,1
1193,2,295157,151309,1790172707209822507,1790172707209813911,93716,0,0.000000,1,0
1194,1,139979,155139,1790172707210065596,1790172707210238585,103098,172989,0.000000,1,0
1195,1,145219,160309,1790172707210504182,1790172707210657980,92860,153798,0.000000,1,0
1196,1,141378,156728,1790172707210910038,1790172707211078844,95022,168806,0.763887,1,1
1197,1,142098,157048,1790172707211335924,1790172707211885433,97836,549509,0.521738,1,1
1198,1,138859,154219,1790172707212140837,1790172707212312778,93557,171941,0.000000,1,0
1199,1,141858,156978,1790172707212565443,1790172707212737772,94549,172329,0.000000,1,0
1200,1,148089,163429,1790172707212997300,1790172707213162146,101982,164846,0.000000,1,0
1201,1,145908,160578,1790172707213427406,1790172707213586151,97713,158745,0.771015,1,1
1202,1,137769,156659,1790172707213838223,1790172707214386330,95437,548107,0.000000,1,0
1203,1,148068,162428,1790172707214647275,1790172707214808425,97648,161150,0.766648,1,1
1204,1,144309,158918,1790172707215067462,1790172707215234099,92010,166637,0.000000,1,0
1205,1,148289,162669,1790172707215491068,1790172707215660573,91962,169505,0.000000,1,0
1206,1,142460,157270,1790172707215911515,1790172707216490412,96297,578897,0.507631,1,1
1207,2,302127,156659,1790172707216906026,1790172707216897097,94648,0,0.911687,1,1
1208,1,141409,156709,1790172707217150364,1790172707218104741,94263,954377,0.000000,1,0
1209,2,306477,156158,1790172707218523301,1790172707218532055,93095,8754,0.000000,1,0
1210,1,140929,155239,1790172707218782639,1790172707218964770,93427,182131,0.000000,1,0
1211,1,144869,159879,1790172707219220206,1790172707219393394,95100,173188,0.758437,1,1
1212,1,140449,154849,1790172707219645602,1790172707219821868,96562,176266,0.000000,1,0
1213,1,143239,158579,1790172707220080128,1790172707220246713,103523,166585,0.766127,1,1
1214,1,146348,161408,1790172707220514404,1790172707220674977,93505,160573,0.769752,1,1
1215,1,140219,155858,1790172707220925981,1790172707221104741,91947,178760,0.000000,1,0
1216,1,150669,166228,1790172707221364927,1790172707221533506,94088,168579,0.000000,1,0
1217,1,142849,158389,1790172707221787983,1790172707221963230,95261,175247,0.000000,1,0
1218,3,454136,151399,1790172707222530977,1790172707223160034,95656,629057,0.483560,1,1
1219,1,142609,158289,1790172707223416419,1790172707223584259,94458,167840,0.000000,1,0
1220,1,138979,153549,1790172707223835195,1790172707223990703,96220,155508,0.775624,1,1
1221,1,140078,154588,1790172707224244761,1790172707224419258,95691,174497,0.760821,1,1
1222,1,141199,155648,1790172707224673348,1790172707224845852,96414,172504,0.000000,1,0
1223,1,142509,157219,1790172707225102715,1790172707225274806,96636,172091,0.000000,1,0
1224,1,141709,156999,1790172707225530091,1790172707225698991,94397,168900,0.000000,1,0
1225,1,139849,155509,1790172707225949697,1790172707226122255,95180,172558,0.000000,1,0
1226,2,305398,153129,1790172707226539462,1790172707226543049,94442,3587,0.903809,1,1
1227,1,137438,151858,1790172707226791659,1790172707226964334,94993,172675,0.000000,1,0
1228,1,139859,154158,1790172707227216496,1790172707227387998,93625,171502,0.000000,1,0
1229,1,139199,154259,1790172707227641012,1790172707227812433,93167,171421,0.000000,1,0
1230,2,293287,150028,1790172707228216697,1790172707228240647,101929,23950,0.000000,1,0
1231,1,141019,155349,1790172707228500105,1790172707228665751,94412,165646,0.000000,1,0
1232,1,138679,153819,1790172707228916141,1790172707229089066,95193,172925,0.000000,1,0
1233,1,148318,163108,1790172707229349457,1790172707229519100,98835,169643,0.758035,1,1
1234,1,140248,155088,1790172707229774973,1790172707229959834,93867,184861,0.752920,1,1
1235,1,139068,153578,1790172707230210279,1790172707230395888,96249,185609,0.000000,1,0
1236,1,140378,155908,1790172707230648955,1790172707230821093,98321,172138,0.000000,1,0
1237,1,148698,163858,1790172707231086982,1790172707231248767,101673,161785,0.000000,1,0
1238,1,142599,157788,1790172707231510389,1790172707232057356,93767,546967,0.000000,1,0
1239,2,299207,156159,1790172707232468420,1790172707232480951,95588,12531,0.000000,1,0
1240,2,305267,165639,1790172707232899116,1790172707232904435,93830,5319,0.000000,1,0
1241,1,139019,154389,1790172707233154984,1790172707233715524,96894,560540,0.000000,1,0
1242,1,141109,157719,1790172707233971417,1790172707234139989,95306,168572,0.000000,1,0
1243,1,148888,163378,1790172707234401623,1790172707234566993,95778,165370,0.000000,1,0
1244,2,290747,151578,1790172707234970138,1790172707234993038,94289,22900,0.000000,1,0
1245,1,138349,152919,1790172707235242636,1790172707235421422,96151,178786,0.000000,1,0
1246,1,139279,153789,1790172707235673622,1790172707235846156,95603,172534,0.000000,1,0
1247,1,139209,153829,1790172707236099368,1790172707236282451,98244,183083,0.000000,1,0
1248,1,146359,160809,1790172707236543834,1790172707236708405,95427,164571,0.000000,1,0
1249,1,138359,154659,1790172707236958961,1790172707237131969,95950,173008,0.000000,1,0
1250,1,149538,165998,1790172707237397017,1790172707237557274,94831,160257,0.000000,1,0
1251,1,140849,155458,1790172707237811274,1790172707237982128,95613,170854,0.764031,1,1
1252,1,141489,155889,1790172707238237090,1790172707238790967,98487,553877,0.520013,1,1
1253,1,142388,157148,1790172707239049162,1790172707239218911,94579,169749,0.000000,1,0
1254,1,142288,156808,1790172707239472578,1790172707239643686,95680,171108,0.000000,1,0
1255,1,140590,155530,1790172707239896506,1790172707240448385,97785,551879,0.521331,1,1
1256,1,140868,155288,1790172707240704288,1790172707240871679,97017,167391,0.000000,1,0
1257,1,138629,153358,1790172707241124765,1790172707241317093,94809,192328,0.000000,1,0
1258,1,142058,156538,1790172707241571150,1790172707241743988,97590,172838,0.761910,1,1
1259,1,144118,159508,1790172707242016216,1790172707242165922,94372,149706,0.000000,1,0
1260,1,149919,164639,1790172707242428933,1790172707242588727,94403,159794,0.000000,1,0
1261,1,137749,157699,1790172707242839589,1790172707243391776,100078,552187,0.522301,1,1
1262,1,145189,161148,1790172707243656193,1790172707243816050,94760,159857,0.000000,1,0
1263,1,138289,153549,1790172707244066539,1790172707244239145,101521,172606,0.763275,1,1
1264,2,301057,152558,1790172707244659733,1790172707244667159,92864,7426,0.899390,1,1
1265,1,138429,154319,1790172707244915891,1790172707245467189,97106,551298,0.000000,1,0
1266,2,293617,151659,1790172707245876362,1790172707245885773,94250,9411,0.000000,1,0
1267,1,139299,153609,1790172707246135991,1790172707246689762,98213,553771,0.000000,1,0
1268,1,138709,154149,1790172707246944084,1790172707247109037,94254,164953,0.000000,1,0
1269,1,146779,161329,1790172707247367590,1790172707247530751,94907,163161,0.000000,1,0
1270,1,139329,153709,1790172707247782336,1790172707247953646,98068,171310,0.000000,1,0
1271,1,138878,153638,1790172707248210912,1790172707248375050,95750,164138,0.000000,1,0
1272,1,140719,155348,1790172707248628459,1790172707248808004,96033,179545,0.000000,1,0
1273,1,143419,158258,1790172707249064476,1790172707249220619,95004,156143,0.000000,1,0
1274,1,142399,157079,1790172707249475082,1790172707250019888,96168,544806,0.525676,1,1
1275,1,139049,153698,1790172707250272665,1790172707250441963,98509,169298,0.000000,1,0
1276,1,143079,157929,1790172707250700201,1790172707250864847,94001,164646,0.000000,1,0
1277,1,139079,153649,1790172707251114747,1790172707251295641,94024,180894,0.000000,1,0
1278,1,143279,157599,1790172707251549553,1790172707251721596,95075,172043,0.761917,1,1
1279,1,136580,152010,1790172707251970300,1790172707252145600,103008,175300,0.760951,1,1
1280,1,147468,161838,1790172707252412806,1790172707252568875,92919,156069,0.000000,1,0
1281,1,138639,152398,1790172707252816903,1790172707252989479,96241,172576,0.000000,1,0
1282,1,137959,160809,1790172707253242079,1790172707253414823,94363,172744,0.000000,1,0
1283,1,142509,157699,1790172707253669575,1790172707253836558,94914,166983,0.765706,1,1
1284,1,138339,153549,1790172707254087821,1790172707254258202,100667,170381,0.000000,1,0
1285,2,291628,150009,1790172707254667516,1790172707255068241,93021,400725,0.000000,1,0
1286,1,139509,154449,1790172707255318661,1790172707255488446,95653,169785,0.000000,1,0
1287,1,139079,153279,1790172707255740327,1790172707255907370,96405,167043,0.767754,1,1
1288,1,138398,153418,1790172707256160123,1790172707256331875,94056,171752,0.763596,1,1
1289,1,140538,154878,1790172707256583789,1790172707256762159,97258,178370,0.000000,1,0
1290,1,149158,164588,1790172707257026315,1790172707257197073,96900,170758,0.000000,1,0
1291,1,142709,153278,1790172707257453792,1790172707258013002,96095,559210,0.000000,1,0
1292,1,146328,160028,1790172707258269135,1790172707258441747,97586,172612,0.000000,1,0
1293,1,140988,151738,1790172707258695921,1790172707258868021,95888,172100,0.763390,1,1
1294,1,141968,152898,1790172707259119437,1790172707259307475,94080,188038,0.000000,1,0
1295,1,142709,153188,1790172707259556924,1790172707259736180,98111,179256,0.000000,1,0
1296,1,145949,157398,1790172707259993000,1790172707260162674,95593,169674,0.762345,1,1
1297,1,143899,154589,1790172707260415406,1790172707260982453,95668,567047,0.000000,1,0
1298,1,139548,149338,1790172707261231769,1790172707261791752,94211,559983,0.000000,1,0
1299,1,141779,156499,1790172707262046582,1790172707262218177,94853,171595,0.763328,1,1
1300,1,142559,157299,1790172707262472758,1790172707262646451,95605,173693,0.000000,1,0
1301,2,291747,150189,1790172707263050773,1790172707263071346,95586,20573,0.889586,1,1
1302,1,138838,153748,1790172707263325560,1790172707263508680,95418,183120,0.000000,1,0
1303,1,138408,151978,1790172707263759416,1790172707263936464,95011,177048,0.000000,1,0
1304,1,145958,160408,1790172707264196413,1790172707264367498,93403,171085,0.000000,1,0
1305,1,141259,155629,1790172707264619110,1790172707264792033,112184,172923,0.761765,1,1
1306,1,144679,160288,1790172707265066746,1790172707265219607,93166,152861,0.777169,1,1
1307,1,143139,158459,1790172707265473752,1790172707266024446,94760,550694,0.000000,1,0
1308,1,141589,156818,1790172707266278205,1790172707266823696,94904,545491,0.524394,1,1
1309,1,141568,156068,1790172707267078078,1790172707267251130,100786,173052,0.000000,1,0
1310,1,144798,159188,1790172707267513394,1790172707267674984,94788,161590,0.000000,1,0
1311,1,138879,154609,1790172707267925361,1790172707268100359,99949,174998,0.000000,1,0
1312,1,149119,163539,1790172707268366957,1790172707268531073,94141,164116,0.000000,1,0
1313,1,141679,156219,1790172707268784033,1790172707268962747,93843,178714,0.000000,1,0
1314,1,140929,155839,1790172707269218329,1790172707269395571,96866,177242,0.757869,1,1
1315,2,293328,149819,1790172707269803164,1790172707269821266,95068,18102,0.000000,1,0
1316,1,140388,154819,1790172707270074562,1790172707270248970,101160,174408,0.000000,1,0
1317,1,143188,157708,1790172707270510108,1790172707270673504,92212,163396,0.768000,1,1
1318,2,301437,157079,1790172707271083783,1790172707271104199,91633,20416,0.000000,1,0
1319,1,143959,158418,1790172707271356511,1790172707271533733,94825,177222,0.000000,1,0
1320,1,139919,154939,1790172707271785747,1790172707271974597,94597,188850,0.000000,1,0
1321,1,140999,155389,1790172707272227293,1790172707272402772,95828,175479,0.000000,1,0
1322,1,139499,155339,1790172707272654799,1790172707272828926,92541,174127,0.000000,1,0
1323,1,139769,154429,1790172707273078586,1790172707273257690,100503,179104,0.000000,1,0
1324,2,298488,153618,1790172707273676191,1790172707273688145,93415,11954,0.000000,1,0
1325,1,138159,153189,1790172707273936328,1790172707274120609,96277,184281,0.000000,1,0
1326,1,143698,158068,1790172707274377284,1790172707274550033,102089,172749,0.000000,1,0
1327,1,140248,154448,1790172707274808700,1790172707274982157,97841,173457,0.000000,1,0
1328,2,302167,158229,1790172707275400785,1790172707275413472,94642,12687,0.000000,1,0
1329,1,138069,152528,1790172707275663773,1790172707276232641,94097,568868,0.000000,1,0
1330,1,144759,160039,1790172707276489866,1790172707276658455,94629,168589,0.764376,1,1
1331,1,141948,157968,1790172707276912262,1790172707277483484,96502,571222,0.000000,1,0
1332,1,151209,166459,1790172707277748745,1790172707277923109,96373,174364,0.000000,1,0
1333,1,142059,156649,1790172707278179381,1790172707278357073,94885,177692,0.757375,1,1
1334,1,141739,156219,1790172707278610647,1790172707278789767,94187,179120,0.000000,1,0
1335,1,144289,160409,1790172707279049044,1790172707279219381,95571,170337,0.763857,1,1
1336,1,143469,158129,1790172707279476150,1790172707279646626,93832,170476,0.000000,1,0
1337,1,141268,156758,1790172707279898476,1790172707280076680,94974,178204,0.000000,1,0
1338,2,303127,156169,1790172707280492741,1790172707280505684,93336,12943,0.000000,1,0
1339,1,137548,152048,1790172707280753198,1790172707280932629,95487,179431,0.000000,1,0
1340,1,136029,150718,1790172707281182645,1790172707281395823,101289,213178,0.000000,1,0
1341,2,291577,148219,1790172707281805609,1790172707281803887,98302,0,0.000000,1,0
1342,1,134329,149419,1790172707282053788,1790172707282227842,94313,174054,0.000000,1,0
1343,1,141769,156139,1790172707282480954,1790172707282655956,91845,175002,0.759142,1,1
1344,1,136019,150779,1790172707282900680,1790172707283081390,92218,180710,0.000000,1,0
1345,2,290188,153389,1790172707283481575,1790172707283507445,97599,25870,0.882339,1,1
1346,1,142089,156389,1790172707283764052,1790172707283935929,94781,171877,0.000000,1,0
1347,1,135458,150568,1790172707284183438,1790172707284371813,93583,188375,0.000000,1,0
1348,1,136968,151228,1790172707284619254,1790172707284814967,94766,195713,0.000000,1,0
1349,1,137408,151888,1790172707285064701,1790172707285220332,94677,155631,0.776121,1,1
1350,1,148559,163029,1790172707285480748,1790172707285649966,95699,169218,0.762719,1,1
1351,1,138689,154779,1790172707285901094,1790172707286843771,96843,942677,0.000000,1,0
1352,1,141299,156529,1790172707287100373,1790172707287665500,93157,565127,0.513050,1,1
1353,1,140570,155819,1790172707287917077,1790172707288090064,94620,172987,0.000000,1,0
1354,1,142109,157039,1790172707288344033,1790172707288519518,95792,175485,0.756029,1,1
1355,1,136569,150969,1790172707288768709,1790172707288949983,96833,181274,0.000000,1,0
1356,1,136939,152039,1790172707289204195,1790172707289383327,97245,179132,0.000000,1,0
1357,1,138569,152899,1790172707289636671,1790172707289811561,100418,174890,0.000000,1,0
1358,2,289438,145569,1790172707290219396,1790172707290239575,97860,20179,0.000000,1,0
1359,1,138519,153589,1790172707290492513,1790172707290661530,93381,169017,0.000000,1,0
1360,2,286858,146339,1790172707291058479,1790172707291085284,94224,26805,0.000000,1,0
1361,1,138899,153598,1790172707291335177,1790172707291511918,95306,176741,0.757020,1,1
1362,1,133659,148429,1790172707291757993,1790172707291939253,97097,181260,0.000000,1,0
1363,1,135079,149449,1790172707292188679,1790172707292366907,97099,178228,0.000000,1,0
1364,1,140319,155319,1790172707292620965,1790172707292790001,107211,169036,0.000000,1,0
1365,1,141339,156039,1790172707293055841,1790172707293212166,94733,156325,0.773587,1,1
1366,1,137658,151838,1790172707293461477,1790172707293634610,96805,173133,0.000000,1,0
1367,1,135069,150169,1790172707293883834,1790172707294059365,94287,175531,0.760099,1,1
1368,1,135249,149579,1790172707294305631,1790172707294481869,96579,176238,0.000000,1,0
1369,1,136589,151979,1790172707294731707,1790172707294903033,96041,171326,0.000000,1,0
1370,1,135779,150519,1790172707295154753,1790172707295709133,95194,554380,0.000000,1,0
1371,1,136929,151949,1790172707295958776,1790172707296129057,92826,170281,0.000000,1,0
1372,1,150489,164979,1790172707296389322,1790172707296561101,93158,171779,0.000000,1,0
1373,1,139939,155149,1790172707296812208,1790172707296992556,96110,180348,0.752919,1,1
1374,1,142279,157829,1790172707297248295,1790172707297426340,102522,178045,0.000000,1,0
1375,1,144129,158859,1790172707297689881,1790172707297857714,96095,167833,0.000000,1,0
1376,1,142389,158039,1790172707298115767,1790172707298298908,95787,183141,0.752710,1,1
1377,1,143369,158539,1790172707298555633,1790172707299113378,95259,557745,0.000000,1,0
1378,1,151259,166649,1790172707299379446,1790172707299541312,95951,161866,0.767270,1,1
1379,1,142839,158039,1790172707299797462,1790172707299975576,99264,178114,0.000000,1,0
1380,1,150159,165299,1790172707300244029,1790172707300405581,94996,161552,0.000000,1,0
1381,1,145969,160639,1790172707300663975,1790172707300833615,92888,169640,0.000000,1,0
1382,1,138588,154098,1790172707301083941,1790172707301266859,102820,182918,0.000000,1,0
1383,1,144368,159348,1790172707301531657,1790172707301695094,95271,163437,0.768760,1,1
1384,1,138558,154348,1790172707301945623,1790172707302123198,96553,177575,0.758671,1,1
1385,1,150248,165348,1790172707302387909,1790172707302549852,95625,161943,0.000000,1,0
1386,2,293648,153699,1790172707302955965,1790172707303364811,95440,408846,0.000000,1,0
1387,1,141038,155448,1790172707303619569,1790172707303788166,94831,168597,0.000000,1,0
1388,1,142418,158228,1790172707304045155,1790172707304218770,100133,173615,0.000000,1,0
1389,1,150398,165018,1790172707304486951,1790172707304652594,96625,165643,0.000000,1,0
1390,1,139839,154829,1790172707304905988,1790172707305080629,95056,174641,0.000000,1,0
1391,1,143309,158319,1790172707305336634,1790172707305508303,93298,171669,0.000000,1,0
1392,1,140449,154929,1790172707305758770,1790172707306326122,96453,567352,0.000000,1,0
1393,1,141768,156538,1790172707306582343,1790172707306753047,94534,170704,0.763168,1,1
1394,1,143359,158138,1790172707307012750,1790172707307184411,93876,171661,0.761202,1,1
1395,1,144649,159359,1790172707307440056,1790172707307611685,98978,171629,0.000000,1,0
1396,1,146789,161689,1790172707307874152,1790172707308039260,94779,165108,0.000000,1,0
1397,1,137959,153059,1790172707308288678,1790172707308481434,94611,192756,0.000000,1,0
1398,1,142349,156899,1790172707308734924,1790172707308909878,95315,174954,0.759917,1,1
1399,1,143259,158299,1790172707309169501,1790172707309341562,94937,172061,0.761324,1,1
1400,1,143219,158029,1790172707309597447,1790172707309772187,95288,174740,0.760076,1,1
1401,1,140258,155628,1790172707310025703,1790172707310201051,94970,175348,0.760768,1,1
1402,1,144388,160158,1790172707310457799,1790172707310626595,93652,168796,0.763299,1,1
1403,1,142569,158078,1790172707310880206,1790172707311053130,98423,172924,0.760547,1,1
1404,1,141189,155609,1790172707311309892,1790172707311490454,95365,180562,0.000000,1,0
1405,1,141749,156309,1790172707311744978,1790172707311923488,98228,178510,0.000000,1,0
1406,1,139269,154509,1790172707312179575,1790172707312354062,93050,174487,0.000000,1,0
1407,1,141359,156549,1790172707312605811,1790172707313170632,98933,564821,0.514700,1,1
1408,1,144788,160218,1790172707313432093,1790172707313597276,95395,165183,0.000000,1,0
1409,1,140449,156488,1790172707313851180,1790172707314026410,93717,175230,0.000000,1,0
1410,1,138949,153679,1790172707314276896,1790172707314457245,96818,180349,0.000000,1,0
1411,1,142539,156929,1790172707314713762,1790172707314883919,94491,170157,0.000000,1,0
1412,1,145149,159699,1790172707315141549,1790172707315315693,95103,174144,0.758558,1,1
1413,1,143689,158049,1790172707315571035,1790172707315748098,93395,177063,0.000000,1,0
1414,1,146589,161439,1790172707316010391,1790172707316176222,96757,165831,0.763672,1,1
1415,2,301297,154499,1790172707316591076,1790172707316601916,94679,10840,0.894941,1,1
1416,1,146368,161618,1790172707316860363,1790172707317029071,97460,168708,0.761346,1,1
1417,1,137699,152508,1790172707317282100,1790172707317453355,93932,171255,0.000000,1,0
1418,1,142149,157269,1790172707317706206,1790172707317880849,94145,174643,0.000000,1,0
1419,1,138769,153279,1790172707318131133,1790172707319081133,96350,950000,0.000000,1,0
1420,1,142889,157899,1790172707319340762,1790172707319513917,94792,173155,0.000000,1,0
1421,1,136919,151459,1790172707319762628,1790172707319944922,100783,182294,0.000000,1,0
1422,1,136079,151429,1790172707320201214,1790172707320372936,95356,171722,0.000000,1,0
1423,1,139048,154259,1790172707320624970,1790172707321182605,99580,557635,0.000000,1,0
1424,1,143299,158709,1790172707321444034,1790172707321614339,96962,170305,0.000000,1,0
1425,1,139269,154489,1790172707321867840,1790172707322037024,94644,169184,0.000000,1,0
1426,1,134789,149959,1790172707322284086,1790172707322459608,97466,175522,0.760548,1,1
1427,2,291977,151409,1790172707322866281,1790172707322879713,95687,13432,0.000000,1,0
1428,1,133119,148368,1790172707323126389,1790172707323308187,94339,181798,0.000000,1,0
1429,1,136499,151109,1790172707323556455,1790172707323728142,92160,171687,0.762413,1,1
1430,1,139710,156270,1790172707323977242,1790172707324155216,96223,177974,0.000000,1,0
1431,1,140409,155009,1790172707324408818,1790172707324579280,100866,170462,0.762917,1,1
1432,2,293298,157049,1790172707324990043,1790172707325004425,94237,14382,0.891429,1,1
1433,1,135318,150698,1790172707325251370,1790172707325428639,95539,177269,0.000000,1,0
1434,1,139158,153978,1790172707325680126,1790172707325855123,92641,174997,0.000000,1,0
1435,1,138699,153928,1790172707326103913,1790172707326286418,92872,182505,0.000000,1,0
1436,1,139959,154429,1790172707326535859,1790172707326712632,100814,176773,0.000000,1,0
1437,1,140210,155550,1790172707326970706,1790172707327135806,91787,165100,0.000000,1,0
1438,1,142869,157579,1790172707327387782,1790172707327558881,94719,171099,0.760578,1,1
1439,1,138029,152659,1790172707327808258,1790172707327985045,95171,176787,0.000000,1,0
1440,1,139408,154698,1790172707328237354,1790172707328410760,96932,173406,0.000000,1,0
1441,2,291637,146399,1790172707328816039,1790172707328839414,97134,23375,0.000000,1,0
1442,1,136059,150788,1790172707329090087,1790172707329269178,95096,179091,0.753749,1,1
1443,1,141949,156508,1790172707329523693,1790172707329694893,92307,171200,0.000000,1,0
1444,1,139250,154300,1790172707329943070,1790172707330121737,95130,178667,0.000000,1,0
1445,1,142979,157919,1790172707330376696,1790172707330547621,96662,170925,0.000000,1,0
1446,1,143319,157089,1790172707330804162,1790172707330975266,97544,171104,0.758398,1,1
1447,1,136889,151429,1790172707331228218,1790172707331399450,96336,171232,0.000000,1,0
1448,2,289617,149049,1790172707331802503,1790172707331823574,94198,21071,0.887864,1,1
1449,1,136069,151268,1790172707332071791,1790172707332244909,98429,173118,0.762017,1,1
1450,1,138189,153679,1790172707332498827,1790172707332664003,92311,165176,0.000000,1,0
1451,1,139810,155390,1790172707332915844,1790172707333096718,94223,180874,0.000000,1,0
1452,2,302068,156478,1790172707333509949,1790172707333522852,92836,12903,0.000000,1,0
1453,1,135799,150439,1790172707333768426,1790172707333953616,97148,185190,0.000000,1,0
1454,1,135469,150809,1790172707334204132,1790172707334375921,94139,171789,0.000000,1,0
1455,1,137798,152328,1790172707334625148,1790172707334800945,94541,175797,0.000000,1,0
1456,1,138619,153878,1790172707335051975,1790172707335224869,95003,172894,0.000000,1,0
1457,1,136689,151169,1790172707335473691,1790172707335645894,94754,172203,0.763412,1,1
1458,1,134660,150110,1790172707335892498,1790172707336067528,94727,175030,0.760944,1,1
1459,1,136479,151899,1790172707336316284,1790172707336493823,94899,177539,0.758663,1,1
1460,1,141119,155599,1790172707336747030,1790172707336925297,101041,178267,0.000000,1,0
1461,1,142679,157539,1790172707337187156,1790172707337354211,97533,167055,0.000000,1,0
1462,1,139488,154298,1790172707337608072,1790172707337777986,93944,169914,0.764956,1,1
1463,1,139329,154078,1790172707338029149,1790172707338211890,96956,182741,0.000000,1,0
1464,1,144469,158928,1790172707338469765,1790172707339033629,94691,563864,0.000000,1,0
1465,1,142799,157359,1790172707339289128,1790172707339462213,94153,173085,0.759909,1,1
1466,1,139228,154088,1790172707339712444,1790172707339890738,96004,178294,0.000000,1,0
1467,1,139888,154498,1790172707340144170,1790172707340327782,94816,183612,0.753334,1,1
1468,1,142308,156708,1790172707340581646,1790172707340756846,101578,175200,0.759735,1,1
1469,1,144998,159698,1790172707341021252,1790172707341183861,94689,162609,0.767569,1,1
1470,1,148129,162628,1790172707341443429,1790172707341613065,92791,169636,0.762222,1,1
1471,1,142349,158479,1790172707341864705,1790172707342045989,97834,181284,0.000000,1,0
1472,1,140639,156389,1790172707342304572,1790172707342483513,95806,178941,0.000000,1,0
1473,1,143249,158409,1790172707342740078,1790172707342914668,97557,174590,0.759233,1,1
1474,1,141969,157349,1790172707343172114,1790172707343345492,97760,173378,0.000000,1,0
1475,1,141329,156409,1790172707343601580,1790172707343776866,99652,175286,0.000000,1,0
1476,1,139849,154979,1790172707344033506,1790172707344179601,97593,146095,0.782410,1,1
1477,1,144638,159698,1790172707344438992,1790172707344610225,94625,171233,0.000000,1,0
1478,1,143719,159768,1790172707344865739,1790172707345039549,97318,173810,0.758172,1,1
1479,2,295127,156138,1790172707345450214,1790172707345467434,91989,17220,0.000000,1,0
1480,1,140729,155369,1790172707345716932,1790172707345895638,97401,178706,0.000000,1,0
1481,1,143769,159069,1790172707346154698,1790172707346326392,94094,171694,0.000000,1,0
1482,1,142529,157279,1790172707346580294,1790172707346759737,92405,179443,0.000000,1,0
1483,1,144119,161279,1790172707347018010,1790172707347585645,100709,567635,0.000000,1,0
1484,1,142699,161888,1790172707347848843,1790172707348019350,96961,170507,0.000000,1,0
1485,1,143959,158349,1790172707348277860,1790172707348449604,94843,171744,0.000000,1,0
1486,1,141349,155799,1790172707348702416,1790172707348879298,97395,176882,0.758452,1,1
1487,1,141629,156279,1790172707349135412,1790172707349310123,94996,174711,0.760448,1,1
1488,1,143609,158139,1790172707349565718,1790172707349739247,93919,173529,0.000000,1,0
1489,1,143919,158739,1790172707349993494,1790172707350167801,100321,174307,0.000000,1,0
1490,1,143748,158438,1790172707350429060,1790172707350595196,94152,166136,0.000000,1,0
1491,1,141268,159558,1790172707350847246,1790172707351021570,95025,174324,0.760570,1,1
1492,1,136549,151508,1790172707351269934,1790172707351447494,94957,177560,0.758672,1,1
1493,1,140949,155259,1790172707351700470,1790172707352266153,93781,565683,0.511550,1,1
1494,1,144188,158798,1790172707352521872,1790172707352689818,95242,167946,0.765208,1,1
1495,1,140478,156548,1790172707352941998,1790172707353119442,95804,177444,0.000000,1,0
1496,2,302497,153369,1790172707353535273,1790172707353545476,95946,10203,0.000000,1,0
1497,1,138549,153049,1790172707353796581,1790172707353976121,96298,179540,0.757617,1,1
1498,1,141409,156569,1790172707354231468,1790172707354407405,96370,175937,0.757368,1,1
1499,1,140659,156579,1790172707354662304,1790172707354837859,96682,175555,0.759651,1,1
1500,1,140999,156169,1790172707355092990,1790172707355271864,100703,178874,0.000000,1,0
1501,1,141369,156399,1790172707355530536,1790172707355699158,95326,168622,0.765553,1,1
1502,1,141239,156799,1790172707355952482,1790172707356129832,93358,177350,0.000000,1,0
1503,1,147568,162768,1790172707356388178,1790172707356560467,94409,172289,0.000000,1,0
1504,1,140188,154698,1790172707356812104,1790172707357378176,96493,566072,0.000000,1,0
1505,1,140729,156919,1790172707357633578,1790172707357800380,95616,166802,0.000000,1,0
1506,1,137359,152809,1790172707358051614,1790172707358226215,94697,174601,0.000000,1,0
1507,1,135818,150418,1790172707358474070,1790172707358649569,95959,175499,0.760707,1,1
1508,1,136338,154318,1790172707358899126,1790172707359075553,96511,176427,0.758892,1,1
1509,1,146199,161098,1790172707359337013,1790172707359890743,96205,553730,0.518813,1,1
1510,1,135849,150519,1790172707360141166,1790172707360323927,96877,182761,0.000000,1,0
1511,1,138728,153118,1790172707360576162,1790172707360751491,95039,175329,0.760130,1,1
1512,1,147598,162228,1790172707361017188,1790172707361185115,95591,167927,0.000000,1,0
1513,1,144888,159628,1790172707361442284,1790172707361619270,95162,176986,0.000000,1,0
1514,1,141619,157208,1790172707361872891,1790172707362049754,94344,176863,0.000000,1,0
1515,1,140929,155748,1790172707362303747,1790172707362483088,95616,179341,0.000000,1,0
1516,1,143629,158159,1790172707362738983,1790172707363321487,102610,582504,0.505968,1,1
1517,1,145819,160329,1790172707363588206,1790172707363751701,94313,163495,0.000000,1,0
1518,1,141899,157349,1790172707364019672,1790172707364570071,96915,550399,0.000000,1,0
1519,1,142939,158279,1790172707364827865,1790172707364982995,94458,155130,0.000000,1,0
1520,1,139039,154229,1790172707365234831,1790172707365415619,94570,180788,0.755924,1,1
1521,2,297558,151349,1790172707365826076,1790172707365853844,95922,27768,0.000000,1,0
1522,1,138149,152799,1790172707366106204,1790172707366288858,94514,182654,0.000000,1,0
1523,1,142118,156588,1790172707366542090,1790172707366719502,97406,177412,0.758679,1,1
1524,1,143728,160438,1790172707366977306,1790172707367146446,95458,169140,0.000000,1,0
1525,1,143708,158188,1790172707367402682,1790172707367962626,96080,559944,0.000000,1,0
1526,1,143909,159679,1790172707368221185,1790172707368389980,94033,168795,0.763275,1,1
1527,1,141939,156379,1790172707368643041,1790172707368814254,95276,171213,0.762254,1,1
1528,1,145508,161248,1790172707369073288,1790172707369614924,97259,541636,0.000000,1,0
1529,1,141489,157229,1790172707369870751,1790172707370420953,96372,550202,0.000000,1,0
1530,1,140209,154809,1790172707370675464,1790172707370841018,95583,165554,0.000000,1,0
1531,1,140359,155629,1790172707371094950,1790172707371271592,96916,176642,0.000000,1,0
1532,1,141499,156149,1790172707371527136,1790172707371695976,93748,168840,0.000000,1,0
1533,1,141709,156659,1790172707371947803,1790172707372097061,95340,149258,0.000000,1,0
1534,1,147799,162468,1790172707372356830,1790172707372522395,95992,165565,0.000000,1,0
1535,1,140079,154539,1790172707372774986,1790172707372953200,96593,178214,0.000000,1,0
1536,1,140469,155199,1790172707373207312,1790172707373386294,98025,178982,0.000000,1,0
1537,1,140479,154929,1790172707373642248,1790172707373815368,93817,173120,0.000000,1,0
1538,2,287448,148879,1790172707374213623,1790172707374240522,101280,26899,0.000000,1,0
1539,1,140599,155359,1790172707374499390,1790172707375047852,97833,548462,0.000000,1,0
1540,1,138879,153339,1790172707375303124,1790172707375474296,97415,171172,0.000000,1,0
1541,1,141409,156049,1790172707375730360,1790172707375896750,96578,166390,0.000000,1,0
1542,1,139109,154539,1790172707376150396,1790172707376324695,97119,174299,0.759726,1,1
1543,1,141528,156888,1790172707376581122,1790172707376752159,95911,171037,0.762916,1,1
1544,1,147248,162808,1790172707377018028,1790172707377181123,97133,163095,0.000000,1,0
1545,2,302577,156339,1790172707377598713,1790172707377605468,93354,6755,0.000000,1,0
1546,1,143909,160059,1790172707377859541,1790172707378026902,100697,167361,0.000000,1,0
1547,1,140969,156129,1790172707378288548,1790172707378451806,96859,163258,0.000000,1,0
1548,1,144029,158519,1790172707378710724,1790172707378879341,102901,168617,0.000000,1,0
1549,1,143709,159129,1790172707379143740,1790172707379304795,98093,161055,0.000000,1,0
1550,1,141748,156408,1790172707379561976,1790172707379732609,93295,170633,0.763360,1,1
1551,1,146448,162538,1790172707379989092,1790172707380539319,97258,550227,0.000000,1,0
1552,1,142669,157329,1790172707380796585,1790172707380955773,94141,159188,0.000000,1,0
1553,1,139938,154668,1790172707381207392,1790172707381381948,94042,174556,0.000000,1,0
1554,1,140369,154858,1790172707381633289,1790172707381805852,98584,172563,0.000000,1,0
1555,1,141419,155968,1790172707382063115,1790172707382228266,95756,165151,0.000000,1,0
1556,1,143419,158089,1790172707382483961,1790172707382652421,93187,168460,0.000000,1,0
1557,2,297388,154928,1790172707383060186,1790172707383076645,94120,16459,0.888884,1,1
1558,1,142979,157559,1790172707383330913,1790172707383506520,94341,175607,0.000000,1,0
1559,1,139188,153778,1790172707383756789,1790172707383932084,93434,175295,0.761590,1,1
1560,1,139078,153628,1790172707384181796,1790172707384356068,95406,174272,0.760860,1,1
1561,1,147208,161658,1790172707384615532,1790172707384778023,93927,162491,0.000000,1,0
1562,1,139759,154379,1790172707385029479,1790172707385202987,94559,173508,0.000000,1,0
1563,1,142589,153449,1790172707385457225,1790172707385625952,96250,168727,0.000000,1,0
1564,1,139519,151339,1790172707385874591,1790172707386047946,96833,173355,0.000000,1,0
1565,2,293187,153129,1790172707386450986,1790172707386473000,94285,22014,0.000000,1,0
1566,1,135778,146398,1790172707386715903,1790172707386893265,95137,177362,0.000000,1,0
1567,1,137609,148299,1790172707387139691,1790172707387320459,95659,180768,0.000000,1,0
1568,1,144459,155179,1790172707387573357,1790172707387744193,93601,170836,0.000000,1,0
1569,1,147209,159379,1790172707388000233,1790172707388169448,95562,169215,0.000000,1,0
1570,1,142699,153439,1790172707388420749,1790172707388595132,93905,174383,0.000000,1,0
1571,1,139099,149819,1790172707388842375,1790172707389017907,96466,175532,0.000000,1,0
1572,1,140258,151018,1790172707389268291,1790172707389441931,93978,173640,0.000000,1,0
1573,1,143458,158078,1790172707389697497,1790172707390628075,94684,930578,0.000000,1,0
1574,1,141909,157639,1790172707390883128,1790172707391050640,95945,167512,0.000000,1,0
1575,1,144779,159439,1790172707391309434,1790172707391477064,96897,167630,0.000000,1,0
1576,1,146139,160509,1790172707391736680,1790172707391880399,93909,143719,0.783333,1,1
1577,1,141578,156298,1790172707392133586,1790172707392305003,94751,171417,0.762238,1,1
1578,1,142608,157348,1790172707392561512,1790172707392738277,93493,176765,0.000000,1,0
1579,1,145790,161199,1790172707392994310,1790172707393547557,97767,553247,0.519202,1,1
1580,1,143198,157738,1790172707393806322,1790172707394731501,94902,925179,0.000000,1,0
1581,1,142179,157838,1790172707394986682,1790172707395152965,93564,166283,0.766711,1,1
1582,1,142949,158159,1790172707395406108,1790172707395575260,94115,169152,0.000000,1,0
1583,1,141259,155699,1790172707395827344,1790172707396000124,96958,172780,0.000000,1,0
1584,1,139919,154259,1790172707396254211,1790172707396422459,94020,168248,0.000000,1,0
1585,1,139219,153219,1790172707396676697,1790172707396851503,94902,174806,0.760973,1,1
1586,1,143498,159168,1790172707397108773,1790172707397284887,97784,176114,0.000000,1,0
1587,1,144488,159988,1790172707397544989,1790172707397715661,94836,170672,0.000000,1,0
1588,1,144608,160168,1790172707397972105,1790172707398144536,96287,172431,0.000000,1,0
1589,1,145659,160918,1790172707398403712,1790172707398571010,102319,167298,0.000000,1,0
1590,2,305608,161659,1790172707398996567,1790172707399006254,94592,9687,0.000000,1,0
1591,2,294257,154668,1790172707399412973,1790172707399428429,95393,15456,0.000000,1,0
1592,1,138819,153279,1790172707399680201,1790172707399853203,95536,173002,0.000000,1,0
1593,1,140589,154919,1790172707400106877,1790172707400287637,93828,180760,0.000000,1,0
1594,1,141799,156849,1790172707400540093,1790172707400720751,96920,180658,0.000000,1,0
1595,1,145978,161618,1790172707400980309,1790172707401529301,95512,548992,0.000000,1,0
1596,1,140489,155159,1790172707401782942,1790172707401956115,96036,173173,0.000000,1,0
1597,1,139839,155069,1790172707402210209,1790172707402767404,99159,557195,0.000000,1,0
1598,1,143039,158229,1790172707403028062,1790172707403193689,97660,165627,0.766457,1,1
1599,1,142669,157109,1790172707403450668,1790172707403622293,96472,171625,0.000000,1,0
1600,1,143039,158639,1790172707403879724,1790172707404046117,94585,166393,0.764658,1,1
1601,1,142269,156789,1790172707404299640,1790172707404482322,97596,182682,0.000000,1,0
1602,1,139849,154969,1790172707404736476,1790172707404909056,96149,172580,0.762604,1,1
1603,1,140228,154988,1790172707405162493,1790172707405336520,99821,174027,0.760160,1,1
1604,1,142368,156938,1790172707405595479,1790172707405762225,98242,166746,0.000000,1,0
1605,1,150668,165188,1790172707406028805,1790172707406189849,92234,161044,0.000000,1,0
1606,1,142969,157469,1790172707406441542,1790172707406617513,94876,175971,0.000000,1,0
1607,2,293417,151628,1790172707407022506,1790172707407041278,94097,18772,0.000000,1,0
1608,1,139299,153689,1790172707407291444,1790172707407468312,98630,176868,0.000000,1,0
1609,1,139979,153419,1790172707407723320,1790172707407892516,97373,169196,0.000000,1,0
1610,1,139628,154468,1790172707408151077,1790172707408320661,94294,169584,0.000000,1,0
1611,2,302747,151719,1790172707408734572,1790172707409137660,96607,403088,0.000000,1,0
1612,1,147929,164059,1790172707409411506,1790172707409561174,95190,149668,0.777535,1,1
1613,1,140589,155879,1790172707409814642,1790172707409989579,95091,174937,0.000000,1,0
1614,1,140148,155368,1790172707410242798,1790172707410416293,95443,173495,0.000000,1,0
1615,1,141998,157248,1790172707410671104,1790172707410842967,96266,171863,0.762048,1,1
1616,1,141799,157638,1790172707411099112,1790172707411273142,96037,174030,0.000000,1,0
1617,1,145849,161008,1790172707411532658,1790172707411700196,99719,167538,0.000000,1,0
1618,1,139979,155459,1790172707411956544,1790172707412125680,95481,169136,0.000000,1,0
1619,1,150189,165509,1790172707412389210,1790172707412552405,95783,163195,0.766763,1,1
1620,1,138729,153019,1790172707412804756,1790172707412985349,97655,180593,0.000000,1,0
1621,1,142179,165159,1790172707413242982,1790172707413414733,95467,171751,0.000000,1,0
1622,1,142728,158688,1790172707413670098,1790172707413843558,95859,173460,0.000000,1,0
1623,2,292797,151799,1790172707414250324,1790172707414280592,97651,30268,0.878404,1,1
1624,1,139658,154408,1790172707414534901,1790172707415093511,96324,558610,0.000000,1,0
1625,1,147059,161559,1790172707415353944,1790172707415519435,94417,165491,0.761980,1,1
1626,1,139449,153689,1790172707415769990,1790172707415952050,98498,182060,0.000000,1,0
1627,1,141078,155758,1790172707416208976,1790172707416766339,95111,557363,0.000000,1,0
1628,1,144340,159170,1790172707417023840,1790172707417190923,96064,167083,0.000000,1,0
1629,1,141789,156459,1790172707417445726,1790172707417619298,96556,173572,0.000000,1,0
1630,1,139809,154779,1790172707417872502,1790172707418047562,96538,175060,0.000000,1,0
1631,1,139708,154388,1790172707418300518,1790172707418477116,98210,176598,0.000000,1,0
1632,1,146598,160998,1790172707418739114,1790172707419695750,98795,956636,0.000000,1,0
1633,2,306908,160509,1790172707420121173,1790172707420121885,95957,712,0.000000,1,0
1634,1,150808,165248,1790172707420386080,1790172707420548859,93079,162779,0.000000,1,0
1635,3,454806,154419,1790172707421114824,1790172707421035312,142401,0,0.000000,1,0
1636,1,139579,154019,1790172707421334552,1790172707421435317,95033,100765,0.816860,1,1
1637,1,139239,153498,1790172707421686699,1790172707421862112,96544,175413,0.759362,1,1
1638,1,140149,155499,1790172707422116655,1790172707422299196,97596,182541,0.752400,1,1
1639,1,143679,158929,1790172707422557801,1790172707422727180,93928,169379,0.000000,1,0
1640,1,140500,156140,1790172707422978298,1790172707423156634,97191,178336,0.756862,1,1
1641,1,144479,159089,1790172707423415314,1790172707423586239,99033,170925,0.000000,1,0
1642,1,141599,164599,1790172707423847540,1790172707424020983,95355,173443,0.000000,1,0
1643,1,138749,153149,1790172707424272036,1790172707424456717,94207,184681,0.000000,1,0
1644,2,296217,152809,1790172707424863731,1790172707424884862,95828,21131,0.885326,1,1
1645,1,136128,150778,1790172707425135128,1790172707425317046,100890,181918,0.000000,1,0
1646,1,142788,157388,1790172707425577594,1790172707425742890,93352,165296,0.000000,1,0
1647,1,146670,161309,1790172707425999992,1790172707426171664,95425,171672,0.000000,1,0
1648,1,144059,158579,1790172707426427788,1790172707427370218,97350,942430,0.352010,1,1
1649,1,143009,157539,1790172707427628657,1790172707427801513,95451,172856,0.000000,1,0
1650,1,139639,153909,1790172707428054083,1790172707428229777,93693,175694,0.759263,1,1
1651,1,143749,158339,1790172707428483899,1790172707428659261,96446,175362,0.759120,1,1
1652,1,140100,155810,1790172707428912276,1790172707429087535,97379,175259,0.759561,1,1
1653,1,143208,158018,1790172707429345112,1790172707429517170,99590,172058,0.760220,1,1
1654,1,141048,154548,1790172707429776708,1790172707429948964,98162,172256,0.000000,1,0
1655,1,140198,155418,1790172707430206554,1790172707430380948,95604,174394,0.000000,1,0
1656,1,142549,156968,1790172707430635931,1790172707430811903,95775,175972,0.759035,1,1
1657,1,141049,156399,1790172707431066387,1790172707431239657,102657,173270,0.761080,1,1
1658,1,144099,159209,1790172707431503823,1790172707432055796,97312,551973,0.000000,1,0
1659,1,141058,156198,1790172707432312376,1790172707432872385,100355,560009,0.000000,1,0
1660,1,139109,154359,1790172707433129459,1790172707433698484,95949,569025,0.000000,1,0
1661,1,142508,157978,1790172707433953721,1790172707434126709,99030,172988,0.761331,1,1
1662,1,146069,161428,1790172707434389728,1790172707434559173,94182,169445,0.763038,1,1
1663,1,143189,157669,1790172707434813144,1790172707434988837,96735,175693,0.000000,1,0
1664,1,139369,155239,1790172707435242761,1790172707435421462,96926,178701,0.000000,1,0
1665,1,144029,158489,1790172707435679537,1790172707435851626,96088,172089,0.000000,1,0
1666,2,291008,150128,1790172707436256572,1790172707436289100,97500,32528,0.000000,1,0
1667,1,137479,152049,1790172707436540929,1790172707436718274,94913,177345,0.000000,1,0
1668,1,143059,158489,1790172707436972745,1790172707437148999,95324,176254,0.000000,1,0
1669,1,143398,157868,1790172707437405671,1790172707437578593,100516,172922,0.759704,1,1
1670,1,139718,154348,1790172707437835577,1790172707438006527,97519,170950,0.000000,1,0
1671,1,140538,155178,1790172707438262064,1790172707438435412,97370,173348,0.000000,1,0
1672,1,140189,154968,1790172707438689911,1790172707438864206,96972,174295,0.000000,1,0
1673,1,139699,154169,1790172707439118287,1790172707439298490,97134,180203,0.000000,1,0
1674,1,148069,162879,1790172707439563663,1790172707440117269,97798,553606,0.000000,1,0
1675,2,315457,154939,1790172707440547824,1790172707440550084,96929,2260,0.000000,1,0
1676,1,139048,152548,1790172707440803821,1790172707440981298,98752,177477,0.000000,1,0
1677,1,139148,162188,1790172707441238188,1790172707441415802,95774,177614,0.000000,1,0
1678,1,143599,158798,1790172707441673735,1790172707441845867,97665,172132,0.000000,1,0
1679,1,139969,155209,1790172707442100941,1790172707442282051,94377,181110,0.755038,1,1
1680,1,142089,157989,1790172707442535997,1790172707442714495,94959,178498,0.757618,1,1
1681,1,138389,154449,1790172707442965013,1790172707443146409,95211,181396,0.755055,1,1
1682,1,143809,158939,1790172707443402639,1790172707443577924,96422,175285,0.759028,1,1
1683,1,138599,153289,1790172707443830255,1790172707444009538,96736,179283,0.758497,1,1
1684,1,140059,155709,1790172707444264022,1790172707444440252,95768,176230,0.000000,1,0
1685,1,141809,157659,1790172707444695688,1790172707444870707,93899,175019,0.000000,1,0
1686,1,140698,156068,1790172707445123344,1790172707445310141,96591,186797,0.000000,1,0
1687,1,140628,155988,1790172707445564700,1790172707445740745,91943,176045,0.000000,1,0
1688,1,144448,159068,1790172707445994386,1790172707446170259,97425,175873,0.759249,1,1
1689,1,142378,156898,1790172707446426712,1790172707447002958,100159,576246,0.000000,1,0
1690,2,298427,154548,1790172707447420164,1790172707447429293,95181,9129,0.896929,1,1
1691,1,140559,155149,1790172707447681792,1790172707447857037,96873,175245,0.759795,1,1
1692,1,138769,153389,1790172707448110208,1790172707448293041,95335,182833,0.753621,1,1
1693,2,293227,151679,1790172707448698093,1790172707448722556,95116,24463,0.000000,1,0
1694,1,136328,151668,1790172707448971220,1790172707449150750,94368,179530,0.000000,1,0
1695,2,297367,152559,1790172707449559995,1790172707449578844,96690,18849,0.888547,1,1
1696,1,134819,152239,1790172707449827103,1790172707450004899,96012,177796,0.000000,1,0
1697,1,140299,154799,1790172707450258980,1790172707450433783,97054,174803,0.000000,1,0
1698,1,140549,154819,1790172707450687776,1790172707451250722,99458,562946,0.000000,1,0
1699,2,295277,149759,1790172707451662827,1790172707451676007,94569,13180,0.000000,1,0
1700,1,140389,156768,1790172707451926595,1790172707452101211,97001,174616,0.759088,1,1
1701,2,309517,157128,1790172707452525029,1790172707452529465,100773,4436,0.000000,1,0
1702,1,137059,151769,1790172707452783857,1790172707452959410,96295,175553,0.000000,1,0
1703,1,138879,154199,1790172707453213264,1790172707453390034,96188,176770,0.000000,1,0
1704,1,142269,157569,1790172707453645890,1790172707453819888,94410,173998,0.000000,1,0
1705,1,141199,156469,1790172707454075586,1790172707454641427,95213,565841,0.000000,1,0
1706,1,143859,159399,1790172707454897299,1790172707455080721,95355,183422,0.000000,1,0
1707,1,145409,160629,1790172707455339675,1790172707455511895,94137,172220,0.759257,1,1
1708,1,138799,153109,1790172707455761511,1790172707455946750,95339,185239,0.000000,1,0
1709,1,139059,155039,1790172707456199998,1790172707456378194,94661,178196,0.000000,1,0
1710,1,142049,156589,1790172707456632254,1790172707456820328,94733,188074,0.748731,1,1
1711,1,142049,157599,1790172707457075140,1790172707458032652,96028,957512,0.000000,1,0
1712,1,141899,157019,1790172707458288329,1790172707458459576,93901,171247,0.000000,1,0
1713,1,142009,156299,1790172707458712265,1790172707458893721,94863,181456,0.000000,1,0
1714,1,142688,157258,1790172707459148312,1790172707459324325,96575,176013,0.000000,1,0
1715,1,142088,156718,1790172707459579988,1790172707459755849,92677,175861,0.000000,1,0
1716,1,149298,164008,1790172707460020324,1790172707460184413,95599,164089,0.000000,1,0
1717,2,298407,153049,1790172707460595159,1790172707460610498,94240,15339,0.891724,1,1
1718,1,142939,159029,1790172707460866867,1790172707461419077,98484,552210,0.000000,1,0
1719,1,141238,155918,1790172707461677389,1790172707461848691,97837,171302,0.762788,1,1
1720,1,141678,156328,1790172707462105696,1790172707462283156,95018,177460,0.756815,1,1
1721,1,143839,158378,1790172707462538763,1790172707462716760,97900,177997,0.000000,1,0
1722,1,142219,158218,1790172707462973409,1790172707463144024,97592,170615,0.000000,1,0
1723,1,146109,161219,1790172707463405485,1790172707463571549,96333,166064,0.765170,1,1
1724,1,141839,156949,1790172707463827701,1790172707464000703,96105,173002,0.000000,1,0
1725,1,138829,154199,1790172707464253667,1790172707464430297,104187,176630,0.000000,1,0
1726,1,140089,155349,1790172707464692413,1790172707464856782,97470,164369,0.000000,1,0
1727,2,292318,151969,1790172707465264329,1790172707465290256,93032,25927,0.000000,1,0
1728,1,142288,156958,1790172707465543886,1790172707465720230,95594,176344,0.000000,1,0
1729,1,140058,156028,1790172707465972642,1790172707466154684,94106,182042,0.000000,1,0
1730,1,146058,161008,1790172707466412288,1790172707466583399,95097,171111,0.000000,1,0
1731,1,140379,155038,1790172707466835895,1790172707466989263,98289,153368,0.000000,1,0
1732,1,139289,153739,1790172707467244551,1790172707467416168,94980,171617,0.000000,1,0
1733,1,140469,155519,1790172707467668427,1790172707468226687,97375,558260,0.518699,1,1
1734,1,143269,157888,1790172707468485441,1790172707469041536,97439,556095,0.000000,1,0
1735,1,139928,155368,1790172707469297493,1790172707469467651,96380,170158,0.000000,1,0
1736,1,140278,154908,1790172707469721129,1790172707469894255,94852,173126,0.761316,1,1
1737,1,140619,155398,1790172707470150376,1790172707470321979,96784,171603,0.000000,1,0
1738,1,138839,153239,1790172707470574422,1790172707470752954,94745,178532,0.000000,1,0
1739,1,141400,156350,1790172707471012779,1790172707471178848,96078,166069,0.000000,1,0
1740,2,294018,151048,1790172707471585844,1790172707471606552,95200,20708,0.000000,1,0
1741,1,140109,156099,1790172707471858781,1790172707472029617,98252,170836,0.000000,1,0
1742,1,136899,151479,1790172707472281997,1790172707472457741,95904,175744,0.000000,1,0
1743,1,140338,154918,1790172707472710803,1790172707472879916,96215,169113,0.764910,1,1
1744,1,139639,154488,1790172707473133860,1790172707473310610,103957,176750,0.000000,1,0
1745,1,141979,156708,1790172707473573446,1790172707473734494,95809,161048,0.000000,1,0
1746,1,139560,156350,1790172707473986553,1790172707474165058,96682,178505,0.000000,1,0
1747,1,147969,162419,1790172707474426689,1790172707474586063,93074,159374,0.000000,1,0
1748,1,140759,155149,1790172707474836815,1790172707475007717,93376,170902,0.000000,1,0
1749,1,139248,153948,1790172707475258661,1790172707475431832,94267,173171,0.000000,1,0
1750,1,142808,157288,1790172707475685817,1790172707475855536,96419,169719,0.000000,1,0
1751,1,139279,154258,1790172707476108444,1790172707476285270,100271,176826,0.000000,1,0
1752,1,143869,158568,1790172707476546100,1790172707476720475,96212,174375,0.759187,1,1
1753,1,137900,154160,1790172707476971277,1790172707477148999,97055,177722,0.000000,1,0
1754,1,149419,163909,1790172707477413463,1790172707477578563,96737,165100,0.762909,1,1
1755,1,140099,154569,1790172707477831829,1790172707478008917,95249,177088,0.000000,1,0
1756,1,139349,154569,1790172707478262315,1790172707478822967,96522,560652,0.000000,1,0
1757,1,140709,154919,1790172707479077578,1790172707479249951,99964,172373,0.762039,1,1
1758,1,142349,156769,1790172707479509544,1790172707479675385,95416,165841,0.000000,1,0
1759,1,139070,154840,1790172707479926541,1790172707480101180,95039,174639,0.760144,1,1
1760,1,147809,165009,1790172707480360777,1790172707480508544,95411,147767,0.000000,1,0
1761,1,146038,160458,1790172707480767283,1790172707480960038,90923,192755,0.000000,1,0
1762,1,157758,172658,1790172707481226059,1790172707481408602,93535,182543,0.000000,1,0
1763,1,156088,166928,1790172707481675835,1790172707481805737,84926,129902,0.000000,1,0
1764,1,134759,145659,1790172707482038552,1790172707482605486,84530,566934,0.517404,1,1
1765,1,131669,142419,1790172707482835015,1790172707482992391,84722,157376,0.780386,1,1
1766,1,130239,141049,1790172707483220432,1790172707483381576,84674,161144,0.000000,1,0
1767,1,130909,141598,1790172707483610309,1790172707483768721,83795,158412,0.000000,1,0
1768,1,138289,150419,1790172707484006385,1790172707484153186,84187,146801,0.000000,1,0
1769,1,132169,142918,1790172707484384822,1790172707484575140,84749,190318,0.000000,1,0
1770,1,133539,143329,1790172707484807378,1790172707484973165,86170,165787,0.000000,1,0
1771,1,130339,140179,1790172707485203114,1790172707485362780,85332,159666,0.778445,1,1
1772,1,131679,145858,1790172707485598471,1790172707485749065,83823,150594,0.000000,1,0
1773,1,133810,148600,1790172707485982878,1790172707486132670,83206,149792,0.000000,1,0
1774,1,142609,156408,1790172707486374725,1790172707486516605,83598,141880,0.000000,1,0
1775,1,129399,143019,1790172707486746211,1790172707486903009,84440,156798,0.000000,1,0
1776,1,129709,142849,1790172707487133238,1790172707487292074,87611,158836,0.779560,1,1
1777,1,130459,143689,1790172707487525504,1790172707488059404,85415,533900,0.000000,1,0
1778,1,129869,143669,1790172707488291707,1790172707488450719,84146,159012,0.000000,1,0
1779,1,131589,145219,1790172707488682264,1790172707488872493,84919,190229,0.000000,1,0
1780,1,131929,146229,1790172707489105901,1790172707489256098,91291,150197,0.000000,1,0
1781,1,131569,147969,1790172707489495107,1790172707489674583,83412,179476,0.000000,1,0
1782,1,128819,143008,1790172707489903164,1790172707490467322,85756,564158,0.519400,1,1
1783,1,132098,145248,1790172707490701326,1790172707490852697,88907,151371,0.000000,1,0
1784,2,275828,143288,1790172707491234132,1790172707491277522,84288,43390,0.872905,1,1
1785,1,129309,142339,1790172707491506469,1790172707491661257,84430,154788,0.000000,1,0
1786,1,128389,142188,1790172707491889586,1790172707492047161,83113,157575,0.000000,1,0
1787,1,130459,143509,1790172707492276263,1790172707492432896,83505,156633,0.000000,1,0
1788,1,130029,143168,1790172707492661730,1790172707492818291,85946,156561,0.781784,1,1
1789,1,130909,144189,1790172707493052576,1790172707493216456,83968,163880,0.000000,1,0
1790,1,131678,144478,1790172707493447712,1790172707493977856,84821,530144,0.537879,1,1
1791,1,129499,142548,1790172707494208656,1790172707494363161,84572,154505,0.000000,1,0
1792,1,132969,145949,1790172707494595872,1790172707495132781,84746,536909,0.000000,1,0
1793,1,136779,149939,1790172707495370516,1790172707495519595,84379,149079,0.000000,1,0
1794,1,130409,143328,1790172707495749393,1790172707495901060,85050,151667,0.000000,1,0
1795,1,130529,144519,1790172707496134319,1790172707496292465,84712,158146,0.780198,1,1
1796,1,132079,145148,1790172707496525116,1790172707496679410,83573,154294,0.000000,1,0
1797,1,128229,142489,1790172707496906522,1790172707497063855,84675,157333,0.000000,1,0
1798,1,128459,142348,1790172707497293539,1790172707497453460,83166,159921,0.000000,1,0
1799,1,130659,144219,1790172707497683415,1790172707497874114,85950,190699,0.000000,1,0
1800,1,130129,144539,1790172707498106202,1790172707498258989,93681,152787,0.000000,1,0
1801,1,132859,146279,1790172707498503489,1790172707498680324,84742,176835,0.000000,1,0
1802,1,129299,143569,1790172707498909575,1790172707499081558,85355,171983,0.769676,1,1
1803,1,128609,142699,1790172707499314531,1790172707499472313,83826,157782,0.000000,1,0
1804,1,129229,142589,1790172707499700988,1790172707499862808,84348,161820,0.778601,1,1
1805,2,269838,140839,1790172707500233553,1790172707500245993,81639,12440,0.000000,1,0
1806,4,548435,141519,1790172707500891547,1790172707500814595,77002,0,0.000000,1,0
1807,1,129199,142799,1790172707501041747,1790172707501193180,83565,151433,0.000000,1,0
1808,1,128649,141569,1790172707501421513,1790172707501582995,83146,161482,0.000000,1,0
1809,1,129749,142829,1790172707501811070,1790172707501969820,84087,158750,0.000000,1,0
1810,1,127739,140729,1790172707502197486,1790172707502352595,86009,155109,0.783169,1,1
1811,1,129609,142779,1790172707502583983,1790172707502733610,86351,149627,0.000000,1,0
1812,1,128679,143279,1790172707502966359,1790172707503121775,83462,155416,0.000000,1,0
1813,1,136389,150109,1790172707503357276,1790172707503507280,83944,150004,0.000000,1,0
1814,1,129329,142359,1790172707503735902,1790172707503892385,84526,156483,0.000000,1,0
1815,1,130849,144029,1790172707504123720,1790172707504281110,83968,157390,0.000000,1,0
1816,1,130179,143249,1790172707504510956,1790172707504666794,85560,155838,0.000000,1,0
1817,1,128649,142199,1790172707504896223,1790172707505054329,82912,158106,0.000000,1,0
1818,1,130179,143619,1790172707505282909,1790172707505437964,83653,155055,0.000000,1,0
1819,1,129459,142419,1790172707505666886,1790172707505820889,84425,154003,0.783890,1,1
1820,1,129029,142219,1790172707506050452,1790172707506205854,83936,155402,0.783341,1,1
1821,1,133199,146379,1790172707506438359,1790172707506595029,84548,156670,0.779964,1,1
1822,1,132859,145079,1790172707506827675,1790172707506982704,86020,155029,0.782777,1,1
1823,1,129709,143589,1790172707507215873,1790172707507374688,84923,158815,0.000000,1,0
1824,1,133519,147739,1790172707507609369,1790172707507795693,85304,186324,0.758701,1,1
1825,1,129528,143328,1790172707508026845,1790172707508186847,85136,160002,0.000000,1,0
1826,1,131959,145689,1790172707508419972,1790172707508574552,83538,154580,0.782519,1,1
1827,1,129248,143008,1790172707508804608,1790172707508995547,85409,190939,0.000000,1,0
1828,1,129489,143378,1790172707509226775,1790172707509383842,84120,157067,0.000000,1,0
1829,1,132329,146089,1790172707509616081,1790172707509805536,84963,189455,0.000000,1,0
1830,1,130320,144110,1790172707510037998,1790172707510193801,84705,155803,0.781831,1,1
1831,1,131159,144949,1790172707510425355,1790172707510955331,89598,529976,0.000000,1,0
1832,1,128839,142849,1790172707511193328,1790172707511374325,83760,180997,0.762955,1,1
1833,1,131709,144899,1790172707511605954,1790172707511796450,84611,190496,0.000000,1,0
1834,1,130049,143819,1790172707512028200,1790172707512183914,84384,155714,0.782106,1,1
1835,1,130859,143979,1790172707512415057,1790172707512574119,85105,159062,0.779910,1,1
1836,1,128399,141949,1790172707512802833,1790172707512968334,84768,165501,0.775345,1,1
1837,1,129169,142468,1790172707513199161,1790172707513355669,83369,156508,0.000000,1,0
1838,1,133249,146339,1790172707513587537,1790172707514150018,84243,562481,0.000000,1,0
1839,1,135739,148859,1790172707514387010,1790172707514534483,82865,147473,0.000000,1,0
1840,1,130548,143498,1790172707514763136,1790172707514956418,83246,193282,0.000000,1,0
1841,1,128379,141298,1790172707515184433,1790172707515374572,84698,190139,0.000000,1,0
1842,1,128449,141759,1790172707515602889,1790172707515762697,83190,159808,0.000000,1,0
1843,1,130450,143860,1790172707515996576,1790172707516147432,83982,150856,0.000000,1,0
1844,1,134679,147649,1790172707516381273,1790172707516534337,86194,153064,0.000000,1,0
1845,1,134779,148169,1790172707516770429,1790172707516919262,85335,148833,0.000000,1,0
1846,1,132169,145509,1790172707517154266,1790172707517307257,84747,152991,0.000000,1,0
1847,2,269118,138409,1790172707517676591,1790172707518071307,88190,394716,0.000000,1,0
1848,1,129699,142809,1790172707518307115,1790172707518458111,84162,150996,0.000000,1,0
1849,1,131229,144339,1790172707518689012,1790172707519255421,95766,566409,0.000000,1,0
1850,1,135348,149288,1790172707519503565,1790172707519673865,83978,170300,0.000000,1,0
1851,1,133269,147349,1790172707519907202,1790172707520097040,83799,189838,0.000000,1,0
1852,1,127029,140789,1790172707520324298,1790172707520485705,83731,161407,0.779099,1,1
1853,1,129918,142958,1790172707520714564,1790172707520875819,87223,161255,0.778431,1,1
1854,1,130039,144159,1790172707521109521,1790172707521271744,85915,162223,0.000000,1,0
1855,1,132829,146359,1790172707521507237,1790172707521695459,85166,188222,0.000000,1,0
1856,1,129079,143369,1790172707521925004,1790172707522086383,83599,161379,0.000000,1,0
1857,1,127839,141809,1790172707522314491,1790172707522474078,82081,159587,0.000000,1,0
1858,1,129258,142378,1790172707522700437,1790172707522893833,83462,193396,0.000000,1,0
1859,1,129909,143918,1790172707523123754,1790172707523314957,84884,191203,0.754933,1,1
1860,1,133089,146159,1790172707523549570,1790172707523703212,85146,153642,0.000000,1,0
1861,1,128309,142579,1790172707523931906,1790172707524122416,85338,190510,0.755878,1,1
1862,2,278917,143219,1790172707524502091,1790172707524508311,82389,6220,0.908693,1,1
1863,1,127559,140739,1790172707524733519,1790172707524928936,86871,195417,0.000000,1,0
1864,2,266878,138679,1790172707525301225,1790172707525322861,82673,21636,0.895423,1,1
1865,1,128629,141889,1790172707525549563,1790172707525713255,82885,163692,0.000000,1,0
1866,1,130299,143999,1790172707525941709,1790172707526132500,83737,190791,0.754932,1,1
1867,1,139559,153059,1790172707526371575,1790172707526554874,84989,183299,0.000000,1,0
1868,1,131758,144758,1790172707526786901,1790172707526952109,86550,165208,0.000000,1,0
1869,1,127959,141239,1790172707527182698,1790172707527344524,83282,161826,0.000000,1,0
1870,1,129999,142949,1790172707527573704,1790172707527735519,85333,161815,0.777605,1,1
1871,1,130340,144280,1790172707527966482,1790172707528127623,83157,161141,0.000000,1,0
1872,1,134989,148069,1790172707528361118,1790172707528549628,82138,188510,0.000000,1,0
1873,1,128968,141068,1790172707528776624,1790172707528955313,85069,178689,0.765163,1,1
1874,1,131739,145539,1790172707529189501,1790172707529379207,83391,189706,0.000000,1,0
1875,2,278288,141268,1790172707529756896,1790172707529769062,83693,12166,0.000000,1,0
1876,1,133279,148899,1790172707530004353,1790172707530156277,83404,151924,0.000000,1,0
1877,1,131699,145429,1790172707530387530,1790172707530541222,84286,153692,0.000000,1,0
1878,1,128239,141469,1790172707530769886,1790172707530964106,84859,194220,0.000000,1,0
1879,1,131038,144838,1790172707531196473,1790172707531350971,84160,154498,0.781346,1,1
1880,1,131149,145079,1790172707531582130,1790172707531770645,84163,188515,0.756846,1,1
1881,1,130099,143159,1790172707532006476,1790172707532157660,85124,151184,0.786198,1,1
1882,1,130629,143919,1790172707532388603,1790172707532544245,83695,155642,0.781901,1,1
1883,1,128279,141259,1790172707532771759,1790172707532935320,85017,163561,0.777317,1,1
1884,1,130549,144618,1790172707533167586,1790172707533329075,83088,161489,0.000000,1,0
1885,1,129219,142019,1790172707533556772,1790172707533749829,82711,193057,0.000000,1,0
1886,2,270559,139959,1790172707534119078,1790172707534168583,83134,49505,0.000000,1,0
1887,2,272527,141539,1790172707534539864,1790172707534552028,81995,12164,0.000000,1,0
1888,2,266478,138169,1790172707534918321,1790172707534941913,83777,23592,0.000000,1,0
1889,1,132708,145808,1790172707535174218,1790172707535714353,84800,540135,0.530412,1,1
1890,1,128788,142618,1790172707535943431,1790172707536099508,85551,156077,0.782277,1,1
1891,1,126999,140249,1790172707536327818,1790172707536487472,84594,159654,0.000000,1,0
1892,1,130458,143368,1790172707536718204,1790172707536871677,84536,153473,0.000000,1,0
1893,1,128319,141869,1790172707537101062,1790172707537256242,88408,155180,0.000000,1,0
1894,1,135848,148988,1790172707537496028,1790172707537674527,84189,178499,0.763481,1,1
1895,1,127349,141619,1790172707537901425,1790172707538058532,86281,157107,0.000000,1,0
1896,1,132569,146029,1790172707538295251,1790172707538446426,84763,151175,0.000000,1,0
1897,1,129249,142339,1790172707538676218,1790172707539212546,84956,536328,0.000000,1,0
1898,1,130909,144009,1790172707539445721,1790172707539596721,84118,151000,0.000000,1,0
1899,1,129019,140439,1790172707539825727,1790172707540011886,84460,186159,0.000000,1,0
1900,1,127199,141058,1790172707540241135,1790172707540395921,86941,154786,0.000000,1,0
1901,1,130749,144499,1790172707540629711,1790172707540778086,89313,148375,0.000000,1,0
1902,1,130359,144188,1790172707541014388,1790172707541161321,83614,146933,0.788513,1,1
1903,1,132239,146219,1790172707541394554,1790172707541540396,86036,145842,0.789862,1,1
1904,2,267917,140158,1790172707541910519,1790172707541959350,82698,48831,0.000000,1,0
1905,1,128229,142779,1790172707542186757,1790172707542343745,83910,156988,0.781729,1,1
1906,1,131988,146008,1790172707542575723,1790172707542758239,84022,182516,0.000000,1,0
1907,1,130350,143819,1790172707542992801,1790172707543508689,83716,515888,0.000000,1,0
1908,2,271478,141698,1790172707543879693,1790172707543920844,86397,41151,0.000000,1,0
1909,1,130359,144749,1790172707544153940,1790172707544308229,86499,154289,0.783694,1,1
1910,1,131759,144958,1790172707544542467,1790172707544724023,83701,181556,0.000000,1,0
1911,1,127989,142609,1790172707544951103,1790172707545102328,83783,151225,0.000000,1,0
1912,1,127978,141888,1790172707545330199,1790172707545483553,83884,153354,0.000000,1,0
1913,1,127759,141069,1790172707545710626,1790172707545862408,86347,151782,0.786237,1,1
1914,1,127879,141238,1790172707546093444,1790172707546241523,84488,148079,0.000000,1,0
1915,1,129349,142559,1790172707546471430,1790172707546618178,82910,146748,0.788867,1,1
1916,1,127099,144419,1790172707546843557,1790172707547032563,85871,189006,0.000000,1,0
1917,1,128369,141469,1790172707547262983,1790172707547411548,86053,148565,0.788063,1,1
1918,1,128798,141798,1790172707547642229,1790172707547788503,82284,146274,0.789420,1,1
1919,1,130189,143189,1790172707548016516,1790172707548173938,84186,157422,0.781151,1,1
1920,1,130969,144588,1790172707548404393,1790172707548929548,84780,525155,0.540148,1,1
1921,1,128739,142039,1790172707549159217,1790172707549342812,85332,183595,0.760913,1,1
1922,1,130809,143979,1790172707549574603,1790172707549720687,83724,146084,0.000000,1,0
1923,1,130579,144178,1790172707549950160,1790172707550099392,84525,149232,0.000000,1,0
1924,1,127419,140469,1790172707550326606,1790172707550491137,83267,164531,0.776020,1,1
1925,1,132889,146088,1790172707550723143,1790172707550904972,86208,181829,0.000000,1,0
1926,1,130359,143499,1790172707551138509,1790172707551662302,84671,523793,0.542329,1,1
1927,1,130469,144549,1790172707551893322,1790172707552041697,82804,148375,0.000000,1,0
1928,3,409506,138159,1790172707552551947,1790172707552785057,86107,233110,0.000000,1,0
1929,1,128499,141929,1790172707553016023,1790172707553164652,83539,148629,0.788181,1,1
1930,2,276197,142679,1790172707553538128,1790172707553539937,82970,1809,0.912462,1,1
1931,1,124839,135909,1790172707553761606,1790172707553913282,84332,151676,0.000000,1,0
1932,1,129259,140278,1790172707554140293,1790172707554300427,85013,160134,0.000000,1,0
1933,2,270238,137309,1790172707554668898,1790172707554678652,82985,9754,0.000000,1,0
1934,1,125599,136769,1790172707554900336,1790172707555056747,81408,156411,0.000000,1,0
1935,1,125529,136599,1790172707555276823,1790172707555435592,84549,158769,0.000000,1,0
1936,1,133779,145189,1790172707555677750,1790172707555819947,88131,142197,0.000000,1,0
1937,1,128879,139829,1790172707556051006,1790172707556235101,82723,184095,0.761233,1,1
1938,1,133699,144218,1790172707556464463,1790172707556648746,82474,184283,0.000000,1,0
1939,1,126619,138119,1790172707556870639,1790172707557029121,85716,158482,0.000000,1,0
1940,1,134198,143608,1790172707557262465,1790172707558185945,85962,923480,0.000000,1,0
1941,1,133779,148729,1790172707558424496,1790172707558574190,83574,149694,0.786040,1,1
1942,1,129508,143248,1790172707558805182,1790172707558958035,84605,152853,0.785341,1,1
1943,2,271478,141588,1790172707559332828,1790172707559341610,84137,8782,0.906124,1,1
1944,1,124418,139088,1790172707559567285,1790172707559725845,82478,158560,0.000000,1,0
1945,1,125069,141189,1790172707559950322,1790172707560483055,84031,532733,0.536675,1,1
1946,1,131119,145579,1790172707560714715,1790172707561279624,85166,564909,0.000000,1,0
1947,1,129139,144029,1790172707561512039,1790172707561665769,84598,153730,0.000000,1,0
1948,1,127238,143619,1790172707561894185,1790172707562048514,84329,154329,0.000000,1,0
1949,1,126079,140609,1790172707562277142,1790172707562431599,86791,154457,0.784094,1,1
1950,1,128808,144068,1790172707562663778,1790172707562814914,85862,151136,0.000000,1,0
1951,1,128599,143969,1790172707563047355,1790172707563201299,85264,153944,0.782707,1,1
1952,1,128828,143778,1790172707563433461,1790172707563581104,84425,147643,0.788308,1,1
1953,2,269169,138860,1790172707563951978,1790172707563966958,83219,14980,0.901236,1,1
1954,1,125069,140118,1790172707564192356,1790172707564346363,82180,154007,0.000000,1,0
1955,1,126989,141539,1790172707564572242,1790172707564728798,82342,156556,0.000000,1,0
1956,2,280667,143029,1790172707565108297,1790172707565114763,85983,6466,0.000000,1,0
1957,1,136639,151309,1790172707565355825,1790172707565498828,84235,143003,0.000000,1,0
1958,1,131529,146098,1790172707565731172,1790172707565884653,84996,153481,0.000000,1,0
1959,1,128269,144069,1790172707566118038,1790172707566275758,86328,157720,0.000000,1,0
1960,1,131259,145498,1790172707566511315,1790172707566674332,83690,163017,0.000000,1,0
1961,1,128209,143600,1790172707566902881,1790172707567094497,84322,191616,0.000000,1,0
1962,1,130549,145739,1790172707567326688,1790172707567484392,83324,157704,0.000000,1,0
1963,1,129509,144028,1790172707567713985,1790172707567899776,85756,185791,0.759560,1,1
1964,1,128909,143369,1790172707568134211,1790172707568284091,83458,149880,0.000000,1,0
1965,1,129638,144118,1790172707568514437,1790172707568666736,81639,152299,0.785106,1,1
1966,1,138089,153469,1790172707568902764,1790172707569047581,84141,144817,0.000000,1,0
1967,1,131388,146158,1790172707569279950,1790172707569433686,83122,153736,0.000000,1,0
1968,1,128429,142799,1790172707569662447,1790172707569847880,83506,185433,0.000000,1,0
1969,1,128089,142509,1790172707570076714,1790172707570269145,86617,192431,0.000000,1,0
1970,1,137718,152648,1790172707570509890,1790172707570680819,86489,170929,0.765294,1,1
1971,1,128259,143159,1790172707570912167,1790172707571058264,85061,146097,0.000000,1,0
1972,1,127189,141639,1790172707571287153,1790172707571807635,84713,520482,0.000000,1,0
1973,1,129918,145088,1790172707572043136,1790172707572590974,87517,547838,0.000000,1,0
1974,1,131939,145519,1790172707572827379,1790172707573370854,88821,543475,0.000000,1,0
1975,1,132439,147619,1790172707573609553,1790172707573781518,87863,171965,0.769453,1,1
1976,1,132818,148248,1790172707574021529,1790172707574197033,84674,175504,0.766250,1,1
1977,1,130909,146069,1790172707574429866,1790172707574577318,83196,147452,0.788410,1,1
1978,1,128048,142868,1790172707574807122,1790172707574961713,86277,154591,0.000000,1,0
1979,1,128149,143389,1790172707575195279,1790172707575347668,85099,152389,0.784972,1,1
1980,2,271927,140559,1790172707575722144,1790172707576094898,85373,372754,0.630480,1,1
1981,1,127059,142388,1790172707576324620,1790172707576495263,83914,170643,0.000000,1,0
1982,1,131069,146949,1790172707576730036,1790172707576914997,84866,184961,0.000000,1,0
1983,1,127889,143379,1790172707577145952,1790172707577332101,85369,186149,0.000000,1,0
1984,1,129138,144138,1790172707577564408,1790172707577711976,83980,147568,0.000000,1,0
1985,1,127579,142979,1790172707577940715,1790172707578090051,83512,149336,0.000000,1,0
1986,1,129979,145148,1790172707578320952,1790172707578469606,87013,148654,0.000000,1,0
1987,1,127479,142089,1790172707578701588,1790172707578847781,83946,146193,0.000000,1,0
1988,1,133939,149238,1790172707579084006,1790172707579227256,84758,143250,0.000000,1,0
1989,1,131029,145649,1790172707579460322,1790172707579606561,85039,146239,0.000000,1,0
1990,1,126479,141229,1790172707579834699,1790172707579985776,85431,151077,0.787173,1,1
1991,1,127319,142339,1790172707580218585,1790172707580362631,84582,144046,0.000000,1,0
1992,1,130929,145359,1790172707580594832,1790172707580752586,83224,157754,0.781424,1,1
1993,1,132468,148258,1790172707580985058,1790172707581509306,86067,524248,0.541116,1,1
1994,1,131889,146618,1790172707581744272,1790172707581890671,83259,146399,0.789712,1,1
1995,1,134179,148759,1790172707582125829,1790172707582310326,85601,184497,0.760494,1,1
1996,1,129949,144379,1790172707582542495,1790172707582698860,82613,156365,0.000000,1,0
1997,2,273277,145128,1790172707583071230,1790172707583081075,84395,9845,0.000000,1,0
1998,1,125409,139769,1790172707583307688,1790172707583469260,83416,161572,0.000000,1,0
1999,1,131179,145589,1790172707583700475,1790172707583849355,84958,148880,0.000000,1,0
