count,link,ts_recv,e2r_ns,w_recv,pgen_effective,bit_success
1,A,1791314290246549744,157600,1.000000,0.043755232479,1
2,B,1791314290246656423,144741,1.000000,0.117768731071,0
3,B,1791314290247247975,116262,1.000000,0.117768731071,0
4,B,1791314290247502872,97773,1.000000,0.117768731071,1
5,B,1791314290247779698,95953,1.000000,0.117768731071,0
6,A,1791314290247936116,119960,1.000000,0.043755232479,0
7,B,1791314290247953556,58464,1.000000,0.117768731071,0
8,B,1791314290248119163,63753,1.000000,0.117768731071,1
9,A,1791314290248322301,113751,1.000000,0.043755232479,0
10,A,1791314290248702056,110292,1.000000,0.043755232479,0
11,A,1791314290249083041,113854,1.000000,0.043755232479,0
12,A,1791314290249464116,113076,1.000000,0.043755232479,0
13,A,1791314290249844701,111267,1.000000,0.043755232479,0
14,A,1791314290250218956,109679,1.000000,0.043755232479,0
15,A,1791314290250603731,116390,1.000000,0.043755232479,0
16,A,1791314290250977816,109202,1.000000,0.043755232479,0
17,A,1791314290251363450,112452,1.000000,0.043755232479,0
18,A,1791314290251740196,110055,1.000000,0.043755232479,0
19,A,1791314290252114621,110027,1.000000,0.043755232479,0
20,A,1791314290252489486,109238,1.000000,0.043755232479,0
21,A,1791314290252863131,110120,1.000000,0.043755232479,0
22,A,1791314290253239166,110821,1.000000,0.043755232479,0
23,A,1791314290253616781,111433,1.000000,0.043755232479,0
24,A,1791314290253995666,110855,1.000000,0.043755232479,0
25,A,1791314290254374631,112716,1.000000,0.043755232479,0
26,A,1791314290254753086,110148,1.000000,0.043755232479,0
27,A,1791314290255128731,111179,1.000000,0.043755232479,0
28,A,1791314290255508106,112841,1.000000,0.043755232479,1
29,B,1791314293251703703,332979,1.000000,0.117768731071,0
30,B,1791314293252310115,245100,1.000000,0.117768731071,0
31,B,1791314293252920357,236791,1.000000,0.117768731071,0
32,B,1791314293253169403,87057,1.000000,0.117768731071,0
33,B,1791314293253408860,83344,1.000000,0.117768731071,0
34,B,1791314293253614577,76561,1.000000,0.117768731071,0
35,B,1791314293253821415,81899,1.000000,0.117768731071,0
36,B,1791314293254008762,58765,1.000000,0.117768731071,0
37,B,1791314293254183370,51312,1.000000,0.117768731071,0
38,B,1791314293254350927,47709,1.000000,0.117768731071,0
39,B,1791314293254514655,45837,1.000000,0.117768731071,0
40,B,1791314293254663933,32335,1.000000,0.117768731071,0
41,B,1791314293254811181,31053,1.000000,0.117768731071,0
42,B,1791314293254960809,31851,1.000000,0.117768731071,0
43,B,1791314293255109587,31848,1.000000,0.117768731071,1
44,A,1791314293259037135,200674,1.000000,0.043755232479,1
45,B,1791314296258777885,376334,1.000000,0.117768731071,0
46,B,1791314296259686303,427386,1.000000,0.117768731071,0
47,B,1791314296260230186,209592,1.000000,0.117768731071,0
48,B,1791314296260601521,214382,1.000000,0.117768731071,0
49,B,1791314296260846658,93775,1.000000,0.117768731071,0
50,B,1791314296261088155,92456,1.000000,0.117768731071,0
51,B,1791314296261296222,84766,1.000000,0.117768731071,0
52,B,1791314296261498109,82496,1.000000,0.117768731071,0
53,B,1791314296261698217,81468,1.000000,0.117768731071,0
54,B,1791314296261878864,63948,1.000000,0.117768731071,0
55,B,1791314296262050002,52499,1.000000,0.117768731071,0
56,B,1791314296262204640,42290,1.000000,0.117768731071,0
57,B,1791314296262354358,39890,1.000000,0.117768731071,0
58,B,1791314296262502196,38791,1.000000,0.117768731071,0
59,B,1791314296262650134,38761,1.000000,0.117768731071,0
60,A,1791314296262699303,216896,1.000000,0.043755232479,0
61,B,1791314296262801972,37322,1.000000,0.117768731071,0
62,B,1791314296262946820,36232,1.000000,0.117768731071,0
63,B,1791314296263094628,40583,1.000000,0.117768731071,0
64,A,1791314296263203467,140528,1.000000,0.043755232479,0
65,B,1791314296263245256,41803,1.000000,0.117768731071,0
66,B,1791314296263387744,36513,1.000000,0.117768731071,1
67,A,1791314296263606931,129021,1.000000,0.043755232479,0
68,A,1791314296263989826,127825,1.000000,0.043755232479,0
69,A,1791314296264376431,128759,1.000000,0.043755232479,0
70,A,1791314296264758796,127184,1.000000,0.043755232479,0
71,A,1791314296265140681,127388,1.000000,0.043755232479,0
72,A,1791314296265522736,127182,1.000000,0.043755232479,0
73,A,1791314296265900871,125496,1.000000,0.043755232479,0
74,A,1791314296266280156,125730,1.000000,0.043755232479,0
75,A,1791314296266662941,126254,1.000000,0.043755232479,0
76,A,1791314296267046486,128188,1.000000,0.043755232479,0
77,A,1791314296267532409,226800,1.000000,0.043755232479,0
78,A,1791314296267916574,126754,1.000000,0.043755232479,0
79,A,1791314296268303719,131648,1.000000,0.043755232479,0
80,A,1791314296268685584,126292,1.000000,0.043755232479,0
81,A,1791314296269079409,127686,1.000000,0.043755232479,0
82,A,1791314296269469634,131210,1.000000,0.043755232479,0
83,A,1791314296269856069,127644,1.000000,0.043755232479,0
84,A,1791314296270237724,127199,1.000000,0.043755232479,0
85,A,1791314296270622468,126102,1.000000,0.043755232479,0
86,A,1791314296271005953,131796,1.000000,0.043755232479,0
87,A,1791314296271395178,132390,1.000000,0.043755232479,0
88,A,1791314296271771773,123624,1.000000,0.043755232479,0
89,A,1791314296272147428,125818,1.000000,0.043755232479,0
90,A,1791314296272533993,128512,1.000000,0.043755232479,1
91,B,1791314299267059283,388371,1.000000,0.117768731071,1
92,A,1791314299276355299,467373,1.000000,0.043755232479,0
93,A,1791314299277159018,413552,1.000000,0.043755232479,0
94,A,1791314299277870609,388974,1.000000,0.043755232479,0
95,A,1791314299278306543,170571,1.000000,0.043755232479,0
96,A,1791314299278730488,169181,1.000000,0.043755232479,0
97,A,1791314299279150392,165370,1.000000,0.043755232479,0
98,A,1791314299279572107,167750,1.000000,0.043755232479,0
99,A,1791314299279988751,162979,1.000000,0.043755232479,0
100,A,1791314299280411535,167119,1.000000,0.043755232479,0
101,A,1791314299280828500,163649,1.000000,0.043755232479,0
102,A,1791314299281248424,163588,1.000000,0.043755232479,0
103,A,1791314299281639649,138348,1.000000,0.043755232479,0
104,A,1791314299282041064,143829,1.000000,0.043755232479,0
105,A,1791314299282426659,137629,1.000000,0.043755232479,0
106,A,1791314299282808194,136020,1.000000,0.043755232479,0
107,A,1791314299283191829,135680,1.000000,0.043755232479,0
108,A,1791314299283571834,135331,1.000000,0.043755232479,0
109,A,1791314299283951579,135372,1.000000,0.043755232479,0
110,A,1791314299284329934,134892,1.000000,0.043755232479,0
111,A,1791314299284707539,133583,1.000000,0.043755232479,0
112,A,1791314299285089934,139174,1.000000,0.043755232479,0
113,A,1791314299285470418,135363,1.000000,0.043755232479,0
114,A,1791314299285852843,139404,1.000000,0.043755232479,0
115,A,1791314299286233338,136435,1.000000,0.043755232479,0
116,A,1791314299286608403,134595,1.000000,0.043755232479,0
117,A,1791314299286982738,132726,1.000000,0.043755232479,0
118,A,1791314299287368553,146227,1.000000,0.043755232479,0
119,A,1791314299287745958,133887,1.000000,0.043755232479,0
120,A,1791314299288125633,137528,1.000000,0.043755232479,0
121,A,1791314299288501108,135569,1.000000,0.043755232479,0
122,A,1791314299288877503,138169,1.000000,0.043755232479,0
123,A,1791314299289260328,136670,1.000000,0.043755232479,0
124,A,1791314299289638723,133931,1.000000,0.043755232479,0
125,A,1791314299290011528,130741,1.000000,0.043755232479,0
126,A,1791314299290390123,136992,1.000000,0.043755232479,0
127,A,1791314299290759898,129993,1.000000,0.043755232479,0
128,A,1791314299291130143,132424,1.000000,0.043755232479,0
129,A,1791314299291500828,130544,1.000000,0.043755232479,0
130,A,1791314299291876483,135365,1.000000,0.043755232479,1
131,B,1791314302270981608,373238,1.000000,0.117768731071,0
132,B,1791314302271732818,342467,1.000000,0.117768731071,0
133,B,1791314302272263571,177526,1.000000,0.117768731071,1
134,A,1791314302293350551,338394,1.000000,0.043755232479,0
135,A,1791314302294007723,308727,1.000000,0.043755232479,0
136,A,1791314302294576755,302902,1.000000,0.043755232479,0
137,A,1791314302295006470,169020,1.000000,0.043755232479,0
138,A,1791314302295437104,169188,1.000000,0.043755232479,0
139,A,1791314302295853438,163797,1.000000,0.043755232479,0
140,A,1791314302296268593,165896,1.000000,0.043755232479,0
141,A,1791314302296682467,164685,1.000000,0.043755232479,0
142,A,1791314302297094132,160345,1.000000,0.043755232479,0
143,A,1791314302297478977,138725,1.000000,0.043755232479,0
144,A,1791314302297857362,137065,1.000000,0.043755232479,0
145,A,1791314302298234937,136365,1.000000,0.043755232479,0
146,A,1791314302298619291,140714,1.000000,0.043755232479,0
147,A,1791314302298998646,138224,1.000000,0.043755232479,0
148,A,1791314302299375971,137675,1.000000,0.043755232479,0
149,A,1791314302299751926,136255,1.000000,0.043755232479,0
150,A,1791314302300131121,136455,1.000000,0.043755232479,0
151,A,1791314302300520986,138565,1.000000,0.043755232479,0
152,A,1791314302300901241,138515,1.000000,0.043755232479,0
153,A,1791314302301284586,137385,1.000000,0.043755232479,0
154,A,1791314302301669991,137235,1.000000,0.043755232479,0
155,A,1791314302302058926,141435,1.000000,0.043755232479,0
156,A,1791314302302442311,135495,1.000000,0.043755232479,0
157,A,1791314302302822876,135206,1.000000,0.043755232479,0
158,A,1791314302303203301,135286,1.000000,0.043755232479,0
159,A,1791314302303583636,135346,1.000000,0.043755232479,0
160,A,1791314302303963411,135036,1.000000,0.043755232479,0
161,A,1791314302304341646,135756,1.000000,0.043755232479,0
162,A,1791314302304725170,136605,1.000000,0.043755232479,0
163,A,1791314302305114595,139555,1.000000,0.043755232479,0
164,A,1791314302305497630,137875,1.000000,0.043755232479,0
165,A,1791314302305890745,137495,1.000000,0.043755232479,0
166,A,1791314302306276090,138035,1.000000,0.043755232479,0
167,A,1791314302306654285,134266,1.000000,0.043755232479,0
168,A,1791314302307031470,134956,1.000000,0.043755232479,0
169,A,1791314302307415285,138546,1.000000,0.043755232479,0
170,A,1791314302307796870,136256,1.000000,0.043755232479,0
171,A,1791314302308179785,138336,1.000000,0.043755232479,0
172,A,1791314302308563060,135786,1.000000,0.043755232479,0
173,A,1791314302308943785,136216,1.000000,0.043755232479,0
174,A,1791314302309329090,137297,1.000000,0.043755232479,0
175,A,1791314302309714904,136206,1.000000,0.043755232479,0
176,A,1791314302310095949,136296,1.000000,0.043755232479,0
177,A,1791314302310481884,137366,1.000000,0.043755232479,0
178,A,1791314302310865179,134896,1.000000,0.043755232479,0
179,A,1791314302311253834,144486,1.000000,0.043755232479,0
180,A,1791314302311636749,136676,1.000000,0.043755232479,0
181,A,1791314302312011934,134086,1.000000,0.043755232479,0
182,A,1791314302312401059,136556,1.000000,0.043755232479,0
183,A,1791314302312783314,135416,1.000000,0.043755232479,0
184,A,1791314302313169869,136837,1.000000,0.043755232479,1
185,B,1791314305275997538,399303,1.000000,0.117768731071,0
186,B,1791314305276776008,386360,1.000000,0.117768731071,0
187,B,1791314305277312981,229890,1.000000,0.117768731071,0
188,B,1791314305277723205,232398,1.000000,0.117768731071,0
189,B,1791314305278129390,236138,1.000000,0.117768731071,0
190,B,1791314305278391207,108759,1.000000,0.117768731071,0
191,B,1791314305278613264,100868,1.000000,0.117768731071,1
192,A,1791314305316941336,416103,1.000000,0.043755232479,0
193,A,1791314305317669276,325309,1.000000,0.043755232479,0
194,A,1791314305318289798,320230,1.000000,0.043755232479,0
195,A,1791314305318878940,305682,1.000000,0.043755232479,0
196,A,1791314305319461082,306804,1.000000,0.043755232479,0
197,A,1791314305319921646,183938,1.000000,0.043755232479,0
198,A,1791314305320364361,182085,1.000000,0.043755232479,0
199,A,1791314305320813275,188602,1.000000,0.043755232479,0
200,A,1791314305321249219,178718,1.000000,0.043755232479,0
201,A,1791314305321692873,185295,1.000000,0.043755232479,0
202,A,1791314305322123587,172201,1.000000,0.043755232479,0
203,A,1791314305322518112,136749,1.000000,0.043755232479,0
204,A,1791314305322906437,136837,1.000000,0.043755232479,0
205,A,1791314305323284412,129566,1.000000,0.043755232479,0
206,A,1791314305323664297,130524,1.000000,0.043755232479,0
207,A,1791314305324043882,128683,1.000000,0.043755232479,0
208,A,1791314305324436647,132511,1.000000,0.043755232479,0
209,A,1791314305324823162,130140,1.000000,0.043755232479,0
210,A,1791314305325198947,128328,1.000000,0.043755232479,1
211,B,1791314308282366582,456388,1.000000,0.117768731071,0
212,B,1791314308283126072,441946,1.000000,0.117768731071,1
213,A,1791314308329061263,514246,1.000000,0.043755232479,0
214,A,1791314308329857593,367600,1.000000,0.043755232479,0
215,A,1791314308330501204,329047,1.000000,0.043755232479,0
216,A,1791314308331098676,318364,1.000000,0.043755232479,0
217,A,1791314308331675879,302964,1.000000,0.043755232479,0
218,A,1791314308332119043,185354,1.000000,0.043755232479,0
219,A,1791314308332563327,190155,1.000000,0.043755232479,0
220,A,1791314308333003061,185146,1.000000,0.043755232479,0
221,A,1791314308333440475,183557,1.000000,0.043755232479,0
222,A,1791314308333854550,159889,1.000000,0.043755232479,0
223,A,1791314308334241994,138480,1.000000,0.043755232479,0
224,A,1791314308334632229,136493,1.000000,0.043755232479,0
225,A,1791314308335017044,135365,1.000000,0.043755232479,0
226,A,1791314308335405819,134247,1.000000,0.043755232479,0
227,A,1791314308335787714,134580,1.000000,0.043755232479,0
228,A,1791314308336169529,134262,1.000000,0.043755232479,0
229,A,1791314308336549444,133095,1.000000,0.043755232479,0
230,A,1791314308336929549,134157,1.000000,0.043755232479,0
231,A,1791314308337311604,132670,1.000000,0.043755232479,0
232,A,1791314308337688569,131752,1.000000,0.043755232479,0
233,A,1791314308338068084,132845,1.000000,0.043755232479,0
234,A,1791314308338457428,138756,1.000000,0.043755232479,0
235,A,1791314308338832993,130299,1.000000,0.043755232479,0
236,A,1791314308339212188,135401,1.000000,0.043755232479,0
237,A,1791314308339591653,133644,1.000000,0.043755232479,0
238,A,1791314308339972018,133696,1.000000,0.043755232479,0
239,A,1791314308340352673,134658,1.000000,0.043755232479,0
240,A,1791314308340735938,134531,1.000000,0.043755232479,0
241,A,1791314308341117593,133013,1.000000,0.043755232479,0
242,A,1791314308341505248,137566,1.000000,0.043755232479,0
243,A,1791314308341887043,135078,1.000000,0.043755232479,0
244,A,1791314308342264568,133491,1.000000,0.043755232479,0
245,A,1791314308342642333,131913,1.000000,0.043755232479,0
246,A,1791314308343016878,131326,1.000000,0.043755232479,0
247,A,1791314308343394303,132908,1.000000,0.043755232479,0
248,A,1791314308343773038,132921,1.000000,0.043755232479,0
249,A,1791314308344151183,133553,1.000000,0.043755232479,0
250,A,1791314308344528828,133096,1.000000,0.043755232479,0
251,A,1791314308344904293,131938,1.000000,0.043755232479,0
252,A,1791314308345290128,140721,1.000000,0.043755232479,0
253,A,1791314308345665963,132263,1.000000,0.043755232479,0
254,A,1791314308346039608,130475,1.000000,0.043755232479,0
255,A,1791314308346413363,131688,1.000000,0.043755232479,0
256,A,1791314308346790728,133080,1.000000,0.043755232479,0
257,A,1791314308347172533,133833,1.000000,0.043755232479,0
258,A,1791314308347552378,132485,1.000000,0.043755232479,0
259,A,1791314308347935673,133248,1.000000,0.043755232479,0
260,A,1791314308348312898,133230,1.000000,0.043755232479,0
261,A,1791314308348688043,131573,1.000000,0.043755232479,0
262,A,1791314308349078128,146735,1.000000,0.043755232479,0
263,A,1791314308349471643,136698,1.000000,0.043755232479,0
264,A,1791314308349851708,132800,1.000000,0.043755232479,0
265,A,1791314308350243952,145692,1.000000,0.043755232479,0
266,A,1791314308350621477,132054,1.000000,0.043755232479,0
267,A,1791314308350994962,132276,1.000000,0.043755232479,0
268,A,1791314308351374057,136279,1.000000,0.043755232479,0
269,A,1791314308351753932,133511,1.000000,0.043755232479,0
270,A,1791314308352131387,133054,1.000000,0.043755232479,0
271,A,1791314308352511402,134026,1.000000,0.043755232479,0
272,A,1791314308352886247,131179,1.000000,0.043755232479,0
273,A,1791314308353266172,133651,1.000000,0.043755232479,0
274,A,1791314308353646047,134174,1.000000,0.043755232479,0
275,A,1791314308354021652,133456,1.000000,0.043755232479,0
276,A,1791314308354395367,131669,1.000000,0.043755232479,0
277,A,1791314308354776552,133491,1.000000,0.043755232479,0
278,A,1791314308355159377,135814,1.000000,0.043755232479,0
279,A,1791314308355544402,133456,1.000000,0.043755232479,0
280,A,1791314308355929227,134598,1.000000,0.043755232479,0
281,A,1791314308356308572,132111,1.000000,0.043755232479,0
282,A,1791314308356689397,132973,1.000000,0.043755232479,0
283,A,1791314308357093832,139046,1.000000,0.043755232479,0
284,A,1791314308357475017,134228,1.000000,0.043755232479,0
285,A,1791314308357858052,137121,1.000000,0.043755232479,0
286,A,1791314308358238467,133173,1.000000,0.043755232479,0
287,A,1791314308358617382,132616,1.000000,0.043755232479,0
288,A,1791314308358995057,131058,1.000000,0.043755232479,0
289,A,1791314308359371162,132340,1.000000,0.043755232479,0
290,A,1791314308359750537,133543,1.000000,0.043755232479,0
291,A,1791314308360126552,133665,1.000000,0.043755232479,0
292,A,1791314308360511777,134278,1.000000,0.043755232479,0
293,A,1791314308360891691,132739,1.000000,0.043755232479,0
294,A,1791314308361272666,135062,1.000000,0.043755232479,0
295,A,1791314308361650551,133054,1.000000,0.043755232479,0
296,A,1791314308362023026,133417,1.000000,0.043755232479,1
297,B,1791314311286908199,274222,1.000000,0.117768731071,0
298,B,1791314311287540160,214288,1.000000,0.117768731071,0
299,B,1791314311288052863,208445,1.000000,0.117768731071,0
300,B,1791314311288441768,207624,1.000000,0.117768731071,0
301,B,1791314311288713055,91484,1.000000,0.117768731071,0
302,B,1791314311288929312,61111,1.000000,0.117768731071,0
303,B,1791314311289118659,62440,1.000000,0.117768731071,0
304,B,1791314311289292237,52399,1.000000,0.117768731071,0
305,B,1791314311289469735,54699,1.000000,0.117768731071,0
306,B,1791314311289833780,245325,1.000000,0.117768731071,0
307,B,1791314311290003877,48575,1.000000,0.117768731071,0
308,B,1791314311290163675,36634,1.000000,0.117768731071,0
309,B,1791314311290318073,35513,1.000000,0.117768731071,0
310,B,1791314311290470031,33523,1.000000,0.117768731071,0
311,B,1791314311290619769,32782,1.000000,0.117768731071,0
312,B,1791314311290768677,32091,1.000000,0.117768731071,1
313,A,1791314311365869973,492101,1.000000,0.043755232479,0
314,A,1791314311366615093,303904,1.000000,0.043755232479,0
315,A,1791314311367246175,295854,1.000000,0.043755232479,0
316,A,1791314311367832387,291215,1.000000,0.043755232479,0
317,A,1791314311368312580,190247,1.000000,0.043755232479,0
318,A,1791314311368782474,171532,1.000000,0.043755232479,0
319,A,1791314311369190609,142249,1.000000,0.043755232479,0
320,A,1791314311369585453,136725,1.000000,0.043755232479,0
321,A,1791314311369973848,135043,1.000000,0.043755232479,0
322,A,1791314311370361813,135581,1.000000,0.043755232479,0
323,A,1791314311370753908,134259,1.000000,0.043755232479,0
324,A,1791314311371150613,134166,1.000000,0.043755232479,0
325,A,1791314311371534548,132114,1.000000,0.043755232479,0
326,A,1791314311371920023,134902,1.000000,0.043755232479,0
327,A,1791314311372308837,132959,1.000000,0.043755232479,0
328,A,1791314311372695962,133716,1.000000,0.043755232479,0
329,A,1791314311373083397,134864,1.000000,0.043755232479,0
330,A,1791314311373484302,140832,1.000000,0.043755232479,0
331,A,1791314311373869627,133560,1.000000,0.043755232479,0
332,A,1791314311374264542,138917,1.000000,0.043755232479,0
333,A,1791314311374655566,134504,1.000000,0.043755232479,0
334,A,1791314311375047691,137052,1.000000,0.043755232479,0
335,A,1791314311375435366,132979,1.000000,0.043755232479,0
336,A,1791314311375823741,133387,1.000000,0.043755232479,0
337,A,1791314311376212596,134645,1.000000,0.043755232479,0
338,A,1791314311376612320,143242,1.000000,0.043755232479,0
339,A,1791314311377008235,136019,1.000000,0.043755232479,0
340,A,1791314311377398730,134677,1.000000,0.043755232479,0
341,A,1791314311377796075,142665,1.000000,0.043755232479,0
342,A,1791314311378184390,133722,1.000000,0.043755232479,0
343,A,1791314311378569225,132320,1.000000,0.043755232479,0
344,A,1791314311378948910,130668,1.000000,0.043755232479,0
345,A,1791314311379330744,132705,1.000000,0.043755232479,0
346,A,1791314311379714439,132743,1.000000,0.043755232479,1
347,B,1791314314294349101,285720,1.000000,0.117768731071,0
348,B,1791314314295064661,319916,1.000000,0.117768731071,1
349,A,1791314314381513396,479962,1.000000,0.043755232479,0
350,A,1791314314382250836,311095,1.000000,0.043755232479,0
351,A,1791314314382886218,297692,1.000000,0.043755232479,0
352,A,1791314314383458930,285450,1.000000,0.043755232479,0
353,A,1791314314384027403,283578,1.000000,0.043755232479,0
354,A,1791314314384455707,142368,1.000000,0.043755232479,0
355,A,1791314314384846502,135390,1.000000,0.043755232479,0
356,A,1791314314385236587,134602,1.000000,0.043755232479,0
357,A,1791314314385621242,132814,1.000000,0.043755232479,0
358,A,1791314314386006646,132805,1.000000,0.043755232479,0
359,A,1791314314386389531,133537,1.000000,0.043755232479,0
360,A,1791314314386773756,131849,1.000000,0.043755232479,0
361,A,1791314314387159131,132911,1.000000,0.043755232479,0
362,A,1791314314387545076,132223,1.000000,0.043755232479,0
363,A,1791314314387934661,134175,1.000000,0.043755232479,0
364,A,1791314314388318746,133487,1.000000,0.043755232479,0
365,A,1791314314388703491,132059,1.000000,0.043755232479,0
366,A,1791314314389094506,136841,1.000000,0.043755232479,0
367,A,1791314314389493690,143942,1.000000,0.043755232479,0
368,A,1791314314389879025,131364,1.000000,0.043755232479,0
369,A,1791314314390264860,132606,1.000000,0.043755232479,0
370,A,1791314314390648745,131518,1.000000,0.043755232479,0
371,A,1791314314391038530,131630,1.000000,0.043755232479,0
372,A,1791314314391423785,132252,1.000000,0.043755232479,0
373,A,1791314314391811730,136954,1.000000,0.043755232479,0
374,A,1791314314392198035,133016,1.000000,0.043755232479,0
375,A,1791314314392584169,133807,1.000000,0.043755232479,0
376,A,1791314314392968664,133419,1.000000,0.043755232479,0
377,A,1791314314393359639,137011,1.000000,0.043755232479,0
378,A,1791314314393745664,133463,1.000000,0.043755232479,0
379,A,1791314314394138339,138845,1.000000,0.043755232479,0
380,A,1791314314394530594,136867,1.000000,0.043755232479,0
381,A,1791314314394920109,134889,1.000000,0.043755232479,0
382,A,1791314314395313983,135280,1.000000,0.043755232479,0
383,A,1791314314395701918,132532,1.000000,0.043755232479,0
384,A,1791314314396096903,138614,1.000000,0.043755232479,0
385,A,1791314314396490238,139906,1.000000,0.043755232479,0
386,A,1791314314396890162,136896,1.000000,0.043755232479,0
387,A,1791314314397281417,132918,1.000000,0.043755232479,0
388,A,1791314314397680482,142110,1.000000,0.043755232479,0
389,A,1791314314398071637,136672,1.000000,0.043755232479,0
390,A,1791314314398458991,136773,1.000000,0.043755232479,0
391,A,1791314314398847546,134355,1.000000,0.043755232479,0
392,A,1791314314399232431,132707,1.000000,0.043755232479,0
393,A,1791314314399617206,132719,1.000000,0.043755232479,1
394,B,1791314317298790851,271091,1.000000,0.117768731071,0
395,B,1791314317299385083,274348,1.000000,0.117768731071,0
396,B,1791314317299954335,254556,1.000000,0.117768731071,0
397,B,1791314317300327210,188975,1.000000,0.117768731071,0
398,B,1791314317300594337,93385,1.000000,0.117768731071,0
399,B,1791314317300812444,90104,1.000000,0.117768731071,0
400,B,1791314317301007751,69163,1.000000,0.117768731071,0
401,B,1791314317301177129,68353,1.000000,0.117768731071,0
402,B,1791314317301347357,74503,1.000000,0.117768731071,0
403,B,1791314317301508395,65451,1.000000,0.117768731071,0
404,B,1791314317301668872,65490,1.000000,0.117768731071,0
405,B,1791314317301814110,51149,1.000000,0.117768731071,0
406,B,1791314317301962999,51340,1.000000,0.117768731071,0
407,B,1791314317302108607,49749,1.000000,0.117768731071,0
408,B,1791314317302256015,53738,1.000000,0.117768731071,0
409,B,1791314317302402273,50918,1.000000,0.117768731071,0
410,B,1791314317302547361,49607,1.000000,0.117768731071,0
411,B,1791314317302690099,50796,1.000000,0.117768731071,1
412,A,1791314317403464674,484947,1.000000,0.043755232479,1
413,B,1791314320306385603,421432,1.000000,0.117768731071,0
414,B,1791314320307220131,337316,1.000000,0.117768731071,0
415,B,1791314320307763674,244293,1.000000,0.117768731071,0
416,B,1791314320308162769,226510,1.000000,0.117768731071,0
417,B,1791314320308427825,97728,1.000000,0.117768731071,0
418,B,1791314320308692562,101497,1.000000,0.117768731071,0
419,B,1791314320308920779,89466,1.000000,0.117768731071,1
420,A,1791314320407425974,441567,1.000000,0.043755232479,0
421,A,1791314320408282643,415668,1.000000,0.043755232479,0
422,A,1791314320408976193,287001,1.000000,0.043755232479,1
423,B,1791314323312515397,305678,1.000000,0.117768731071,0
424,B,1791314323313262157,326661,1.000000,0.117768731071,0
425,B,1791314323313777430,221757,1.000000,0.117768731071,1
426,A,1791314323412848398,486199,1.000000,0.043755232479,1
427,B,1791314326317367302,259042,1.000000,0.117768731071,0
428,B,1791314326318230240,420114,1.000000,0.117768731071,0
429,B,1791314326318831692,281863,1.000000,0.117768731071,0
430,B,1791314326319218017,233177,1.000000,0.117768731071,0
431,B,1791314326319457974,86693,1.000000,0.117768731071,0
432,B,1791314326319684871,83225,1.000000,0.117768731071,0
433,B,1791314326319878818,74956,1.000000,0.117768731071,0
434,B,1791314326320066516,73459,1.000000,0.117768731071,0
435,B,1791314326320254453,75190,1.000000,0.117768731071,0
436,B,1791314326320426311,59181,1.000000,0.117768731071,0
437,B,1791314326320595369,57173,1.000000,0.117768731071,0
438,B,1791314326320761277,56194,1.000000,0.117768731071,0
439,B,1791314326320909905,58146,1.000000,0.117768731071,0
440,B,1791314326321065853,60467,1.000000,0.117768731071,0
441,B,1791314326321221721,65308,1.000000,0.117768731071,0
442,B,1791314326321371149,57900,1.000000,0.117768731071,0
443,B,1791314326321517267,57561,1.000000,0.117768731071,0
444,B,1791314326321660095,55892,1.000000,0.117768731071,1
445,A,1791314326416767075,387925,1.000000,0.043755232479,0
446,A,1791314326417373556,219008,1.000000,0.043755232479,0
447,A,1791314326417935919,286697,1.000000,0.043755232479,0
448,A,1791314326418377363,171926,1.000000,0.043755232479,0
449,A,1791314326418801398,157116,1.000000,0.043755232479,0
450,A,1791314326419204902,140236,1.000000,0.043755232479,0
451,A,1791314326419604497,130188,1.000000,0.043755232479,0
452,A,1791314326419992372,126869,1.000000,0.043755232479,0
453,A,1791314326420377887,130460,1.000000,0.043755232479,0
454,A,1791314326420762602,128732,1.000000,0.043755232479,0
455,A,1791314326421155176,129282,1.000000,0.043755232479,0
456,A,1791314326421536621,126103,1.000000,0.043755232479,0
457,A,1791314326421915316,123775,1.000000,0.043755232479,0
458,A,1791314326422294201,122996,1.000000,0.043755232479,0
459,A,1791314326422674526,123228,1.000000,0.043755232479,0
460,A,1791314326423055931,124639,1.000000,0.043755232479,1
461,B,1791314329325388736,465326,1.000000,0.117768731071,0
462,B,1791314329326285924,381181,1.000000,0.117768731071,0
463,B,1791314329326827956,256038,1.000000,0.117768731071,0
464,B,1791314329327098003,120397,1.000000,0.117768731071,1
465,A,1791314329426912150,477724,1.000000,0.043755232479,0
466,A,1791314329427730249,379129,1.000000,0.043755232479,0
467,A,1791314329428304102,284552,1.000000,0.043755232479,0
468,A,1791314329428727126,155218,1.000000,0.043755232479,0
469,A,1791314329429128921,131926,1.000000,0.043755232479,0
470,A,1791314329429517755,127494,1.000000,0.043755232479,0
471,A,1791314329429912600,124503,1.000000,0.043755232479,0
472,A,1791314329430297115,124242,1.000000,0.043755232479,0
473,A,1791314329430681070,123441,1.000000,0.043755232479,0
474,A,1791314329431059035,122741,1.000000,0.043755232479,0
475,A,1791314329431441880,127270,1.000000,0.043755232479,0
476,A,1791314329431815385,120849,1.000000,0.043755232479,0
477,A,1791314329432188630,121918,1.000000,0.043755232479,0
478,A,1791314329432572085,126528,1.000000,0.043755232479,0
479,A,1791314329432948820,123387,1.000000,0.043755232479,0
480,A,1791314329433330585,127316,1.000000,0.043755232479,0
481,A,1791314329433704880,121915,1.000000,0.043755232479,0
482,A,1791314329434083115,122325,1.000000,0.043755232479,0
483,A,1791314329434457990,123144,1.000000,0.043755232479,0
484,A,1791314329434831605,122053,1.000000,0.043755232479,0
485,A,1791314329435210590,128112,1.000000,0.043755232479,0
486,A,1791314329435584225,121142,1.000000,0.043755232479,0
487,A,1791314329435954930,119911,1.000000,0.043755232479,0
488,A,1791314329436334545,128830,1.000000,0.043755232479,0
489,A,1791314329436714060,124479,1.000000,0.043755232479,0
490,A,1791314329437093475,126299,1.000000,0.043755232479,0
491,A,1791314329437473590,125508,1.000000,0.043755232479,0
492,A,1791314329437863895,129967,1.000000,0.043755232479,0
493,A,1791314329438237930,123196,1.000000,0.043755232479,0
494,A,1791314329438615555,122995,1.000000,0.043755232479,0
495,A,1791314329438988840,121655,1.000000,0.043755232479,0
496,A,1791314329439364695,124854,1.000000,0.043755232479,0
497,A,1791314329439740470,121423,1.000000,0.043755232479,0
498,A,1791314329440113185,120682,1.000000,0.043755232479,0
499,A,1791314329440486890,123452,1.000000,0.043755232479,0
500,A,1791314329440864685,124171,1.000000,0.043755232479,0
501,A,1791314329441242650,124610,1.000000,0.043755232479,0
502,A,1791314329441639465,135879,1.000000,0.043755232479,0
503,A,1791314329442014120,122089,1.000000,0.043755232479,0
504,A,1791314329442391345,125318,1.000000,0.043755232479,0
505,A,1791314329442766290,121307,1.000000,0.043755232479,0
506,A,1791314329443138935,120736,1.000000,0.043755232479,0
507,A,1791314329443514870,122076,1.000000,0.043755232479,0
508,A,1791314329443889265,121735,1.000000,0.043755232479,0
509,A,1791314329444263280,123004,1.000000,0.043755232479,1
510,B,1791314332330837042,410170,1.000000,0.117768731071,1
511,A,1791314332448102128,471933,1.000000,0.043755232479,0
512,A,1791314332448961657,390528,1.000000,0.043755232479,0
513,A,1791314332449733307,416637,1.000000,0.043755232479,0
514,A,1791314332450184461,160151,1.000000,0.043755232479,0
515,A,1791314332450612525,158148,1.000000,0.043755232479,0
516,A,1791314332451005770,130697,1.000000,0.043755232479,0
517,A,1791314332451389865,127646,1.000000,0.043755232479,0
518,A,1791314332451782800,126016,1.000000,0.043755232479,0
519,A,1791314332452164765,125975,1.000000,0.043755232479,0
520,A,1791314332452545710,126514,1.000000,0.043755232479,0
521,A,1791314332452926435,125144,1.000000,0.043755232479,0
522,A,1791314332453306610,124803,1.000000,0.043755232479,0
523,A,1791314332453687554,126052,1.000000,0.043755232479,0
524,A,1791314332454068539,125311,1.000000,0.043755232479,0
525,A,1791314332454447854,124960,1.000000,0.043755232479,0
526,A,1791314332454832759,125820,1.000000,0.043755232479,0
527,A,1791314332455212544,125399,1.000000,0.043755232479,0
528,A,1791314332455597529,125999,1.000000,0.043755232479,0
529,A,1791314332455978224,127298,1.000000,0.043755232479,0
530,A,1791314332456355429,125248,1.000000,0.043755232479,0
531,A,1791314332456736864,125127,1.000000,0.043755232479,0
532,A,1791314332457116209,125976,1.000000,0.043755232479,0
533,A,1791314332457495614,126056,1.000000,0.043755232479,0
534,A,1791314332457873699,124455,1.000000,0.043755232479,0
535,A,1791314332458255404,125285,1.000000,0.043755232479,0
536,A,1791314332458638139,124444,1.000000,0.043755232479,0
537,A,1791314332459016274,123603,1.000000,0.043755232479,0
538,A,1791314332459399309,132303,1.000000,0.043755232479,0
539,A,1791314332459782004,126352,1.000000,0.043755232479,0
540,A,1791314332460159969,124052,1.000000,0.043755232479,0
541,A,1791314332460540164,126991,1.000000,0.043755232479,0
542,A,1791314332460920469,125931,1.000000,0.043755232479,0
543,A,1791314332461299144,124700,1.000000,0.043755232479,0
544,A,1791314332461677879,125169,1.000000,0.043755232479,1
545,B,1791314335334787920,349906,1.000000,0.117768731071,0
546,B,1791314335335446831,243360,1.000000,0.117768731071,0
547,B,1791314335335966944,256185,1.000000,0.117768731071,1
548,A,1791314335465526877,479815,1.000000,0.043755232479,0
549,A,1791314335466380896,447470,1.000000,0.043755232479,0
550,A,1791314335467088736,297837,1.000000,0.043755232479,0
551,A,1791314335467532550,160862,1.000000,0.043755232479,0
552,A,1791314335467952845,156420,1.000000,0.043755232479,0
553,A,1791314335468345140,130089,1.000000,0.043755232479,0
554,A,1791314335468734204,132717,1.000000,0.043755232479,0
555,A,1791314335469125159,131106,1.000000,0.043755232479,0
556,A,1791314335469511984,126865,1.000000,0.043755232479,0
557,A,1791314335469891569,125414,1.000000,0.043755232479,0
558,A,1791314335470271414,126223,1.000000,0.043755232479,0
559,A,1791314335470660419,125872,1.000000,0.043755232479,0
560,A,1791314335471038004,125031,1.000000,0.043755232479,0
561,A,1791314335471417699,124911,1.000000,0.043755232479,0
562,A,1791314335471798064,125430,1.000000,0.043755232479,0
563,A,1791314335472175839,124989,1.000000,0.043755232479,1
564,B,1791314338339702204,421011,1.000000,0.117768731071,0
565,B,1791314338340588612,404478,1.000000,0.117768731071,0
566,B,1791314338341197214,282796,1.000000,0.117768731071,0
567,B,1791314338341589339,258910,1.000000,0.117768731071,0
568,B,1791314338341838346,115585,1.000000,0.117768731071,0
569,B,1791314338342066183,106437,1.000000,0.117768731071,0
570,B,1791314338342289120,105599,1.000000,0.117768731071,0
571,B,1791314338342480567,98670,1.000000,0.117768731071,0
572,B,1791314338342665625,97091,1.000000,0.117768731071,0
573,B,1791314338342848473,95513,1.000000,0.117768731071,0
574,B,1791314338343011480,96344,1.000000,0.117768731071,0
575,B,1791314338343160468,84275,1.000000,0.117768731071,0
576,B,1791314338343315846,89176,1.000000,0.117768731071,0
577,B,1791314338343462714,81888,1.000000,0.117768731071,0
578,B,1791314338343606312,80489,1.000000,0.117768731071,1
579,A,1791314338476017898,482989,1.000000,0.043755232479,0
580,A,1791314338476779228,314642,1.000000,0.043755232479,0
581,A,1791314338477406329,311348,1.000000,0.043755232479,0
582,A,1791314338477841694,166729,1.000000,0.043755232479,0
583,A,1791314338478275248,174540,1.000000,0.043755232479,0
584,A,1791314338478687352,154670,1.000000,0.043755232479,0
585,A,1791314338479075517,134302,1.000000,0.043755232479,0
586,A,1791314338479458622,134414,1.000000,0.043755232479,0
587,A,1791314338479846567,133546,1.000000,0.043755232479,0
588,A,1791314338480226332,133148,1.000000,0.043755232479,0
589,A,1791314338480608607,137061,1.000000,0.043755232479,0
590,A,1791314338480993712,132863,1.000000,0.043755232479,0
591,A,1791314338481371907,130685,1.000000,0.043755232479,0
592,A,1791314338481759012,130657,1.000000,0.043755232479,0
593,A,1791314338482136017,129109,1.000000,0.043755232479,0
594,A,1791314338482513162,130081,1.000000,0.043755232479,0
595,A,1791314338482894307,130563,1.000000,0.043755232479,0
596,A,1791314338483272602,131115,1.000000,0.043755232479,0
597,A,1791314338483652197,130467,1.000000,0.043755232479,0
598,A,1791314338484028302,127919,1.000000,0.043755232479,0
599,A,1791314338484404867,130972,1.000000,0.043755232479,0
600,A,1791314338484781322,128924,1.000000,0.043755232479,0
601,A,1791314338485162707,132906,1.000000,0.043755232479,0
602,A,1791314338485546252,132788,1.000000,0.043755232479,0
603,A,1791314338485929867,135560,1.000000,0.043755232479,1
604,B,1791314341347200044,349576,1.000000,0.117768731071,1
605,A,1791314341489701016,427029,1.000000,0.043755232479,0
606,A,1791314341490398787,320347,1.000000,0.043755232479,0
607,A,1791314341490979759,293370,1.000000,0.043755232479,0
608,A,1791314341491542272,291563,1.000000,0.043755232479,0
609,A,1791314341491972536,164048,1.000000,0.043755232479,0
610,A,1791314341492399940,163495,1.000000,0.043755232479,0
611,A,1791314341492808925,145003,1.000000,0.043755232479,0
612,A,1791314341493208200,138902,1.000000,0.043755232479,0
613,A,1791314341493593545,131791,1.000000,0.043755232479,0
614,A,1791314341493973970,130969,1.000000,0.043755232479,0
615,A,1791314341494354145,130818,1.000000,0.043755232479,0
616,A,1791314341494740669,131766,1.000000,0.043755232479,1
617,B,1791314344350995249,351252,1.000000,0.117768731071,1
618,A,1791314344498452946,363069,1.000000,0.043755232479,0
619,A,1791314344499116077,290621,1.000000,0.043755232479,0
620,A,1791314344499680970,275467,1.000000,0.043755232479,0
621,A,1791314344500108184,150104,1.000000,0.043755232479,0
622,A,1791314344500530188,148133,1.000000,0.043755232479,0
623,A,1791314344500930113,127243,1.000000,0.043755232479,1
624,B,1791314347354798008,288385,1.000000,0.117768731071,0
625,B,1791314347355528818,307591,1.000000,0.117768731071,0
626,B,1791314347356058101,267417,1.000000,0.117768731071,0
627,B,1791314347356463476,147476,1.000000,0.117768731071,0
628,B,1791314347356703593,98715,1.000000,0.117768731071,0
629,B,1791314347356922940,98174,1.000000,0.117768731071,0
630,B,1791314347357097328,89883,1.000000,0.117768731071,0
631,B,1791314347357261795,86581,1.000000,0.117768731071,0
632,B,1791314347357430973,91040,1.000000,0.117768731071,0
633,B,1791314347357594871,85960,1.000000,0.117768731071,0
634,B,1791314347357761059,86159,1.000000,0.117768731071,0
635,B,1791314347357908057,70958,1.000000,0.117768731071,0
636,B,1791314347358053395,69307,1.000000,0.117768731071,0
637,B,1791314347358197753,69316,1.000000,0.117768731071,0
638,B,1791314347358345601,72235,1.000000,0.117768731071,0
639,B,1791314347358493009,71043,1.000000,0.117768731071,0
640,B,1791314347358637177,69942,1.000000,0.117768731071,1
641,A,1791314347504545714,265602,1.000000,0.043755232479,0
642,A,1791314347505163906,242674,1.000000,0.043755232479,0
643,A,1791314347505814867,264115,1.000000,0.043755232479,0
644,A,1791314347506237812,135821,1.000000,0.043755232479,0
645,A,1791314347506640156,109759,1.000000,0.043755232479,0
646,A,1791314347507022901,107467,1.000000,0.043755232479,0
647,A,1791314347507403676,104836,1.000000,0.043755232479,0
648,A,1791314347507779931,103555,1.000000,0.043755232479,0
649,A,1791314347508154246,101954,1.000000,0.043755232479,0
650,A,1791314347508528021,103053,1.000000,0.043755232479,0
651,A,1791314347508911446,111393,1.000000,0.043755232479,0
652,A,1791314347509292511,105361,1.000000,0.043755232479,0
653,A,1791314347509670436,104010,1.000000,0.043755232479,0
654,A,1791314347510046951,101319,1.000000,0.043755232479,0
655,A,1791314347510431036,111728,1.000000,0.043755232479,0
656,A,1791314347510808521,102887,1.000000,0.043755232479,1
657,B,1791314350362376006,475173,1.000000,0.117768731071,1
658,A,1791314350514616428,444192,1.000000,0.043755232479,1
659,B,1791314353366247484,269546,1.000000,0.117768731071,0
660,B,1791314353367117442,418924,1.000000,0.117768731071,0
661,B,1791314353367746874,289955,1.000000,0.117768731071,0
662,B,1791314353368150078,148768,1.000000,0.117768731071,0
663,B,1791314353368426815,126355,1.000000,0.117768731071,0
664,B,1791314353368669032,105282,1.000000,0.117768731071,0
665,B,1791314353368875549,96519,1.000000,0.117768731071,0
666,B,1791314353369045217,89507,1.000000,0.117768731071,1
667,A,1791314353518494236,404957,1.000000,0.043755232479,0
668,A,1791314353519132878,191064,1.000000,0.043755232479,0
669,A,1791314353519614401,165158,1.000000,0.043755232479,0
670,A,1791314353520039666,135755,1.000000,0.043755232479,0
671,A,1791314353520462440,136482,1.000000,0.043755232479,0
672,A,1791314353520856565,108810,1.000000,0.043755232479,0
673,A,1791314353521241620,105148,1.000000,0.043755232479,0
674,A,1791314353521623395,104477,1.000000,0.043755232479,0
675,A,1791314353522013690,104885,1.000000,0.043755232479,0
676,A,1791314353522406094,116392,1.000000,0.043755232479,0
677,A,1791314353522789629,105971,1.000000,0.043755232479,0
678,A,1791314353523170304,101709,1.000000,0.043755232479,0
679,A,1791314353523547929,102658,1.000000,0.043755232479,0
680,A,1791314353523928744,103446,1.000000,0.043755232479,0
681,A,1791314353524308239,102745,1.000000,0.043755232479,0
682,A,1791314353524690004,106003,1.000000,0.043755232479,0
683,A,1791314353525074029,104151,1.000000,0.043755232479,0
684,A,1791314353525452664,103380,1.000000,0.043755232479,0
685,A,1791314353525833149,102728,1.000000,0.043755232479,0
686,A,1791314353526211824,103387,1.000000,0.043755232479,0
687,A,1791314353526591509,104095,1.000000,0.043755232479,0
688,A,1791314353526971084,102044,1.000000,0.043755232479,0
689,A,1791314353527364139,108382,1.000000,0.043755232479,0
690,A,1791314353527743023,102230,1.000000,0.043755232479,0
691,A,1791314353528138538,103648,1.000000,0.043755232479,0
692,A,1791314353528519133,103906,1.000000,0.043755232479,0
693,A,1791314353528897908,102675,1.000000,0.043755232479,0
694,A,1791314353529281083,105993,1.000000,0.043755232479,0
695,A,1791314353529663998,107522,1.000000,0.043755232479,0
696,A,1791314353530046153,103990,1.000000,0.043755232479,0
697,A,1791314353530425398,102619,1.000000,0.043755232479,0
698,A,1791314353530807703,102527,1.000000,0.043755232479,0
699,A,1791314353531189278,102375,1.000000,0.043755232479,0
700,A,1791314353531572893,108554,1.000000,0.043755232479,0
701,A,1791314353531954098,104002,1.000000,0.043755232479,0
702,A,1791314353532328503,100811,1.000000,0.043755232479,0
703,A,1791314353532714968,106499,1.000000,0.043755232479,0
704,A,1791314353533094482,102017,1.000000,0.043755232479,0
705,A,1791314353533474027,102885,1.000000,0.043755232479,0
706,A,1791314353533853812,101954,1.000000,0.043755232479,0
707,A,1791314353534233147,101752,1.000000,0.043755232479,0
708,A,1791314353534611722,103711,1.000000,0.043755232479,0
709,A,1791314353534989847,101269,1.000000,0.043755232479,0
710,A,1791314353535370242,103078,1.000000,0.043755232479,0
711,A,1791314353535745607,101236,1.000000,0.043755232479,0
712,A,1791314353536122462,101525,1.000000,0.043755232479,1
713,B,1791314356372670892,383038,1.000000,0.117768731071,0
714,B,1791314356373391672,424940,1.000000,0.117768731071,0
715,B,1791314356373974485,277167,1.000000,0.117768731071,1
716,A,1791314356539777788,328657,1.000000,0.043755232479,1
717,B,1791314359377797452,394758,1.000000,0.117768731071,0
718,B,1791314359378628011,385655,1.000000,0.117768731071,0
719,B,1791314359379169804,259057,1.000000,0.117768731071,0
720,B,1791314359379698507,253149,1.000000,0.117768731071,0
721,B,1791314359379970283,109144,1.000000,0.117768731071,1
722,A,1791314359541420893,444589,1.000000,0.043755232479,0
723,A,1791314359542156214,381106,1.000000,0.043755232479,0
724,A,1791314359542821795,274722,1.000000,0.043755232479,0
725,A,1791314359543249029,147873,1.000000,0.043755232479,0
726,A,1791314359543639774,116446,1.000000,0.043755232479,0
727,A,1791314359544029249,114769,1.000000,0.043755232479,0
728,A,1791314359544407754,112992,1.000000,0.043755232479,0
729,A,1791314359544785719,112535,1.000000,0.043755232479,0
730,A,1791314359545162354,109038,1.000000,0.043755232479,0
731,A,1791314359545538119,108181,1.000000,0.043755232479,0
732,A,1791314359545911684,108463,1.000000,0.043755232479,0
733,A,1791314359546283559,107736,1.000000,0.043755232479,0
734,A,1791314359546671504,115249,1.000000,0.043755232479,0
735,A,1791314359547043209,107082,1.000000,0.043755232479,0
736,A,1791314359547413934,108065,1.000000,0.043755232479,0
737,A,1791314359547786369,107618,1.000000,0.043755232479,0
738,A,1791314359548157984,106641,1.000000,0.043755232479,0
739,A,1791314359548529169,107164,1.000000,0.043755232479,0
740,A,1791314359548907014,113137,1.000000,0.043755232479,0
741,A,1791314359549283839,109420,1.000000,0.043755232479,0
742,A,1791314359549656214,109223,1.000000,0.043755232479,0
743,A,1791314359550033549,111016,1.000000,0.043755232479,0
744,A,1791314359550405514,109069,1.000000,0.043755232479,0
745,A,1791314359550779930,109063,1.000000,0.043755232479,0
746,A,1791314359551153335,108816,1.000000,0.043755232479,0
747,A,1791314359551526270,110689,1.000000,0.043755232479,1
748,B,1791314362383653285,369803,1.000000,0.117768731071,0
749,B,1791314362384456444,366087,1.000000,0.117768731071,0
750,B,1791314362385037136,287081,1.000000,0.117768731071,0
751,B,1791314362385594449,278096,1.000000,0.117768731071,0
752,B,1791314362386017643,254938,1.000000,0.117768731071,0
753,B,1791314362386427668,248401,1.000000,0.117768731071,0
754,B,1791314362386662935,129355,1.000000,0.117768731071,0
755,B,1791314362386883302,127266,1.000000,0.117768731071,0
756,B,1791314362387101039,126857,1.000000,0.117768731071,0
757,B,1791314362387294716,105118,1.000000,0.117768731071,0
758,B,1791314362387455814,71390,1.000000,0.117768731071,0
759,B,1791314362387605952,66831,1.000000,0.117768731071,1
760,A,1791314362555435098,545963,1.000000,0.043755232479,0
761,A,1791314362556211088,336458,1.000000,0.043755232479,0
762,A,1791314362556848429,312068,1.000000,0.043755232479,0
763,A,1791314362557447971,309841,1.000000,0.043755232479,0
764,A,1791314362558036793,300084,1.000000,0.043755232479,0
765,A,1791314362558486307,176309,1.000000,0.043755232479,0
766,A,1791314362558930082,173007,1.000000,0.043755232479,0
767,A,1791314362559366406,172684,1.000000,0.043755232479,0
768,A,1791314362559802180,172881,1.000000,0.043755232479,0
769,A,1791314362560227304,150878,1.000000,0.043755232479,0
770,A,1791314362560621009,136367,1.000000,0.043755232479,0
771,A,1791314362561011594,133715,1.000000,0.043755232479,0
772,A,1791314362561397859,127814,1.000000,0.043755232479,0
773,A,1791314362561777854,125423,1.000000,0.043755232479,0
774,A,1791314362562161199,122162,1.000000,0.043755232479,0
775,A,1791314362562536044,120561,1.000000,0.043755232479,0
776,A,1791314362562912979,121351,1.000000,0.043755232479,0
777,A,1791314362563288464,121420,1.000000,0.043755232479,0
778,A,1791314362563661579,120629,1.000000,0.043755232479,0
779,A,1791314362564036694,121178,1.000000,0.043755232479,0
780,A,1791314362564411539,120967,1.000000,0.043755232479,0
781,A,1791314362564787394,121066,1.000000,0.043755232479,0
782,A,1791314362565163609,121985,1.000000,0.043755232479,0
783,A,1791314362565542634,119905,1.000000,0.043755232479,0
784,A,1791314362565920699,121664,1.000000,0.043755232479,0
785,A,1791314362566296554,120703,1.000000,0.043755232479,0
786,A,1791314362566670369,122422,1.000000,0.043755232479,0
787,A,1791314362567050994,125241,1.000000,0.043755232479,0
788,A,1791314362567427029,121670,1.000000,0.043755232479,0
789,A,1791314362567803704,122019,1.000000,0.043755232479,0
790,A,1791314362568183989,121308,1.000000,0.043755232479,0
791,A,1791314362568560504,122827,1.000000,0.043755232479,0
792,A,1791314362568937169,121437,1.000000,0.043755232479,0
793,A,1791314362569311434,119336,1.000000,0.043755232479,1
794,B,1791314365391325279,462391,1.000000,0.117768731071,0
795,B,1791314365392234047,428164,1.000000,0.117768731071,0
796,B,1791314365392812479,277309,1.000000,0.117768731071,0
797,B,1791314365393369592,273665,1.000000,0.117768731071,0
798,B,1791314365393793526,244780,1.000000,0.117768731071,0
799,B,1791314365394078913,128509,1.000000,0.117768731071,0
800,B,1791314365394330129,122506,1.000000,0.117768731071,0
801,B,1791314365394535827,99415,1.000000,0.117768731071,1
802,A,1791314365572991372,340586,1.000000,0.043755232479,1
803,B,1791314368398260063,461078,1.000000,0.117768731071,0
804,B,1791314368399007253,363313,1.000000,0.117768731071,0
805,B,1791314368399550686,252768,1.000000,0.117768731071,0
806,B,1791314368399948221,254499,1.000000,0.117768731071,0
807,B,1791314368400241267,156072,1.000000,0.117768731071,0
808,B,1791314368400526813,138594,1.000000,0.117768731071,0
809,B,1791314368400750960,128695,1.000000,0.117768731071,0
810,B,1791314368400968227,126376,1.000000,0.117768731071,0
811,B,1791314368401162255,101708,1.000000,0.117768731071,0
812,B,1791314368401370722,124768,1.000000,0.117768731071,0
813,B,1791314368401532820,71890,1.000000,0.117768731071,0
814,B,1791314368401679928,64221,1.000000,0.117768731071,1
815,A,1791314368576921716,485344,1.000000,0.043755232479,0
816,A,1791314368577657426,307741,1.000000,0.043755232479,1
817,B,1791314371405294151,459608,1.000000,0.117768731071,0
818,B,1791314371406187569,482987,1.000000,0.117768731071,0
819,B,1791314371406816521,263322,1.000000,0.117768731071,0
820,B,1791314371407356934,253536,1.000000,0.117768731071,0
821,B,1791314371407774948,249291,1.000000,0.117768731071,0
822,B,1791314371408044825,125369,1.000000,0.117768731071,1
823,A,1791314371581358989,348386,1.000000,0.043755232479,0
824,A,1791314371582020440,310171,1.000000,0.043755232479,0
825,A,1791314371582619633,291658,1.000000,0.043755232479,0
826,A,1791314371583193035,288655,1.000000,0.043755232479,0
827,A,1791314371583649739,171734,1.000000,0.043755232479,0
828,A,1791314371584082773,164064,1.000000,0.043755232479,0
829,A,1791314371584509978,160705,1.000000,0.043755232479,0
830,A,1791314371584944252,167386,1.000000,0.043755232479,0
831,A,1791314371585387566,172146,1.000000,0.043755232479,0
832,A,1791314371585805770,146086,1.000000,0.043755232479,0
833,A,1791314371586191745,119077,1.000000,0.043755232479,0
834,A,1791314371586570550,116709,1.000000,0.043755232479,0
835,A,1791314371586951695,114750,1.000000,0.043755232479,0
836,A,1791314371587328240,114372,1.000000,0.043755232479,0
837,A,1791314371587701325,114733,1.000000,0.043755232479,1
838,B,1791314374411755759,434519,1.000000,0.117768731071,0
839,B,1791314374412594958,387818,1.000000,0.117768731071,1
840,A,1791314374591557026,529158,1.000000,0.043755232479,0
841,A,1791314374592254417,329225,1.000000,0.043755232479,0
842,A,1791314374592851029,301447,1.000000,0.043755232479,0
843,A,1791314374593432271,299020,1.000000,0.043755232479,0
844,A,1791314374594013874,299444,1.000000,0.043755232479,0
845,A,1791314374594479377,184098,1.000000,0.043755232479,0
846,A,1791314374594916972,173066,1.000000,0.043755232479,0
847,A,1791314374595361156,181493,1.000000,0.043755232479,0
848,A,1791314374595770010,147050,1.000000,0.043755232479,0
849,A,1791314374596173265,146929,1.000000,0.043755232479,0
850,A,1791314374596552490,126758,1.000000,0.043755232479,0
851,A,1791314374596927265,122707,1.000000,0.043755232479,0
852,A,1791314374597322230,139896,1.000000,0.043755232479,0
853,A,1791314374597698045,122125,1.000000,0.043755232479,0
854,A,1791314374598074200,121904,1.000000,0.043755232479,0
855,A,1791314374598456955,126083,1.000000,0.043755232479,0
856,A,1791314374598831430,122222,1.000000,0.043755232479,0
857,A,1791314374599217985,121671,1.000000,0.043755232479,0
858,A,1791314374599592950,122610,1.000000,0.043755232479,0
859,A,1791314374599972105,122249,1.000000,0.043755232479,0
860,A,1791314374600351790,121548,1.000000,0.043755232479,0
861,A,1791314374600727385,121518,1.000000,0.043755232479,0
862,A,1791314374601105300,122467,1.000000,0.043755232479,0
863,A,1791314374601484855,127566,1.000000,0.043755232479,0
864,A,1791314374601856900,120665,1.000000,0.043755232479,1
865,B,1791314377416496093,449123,1.000000,0.117768731071,0
866,B,1791314377417490880,526938,1.000000,0.117768731071,0
867,B,1791314377418135762,302037,1.000000,0.117768731071,0
868,B,1791314377418685794,279433,1.000000,0.117768731071,0
869,B,1791314377419109189,261952,1.000000,0.117768731071,0
870,B,1791314377419529993,265870,1.000000,0.117768731071,0
871,B,1791314377419765000,136690,1.000000,0.117768731071,0
872,B,1791314377419983417,132899,1.000000,0.117768731071,0
873,B,1791314377420199134,133038,1.000000,0.117768731071,0
874,B,1791314377420390072,109177,1.000000,0.117768731071,0
875,B,1791314377420547780,77187,1.000000,0.117768731071,1
876,A,1791314377605683306,480663,1.000000,0.043755232479,0
877,A,1791314377606542544,411991,1.000000,0.043755232479,0
878,A,1791314377607232125,330074,1.000000,0.043755232479,0
879,A,1791314377607840457,299599,1.000000,0.043755232479,0
880,A,1791314377608417959,288834,1.000000,0.043755232479,0
881,A,1791314377608862654,172183,1.000000,0.043755232479,0
882,A,1791314377609301828,170182,1.000000,0.043755232479,0
883,A,1791314377609739642,170471,1.000000,0.043755232479,0
884,A,1791314377610175676,169581,1.000000,0.043755232479,1
885,B,1791314380424243786,432036,1.000000,0.117768731071,0
886,B,1791314380425087645,393101,1.000000,0.117768731071,0
887,B,1791314380425674197,281936,1.000000,0.117768731071,0
888,B,1791314380426223510,276840,1.000000,0.117768731071,0
889,B,1791314380426620035,256833,1.000000,0.117768731071,0
890,B,1791314380426903031,144387,1.000000,0.117768731071,0
891,B,1791314380427157228,139399,1.000000,0.117768731071,0
892,B,1791314380427378975,131880,1.000000,0.117768731071,0
893,B,1791314380427589882,115402,1.000000,0.117768731071,0
894,B,1791314380427787589,110002,1.000000,0.117768731071,0
895,B,1791314380427974137,95783,1.000000,0.117768731071,0
896,B,1791314380428131365,70425,1.000000,0.117768731071,0
897,B,1791314380428282383,66336,1.000000,0.117768731071,0
898,B,1791314380428424091,66217,1.000000,0.117768731071,0
899,B,1791314380428569089,68377,1.000000,0.117768731071,0
900,B,1791314380428712377,65418,1.000000,0.117768731071,0
901,B,1791314380428856255,67699,1.000000,0.117768731071,0
902,B,1791314380428999293,67940,1.000000,0.117768731071,0
903,B,1791314380429140571,65741,1.000000,0.117768731071,0
904,B,1791314380429278120,63732,1.000000,0.117768731071,1
905,A,1791314380613939354,399376,1.000000,0.043755232479,0
906,A,1791314380614769003,427742,1.000000,0.043755232479,0
907,A,1791314380615580142,435619,1.000000,0.043755232479,0
908,A,1791314380616201794,321859,1.000000,0.043755232479,0
909,A,1791314380616690537,208093,1.000000,0.043755232479,0
910,A,1791314380617157931,183159,1.000000,0.043755232479,0
911,A,1791314380617604945,183046,1.000000,0.043755232479,0
912,A,1791314380618040209,175043,1.000000,0.043755232479,0
913,A,1791314380618460304,156311,1.000000,0.043755232479,0
914,A,1791314380618874588,154599,1.000000,0.043755232479,0
915,A,1791314380619266773,128837,1.000000,0.043755232479,0
916,A,1791314380619648338,126806,1.000000,0.043755232479,0
917,A,1791314380620027343,123975,1.000000,0.043755232479,1
918,B,1791314383432951468,406965,1.000000,0.117768731071,0
919,B,1791314383433591670,281936,1.000000,0.117768731071,0
920,B,1791314383434152113,262017,1.000000,0.117768731071,0
921,B,1791314383434694075,257349,1.000000,0.117768731071,0
922,B,1791314383434970882,110215,1.000000,0.117768731071,0
923,B,1791314383435188079,97892,1.000000,0.117768731071,0
924,B,1791314383435387936,95109,1.000000,0.117768731071,1
925,A,1791314383623876179,474481,1.000000,0.043755232479,0
926,A,1791314383624622509,331663,1.000000,0.043755232479,0
927,A,1791314383625262660,300868,1.000000,0.043755232479,0
928,A,1791314383625817583,284307,1.000000,0.043755232479,0
929,A,1791314383626243527,158496,1.000000,0.043755232479,0
930,A,1791314383626663742,156587,1.000000,0.043755232479,0
931,A,1791314383627082706,154348,1.000000,0.043755232479,0
932,A,1791314383627499200,154628,1.000000,0.043755232479,0
933,A,1791314383627924474,157019,1.000000,0.043755232479,0
934,A,1791314383628319069,130300,1.000000,0.043755232479,0
935,A,1791314383628702734,129332,1.000000,0.043755232479,0
936,A,1791314383629088539,129744,1.000000,0.043755232479,0
937,A,1791314383629468504,126295,1.000000,0.043755232479,0
938,A,1791314383629848499,127277,1.000000,0.043755232479,0
939,A,1791314383630228244,126849,1.000000,0.043755232479,0
940,A,1791314383630614838,133150,1.000000,0.043755232479,0
941,A,1791314383630994613,125021,1.000000,0.043755232479,0
942,A,1791314383631372448,124553,1.000000,0.043755232479,0
943,A,1791314383631752313,125795,1.000000,0.043755232479,1
944,B,1791314386438985948,321966,1.000000,0.117768731071,0
945,B,1791314386439787438,419221,1.000000,0.117768731071,0
946,B,1791314386440569277,341207,1.000000,0.117768731071,0
947,B,1791314386440999262,149385,1.000000,0.117768731071,1
948,A,1791314386635491546,387610,1.000000,0.043755232479,0
949,A,1791314386636195707,317857,1.000000,0.043755232479,0
950,A,1791314386636695590,208389,1.000000,0.043755232479,0
951,A,1791314386637149374,160034,1.000000,0.043755232479,0
952,A,1791314386637573178,161891,1.000000,0.043755232479,0
953,A,1791314386637995333,156788,1.000000,0.043755232479,0
954,A,1791314386638413147,155555,1.000000,0.043755232479,0
955,A,1791314386638813972,133882,1.000000,0.043755232479,1
956,B,1791314389444725691,397823,1.000000,0.117768731071,0
957,B,1791314389445565620,366926,1.000000,0.117768731071,0
958,B,1791314389446005345,248084,1.000000,0.117768731071,1
959,A,1791314389641452564,432234,1.000000,0.043755232479,0
960,A,1791314389642226094,327005,1.000000,0.043755232479,0
961,A,1791314389642759357,212781,1.000000,0.043755232479,0
962,A,1791314389643191311,159281,1.000000,0.043755232479,0
963,A,1791314389643612196,158351,1.000000,0.043755232479,0
964,A,1791314389644027090,153901,1.000000,0.043755232479,0
965,A,1791314389644439385,153372,1.000000,0.043755232479,0
966,A,1791314389644858899,155452,1.000000,0.043755232479,0
967,A,1791314389645274524,154433,1.000000,0.043755232479,0
968,A,1791314389645675749,142564,1.000000,0.043755232479,0
969,A,1791314389646059704,128845,1.000000,0.043755232479,0
970,A,1791314389646437709,126976,1.000000,0.043755232479,0
971,A,1791314389646815824,128057,1.000000,0.043755232479,0
972,A,1791314389647193639,128469,1.000000,0.043755232479,0
973,A,1791314389647571274,126130,1.000000,0.043755232479,0
974,A,1791314389647947519,126431,1.000000,0.043755232479,0
975,A,1791314389648324254,123933,1.000000,0.043755232479,0
976,A,1791314389648700379,126374,1.000000,0.043755232479,0
977,A,1791314389649100723,130304,1.000000,0.043755232479,0
978,A,1791314389649484978,126085,1.000000,0.043755232479,0
979,A,1791314389649865563,125606,1.000000,0.043755232479,0
980,A,1791314389650246198,124368,1.000000,0.043755232479,0
981,A,1791314389650629373,126089,1.000000,0.043755232479,0
982,A,1791314389651016568,124860,1.000000,0.043755232479,0
983,A,1791314389651402473,123491,1.000000,0.043755232479,0
984,A,1791314389651777248,123422,1.000000,0.043755232479,1
985,B,1791314392449829682,409279,1.000000,0.117768731071,0
986,B,1791314392450586042,358196,1.000000,0.117768731071,0
987,B,1791314392451049116,271503,1.000000,0.117768731071,1
988,A,1791314392653474255,453513,1.000000,0.043755232479,0
989,A,1791314392654298244,420949,1.000000,0.043755232479,0
990,A,1791314392655026684,316126,1.000000,0.043755232479,0
991,A,1791314392655478088,160931,1.000000,0.043755232479,0
992,A,1791314392655904553,157319,1.000000,0.043755232479,0
993,A,1791314392656327357,155217,1.000000,0.043755232479,0
994,A,1791314392656765111,155864,1.000000,0.043755232479,0
995,A,1791314392657185046,153482,1.000000,0.043755232479,0
996,A,1791314392657605140,158690,1.000000,0.043755232479,0
997,A,1791314392658022904,152427,1.000000,0.043755232479,0
998,A,1791314392658441179,152976,1.000000,0.043755232479,0
999,A,1791314392658837064,129864,1.000000,0.043755232479,0
1000,A,1791314392659232768,137332,1.000000,0.043755232479,0
1001,A,1791314392659613493,125451,1.000000,0.043755232479,0
1002,A,1791314392659992998,125130,1.000000,0.043755232479,0
1003,A,1791314392660374943,126329,1.000000,0.043755232479,0
1004,A,1791314392660759578,127268,1.000000,0.043755232479,0
1005,A,1791314392661150473,130037,1.000000,0.043755232479,0
1006,A,1791314392661528978,126136,1.000000,0.043755232479,0
1007,A,1791314392661913833,131426,1.000000,0.043755232479,0
1008,A,1791314392662291258,125225,1.000000,0.043755232479,1
1009,B,1791314395454927504,426962,1.000000,0.117768731071,0
1010,B,1791314395455798162,417895,1.000000,0.117768731071,0
1011,B,1791314395456594082,350239,1.000000,0.117768731071,0
1012,B,1791314395457106985,253225,1.000000,0.117768731071,0
1013,B,1791314395457379691,125394,1.000000,0.117768731071,0
1014,B,1791314395457623728,99812,1.000000,0.117768731071,0
1015,B,1791314395457832055,94910,1.000000,0.117768731071,1
1016,A,1791314395666110785,461669,1.000000,0.043755232479,0
1017,A,1791314395666853625,298509,1.000000,0.043755232479,0
1018,A,1791314395667603175,342471,1.000000,0.043755232479,0
1019,A,1791314395668163388,282617,1.000000,0.043755232479,0
1020,A,1791314395668599202,163164,1.000000,0.043755232479,0
1021,A,1791314395669000827,129164,1.000000,0.043755232479,0
1022,A,1791314395669389942,124245,1.000000,0.043755232479,0
1023,A,1791314395669776027,126065,1.000000,0.043755232479,0
1024,A,1791314395670159811,124275,1.000000,0.043755232479,0
1025,A,1791314395670548776,129706,1.000000,0.043755232479,0
1026,A,1791314395670937181,124596,1.000000,0.043755232479,0
1027,A,1791314395671319786,122567,1.000000,0.043755232479,0
1028,A,1791314395671699821,122427,1.000000,0.043755232479,0
1029,A,1791314395672080886,121928,1.000000,0.043755232479,0
1030,A,1791314395672462901,125509,1.000000,0.043755232479,0
1031,A,1791314395672847036,124809,1.000000,0.043755232479,0
1032,A,1791314395673228471,122380,1.000000,0.043755232479,0
1033,A,1791314395673609516,122180,1.000000,0.043755232479,0
1034,A,1791314395674004141,133921,1.000000,0.043755232479,0
1035,A,1791314395674387405,122340,1.000000,0.043755232479,0
1036,A,1791314395674767660,122131,1.000000,0.043755232479,0
1037,A,1791314395675151815,121652,1.000000,0.043755232479,0
1038,A,1791314395675529230,120872,1.000000,0.043755232479,0
1039,A,1791314395675911755,123863,1.000000,0.043755232479,0
1040,A,1791314395676297220,122543,1.000000,0.043755232479,0
1041,A,1791314395676683565,125214,1.000000,0.043755232479,0
1042,A,1791314395677071350,123354,1.000000,0.043755232479,0
1043,A,1791314395677459445,124435,1.000000,0.043755232479,0
1044,A,1791314395677841080,122935,1.000000,0.043755232479,0
1045,A,1791314395678221795,121896,1.000000,0.043755232479,0
1046,A,1791314395678610170,133847,1.000000,0.043755232479,0
1047,A,1791314395678991195,121757,1.000000,0.043755232479,0
1048,A,1791314395679368530,121148,1.000000,0.043755232479,0
1049,A,1791314395679749305,123088,1.000000,0.043755232479,0
1050,A,1791314395680139309,122578,1.000000,0.043755232479,0
1051,A,1791314395680518224,121208,1.000000,0.043755232479,0
1052,A,1791314395680902109,125089,1.000000,0.043755232479,0
1053,A,1791314395681289514,122720,1.000000,0.043755232479,0
1054,A,1791314395681673199,123750,1.000000,0.043755232479,0
1055,A,1791314395682055914,122161,1.000000,0.043755232479,0
1056,A,1791314395682441839,124201,1.000000,0.043755232479,0
1057,A,1791314395682827884,123072,1.000000,0.043755232479,0
1058,A,1791314395683217819,127542,1.000000,0.043755232479,0
1059,A,1791314395683604664,124753,1.000000,0.043755232479,0
1060,A,1791314395683984718,120222,1.000000,0.043755232479,0
1061,A,1791314395684364353,121173,1.000000,0.043755232479,0
1062,A,1791314395684749708,124834,1.000000,0.043755232479,0
1063,A,1791314395685149023,141194,1.000000,0.043755232479,0
1064,A,1791314395685527188,120535,1.000000,0.043755232479,0
1065,A,1791314395685904413,120515,1.000000,0.043755232479,0
1066,A,1791314395686283568,121716,1.000000,0.043755232479,0
1067,A,1791314395686676973,133827,1.000000,0.043755232479,0
1068,A,1791314395687054638,120427,1.000000,0.043755232479,0
1069,A,1791314395687435493,120008,1.000000,0.043755232479,0
1070,A,1791314395687821007,128077,1.000000,0.043755232479,0
1071,A,1791314395688204762,122058,1.000000,0.043755232479,0
1072,A,1791314395688593317,130429,1.000000,0.043755232479,0
1073,A,1791314395688980942,125809,1.000000,0.043755232479,0
1074,A,1791314395689369347,123120,1.000000,0.043755232479,0
1075,A,1791314395689750802,123930,1.000000,0.043755232479,0
1076,A,1791314395690137387,122161,1.000000,0.043755232479,0
1077,A,1791314395690521212,125011,1.000000,0.043755232479,0
1078,A,1791314395690904446,126051,1.000000,0.043755232479,0
1079,A,1791314395691284131,122031,1.000000,0.043755232479,0
1080,A,1791314395691661486,121382,1.000000,0.043755232479,0
1081,A,1791314395692039431,121613,1.000000,0.043755232479,0
1082,A,1791314395692415736,121093,1.000000,0.043755232479,0
1083,A,1791314395692801931,122214,1.000000,0.043755232479,0
1084,A,1791314395693182376,122185,1.000000,0.043755232479,0
1085,A,1791314395693582371,135925,1.000000,0.043755232479,0
1086,A,1791314395693961986,123476,1.000000,0.043755232479,0
1087,A,1791314395694334961,120676,1.000000,0.043755232479,0
1088,A,1791314395694709546,123547,1.000000,0.043755232479,0
1089,A,1791314395695087301,124828,1.000000,0.043755232479,0
1090,A,1791314395695469496,127008,1.000000,0.043755232479,0
1091,A,1791314395695847601,124959,1.000000,0.043755232479,0
1092,A,1791314395696225566,124369,1.000000,0.043755232479,0
1093,A,1791314395696603831,124940,1.000000,0.043755232479,0
1094,A,1791314395696983586,129211,1.000000,0.043755232479,0
1095,A,1791314395697358721,119531,1.000000,0.043755232479,0
1096,A,1791314395697731456,120572,1.000000,0.043755232479,0
1097,A,1791314395698102701,119673,1.000000,0.043755232479,0
1098,A,1791314395698476816,122693,1.000000,0.043755232479,0
1099,A,1791314395698849461,120824,1.000000,0.043755232479,0
1100,A,1791314395699222306,119035,1.000000,0.043755232479,0
1101,A,1791314395699596761,122165,1.000000,0.043755232479,0
1102,A,1791314395699963717,116807,1.000000,0.043755232479,0
1103,A,1791314395700333452,117728,1.000000,0.043755232479,0
1104,A,1791314395700703987,120149,1.000000,0.043755232479,0
1105,A,1791314395701084292,126269,1.000000,0.043755232479,0
1106,A,1791314395701466147,123520,1.000000,0.043755232479,0
1107,A,1791314395701885921,124709,1.000000,0.043755232479,0
1108,A,1791314395702262066,123020,1.000000,0.043755232479,0
1109,A,1791314395702633581,122340,1.000000,0.043755232479,0
1110,A,1791314395703007676,123231,1.000000,0.043755232479,0
1111,A,1791314395703381531,122042,1.000000,0.043755232479,0
1112,A,1791314395703755256,122472,1.000000,0.043755232479,0
1113,A,1791314395704135411,122263,1.000000,0.043755232479,0
1114,A,1791314395704511836,123164,1.000000,0.043755232479,0
1115,A,1791314395704895811,127574,1.000000,0.043755232479,0
1116,A,1791314395705272566,120925,1.000000,0.043755232479,0
1117,A,1791314395705647251,122755,1.000000,0.043755232479,0
1118,A,1791314395706018686,120506,1.000000,0.043755232479,0
1119,A,1791314395706391802,120628,1.000000,0.043755232479,1
1120,B,1791314398461509781,425049,1.000000,0.117768731071,0
1121,B,1791314398462470098,494286,1.000000,0.117768731071,0
1122,B,1791314398463060640,278036,1.000000,0.117768731071,0
1123,B,1791314398463584403,281981,1.000000,0.117768731071,0
1124,B,1791314398463839040,114617,1.000000,0.117768731071,0
1125,B,1791314398464065947,108250,1.000000,0.117768731071,0
1126,B,1791314398464239675,103472,1.000000,0.117768731071,0
1127,B,1791314398464401852,99242,1.000000,0.117768731071,0
1128,B,1791314398464560990,98594,1.000000,0.117768731071,0
1129,B,1791314398464730298,104566,1.000000,0.117768731071,0
1130,B,1791314398464878886,86368,1.000000,0.117768731071,0
1131,B,1791314398465025274,85119,1.000000,0.117768731071,0
1132,B,1791314398465168832,83370,1.000000,0.117768731071,0
1133,B,1791314398465312650,83722,1.000000,0.117768731071,0
1134,B,1791314398465454999,83183,1.000000,0.117768731071,0
1135,B,1791314398465601507,87674,1.000000,0.117768731071,0
1136,B,1791314398465751505,86856,1.000000,0.117768731071,0
1137,B,1791314398465894433,82327,1.000000,0.117768731071,0
1138,B,1791314398466036991,81838,1.000000,0.117768731071,0
1139,B,1791314398466177989,81910,1.000000,0.117768731071,0
1140,B,1791314398466319927,83201,1.000000,0.117768731071,0
1141,B,1791314398466463895,86342,1.000000,0.117768731071,1
1142,A,1791314398710204156,456346,1.000000,0.043755232479,0
1143,A,1791314398711072714,401139,1.000000,0.043755232479,0
1144,A,1791314398711785975,285937,1.000000,0.043755232479,0
1145,A,1791314398712230909,148251,1.000000,0.043755232479,0
1146,A,1791314398712654753,145598,1.000000,0.043755232479,0
1147,A,1791314398713063978,131606,1.000000,0.043755232479,0
1148,A,1791314398713455723,119325,1.000000,0.043755232479,0
1149,A,1791314398713850278,121373,1.000000,0.043755232479,0
1150,A,1791314398714232443,115042,1.000000,0.043755232479,0
1151,A,1791314398714621487,118840,1.000000,0.043755232479,0
1152,A,1791314398715002452,115099,1.000000,0.043755232479,0
1153,A,1791314398715394827,114137,1.000000,0.043755232479,0
1154,A,1791314398715777482,115196,1.000000,0.043755232479,0
1155,A,1791314398716161397,112685,1.000000,0.043755232479,0
1156,A,1791314398716545072,113563,1.000000,0.043755232479,0
1157,A,1791314398716926957,114782,1.000000,0.043755232479,0
1158,A,1791314398717306052,112131,1.000000,0.043755232479,0
1159,A,1791314398717683847,113810,1.000000,0.043755232479,0
1160,A,1791314398718061782,112409,1.000000,0.043755232479,0
1161,A,1791314398718442267,113327,1.000000,0.043755232479,0
1162,A,1791314398718822222,113826,1.000000,0.043755232479,0
1163,A,1791314398719200837,112765,1.000000,0.043755232479,0
1164,A,1791314398719581641,114163,1.000000,0.043755232479,0
1165,A,1791314398719970496,113981,1.000000,0.043755232479,0
1166,A,1791314398720350141,113260,1.000000,0.043755232479,0
1167,A,1791314398720726306,112999,1.000000,0.043755232479,0
1168,A,1791314398721107321,114598,1.000000,0.043755232479,1
1169,B,1791314401469931141,228659,1.000000,0.117768731071,0
1170,B,1791314401470524973,230113,1.000000,0.117768731071,0
1171,B,1791314401471187115,247106,1.000000,0.117768731071,1
1172,A,1791314401724910553,440960,1.000000,0.043755232479,0
1173,A,1791314401725772192,389436,1.000000,0.043755232479,0
1174,A,1791314401726545861,369942,1.000000,0.043755232479,0
1175,A,1791314401726998065,151833,1.000000,0.043755232479,0
1176,A,1791314401727426360,146546,1.000000,0.043755232479,0
1177,A,1791314401727851164,145638,1.000000,0.043755232479,0
1178,A,1791314401728271338,143081,1.000000,0.043755232479,0
1179,A,1791314401728695233,146474,1.000000,0.043755232479,0
1180,A,1791314401729115487,143556,1.000000,0.043755232479,0
1181,A,1791314401729533322,142540,1.000000,0.043755232479,0
1182,A,1791314401729928667,121093,1.000000,0.043755232479,0
1183,A,1791314401730318611,118765,1.000000,0.043755232479,0
1184,A,1791314401730703726,116419,1.000000,0.043755232479,0
1185,A,1791314401731086651,115902,1.000000,0.043755232479,0
1186,A,1791314401731468026,115896,1.000000,0.043755232479,0
1187,A,1791314401731863191,130499,1.000000,0.043755232479,0
1188,A,1791314401732247316,114962,1.000000,0.043755232479,0
1189,A,1791314401732631671,118396,1.000000,0.043755232479,0
1190,A,1791314401733013546,115939,1.000000,0.043755232479,0
1191,A,1791314401733396431,115653,1.000000,0.043755232479,0
1192,A,1791314401733779586,116556,1.000000,0.043755232479,0
1193,A,1791314401734164330,114399,1.000000,0.043755232479,0
1194,A,1791314401734545345,114492,1.000000,0.043755232479,0
1195,A,1791314401734927980,114006,1.000000,0.043755232479,0
1196,A,1791314401735314815,119709,1.000000,0.043755232479,0
1197,A,1791314401735699090,118122,1.000000,0.043755232479,0
1198,A,1791314401736078485,114906,1.000000,0.043755232479,0
1199,A,1791314401736463290,116459,1.000000,0.043755232479,0
1200,A,1791314401736842935,116113,1.000000,0.043755232479,0
1201,A,1791314401737221380,113166,1.000000,0.043755232479,0
1202,A,1791314401737594735,113420,1.000000,0.043755232479,0
1203,A,1791314401737968910,115313,1.000000,0.043755232479,0
1204,A,1791314401738358975,118067,1.000000,0.043755232479,0
1205,A,1791314401738734390,115080,1.000000,0.043755232479,0
1206,A,1791314401739107975,114134,1.000000,0.043755232479,0
1207,A,1791314401739482680,114587,1.000000,0.043755232479,0
1208,A,1791314401739855965,114691,1.000000,0.043755232479,0
1209,A,1791314401740232210,114184,1.000000,0.043755232479,0
1210,A,1791314401740610035,117378,1.000000,0.043755232479,0
1211,A,1791314401740995350,125551,1.000000,0.043755232479,0
1212,A,1791314401741372375,113944,1.000000,0.043755232479,0
1213,A,1791314401741746300,113678,1.000000,0.043755232479,0
1214,A,1791314401742121185,113941,1.000000,0.043755232479,0
1215,A,1791314401742495850,115395,1.000000,0.043755232479,0
1216,A,1791314401742868525,113858,1.000000,0.043755232479,1
1217,B,1791314404475033073,424950,1.000000,0.117768731071,0
1218,B,1791314404475920201,446111,1.000000,0.117768731071,0
1219,B,1791314404476539373,282084,1.000000,0.117768731071,0
1220,B,1791314404477068266,273556,1.000000,0.117768731071,0
1221,B,1791314404477338602,130298,1.000000,0.117768731071,1
1222,A,1791314404745539098,488161,1.000000,0.043755232479,0
1223,A,1791314404746368437,427317,1.000000,0.043755232479,0
1224,A,1791314404747078907,299604,1.000000,0.043755232479,0
1225,A,1791314404747526051,163929,1.000000,0.043755232479,0
1226,A,1791314404747948046,159308,1.000000,0.043755232479,0
1227,A,1791314404748373290,157545,1.000000,0.043755232479,0
1228,A,1791314404748788975,156204,1.000000,0.043755232479,0
1229,A,1791314404749226059,160491,1.000000,0.043755232479,0
1230,A,1791314404749650493,157269,1.000000,0.043755232479,0
1231,A,1791314404750071628,155287,1.000000,0.043755232479,0
1232,A,1791314404750466313,132036,1.000000,0.043755232479,0
1233,A,1791314404750852237,129234,1.000000,0.043755232479,0
1234,A,1791314404751239062,128193,1.000000,0.043755232479,0
1235,A,1791314404751626587,131992,1.000000,0.043755232479,0
1236,A,1791314404752011052,128072,1.000000,0.043755232479,0
1237,A,1791314404752392157,126331,1.000000,0.043755232479,0
1238,A,1791314404752773462,127920,1.000000,0.043755232479,0
1239,A,1791314404753157807,129149,1.000000,0.043755232479,0
1240,A,1791314404753542372,127988,1.000000,0.043755232479,0
1241,A,1791314404753925137,127298,1.000000,0.043755232479,1
1242,B,1791314407481046522,428406,1.000000,0.117768731071,0
1243,B,1791314407481878991,398893,1.000000,0.117768731071,0
1244,B,1791314407482571521,293652,1.000000,0.117768731071,0
1245,B,1791314407483080845,235475,1.000000,0.117768731071,0
1246,B,1791314407483348481,107781,1.000000,0.117768731071,0
1247,B,1791314407483608608,104188,1.000000,0.117768731071,0
1248,B,1791314407483848045,106714,1.000000,0.117768731071,0
1249,B,1791314407484056052,98881,1.000000,0.117768731071,0
1250,B,1791314407484254139,96168,1.000000,0.117768731071,0
1251,B,1791314407484427187,72635,1.000000,0.117768731071,0
1252,B,1791314407484590855,68723,1.000000,0.117768731071,0
1253,B,1791314407484742213,59031,1.000000,0.117768731071,1
1254,A,1791314407757627877,375821,1.000000,0.043755232479,0
1255,A,1791314407758135081,171970,1.000000,0.043755232479,0
1256,A,1791314407758558695,166071,1.000000,0.043755232479,0
1257,A,1791314407758978550,168233,1.000000,0.043755232479,0
1258,A,1791314407759393874,165184,1.000000,0.043755232479,0
1259,A,1791314407759810049,165786,1.000000,0.043755232479,0
1260,A,1791314407760226663,163687,1.000000,0.043755232479,0
1261,A,1791314407760651177,171268,1.000000,0.043755232479,0
1262,A,1791314407761055372,147640,1.000000,0.043755232479,0
1263,A,1791314407761446917,141022,1.000000,0.043755232479,0
1264,A,1791314407761833402,141675,1.000000,0.043755232479,0
1265,A,1791314407762222277,142747,1.000000,0.043755232479,0
1266,A,1791314407762610331,139988,1.000000,0.043755232479,0
1267,A,1791314407762999276,145760,1.000000,0.043755232479,0
1268,A,1791314407763385581,140893,1.000000,0.043755232479,0
1269,A,1791314407763766006,136105,1.000000,0.043755232479,0
1270,A,1791314407764147181,137967,1.000000,0.043755232479,0
1271,A,1791314407764530486,134299,1.000000,0.043755232479,0
1272,A,1791314407764910151,139092,1.000000,0.043755232479,0
1273,A,1791314407765284916,133504,1.000000,0.043755232479,0
1274,A,1791314407765660091,135306,1.000000,0.043755232479,0
1275,A,1791314407766033716,133199,1.000000,0.043755232479,0
1276,A,1791314407766408051,131611,1.000000,0.043755232479,0
1277,A,1791314407766782766,132743,1.000000,0.043755232479,0
1278,A,1791314407767163911,133335,1.000000,0.043755232479,0
1279,A,1791314407767540886,134288,1.000000,0.043755232479,0
1280,A,1791314407767917241,135090,1.000000,0.043755232479,0
1281,A,1791314407768292926,134062,1.000000,0.043755232479,0
1282,A,1791314407768666081,132285,1.000000,0.043755232479,1
1283,B,1791314410486405687,415207,1.000000,0.117768731071,0
1284,B,1791314410487148968,363762,1.000000,0.117768731071,0
1285,B,1791314410487638531,232379,1.000000,0.117768731071,0
1286,B,1791314410487893498,109377,1.000000,0.117768731071,0
1287,B,1791314410488126885,106175,1.000000,0.117768731071,0
1288,B,1791314410488356332,104884,1.000000,0.117768731071,1
1289,A,1791314410772467347,467220,1.000000,0.043755232479,0
1290,A,1791314410773291906,444886,1.000000,0.043755232479,0
1291,A,1791314410774000227,319283,1.000000,0.043755232479,0
1292,A,1791314410774448871,173528,1.000000,0.043755232479,0
1293,A,1791314410774869785,168795,1.000000,0.043755232479,0
1294,A,1791314410775296480,168043,1.000000,0.043755232479,0
1295,A,1791314410775720344,168750,1.000000,0.043755232479,0
1296,A,1791314410776139579,166168,1.000000,0.043755232479,0
1297,A,1791314410776564203,168435,1.000000,0.043755232479,0
1298,A,1791314410776981317,167963,1.000000,0.043755232479,0
1299,A,1791314410777397962,165601,1.000000,0.043755232479,0
1300,A,1791314410777793107,144769,1.000000,0.043755232479,0
1301,A,1791314410778176872,141078,1.000000,0.043755232479,0
1302,A,1791314410778564427,140967,1.000000,0.043755232479,0
1303,A,1791314410778960531,140004,1.000000,0.043755232479,0
1304,A,1791314410779341596,138193,1.000000,0.043755232479,0
1305,A,1791314410779724471,140462,1.000000,0.043755232479,0
1306,A,1791314410780106536,138741,1.000000,0.043755232479,0
1307,A,1791314410780501541,141560,1.000000,0.043755232479,0
1308,A,1791314410780890476,144548,1.000000,0.043755232479,0
1309,A,1791314410781280361,141747,1.000000,0.043755232479,0
1310,A,1791314410781667445,141285,1.000000,0.043755232479,0
1311,A,1791314410782056710,141304,1.000000,0.043755232479,0
1312,A,1791314410782440495,140132,1.000000,0.043755232479,0
1313,A,1791314410782826350,141571,1.000000,0.043755232479,0
1314,A,1791314410783211245,140970,1.000000,0.043755232479,0
1315,A,1791314410783600340,139239,1.000000,0.043755232479,0
1316,A,1791314410783984425,140338,1.000000,0.043755232479,0
1317,A,1791314410784368750,138286,1.000000,0.043755232479,0
1318,A,1791314410784763184,141964,1.000000,0.043755232479,0
1319,A,1791314410785141979,137963,1.000000,0.043755232479,0
1320,A,1791314410785520194,138332,1.000000,0.043755232479,0
1321,A,1791314410785911269,142321,1.000000,0.043755232479,0
1322,A,1791314410786298814,142329,1.000000,0.043755232479,0
1323,A,1791314410786681409,140118,1.000000,0.043755232479,0
1324,A,1791314410787064194,139417,1.000000,0.043755232479,0
1325,A,1791314410787446599,140496,1.000000,0.043755232479,0
1326,A,1791314410787827374,139605,1.000000,0.043755232479,0
1327,A,1791314410788206929,138664,1.000000,0.043755232479,0
1328,A,1791314410788588014,137883,1.000000,0.043755232479,0
1329,A,1791314410788971739,141572,1.000000,0.043755232479,0
1330,A,1791314410789353124,138011,1.000000,0.043755232479,0
1331,A,1791314410789737109,139239,1.000000,0.043755232479,0
1332,A,1791314410790120994,143968,1.000000,0.043755232479,0
1333,A,1791314410790501849,138907,1.000000,0.043755232479,0
1334,A,1791314410790881424,140466,1.000000,0.043755232479,0
1335,A,1791314410791264068,138524,1.000000,0.043755232479,0
1336,A,1791314410791640413,137923,1.000000,0.043755232479,0
1337,A,1791314410792027178,145862,1.000000,0.043755232479,0
1338,A,1791314410792407373,137240,1.000000,0.043755232479,0
1339,A,1791314410792782138,137999,1.000000,0.043755232479,0
1340,A,1791314410793171783,139528,1.000000,0.043755232479,0
1341,A,1791314410793546618,138177,1.000000,0.043755232479,0
1342,A,1791314410793921533,139556,1.000000,0.043755232479,0
1343,A,1791314410794299698,140665,1.000000,0.043755232479,0
1344,A,1791314410794675573,141274,1.000000,0.043755232479,0
1345,A,1791314410795048128,137863,1.000000,0.043755232479,0
1346,A,1791314410795423263,139392,1.000000,0.043755232479,0
1347,A,1791314410795797088,136841,1.000000,0.043755232479,0
1348,A,1791314410796169203,137860,1.000000,0.043755232479,0
1349,A,1791314410796557098,151029,1.000000,0.043755232479,0
1350,A,1791314410796931783,140268,1.000000,0.043755232479,0
1351,A,1791314410797310918,138327,1.000000,0.043755232479,0
1352,A,1791314410797687993,138986,1.000000,0.043755232479,0
1353,A,1791314410798063618,137745,1.000000,0.043755232479,0
1354,A,1791314410798443803,138214,1.000000,0.043755232479,0
1355,A,1791314410798826888,144273,1.000000,0.043755232479,0
1356,A,1791314410799202613,136982,1.000000,0.043755232479,0
1357,A,1791314410799578138,136941,1.000000,0.043755232479,0
1358,A,1791314410799953703,138470,1.000000,0.043755232479,0
1359,A,1791314410800331428,138748,1.000000,0.043755232479,1
1360,B,1791314413491975572,317191,1.000000,0.117768731071,0
1361,B,1791314413492851331,415852,1.000000,0.117768731071,0
1362,B,1791314413493539102,279405,1.000000,0.117768731071,0
1363,B,1791314413493788309,93773,1.000000,0.117768731071,1
1364,A,1791314413804203325,522162,1.000000,0.043755232479,1
1365,B,1791314416497377974,280102,1.000000,0.117768731071,0
1366,B,1791314416498325731,473274,1.000000,0.117768731071,0
1367,B,1791314416498913533,224773,1.000000,0.117768731071,0
1368,B,1791314416499283928,215866,1.000000,0.117768731071,0
1369,B,1791314416499529835,94491,1.000000,0.117768731071,0
1370,B,1791314416499720663,66714,1.000000,0.117768731071,0
1371,B,1791314416499894610,58345,1.000000,0.117768731071,0
1372,B,1791314416500062308,56336,1.000000,0.117768731071,0
1373,B,1791314416500228646,55737,1.000000,0.117768731071,0
1374,B,1791314416500392954,54868,1.000000,0.117768731071,0
1375,B,1791314416500542332,42109,1.000000,0.117768731071,0
1376,B,1791314416500696800,46131,1.000000,0.117768731071,0
1377,B,1791314416500857788,43942,1.000000,0.117768731071,0
1378,B,1791314416501008786,40683,1.000000,0.117768731071,0
1379,B,1791314416501155814,39184,1.000000,0.117768731071,0
1380,B,1791314416501305412,42025,1.000000,0.117768731071,0
1381,B,1791314416501453530,39737,1.000000,0.117768731071,0
1382,B,1791314416501598998,37878,1.000000,0.117768731071,0
1383,B,1791314416501746256,39709,1.000000,0.117768731071,0
1384,B,1791314416501895644,39280,1.000000,0.117768731071,0
1385,B,1791314416502043262,39071,1.000000,0.117768731071,0
1386,B,1791314416502186830,37782,1.000000,0.117768731071,1
1387,A,1791314416808232904,484043,1.000000,0.043755232479,0
1388,A,1791314416808992464,368712,1.000000,0.043755232479,0
1389,A,1791314416809708495,314893,1.000000,0.043755232479,0
1390,A,1791314416810271147,298607,1.000000,0.043755232479,0
1391,A,1791314416810706851,177303,1.000000,0.043755232479,0
1392,A,1791314416811106666,147003,1.000000,0.043755232479,0
1393,A,1791314416811492811,140463,1.000000,0.043755232479,0
1394,A,1791314416811882726,146393,1.000000,0.043755232479,0
1395,A,1791314416812264681,138292,1.000000,0.043755232479,0
1396,A,1791314416812656266,141342,1.000000,0.043755232479,0
1397,A,1791314416813038930,139911,1.000000,0.043755232479,0
1398,A,1791314416813422845,137481,1.000000,0.043755232479,0
1399,A,1791314416813807630,138061,1.000000,0.043755232479,0
1400,A,1791314416814192155,139291,1.000000,0.043755232479,0
1401,A,1791314416814572790,137581,1.000000,0.043755232479,0
1402,A,1791314416814950945,136831,1.000000,0.043755232479,0
1403,A,1791314416815334670,139431,1.000000,0.043755232479,0
1404,A,1791314416815721685,140261,1.000000,0.043755232479,0
1405,A,1791314416816101000,137551,1.000000,0.043755232479,0
1406,A,1791314416816487285,138190,1.000000,0.043755232479,0
1407,A,1791314416816869980,137810,1.000000,0.043755232479,0
1408,A,1791314416817251935,139590,1.000000,0.043755232479,0
1409,A,1791314416817632680,137940,1.000000,0.043755232479,0
1410,A,1791314416818012725,138490,1.000000,0.043755232479,0
1411,A,1791314416818395530,137770,1.000000,0.043755232479,0
1412,A,1791314416818776545,139230,1.000000,0.043755232479,0
1413,A,1791314416819153090,135640,1.000000,0.043755232479,0
1414,A,1791314416819537404,139049,1.000000,0.043755232479,0
1415,A,1791314416819932909,145599,1.000000,0.043755232479,0
1416,A,1791314416820321534,140759,1.000000,0.043755232479,0
1417,A,1791314416820705959,141019,1.000000,0.043755232479,0
1418,A,1791314416821096914,145519,1.000000,0.043755232479,0
1419,A,1791314416821483259,137958,1.000000,0.043755232479,0
1420,A,1791314416821868744,137908,1.000000,0.043755232479,0
1421,A,1791314416822250829,135158,1.000000,0.043755232479,0
1422,A,1791314416822630974,134368,1.000000,0.043755232479,0
1423,A,1791314416823013279,135208,1.000000,0.043755232479,0
1424,A,1791314416823397593,137367,1.000000,0.043755232479,0
1425,A,1791314416823776618,134457,1.000000,0.043755232479,0
1426,A,1791314416824160303,134937,1.000000,0.043755232479,0
1427,A,1791314416824549798,146997,1.000000,0.043755232479,0
1428,A,1791314416824933753,140377,1.000000,0.043755232479,0
1429,A,1791314416825326058,138397,1.000000,0.043755232479,0
1430,A,1791314416825711223,141516,1.000000,0.043755232479,0
1431,A,1791314416826088998,136246,1.000000,0.043755232479,0
1432,A,1791314416826478603,147856,1.000000,0.043755232479,0
1433,A,1791314416826862678,140036,1.000000,0.043755232479,0
1434,A,1791314416827242893,136776,1.000000,0.043755232479,0
1435,A,1791314416827625887,138045,1.000000,0.043755232479,0
1436,A,1791314416828008462,139455,1.000000,0.043755232479,0
1437,A,1791314416828390737,137565,1.000000,0.043755232479,0
1438,A,1791314416828776632,139175,1.000000,0.043755232479,0
1439,A,1791314416829157327,137115,1.000000,0.043755232479,0
1440,A,1791314416829543532,140215,1.000000,0.043755232479,0
1441,A,1791314416829925667,141225,1.000000,0.043755232479,0
1442,A,1791314416830316642,139995,1.000000,0.043755232479,0
1443,A,1791314416830702257,142834,1.000000,0.043755232479,0
1444,A,1791314416831083221,138533,1.000000,0.043755232479,0
1445,A,1791314416831460766,137543,1.000000,0.043755232479,0
1446,A,1791314416831839511,137713,1.000000,0.043755232479,0
1447,A,1791314416832213496,134643,1.000000,0.043755232479,0
1448,A,1791314416832596621,137503,1.000000,0.043755232479,0
1449,A,1791314416832980086,141483,1.000000,0.043755232479,0
1450,A,1791314416833359741,138433,1.000000,0.043755232479,0
1451,A,1791314416833743186,138393,1.000000,0.043755232479,0
1452,A,1791314416834126931,138993,1.000000,0.043755232479,1
1453,B,1791314419505834847,381192,1.000000,0.117768731071,0
1454,B,1791314419506558828,324492,1.000000,0.117768731071,1
1455,A,1791314419837951086,488777,1.000000,0.043755232479,0
1456,A,1791314419838766905,413540,1.000000,0.043755232479,1
1457,B,1791314422510477244,372505,1.000000,0.117768731071,0
1458,B,1791314422511406482,426480,1.000000,0.117768731071,0
1459,B,1791314422511915305,218707,1.000000,0.117768731071,0
1460,B,1791314422512286250,209590,1.000000,0.117768731071,0
1461,B,1791314422512532617,88514,1.000000,0.117768731071,0
1462,B,1791314422512756424,69886,1.000000,0.117768731071,0
1463,B,1791314422512937071,55195,1.000000,0.117768731071,0
1464,B,1791314422513107099,50797,1.000000,0.117768731071,0
1465,B,1791314422513270577,47678,1.000000,0.117768731071,0
1466,B,1791314422513419475,33779,1.000000,0.117768731071,0
1467,B,1791314422513567933,33220,1.000000,0.117768731071,0
1468,B,1791314422513715541,32391,1.000000,0.117768731071,0
1469,B,1791314422513884129,37232,1.000000,0.117768731071,0
1470,B,1791314422514040767,37253,1.000000,0.117768731071,0
1471,B,1791314422514188685,32104,1.000000,0.117768731071,0
1472,B,1791314422514333693,31385,1.000000,0.117768731071,0
1473,B,1791314422514478341,31166,1.000000,0.117768731071,0
1474,B,1791314422514621579,29677,1.000000,0.117768731071,0
1475,B,1791314422514768177,33157,1.000000,0.117768731071,0
1476,B,1791314422514919115,33978,1.000000,0.117768731071,0
1477,B,1791314422515073103,33219,1.000000,0.117768731071,1
1478,A,1791314422842537353,280489,1.000000,0.043755232479,0
1479,A,1791314422843217044,316240,1.000000,0.043755232479,0
1480,A,1791314422843789547,305373,1.000000,0.043755232479,0
1481,A,1791314422844219441,178558,1.000000,0.043755232479,0
1482,A,1791314422844642055,176375,1.000000,0.043755232479,0
1483,A,1791314422845039830,151622,1.000000,0.043755232479,0
1484,A,1791314422845425635,146131,1.000000,0.043755232479,0
1485,A,1791314422845805250,143480,1.000000,0.043755232479,0
1486,A,1791314422846183565,142578,1.000000,0.043755232479,0
1487,A,1791314422846564530,142697,1.000000,0.043755232479,0
1488,A,1791314422846949725,145966,1.000000,0.043755232479,0
1489,A,1791314422847324810,140344,1.000000,0.043755232479,0
1490,A,1791314422847710855,143663,1.000000,0.043755232479,0
1491,A,1791314422848098359,141930,1.000000,0.043755232479,0
1492,A,1791314422848477404,141519,1.000000,0.043755232479,0
1493,A,1791314422848860619,146938,1.000000,0.043755232479,0
1494,A,1791314422849239794,143336,1.000000,0.043755232479,0
1495,A,1791314422849621869,147155,1.000000,0.043755232479,1
1496,B,1791314425518689593,359212,1.000000,0.117768731071,0
1497,B,1791314425519473572,330222,1.000000,0.117768731071,0
1498,B,1791314425519941216,173507,1.000000,0.117768731071,0
1499,B,1791314425520186193,74635,1.000000,0.117768731071,1
1500,A,1791314425853405847,449024,1.000000,0.043755232479,0
1501,A,1791314425854139788,317747,1.000000,0.043755232479,0
1502,A,1791314425854710730,305864,1.000000,0.043755232479,0
1503,A,1791314425855137644,183763,1.000000,0.043755232479,0
1504,A,1791314425855553439,174985,1.000000,0.043755232479,0
1505,A,1791314425855961123,167455,1.000000,0.043755232479,0
1506,A,1791314425856348278,148646,1.000000,0.043755232479,0
1507,A,1791314425856728833,146568,1.000000,0.043755232479,0
1508,A,1791314425857110928,150510,1.000000,0.043755232479,0
1509,A,1791314425857490963,146421,1.000000,0.043755232479,0
1510,A,1791314425857869218,147133,1.000000,0.043755232479,0
1511,A,1791314425858243413,144155,1.000000,0.043755232479,0
1512,A,1791314425858618648,145286,1.000000,0.043755232479,0
1513,A,1791314425858995073,146538,1.000000,0.043755232479,0
1514,A,1791314425859384828,160860,1.000000,0.043755232479,0
1515,A,1791314425859775123,150811,1.000000,0.043755232479,0
1516,A,1791314425860156128,145253,1.000000,0.043755232479,1
1517,B,1791314428523879920,367215,1.000000,0.117768731071,0
1518,B,1791314428524595770,370749,1.000000,0.117768731071,0
1519,B,1791314428525476249,315867,1.000000,0.117768731071,0
1520,B,1791314428525867374,203041,1.000000,0.117768731071,0
1521,B,1791314428526139580,82035,1.000000,0.117768731071,0
1522,B,1791314428526372667,52498,1.000000,0.117768731071,0
1523,B,1791314428526570974,48489,1.000000,0.117768731071,0
1524,B,1791314428526766932,50051,1.000000,0.117768731071,1
1525,A,1791314428863940693,466284,1.000000,0.043755232479,0
1526,A,1791314428864794922,422534,1.000000,0.043755232479,0
1527,A,1791314428865530542,315457,1.000000,0.043755232479,0
1528,A,1791314428865983076,178709,1.000000,0.043755232479,0
1529,A,1791314428866385751,145485,1.000000,0.043755232479,0
1530,A,1791314428866782636,149951,1.000000,0.043755232479,0
1531,A,1791314428867168360,141247,1.000000,0.043755232479,0
1532,A,1791314428867550675,139114,1.000000,0.043755232479,0
1533,A,1791314428867934980,140902,1.000000,0.043755232479,0
1534,A,1791314428868318085,138439,1.000000,0.043755232479,0
1535,A,1791314428868698220,137326,1.000000,0.043755232479,0
1536,A,1791314428869092035,140703,1.000000,0.043755232479,0
1537,A,1791314428869474590,139370,1.000000,0.043755232479,0
1538,A,1791314428869855135,137967,1.000000,0.043755232479,0
1539,A,1791314428870236040,140884,1.000000,0.043755232479,0
1540,A,1791314428870619275,139431,1.000000,0.043755232479,0
1541,A,1791314428871001140,139638,1.000000,0.043755232479,0
1542,A,1791314428871378615,137245,1.000000,0.043755232479,0
1543,A,1791314428871764730,144723,1.000000,0.043755232479,0
1544,A,1791314428872145085,139560,1.000000,0.043755232479,0
1545,A,1791314428872527110,138307,1.000000,0.043755232479,0
1546,A,1791314428872905575,139084,1.000000,0.043755232479,0
1547,A,1791314428873285619,138990,1.000000,0.043755232479,0
1548,A,1791314428873662315,138128,1.000000,0.043755232479,0
1549,A,1791314428874036570,139176,1.000000,0.043755232479,0
1550,A,1791314428874411095,136263,1.000000,0.043755232479,0
1551,A,1791314428874785920,140960,1.000000,0.043755232479,0
1552,A,1791314428875161515,138407,1.000000,0.043755232479,0
1553,A,1791314428875542970,138925,1.000000,0.043755232479,0
1554,A,1791314428875919445,139342,1.000000,0.043755232479,0
1555,A,1791314428876295410,140409,1.000000,0.043755232479,0
1556,A,1791314428876670505,137316,1.000000,0.043755232479,0
1557,A,1791314428877045260,140224,1.000000,0.043755232479,0
1558,A,1791314428877429295,139571,1.000000,0.043755232479,0
1559,A,1791314428877809680,139268,1.000000,0.043755232479,0
1560,A,1791314428878188725,137255,1.000000,0.043755232479,0
1561,A,1791314428878575799,142371,1.000000,0.043755232479,0
1562,A,1791314428878956484,139608,1.000000,0.043755232479,0
1563,A,1791314428879332739,137875,1.000000,0.043755232479,0
1564,A,1791314428879714134,139283,1.000000,0.043755232479,1
1565,B,1791314431530313461,221329,1.000000,0.117768731071,0
1566,B,1791314431531122420,372550,1.000000,0.117768731071,0
1567,B,1791314431531702123,198635,1.000000,0.117768731071,0
1568,B,1791314431532069818,196070,1.000000,0.117768731071,0
1569,B,1791314431532316225,74348,1.000000,0.117768731071,0
1570,B,1791314431532500192,41436,1.000000,0.117768731071,0
1571,B,1791314431532669620,36024,1.000000,0.117768731071,0
1572,B,1791314431532837528,37703,1.000000,0.117768731071,0
1573,B,1791314431533003846,34841,1.000000,0.117768731071,0
1574,B,1791314431533167883,34609,1.000000,0.117768731071,0
1575,B,1791314431533329811,33707,1.000000,0.117768731071,0
1576,B,1791314431533481339,19985,1.000000,0.117768731071,0
1577,B,1791314431533632117,21374,1.000000,0.117768731071,0
1578,B,1791314431533785505,27142,1.000000,0.117768731071,0
1579,B,1791314431533949723,21941,1.000000,0.117768731071,1
1580,A,1791314431883494281,454287,1.000000,0.043755232479,0
1581,A,1791314431884316290,425025,1.000000,0.043755232479,0
1582,A,1791314431885024791,317526,1.000000,0.043755232479,0
1583,A,1791314431885481275,168053,1.000000,0.043755232479,0
1584,A,1791314431885918219,159261,1.000000,0.043755232479,0
1585,A,1791314431886334003,157070,1.000000,0.043755232479,0
1586,A,1791314431886752758,158890,1.000000,0.043755232479,0
1587,A,1791314431887179702,165179,1.000000,0.043755232479,0
1588,A,1791314431887595607,157188,1.000000,0.043755232479,0
1589,A,1791314431888000061,148337,1.000000,0.043755232479,0
1590,A,1791314431888388906,133187,1.000000,0.043755232479,0
1591,A,1791314431888782141,134657,1.000000,0.043755232479,0
1592,A,1791314431889165366,130648,1.000000,0.043755232479,0
1593,A,1791314431889548021,129848,1.000000,0.043755232479,0
1594,A,1791314431889933465,135567,1.000000,0.043755232479,0
1595,A,1791314431890309811,127668,1.000000,0.043755232479,0
1596,A,1791314431890687636,127879,1.000000,0.043755232479,0
1597,A,1791314431891064741,127819,1.000000,0.043755232479,0
1598,A,1791314431891442096,127489,1.000000,0.043755232479,0
1599,A,1791314431891820701,127290,1.000000,0.043755232479,0
1600,A,1791314431892196436,125730,1.000000,0.043755232479,0
1601,A,1791314431892572771,127500,1.000000,0.043755232479,0
1602,A,1791314431892952246,129621,1.000000,0.043755232479,0
1603,A,1791314431893328021,126701,1.000000,0.043755232479,0
1604,A,1791314431893712165,130780,1.000000,0.043755232479,1
1605,B,1791314434537547083,351731,1.000000,0.117768731071,0
1606,B,1791314434538453611,361952,1.000000,0.117768731071,0
1607,B,1791314434538853256,209629,1.000000,0.117768731071,0
1608,B,1791314434539110873,77298,1.000000,0.117768731071,0
1609,B,1791314434539351429,70865,1.000000,0.117768731071,1
1610,A,1791314434897534342,475546,1.000000,0.043755232479,0
1611,A,1791314434898338522,395169,1.000000,0.043755232479,0
1612,A,1791314434898997503,321806,1.000000,0.043755232479,0
1613,A,1791314434899428617,156038,1.000000,0.043755232479,0
1614,A,1791314434899849872,157915,1.000000,0.043755232479,0
1615,A,1791314434900263546,151031,1.000000,0.043755232479,0
1616,A,1791314434900681091,149808,1.000000,0.043755232479,0
1617,A,1791314434901122985,162774,1.000000,0.043755232479,0
1618,A,1791314434901544759,152109,1.000000,0.043755232479,0
1619,A,1791314434901956764,150266,1.000000,0.043755232479,0
1620,A,1791314434902367408,150602,1.000000,0.043755232479,0
1621,A,1791314434902756653,127209,1.000000,0.043755232479,0
1622,A,1791314434903137088,125187,1.000000,0.043755232479,0
1623,A,1791314434903514353,123685,1.000000,0.043755232479,0
1624,A,1791314434903891548,124312,1.000000,0.043755232479,0
1625,A,1791314434904266923,121700,1.000000,0.043755232479,0
1626,A,1791314434904640598,120708,1.000000,0.043755232479,0
1627,A,1791314434905016603,125796,1.000000,0.043755232479,0
1628,A,1791314434905389098,120683,1.000000,0.043755232479,0
1629,A,1791314434905761603,119991,1.000000,0.043755232479,0
1630,A,1791314434906136048,124979,1.000000,0.043755232479,0
1631,A,1791314434906513713,122637,1.000000,0.043755232479,0
1632,A,1791314434906889298,122575,1.000000,0.043755232479,0
1633,A,1791314434907260344,120434,1.000000,0.043755232479,0
1634,A,1791314434907634469,121791,1.000000,0.043755232479,0
1635,A,1791314434908015624,123259,1.000000,0.043755232479,0
1636,A,1791314434908394819,127297,1.000000,0.043755232479,0
1637,A,1791314434908770204,121215,1.000000,0.043755232479,0
1638,A,1791314434909151489,125162,1.000000,0.043755232479,0
1639,A,1791314434909541183,124589,1.000000,0.043755232479,0
1640,A,1791314434909916468,121966,1.000000,0.043755232479,0
1641,A,1791314434910291003,121784,1.000000,0.043755232479,0
1642,A,1791314434910665989,121503,1.000000,0.043755232479,0
1643,A,1791314434911040444,122701,1.000000,0.043755232479,0
1644,A,1791314434911413069,120939,1.000000,0.043755232479,0
1645,A,1791314434911785374,120166,1.000000,0.043755232479,0
1646,A,1791314434912168489,121624,1.000000,0.043755232479,0
1647,A,1791314434912541744,120362,1.000000,0.043755232479,0
1648,A,1791314434912922729,124669,1.000000,0.043755232479,0
1649,A,1791314434913296764,121527,1.000000,0.043755232479,0
1650,A,1791314434913671319,122005,1.000000,0.043755232479,0
1651,A,1791314434914052324,127773,1.000000,0.043755232479,0
1652,A,1791314434914424559,120860,1.000000,0.043755232479,0
1653,A,1791314434914805154,127748,1.000000,0.043755232479,0
1654,A,1791314434915180169,121686,1.000000,0.043755232479,0
1655,A,1791314434915554614,122054,1.000000,0.043755232479,0
1656,A,1791314434915926489,119871,1.000000,0.043755232479,0
1657,A,1791314434916299954,120079,1.000000,0.043755232479,0
1658,A,1791314434916671599,120557,1.000000,0.043755232479,0
1659,A,1791314434917058554,135515,1.000000,0.043755232479,1
1660,B,1791314437542345618,361823,1.000000,0.117768731071,0
1661,B,1791314437542894971,261060,1.000000,0.117768731071,0
1662,B,1791314437543342165,206574,1.000000,0.117768731071,0
1663,B,1791314437543583362,74439,1.000000,0.117768731071,0
1664,B,1791314437543821358,80620,1.000000,0.117768731071,0
1665,B,1791314437544053465,72302,1.000000,0.117768731071,0
1666,B,1791314437544251483,64833,1.000000,0.117768731071,0
1667,B,1791314437544442890,61434,1.000000,0.117768731071,0
1668,B,1791314437544634548,61596,1.000000,0.117768731071,0
1669,B,1791314437544791506,25058,1.000000,0.117768731071,0
1670,B,1791314437544960793,28769,1.000000,0.117768731071,1
1671,A,1791314437920949410,501397,1.000000,0.043755232479,0
1672,A,1791314437921735240,299704,1.000000,0.043755232479,0
1673,A,1791314437922349952,285418,1.000000,0.043755232479,0
1674,A,1791314437922786806,153735,1.000000,0.043755232479,0
1675,A,1791314437923216630,154083,1.000000,0.043755232479,0
1676,A,1791314437923635965,147463,1.000000,0.043755232479,0
1677,A,1791314437924053789,148101,1.000000,0.043755232479,0
1678,A,1791314437924470763,147020,1.000000,0.043755232479,0
1679,A,1791314437924888198,147909,1.000000,0.043755232479,0
1680,A,1791314437925300302,144798,1.000000,0.043755232479,0
1681,A,1791314437925693927,122377,1.000000,0.043755232479,0
1682,A,1791314437926080542,123497,1.000000,0.043755232479,1
1683,B,1791314440548475771,301282,1.000000,0.117768731071,0
1684,B,1791314440549199271,317025,1.000000,0.117768731071,0
1685,B,1791314440549695385,221912,1.000000,0.117768731071,0
1686,B,1791314440550065400,219949,1.000000,0.117768731071,0
1687,B,1791314440550316057,99287,1.000000,0.117768731071,0
1688,B,1791314440550524954,89115,1.000000,0.117768731071,0
1689,B,1791314440550727481,86622,1.000000,0.117768731071,0
1690,B,1791314440550929929,87891,1.000000,0.117768731071,0
1691,B,1791314440551133246,87279,1.000000,0.117768731071,0
1692,B,1791314440551329923,83577,1.000000,0.117768731071,0
1693,B,1791314440551516331,69506,1.000000,0.117768731071,0
1694,B,1791314440551674859,46974,1.000000,0.117768731071,0
1695,B,1791314440551828627,49193,1.000000,0.117768731071,0
1696,B,1791314440551983125,46952,1.000000,0.117768731071,0
1697,B,1791314440552129483,42371,1.000000,0.117768731071,0
1698,B,1791314440552274251,41689,1.000000,0.117768731071,0
1699,B,1791314440552420409,42968,1.000000,0.117768731071,0
1700,B,1791314440552571287,42576,1.000000,0.117768731071,0
1701,B,1791314440552712435,39605,1.000000,0.117768731071,0
1702,B,1791314440552860053,46064,1.000000,0.117768731071,0
1703,B,1791314440553012331,43802,1.000000,0.117768731071,0
1704,B,1791314440553159859,42031,1.000000,0.117768731071,0
1705,B,1791314440553306037,42780,1.000000,0.117768731071,0
1706,B,1791314440553452985,42088,1.000000,0.117768731071,0
1707,B,1791314440553599403,42576,1.000000,0.117768731071,0
1708,B,1791314440553744091,41565,1.000000,0.117768731071,0
1709,B,1791314440553889439,43813,1.000000,0.117768731071,0
1710,B,1791314440554041087,44242,1.000000,0.117768731071,1
1711,A,1791314440929896278,457765,1.000000,0.043755232479,0
1712,A,1791314440930755706,398527,1.000000,0.043755232479,0
1713,A,1791314440931448137,333064,1.000000,0.043755232479,0
1714,A,1791314440931884681,157447,1.000000,0.043755232479,0
1715,A,1791314440932302796,148894,1.000000,0.043755232479,0
1716,A,1791314440932721100,147411,1.000000,0.043755232479,0
1717,A,1791314440933141504,150067,1.000000,0.043755232479,0
1718,A,1791314440933557279,148075,1.000000,0.043755232479,0
1719,A,1791314440933974993,149341,1.000000,0.043755232479,0
1720,A,1791314440934391518,146729,1.000000,0.043755232479,0
1721,A,1791314440934784683,124376,1.000000,0.043755232479,0
1722,A,1791314440935168798,123184,1.000000,0.043755232479,0
1723,A,1791314440935553542,119771,1.000000,0.043755232479,0
1724,A,1791314440935932567,119229,1.000000,0.043755232479,0
1725,A,1791314440936312732,120447,1.000000,0.043755232479,0
1726,A,1791314440936693157,121726,1.000000,0.043755232479,1
1727,B,1791314443557651778,363384,1.000000,0.117768731071,0
1728,B,1791314443558338958,362150,1.000000,0.117768731071,0
1729,B,1791314443558860381,242109,1.000000,0.117768731071,0
1730,B,1791314443559234336,223994,1.000000,0.117768731071,0
1731,B,1791314443559481713,102110,1.000000,0.117768731071,0
1732,B,1791314443559691610,94472,1.000000,0.117768731071,1
1733,A,1791314443940487144,448456,1.000000,0.043755232479,0
1734,A,1791314443941338683,391799,1.000000,0.043755232479,0
1735,A,1791314443941998984,319585,1.000000,0.043755232479,0
1736,A,1791314443942436429,154486,1.000000,0.043755232479,0
1737,A,1791314443942868183,160577,1.000000,0.043755232479,0
1738,A,1791314443943287707,151098,1.000000,0.043755232479,0
1739,A,1791314443943706502,151621,1.000000,0.043755232479,0
1740,A,1791314443944122236,150342,1.000000,0.043755232479,0
1741,A,1791314443944540391,152864,1.000000,0.043755232479,0
1742,A,1791314443944949165,141885,1.000000,0.043755232479,0
1743,A,1791314443945341740,125168,1.000000,0.043755232479,0
1744,A,1791314443945727635,123590,1.000000,0.043755232479,0
1745,A,1791314443946109140,122583,1.000000,0.043755232479,0
1746,A,1791314443946488115,120795,1.000000,0.043755232479,0
1747,A,1791314443946875750,123198,1.000000,0.043755232479,0
1748,A,1791314443947260525,126110,1.000000,0.043755232479,0
1749,A,1791314443947639370,121073,1.000000,0.043755232479,0
1750,A,1791314443948015875,120875,1.000000,0.043755232479,0
1751,A,1791314443948391130,119508,1.000000,0.043755232479,0
1752,A,1791314443948771025,120930,1.000000,0.043755232479,0
1753,A,1791314443949150610,122833,1.000000,0.043755232479,0
1754,A,1791314443949528995,121885,1.000000,0.043755232479,0
1755,A,1791314443949903180,121888,1.000000,0.043755232479,0
1756,A,1791314443950273415,119730,1.000000,0.043755232479,0
1757,A,1791314443950644230,119593,1.000000,0.043755232479,0
1758,A,1791314443951017015,122375,1.000000,0.043755232479,0
1759,A,1791314443951396650,127908,1.000000,0.043755232479,0
1760,A,1791314443951770305,120920,1.000000,0.043755232479,0
1761,A,1791314443952148610,126903,1.000000,0.043755232479,0
1762,A,1791314443952532105,121725,1.000000,0.043755232479,0
1763,A,1791314443952906220,122018,1.000000,0.043755232479,0
1764,A,1791314443953288175,122780,1.000000,0.043755232479,0
1765,A,1791314443953665780,119823,1.000000,0.043755232479,0
1766,A,1791314443954043405,121235,1.000000,0.043755232479,0
1767,A,1791314443954419640,120108,1.000000,0.043755232479,0
1768,A,1791314443954800285,119840,1.000000,0.043755232479,0
1769,A,1791314443955183880,122673,1.000000,0.043755232479,0
1770,A,1791314443955564545,121145,1.000000,0.043755232479,0
1771,A,1791314443955950450,127718,1.000000,0.043755232479,0
1772,A,1791314443956327765,121420,1.000000,0.043755232479,0
1773,A,1791314443956704070,120643,1.000000,0.043755232479,0
1774,A,1791314443957081595,122655,1.000000,0.043755232479,0
1775,A,1791314443957460260,119868,1.000000,0.043755232479,0
1776,A,1791314443957845405,126420,1.000000,0.043755232479,0
1777,A,1791314443958224890,122313,1.000000,0.043755232479,0
1778,A,1791314443958606395,123205,1.000000,0.043755232479,0
1779,A,1791314443958985410,121628,1.000000,0.043755232479,0
1780,A,1791314443959365685,123800,1.000000,0.043755232479,0
1781,A,1791314443959741150,119383,1.000000,0.043755232479,0
1782,A,1791314443960119305,123655,1.000000,0.043755232479,0
1783,A,1791314443960494680,119778,1.000000,0.043755232479,0
1784,A,1791314443960874395,118650,1.000000,0.043755232479,0
1785,A,1791314443961250360,118213,1.000000,0.043755232479,0
1786,A,1791314443961625735,117775,1.000000,0.043755232479,0
1787,A,1791314443962000900,118718,1.000000,0.043755232479,0
1788,A,1791314443962378545,120460,1.000000,0.043755232479,0
1789,A,1791314443962753810,117713,1.000000,0.043755232479,0
1790,A,1791314443963127665,118965,1.000000,0.043755232479,0
1791,A,1791314443963506620,119968,1.000000,0.043755232479,0
1792,A,1791314443963889134,124629,1.000000,0.043755232479,0
1793,A,1791314443964276199,120712,1.000000,0.043755232479,0
1794,A,1791314443964661124,127384,1.000000,0.043755232479,0
1795,A,1791314443965044899,122277,1.000000,0.043755232479,0
1796,A,1791314443965426124,124449,1.000000,0.043755232479,0
1797,A,1791314443965863438,128510,1.000000,0.043755232479,0
1798,A,1791314443966244543,122843,1.000000,0.043755232479,0
1799,A,1791314443966621728,119975,1.000000,0.043755232479,0
1800,A,1791314443967001323,120308,1.000000,0.043755232479,0
1801,A,1791314443967374648,119070,1.000000,0.043755232479,1
1802,B,1791314446563403323,407759,1.000000,0.117768731071,0
1803,B,1791314446564202402,348661,1.000000,0.117768731071,1
1804,A,1791314446971186800,462314,1.000000,0.043755232479,0
1805,A,1791314446972079978,441277,1.000000,0.043755232479,0
1806,A,1791314446972788189,295124,1.000000,0.043755232479,0
1807,A,1791314446973368771,286046,1.000000,0.043755232479,0
1808,A,1791314446973801985,162771,1.000000,0.043755232479,0
1809,A,1791314446974222920,157069,1.000000,0.043755232479,0
1810,A,1791314446974639254,153446,1.000000,0.043755232479,0
1811,A,1791314446975056679,154694,1.000000,0.043755232479,0
1812,A,1791314446975469033,152331,1.000000,0.043755232479,0
1813,A,1791314446975887418,158670,1.000000,0.043755232479,0
1814,A,1791314446976301232,154067,1.000000,0.043755232479,0
1815,A,1791314446976694127,129255,1.000000,0.043755232479,0
1816,A,1791314446977078082,126853,1.000000,0.043755232479,0
1817,A,1791314446977457327,125722,1.000000,0.043755232479,0
1818,A,1791314446977837592,124721,1.000000,0.043755232479,0
1819,A,1791314446978214387,124450,1.000000,0.043755232479,1
1820,B,1791314449568108498,388264,1.000000,0.117768731071,0
1821,B,1791314449568918767,378320,1.000000,0.117768731071,0
1822,B,1791314449569444650,235097,1.000000,0.117768731071,0
1823,B,1791314449569691897,109761,1.000000,0.117768731071,0
1824,B,1791314449569931454,109133,1.000000,0.117768731071,0
1825,B,1791314449570178041,109355,1.000000,0.117768731071,0
1826,B,1791314449570412497,105496,1.000000,0.117768731071,0
1827,B,1791314449570618915,102469,1.000000,0.117768731071,0
1828,B,1791314449570819282,99490,1.000000,0.117768731071,0
1829,B,1791314449571017699,96031,1.000000,0.117768731071,0
1830,B,1791314449571182177,62503,1.000000,0.117768731071,0
1831,B,1791314449571340975,60545,1.000000,0.117768731071,0
1832,B,1791314449571491733,55996,1.000000,0.117768731071,1
1833,A,1791314449982079262,502717,1.000000,0.043755232479,0
1834,A,1791314449982865492,313371,1.000000,0.043755232479,0
1835,A,1791314449983510214,293740,1.000000,0.043755232479,0
1836,A,1791314449983939918,157281,1.000000,0.043755232479,0
1837,A,1791314449984358382,152933,1.000000,0.043755232479,0
1838,A,1791314449984777517,153275,1.000000,0.043755232479,0
1839,A,1791314449985199131,155187,1.000000,0.043755232479,0
1840,A,1791314449985615726,150950,1.000000,0.043755232479,0
1841,A,1791314449986006310,128332,1.000000,0.043755232479,1
1842,B,1791314452575176011,419302,1.000000,0.117768731071,0
1843,B,1791314452576060649,481701,1.000000,0.117768731071,0
1844,B,1791314452576644161,238994,1.000000,0.117768731071,0
1845,B,1791314452576899908,123921,1.000000,0.117768731071,0
1846,B,1791314452577153774,127298,1.000000,0.117768731071,0
1847,B,1791314452577366222,107436,1.000000,0.117768731071,0
1848,B,1791314452577567309,105254,1.000000,0.117768731071,0
1849,B,1791314452577765846,102511,1.000000,0.117768731071,0
1850,B,1791314452577968184,106390,1.000000,0.117768731071,0
1851,B,1791314452578164471,92327,1.000000,0.117768731071,0
1852,B,1791314452578326389,64585,1.000000,0.117768731071,0
1853,B,1791314452578475817,63144,1.000000,0.117768731071,0
1854,B,1791314452578622215,60772,1.000000,0.117768731071,0
1855,B,1791314452578765493,59259,1.000000,0.117768731071,0
1856,B,1791314452578912871,62427,1.000000,0.117768731071,0
1857,B,1791314452579062799,62586,1.000000,0.117768731071,1
1858,A,1791314452989841145,475376,1.000000,0.043755232479,0
1859,A,1791314452990646155,395355,1.000000,0.043755232479,0
1860,A,1791314452991401665,354346,1.000000,0.043755232479,0
1861,A,1791314452991848679,162812,1.000000,0.043755232479,0
1862,A,1791314452992281213,160731,1.000000,0.043755232479,0
1863,A,1791314452992697968,158941,1.000000,0.043755232479,0
1864,A,1791314452993114332,158550,1.000000,0.043755232479,0
1865,A,1791314452993529797,157360,1.000000,0.043755232479,0
1866,A,1791314452993946801,160119,1.000000,0.043755232479,0
1867,A,1791314452994361976,156449,1.000000,0.043755232479,0
1868,A,1791314452994777850,156499,1.000000,0.043755232479,0
1869,A,1791314452995168495,132339,1.000000,0.043755232479,0
1870,A,1791314452995548300,129299,1.000000,0.043755232479,0
1871,A,1791314452995927815,130270,1.000000,0.043755232479,0
1872,A,1791314452996306810,129300,1.000000,0.043755232479,0
1873,A,1791314452996684805,128601,1.000000,0.043755232479,0
1874,A,1791314452997071080,139891,1.000000,0.043755232479,0
1875,A,1791314452997450255,133492,1.000000,0.043755232479,0
1876,A,1791314452997828530,128482,1.000000,0.043755232479,0
1877,A,1791314452998218215,139743,1.000000,0.043755232479,0
1878,A,1791314452998605919,127982,1.000000,0.043755232479,0
1879,A,1791314452998988634,133313,1.000000,0.043755232479,0
1880,A,1791314452999366189,128153,1.000000,0.043755232479,0
1881,A,1791314452999741944,127544,1.000000,0.043755232479,0
1882,A,1791314453000116799,127504,1.000000,0.043755232479,0
1883,A,1791314453000492584,127525,1.000000,0.043755232479,0
1884,A,1791314453000871029,129155,1.000000,0.043755232479,0
1885,A,1791314453001252874,131886,1.000000,0.043755232479,0
1886,A,1791314453001639869,129406,1.000000,0.043755232479,1
1887,B,1791314455582683120,357864,1.000000,0.117768731071,0
1888,B,1791314455583469409,332260,1.000000,0.117768731071,0
1889,B,1791314455584048331,229446,1.000000,0.117768731071,0
1890,B,1791314455584429096,224099,1.000000,0.117768731071,1
1891,A,1791314456005466715,473261,1.000000,0.043755232479,0
1892,A,1791314456006223335,354944,1.000000,0.043755232479,0
1893,A,1791314456006946956,330599,1.000000,0.043755232479,0
1894,A,1791314456007382000,165678,1.000000,0.043755232479,0
1895,A,1791314456007802945,163550,1.000000,0.043755232479,0
1896,A,1791314456008226449,169061,1.000000,0.043755232479,0
1897,A,1791314456008655253,161981,1.000000,0.043755232479,0
1898,A,1791314456009074698,162043,1.000000,0.043755232479,0
1899,A,1791314456009492992,163023,1.000000,0.043755232479,0
1900,A,1791314456009905667,160905,1.000000,0.043755232479,0
1901,A,1791314456010302281,138886,1.000000,0.043755232479,0
1902,A,1791314456010688736,137248,1.000000,0.043755232479,0
1903,A,1791314456011067891,135769,1.000000,0.043755232479,0
1904,A,1791314456011447626,133661,1.000000,0.043755232479,0
1905,A,1791314456011829121,138183,1.000000,0.043755232479,1
1906,B,1791314458588198927,426582,1.000000,0.117768731071,0
1907,B,1791314458589090495,468280,1.000000,0.117768731071,0
1908,B,1791314458589669107,225303,1.000000,0.117768731071,0
1909,B,1791314458589917354,102330,1.000000,0.117768731071,0
1910,B,1791314458590163611,98717,1.000000,0.117768731071,0
1911,B,1791314458590403788,99654,1.000000,0.117768731071,0
1912,B,1791314458590638544,97441,1.000000,0.117768731071,1
1913,A,1791314459015625113,467895,1.000000,0.043755232479,0
1914,A,1791314459016350603,333778,1.000000,0.043755232479,0
1915,A,1791314459016958845,322037,1.000000,0.043755232479,0
1916,A,1791314459017417739,184419,1.000000,0.043755232479,0
1917,A,1791314459017850003,173934,1.000000,0.043755232479,0
1918,A,1791314459018276378,171020,1.000000,0.043755232479,0
1919,A,1791314459018701642,169076,1.000000,0.043755232479,0
1920,A,1791314459019122196,168711,1.000000,0.043755232479,0
1921,A,1791314459019542101,164918,1.000000,0.043755232479,0
1922,A,1791314459019941766,149014,1.000000,0.043755232479,0
1923,A,1791314459020327530,140130,1.000000,0.043755232479,0
1924,A,1791314459020705985,138067,1.000000,0.043755232479,0
1925,A,1791314459021089780,141045,1.000000,0.043755232479,0
1926,A,1791314459021469465,138662,1.000000,0.043755232479,0
1927,A,1791314459021850030,138839,1.000000,0.043755232479,0
1928,A,1791314459022231725,137206,1.000000,0.043755232479,0
1929,A,1791314459022613950,140624,1.000000,0.043755232479,0
1930,A,1791314459022996585,138401,1.000000,0.043755232479,0
1931,A,1791314459023379610,138718,1.000000,0.043755232479,0
1932,A,1791314459023756805,136086,1.000000,0.043755232479,0
1933,A,1791314459024134720,139963,1.000000,0.043755232479,0
1934,A,1791314459024514815,141440,1.000000,0.043755232479,0
1935,A,1791314459024893590,137898,1.000000,0.043755232479,0
1936,A,1791314459025274595,138825,1.000000,0.043755232479,0
1937,A,1791314459025656790,136382,1.000000,0.043755232479,0
1938,A,1791314459026035655,138539,1.000000,0.043755232479,0
1939,A,1791314459026413410,137097,1.000000,0.043755232479,0
1940,A,1791314459026800605,137714,1.000000,0.043755232479,0
1941,A,1791314459027177920,139171,1.000000,0.043755232479,0
1942,A,1791314459027552755,136559,1.000000,0.043755232479,0
1943,A,1791314459027936370,142106,1.000000,0.043755232479,0
1944,A,1791314459028316885,139203,1.000000,0.043755232479,0
1945,A,1791314459028694360,136651,1.000000,0.043755232479,0
1946,A,1791314459029101564,139046,1.000000,0.043755232479,0
1947,A,1791314459029487849,138073,1.000000,0.043755232479,0
1948,A,1791314459029871174,138571,1.000000,0.043755232479,0
1949,A,1791314459030248559,139888,1.000000,0.043755232479,0
1950,A,1791314459030637284,148925,1.000000,0.043755232479,0
1951,A,1791314459031019769,142132,1.000000,0.043755232479,0
1952,A,1791314459031398234,136990,1.000000,0.043755232479,0
1953,A,1791314459031775559,136457,1.000000,0.043755232479,0
1954,A,1791314459032151854,136214,1.000000,0.043755232479,0
1955,A,1791314459032525799,136172,1.000000,0.043755232479,0
1956,A,1791314459032903484,137499,1.000000,0.043755232479,0
1957,A,1791314459033286339,141997,1.000000,0.043755232479,1
1958,B,1791314461594223124,287247,1.000000,0.117768731071,0
1959,B,1791314461594974204,364460,1.000000,0.117768731071,0
1960,B,1791314461595485187,216057,1.000000,0.117768731071,0
1961,B,1791314461595854722,212250,1.000000,0.117768731071,0
1962,B,1791314461596077499,67855,1.000000,0.117768731071,0
1963,B,1791314461596256587,56497,1.000000,0.117768731071,0
1964,B,1791314461596426335,52529,1.000000,0.117768731071,0
1965,B,1791314461596596202,55160,1.000000,0.117768731071,0
1966,B,1791314461596760300,51701,1.000000,0.117768731071,0
1967,B,1791314461596911588,37753,1.000000,0.117768731071,0
1968,B,1791314461597065516,41754,1.000000,0.117768731071,0
1969,B,1791314461597222164,40245,1.000000,0.117768731071,0
1970,B,1791314461597370702,35587,1.000000,0.117768731071,0
1971,B,1791314461597517740,35138,1.000000,0.117768731071,0
1972,B,1791314461597663278,33618,1.000000,0.117768731071,0
1973,B,1791314461597814746,40649,1.000000,0.117768731071,0
1974,B,1791314461597970494,43400,1.000000,0.117768731071,0
1975,B,1791314461598126012,40292,1.000000,0.117768731071,0
1976,B,1791314461598283380,37383,1.000000,0.117768731071,0
1977,B,1791314461598430098,34384,1.000000,0.117768731071,0
1978,B,1791314461598580656,35656,1.000000,0.117768731071,0
1979,B,1791314461598728264,34847,1.000000,0.117768731071,0
1980,B,1791314461598873132,34038,1.000000,0.117768731071,0
1981,B,1791314461599021280,36799,1.000000,0.117768731071,0
1982,B,1791314461599178708,37230,1.000000,0.117768731071,0
1983,B,1791314461599326186,34022,1.000000,0.117768731071,0
1984,B,1791314461599479334,35863,1.000000,0.117768731071,0
1985,B,1791314461599624112,34334,1.000000,0.117768731071,1
1986,A,1791314462037086686,469128,1.000000,0.043755232479,0
1987,A,1791314462037911805,426214,1.000000,0.043755232479,0
1988,A,1791314462038606246,301413,1.000000,0.043755232479,0
1989,A,1791314462039036320,169028,1.000000,0.043755232479,0
1990,A,1791314462039458145,163237,1.000000,0.043755232479,0
1991,A,1791314462039848490,138446,1.000000,0.043755232479,0
1992,A,1791314462040229735,136165,1.000000,0.043755232479,0
1993,A,1791314462040608770,133804,1.000000,0.043755232479,0
1994,A,1791314462040992525,140184,1.000000,0.043755232479,0
1995,A,1791314462041376030,135033,1.000000,0.043755232479,0
1996,A,1791314462041764824,139701,1.000000,0.043755232479,0
1997,A,1791314462042148139,133620,1.000000,0.043755232479,0
1998,A,1791314462042534274,133920,1.000000,0.043755232479,0
1999,A,1791314462042918699,134299,1.000000,0.043755232479,0
2000,A,1791314462043303754,135958,1.000000,0.043755232479,0
2001,A,1791314462043691219,132287,1.000000,0.043755232479,0
2002,A,1791314462044077994,139067,1.000000,0.043755232479,0
2003,A,1791314462044455399,132176,1.000000,0.043755232479,0
2004,A,1791314462044834494,132835,1.000000,0.043755232479,0
2005,A,1791314462045214959,132695,1.000000,0.043755232479,0
2006,A,1791314462045592924,130974,1.000000,0.043755232479,0
2007,A,1791314462045971489,133654,1.000000,0.043755232479,0
2008,A,1791314462046349224,132193,1.000000,0.043755232479,0
2009,A,1791314462046740829,132122,1.000000,0.043755232479,0
2010,A,1791314462047123343,137370,1.000000,0.043755232479,0
2011,A,1791314462047499678,131560,1.000000,0.043755232479,0
2012,A,1791314462047878903,132589,1.000000,0.043755232479,0
2013,A,1791314462048261328,135718,1.000000,0.043755232479,0
2014,A,1791314462048643313,132218,1.000000,0.043755232479,0
2015,A,1791314462049026808,134227,1.000000,0.043755232479,0
2016,A,1791314462049408563,132516,1.000000,0.043755232479,0
2017,A,1791314462049797918,132735,1.000000,0.043755232479,0
2018,A,1791314462050177833,134275,1.000000,0.043755232479,0
2019,A,1791314462050558538,134634,1.000000,0.043755232479,0
2020,A,1791314462050939073,132803,1.000000,0.043755232479,0
2021,A,1791314462051327948,134203,1.000000,0.043755232479,0
2022,A,1791314462051708653,132492,1.000000,0.043755232479,0
2023,A,1791314462052087448,133531,1.000000,0.043755232479,0
2024,A,1791314462052466293,132831,1.000000,0.043755232479,0
2025,A,1791314462052847358,133310,1.000000,0.043755232479,0
2026,A,1791314462053230113,136569,1.000000,0.043755232479,0
2027,A,1791314462053601728,131479,1.000000,0.043755232479,0
2028,A,1791314462053977233,135198,1.000000,0.043755232479,0
2029,A,1791314462054351438,132468,1.000000,0.043755232479,0
2030,A,1791314462054725423,131047,1.000000,0.043755232479,0
2031,A,1791314462055096668,131497,1.000000,0.043755232479,0
2032,A,1791314462055468323,131876,1.000000,0.043755232479,0
2033,A,1791314462055845158,134915,1.000000,0.043755232479,0
2034,A,1791314462056218493,133495,1.000000,0.043755232479,0
2035,A,1791314462056596718,138104,1.000000,0.043755232479,0
2036,A,1791314462056972413,133864,1.000000,0.043755232479,0
2037,A,1791314462057352238,132393,1.000000,0.043755232479,0
2038,A,1791314462057731333,131502,1.000000,0.043755232479,0
2039,A,1791314462058110438,132812,1.000000,0.043755232479,0
2040,A,1791314462058486713,131631,1.000000,0.043755232479,0
2041,A,1791314462058863438,130480,1.000000,0.043755232479,0
2042,A,1791314462059245613,137120,1.000000,0.043755232479,0
2043,A,1791314462059629018,136579,1.000000,0.043755232479,0
2044,A,1791314462060006623,131778,1.000000,0.043755232479,0
2045,A,1791314462060383248,131938,1.000000,0.043755232479,0
2046,A,1791314462060772583,133357,1.000000,0.043755232479,0
2047,A,1791314462061152278,132326,1.000000,0.043755232479,0
2048,A,1791314462061528523,131466,1.000000,0.043755232479,0
2049,A,1791314462061905858,131345,1.000000,0.043755232479,0
2050,A,1791314462062291403,134084,1.000000,0.043755232479,0
2051,A,1791314462062674828,133614,1.000000,0.043755232479,0
2052,A,1791314462063053083,131883,1.000000,0.043755232479,0
2053,A,1791314462063430618,131722,1.000000,0.043755232479,0
2054,A,1791314462063809493,133362,1.000000,0.043755232479,0
2055,A,1791314462064189188,133661,1.000000,0.043755232479,1
2056,B,1791314464603319132,395286,1.000000,0.117768731071,0
2057,B,1791314464603900645,232814,1.000000,0.117768731071,0
2058,B,1791314464604281610,110312,1.000000,0.117768731071,0
2059,B,1791314464604525946,103649,1.000000,0.117768731071,0
2060,B,1791314464604744643,77868,1.000000,0.117768731071,0
2061,B,1791314464604964231,88048,1.000000,0.117768731071,0
2062,B,1791314464605169428,74806,1.000000,0.117768731071,0
2063,B,1791314464605341146,67555,1.000000,0.117768731071,0
2064,B,1791314464605505153,65513,1.000000,0.117768731071,0
2065,B,1791314464605654751,51353,1.000000,0.117768731071,0
2066,B,1791314464605799519,49862,1.000000,0.117768731071,0
2067,B,1791314464605961537,58371,1.000000,0.117768731071,1
2068,A,1791314465068025005,490717,1.000000,0.043755232479,0
2069,A,1791314465068765415,289211,1.000000,0.043755232479,0
2070,A,1791314465069352487,196511,1.000000,0.043755232479,0
2071,A,1791314465069788112,165998,1.000000,0.043755232479,0
2072,A,1791314465070209666,158064,1.000000,0.043755232479,0
2073,A,1791314465070603431,132032,1.000000,0.043755232479,0
2074,A,1791314465070989086,130661,1.000000,0.043755232479,0
2075,A,1791314465071371231,126299,1.000000,0.043755232479,0
2076,A,1791314465071756276,127447,1.000000,0.043755232479,0
2077,A,1791314465072137131,128486,1.000000,0.043755232479,1
2078,B,1791314467609554830,320514,1.000000,0.117768731071,0
2079,B,1791314467610215901,223783,1.000000,0.117768731071,0
2080,B,1791314467610792863,295076,1.000000,0.117768731071,0
2081,B,1791314467611071210,110554,1.000000,0.117768731071,0
2082,B,1791314467611329506,106486,1.000000,0.117768731071,1
2083,A,1791314468075881240,393148,1.000000,0.043755232479,0
2084,A,1791314468076688219,405500,1.000000,0.043755232479,0
2085,A,1791314468077416240,306993,1.000000,0.043755232479,0
2086,A,1791314468077869414,167222,1.000000,0.043755232479,0
2087,A,1791314468078304628,165132,1.000000,0.043755232479,0
2088,A,1791314468078703763,139273,1.000000,0.043755232479,1
2089,B,1791314470614977762,314935,1.000000,0.117768731071,0
2090,B,1791314470615822701,423133,1.000000,0.117768731071,0
2091,B,1791314470616434313,249653,1.000000,0.117768731071,0
2092,B,1791314470616831118,247717,1.000000,0.117768731071,0
2093,B,1791314470617079764,99952,1.000000,0.117768731071,0
2094,B,1791314470617291672,87690,1.000000,0.117768731071,0
2095,B,1791314470617484749,83536,1.000000,0.117768731071,0
2096,B,1791314470617674936,82473,1.000000,0.117768731071,0
2097,B,1791314470617867124,86020,1.000000,0.117768731071,0
2098,B,1791314470618049202,71268,1.000000,0.117768731071,0
2099,B,1791314470618202140,68316,1.000000,0.117768731071,0
2100,B,1791314470618349358,67564,1.000000,0.117768731071,0
2101,B,1791314470618495216,67121,1.000000,0.117768731071,0
2102,B,1791314470618640634,66039,1.000000,0.117768731071,0
2103,B,1791314470618782952,65627,1.000000,0.117768731071,0
2104,B,1791314470618928010,66535,1.000000,0.117768731071,0
2105,B,1791314470619074048,68872,1.000000,0.117768731071,0
2106,B,1791314470619219166,66760,1.000000,0.117768731071,0
2107,B,1791314470619371374,73518,1.000000,0.117768731071,1
2108,A,1791314471082543376,478603,1.000000,0.043755232479,0
2109,A,1791314471083267246,318375,1.000000,0.043755232479,0
2110,A,1791314471083899988,319415,1.000000,0.043755232479,0
2111,A,1791314471084465651,292726,1.000000,0.043755232479,0
2112,A,1791314471084890675,163319,1.000000,0.043755232479,0
2113,A,1791314471085284880,136195,1.000000,0.043755232479,0
2114,A,1791314471085667175,131453,1.000000,0.043755232479,0
2115,A,1791314471086052070,131880,1.000000,0.043755232479,0
2116,A,1791314471086433134,130076,1.000000,0.043755232479,0
2117,A,1791314471086811679,129624,1.000000,0.043755232479,0
2118,A,1791314471087192504,131651,1.000000,0.043755232479,0
2119,A,1791314471087571099,131069,1.000000,0.043755232479,0
2120,A,1791314471087951364,130476,1.000000,0.043755232479,0
2121,A,1791314471088331609,131583,1.000000,0.043755232479,0
2122,A,1791314471088714344,130241,1.000000,0.043755232479,0
2123,A,1791314471089102759,131968,1.000000,0.043755232479,0
2124,A,1791314471089482634,129165,1.000000,0.043755232479,0
2125,A,1791314471089860499,129453,1.000000,0.043755232479,0
2126,A,1791314471090241264,132110,1.000000,0.043755232479,0
2127,A,1791314471090620519,130307,1.000000,0.043755232479,0
2128,A,1791314471091006464,136245,1.000000,0.043755232479,0
2129,A,1791314471091391539,131052,1.000000,0.043755232479,0
2130,A,1791314471091782214,128709,1.000000,0.043755232479,0
2131,A,1791314471092163549,129387,1.000000,0.043755232479,0
2132,A,1791314471092544094,130244,1.000000,0.043755232479,0
2133,A,1791314471092930829,137861,1.000000,0.043755232479,0
2134,A,1791314471093319853,138898,1.000000,0.043755232479,0
2135,A,1791314471093700038,129315,1.000000,0.043755232479,0
2136,A,1791314471094077143,130542,1.000000,0.043755232479,0
2137,A,1791314471094456598,130430,1.000000,0.043755232479,0
2138,A,1791314471094841593,128987,1.000000,0.043755232479,0
2139,A,1791314471095237178,132544,1.000000,0.043755232479,0
2140,A,1791314471095614423,128061,1.000000,0.043755232479,0
2141,A,1791314471096003777,136678,1.000000,0.043755232479,0
2142,A,1791314471096393882,134645,1.000000,0.043755232479,0
2143,A,1791314471096782767,138652,1.000000,0.043755232479,0
2144,A,1791314471097171732,133669,1.000000,0.043755232479,0
2145,A,1791314471097556787,131067,1.000000,0.043755232479,0
2146,A,1791314471097936872,129334,1.000000,0.043755232479,0
2147,A,1791314471098324097,132391,1.000000,0.043755232479,0
2148,A,1791314471098706392,130429,1.000000,0.043755232479,0
2149,A,1791314471099099896,139445,1.000000,0.043755232479,0
2150,A,1791314471099479711,128782,1.000000,0.043755232479,0
2151,A,1791314471099860166,129259,1.000000,0.043755232479,0
2152,A,1791314471100237681,130397,1.000000,0.043755232479,0
2153,A,1791314471100612116,127554,1.000000,0.043755232479,0
2154,A,1791314471100990021,128952,1.000000,0.043755232479,0
2155,A,1791314471101378726,132179,1.000000,0.043755232479,0
2156,A,1791314471101757981,128706,1.000000,0.043755232479,0
2157,A,1791314471102136766,128374,1.000000,0.043755232479,0
2158,A,1791314471102518541,132941,1.000000,0.043755232479,0
2159,A,1791314471102899216,131178,1.000000,0.043755232479,0
2160,A,1791314471103281071,132256,1.000000,0.043755232479,0
2161,A,1791314471103664396,133613,1.000000,0.043755232479,0
2162,A,1791314471104047271,132770,1.000000,0.043755232479,0
2163,A,1791314471104434296,133428,1.000000,0.043755232479,0
2164,A,1791314471104815611,129805,1.000000,0.043755232479,0
2165,A,1791314471105193536,129232,1.000000,0.043755232479,0
2166,A,1791314471105567371,127560,1.000000,0.043755232479,0
2167,A,1791314471105948466,132867,1.000000,0.043755232479,0
2168,A,1791314471106327381,129884,1.000000,0.043755232479,0
2169,A,1791314471106702226,129242,1.000000,0.043755232479,0
2170,A,1791314471107084001,131169,1.000000,0.043755232479,0
2171,A,1791314471107464176,129796,1.000000,0.043755232479,0
2172,A,1791314471107850901,129984,1.000000,0.043755232479,0
2173,A,1791314471108229986,130061,1.000000,0.043755232479,0
2174,A,1791314471108610561,129308,1.000000,0.043755232479,0
2175,A,1791314471108998935,137535,1.000000,0.043755232479,0
2176,A,1791314471109379540,129542,1.000000,0.043755232479,0
2177,A,1791314471109754665,128839,1.000000,0.043755232479,0
2178,A,1791314471110133720,130847,1.000000,0.043755232479,0
2179,A,1791314471110516265,129824,1.000000,0.043755232479,0
2180,A,1791314471110894380,127191,1.000000,0.043755232479,0
2181,A,1791314471111273475,130369,1.000000,0.043755232479,0
2182,A,1791314471111649280,127656,1.000000,0.043755232479,0
2183,A,1791314471112029105,132453,1.000000,0.043755232479,0
2184,A,1791314471112407470,129831,1.000000,0.043755232479,0
2185,A,1791314471112784985,129358,1.000000,0.043755232479,0
2186,A,1791314471113163590,129476,1.000000,0.043755232479,0
2187,A,1791314471113539105,128143,1.000000,0.043755232479,0
2188,A,1791314471113916610,128500,1.000000,0.043755232479,0
2189,A,1791314471114292255,128688,1.000000,0.043755232479,0
2190,A,1791314471114668830,129395,1.000000,0.043755232479,0
2191,A,1791314471115050405,133443,1.000000,0.043755232479,0
2192,A,1791314471115428600,128750,1.000000,0.043755232479,0
2193,A,1791314471115807785,128697,1.000000,0.043755232479,0
2194,A,1791314471116186810,130335,1.000000,0.043755232479,0
2195,A,1791314471116567415,129202,1.000000,0.043755232479,0
2196,A,1791314471116946390,129229,1.000000,0.043755232479,0
2197,A,1791314471117321965,128917,1.000000,0.043755232479,0
2198,A,1791314471117695970,127514,1.000000,0.043755232479,0
2199,A,1791314471118074385,130172,1.000000,0.043755232479,0
2200,A,1791314471118456160,133269,1.000000,0.043755232479,0
2201,A,1791314471118834485,128656,1.000000,0.043755232479,0
2202,A,1791314471119214170,130744,1.000000,0.043755232479,0
2203,A,1791314471119597215,129211,1.000000,0.043755232479,0
2204,A,1791314471119973940,128078,1.000000,0.043755232479,0
2205,A,1791314471120356765,131906,1.000000,0.043755232479,0
2206,A,1791314471120740450,132153,1.000000,0.043755232479,0
2207,A,1791314471121125324,135959,1.000000,0.043755232479,0
2208,A,1791314471121504599,129537,1.000000,0.043755232479,0
2209,A,1791314471121882924,129024,1.000000,0.043755232479,0
2210,A,1791314471122262799,131191,1.000000,0.043755232479,0
2211,A,1791314471122643944,129599,1.000000,0.043755232479,0
2212,A,1791314471123026709,130646,1.000000,0.043755232479,0
2213,A,1791314471123409474,136963,1.000000,0.043755232479,1
2214,B,1791314473622898737,281388,1.000000,0.117768731071,0
2215,B,1791314473623640527,267959,1.000000,0.117768731071,0
2216,B,1791314473624283098,142962,1.000000,0.117768731071,0
2217,B,1791314473624539965,90044,1.000000,0.117768731071,1
2218,A,1791314474127248503,469553,1.000000,0.043755232479,0
2219,A,1791314474128156611,450428,1.000000,0.043755232479,0
2220,A,1791314474128883981,297065,1.000000,0.043755232479,1
2221,B,1791314476628234288,365418,1.000000,0.117768731071,0
2222,B,1791314476628946928,296818,1.000000,0.117768731071,1
2223,A,1791314477132766153,478725,1.000000,0.043755232479,0
2224,A,1791314477133571553,390938,1.000000,0.043755232479,0
2225,A,1791314477134308463,380844,1.000000,0.043755232479,0
2226,A,1791314477134758677,159756,1.000000,0.043755232479,0
2227,A,1791314477135196031,164412,1.000000,0.043755232479,0
2228,A,1791314477135598116,131858,1.000000,0.043755232479,0
2229,A,1791314477135993450,129105,1.000000,0.043755232479,0
2230,A,1791314477136387685,129053,1.000000,0.043755232479,1
2231,B,1791314479632611500,322771,1.000000,0.117768731071,0
2232,B,1791314479633182263,308798,1.000000,0.117768731071,0
2233,B,1791314479633748435,314313,1.000000,0.117768731071,1
2234,A,1791314480137364723,348793,1.000000,0.043755232479,0
2235,A,1791314480138028704,205707,1.000000,0.043755232479,0
2236,A,1791314480138517977,193276,1.000000,0.043755232479,0
2237,A,1791314480138947242,157997,1.000000,0.043755232479,1
2238,B,1791314482637554072,371849,1.000000,0.117768731071,0
2239,B,1791314482638292892,241229,1.000000,0.117768731071,0
2240,B,1791314482638603348,108664,1.000000,0.117768731071,0
2241,B,1791314482638844385,83470,1.000000,0.117768731071,0
2242,B,1791314482639067692,80447,1.000000,0.117768731071,0
2243,B,1791314482639283219,73264,1.000000,0.117768731071,0
2244,B,1791314482639496806,75401,1.000000,0.117768731071,0
2245,B,1791314482639707293,70327,1.000000,0.117768731071,1
2246,A,1791314483142727648,432928,1.000000,0.043755232479,0
2247,A,1791314483143535168,391338,1.000000,0.043755232479,0
2248,A,1791314483144295288,357048,1.000000,0.043755232479,0
2249,A,1791314483144740192,163184,1.000000,0.043755232479,0
2250,A,1791314483145164276,160732,1.000000,0.043755232479,0
2251,A,1791314483145577481,157592,1.000000,0.043755232479,0
2252,A,1791314483145965226,131792,1.000000,0.043755232479,0
2253,A,1791314483146346051,131442,1.000000,0.043755232479,0
2254,A,1791314483146722106,129373,1.000000,0.043755232479,0
2255,A,1791314483147102860,132522,1.000000,0.043755232479,0
2256,A,1791314483147485485,129362,1.000000,0.043755232479,0
2257,A,1791314483147861410,128243,1.000000,0.043755232479,0
2258,A,1791314483148235736,129884,1.000000,0.043755232479,0
2259,A,1791314483148609011,128204,1.000000,0.043755232479,0
2260,A,1791314483148983456,128125,1.000000,0.043755232479,1
2261,B,1791314485643378378,363844,1.000000,0.117768731071,0
2262,B,1791314485644277267,382859,1.000000,0.117768731071,0
2263,B,1791314485644764020,231654,1.000000,0.117768731071,0
2264,B,1791314485645152925,214866,1.000000,0.117768731071,0
2265,B,1791314485645426301,92529,1.000000,0.117768731071,0
2266,B,1791314485645649708,61821,1.000000,0.117768731071,0
2267,B,1791314485645866136,58513,1.000000,0.117768731071,0
2268,B,1791314485646085043,63364,1.000000,0.117768731071,0
2269,B,1791314485646299490,57635,1.000000,0.117768731071,0
2270,B,1791314485646515237,57466,1.000000,0.117768731071,0
2271,B,1791314485646722904,54737,1.000000,0.117768731071,0
2272,B,1791314485646902022,42769,1.000000,0.117768731071,0
2273,B,1791314485647061580,41070,1.000000,0.117768731071,0
2274,B,1791314485647228948,46301,1.000000,0.117768731071,0
2275,B,1791314485647395455,43811,1.000000,0.117768731071,0
2276,B,1791314485647555203,40562,1.000000,0.117768731071,0
2277,B,1791314485647710221,40763,1.000000,0.117768731071,0
2278,B,1791314485647863039,40053,1.000000,0.117768731071,0
2279,B,1791314485648017197,40293,1.000000,0.117768731071,0
2280,B,1791314485648171105,41714,1.000000,0.117768731071,0
2281,B,1791314485648325843,40505,1.000000,0.117768731071,0
2282,B,1791314485648483241,41846,1.000000,0.117768731071,1
2283,A,1791314486152727150,402201,1.000000,0.043755232479,0
2284,A,1791314486153591739,398422,1.000000,0.043755232479,0
2285,A,1791314486154313079,328935,1.000000,0.043755232479,0
2286,A,1791314486154744763,164263,1.000000,0.043755232479,0
2287,A,1791314486155141998,135494,1.000000,0.043755232479,0
2288,A,1791314486155530963,135146,1.000000,0.043755232479,0
2289,A,1791314486155913328,130247,1.000000,0.043755232479,0
2290,A,1791314486156296293,130689,1.000000,0.043755232479,0
2291,A,1791314486156678038,130100,1.000000,0.043755232479,0
2292,A,1791314486157070403,139002,1.000000,0.043755232479,0
2293,A,1791314486157467897,135412,1.000000,0.043755232479,0
2294,A,1791314486157860132,140683,1.000000,0.043755232479,1
2295,B,1791314488652156386,381706,1.000000,0.117768731071,0
2296,B,1791314488653020134,384385,1.000000,0.117768731071,0
2297,B,1791314488653647936,231757,1.000000,0.117768731071,0
2298,B,1791314488653908053,92115,1.000000,0.117768731071,0
2299,B,1791314488654135460,65452,1.000000,0.117768731071,1
2300,A,1791314489161618627,404378,1.000000,0.043755232479,0
2301,A,1791314489162291888,295866,1.000000,0.043755232479,0
2302,A,1791314489162866941,306359,1.000000,0.043755232479,0
2303,A,1791314489163417823,285401,1.000000,0.043755232479,0
2304,A,1791314489163837378,159487,1.000000,0.043755232479,0
2305,A,1791314489164228953,133325,1.000000,0.043755232479,0
2306,A,1791314489164608018,127003,1.000000,0.043755232479,1
2307,B,1791314491657695033,222473,1.000000,0.117768731071,0
2308,B,1791314491658407964,277167,1.000000,0.117768731071,1
2309,A,1791314492168369014,398493,1.000000,0.043755232479,0
2310,A,1791314492169051985,302007,1.000000,0.043755232479,0
2311,A,1791314492169624118,287294,1.000000,0.043755232479,0
2312,A,1791314492170060562,160173,1.000000,0.043755232479,0
2313,A,1791314492170479836,157984,1.000000,0.043755232479,0
2314,A,1791314492170895041,155785,1.000000,0.043755232479,1
2315,B,1791314494662459704,357929,1.000000,0.117768731071,0
2316,B,1791314494663319062,347199,1.000000,0.117768731071,0
2317,B,1791314494663858215,256754,1.000000,0.117768731071,0
2318,B,1791314494664145461,118690,1.000000,0.117768731071,0
2319,B,1791314494664415998,107248,1.000000,0.117768731071,0
2320,B,1791314494664680184,105855,1.000000,0.117768731071,0
2321,B,1791314494664926251,87093,1.000000,0.117768731071,0
2322,B,1791314494665183388,96180,1.000000,0.117768731071,0
2323,B,1791314494665431294,87317,1.000000,0.117768731071,0
2324,B,1791314494665654082,65506,1.000000,0.117768731071,1
2325,A,1791314495174733756,475558,1.000000,0.043755232479,0
2326,A,1791314495175416517,286375,1.000000,0.043755232479,0
2327,A,1791314495176159227,404275,1.000000,0.043755232479,0
2328,A,1791314495176588251,161259,1.000000,0.043755232479,0
2329,A,1791314495176990716,137867,1.000000,0.043755232479,0
2330,A,1791314495177413530,157085,1.000000,0.043755232479,0
2331,A,1791314495177834395,156053,1.000000,0.043755232479,0
2332,A,1791314495178253499,157751,1.000000,0.043755232479,0
2333,A,1791314495178670804,156489,1.000000,0.043755232479,0
2334,A,1791314495179072528,132127,1.000000,0.043755232479,0
2335,A,1791314495179457873,132076,1.000000,0.043755232479,0
2336,A,1791314495179837158,127545,1.000000,0.043755232479,0
2337,A,1791314495180220003,128894,1.000000,0.043755232479,0
2338,A,1791314495180599668,127043,1.000000,0.043755232479,0
2339,A,1791314495180982573,132032,1.000000,0.043755232479,0
2340,A,1791314495181367458,129361,1.000000,0.043755232479,0
2341,A,1791314495181748763,126630,1.000000,0.043755232479,0
2342,A,1791314495182131508,132879,1.000000,0.043755232479,0
2343,A,1791314495182508803,127418,1.000000,0.043755232479,0
2344,A,1791314495182882518,124837,1.000000,0.043755232479,0
2345,A,1791314495183259953,128206,1.000000,0.043755232479,1
2346,B,1791314497669322809,357746,1.000000,0.117768731071,0
2347,B,1791314497670215497,372927,1.000000,0.117768731071,0
2348,B,1791314497670763160,216269,1.000000,0.117768731071,0
2349,B,1791314497671030187,83332,1.000000,0.117768731071,0
2350,B,1791314497671288373,81602,1.000000,0.117768731071,0
2351,B,1791314497671550020,88852,1.000000,0.117768731071,0
2352,B,1791314497671805266,80002,1.000000,0.117768731071,0
2353,B,1791314497672052793,74663,1.000000,0.117768731071,0
2354,B,1791314497672304790,76093,1.000000,0.117768731071,0
2355,B,1791314497672565846,82593,1.000000,0.117768731071,0
2356,B,1791314497672773354,37225,1.000000,0.117768731071,0
2357,B,1791314497672954601,32334,1.000000,0.117768731071,0
2358,B,1791314497673113569,31004,1.000000,0.117768731071,0
2359,B,1791314497673273477,33984,1.000000,0.117768731071,0
2360,B,1791314497673427455,29664,1.000000,0.117768731071,0
2361,B,1791314497673584653,31215,1.000000,0.117768731071,0
2362,B,1791314497673745571,29075,1.000000,0.117768731071,0
2363,B,1791314497673908848,31894,1.000000,0.117768731071,0
2364,B,1791314497674063306,30805,1.000000,0.117768731071,0
2365,B,1791314497674218974,31965,1.000000,0.117768731071,0
2366,B,1791314497674374312,30405,1.000000,0.117768731071,0
2367,B,1791314497674529660,29915,1.000000,0.117768731071,0
2368,B,1791314497674682468,29286,1.000000,0.117768731071,0
2369,B,1791314497674835526,29216,1.000000,0.117768731071,0
2370,B,1791314497674987854,29666,1.000000,0.117768731071,0
2371,B,1791314497675144852,34286,1.000000,0.117768731071,0
2372,B,1791314497675301550,32797,1.000000,0.117768731071,0
2373,B,1791314497675463528,31487,1.000000,0.117768731071,0
2374,B,1791314497675622206,30477,1.000000,0.117768731071,0
2375,B,1791314497675775974,29018,1.000000,0.117768731071,0
2376,B,1791314497675927352,28988,1.000000,0.117768731071,0
2377,B,1791314497676084830,30227,1.000000,0.117768731071,0
2378,B,1791314497676238408,30287,1.000000,0.117768731071,0
2379,B,1791314497676392146,30008,1.000000,0.117768731071,1
2380,A,1791314498185348011,332834,1.000000,0.043755232479,0
2381,A,1791314498186009553,293927,1.000000,0.043755232479,0
2382,A,1791314498186576455,280472,1.000000,0.043755232479,0
2383,A,1791314498187000630,157390,1.000000,0.043755232479,0
2384,A,1791314498187413664,151818,1.000000,0.043755232479,0
2385,A,1791314498187820609,149778,1.000000,0.043755232479,0
2386,A,1791314498188222513,141327,1.000000,0.043755232479,0
2387,A,1791314498188606318,125897,1.000000,0.043755232479,0
2388,A,1791314498188990093,128537,1.000000,0.043755232479,0
2389,A,1791314498189371888,126667,1.000000,0.043755232479,0
2390,A,1791314498189742943,122518,1.000000,0.043755232479,0
2391,A,1791314498190129618,123978,1.000000,0.043755232479,0
2392,A,1791314498190511953,129768,1.000000,0.043755232479,0
2393,A,1791314498190889668,123888,1.000000,0.043755232479,0
2394,A,1791314498191265023,123948,1.000000,0.043755232479,0
2395,A,1791314498191640218,122809,1.000000,0.043755232479,0
2396,A,1791314498192023063,130869,1.000000,0.043755232479,0
2397,A,1791314498192398568,123929,1.000000,0.043755232479,0
2398,A,1791314498192772093,122679,1.000000,0.043755232479,0
2399,A,1791314498193156768,132800,1.000000,0.043755232479,0
2400,A,1791314498193536353,125090,1.000000,0.043755232479,1
2401,B,1791314500680074529,380375,1.000000,0.117768731071,0
2402,B,1791314500680877728,311027,1.000000,0.117768731071,0
2403,B,1791314500681415891,213571,1.000000,0.117768731071,0
2404,B,1791314500681688938,87829,1.000000,0.117768731071,0
2405,B,1791314500681954164,88026,1.000000,0.117768731071,1
2406,A,1791314501197263735,366552,1.000000,0.043755232479,0
2407,A,1791314501197924617,260772,1.000000,0.043755232479,0
2408,A,1791314501198381731,160347,1.000000,0.043755232479,0
2409,A,1791314501198771645,129745,1.000000,0.043755232479,0
2410,A,1791314501199152750,125794,1.000000,0.043755232479,0
2411,A,1791314501199541375,126643,1.000000,0.043755232479,0
2412,A,1791314501199916780,123842,1.000000,0.043755232479,0
2413,A,1791314501200297555,127881,1.000000,0.043755232479,0
2414,A,1791314501200674720,123270,1.000000,0.043755232479,0
2415,A,1791314501201055895,130009,1.000000,0.043755232479,0
2416,A,1791314501201443510,132248,1.000000,0.043755232479,0
2417,A,1791314501201824625,127887,1.000000,0.043755232479,0
2418,A,1791314501202204800,128106,1.000000,0.043755232479,0
2419,A,1791314501202583615,126856,1.000000,0.043755232479,0
2420,A,1791314501202969210,131805,1.000000,0.043755232479,0
2421,A,1791314501203348395,128134,1.000000,0.043755232479,0
2422,A,1791314501203725300,125913,1.000000,0.043755232479,0
2423,A,1791314501204116304,125921,1.000000,0.043755232479,0
2424,A,1791314501204497269,128100,1.000000,0.043755232479,0
2425,A,1791314501204877474,126149,1.000000,0.043755232479,0
2426,A,1791314501205255969,126118,1.000000,0.043755232479,0
2427,A,1791314501205637694,127987,1.000000,0.043755232479,0
2428,A,1791314501206022469,128276,1.000000,0.043755232479,0
2429,A,1791314501206420104,142325,1.000000,0.043755232479,0
2430,A,1791314501206807479,131164,1.000000,0.043755232479,0
2431,A,1791314501207193513,131442,1.000000,0.043755232479,0
2432,A,1791314501207567999,127152,1.000000,0.043755232479,0
2433,A,1791314501207939784,125411,1.000000,0.043755232479,0
2434,A,1791314501208314109,127730,1.000000,0.043755232479,0
2435,A,1791314501208686184,125860,1.000000,0.043755232479,1
2436,B,1791314503685548967,243074,1.000000,0.117768731071,1
2437,A,1791314504212509175,454931,1.000000,0.043755232479,0
2438,A,1791314504213365913,390689,1.000000,0.043755232479,0
2439,A,1791314504214142123,417441,1.000000,0.043755232479,0
2440,A,1791314504214775045,283935,1.000000,0.043755232479,0
2441,A,1791314504215205069,161653,1.000000,0.043755232479,0
2442,A,1791314504215629753,154982,1.000000,0.043755232479,0
2443,A,1791314504216051608,155143,1.000000,0.043755232479,0
2444,A,1791314504216471832,153832,1.000000,0.043755232479,0
2445,A,1791314504216903296,155092,1.000000,0.043755232479,0
2446,A,1791314504217325541,153082,1.000000,0.043755232479,0
2447,A,1791314504217724816,137073,1.000000,0.043755232479,0
2448,A,1791314504218119380,130483,1.000000,0.043755232479,0
2449,A,1791314504218506185,126733,1.000000,0.043755232479,0
2450,A,1791314504218887380,123874,1.000000,0.043755232479,0
2451,A,1791314504219269415,125415,1.000000,0.043755232479,0
2452,A,1791314504219650240,124386,1.000000,0.043755232479,0
2453,A,1791314504220028385,122867,1.000000,0.043755232479,0
2454,A,1791314504220404820,123138,1.000000,0.043755232479,0
2455,A,1791314504220783135,124169,1.000000,0.043755232479,0
2456,A,1791314504221168340,129780,1.000000,0.043755232479,0
2457,A,1791314504221555735,126731,1.000000,0.043755232479,0
2458,A,1791314504221936740,123541,1.000000,0.043755232479,0
2459,A,1791314504222318995,125112,1.000000,0.043755232479,0
2460,A,1791314504222706400,129813,1.000000,0.043755232479,0
2461,A,1791314504223087635,125194,1.000000,0.043755232479,0
2462,A,1791314504223470340,125085,1.000000,0.043755232479,0
2463,A,1791314504223851675,123806,1.000000,0.043755232479,0
2464,A,1791314504224234189,124156,1.000000,0.043755232479,1
2465,B,1791314506689574125,328198,1.000000,0.117768731071,1
2466,A,1791314507227986450,402634,1.000000,0.043755232479,0
2467,A,1791314507228714451,300948,1.000000,0.043755232479,0
2468,A,1791314507229291963,289218,1.000000,0.043755232479,0
2469,A,1791314507229716668,153432,1.000000,0.043755232479,0
2470,A,1791314507230132262,149078,1.000000,0.043755232479,0
2471,A,1791314507230548127,149875,1.000000,0.043755232479,0
2472,A,1791314507230963891,147451,1.000000,0.043755232479,0
2473,A,1791314507231376756,148477,1.000000,0.043755232479,0
2474,A,1791314507231790420,150663,1.000000,0.043755232479,0
2475,A,1791314507232211245,155290,1.000000,0.043755232479,0
2476,A,1791314507232602699,126716,1.000000,0.043755232479,0
2477,A,1791314507232984534,123463,1.000000,0.043755232479,0
2478,A,1791314507233367839,124131,1.000000,0.043755232479,0
2479,A,1791314507233754694,129178,1.000000,0.043755232479,0
2480,A,1791314507234134039,120895,1.000000,0.043755232479,0
2481,A,1791314507234511884,120493,1.000000,0.043755232479,0
2482,A,1791314507234898219,119200,1.000000,0.043755232479,0
2483,A,1791314507235273034,119628,1.000000,0.043755232479,0
2484,A,1791314507235644059,116815,1.000000,0.043755232479,1
2485,B,1791314509693459807,195340,1.000000,0.117768731071,0
2486,B,1791314509694244487,287726,1.000000,0.117768731071,0
2487,B,1791314509694822919,238073,1.000000,0.117768731071,0
2488,B,1791314509695097706,81893,1.000000,0.117768731071,0
2489,B,1791314509695367332,81790,1.000000,0.117768731071,0
2490,B,1791314509695651278,93878,1.000000,0.117768731071,0
2491,B,1791314509695895735,61367,1.000000,0.117768731071,0
2492,B,1791314509696141232,60116,1.000000,0.117768731071,0
2493,B,1791314509696387909,61275,1.000000,0.117768731071,0
2494,B,1791314509696614196,38154,1.000000,0.117768731071,0
2495,B,1791314509696792983,21443,1.000000,0.117768731071,0
2496,B,1791314509696965431,18252,1.000000,0.117768731071,0
2497,B,1791314509697123159,18541,1.000000,0.117768731071,0
2498,B,1791314509697283737,23351,1.000000,0.117768731071,0
2499,B,1791314509697441805,18680,1.000000,0.117768731071,1
2500,A,1791314510237469320,455138,1.000000,0.043755232479,0
2501,A,1791314510238223840,311621,1.000000,0.043755232479,0
2502,A,1791314510238695964,161481,1.000000,0.043755232479,0
2503,A,1791314510239117208,151671,1.000000,0.043755232479,0
2504,A,1791314510239529453,150533,1.000000,0.043755232479,0
2505,A,1791314510239935887,145954,1.000000,0.043755232479,0
2506,A,1791314510240345592,147816,1.000000,0.043755232479,0
2507,A,1791314510240752596,145317,1.000000,0.043755232479,0
2508,A,1791314510241147891,132769,1.000000,0.043755232479,0
2509,A,1791314510241532906,127861,1.000000,0.043755232479,0
2510,A,1791314510241920951,134873,1.000000,0.043755232479,0
2511,A,1791314510242301786,124475,1.000000,0.043755232479,0
2512,A,1791314510242675571,123278,1.000000,0.043755232479,0
2513,A,1791314510243054476,123120,1.000000,0.043755232479,0
2514,A,1791314510243430421,123602,1.000000,0.043755232479,0
2515,A,1791314510243804366,122544,1.000000,0.043755232479,0
2516,A,1791314510244178941,123186,1.000000,0.043755232479,0
2517,A,1791314510244553416,123918,1.000000,0.043755232479,0
2518,A,1791314510244929061,124101,1.000000,0.043755232479,1
2519,B,1791314512700972228,215413,1.000000,0.117768731071,0
2520,B,1791314512701810277,391378,1.000000,0.117768731071,0
2521,B,1791314512702423639,204635,1.000000,0.117768731071,0
2522,B,1791314512702811764,194574,1.000000,0.117768731071,0
2523,B,1791314512703070360,72993,1.000000,0.117768731071,0
2524,B,1791314512703318697,70962,1.000000,0.117768731071,0
2525,B,1791314512703570004,70711,1.000000,0.117768731071,0
2526,B,1791314512703820660,72529,1.000000,0.117768731071,0
2527,B,1791314512704065747,66758,1.000000,0.117768731071,0
2528,B,1791314512704300344,55757,1.000000,0.117768731071,1
2529,A,1791314513248722460,444620,1.000000,0.043755232479,0
2530,A,1791314513249506719,348905,1.000000,0.043755232479,0
2531,A,1791314513250221610,313104,1.000000,0.043755232479,0
2532,A,1791314513250783382,278167,1.000000,0.043755232479,0
2533,A,1791314513251207577,150483,1.000000,0.043755232479,0
2534,A,1791314513251631131,153271,1.000000,0.043755232479,0
2535,A,1791314513252050325,149388,1.000000,0.043755232479,0
2536,A,1791314513252466520,148546,1.000000,0.043755232479,0
2537,A,1791314513252859895,125165,1.000000,0.043755232479,0
2538,A,1791314513253250049,124613,1.000000,0.043755232479,0
2539,A,1791314513253631344,121502,1.000000,0.043755232479,0
2540,A,1791314513254008599,118311,1.000000,0.043755232479,1
2541,B,1791314515708045771,390144,1.000000,0.117768731071,0
2542,B,1791314515708822160,317091,1.000000,0.117768731071,0
2543,B,1791314515709378703,212279,1.000000,0.117768731071,0
2544,B,1791314515709775588,202122,1.000000,0.117768731071,1
2545,A,1791314516257689308,323786,1.000000,0.043755232479,0
2546,A,1791314516258490467,394595,1.000000,0.043755232479,0
2547,A,1791314516259205117,314895,1.000000,0.043755232479,0
2548,A,1791314516259779280,280600,1.000000,0.043755232479,0
2549,A,1791314516260206454,154026,1.000000,0.043755232479,0
2550,A,1791314516260625488,151005,1.000000,0.043755232479,0
2551,A,1791314516261042673,151534,1.000000,0.043755232479,0
2552,A,1791314516261460987,151873,1.000000,0.043755232479,0
2553,A,1791314516261879072,150862,1.000000,0.043755232479,1
2554,B,1791314518713499084,362675,1.000000,0.117768731071,0
2555,B,1791314518714372362,360755,1.000000,0.117768731071,0
2556,B,1791314518715110562,359856,1.000000,0.117768731071,0
2557,B,1791314518715401009,110104,1.000000,0.117768731071,0
2558,B,1791314518715674175,112501,1.000000,0.117768731071,0
2559,B,1791314518715927812,86778,1.000000,0.117768731071,0
2560,B,1791314518716175498,86025,1.000000,0.117768731071,0
2561,B,1791314518716421585,88193,1.000000,0.117768731071,1
2562,A,1791314519265691688,438568,1.000000,0.043755232479,0
2563,A,1791314519266510107,399584,1.000000,0.043755232479,0
2564,A,1791314519267188238,332764,1.000000,0.043755232479,0
2565,A,1791314519267757121,282798,1.000000,0.043755232479,0
2566,A,1791314519268182045,155324,1.000000,0.043755232479,0
2567,A,1791314519268600959,153622,1.000000,0.043755232479,0
2568,A,1791314519269017044,151971,1.000000,0.043755232479,0
2569,A,1791314519269436628,153559,1.000000,0.043755232479,0
2570,A,1791314519269850723,150578,1.000000,0.043755232479,0
2571,A,1791314519270273647,160646,1.000000,0.043755232479,0
2572,A,1791314519270696552,157465,1.000000,0.043755232479,0
2573,A,1791314519271095826,127642,1.000000,0.043755232479,0
2574,A,1791314519271483491,125332,1.000000,0.043755232479,0
2575,A,1791314519271866516,125121,1.000000,0.043755232479,0
2576,A,1791314519272247991,124241,1.000000,0.043755232479,0
2577,A,1791314519272641976,129680,1.000000,0.043755232479,0
2578,A,1791314519273023051,124689,1.000000,0.043755232479,0
2579,A,1791314519273405206,126299,1.000000,0.043755232479,0
2580,A,1791314519273781711,123328,1.000000,0.043755232479,0
2581,A,1791314519274158526,122368,1.000000,0.043755232479,0
2582,A,1791314519274535881,122767,1.000000,0.043755232479,0
2583,A,1791314519274911326,121687,1.000000,0.043755232479,0
2584,A,1791314519275291491,126706,1.000000,0.043755232479,0
2585,A,1791314519275671516,124046,1.000000,0.043755232479,0
2586,A,1791314519276049981,122805,1.000000,0.043755232479,0
2587,A,1791314519276428416,124395,1.000000,0.043755232479,1
2588,B,1791314521720114802,351578,1.000000,0.117768731071,0
2589,B,1791314521720974291,413927,1.000000,0.117768731071,0
2590,B,1791314521721606383,227961,1.000000,0.117768731071,0
2591,B,1791314521721994717,200686,1.000000,0.117768731071,1
2592,A,1791314522280157811,377586,1.000000,0.043755232479,0
2593,A,1791314522280816272,310702,1.000000,0.043755232479,0
2594,A,1791314522281383055,286021,1.000000,0.043755232479,0
2595,A,1791314522281811129,161230,1.000000,0.043755232479,0
2596,A,1791314522282205724,132742,1.000000,0.043755232479,0
2597,A,1791314522282590389,132974,1.000000,0.043755232479,0
2598,A,1791314522282967534,127527,1.000000,0.043755232479,0
2599,A,1791314522283347949,131949,1.000000,0.043755232479,0
2600,A,1791314522283749413,140260,1.000000,0.043755232479,0
2601,A,1791314522284128788,130702,1.000000,0.043755232479,0
2602,A,1791314522284506303,127484,1.000000,0.043755232479,0
2603,A,1791314522284885458,130166,1.000000,0.043755232479,1
2604,B,1791314524725638795,284419,1.000000,0.117768731071,0
2605,B,1791314524726441834,341492,1.000000,0.117768731071,0
2606,B,1791314524727135875,340656,1.000000,0.117768731071,0
2607,B,1791314524727415101,105345,1.000000,0.117768731071,0
2608,B,1791314524727672318,98163,1.000000,0.117768731071,0
2609,B,1791314524727927415,96952,1.000000,0.117768731071,0
2610,B,1791314524728177731,93769,1.000000,0.117768731071,0
2611,B,1791314524728428068,92217,1.000000,0.117768731071,0
2612,B,1791314524728673675,89546,1.000000,0.117768731071,0
2613,B,1791314524728929051,97243,1.000000,0.117768731071,0
2614,B,1791314524729136129,53722,1.000000,0.117768731071,1
2615,A,1791314525288651804,400861,1.000000,0.043755232479,0
2616,A,1791314525289373014,314516,1.000000,0.043755232479,0
2617,A,1791314525289994086,289876,1.000000,0.043755232479,0
2618,A,1791314525290443870,158299,1.000000,0.043755232479,0
2619,A,1791314525290882674,158625,1.000000,0.043755232479,0
2620,A,1791314525291314288,162691,1.000000,0.043755232479,0
2621,A,1791314525291728873,149989,1.000000,0.043755232479,0
2622,A,1791314525292146027,151865,1.000000,0.043755232479,0
2623,A,1791314525292565192,152212,1.000000,0.043755232479,0
2624,A,1791314525292986036,152298,1.000000,0.043755232479,0
2625,A,1791314525293383531,127626,1.000000,0.043755232479,0
2626,A,1791314525293773216,128053,1.000000,0.043755232479,0
2627,A,1791314525294159081,127231,1.000000,0.043755232479,0
2628,A,1791314525294543266,124839,1.000000,0.043755232479,0
2629,A,1791314525294928561,124677,1.000000,0.043755232479,0
2630,A,1791314525295315716,126725,1.000000,0.043755232479,0
2631,A,1791314525295699230,124312,1.000000,0.043755232479,0
2632,A,1791314525296076695,120820,1.000000,0.043755232479,0
2633,A,1791314525296459430,123838,1.000000,0.043755232479,0
2634,A,1791314525296839875,122996,1.000000,0.043755232479,0
2635,A,1791314525297220820,122994,1.000000,0.043755232479,0
2636,A,1791314525297602495,122422,1.000000,0.043755232479,0
2637,A,1791314525297978040,119770,1.000000,0.043755232479,0
2638,A,1791314525298357005,123088,1.000000,0.043755232479,0
2639,A,1791314525298734980,122196,1.000000,0.043755232479,0
2640,A,1791314525299114835,121784,1.000000,0.043755232479,0
2641,A,1791314525299495100,123302,1.000000,0.043755232479,0
2642,A,1791314525299876595,123030,1.000000,0.043755232479,0
2643,A,1791314525300257460,122898,1.000000,0.043755232479,0
2644,A,1791314525300639015,123935,1.000000,0.043755232479,0
2645,A,1791314525301023590,122623,1.000000,0.043755232479,0
2646,A,1791314525301408105,123721,1.000000,0.043755232479,0
2647,A,1791314525301789130,125129,1.000000,0.043755232479,0
2648,A,1791314525302171005,121817,1.000000,0.043755232479,0
2649,A,1791314525302555130,124435,1.000000,0.043755232479,0
2650,A,1791314525302932655,120513,1.000000,0.043755232479,0
2651,A,1791314525303318519,122460,1.000000,0.043755232479,0
2652,A,1791314525303699924,123538,1.000000,0.043755232479,0
2653,A,1791314525304077269,121646,1.000000,0.043755232479,0
2654,A,1791314525304459094,122424,1.000000,0.043755232479,0
2655,A,1791314525304838349,121712,1.000000,0.043755232479,0
2656,A,1791314525305215084,120380,1.000000,0.043755232479,1
2657,B,1791314527732740028,290923,1.000000,0.117768731071,0
2658,B,1791314527733454658,316115,1.000000,0.117768731071,0
2659,B,1791314527734182239,241611,1.000000,0.117768731071,0
2660,B,1791314527734439325,96495,1.000000,0.117768731071,1
2661,A,1791314528308974040,402941,1.000000,0.043755232479,0
2662,A,1791314528309816499,428071,1.000000,0.043755232479,0
2663,A,1791314528310534459,292043,1.000000,0.043755232479,0
2664,A,1791314528310982443,155171,1.000000,0.043755232479,0
2665,A,1791314528311398948,145061,1.000000,0.043755232479,0
2666,A,1791314528311796072,124471,1.000000,0.043755232479,0
2667,A,1791314528312190557,129342,1.000000,0.043755232479,0
2668,A,1791314528312578462,121923,1.000000,0.043755232479,0
2669,A,1791314528312968477,123354,1.000000,0.043755232479,0
2670,A,1791314528313366482,124865,1.000000,0.043755232479,0
2671,A,1791314528313753567,124956,1.000000,0.043755232479,0
2672,A,1791314528314134042,120377,1.000000,0.043755232479,0
2673,A,1791314528314520006,121557,1.000000,0.043755232479,0
2674,A,1791314528314903891,120958,1.000000,0.043755232479,0
2675,A,1791314528315287486,119759,1.000000,0.043755232479,0
2676,A,1791314528315673941,125180,1.000000,0.043755232479,0
2677,A,1791314528316055796,119881,1.000000,0.043755232479,0
2678,A,1791314528316450131,127132,1.000000,0.043755232479,0
2679,A,1791314528316828966,119233,1.000000,0.043755232479,0
2680,A,1791314528317210261,118044,1.000000,0.043755232479,1
2681,B,1791314530738155790,384974,1.000000,0.117768731071,0
2682,B,1791314530739037728,446426,1.000000,0.117768731071,0
2683,B,1791314530739571751,235342,1.000000,0.117768731071,0
2684,B,1791314530739953006,225799,1.000000,0.117768731071,0
2685,B,1791314530740211493,103048,1.000000,0.117768731071,0
2686,B,1791314530740441520,80206,1.000000,0.117768731071,0
2687,B,1791314530740660197,72434,1.000000,0.117768731071,0
2688,B,1791314530740881774,81283,1.000000,0.117768731071,0
2689,B,1791314530741097651,71501,1.000000,0.117768731071,0
2690,B,1791314530741308818,70299,1.000000,0.117768731071,0
2691,B,1791314530741513086,61678,1.000000,0.117768731071,0
2692,B,1791314530741674754,56137,1.000000,0.117768731071,0
2693,B,1791314530741834071,56105,1.000000,0.117768731071,0
2694,B,1791314530741995549,58334,1.000000,0.117768731071,0
2695,B,1791314530742151357,54932,1.000000,0.117768731071,0
2696,B,1791314530742306355,54670,1.000000,0.117768731071,0
2697,B,1791314530742466083,59389,1.000000,0.117768731071,0
2698,B,1791314530742623681,54988,1.000000,0.117768731071,1
2699,A,1791314531320846969,280438,1.000000,0.043755232479,0
2700,A,1791314531321434451,200481,1.000000,0.043755232479,0
2701,A,1791314531321911064,187828,1.000000,0.043755232479,0
2702,A,1791314531322357869,173657,1.000000,0.043755232479,0
2703,A,1791314531322782663,159305,1.000000,0.043755232479,0
2704,A,1791314531323171548,132295,1.000000,0.043755232479,0
2705,A,1791314531323563033,135185,1.000000,0.043755232479,0
2706,A,1791314531323938708,127745,1.000000,0.043755232479,0
2707,A,1791314531324316593,128005,1.000000,0.043755232479,0
2708,A,1791314531324693198,126745,1.000000,0.043755232479,0
2709,A,1791314531325086942,130504,1.000000,0.043755232479,0
2710,A,1791314531325466097,128954,1.000000,0.043755232479,0
2711,A,1791314531325842912,127084,1.000000,0.043755232479,0
2712,A,1791314531326232497,129144,1.000000,0.043755232479,0
2713,A,1791314531326619482,139404,1.000000,0.043755232479,0
2714,A,1791314531326998627,128163,1.000000,0.043755232479,0
2715,A,1791314531327381042,132744,1.000000,0.043755232479,0
2716,A,1791314531327757907,127004,1.000000,0.043755232479,0
2717,A,1791314531328136382,127544,1.000000,0.043755232479,0
2718,A,1791314531328517057,131894,1.000000,0.043755232479,0
2719,A,1791314531328898002,130254,1.000000,0.043755232479,0
2720,A,1791314531329282447,129574,1.000000,0.043755232479,0
2721,A,1791314531329663102,132814,1.000000,0.043755232479,0
2722,A,1791314531330039297,126684,1.000000,0.043755232479,0
2723,A,1791314531330415132,129144,1.000000,0.043755232479,0
2724,A,1791314531330800507,131234,1.000000,0.043755232479,0
2725,A,1791314531331171372,125004,1.000000,0.043755232479,0
2726,A,1791314531331557797,127864,1.000000,0.043755232479,0
2727,A,1791314531331933082,126534,1.000000,0.043755232479,1
2728,B,1791314533746215223,303718,1.000000,0.117768731071,0
2729,B,1791314533746924734,292505,1.000000,0.117768731071,0
2730,B,1791314533747450177,231890,1.000000,0.117768731071,0
2731,B,1791314533747844862,231773,1.000000,0.117768731071,0
2732,B,1791314533748109328,105267,1.000000,0.117768731071,1
2733,A,1791314534335762801,482785,1.000000,0.043755232479,0
2734,A,1791314534336604300,440896,1.000000,0.043755232479,0
2735,A,1791314534337309540,310507,1.000000,0.043755232479,0
2736,A,1791314534337878323,294145,1.000000,0.043755232479,0
2737,A,1791314534338284657,141903,1.000000,0.043755232479,0
2738,A,1791314534338668292,137545,1.000000,0.043755232479,0
2739,A,1791314534339059047,135316,1.000000,0.043755232479,0
2740,A,1791314534339441172,136337,1.000000,0.043755232479,0
2741,A,1791314534339822767,134718,1.000000,0.043755232479,0
2742,A,1791314534340203872,134599,1.000000,0.043755232479,0
2743,A,1791314534340585237,135321,1.000000,0.043755232479,0
2744,A,1791314534340967192,138472,1.000000,0.043755232479,0
2745,A,1791314534341359107,143483,1.000000,0.043755232479,0
2746,A,1791314534341752061,138033,1.000000,0.043755232479,0
2747,A,1791314534342138646,137744,1.000000,0.043755232479,0
2748,A,1791314534342520791,137366,1.000000,0.043755232479,0
2749,A,1791314534342902976,138427,1.000000,0.043755232479,0
2750,A,1791314534343284281,137248,1.000000,0.043755232479,0
2751,A,1791314534343664586,136799,1.000000,0.043755232479,0
2752,A,1791314534344040901,133351,1.000000,0.043755232479,0
2753,A,1791314534344430616,141552,1.000000,0.043755232479,0
2754,A,1791314534344809561,136303,1.000000,0.043755232479,0
2755,A,1791314534345185526,134804,1.000000,0.043755232479,0
2756,A,1791314534345569271,139046,1.000000,0.043755232479,0
2757,A,1791314534345950986,136387,1.000000,0.043755232479,0
2758,A,1791314534346334871,137398,1.000000,0.043755232479,0
2759,A,1791314534346731626,147959,1.000000,0.043755232479,0
2760,A,1791314534347117370,138769,1.000000,0.043755232479,0
2761,A,1791314534347506915,139311,1.000000,0.043755232479,0
2762,A,1791314534347891410,137622,1.000000,0.043755232479,0
2763,A,1791314534348277585,136493,1.000000,0.043755232479,0
2764,A,1791314534348661800,138934,1.000000,0.043755232479,0
2765,A,1791314534349059795,147876,1.000000,0.043755232479,0
2766,A,1791314534349445820,137017,1.000000,0.043755232479,1
2767,B,1791314536751860923,413769,1.000000,0.117768731071,1
2768,A,1791314537353186407,388413,1.000000,0.043755232479,0
2769,A,1791314537353815848,257541,1.000000,0.043755232479,0
2770,A,1791314537354393261,310635,1.000000,0.043755232479,0
2771,A,1791314537354822795,168119,1.000000,0.043755232479,0
2772,A,1791314537355242330,164497,1.000000,0.043755232479,0
2773,A,1791314537355636434,139914,1.000000,0.043755232479,0
2774,A,1791314537356020849,137552,1.000000,0.043755232479,0
2775,A,1791314537356407684,136471,1.000000,0.043755232479,0
2776,A,1791314537356787559,134789,1.000000,0.043755232479,0
2777,A,1791314537357167874,134198,1.000000,0.043755232479,0
2778,A,1791314537357553529,139786,1.000000,0.043755232479,0
2779,A,1791314537357935574,135974,1.000000,0.043755232479,0
2780,A,1791314537358316839,135153,1.000000,0.043755232479,0
2781,A,1791314537358695114,133981,1.000000,0.043755232479,0
2782,A,1791314537359073739,135310,1.000000,0.043755232479,0
2783,A,1791314537359456154,135859,1.000000,0.043755232479,0
2784,A,1791314537359834969,133787,1.000000,0.043755232479,0
2785,A,1791314537360212144,134166,1.000000,0.043755232479,0
2786,A,1791314537360600619,134854,1.000000,0.043755232479,1
2787,B,1791314539755796395,389320,1.000000,0.117768731071,1
2788,A,1791314540364430330,488461,1.000000,0.043755232479,0
2789,A,1791314540365167901,285672,1.000000,0.043755232479,0
2790,A,1791314540365977640,427744,1.000000,0.043755232479,0
2791,A,1791314540366464193,179490,1.000000,0.043755232479,0
2792,A,1791314540366864278,139410,1.000000,0.043755232479,0
2793,A,1791314540367251903,135031,1.000000,0.043755232479,0
2794,A,1791314540367640008,135622,1.000000,0.043755232479,0
2795,A,1791314540368025753,133733,1.000000,0.043755232479,0
2796,A,1791314540368412298,136404,1.000000,0.043755232479,0
2797,A,1791314540368809942,135074,1.000000,0.043755232479,0
2798,A,1791314540369196867,135875,1.000000,0.043755232479,0
2799,A,1791314540369581922,136646,1.000000,0.043755232479,0
2800,A,1791314540369966557,132837,1.000000,0.043755232479,0
2801,A,1791314540370358042,134147,1.000000,0.043755232479,0
2802,A,1791314540370742317,134018,1.000000,0.043755232479,0
2803,A,1791314540371123412,132479,1.000000,0.043755232479,0
2804,A,1791314540371507597,134050,1.000000,0.043755232479,0
2805,A,1791314540371890422,133501,1.000000,0.043755232479,0
2806,A,1791314540372265887,132272,1.000000,0.043755232479,0
2807,A,1791314540372642472,133853,1.000000,0.043755232479,0
2808,A,1791314540373022247,136735,1.000000,0.043755232479,1
2809,B,1791314542759623209,388391,1.000000,0.117768731071,0
2810,B,1791314542760406199,356140,1.000000,0.117768731071,0
2811,B,1791314542761067470,353079,1.000000,0.117768731071,0
2812,B,1791314542761464835,239513,1.000000,0.117768731071,0
2813,B,1791314542761725531,109408,1.000000,0.117768731071,1
2814,A,1791314543376638623,284504,1.000000,0.043755232479,0
2815,A,1791314543377294275,287714,1.000000,0.043755232479,0
2816,A,1791314543377837928,186986,1.000000,0.043755232479,0
2817,A,1791314543378263902,159172,1.000000,0.043755232479,0
2818,A,1791314543378689066,163038,1.000000,0.043755232479,0
2819,A,1791314543379082831,130786,1.000000,0.043755232479,1
2820,B,1791314545765352164,296508,1.000000,0.117768731071,0
2821,B,1791314545766169523,371296,1.000000,0.117768731071,0
2822,B,1791314545766775725,250827,1.000000,0.117768731071,0
2823,B,1791314545767044401,121583,1.000000,0.117768731071,0
2824,B,1791314545767301268,112867,1.000000,0.117768731071,0
2825,B,1791314545767556394,111489,1.000000,0.117768731071,0
2826,B,1791314545767806291,108763,1.000000,0.117768731071,0
2827,B,1791314545768054948,110915,1.000000,0.117768731071,0
2828,B,1791314545768301294,106967,1.000000,0.117768731071,0
2829,B,1791314545768530621,88251,1.000000,0.117768731071,0
2830,B,1791314545768729109,68184,1.000000,0.117768731071,0
2831,B,1791314545768898747,70787,1.000000,0.117768731071,0
2832,B,1791314545769058184,65298,1.000000,0.117768731071,0
2833,B,1791314545769214672,64120,1.000000,0.117768731071,0
2834,B,1791314545769373190,65522,1.000000,0.117768731071,0
2835,B,1791314545769530528,65624,1.000000,0.117768731071,0
2836,B,1791314545769686346,63306,1.000000,0.117768731071,0
2837,B,1791314545769850524,65458,1.000000,0.117768731071,0
2838,B,1791314545770006662,63460,1.000000,0.117768731071,1
2839,A,1791314546381510929,485065,1.000000,0.043755232479,0
2840,A,1791314546382283539,310268,1.000000,0.043755232479,0
2841,A,1791314546382893141,296585,1.000000,0.043755232479,1
2842,B,1791314548773753668,457368,1.000000,0.117768731071,0
2843,B,1791314548774515598,329521,1.000000,0.117768731071,0
2844,B,1791314548775120460,271657,1.000000,0.117768731071,0
2845,B,1791314548775703252,267102,1.000000,0.117768731071,0
2846,B,1791314548775997548,127780,1.000000,0.117768731071,0
2847,B,1791314548776279184,119718,1.000000,0.117768731071,0
2848,B,1791314548776534881,116516,1.000000,0.117768731071,0
2849,B,1791314548776806167,123173,1.000000,0.117768731071,0
2850,B,1791314548777052574,111232,1.000000,0.117768731071,1
2851,A,1791314549385362616,350798,1.000000,0.043755232479,0
2852,A,1791314549386017867,306850,1.000000,0.043755232479,0
2853,A,1791314549386467722,174527,1.000000,0.043755232479,0
2854,A,1791314549386886166,161996,1.000000,0.043755232479,0
2855,A,1791314549387302630,167144,1.000000,0.043755232479,0
2856,A,1791314549387718635,162494,1.000000,0.043755232479,0
2857,A,1791314549388130829,161892,1.000000,0.043755232479,0
2858,A,1791314549388543314,161382,1.000000,0.043755232479,0
2859,A,1791314549388957429,163511,1.000000,0.043755232479,1
2860,B,1791314551780737807,357506,1.000000,0.117768731071,1
2861,A,1791314552392682389,373364,1.000000,0.043755232479,0
2862,A,1791314552393315840,307720,1.000000,0.043755232479,0
2863,A,1791314552393864993,291769,1.000000,0.043755232479,0
2864,A,1791314552394284687,167909,1.000000,0.043755232479,0
2865,A,1791314552394690772,156561,1.000000,0.043755232479,0
2866,A,1791314552395068307,135973,1.000000,0.043755232479,0
2867,A,1791314552395457652,147375,1.000000,0.043755232479,0
2868,A,1791314552395839837,139507,1.000000,0.043755232479,0
2869,A,1791314552396218132,135110,1.000000,0.043755232479,0
2870,A,1791314552396594027,137072,1.000000,0.043755232479,0
2871,A,1791314552396975602,140234,1.000000,0.043755232479,1
2872,B,1791314554784591373,425858,1.000000,0.117768731071,1
2873,A,1791314555400753496,416261,1.000000,0.043755232479,0
2874,A,1791314555401547086,327713,1.000000,0.043755232479,0
2875,A,1791314555402170257,298391,1.000000,0.043755232479,0
2876,A,1791314555402735570,292733,1.000000,0.043755232479,0
2877,A,1791314555403170374,165436,1.000000,0.043755232479,0
2878,A,1791314555403599549,164262,1.000000,0.043755232479,0
2879,A,1791314555404024253,160568,1.000000,0.043755232479,0
2880,A,1791314555404459667,166723,1.000000,0.043755232479,0
2881,A,1791314555404871242,138540,1.000000,0.043755232479,0
2882,A,1791314555405265067,135067,1.000000,0.043755232479,0
2883,A,1791314555405655441,135083,1.000000,0.043755232479,0
2884,A,1791314555406038476,131120,1.000000,0.043755232479,0
2885,A,1791314555406426211,130908,1.000000,0.043755232479,0
2886,A,1791314555406807856,132125,1.000000,0.043755232479,0
2887,A,1791314555407190021,132393,1.000000,0.043755232479,0
2888,A,1791314555407572276,131590,1.000000,0.043755232479,0
2889,A,1791314555407953811,130687,1.000000,0.043755232479,0
2890,A,1791314555408330236,128675,1.000000,0.043755232479,0
2891,A,1791314555408715161,130262,1.000000,0.043755232479,0
2892,A,1791314555409098896,131560,1.000000,0.043755232479,0
2893,A,1791314555409484241,133717,1.000000,0.043755232479,0
2894,A,1791314555409869385,131944,1.000000,0.043755232479,0
2895,A,1791314555410247890,128141,1.000000,0.043755232479,0
2896,A,1791314555410626135,128668,1.000000,0.043755232479,0
2897,A,1791314555411013870,138746,1.000000,0.043755232479,0
2898,A,1791314555411395675,133613,1.000000,0.043755232479,0
2899,A,1791314555411772540,129021,1.000000,0.043755232479,0
2900,A,1791314555412149915,129518,1.000000,0.043755232479,0
2901,A,1791314555412530430,129266,1.000000,0.043755232479,0
2902,A,1791314555412909815,129953,1.000000,0.043755232479,0
2903,A,1791314555413288450,129931,1.000000,0.043755232479,0
2904,A,1791314555413668545,130698,1.000000,0.043755232479,0
2905,A,1791314555414046620,129536,1.000000,0.043755232479,0
2906,A,1791314555414433565,128393,1.000000,0.043755232479,0
2907,A,1791314555414817659,131300,1.000000,0.043755232479,0
2908,A,1791314555415199914,129977,1.000000,0.043755232479,0
2909,A,1791314555415579389,129165,1.000000,0.043755232479,0
2910,A,1791314555415957084,129142,1.000000,0.043755232479,0
2911,A,1791314555416331769,129370,1.000000,0.043755232479,1
2912,B,1791314557788445001,369219,1.000000,0.117768731071,0
2913,B,1791314557789037033,243366,1.000000,0.117768731071,0
2914,B,1791314557789440228,125912,1.000000,0.117768731071,0
2915,B,1791314557789717014,121984,1.000000,0.117768731071,1
2916,A,1791314558420142900,457480,1.000000,0.043755232479,0
2917,A,1791314558420959070,356355,1.000000,0.043755232479,0
2918,A,1791314558421610331,318774,1.000000,0.043755232479,0
2919,A,1791314558422068615,150958,1.000000,0.043755232479,0
2920,A,1791314558422506349,159244,1.000000,0.043755232479,0
2921,A,1791314558422949863,153061,1.000000,0.043755232479,0
2922,A,1791314558423373958,145219,1.000000,0.043755232479,0
2923,A,1791314558423815352,149725,1.000000,0.043755232479,0
2924,A,1791314558424239346,144602,1.000000,0.043755232479,0
2925,A,1791314558424657021,127740,1.000000,0.043755232479,0
2926,A,1791314558425097395,137207,1.000000,0.043755232479,0
2927,A,1791314558425502799,129394,1.000000,0.043755232479,0
2928,A,1791314558425892104,119682,1.000000,0.043755232479,0
2929,A,1791314558426273979,118120,1.000000,0.043755232479,0
2930,A,1791314558426655914,119199,1.000000,0.043755232479,0
2931,A,1791314558427034749,117348,1.000000,0.043755232479,0
2932,A,1791314558427416384,120336,1.000000,0.043755232479,1
2933,B,1791314560790387766,323844,1.000000,0.117768731071,0
2934,B,1791314560791242305,430266,1.000000,0.117768731071,0
2935,B,1791314560791994745,385341,1.000000,0.117768731071,1
2936,A,1791314561431159445,374640,1.000000,0.043755232479,0
2937,A,1791314561431856726,304037,1.000000,0.043755232479,0
2938,A,1791314561432425208,273927,1.000000,0.043755232479,0
2939,A,1791314561432868413,159912,1.000000,0.043755232479,0
2940,A,1791314561433294447,149798,1.000000,0.043755232479,0
2941,A,1791314561433712401,145784,1.000000,0.043755232479,1
2942,B,1791314563795683027,344589,1.000000,0.117768731071,0
2943,B,1791314563796398817,327796,1.000000,0.117768731071,0
2944,B,1791314563797143637,331353,1.000000,0.117768731071,1
2945,A,1791314564437465612,454001,1.000000,0.043755232479,0
2946,A,1791314564438229312,301836,1.000000,0.043755232479,0
2947,A,1791314564438818424,287965,1.000000,0.043755232479,0
2948,A,1791314564439252018,154476,1.000000,0.043755232479,0
2949,A,1791314564439668763,151989,1.000000,0.043755232479,0
2950,A,1791314564440079937,149150,1.000000,0.043755232479,0
2951,A,1791314564440489152,150123,1.000000,0.043755232479,0
2952,A,1791314564440896936,140335,1.000000,0.043755232479,0
2953,A,1791314564441291711,127848,1.000000,0.043755232479,0
2954,A,1791314564441682956,129351,1.000000,0.043755232479,0
2955,A,1791314564442076571,125824,1.000000,0.043755232479,0
2956,A,1791314564442462916,128757,1.000000,0.043755232479,0
2957,A,1791314564442845111,125380,1.000000,0.043755232479,0
2958,A,1791314564443226396,124593,1.000000,0.043755232479,0
2959,A,1791314564443607841,125386,1.000000,0.043755232479,0
2960,A,1791314564443988135,124398,1.000000,0.043755232479,0
2961,A,1791314564444367020,122891,1.000000,0.043755232479,0
2962,A,1791314564444752135,130984,1.000000,0.043755232479,0
2963,A,1791314564445131330,123087,1.000000,0.043755232479,0
2964,A,1791314564445515695,128110,1.000000,0.043755232479,0
2965,A,1791314564445900180,125053,1.000000,0.043755232479,0
2966,A,1791314564446283985,129296,1.000000,0.043755232479,0
2967,A,1791314564446664830,124599,1.000000,0.043755232479,0
2968,A,1791314564447044715,124672,1.000000,0.043755232479,0
2969,A,1791314564447427660,123615,1.000000,0.043755232479,0
2970,A,1791314564447811865,126068,1.000000,0.043755232479,0
2971,A,1791314564448187420,121641,1.000000,0.043755232479,0
2972,A,1791314564448572565,127344,1.000000,0.043755232479,1
2973,B,1791314566800934873,443522,1.000000,0.117768731071,0
2974,B,1791314566801724233,350506,1.000000,0.117768731071,1
2975,A,1791314567452412661,462844,1.000000,0.043755232479,0
2976,A,1791314567453259210,388299,1.000000,0.043755232479,0
2977,A,1791314567454028229,362106,1.000000,0.043755232479,0
2978,A,1791314567454476743,157390,1.000000,0.043755232479,0
2979,A,1791314567454902468,156969,1.000000,0.043755232479,0
2980,A,1791314567455320962,153476,1.000000,0.043755232479,0
2981,A,1791314567455741917,154815,1.000000,0.043755232479,0
2982,A,1791314567456157751,152262,1.000000,0.043755232479,0
2983,A,1791314567456582765,160870,1.000000,0.043755232479,0
2984,A,1791314567457008350,159969,1.000000,0.043755232479,0
2985,A,1791314567457426194,152556,1.000000,0.043755232479,0
2986,A,1791314567457823509,129075,1.000000,0.043755232479,0
2987,A,1791314567458206154,123834,1.000000,0.043755232479,0
2988,A,1791314567458588629,123853,1.000000,0.043755232479,0
2989,A,1791314567458973564,128023,1.000000,0.043755232479,0
2990,A,1791314567459356719,127092,1.000000,0.043755232479,0
2991,A,1791314567459737574,125501,1.000000,0.043755232479,0
2992,A,1791314567460114599,123350,1.000000,0.043755232479,0
2993,A,1791314567460494724,128300,1.000000,0.043755232479,0
2994,A,1791314567460874188,124588,1.000000,0.043755232479,0
2995,A,1791314567461252223,122457,1.000000,0.043755232479,0
2996,A,1791314567461635478,125487,1.000000,0.043755232479,0
2997,A,1791314567462019433,123726,1.000000,0.043755232479,0
2998,A,1791314567462398618,123145,1.000000,0.043755232479,0
2999,A,1791314567462778333,123914,1.000000,0.043755232479,1
3000,B,1791314569805690194,467250,1.000000,0.117768731071,0
3001,B,1791314569806375475,294274,1.000000,0.117768731071,0
3002,B,1791314569806940248,269069,1.000000,0.117768731071,0
3003,B,1791314569807308173,133376,1.000000,0.117768731071,0
3004,B,1791314569807607419,129183,1.000000,0.117768731071,0
3005,B,1791314569807872915,125920,1.000000,0.117768731071,0
3006,B,1791314569808111182,120838,1.000000,0.117768731071,0
3007,B,1791314569808341929,117976,1.000000,0.117768731071,0
3008,B,1791314569808576666,123474,1.000000,0.117768731071,0
3009,B,1791314569808816783,128002,1.000000,0.117768731071,0
3010,B,1791314569808993730,81350,1.000000,0.117768731071,0
3011,B,1791314569809156168,76318,1.000000,0.117768731071,0
3012,B,1791314569809316606,78977,1.000000,0.117768731071,0
3013,B,1791314569809472464,74065,1.000000,0.117768731071,0
3014,B,1791314569809631072,77164,1.000000,0.117768731071,1
3015,A,1791314570466609136,482021,1.000000,0.043755232479,0
3016,A,1791314570467476765,408671,1.000000,0.043755232479,0
3017,A,1791314570468186965,298503,1.000000,0.043755232479,0
3018,A,1791314570468634490,163092,1.000000,0.043755232479,0
3019,A,1791314570469057524,158722,1.000000,0.043755232479,0
3020,A,1791314570469490178,169581,1.000000,0.043755232479,0
3021,A,1791314570469917703,161732,1.000000,0.043755232479,0
3022,A,1791314570470336427,156572,1.000000,0.043755232479,0
3023,A,1791314570470757471,156152,1.000000,0.043755232479,0
3024,A,1791314570471148176,130213,1.000000,0.043755232479,0
3025,A,1791314570471541671,129124,1.000000,0.043755232479,1
3026,B,1791314572813323611,429937,1.000000,0.117768731071,1
3027,A,1791314573475362448,469764,1.000000,0.043755232479,0
3028,A,1791314573476206627,386866,1.000000,0.043755232479,0
3029,A,1791314573476916787,300461,1.000000,0.043755232479,0
3030,A,1791314573477359421,158974,1.000000,0.043755232479,0
3031,A,1791314573477765876,137402,1.000000,0.043755232479,0
3032,A,1791314573478151591,126679,1.000000,0.043755232479,0
3033,A,1791314573478535006,127947,1.000000,0.043755232479,0
3034,A,1791314573478921741,128805,1.000000,0.043755232479,0
3035,A,1791314573479303266,124493,1.000000,0.043755232479,0
3036,A,1791314573479694470,125410,1.000000,0.043755232479,0
3037,A,1791314573480073905,124008,1.000000,0.043755232479,0
3038,A,1791314573480452550,125356,1.000000,0.043755232479,0
3039,A,1791314573480835805,126314,1.000000,0.043755232479,0
3040,A,1791314573481215990,123021,1.000000,0.043755232479,0
3041,A,1791314573481596595,123909,1.000000,0.043755232479,0
3042,A,1791314573481984250,130517,1.000000,0.043755232479,0
3043,A,1791314573482363875,123435,1.000000,0.043755232479,0
3044,A,1791314573482746560,124343,1.000000,0.043755232479,0
3045,A,1791314573483127065,123481,1.000000,0.043755232479,0
3046,A,1791314573483501700,121289,1.000000,0.043755232479,0
3047,A,1791314573483880505,124117,1.000000,0.043755232479,0
3048,A,1791314573484263520,124425,1.000000,0.043755232479,0
3049,A,1791314573484642735,124113,1.000000,0.043755232479,0
3050,A,1791314573485023980,125111,1.000000,0.043755232479,1
3051,B,1791314575817214436,304486,1.000000,0.117768731071,0
3052,B,1791314575817819228,361750,1.000000,0.117768731071,1
3053,A,1791314576488931684,518205,1.000000,0.043755232479,0
3054,A,1791314576489804652,440897,1.000000,0.043755232479,0
3055,A,1791314576490522462,303031,1.000000,0.043755232479,0
3056,A,1791314576491107145,293220,1.000000,0.043755232479,0
3057,A,1791314576491535019,162710,1.000000,0.043755232479,0
3058,A,1791314576491928044,134712,1.000000,0.043755232479,0
3059,A,1791314576492312569,131445,1.000000,0.043755232479,0
3060,A,1791314576492697114,132397,1.000000,0.043755232479,0
3061,A,1791314576493081089,131350,1.000000,0.043755232479,0
3062,A,1791314576493468153,136531,1.000000,0.043755232479,0
3063,A,1791314576493849448,130874,1.000000,0.043755232479,0
3064,A,1791314576494228463,128096,1.000000,0.043755232479,0
3065,A,1791314576494611388,131539,1.000000,0.043755232479,0
3066,A,1791314576494993113,129831,1.000000,0.043755232479,0
3067,A,1791314576495370438,129013,1.000000,0.043755232479,0
3068,A,1791314576495753733,130476,1.000000,0.043755232479,0
3069,A,1791314576496135918,129218,1.000000,0.043755232479,0
3070,A,1791314576496514813,128561,1.000000,0.043755232479,0
3071,A,1791314576496898178,131673,1.000000,0.043755232479,0
3072,A,1791314576497282123,132836,1.000000,0.043755232479,0
3073,A,1791314576497660638,131398,1.000000,0.043755232479,0
3074,A,1791314576498035823,129061,1.000000,0.043755232479,0
3075,A,1791314576498409188,128143,1.000000,0.043755232479,0
3076,A,1791314576498782983,129835,1.000000,0.043755232479,0
3077,A,1791314576499154628,127098,1.000000,0.043755232479,0
3078,A,1791314576499523723,126740,1.000000,0.043755232479,0
3079,A,1791314576499899638,131313,1.000000,0.043755232479,0
3080,A,1791314576500275203,130605,1.000000,0.043755232479,0
3081,A,1791314576500650318,130868,1.000000,0.043755232479,0
3082,A,1791314576501029143,133810,1.000000,0.043755232479,0
3083,A,1791314576501401808,126193,1.000000,0.043755232479,0
3084,A,1791314576501776313,128255,1.000000,0.043755232479,0
3085,A,1791314576502144948,125088,1.000000,0.043755232479,0
3086,A,1791314576502513503,123660,1.000000,0.043755232479,0
3087,A,1791314576502891058,132783,1.000000,0.043755232479,0
3088,A,1791314576503268103,127775,1.000000,0.043755232479,0
3089,A,1791314576503639308,126448,1.000000,0.043755232479,0
3090,A,1791314576504010214,125801,1.000000,0.043755232479,0
3091,A,1791314576504378369,124994,1.000000,0.043755232479,0
3092,A,1791314576504752864,128066,1.000000,0.043755232479,0
3093,A,1791314576505131199,132439,1.000000,0.043755232479,0
3094,A,1791314576505518574,141441,1.000000,0.043755232479,0
3095,A,1791314576505895219,130434,1.000000,0.043755232479,0
3096,A,1791314576506268434,128296,1.000000,0.043755232479,0
3097,A,1791314576506641679,128809,1.000000,0.043755232479,0
3098,A,1791314576507014444,128041,1.000000,0.043755232479,0
3099,A,1791314576507382529,125563,1.000000,0.043755232479,0
3100,A,1791314576507755004,127676,1.000000,0.043755232479,0
3101,A,1791314576508128959,128638,1.000000,0.043755232479,0
3102,A,1791314576508505144,128441,1.000000,0.043755232479,0
3103,A,1791314576508882029,132823,1.000000,0.043755232479,0
3104,A,1791314576509259814,131936,1.000000,0.043755232479,0
3105,A,1791314576509634119,129788,1.000000,0.043755232479,0
3106,A,1791314576510003644,127131,1.000000,0.043755232479,0
3107,A,1791314576510377699,127013,1.000000,0.043755232479,0
3108,A,1791314576510760094,133196,1.000000,0.043755232479,0
3109,A,1791314576511138319,130868,1.000000,0.043755232479,0
3110,A,1791314576511511324,128180,1.000000,0.043755232479,0
3111,A,1791314576511891389,132303,1.000000,0.043755232479,1
3112,B,1791314578821718362,427753,1.000000,0.117768731071,0
3113,B,1791314578822571171,446347,1.000000,0.117768731071,0
3114,B,1791314578823306701,279013,1.000000,0.117768731071,0
3115,B,1791314578823729016,273041,1.000000,0.117768731071,0
3116,B,1791314578824001552,137140,1.000000,0.117768731071,0
3117,B,1791314578824250869,117159,1.000000,0.117768731071,1
3118,A,1791314579515717628,484206,1.000000,0.043755232479,0
3119,A,1791314579516539117,407136,1.000000,0.043755232479,0
3120,A,1791314579517258578,292518,1.000000,0.043755232479,0
3121,A,1791314579517705632,154840,1.000000,0.043755232479,0
3122,A,1791314579518126756,149564,1.000000,0.043755232479,0
3123,A,1791314579518519211,124420,1.000000,0.043755232479,0
3124,A,1791314579518905376,123657,1.000000,0.043755232479,0
3125,A,1791314579519287551,120223,1.000000,0.043755232479,0
3126,A,1791314579519671986,123220,1.000000,0.043755232479,0
3127,A,1791314579520050241,118916,1.000000,0.043755232479,1
3128,B,1791314581827937398,402807,1.000000,0.117768731071,0
3129,B,1791314581828760867,440517,1.000000,0.117768731071,0
3130,B,1791314581829398919,272871,1.000000,0.117768731071,0
3131,B,1791314581829687945,135914,1.000000,0.117768731071,0
3132,B,1791314581829955512,131635,1.000000,0.117768731071,0
3133,B,1791314581830203978,105575,1.000000,0.117768731071,0
3134,B,1791314581830409236,99556,1.000000,0.117768731071,0
3135,B,1791314581830620683,107066,1.000000,0.117768731071,1
3136,A,1791314582523803098,421598,1.000000,0.043755232479,0
3137,A,1791314582524565808,394220,1.000000,0.043755232479,0
3138,A,1791314582525063301,152355,1.000000,0.043755232479,0
3139,A,1791314582525478505,145504,1.000000,0.043755232479,0
3140,A,1791314582525891830,145915,1.000000,0.043755232479,0
3141,A,1791314582526282275,119565,1.000000,0.043755232479,0
3142,A,1791314582526659350,117406,1.000000,0.043755232479,0
3143,A,1791314582527035265,117137,1.000000,0.043755232479,0
3144,A,1791314582527411580,115408,1.000000,0.043755232479,0
3145,A,1791314582527792015,121409,1.000000,0.043755232479,0
3146,A,1791314582528169010,116590,1.000000,0.043755232479,0
3147,A,1791314582528543935,115081,1.000000,0.043755232479,0
3148,A,1791314582528921710,119222,1.000000,0.043755232479,0
3149,A,1791314582529299685,117282,1.000000,0.043755232479,0
3150,A,1791314582529681620,122733,1.000000,0.043755232479,0
3151,A,1791314582530060885,118164,1.000000,0.043755232479,0
3152,A,1791314582530448780,115925,1.000000,0.043755232479,0
3153,A,1791314582530825475,117546,1.000000,0.043755232479,0
3154,A,1791314582531200890,116537,1.000000,0.043755232479,0
3155,A,1791314582531573505,114368,1.000000,0.043755232479,0
3156,A,1791314582531948580,118079,1.000000,0.043755232479,0
3157,A,1791314582532327615,121530,1.000000,0.043755232479,0
3158,A,1791314582532710660,117430,1.000000,0.043755232479,0
3159,A,1791314582533089975,120101,1.000000,0.043755232479,0
3160,A,1791314582533462270,112782,1.000000,0.043755232479,0
3161,A,1791314582533833385,113623,1.000000,0.043755232479,0
3162,A,1791314582534203190,112664,1.000000,0.043755232479,0
3163,A,1791314582534573015,112005,1.000000,0.043755232479,0
3164,A,1791314582534946020,116226,1.000000,0.043755232479,0
3165,A,1791314582535330055,125197,1.000000,0.043755232479,0
3166,A,1791314582535706240,117208,1.000000,0.043755232479,0
3167,A,1791314582536077745,112769,1.000000,0.043755232479,0
3168,A,1791314582536446890,111760,1.000000,0.043755232479,0
3169,A,1791314582536829975,124971,1.000000,0.043755232479,0
3170,A,1791314582537222420,125422,1.000000,0.043755232479,0
3171,A,1791314582537631775,140219,1.000000,0.043755232479,1
3172,B,1791314584834052198,276910,1.000000,0.117768731071,0
3173,B,1791314584834501322,266714,1.000000,0.117768731071,0
3174,B,1791314584834868128,203548,1.000000,0.117768731071,0
3175,B,1791314584835162244,139204,1.000000,0.117768731071,0
3176,B,1791314584835446340,138230,1.000000,0.117768731071,0
3177,B,1791314584835687797,97707,1.000000,0.117768731071,0
3178,B,1791314584835921454,93634,1.000000,0.117768731071,0
3179,B,1791314584836122531,86731,1.000000,0.117768731071,0
3180,B,1791314584836322888,85938,1.000000,0.117768731071,0
3181,B,1791314584836504676,89596,1.000000,0.117768731071,0
3182,B,1791314584836668264,73224,1.000000,0.117768731071,1
3183,A,1791314585541303454,341076,1.000000,0.043755232479,0
3184,A,1791314585541908706,251382,1.000000,0.043755232479,0
3185,A,1791314585542686365,406936,1.000000,0.043755232479,0
3186,A,1791314585543208178,150733,1.000000,0.043755232479,0
3187,A,1791314585543600343,115855,1.000000,0.043755232479,0
3188,A,1791314585543985408,114137,1.000000,0.043755232479,0
3189,A,1791314585544362353,109599,1.000000,0.043755232479,0
3190,A,1791314585544743998,110731,1.000000,0.043755232479,1
3191,B,1791314587840321352,397193,1.000000,0.117768731071,0
3192,B,1791314587841228200,398301,1.000000,0.117768731071,0
3193,B,1791314587841922131,329432,1.000000,0.117768731071,0
3194,B,1791314587842335165,238137,1.000000,0.117768731071,0
3195,B,1791314587842612982,106564,1.000000,0.117768731071,0
3196,B,1791314587842856958,81180,1.000000,0.117768731071,0
3197,B,1791314587843090255,75167,1.000000,0.117768731071,0
3198,B,1791314587843299913,69525,1.000000,0.117768731071,0
3199,B,1791314587843495850,66813,1.000000,0.117768731071,0
3200,B,1791314587843705177,68680,1.000000,0.117768731071,1
3201,A,1791314588548585866,482479,1.000000,0.043755232479,0
3202,A,1791314588549310916,293008,1.000000,0.043755232479,0
3203,A,1791314588549894099,276603,1.000000,0.043755232479,0
3204,A,1791314588550447601,273198,1.000000,0.043755232479,0
3205,A,1791314588550851746,125326,1.000000,0.043755232479,0
3206,A,1791314588551240151,118855,1.000000,0.043755232479,0
3207,A,1791314588551622116,114895,1.000000,0.043755232479,0
3208,A,1791314588552005351,118826,1.000000,0.043755232479,0
3209,A,1791314588552390256,117396,1.000000,0.043755232479,0
3210,A,1791314588552773841,115296,1.000000,0.043755232479,0
3211,A,1791314588553153946,115586,1.000000,0.043755232479,0
3212,A,1791314588553531951,113926,1.000000,0.043755232479,0
3213,A,1791314588553913236,115966,1.000000,0.043755232479,0
3214,A,1791314588554294221,114636,1.000000,0.043755232479,0
3215,A,1791314588554679155,115585,1.000000,0.043755232479,0
3216,A,1791314588555062520,115705,1.000000,0.043755232479,0
3217,A,1791314588555443095,113976,1.000000,0.043755232479,0
3218,A,1791314588555822330,114306,1.000000,0.043755232479,0
3219,A,1791314588556204175,116166,1.000000,0.043755232479,1
3220,B,1791314590847332153,320174,1.000000,0.117768731071,0
3221,B,1791314590848177212,383363,1.000000,0.117768731071,0
3222,B,1791314590848911303,333996,1.000000,0.117768731071,0
3223,B,1791314590849316157,215580,1.000000,0.117768731071,0
3224,B,1791314590849599243,100217,1.000000,0.117768731071,0
3225,B,1791314590849844330,67324,1.000000,0.117768731071,1
3226,A,1791314591560009371,452991,1.000000,0.043755232479,0
3227,A,1791314591560871069,411111,1.000000,0.043755232479,0
3228,A,1791314591561499431,306615,1.000000,0.043755232479,0
3229,A,1791314591561933685,147743,1.000000,0.043755232479,0
3230,A,1791314591562329020,119324,1.000000,0.043755232479,0
3231,A,1791314591562719695,117565,1.000000,0.043755232479,0
3232,A,1791314591563102490,115477,1.000000,0.043755232479,0
3233,A,1791314591563482405,114048,1.000000,0.043755232479,0
3234,A,1791314591563869070,116709,1.000000,0.043755232479,0
3235,A,1791314591564253265,115110,1.000000,0.043755232479,0
3236,A,1791314591564633970,113571,1.000000,0.043755232479,0
3237,A,1791314591565015965,115723,1.000000,0.043755232479,0
3238,A,1791314591565401089,113823,1.000000,0.043755232479,0
3239,A,1791314591565787664,115424,1.000000,0.043755232479,0
3240,A,1791314591566166409,113295,1.000000,0.043755232479,1
3241,B,1791314593853575539,379127,1.000000,0.117768731071,0
3242,B,1791314593854389449,382030,1.000000,0.117768731071,0
3243,B,1791314593855015930,241005,1.000000,0.117768731071,0
3244,B,1791314593855419015,215478,1.000000,0.117768731071,0
3245,B,1791314593855700891,99421,1.000000,0.117768731071,0
3246,B,1791314593855915048,59302,1.000000,0.117768731071,0
3247,B,1791314593856114596,53984,1.000000,0.117768731071,0
3248,B,1791314593856312903,52275,1.000000,0.117768731071,0
3249,B,1791314593856508291,51895,1.000000,0.117768731071,0
3250,B,1791314593856691648,42446,1.000000,0.117768731071,0
3251,B,1791314593856855136,39787,1.000000,0.117768731071,0
3252,B,1791314593857010304,35068,1.000000,0.117768731071,0
3253,B,1791314593857162962,35158,1.000000,0.117768731071,0
3254,B,1791314593857315650,34269,1.000000,0.117768731071,1
3255,A,1791314594569990156,461805,1.000000,0.043755232479,0
3256,A,1791314594570678037,297069,1.000000,0.043755232479,0
3257,A,1791314594571306518,292147,1.000000,0.043755232479,1
3258,B,1791314596860980109,350820,1.000000,0.117768731071,0
3259,B,1791314596861712739,280094,1.000000,0.117768731071,0
3260,B,1791314596862276772,229449,1.000000,0.117768731071,0
3261,B,1791314596862684796,223335,1.000000,0.117768731071,0
3262,B,1791314596862947733,73543,1.000000,0.117768731071,0
3263,B,1791314596863159310,62821,1.000000,0.117768731071,1
3264,A,1791314597575111497,430266,1.000000,0.043755232479,1
3265,B,1791314599866860338,352456,1.000000,0.117768731071,0
3266,B,1791314599867577318,290668,1.000000,0.117768731071,0
3267,B,1791314599868185230,213660,1.000000,0.117768731071,0
3268,B,1791314599868576875,208901,1.000000,0.117768731071,0
3269,B,1791314599868840251,88142,1.000000,0.117768731071,0
3270,B,1791314599869074338,61802,1.000000,0.117768731071,0
3271,B,1791314599869276376,52363,1.000000,0.117768731071,0
3272,B,1791314599869461923,48163,1.000000,0.117768731071,0
3273,B,1791314599869646201,47584,1.000000,0.117768731071,0
3274,B,1791314599869829448,49303,1.000000,0.117768731071,0
3275,B,1791314599869999576,34724,1.000000,0.117768731071,0
3276,B,1791314599870174064,36615,1.000000,0.117768731071,0
3277,B,1791314599870323742,32705,1.000000,0.117768731071,0
3278,B,1791314599870469230,32395,1.000000,0.117768731071,0
3279,B,1791314599870611898,31475,1.000000,0.117768731071,0
3280,B,1791314599870759036,35185,1.000000,0.117768731071,0
3281,B,1791314599870906014,34795,1.000000,0.117768731071,0
3282,B,1791314599871049612,32106,1.000000,0.117768731071,0
3283,B,1791314599871194480,32846,1.000000,0.117768731071,0
3284,B,1791314599871338598,31856,1.000000,0.117768731071,0
3285,B,1791314599871482996,32266,1.000000,0.117768731071,0
3286,B,1791314599871626615,33077,1.000000,0.117768731071,0
3287,B,1791314599871772293,34207,1.000000,0.117768731071,0
3288,B,1791314599871923161,32787,1.000000,0.117768731071,0
3289,B,1791314599872065639,31566,1.000000,0.117768731071,0
3290,B,1791314599872206637,30526,1.000000,0.117768731071,0
3291,B,1791314599872348045,31277,1.000000,0.117768731071,0
3292,B,1791314599872489023,31077,1.000000,0.117768731071,0
3293,B,1791314599872629671,29967,1.000000,0.117768731071,0
3294,B,1791314599872774409,34577,1.000000,0.117768731071,0
3295,B,1791314599872915777,31247,1.000000,0.117768731071,0
3296,B,1791314599873061536,30678,1.000000,0.117768731071,0
3297,B,1791314599873206714,34698,1.000000,0.117768731071,0
3298,B,1791314599873349382,31358,1.000000,0.117768731071,1
3299,A,1791314600578915650,336903,1.000000,0.043755232479,0
3300,A,1791314600579572322,289172,1.000000,0.043755232479,0
3301,A,1791314600580158194,276733,1.000000,0.043755232479,0
3302,A,1791314600580584728,137816,1.000000,0.043755232479,0
3303,A,1791314600581003193,138803,1.000000,0.043755232479,0
3304,A,1791314600581396937,111549,1.000000,0.043755232479,0
3305,A,1791314600581781822,108257,1.000000,0.043755232479,0
3306,A,1791314600582161307,107935,1.000000,0.043755232479,0
3307,A,1791314600582537682,105713,1.000000,0.043755232479,0
3308,A,1791314600582918427,110281,1.000000,0.043755232479,1
3309,B,1791314602876922230,287495,1.000000,0.117768731071,0
3310,B,1791314602877647611,293006,1.000000,0.117768731071,0
3311,B,1791314602878130614,210449,1.000000,0.117768731071,0
3312,B,1791314602878526139,212803,1.000000,0.117768731071,0
3313,B,1791314602878791045,87919,1.000000,0.117768731071,0
3314,B,1791314602879047552,84326,1.000000,0.117768731071,1
3315,A,1791314603586598537,322024,1.000000,0.043755232479,0
3316,A,1791314603587452185,414536,1.000000,0.043755232479,0
3317,A,1791314603588099407,268642,1.000000,0.043755232479,0
3318,A,1791314603588522251,138132,1.000000,0.043755232479,0
3319,A,1791314603588939436,139514,1.000000,0.043755232479,0
3320,A,1791314603589363970,136415,1.000000,0.043755232479,0
3321,A,1791314603589773805,135016,1.000000,0.043755232479,0
3322,A,1791314603590188479,137147,1.000000,0.043755232479,1
3323,B,1791314605882374522,327545,1.000000,0.117768731071,0
3324,B,1791314605883249740,384880,1.000000,0.117768731071,0
3325,B,1791314605883910351,278937,1.000000,0.117768731071,0
3326,B,1791314605884197057,107912,1.000000,0.117768731071,0
3327,B,1791314605884461294,86395,1.000000,0.117768731071,0
3328,B,1791314605884716271,83076,1.000000,0.117768731071,0
3329,B,1791314605884974817,87017,1.000000,0.117768731071,0
3330,B,1791314605885230074,83489,1.000000,0.117768731071,0
3331,B,1791314605885461271,80501,1.000000,0.117768731071,0
3332,B,1791314605885681428,74773,1.000000,0.117768731071,1
3333,A,1791314606593485698,475565,1.000000,0.043755232479,0
3334,A,1791314606594242298,291454,1.000000,0.043755232479,0
3335,A,1791314606594845930,285669,1.000000,0.043755232479,0
3336,A,1791314606595278175,145817,1.000000,0.043755232479,0
3337,A,1791314606595699409,142837,1.000000,0.043755232479,0
3338,A,1791314606596118123,142916,1.000000,0.043755232479,0
3339,A,1791314606596535838,141386,1.000000,0.043755232479,0
3340,A,1791314606596952542,140865,1.000000,0.043755232479,0
3341,A,1791314606597368107,140016,1.000000,0.043755232479,0
3342,A,1791314606597786501,144815,1.000000,0.043755232479,0
3343,A,1791314606598210236,143165,1.000000,0.043755232479,0
3344,A,1791314606598632570,140924,1.000000,0.043755232479,0
3345,A,1791314606599026125,116745,1.000000,0.043755232479,0
3346,A,1791314606599408700,113065,1.000000,0.043755232479,0
3347,A,1791314606599788455,113606,1.000000,0.043755232479,0
3348,A,1791314606600168700,112217,1.000000,0.043755232479,0
3349,A,1791314606600557195,112137,1.000000,0.043755232479,0
3350,A,1791314606600937330,112948,1.000000,0.043755232479,0
3351,A,1791314606601316965,112699,1.000000,0.043755232479,0
3352,A,1791314606601694990,112559,1.000000,0.043755232479,0
3353,A,1791314606602072215,110830,1.000000,0.043755232479,0
3354,A,1791314606602447020,109861,1.000000,0.043755232479,0
3355,A,1791314606602830105,117602,1.000000,0.043755232479,0
3356,A,1791314606603208330,111472,1.000000,0.043755232479,0
3357,A,1791314606603582425,109993,1.000000,0.043755232479,0
3358,A,1791314606603970040,120684,1.000000,0.043755232479,1
3359,B,1791314608889373979,402164,1.000000,0.117768731071,0
3360,B,1791314608890206178,283317,1.000000,0.117768731071,0
3361,B,1791314608890723301,243203,1.000000,0.117768731071,0
3362,B,1791314608891112765,217028,1.000000,0.117768731071,0
3363,B,1791314608891394512,102817,1.000000,0.117768731071,0
3364,B,1791314608891623449,87065,1.000000,0.117768731071,1
3365,A,1791314609607797280,470539,1.000000,0.043755232479,0
3366,A,1791314609608500821,305934,1.000000,0.043755232479,0
3367,A,1791314609609111473,282142,1.000000,0.043755232479,0
3368,A,1791314609609544497,147983,1.000000,0.043755232479,0
3369,A,1791314609609963861,145524,1.000000,0.043755232479,0
3370,A,1791314609610378406,143396,1.000000,0.043755232479,0
3371,A,1791314609610795380,143817,1.000000,0.043755232479,0
3372,A,1791314609611212255,146910,1.000000,0.043755232479,0
3373,A,1791314609611633089,142831,1.000000,0.043755232479,0
3374,A,1791314609612038414,133453,1.000000,0.043755232479,0
3375,A,1791314609612437789,123786,1.000000,0.043755232479,0
3376,A,1791314609612816854,116848,1.000000,0.043755232479,0
3377,A,1791314609613203438,118040,1.000000,0.043755232479,0
3378,A,1791314609613584253,114552,1.000000,0.043755232479,0
3379,A,1791314609613965158,114425,1.000000,0.043755232479,0
3380,A,1791314609614344363,113197,1.000000,0.043755232479,0
3381,A,1791314609614720568,113490,1.000000,0.043755232479,0
3382,A,1791314609615097563,113832,1.000000,0.043755232479,0
3383,A,1791314609615476598,113535,1.000000,0.043755232479,0
3384,A,1791314609615855903,114227,1.000000,0.043755232479,0
3385,A,1791314609616237178,114120,1.000000,0.043755232479,0
3386,A,1791314609616616203,112923,1.000000,0.043755232479,0
3387,A,1791314609616998028,114395,1.000000,0.043755232479,0
3388,A,1791314609617376723,113178,1.000000,0.043755232479,0
3389,A,1791314609617754578,112660,1.000000,0.043755232479,0
3390,A,1791314609618136703,116403,1.000000,0.043755232479,0
3391,A,1791314609618514258,112915,1.000000,0.043755232479,0
3392,A,1791314609618892613,113388,1.000000,0.043755232479,0
3393,A,1791314609619269458,112670,1.000000,0.043755232479,0
3394,A,1791314609619646673,112773,1.000000,0.043755232479,0
3395,A,1791314609620029318,118265,1.000000,0.043755232479,0
3396,A,1791314609620409323,113308,1.000000,0.043755232479,0
3397,A,1791314609620806277,132909,1.000000,0.043755232479,0
3398,A,1791314609621187992,115942,1.000000,0.043755232479,0
3399,A,1791314609621564747,113384,1.000000,0.043755232479,0
3400,A,1791314609621941682,113917,1.000000,0.043755232479,0
3401,A,1791314609622318457,112869,1.000000,0.043755232479,0
3402,A,1791314609622696522,113212,1.000000,0.043755232479,0
3403,A,1791314609623079067,114134,1.000000,0.043755232479,0
3404,A,1791314609623454482,111997,1.000000,0.043755232479,0
3405,A,1791314609623846137,115909,1.000000,0.043755232479,0
3406,A,1791314609624226232,113482,1.000000,0.043755232479,0
3407,A,1791314609624602707,112414,1.000000,0.043755232479,0
3408,A,1791314609624987052,119177,1.000000,0.043755232479,0
3409,A,1791314609625366007,113489,1.000000,0.043755232479,1
3410,B,1791314611895307033,378090,1.000000,0.117768731071,0
3411,B,1791314611896114083,276713,1.000000,0.117768731071,0
3412,B,1791314611896837993,347570,1.000000,0.117768731071,0
3413,B,1791314611897232938,213988,1.000000,0.117768731071,0
3414,B,1791314611897496544,91503,1.000000,0.117768731071,0
3415,B,1791314611897728631,64296,1.000000,0.117768731071,0
3416,B,1791314611897941408,58119,1.000000,0.117768731071,0
3417,B,1791314611898128646,53392,1.000000,0.117768731071,0
3418,B,1791314611898316203,55243,1.000000,0.117768731071,0
3419,B,1791314611898501181,52796,1.000000,0.117768731071,0
3420,B,1791314611898668789,37199,1.000000,0.117768731071,0
3421,B,1791314611898820487,39481,1.000000,0.117768731071,0
3422,B,1791314611898966285,38182,1.000000,0.117768731071,0
3423,B,1791314611899111153,37774,1.000000,0.117768731071,0
3424,B,1791314611899254491,36586,1.000000,0.117768731071,0
3425,B,1791314611899396909,35277,1.000000,0.117768731071,0
3426,B,1791314611899538217,35609,1.000000,0.117768731071,0
3427,B,1791314611899680775,35550,1.000000,0.117768731071,0
3428,B,1791314611899826953,38772,1.000000,0.117768731071,0
3429,B,1791314611899970652,35825,1.000000,0.117768731071,0
3430,B,1791314611900115890,37796,1.000000,0.117768731071,0
3431,B,1791314611900255488,33807,1.000000,0.117768731071,1
3432,A,1791314612629232060,464913,1.000000,0.043755232479,0
3433,A,1791314612630055309,360869,1.000000,0.043755232479,0
3434,A,1791314612630830449,406709,1.000000,0.043755232479,0
3435,A,1791314612631406161,275221,1.000000,0.043755232479,0
3436,A,1791314612631824736,140258,1.000000,0.043755232479,0
3437,A,1791314612632219220,119357,1.000000,0.043755232479,0
3438,A,1791314612632601345,115776,1.000000,0.043755232479,0
3439,A,1791314612632993210,126696,1.000000,0.043755232479,0
3440,A,1791314612633387165,124246,1.000000,0.043755232479,0
3441,A,1791314612633788130,127195,1.000000,0.043755232479,0
3442,A,1791314612634171924,119214,1.000000,0.043755232479,0
3443,A,1791314612634553279,116093,1.000000,0.043755232479,0
3444,A,1791314612634937834,119183,1.000000,0.043755232479,0
3445,A,1791314612635321939,116413,1.000000,0.043755232479,0
3446,A,1791314612635698344,114032,1.000000,0.043755232479,0
3447,A,1791314612636094539,117382,1.000000,0.043755232479,0
3448,A,1791314612636477654,117882,1.000000,0.043755232479,0
3449,A,1791314612636859329,122802,1.000000,0.043755232479,0
3450,A,1791314612637252024,130071,1.000000,0.043755232479,0
3451,A,1791314612637633629,117751,1.000000,0.043755232479,0
3452,A,1791314612638007474,114691,1.000000,0.043755232479,1
3453,B,1791314614903919091,382765,1.000000,0.117768731071,0
3454,B,1791314614904831908,405887,1.000000,0.117768731071,0
3455,B,1791314614905391151,257863,1.000000,0.117768731071,0
3456,B,1791314614905659047,102222,1.000000,0.117768731071,0
3457,B,1791314614905916644,100810,1.000000,0.117768731071,0
3458,B,1791314614906148601,74658,1.000000,0.117768731071,0
3459,B,1791314614906342458,66456,1.000000,0.117768731071,0
3460,B,1791314614906528516,64014,1.000000,0.117768731071,0
3461,B,1791314614906710394,62523,1.000000,0.117768731071,0
3462,B,1791314614906894301,64101,1.000000,0.117768731071,0
3463,B,1791314614907064579,49040,1.000000,0.117768731071,0
3464,B,1791314614907231457,48199,1.000000,0.117768731071,0
3465,B,1791314614907386985,49748,1.000000,0.117768731071,0
3466,B,1791314614907532493,46987,1.000000,0.117768731071,0
3467,B,1791314614907676451,47815,1.000000,0.117768731071,0
3468,B,1791314614907832189,60774,1.000000,0.117768731071,0
3469,B,1791314614907984567,51203,1.000000,0.117768731071,0
3470,B,1791314614908130405,47842,1.000000,0.117768731071,1
3471,A,1791314615641422036,396875,1.000000,0.043755232479,0
3472,A,1791314615642010088,193692,1.000000,0.043755232479,0
3473,A,1791314615642584041,283132,1.000000,0.043755232479,1
3474,B,1791314617911722465,348918,1.000000,0.117768731071,0
3475,B,1791314617912388776,289353,1.000000,0.117768731071,0
3476,B,1791314617912842740,274236,1.000000,0.117768731071,0
3477,B,1791314617913123187,120850,1.000000,0.117768731071,0
3478,B,1791314617913378103,105781,1.000000,0.117768731071,0
3479,B,1791314617913626200,104953,1.000000,0.117768731071,0
3480,B,1791314617913850857,99064,1.000000,0.117768731071,1
3481,A,1791314618646360871,396791,1.000000,0.043755232479,0
3482,A,1791314618647009923,273371,1.000000,0.043755232479,0
3483,A,1791314618647580605,291074,1.000000,0.043755232479,1
3484,B,1791314620917369868,219281,1.000000,0.117768731071,0
3485,B,1791314620918016349,191134,1.000000,0.117768731071,0
3486,B,1791314620918447794,118470,1.000000,0.117768731071,0
3487,B,1791314620918723670,96026,1.000000,0.117768731071,0
3488,B,1791314620918972437,74684,1.000000,0.117768731071,0
3489,B,1791314620919190704,71860,1.000000,0.117768731071,0
3490,B,1791314620919399111,64437,1.000000,0.117768731071,0
3491,B,1791314620919611718,63825,1.000000,0.117768731071,0
3492,B,1791314620919815846,62983,1.000000,0.117768731071,0
3493,B,1791314620920006653,43370,1.000000,0.117768731071,1
3494,A,1791314621651411142,478911,1.000000,0.043755232479,0
3495,A,1791314621652133153,272154,1.000000,0.043755232479,0
3496,A,1791314621652897322,323366,1.000000,0.043755232479,0
3497,A,1791314621653336197,164116,1.000000,0.043755232479,0
3498,A,1791314621653758761,160316,1.000000,0.043755232479,0
3499,A,1791314621654184075,163766,1.000000,0.043755232479,0
3500,A,1791314621654602200,157757,1.000000,0.043755232479,0
3501,A,1791314621655023304,160898,1.000000,0.043755232479,0
3502,A,1791314621655445259,161449,1.000000,0.043755232479,0
3503,A,1791314621655867183,161889,1.000000,0.043755232479,0
3504,A,1791314621656284938,158760,1.000000,0.043755232479,0
3505,A,1791314621656701602,157860,1.000000,0.043755232479,0
3506,A,1791314621657096407,135411,1.000000,0.043755232479,0
3507,A,1791314621657481962,131303,1.000000,0.043755232479,0
3508,A,1791314621657865507,131684,1.000000,0.043755232479,0
3509,A,1791314621658248802,131486,1.000000,0.043755232479,0
3510,A,1791314621658633346,129667,1.000000,0.043755232479,0
3511,A,1791314621659016571,130468,1.000000,0.043755232479,0
3512,A,1791314621659402296,135240,1.000000,0.043755232479,0
3513,A,1791314621659788051,128591,1.000000,0.043755232479,0
3514,A,1791314621660170936,131283,1.000000,0.043755232479,0
3515,A,1791314621660551971,130204,1.000000,0.043755232479,0
3516,A,1791314621660950666,141726,1.000000,0.043755232479,0
3517,A,1791314621661334211,130197,1.000000,0.043755232479,0
3518,A,1791314621661713886,130679,1.000000,0.043755232479,0
3519,A,1791314621662094601,130920,1.000000,0.043755232479,0
3520,A,1791314621662471766,128132,1.000000,0.043755232479,0
3521,A,1791314621662846991,129433,1.000000,0.043755232479,0
3522,A,1791314621663232445,133574,1.000000,0.043755232479,0
3523,A,1791314621663612330,129625,1.000000,0.043755232479,0
3524,A,1791314621663992175,130937,1.000000,0.043755232479,0
3525,A,1791314621664370420,128658,1.000000,0.043755232479,0
3526,A,1791314621664751325,128860,1.000000,0.043755232479,0
3527,A,1791314621665130160,129231,1.000000,0.043755232479,0
3528,A,1791314621665514975,136853,1.000000,0.043755232479,0
3529,A,1791314621665889290,127904,1.000000,0.043755232479,0
3530,A,1791314621666270115,129516,1.000000,0.043755232479,0
3531,A,1791314621666662130,130977,1.000000,0.043755232479,0
3532,A,1791314621667042835,130079,1.000000,0.043755232479,0
3533,A,1791314621667420990,128390,1.000000,0.043755232479,0
3534,A,1791314621667804335,132212,1.000000,0.043755232479,0
3535,A,1791314621668188570,129963,1.000000,0.043755232479,0
3536,A,1791314621668565095,128555,1.000000,0.043755232479,0
3537,A,1791314621668946510,130497,1.000000,0.043755232479,0
3538,A,1791314621669322795,128218,1.000000,0.043755232479,0
3539,A,1791314621669696470,127730,1.000000,0.043755232479,0
3540,A,1791314621670076205,129511,1.000000,0.043755232479,0
3541,A,1791314621670454020,129293,1.000000,0.043755232479,0
3542,A,1791314621670841424,133313,1.000000,0.043755232479,0
3543,A,1791314621671221799,129265,1.000000,0.043755232479,0
3544,A,1791314621671597484,127317,1.000000,0.043755232479,0
3545,A,1791314621671980499,133368,1.000000,0.043755232479,0
3546,A,1791314621672361034,128840,1.000000,0.043755232479,0
3547,A,1791314621672738849,129501,1.000000,0.043755232479,0
3548,A,1791314621673123424,132483,1.000000,0.043755232479,0
3549,A,1791314621673511299,132344,1.000000,0.043755232479,1
3550,B,1791314623923669846,366267,1.000000,0.117768731071,1
3551,A,1791314624677392318,492028,1.000000,0.043755232479,0
3552,A,1791314624678132598,268809,1.000000,0.043755232479,0
3553,A,1791314624678866828,339027,1.000000,0.043755232479,0
3554,A,1791314624679303043,159670,1.000000,0.043755232479,0
3555,A,1791314624679725097,154705,1.000000,0.043755232479,0
3556,A,1791314624680149531,157421,1.000000,0.043755232479,0
3557,A,1791314624680568066,153868,1.000000,0.043755232479,0
3558,A,1791314624680995810,156324,1.000000,0.043755232479,0
3559,A,1791314624681424835,154410,1.000000,0.043755232479,0
3560,A,1791314624681811169,127386,1.000000,0.043755232479,0
3561,A,1791314624682194354,130654,1.000000,0.043755232479,0
3562,A,1791314624682575639,130341,1.000000,0.043755232479,0
3563,A,1791314624682961404,132609,1.000000,0.043755232479,0
3564,A,1791314624683342359,127586,1.000000,0.043755232479,0
3565,A,1791314624683718564,125784,1.000000,0.043755232479,0
3566,A,1791314624684095389,126182,1.000000,0.043755232479,0
3567,A,1791314624684471134,126549,1.000000,0.043755232479,0
3568,A,1791314624684861929,129227,1.000000,0.043755232479,0
3569,A,1791314624685248104,127834,1.000000,0.043755232479,0
3570,A,1791314624685628609,124952,1.000000,0.043755232479,0
3571,A,1791314624686010944,125730,1.000000,0.043755232479,1
3572,B,1791314626927740787,408026,1.000000,0.117768731071,0
3573,B,1791314626928640685,434484,1.000000,0.117768731071,0
3574,B,1791314626929282577,246985,1.000000,0.117768731071,0
3575,B,1791314626929674832,224215,1.000000,0.117768731071,0
3576,B,1791314626929944678,102715,1.000000,0.117768731071,0
3577,B,1791314626930206445,100845,1.000000,0.117768731071,0
3578,B,1791314626930465411,98054,1.000000,0.117768731071,0
3579,B,1791314626930691388,93194,1.000000,0.117768731071,1
3580,A,1791314627689831960,464631,1.000000,0.043755232479,0
3581,A,1791314627690698758,415982,1.000000,0.043755232479,0
3582,A,1791314627691402309,296427,1.000000,0.043755232479,1
3583,B,1791314629934393995,405759,1.000000,0.117768731071,0
3584,B,1791314629935185215,264370,1.000000,0.117768731071,0
3585,B,1791314629935843696,281517,1.000000,0.117768731071,0
3586,B,1791314629936110953,108145,1.000000,0.117768731071,0
3587,B,1791314629936373169,105927,1.000000,0.117768731071,0
3588,B,1791314629936604116,79411,1.000000,0.117768731071,0
3589,B,1791314629936829253,79263,1.000000,0.117768731071,0
3590,B,1791314629937021130,71995,1.000000,0.117768731071,0
3591,B,1791314629937206448,68448,1.000000,0.117768731071,0
3592,B,1791314629937389736,68160,1.000000,0.117768731071,1
3593,A,1791314630695166876,376913,1.000000,0.043755232479,0
3594,A,1791314630695943225,388921,1.000000,0.043755232479,0
3595,A,1791314630696758585,417989,1.000000,0.043755232479,0
3596,A,1791314630697262788,163951,1.000000,0.043755232479,0
3597,A,1791314630697660873,126330,1.000000,0.043755232479,0
3598,A,1791314630698043118,121349,1.000000,0.043755232479,0
3599,A,1791314630698434152,131688,1.000000,0.043755232479,0
3600,A,1791314630698817737,125297,1.000000,0.043755232479,1
3601,B,1791314632940996268,329878,1.000000,0.117768731071,0
3602,B,1791314632941799547,412748,1.000000,0.117768731071,0
3603,B,1791314632942416209,262972,1.000000,0.117768731071,0
3604,B,1791314632942686426,117130,1.000000,0.117768731071,0
3605,B,1791314632942951912,122317,1.000000,0.117768731071,0
3606,B,1791314632943155939,83744,1.000000,0.117768731071,0
3607,B,1791314632943345367,78923,1.000000,0.117768731071,1
3608,A,1791314633701366093,365874,1.000000,0.043755232479,0
3609,A,1791314633702050854,301939,1.000000,0.043755232479,0
3610,A,1791314633702483298,149418,1.000000,0.043755232479,0
3611,A,1791314633702910913,155189,1.000000,0.043755232479,0
3612,A,1791314633703301047,119799,1.000000,0.043755232479,1
3613,B,1791314635946937951,315072,1.000000,0.117768731071,0
3614,B,1791314635947749901,385484,1.000000,0.117768731071,0
3615,B,1791314635948322853,256507,1.000000,0.117768731071,0
3616,B,1791314635948625179,114400,1.000000,0.117768731071,1
3617,A,1791314636707067780,386417,1.000000,0.043755232479,0
3618,A,1791314636707834890,378684,1.000000,0.043755232479,0
3619,A,1791314636708658579,417680,1.000000,0.043755232479,0
3620,A,1791314636709192162,172489,1.000000,0.043755232479,0
3621,A,1791314636709617996,152306,1.000000,0.043755232479,0
3622,A,1791314636710013381,126344,1.000000,0.043755232479,0
3623,A,1791314636710401396,123292,1.000000,0.043755232479,0
3624,A,1791314636710784571,121351,1.000000,0.043755232479,0
3625,A,1791314636711168806,122069,1.000000,0.043755232479,0
3626,A,1791314636711550651,120528,1.000000,0.043755232479,0
3627,A,1791314636711939055,129125,1.000000,0.043755232479,0
3628,A,1791314636712331860,127714,1.000000,0.043755232479,0
3629,A,1791314636712708805,119352,1.000000,0.043755232479,0
3630,A,1791314636713091210,121601,1.000000,0.043755232479,0
3631,A,1791314636713468645,120990,1.000000,0.043755232479,0
3632,A,1791314636713842510,119188,1.000000,0.043755232479,1
3633,B,1791314638952351434,395758,1.000000,0.117768731071,0
3634,B,1791314638953231353,408699,1.000000,0.117768731071,0
3635,B,1791314638953856734,250612,1.000000,0.117768731071,0
3636,B,1791314638954257589,231107,1.000000,0.117768731071,1
3637,A,1791314639717398359,375061,1.000000,0.043755232479,0
3638,A,1791314639718076580,298397,1.000000,0.043755232479,0
3639,A,1791314639718506774,155616,1.000000,0.043755232479,1
3640,B,1791314641957957438,328124,1.000000,0.117768731071,0
3641,B,1791314641958735858,351138,1.000000,0.117768731071,0
3642,B,1791314641959365890,247474,1.000000,0.117768731071,0
3643,B,1791314641959911973,241187,1.000000,0.117768731071,1
3644,A,1791314642721834868,477848,1.000000,0.043755232479,0
3645,A,1791314642722688637,399491,1.000000,0.043755232479,0
3646,A,1791314642723354018,323709,1.000000,0.043755232479,0
3647,A,1791314642723794152,164242,1.000000,0.043755232479,0
3648,A,1791314642724219657,158750,1.000000,0.043755232479,0
3649,A,1791314642724644251,157787,1.000000,0.043755232479,0
3650,A,1791314642725061826,158364,1.000000,0.043755232479,0
3651,A,1791314642725481960,156491,1.000000,0.043755232479,0
3652,A,1791314642725899165,158269,1.000000,0.043755232479,0
3653,A,1791314642726316119,157836,1.000000,0.043755232479,0
3654,A,1791314642726734683,155632,1.000000,0.043755232479,0
3655,A,1791314642727127858,132190,1.000000,0.043755232479,0
3656,A,1791314642727511833,130598,1.000000,0.043755232479,0
3657,A,1791314642727904178,134257,1.000000,0.043755232479,0
3658,A,1791314642728287043,130245,1.000000,0.043755232479,0
3659,A,1791314642728670868,130263,1.000000,0.043755232479,0
3660,A,1791314642729057473,131812,1.000000,0.043755232479,0
3661,A,1791314642729438638,131060,1.000000,0.043755232479,0
3662,A,1791314642729818943,130399,1.000000,0.043755232479,0
3663,A,1791314642730202507,132796,1.000000,0.043755232479,0
3664,A,1791314642730577672,126674,1.000000,0.043755232479,0
3665,A,1791314642730958627,131173,1.000000,0.043755232479,0
3666,A,1791314642731341202,130681,1.000000,0.043755232479,0
3667,A,1791314642731718257,126040,1.000000,0.043755232479,0
3668,A,1791314642732102762,131908,1.000000,0.043755232479,0
3669,A,1791314642732489457,135327,1.000000,0.043755232479,0
3670,A,1791314642732864452,128415,1.000000,0.043755232479,0
3671,A,1791314642733250077,133093,1.000000,0.043755232479,0
3672,A,1791314642733627162,126592,1.000000,0.043755232479,0
3673,A,1791314642734003397,126980,1.000000,0.043755232479,0
3674,A,1791314642734383912,128519,1.000000,0.043755232479,0
3675,A,1791314642734765247,129527,1.000000,0.043755232479,0
3676,A,1791314642735158682,131165,1.000000,0.043755232479,1
3677,B,1791314644963531165,340188,1.000000,0.117768731071,0
3678,B,1791314644964273085,392457,1.000000,0.117768731071,0
3679,B,1791314644964878947,264158,1.000000,0.117768731071,0
3680,B,1791314644965160643,98434,1.000000,0.117768731071,0
3681,B,1791314644965434730,97161,1.000000,0.117768731071,0
3682,B,1791314644965693606,90567,1.000000,0.117768731071,0
3683,B,1791314644965973752,112812,1.000000,0.117768731071,0
3684,B,1791314644966207489,90419,1.000000,0.117768731071,0
3685,B,1791314644966434736,88396,1.000000,0.117768731071,0
3686,B,1791314644966663283,86732,1.000000,0.117768731071,0
3687,B,1791314644966831281,44690,1.000000,0.117768731071,1
3688,A,1791314645738915701,404311,1.000000,0.043755232479,0
3689,A,1791314645739697141,371153,1.000000,0.043755232479,0
3690,A,1791314645740286033,305069,1.000000,0.043755232479,0
3691,A,1791314645740719337,161017,1.000000,0.043755232479,0
3692,A,1791314645741140372,157178,1.000000,0.043755232479,0
3693,A,1791314645741571216,165768,1.000000,0.043755232479,0
3694,A,1791314645741993891,156959,1.000000,0.043755232479,0
3695,A,1791314645742413075,155409,1.000000,0.043755232479,0
3696,A,1791314645742825570,152420,1.000000,0.043755232479,0
3697,A,1791314645743214604,128730,1.000000,0.043755232479,0
3698,A,1791314645743607289,127301,1.000000,0.043755232479,0
3699,A,1791314645743989454,127162,1.000000,0.043755232479,0
3700,A,1791314645744376329,127153,1.000000,0.043755232479,0
3701,A,1791314645744761054,124604,1.000000,0.043755232479,0
3702,A,1791314645745145609,125956,1.000000,0.043755232479,0
3703,A,1791314645745527144,123757,1.000000,0.043755232479,0
3704,A,1791314645745907269,123368,1.000000,0.043755232479,0
3705,A,1791314645746285394,123079,1.000000,0.043755232479,0
3706,A,1791314645746665549,123541,1.000000,0.043755232479,0
3707,A,1791314645747043934,123152,1.000000,0.043755232479,0
3708,A,1791314645747424109,123273,1.000000,0.043755232479,0
3709,A,1791314645747805214,123895,1.000000,0.043755232479,0
3710,A,1791314645748186569,124436,1.000000,0.043755232479,0
3711,A,1791314645748571704,126957,1.000000,0.043755232479,0
3712,A,1791314645748955798,126337,1.000000,0.043755232479,0
3713,A,1791314645749350183,130099,1.000000,0.043755232479,0
3714,A,1791314645749732568,122690,1.000000,0.043755232479,0
3715,A,1791314645750122373,131251,1.000000,0.043755232479,1
3716,B,1791314647970512342,375733,1.000000,0.117768731071,0
3717,B,1791314647971318222,316302,1.000000,0.117768731071,0
3718,B,1791314647971989623,236569,1.000000,0.117768731071,0
3719,B,1791314647972560455,225934,1.000000,0.117768731071,0
3720,B,1791314647972853241,88538,1.000000,0.117768731071,0
3721,B,1791314647973131598,86062,1.000000,0.117768731071,0
3722,B,1791314647973384364,79613,1.000000,0.117768731071,0
3723,B,1791314647973629991,75836,1.000000,0.117768731071,0
3724,B,1791314647973876338,78168,1.000000,0.117768731071,0
3725,B,1791314647974099375,55410,1.000000,0.117768731071,0
3726,B,1791314647974308442,49482,1.000000,0.117768731071,0
3727,B,1791314647974499589,34184,1.000000,0.117768731071,0
3728,B,1791314647974660247,33915,1.000000,0.117768731071,0
3729,B,1791314647974812655,33106,1.000000,0.117768731071,1
3730,A,1791314648753866581,379994,1.000000,0.043755232479,0
3731,A,1791314648754554562,307862,1.000000,0.043755232479,0
3732,A,1791314648755142915,299495,1.000000,0.043755232479,0
3733,A,1791314648755583629,167449,1.000000,0.043755232479,0
3734,A,1791314648756013223,161356,1.000000,0.043755232479,0
3735,A,1791314648756433137,157593,1.000000,0.043755232479,0
3736,A,1791314648756852382,157911,1.000000,0.043755232479,1
3737,B,1791314650978347443,291663,1.000000,0.117768731071,0
3738,B,1791314650979134492,308521,1.000000,0.117768731071,0
3739,B,1791314650979692055,232601,1.000000,0.117768731071,0
3740,B,1791314650980188348,175453,1.000000,0.117768731071,0
3741,B,1791314650980475355,88010,1.000000,0.117768731071,0
3742,B,1791314650980735731,80985,1.000000,0.117768731071,0
3743,B,1791314650980984168,81382,1.000000,0.117768731071,0
3744,B,1791314650981239904,79227,1.000000,0.117768731071,0
3745,B,1791314650981485811,78284,1.000000,0.117768731071,0
3746,B,1791314650981693808,54670,1.000000,0.117768731071,1
3747,A,1791314651760655697,455814,1.000000,0.043755232479,0
3748,A,1791314651761368618,306907,1.000000,0.043755232479,0
3749,A,1791314651762158637,384319,1.000000,0.043755232479,0
3750,A,1791314651762630011,161357,1.000000,0.043755232479,0
3751,A,1791314651763064355,168407,1.000000,0.043755232479,0
3752,A,1791314651763488390,157798,1.000000,0.043755232479,0
3753,A,1791314651763902954,155148,1.000000,0.043755232479,0
3754,A,1791314651764323309,160179,1.000000,0.043755232479,0
3755,A,1791314651764737603,155279,1.000000,0.043755232479,1
3756,B,1791314653985243541,236629,1.000000,0.117768731071,1
3757,A,1791314654768576531,478605,1.000000,0.043755232479,0
3758,A,1791314654769329971,303050,1.000000,0.043755232479,0
3759,A,1791314654770059461,317968,1.000000,0.043755232479,0
3760,A,1791314654770493865,162543,1.000000,0.043755232479,0
3761,A,1791314654770916430,159611,1.000000,0.043755232479,0
3762,A,1791314654771333544,158958,1.000000,0.043755232479,0
3763,A,1791314654771751549,157647,1.000000,0.043755232479,0
3764,A,1791314654772168143,157754,1.000000,0.043755232479,0
3765,A,1791314654772593537,157251,1.000000,0.043755232479,0
3766,A,1791314654773007752,157070,1.000000,0.043755232479,0
3767,A,1791314654773406537,135078,1.000000,0.043755232479,0
3768,A,1791314654773789552,132397,1.000000,0.043755232479,0
3769,A,1791314654774166967,129106,1.000000,0.043755232479,0
3770,A,1791314654774545892,129425,1.000000,0.043755232479,0
3771,A,1791314654774925157,130024,1.000000,0.043755232479,0
3772,A,1791314654775308201,133302,1.000000,0.043755232479,0
3773,A,1791314654775686346,128350,1.000000,0.043755232479,0
3774,A,1791314654776066451,130329,1.000000,0.043755232479,0
3775,A,1791314654776443536,128298,1.000000,0.043755232479,0
3776,A,1791314654776819771,128957,1.000000,0.043755232479,0
3777,A,1791314654777201686,129116,1.000000,0.043755232479,0
3778,A,1791314654777580361,128845,1.000000,0.043755232479,0
3779,A,1791314654777962086,128054,1.000000,0.043755232479,0
3780,A,1791314654778340411,129263,1.000000,0.043755232479,0
3781,A,1791314654778725236,131822,1.000000,0.043755232479,0
3782,A,1791314654779104751,130581,1.000000,0.043755232479,0
3783,A,1791314654779482166,128910,1.000000,0.043755232479,0
3784,A,1791314654779859401,129989,1.000000,0.043755232479,0
3785,A,1791314654780237106,129018,1.000000,0.043755232479,0
3786,A,1791314654780615591,128947,1.000000,0.043755232479,0
3787,A,1791314654780995856,129406,1.000000,0.043755232479,0
3788,A,1791314654781376351,130985,1.000000,0.043755232479,0
3789,A,1791314654781753366,126874,1.000000,0.043755232479,0
3790,A,1791314654782130311,129793,1.000000,0.043755232479,0
3791,A,1791314654782507036,127531,1.000000,0.043755232479,0
3792,A,1791314654782883631,128390,1.000000,0.043755232479,0
3793,A,1791314654783261696,128919,1.000000,0.043755232479,0
3794,A,1791314654783637611,127558,1.000000,0.043755232479,0
3795,A,1791314654784013466,126827,1.000000,0.043755232479,0
3796,A,1791314654784396581,128996,1.000000,0.043755232479,0
3797,A,1791314654784770406,127325,1.000000,0.043755232479,0
3798,A,1791314654785150481,127624,1.000000,0.043755232479,0
3799,A,1791314654785528626,128933,1.000000,0.043755232479,0
3800,A,1791314654785905041,128902,1.000000,0.043755232479,0
3801,A,1791314654786281246,128401,1.000000,0.043755232479,0
3802,A,1791314654786661641,130120,1.000000,0.043755232479,0
3803,A,1791314654787040446,132779,1.000000,0.043755232479,0
3804,A,1791314654787423601,135828,1.000000,0.043755232479,0
3805,A,1791314654787800796,129157,1.000000,0.043755232479,0
3806,A,1791314654788180121,134116,1.000000,0.043755232479,0
3807,A,1791314654788560826,129214,1.000000,0.043755232479,0
3808,A,1791314654788939491,133473,1.000000,0.043755232479,1
3809,B,1791314656989402234,417147,1.000000,0.117768731071,0
3810,B,1791314656990207613,284938,1.000000,0.117768731071,0
3811,B,1791314656990768376,223742,1.000000,0.117768731071,0
3812,B,1791314656991210710,124277,1.000000,0.117768731071,0
3813,B,1791314656991499066,86793,1.000000,0.117768731071,0
3814,B,1791314656991778842,83908,1.000000,0.117768731071,0
3815,B,1791314656992037989,85206,1.000000,0.117768731071,0
3816,B,1791314656992286636,75853,1.000000,0.117768731071,0
3817,B,1791314656992531742,75050,1.000000,0.117768731071,0
3818,B,1791314656992753809,54387,1.000000,0.117768731071,0
3819,B,1791314656992931497,47355,1.000000,0.117768731071,1
3820,A,1791314657792708168,428388,1.000000,0.043755232479,0
3821,A,1791314657793403138,322011,1.000000,0.043755232479,0
3822,A,1791314657793993451,297658,1.000000,0.043755232479,0
3823,A,1791314657794433995,160707,1.000000,0.043755232479,0
3824,A,1791314657794852399,158378,1.000000,0.043755232479,0
3825,A,1791314657795272274,158709,1.000000,0.043755232479,0
3826,A,1791314657795692798,162419,1.000000,0.043755232479,0
3827,A,1791314657796111003,160611,1.000000,0.043755232479,0
3828,A,1791314657796523947,156091,1.000000,0.043755232479,0
3829,A,1791314657796939572,157292,1.000000,0.043755232479,0
3830,A,1791314657797332076,133323,1.000000,0.043755232479,0
3831,A,1791314657797715111,129844,1.000000,0.043755232479,0
3832,A,1791314657798095076,128346,1.000000,0.043755232479,0
3833,A,1791314657798472231,128568,1.000000,0.043755232479,0
3834,A,1791314657798848516,128550,1.000000,0.043755232479,0
3835,A,1791314657799234881,129891,1.000000,0.043755232479,0
3836,A,1791314657799611486,127453,1.000000,0.043755232479,0
3837,A,1791314657799987651,127235,1.000000,0.043755232479,0
3838,A,1791314657800367286,128126,1.000000,0.043755232479,0
3839,A,1791314657800740981,125758,1.000000,0.043755232479,0
3840,A,1791314657801115616,128400,1.000000,0.043755232479,1
3841,B,1791314659996519317,378873,1.000000,0.117768731071,0
3842,B,1791314659997209407,300458,1.000000,0.117768731071,0
3843,B,1791314659997771900,237254,1.000000,0.117768731071,0
3844,B,1791314659998104406,106899,1.000000,0.117768731071,0
3845,B,1791314659998387292,77582,1.000000,0.117768731071,0
3846,B,1791314659998639889,70434,1.000000,0.117768731071,0
3847,B,1791314659998887025,68005,1.000000,0.117768731071,1
3848,A,1791314660804845768,388395,1.000000,0.043755232479,0
3849,A,1791314660805503769,312373,1.000000,0.043755232479,0
3850,A,1791314660806078752,310566,1.000000,0.043755232479,0
3851,A,1791314660806510036,165599,1.000000,0.043755232479,0
3852,A,1791314660806929030,162176,1.000000,0.043755232479,0
3853,A,1791314660807346635,163664,1.000000,0.043755232479,0
3854,A,1791314660807761499,161410,1.000000,0.043755232479,0
3855,A,1791314660808174694,161868,1.000000,0.043755232479,1
3856,B,1791314663002478908,232251,1.000000,0.117768731071,0
3857,B,1791314663003431255,435221,1.000000,0.117768731071,0
3858,B,1791314663004206165,239216,1.000000,0.117768731071,0
3859,B,1791314663004814617,243710,1.000000,0.117768731071,0
3860,B,1791314663005281621,205907,1.000000,0.117768731071,0
3861,B,1791314663005586177,79625,1.000000,0.117768731071,0
3862,B,1791314663005869283,76022,1.000000,0.117768731071,0
3863,B,1791314663006102850,76110,1.000000,0.117768731071,0
3864,B,1791314663006347977,69508,1.000000,0.117768731071,1
3865,A,1791314663812026311,500568,1.000000,0.043755232479,0
3866,A,1791314663812850140,431047,1.000000,0.043755232479,0
3867,A,1791314663813652379,450187,1.000000,0.043755232479,0
3868,A,1791314663814262901,304721,1.000000,0.043755232479,0
3869,A,1791314663814841523,299286,1.000000,0.043755232479,0
3870,A,1791314663815283597,160934,1.000000,0.043755232479,0
3871,A,1791314663815702622,152444,1.000000,0.043755232479,1
3872,B,1791314666010077795,405207,1.000000,0.117768731071,0
3873,B,1791314666011045462,411639,1.000000,0.117768731071,0
3874,B,1791314666011756803,277543,1.000000,0.117768731071,0
3875,B,1791314666012327796,243853,1.000000,0.117768731071,0
3876,B,1791314666012769090,230899,1.000000,0.117768731071,0
3877,B,1791314666013207284,228565,1.000000,0.117768731071,1
3878,A,1791314666819590549,506357,1.000000,0.043755232479,0
3879,A,1791314666820456177,444330,1.000000,0.043755232479,0
3880,A,1791314666821170778,337427,1.000000,0.043755232479,1
3881,B,1791314669016982971,416546,1.000000,0.117768731071,0
3882,B,1791314669017907968,431076,1.000000,0.117768731071,0
3883,B,1791314669018547820,256211,1.000000,0.117768731071,0
3884,B,1791314669019132482,269665,1.000000,0.117768731071,0
3885,B,1791314669019575766,246361,1.000000,0.117768731071,0
3886,B,1791314669019885102,116197,1.000000,0.117768731071,0
3887,B,1791314669020158389,102526,1.000000,0.117768731071,0
3888,B,1791314669020404795,93593,1.000000,0.117768731071,0
3889,B,1791314669020646662,92480,1.000000,0.117768731071,0
3890,B,1791314669020894589,95988,1.000000,0.117768731071,0
3891,B,1791314669021114436,72256,1.000000,0.117768731071,0
3892,B,1791314669021308393,52314,1.000000,0.117768731071,1
3893,A,1791314669824912825,361723,1.000000,0.043755232479,0
3894,A,1791314669825663895,322811,1.000000,0.043755232479,0
3895,A,1791314669826289117,330853,1.000000,0.043755232479,0
3896,A,1791314669826888759,307706,1.000000,0.043755232479,0
3897,A,1791314669827365152,191390,1.000000,0.043755232479,0
3898,A,1791314669827793177,156798,1.000000,0.043755232479,0
3899,A,1791314669828214761,156866,1.000000,0.043755232479,0
3900,A,1791314669828630846,152655,1.000000,0.043755232479,0
3901,A,1791314669829044560,152462,1.000000,0.043755232479,0
3902,A,1791314669829460545,151561,1.000000,0.043755232479,0
3903,A,1791314669829870299,149829,1.000000,0.043755232479,0
3904,A,1791314669830256774,126948,1.000000,0.043755232479,0
3905,A,1791314669830642239,126227,1.000000,0.043755232479,0
3906,A,1791314669831021774,125336,1.000000,0.043755232479,0
3907,A,1791314669831400739,124295,1.000000,0.043755232479,0
3908,A,1791314669831777004,123315,1.000000,0.043755232479,0
3909,A,1791314669832155769,126884,1.000000,0.043755232479,0
3910,A,1791314669832534124,124443,1.000000,0.043755232479,1
3911,B,1791314672025000373,408796,1.000000,0.117768731071,1
3912,A,1791314672833869134,439274,1.000000,0.043755232479,0
3913,A,1791314672834669474,337767,1.000000,0.043755232479,0
3914,A,1791314672835319795,317336,1.000000,0.043755232479,0
3915,A,1791314672835908837,299727,1.000000,0.043755232479,0
3916,A,1791314672836491640,298629,1.000000,0.043755232479,0
3917,A,1791314672836957174,175692,1.000000,0.043755232479,0
3918,A,1791314672837386678,153468,1.000000,0.043755232479,0
3919,A,1791314672837810402,150864,1.000000,0.043755232479,1
3920,B,1791314675028990136,275499,1.000000,0.117768731071,0
3921,B,1791314675029741887,316420,1.000000,0.117768731071,0
3922,B,1791314675030278669,265723,1.000000,0.117768731071,0
3923,B,1791314675030652394,81789,1.000000,0.117768731071,0
3924,B,1791314675030894621,74526,1.000000,0.117768731071,0
3925,B,1791314675031102828,64304,1.000000,0.117768731071,0
3926,B,1791314675031308586,66472,1.000000,0.117768731071,0
3927,B,1791314675031515373,63539,1.000000,0.117768731071,0
3928,B,1791314675031719660,61417,1.000000,0.117768731071,0
3929,B,1791314675031907138,47835,1.000000,0.117768731071,0
3930,B,1791314675032090395,46192,1.000000,0.117768731071,0
3931,B,1791314675032253553,46730,1.000000,0.117768731071,0
3932,B,1791314675032400651,46008,1.000000,0.117768731071,0
3933,B,1791314675032546909,45366,1.000000,0.117768731071,0
3934,B,1791314675032692257,44884,1.000000,0.117768731071,0
3935,B,1791314675032850515,55212,1.000000,0.117768731071,0
3936,B,1791314675033001243,49511,1.000000,0.117768731071,0
3937,B,1791314675033159961,59479,1.000000,0.117768731071,0
3938,B,1791314675033309339,49407,1.000000,0.117768731071,0
3939,B,1791314675033455547,48015,1.000000,0.117768731071,0
3940,B,1791314675033603455,48604,1.000000,0.117768731071,1
3941,A,1791314675841609215,451478,1.000000,0.043755232479,0
3942,A,1791314675842437714,422601,1.000000,0.043755232479,0
3943,A,1791314675843171985,321546,1.000000,0.043755232479,0
3944,A,1791314675843754817,284374,1.000000,0.043755232479,0
3945,A,1791314675844181591,152284,1.000000,0.043755232479,0
3946,A,1791314675844610105,159916,1.000000,0.043755232479,0
3947,A,1791314675845008300,131528,1.000000,0.043755232479,0
3948,A,1791314675845394755,124010,1.000000,0.043755232479,0
3949,A,1791314675845772200,122922,1.000000,0.043755232479,0
3950,A,1791314675846146955,122045,1.000000,0.043755232479,0
3951,A,1791314675846525520,122687,1.000000,0.043755232479,1
3952,B,1791314678037279105,406983,1.000000,0.117768731071,0
3953,B,1791314678038195933,438164,1.000000,0.117768731071,0
3954,B,1791314678038834194,262337,1.000000,0.117768731071,0
3955,B,1791314678039384717,260283,1.000000,0.117768731071,0
3956,B,1791314678039676023,116250,1.000000,0.117768731071,0
3957,B,1791314678039911830,82914,1.000000,0.117768731071,0
3958,B,1791314678040126957,79547,1.000000,0.117768731071,0
3959,B,1791314678040339904,80469,1.000000,0.117768731071,0
3960,B,1791314678040548132,76813,1.000000,0.117768731071,0
3961,B,1791314678040753009,75265,1.000000,0.117768731071,0
3962,B,1791314678040927097,62648,1.000000,0.117768731071,1
3963,A,1791314678850258902,383644,1.000000,0.043755232479,0
3964,A,1791314678850942813,309311,1.000000,0.043755232479,0
3965,A,1791314678851512265,288811,1.000000,0.043755232479,0
3966,A,1791314678851947860,164036,1.000000,0.043755232479,0
3967,A,1791314678852343274,136471,1.000000,0.043755232479,0
3968,A,1791314678852728919,131539,1.000000,0.043755232479,0
3969,A,1791314678853111824,131596,1.000000,0.043755232479,0
3970,A,1791314678853492199,130644,1.000000,0.043755232479,0
3971,A,1791314678853875544,133932,1.000000,0.043755232479,0
3972,A,1791314678854252689,130489,1.000000,0.043755232479,0
3973,A,1791314678854633134,130837,1.000000,0.043755232479,0
3974,A,1791314678855021799,130375,1.000000,0.043755232479,0
3975,A,1791314678855410274,129272,1.000000,0.043755232479,0
3976,A,1791314678855787479,127360,1.000000,0.043755232479,0
3977,A,1791314678856165464,128187,1.000000,0.043755232479,1
3978,B,1791314681044586798,400190,1.000000,0.117768731071,0
3979,B,1791314681045492986,458775,1.000000,0.117768731071,0
3980,B,1791314681046144548,245645,1.000000,0.117768731071,0
3981,B,1791314681046530422,239698,1.000000,0.117768731071,0
3982,B,1791314681046788889,115434,1.000000,0.117768731071,1
3983,A,1791314681857451466,444214,1.000000,0.043755232479,0
3984,A,1791314681858200326,368293,1.000000,0.043755232479,0
3985,A,1791314681858788278,289697,1.000000,0.043755232479,0
3986,A,1791314681859223593,166935,1.000000,0.043755232479,0
3987,A,1791314681859643897,154853,1.000000,0.043755232479,0
3988,A,1791314681860039362,133233,1.000000,0.043755232479,0
3989,A,1791314681860427477,128543,1.000000,0.043755232479,0
3990,A,1791314681860812632,131573,1.000000,0.043755232479,0
3991,A,1791314681861201077,128943,1.000000,0.043755232479,0
3992,A,1791314681861596321,132482,1.000000,0.043755232479,0
3993,A,1791314681861969946,121592,1.000000,0.043755232479,0
3994,A,1791314681862343741,122603,1.000000,0.043755232479,0
3995,A,1791314681862723646,127333,1.000000,0.043755232479,0
3996,A,1791314681863097641,122933,1.000000,0.043755232479,0
3997,A,1791314681863473836,124673,1.000000,0.043755232479,0
3998,A,1791314681863852241,128034,1.000000,0.043755232479,0
3999,A,1791314681864226077,122735,1.000000,0.043755232479,1
4000,B,1791314684050482241,386050,1.000000,0.117768731071,0
4001,B,1791314684051271090,386296,1.000000,0.117768731071,0
4002,B,1791314684051868212,242624,1.000000,0.117768731071,0
4003,B,1791314684052125639,111599,1.000000,0.117768731071,0
4004,B,1791314684052371906,107402,1.000000,0.117768731071,1
4005,A,1791314684867961137,386279,1.000000,0.043755232479,0
4006,A,1791314684868719097,380217,1.000000,0.043755232479,0
4007,A,1791314684869513137,411796,1.000000,0.043755232479,1
4008,B,1791314687056053743,382895,1.000000,0.117768731071,0
4009,B,1791314687056759683,354604,1.000000,0.117768731071,0
4010,B,1791314687057452694,380704,1.000000,0.117768731071,0
4011,B,1791314687057904848,229675,1.000000,0.117768731071,0
4012,B,1791314687058159495,106042,1.000000,0.117768731071,0
4013,B,1791314687058375772,82038,1.000000,0.117768731071,0
4014,B,1791314687058560940,77676,1.000000,0.117768731071,0
4015,B,1791314687058736477,73903,1.000000,0.117768731071,0
4016,B,1791314687058912275,73380,1.000000,0.117768731071,0
4017,B,1791314687059089533,74868,1.000000,0.117768731071,0
4018,B,1791314687059251010,61155,1.000000,0.117768731071,1
4019,A,1791314687873329684,371493,1.000000,0.043755232479,0
4020,A,1791314687874000425,300457,1.000000,0.043755232479,0
4021,A,1791314687874560868,273804,1.000000,0.043755232479,0
4022,A,1791314687874990642,149473,1.000000,0.043755232479,0
4023,A,1791314687875410867,145164,1.000000,0.043755232479,0
4024,A,1791314687875809112,119385,1.000000,0.043755232479,0
4025,A,1791314687876195266,115875,1.000000,0.043755232479,0
4026,A,1791314687876591741,117517,1.000000,0.043755232479,0
4027,A,1791314687876977726,118728,1.000000,0.043755232479,0
4028,A,1791314687877360581,113919,1.000000,0.043755232479,0
4029,A,1791314687877740696,113871,1.000000,0.043755232479,0
4030,A,1791314687878123121,113482,1.000000,0.043755232479,0
4031,A,1791314687878502446,114023,1.000000,0.043755232479,0
4032,A,1791314687878882601,114495,1.000000,0.043755232479,0
4033,A,1791314687879259466,113396,1.000000,0.043755232479,0
4034,A,1791314687879645421,113347,1.000000,0.043755232479,0
4035,A,1791314687880025146,113929,1.000000,0.043755232479,0
4036,A,1791314687880403201,113880,1.000000,0.043755232479,0
4037,A,1791314687880779766,111582,1.000000,0.043755232479,0
4038,A,1791314687881155591,111823,1.000000,0.043755232479,0
4039,A,1791314687881531336,112344,1.000000,0.043755232479,0
4040,A,1791314687881905851,110926,1.000000,0.043755232479,0
4041,A,1791314687882283906,112597,1.000000,0.043755232479,0
4042,A,1791314687882662351,112859,1.000000,0.043755232479,0
4043,A,1791314687883041426,114590,1.000000,0.043755232479,0
4044,A,1791314687883417011,111621,1.000000,0.043755232479,0
4045,A,1791314687883794536,112993,1.000000,0.043755232479,0
4046,A,1791314687884175111,113014,1.000000,0.043755232479,0
4047,A,1791314687884553406,114866,1.000000,0.043755232479,0
4048,A,1791314687884934841,112727,1.000000,0.043755232479,0
4049,A,1791314687885313806,112828,1.000000,0.043755232479,0
4050,A,1791314687885693321,112770,1.000000,0.043755232479,0
4051,A,1791314687886069416,111921,1.000000,0.043755232479,1
4052,B,1791314690062762486,360880,1.000000,0.117768731071,0
4053,B,1791314690063347478,380534,1.000000,0.117768731071,0
4054,B,1791314690063791782,248351,1.000000,0.117768731071,1
4055,A,1791314690889816196,365257,1.000000,0.043755232479,0
4056,A,1791314690890391348,187037,1.000000,0.043755232479,0
4057,A,1791314690890860782,174233,1.000000,0.043755232479,1
4058,B,1791314693067293000,221623,1.000000,0.117768731071,0
4059,B,1791314693068062150,345866,1.000000,0.117768731071,0
4060,B,1791314693068607563,262331,1.000000,0.117768731071,0
4061,B,1791314693069014707,144548,1.000000,0.117768731071,0
4062,B,1791314693069273414,110356,1.000000,0.117768731071,0
4063,B,1791314693069517051,91994,1.000000,0.117768731071,0
4064,B,1791314693069696428,83862,1.000000,0.117768731071,0
4065,B,1791314693069866116,80551,1.000000,0.117768731071,0
4066,B,1791314693070030754,80530,1.000000,0.117768731071,0
4067,B,1791314693070185232,66828,1.000000,0.117768731071,0
4068,B,1791314693070337130,69496,1.000000,0.117768731071,0
4069,B,1791314693070485418,66215,1.000000,0.117768731071,0
4070,B,1791314693070636606,67824,1.000000,0.117768731071,0
4071,B,1791314693070780494,62762,1.000000,0.117768731071,0
4072,B,1791314693070920142,61971,1.000000,0.117768731071,0
4073,B,1791314693071070840,69500,1.000000,0.117768731071,0
4074,B,1791314693071213928,62749,1.000000,0.117768731071,0
4075,B,1791314693071362136,66517,1.000000,0.117768731071,0
4076,B,1791314693071505484,62646,1.000000,0.117768731071,0
4077,B,1791314693071645233,60936,1.000000,0.117768731071,0
4078,B,1791314693071785991,61514,1.000000,0.117768731071,0
4079,B,1791314693071930629,66213,1.000000,0.117768731071,0
4080,B,1791314693072069897,61541,1.000000,0.117768731071,0
4081,B,1791314693072209885,61870,1.000000,0.117768731071,0
4082,B,1791314693072354893,67679,1.000000,0.117768731071,0
4083,B,1791314693072496611,62347,1.000000,0.117768731071,0
4084,B,1791314693072638849,62846,1.000000,0.117768731071,0
4085,B,1791314693072780888,62796,1.000000,0.117768731071,0
4086,B,1791314693072924436,64504,1.000000,0.117768731071,0
4087,B,1791314693073069634,62693,1.000000,0.117768731071,0
4088,B,1791314693073211542,62111,1.000000,0.117768731071,0
4089,B,1791314693073356950,64789,1.000000,0.117768731071,1
4090,A,1791314693894706526,465126,1.000000,0.043755232479,0
4091,A,1791314693895513266,392987,1.000000,0.043755232479,0
4092,A,1791314693896183987,324510,1.000000,0.043755232479,0
4093,A,1791314693896748949,279125,1.000000,0.043755232479,0
4094,A,1791314693897178794,154194,1.000000,0.043755232479,0
4095,A,1791314693897597108,148294,1.000000,0.043755232479,0
4096,A,1791314693898015822,147853,1.000000,0.043755232479,0
4097,A,1791314693898431277,146964,1.000000,0.043755232479,0
4098,A,1791314693898849711,147853,1.000000,0.043755232479,0
4099,A,1791314693899272666,154584,1.000000,0.043755232479,0
4100,A,1791314693899704410,149293,1.000000,0.043755232479,0
4101,A,1791314693900124195,146853,1.000000,0.043755232479,0
4102,A,1791314693900525209,126353,1.000000,0.043755232479,0
4103,A,1791314693900918984,123194,1.000000,0.043755232479,0
4104,A,1791314693901310649,122364,1.000000,0.043755232479,0
4105,A,1791314693901696154,119295,1.000000,0.043755232479,0
4106,A,1791314693902080499,119146,1.000000,0.043755232479,0
4107,A,1791314693902473953,131246,1.000000,0.043755232479,0
4108,A,1791314693902860108,118857,1.000000,0.043755232479,0
4109,A,1791314693903250203,125967,1.000000,0.043755232479,0
4110,A,1791314693903636768,120498,1.000000,0.043755232479,0
4111,A,1791314693904014363,118339,1.000000,0.043755232479,0
4112,A,1791314693904390688,117770,1.000000,0.043755232479,0
4113,A,1791314693904767083,116661,1.000000,0.043755232479,0
4114,A,1791314693905144968,118622,1.000000,0.043755232479,0
4115,A,1791314693905527483,119513,1.000000,0.043755232479,0
4116,A,1791314693905910908,118834,1.000000,0.043755232479,0
4117,A,1791314693906292083,117754,1.000000,0.043755232479,0
4118,A,1791314693906675408,120635,1.000000,0.043755232479,0
4119,A,1791314693907053603,117966,1.000000,0.043755232479,0
4120,A,1791314693907430958,118917,1.000000,0.043755232479,0
4121,A,1791314693907809203,117408,1.000000,0.043755232479,0
4122,A,1791314693908187567,118198,1.000000,0.043755232479,0
4123,A,1791314693908573412,120779,1.000000,0.043755232479,0
4124,A,1791314693908954177,119550,1.000000,0.043755232479,0
4125,A,1791314693909340692,122531,1.000000,0.043755232479,0
4126,A,1791314693909721537,120442,1.000000,0.043755232479,0
4127,A,1791314693910102392,118973,1.000000,0.043755232479,0
4128,A,1791314693910480167,118834,1.000000,0.043755232479,0
4129,A,1791314693910859232,118805,1.000000,0.043755232479,0
4130,A,1791314693911241677,123135,1.000000,0.043755232479,0
4131,A,1791314693911620642,118686,1.000000,0.043755232479,0
4132,A,1791314693912000477,118157,1.000000,0.043755232479,0
4133,A,1791314693912390352,120078,1.000000,0.043755232479,0
4134,A,1791314693912769957,119039,1.000000,0.043755232479,0
4135,A,1791314693913153602,122190,1.000000,0.043755232479,0
4136,A,1791314693913534477,118091,1.000000,0.043755232479,0
4137,A,1791314693913913402,117662,1.000000,0.043755232479,0
4138,A,1791314693914288017,115963,1.000000,0.043755232479,0
4139,A,1791314693914667342,116494,1.000000,0.043755232479,0
4140,A,1791314693915041557,115225,1.000000,0.043755232479,0
4141,A,1791314693915417062,113496,1.000000,0.043755232479,0
4142,A,1791314693915793887,116727,1.000000,0.043755232479,0
4143,A,1791314693916166942,115258,1.000000,0.043755232479,0
4144,A,1791314693916542237,117479,1.000000,0.043755232479,0
4145,A,1791314693916923572,119449,1.000000,0.043755232479,0
4146,A,1791314693917304897,119330,1.000000,0.043755232479,0
4147,A,1791314693917683332,117571,1.000000,0.043755232479,0
4148,A,1791314693918062737,117582,1.000000,0.043755232479,0
4149,A,1791314693918434862,116773,1.000000,0.043755232479,0
4150,A,1791314693918813847,118124,1.000000,0.043755232479,0
4151,A,1791314693919192362,118535,1.000000,0.043755232479,0
4152,A,1791314693919571807,119796,1.000000,0.043755232479,0
4153,A,1791314693919949082,117267,1.000000,0.043755232479,0
4154,A,1791314693920326207,117758,1.000000,0.043755232479,0
4155,A,1791314693920705752,118929,1.000000,0.043755232479,0
4156,A,1791314693921083127,119090,1.000000,0.043755232479,0
4157,A,1791314693921462322,118331,1.000000,0.043755232479,0
4158,A,1791314693921846387,124622,1.000000,0.043755232479,0
4159,A,1791314693922223252,117263,1.000000,0.043755232479,0
4160,A,1791314693922606257,120663,1.000000,0.043755232479,0
4161,A,1791314693922983862,117534,1.000000,0.043755232479,0
4162,A,1791314693923359157,117675,1.000000,0.043755232479,0
4163,A,1791314693923746992,128116,1.000000,0.043755232479,0
4164,A,1791314693924125756,118256,1.000000,0.043755232479,0
4165,A,1791314693924508821,119517,1.000000,0.043755232479,0
4166,A,1791314693924896806,120388,1.000000,0.043755232479,0
4167,A,1791314693925278201,119299,1.000000,0.043755232479,0
4168,A,1791314693925656896,119120,1.000000,0.043755232479,0
4169,A,1791314693926032311,116891,1.000000,0.043755232479,0
4170,A,1791314693926410686,121372,1.000000,0.043755232479,0
4171,A,1791314693926789591,119112,1.000000,0.043755232479,0
4172,A,1791314693927168736,119123,1.000000,0.043755232479,0
4173,A,1791314693927551201,120094,1.000000,0.043755232479,0
4174,A,1791314693927929806,120715,1.000000,0.043755232479,0
4175,A,1791314693928307101,119196,1.000000,0.043755232479,0
4176,A,1791314693928687626,119327,1.000000,0.043755232479,1
4177,B,1791314696076910077,297154,1.000000,0.117768731071,0
4178,B,1791314696077693176,319500,1.000000,0.117768731071,0
4179,B,1791314696078212779,168958,1.000000,0.117768731071,0
4180,B,1791314696078622234,148353,1.000000,0.117768731071,0
4181,B,1791314696078892960,124765,1.000000,0.117768731071,0
4182,B,1791314696079126377,113798,1.000000,0.117768731071,0
4183,B,1791314696079331884,113409,1.000000,0.117768731071,0
4184,B,1791314696079531262,111611,1.000000,0.117768731071,1
4185,A,1791314696932512931,466655,1.000000,0.043755232479,0
4186,A,1791314696933339900,415249,1.000000,0.043755232479,0
4187,A,1791314696934116060,357605,1.000000,0.043755232479,0
4188,A,1791314696934573674,161447,1.000000,0.043755232479,1
4189,B,1791314699083154422,391433,1.000000,0.117768731071,0
4190,B,1791314699084031120,428109,1.000000,0.117768731071,0
4191,B,1791314699084661942,257370,1.000000,0.117768731071,0
4192,B,1791314699085059736,120602,1.000000,0.117768731071,0
4193,B,1791314699085326733,111679,1.000000,0.117768731071,0
4194,B,1791314699085564750,106685,1.000000,0.117768731071,0
4195,B,1791314699085797696,105560,1.000000,0.117768731071,0
4196,B,1791314699086011924,102757,1.000000,0.117768731071,0
4197,B,1791314699086215691,98084,1.000000,0.117768731071,0
4198,B,1791314699086415928,100920,1.000000,0.117768731071,0
4199,B,1791314699086576026,60338,1.000000,0.117768731071,0
4200,B,1791314699086722564,55115,1.000000,0.117768731071,0
4201,B,1791314699086874132,61053,1.000000,0.117768731071,0
4202,B,1791314699087027790,55611,1.000000,0.117768731071,0
4203,B,1791314699087172818,53148,1.000000,0.117768731071,0
4204,B,1791314699087319146,55676,1.000000,0.117768731071,0
4205,B,1791314699087464954,56164,1.000000,0.117768731071,0
4206,B,1791314699087608503,54362,1.000000,0.117768731071,0
4207,B,1791314699087751441,55440,1.000000,0.117768731071,1
4208,A,1791314699938376928,434093,1.000000,0.043755232479,0
4209,A,1791314699939207237,425225,1.000000,0.043755232479,0
4210,A,1791314699939912838,299040,1.000000,0.043755232479,0
4211,A,1791314699940366322,161830,1.000000,0.043755232479,0
4212,A,1791314699940808646,169510,1.000000,0.043755232479,0
4213,A,1791314699941237820,158081,1.000000,0.043755232479,0
4214,A,1791314699941637755,132873,1.000000,0.043755232479,0
4215,A,1791314699942027570,129315,1.000000,0.043755232479,0
4216,A,1791314699942416405,128517,1.000000,0.043755232479,0
4217,A,1791314699942803169,128418,1.000000,0.043755232479,0
4218,A,1791314699943183734,125270,1.000000,0.043755232479,0
4219,A,1791314699943573339,126082,1.000000,0.043755232479,0
4220,A,1791314699943965194,125844,1.000000,0.043755232479,0
4221,A,1791314699944340659,124046,1.000000,0.043755232479,0
4222,A,1791314699944721224,126078,1.000000,0.043755232479,0
4223,A,1791314699945104059,127170,1.000000,0.043755232479,0
4224,A,1791314699945483784,125703,1.000000,0.043755232479,0
4225,A,1791314699945870209,131845,1.000000,0.043755232479,0
4226,A,1791314699946256133,126556,1.000000,0.043755232479,0
4227,A,1791314699946657998,131178,1.000000,0.043755232479,0
4228,A,1791314699947036523,124650,1.000000,0.043755232479,0
4229,A,1791314699947414938,125122,1.000000,0.043755232479,1
4230,B,1791314702091433588,407583,1.000000,0.117768731071,0
4231,B,1791314702092128199,295119,1.000000,0.117768731071,0
4232,B,1791314702092660482,244852,1.000000,0.117768731071,0
4233,B,1791314702093062076,122407,1.000000,0.117768731071,0
4234,B,1791314702093310103,105979,1.000000,0.117768731071,0
4235,B,1791314702093518040,68400,1.000000,0.117768731071,0
4236,B,1791314702093688288,63542,1.000000,0.117768731071,0
4237,B,1791314702093849986,60773,1.000000,0.117768731071,0
4238,B,1791314702094014224,62784,1.000000,0.117768731071,0
4239,B,1791314702094163942,48475,1.000000,0.117768731071,0
4240,B,1791314702094312510,48936,1.000000,0.117768731071,0
4241,B,1791314702094458718,47767,1.000000,0.117768731071,0
4242,B,1791314702094602226,45678,1.000000,0.117768731071,0
4243,B,1791314702094744744,45998,1.000000,0.117768731071,0
4244,B,1791314702094886382,45199,1.000000,0.117768731071,0
4245,B,1791314702095026361,43300,1.000000,0.117768731071,0
4246,B,1791314702095172919,44481,1.000000,0.117768731071,0
4247,B,1791314702095319197,49831,1.000000,0.117768731071,0
4248,B,1791314702095465055,46912,1.000000,0.117768731071,0
4249,B,1791314702095609713,46193,1.000000,0.117768731071,0
4250,B,1791314702095754401,47954,1.000000,0.117768731071,1
4251,A,1791314702949372829,358421,1.000000,0.043755232479,0
4252,A,1791314702950093139,269836,1.000000,0.043755232479,0
4253,A,1791314702950538873,168131,1.000000,0.043755232479,0
4254,A,1791314702950960948,162288,1.000000,0.043755232479,0
4255,A,1791314702951375842,158845,1.000000,0.043755232479,0
4256,A,1791314702951763517,131993,1.000000,0.043755232479,0
4257,A,1791314702952150432,137591,1.000000,0.043755232479,0
4258,A,1791314702952530187,131349,1.000000,0.043755232479,0
4259,A,1791314702952910602,131007,1.000000,0.043755232479,0
4260,A,1791314702953300387,139066,1.000000,0.043755232479,0
4261,A,1791314702953681212,128924,1.000000,0.043755232479,0
4262,A,1791314702954055087,128122,1.000000,0.043755232479,0
4263,A,1791314702954454882,154320,1.000000,0.043755232479,1
4264,B,1791314705099343481,322578,1.000000,0.117768731071,0
4265,B,1791314705100076371,282270,1.000000,0.117768731071,0
4266,B,1791314705100505396,220446,1.000000,0.117768731071,0
4267,B,1791314705100909160,110201,1.000000,0.117768731071,0
4268,B,1791314705101179167,86948,1.000000,0.117768731071,0
4269,B,1791314705101365734,55825,1.000000,0.117768731071,0
4270,B,1791314705101538072,52403,1.000000,0.117768731071,0
4271,B,1791314705101702620,49411,1.000000,0.117768731071,1
4272,A,1791314705958319850,525975,1.000000,0.043755232479,0
4273,A,1791314705959021051,308430,1.000000,0.043755232479,0
4274,A,1791314705959596893,286479,1.000000,0.043755232479,0
4275,A,1791314705960025537,158640,1.000000,0.043755232479,0
4276,A,1791314705960446032,157252,1.000000,0.043755232479,0
4277,A,1791314705960844297,130655,1.000000,0.043755232479,0
4278,A,1791314705961232491,129366,1.000000,0.043755232479,0
4279,A,1791314705961624036,128759,1.000000,0.043755232479,0
4280,A,1791314705962006701,126162,1.000000,0.043755232479,0
4281,A,1791314705962391796,132385,1.000000,0.043755232479,0
4282,A,1791314705962772691,126697,1.000000,0.043755232479,0
4283,A,1791314705963150806,125790,1.000000,0.043755232479,0
4284,A,1791314705963529351,125913,1.000000,0.043755232479,0
4285,A,1791314705963910856,125996,1.000000,0.043755232479,0
4286,A,1791314705964289021,124918,1.000000,0.043755232479,0
4287,A,1791314705964680126,133301,1.000000,0.043755232479,0
4288,A,1791314705965074071,126714,1.000000,0.043755232479,0
4289,A,1791314705965453766,124797,1.000000,0.043755232479,0
4290,A,1791314705965849620,138148,1.000000,0.043755232479,0
4291,A,1791314705966229775,125041,1.000000,0.043755232479,0
4292,A,1791314705966613840,127924,1.000000,0.043755232479,0
4293,A,1791314705967000125,125837,1.000000,0.043755232479,1
4294,B,1791314708105387183,395471,1.000000,0.117768731071,0
4295,B,1791314708106113793,263601,1.000000,0.117768731071,1
4296,A,1791314708969459714,463061,1.000000,0.043755232479,0
4297,A,1791314708970311333,437957,1.000000,0.043755232479,0
4298,A,1791314708970984934,317776,1.000000,0.043755232479,0
4299,A,1791314708971421348,168522,1.000000,0.043755232479,0
4300,A,1791314708971835193,145280,1.000000,0.043755232479,0
4301,A,1791314708972222368,136449,1.000000,0.043755232479,0
4302,A,1791314708972631122,150998,1.000000,0.043755232479,0
4303,A,1791314708973032227,142627,1.000000,0.043755232479,0
4304,A,1791314708973419992,136246,1.000000,0.043755232479,0
4305,A,1791314708973822456,139844,1.000000,0.043755232479,0
4306,A,1791314708974207271,134583,1.000000,0.043755232479,0
4307,A,1791314708974616756,144752,1.000000,0.043755232479,1
4308,B,1791314711109853476,271228,1.000000,0.117768731071,1
4309,A,1791314711977460520,446765,1.000000,0.043755232479,0
4310,A,1791314711978276839,422971,1.000000,0.043755232479,0
4311,A,1791314711978964120,312549,1.000000,0.043755232479,0
4312,A,1791314711979397814,165314,1.000000,0.043755232479,0
4313,A,1791314711979815179,159802,1.000000,0.043755232479,0
4314,A,1791314711980229513,157829,1.000000,0.043755232479,0
4315,A,1791314711980644828,160148,1.000000,0.043755232479,0
4316,A,1791314711981058322,157945,1.000000,0.043755232479,0
4317,A,1791314711981478947,158453,1.000000,0.043755232479,0
4318,A,1791314711981897871,155460,1.000000,0.043755232479,0
4319,A,1791314711982290096,133049,1.000000,0.043755232479,0
4320,A,1791314711982675401,130098,1.000000,0.043755232479,0
4321,A,1791314711983064426,133557,1.000000,0.043755232479,0
4322,A,1791314711983446110,129004,1.000000,0.043755232479,0
4323,A,1791314711983828855,129293,1.000000,0.043755232479,0
4324,A,1791314711984207960,127772,1.000000,0.043755232479,0
4325,A,1791314711984587375,128861,1.000000,0.043755232479,1
4326,B,1791314714113647705,309106,1.000000,0.117768731071,0
4327,B,1791314714114337166,291094,1.000000,0.117768731071,0
4328,B,1791314714115078056,297621,1.000000,0.117768731071,1
4329,A,1791314714988431251,504537,1.000000,0.043755232479,0
4330,A,1791314714989119042,299775,1.000000,0.043755232479,0
4331,A,1791314714989714104,299298,1.000000,0.043755232479,0
4332,A,1791314714990146418,165304,1.000000,0.043755232479,0
4333,A,1791314714990569673,161013,1.000000,0.043755232479,0
4334,A,1791314714990961917,132771,1.000000,0.043755232479,0
4335,A,1791314714991343702,129040,1.000000,0.043755232479,0
4336,A,1791314714991726637,131770,1.000000,0.043755232479,1
4337,B,1791314717118938311,395127,1.000000,0.117768731071,0
4338,B,1791314717119701851,306168,1.000000,0.117768731071,0
4339,B,1791314717120459651,388797,1.000000,0.117768731071,0
4340,B,1791314717120902625,144289,1.000000,0.117768731071,0
4341,B,1791314717121178761,106479,1.000000,0.117768731071,0
4342,B,1791314717121453468,108549,1.000000,0.117768731071,0
4343,B,1791314717121674515,75940,1.000000,0.117768731071,0
4344,B,1791314717121884582,70940,1.000000,0.117768731071,0
4345,B,1791314717122072659,56349,1.000000,0.117768731071,0
4346,B,1791314717122261047,55750,1.000000,0.117768731071,0
4347,B,1791314717122445635,56610,1.000000,0.117768731071,0
4348,B,1791314717122614972,54689,1.000000,0.117768731071,0
4349,B,1791314717122766600,55569,1.000000,0.117768731071,0
4350,B,1791314717122911118,53659,1.000000,0.117768731071,0
4351,B,1791314717123054327,53760,1.000000,0.117768731071,0
4352,B,1791314717123200805,54710,1.000000,0.117768731071,0
4353,B,1791314717123347443,53660,1.000000,0.117768731071,0
4354,B,1791314717123499621,61599,1.000000,0.117768731071,0
4355,B,1791314717123646069,53549,1.000000,0.117768731071,0
4356,B,1791314717123789677,53009,1.000000,0.117768731071,0
4357,B,1791314717123928845,50029,1.000000,0.117768731071,0
4358,B,1791314717124068183,50549,1.000000,0.117768731071,0
4359,B,1791314717124210151,52348,1.000000,0.117768731071,1
4360,A,1791314717995435730,346326,1.000000,0.043755232479,0
4361,A,1791314717996205970,422235,1.000000,0.043755232479,0
4362,A,1791314717996934450,381323,1.000000,0.043755232479,0
4363,A,1791314717997565382,286374,1.000000,0.043755232479,0
4364,A,1791314717997989636,160099,1.000000,0.043755232479,0
4365,A,1791314717998407091,156947,1.000000,0.043755232479,0
4366,A,1791314717998824535,157475,1.000000,0.043755232479,0
4367,A,1791314717999240120,155983,1.000000,0.043755232479,0
4368,A,1791314717999656574,155870,1.000000,0.043755232479,0
4369,A,1791314718000072019,155479,1.000000,0.043755232479,0
4370,A,1791314718000462013,131606,1.000000,0.043755232479,0
4371,A,1791314718000861118,133275,1.000000,0.043755232479,0
4372,A,1791314718001244413,128694,1.000000,0.043755232479,0
4373,A,1791314718001627828,129553,1.000000,0.043755232479,0
4374,A,1791314718002007163,127592,1.000000,0.043755232479,0
4375,A,1791314718002395588,134771,1.000000,0.043755232479,0
4376,A,1791314718002776833,127869,1.000000,0.043755232479,0
4377,A,1791314718003156078,128688,1.000000,0.043755232479,0
4378,A,1791314718003546883,132547,1.000000,0.043755232479,0
4379,A,1791314718003931537,132285,1.000000,0.043755232479,0
4380,A,1791314718004308352,127684,1.000000,0.043755232479,0
4381,A,1791314718004696407,129143,1.000000,0.043755232479,0
4382,A,1791314718005076052,126972,1.000000,0.043755232479,0
4383,A,1791314718005458137,131581,1.000000,0.043755232479,0
4384,A,1791314718005835672,125320,1.000000,0.043755232479,0
4385,A,1791314718006214087,127129,1.000000,0.043755232479,0
4386,A,1791314718006590712,126798,1.000000,0.043755232479,0
4387,A,1791314718006973167,129027,1.000000,0.043755232479,0
4388,A,1791314718007351052,126046,1.000000,0.043755232479,0
4389,A,1791314718007730387,127595,1.000000,0.043755232479,0
4390,A,1791314718008108472,126634,1.000000,0.043755232479,0
4391,A,1791314718008487097,126083,1.000000,0.043755232479,0
4392,A,1791314718008867752,129062,1.000000,0.043755232479,0
4393,A,1791314718009247577,127541,1.000000,0.043755232479,0
4394,A,1791314718009621872,125800,1.000000,0.043755232479,0
4395,A,1791314718010001847,127279,1.000000,0.043755232479,0
4396,A,1791314718010384192,132518,1.000000,0.043755232479,0
4397,A,1791314718010762587,126777,1.000000,0.043755232479,1
4398,B,1791314720127885501,402142,1.000000,0.117768731071,0
4399,B,1791314720128688850,312272,1.000000,0.117768731071,0
4400,B,1791314720129438970,408737,1.000000,0.117768731071,0
4401,B,1791314720130045552,276245,1.000000,0.117768731071,0
4402,B,1791314720130316579,116292,1.000000,0.117768731071,0
4403,B,1791314720130582325,116474,1.000000,0.117768731071,0
4404,B,1791314720130793522,108436,1.000000,0.117768731071,0
4405,B,1791314720130996870,108569,1.000000,0.117768731071,0
4406,B,1791314720131192627,103441,1.000000,0.117768731071,0
4407,B,1791314720131354255,67833,1.000000,0.117768731071,1
4408,A,1791314721013459676,463377,1.000000,0.043755232479,0
4409,A,1791314721014283736,419345,1.000000,0.043755232479,0
4410,A,1791314721014963057,300344,1.000000,0.043755232479,0
4411,A,1791314721015404481,167390,1.000000,0.043755232479,0
4412,A,1791314721015848465,164407,1.000000,0.043755232479,0
4413,A,1791314721016274359,159415,1.000000,0.043755232479,0
4414,A,1791314721016700044,158054,1.000000,0.043755232479,0
4415,A,1791314721017119348,155252,1.000000,0.043755232479,0
4416,A,1791314721017513713,131821,1.000000,0.043755232479,0
4417,A,1791314721017901248,129240,1.000000,0.043755232479,0
4418,A,1791314721018285143,126500,1.000000,0.043755232479,0
4419,A,1791314721018669168,127899,1.000000,0.043755232479,0
4420,A,1791314721019048422,124868,1.000000,0.043755232479,0
4421,A,1791314721019428747,126828,1.000000,0.043755232479,0
4422,A,1791314721019810032,127657,1.000000,0.043755232479,0
4423,A,1791314721020190837,125927,1.000000,0.043755232479,0
4424,A,1791314721020570572,125506,1.000000,0.043755232479,1
4425,B,1791314723134823137,216679,1.000000,0.117768731071,0
4426,B,1791314723135496718,265942,1.000000,0.117768731071,0
4427,B,1791314723136058471,222496,1.000000,0.117768731071,0
4428,B,1791314723136500695,147010,1.000000,0.117768731071,0
4429,B,1791314723136777171,116187,1.000000,0.117768731071,1
4430,A,1791314724024437909,497734,1.000000,0.043755232479,1
4431,B,1791314726140452676,379514,1.000000,0.117768731071,1
4432,A,1791314727028380708,459102,1.000000,0.043755232479,0
4433,A,1791314727029197867,418794,1.000000,0.043755232479,0
4434,A,1791314727029991367,384427,1.000000,0.043755232479,0
4435,A,1791314727030450161,170818,1.000000,0.043755232479,0
4436,A,1791314727030874715,155133,1.000000,0.043755232479,0
4437,A,1791314727031296280,154220,1.000000,0.043755232479,0
4438,A,1791314727031709214,152526,1.000000,0.043755232479,0
4439,A,1791314727032125899,152762,1.000000,0.043755232479,0
4440,A,1791314727032548353,154358,1.000000,0.043755232479,0
4441,A,1791314727032942388,126775,1.000000,0.043755232479,0
4442,A,1791314727033333633,124662,1.000000,0.043755232479,0
4443,A,1791314727033718138,124909,1.000000,0.043755232479,0
4444,A,1791314727034104572,125076,1.000000,0.043755232479,0
4445,A,1791314727034487137,123143,1.000000,0.043755232479,0
4446,A,1791314727034865582,121981,1.000000,0.043755232479,0
4447,A,1791314727035248107,122868,1.000000,0.043755232479,0
4448,A,1791314727035633872,124075,1.000000,0.043755232479,0
4449,A,1791314727036019837,125573,1.000000,0.043755232479,0
4450,A,1791314727036403702,122810,1.000000,0.043755232479,0
4451,A,1791314727036804747,130137,1.000000,0.043755232479,0
4452,A,1791314727037189922,122145,1.000000,0.043755232479,0
4453,A,1791314727037578896,125431,1.000000,0.043755232479,0
4454,A,1791314727037965801,123038,1.000000,0.043755232479,0
4455,A,1791314727038349216,121836,1.000000,0.043755232479,0
4456,A,1791314727038735811,128243,1.000000,0.043755232479,0
4457,A,1791314727039120236,122780,1.000000,0.043755232479,0
4458,A,1791314727039504041,124108,1.000000,0.043755232479,0
4459,A,1791314727039887366,124305,1.000000,0.043755232479,0
4460,A,1791314727040265641,121283,1.000000,0.043755232479,0
4461,A,1791314727040644016,124080,1.000000,0.043755232479,0
4462,A,1791314727041025481,122228,1.000000,0.043755232479,0
4463,A,1791314727041429885,144434,1.000000,0.043755232479,0
4464,A,1791314727041817620,125511,1.000000,0.043755232479,0
4465,A,1791314727042206735,129729,1.000000,0.043755232479,0
4466,A,1791314727042591140,124076,1.000000,0.043755232479,1
4467,B,1791314729144396245,419659,1.000000,0.117768731071,1
4468,A,1791314730046421931,471241,1.000000,0.043755232479,0
4469,A,1791314730047241260,413250,1.000000,0.043755232479,0
4470,A,1791314730047941251,297592,1.000000,0.043755232479,0
4471,A,1791314730048377955,146709,1.000000,0.043755232479,1
4472,B,1791314732148387782,419564,1.000000,0.117768731071,0
4473,B,1791314732149159682,368831,1.000000,0.117768731071,0
4474,B,1791314732149628835,221517,1.000000,0.117768731071,0
4475,B,1791314732150160478,269270,1.000000,0.117768731071,0
4476,B,1791314732150446065,142256,1.000000,0.117768731071,1
4477,A,1791314733052185684,432164,1.000000,0.043755232479,0
4478,A,1791314733052959974,377671,1.000000,0.043755232479,0
4479,A,1791314733053576876,272941,1.000000,0.043755232479,0
4480,A,1791314733053998060,144937,1.000000,0.043755232479,0
4481,A,1791314733054414445,142955,1.000000,0.043755232479,0
4482,A,1791314733054831839,144713,1.000000,0.043755232479,0
4483,A,1791314733055250114,141921,1.000000,0.043755232479,0
4484,A,1791314733055666498,142268,1.000000,0.043755232479,0
4485,A,1791314733056079623,140357,1.000000,0.043755232479,0
4486,A,1791314733056499377,146264,1.000000,0.043755232479,0
4487,A,1791314733056918841,145402,1.000000,0.043755232479,0
4488,A,1791314733057338076,142260,1.000000,0.043755232479,0
4489,A,1791314733057729211,118909,1.000000,0.043755232479,0
4490,A,1791314733058111626,112607,1.000000,0.043755232479,0
4491,A,1791314733058491310,115036,1.000000,0.043755232479,0
4492,A,1791314733058866895,112255,1.000000,0.043755232479,0
4493,A,1791314733059240700,112284,1.000000,0.043755232479,0
4494,A,1791314733059616815,113103,1.000000,0.043755232479,0
4495,A,1791314733059992180,112512,1.000000,0.043755232479,0
4496,A,1791314733060368985,113001,1.000000,0.043755232479,0
4497,A,1791314733060745340,111310,1.000000,0.043755232479,0
4498,A,1791314733061123085,115229,1.000000,0.043755232479,0
4499,A,1791314733061503460,116758,1.000000,0.043755232479,0
4500,A,1791314733061894725,112627,1.000000,0.043755232479,0
4501,A,1791314733062271910,112456,1.000000,0.043755232479,0
4502,A,1791314733062649795,114825,1.000000,0.043755232479,0
4503,A,1791314733063027130,113164,1.000000,0.043755232479,0
4504,A,1791314733063403175,111513,1.000000,0.043755232479,0
4505,A,1791314733063779960,113522,1.000000,0.043755232479,0
4506,A,1791314733064158645,112491,1.000000,0.043755232479,0
4507,A,1791314733064533020,111810,1.000000,0.043755232479,0
4508,A,1791314733064909605,113500,1.000000,0.043755232479,0
4509,A,1791314733065284310,112909,1.000000,0.043755232479,0
4510,A,1791314733065658825,111928,1.000000,0.043755232479,0
4511,A,1791314733066033450,112087,1.000000,0.043755232479,0
4512,A,1791314733066406625,110016,1.000000,0.043755232479,0
4513,A,1791314733066786670,112655,1.000000,0.043755232479,0
4514,A,1791314733067163225,112044,1.000000,0.043755232479,0
4515,A,1791314733067537041,111654,1.000000,0.043755232479,0
4516,A,1791314733067915496,113013,1.000000,0.043755232479,0
4517,A,1791314733068291551,111422,1.000000,0.043755232479,0
4518,A,1791314733068668716,112691,1.000000,0.043755232479,0
4519,A,1791314733069062490,131809,1.000000,0.043755232479,0
4520,A,1791314733069437915,111788,1.000000,0.043755232479,1
4521,B,1791314735154192743,427676,1.000000,0.117768731071,0
4522,B,1791314735155130821,469570,1.000000,0.117768731071,0
4523,B,1791314735155701833,280967,1.000000,0.117768731071,0
4524,B,1791314735156227496,283383,1.000000,0.117768731071,0
4525,B,1791314735156503193,142823,1.000000,0.117768731071,0
4526,B,1791314735156768199,138151,1.000000,0.117768731071,0
4527,B,1791314735157000856,132040,1.000000,0.117768731071,0
4528,B,1791314735157205054,130010,1.000000,0.117768731071,0
4529,B,1791314735157406591,130338,1.000000,0.117768731071,0
4530,B,1791314735157605028,130236,1.000000,0.117768731071,0
4531,B,1791314735157765546,91446,1.000000,0.117768731071,0
4532,B,1791314735157912764,85305,1.000000,0.117768731071,0
4533,B,1791314735158059642,85704,1.000000,0.117768731071,0
4534,B,1791314735158206660,87673,1.000000,0.117768731071,1
4535,A,1791314736073193387,392653,1.000000,0.043755232479,0
4536,A,1791314736073867868,295905,1.000000,0.043755232479,0
4537,A,1791314736074432261,270742,1.000000,0.043755232479,0
4538,A,1791314736074876555,158580,1.000000,0.043755232479,0
4539,A,1791314736075306959,143479,1.000000,0.043755232479,0
4540,A,1791314736075727653,142298,1.000000,0.043755232479,0
4541,A,1791314736076148398,140628,1.000000,0.043755232479,0
4542,A,1791314736076753800,327116,1.000000,0.043755232479,0
4543,A,1791314736077177944,142283,1.000000,0.043755232479,0
4544,A,1791314736077595699,139773,1.000000,0.043755232479,0
4545,A,1791314736078014573,138793,1.000000,0.043755232479,0
4546,A,1791314736078419128,121453,1.000000,0.043755232479,0
4547,A,1791314736078807193,114564,1.000000,0.043755232479,0
4548,A,1791314736079192498,113614,1.000000,0.043755232479,0
4549,A,1791314736079573532,111804,1.000000,0.043755232479,0
4550,A,1791314736079956007,111705,1.000000,0.043755232479,0
4551,A,1791314736080344962,115526,1.000000,0.043755232479,0
4552,A,1791314736080733907,117426,1.000000,0.043755232479,0
4553,A,1791314736081117632,110897,1.000000,0.043755232479,0
4554,A,1791314736081510697,123018,1.000000,0.043755232479,0
4555,A,1791314736081896092,112568,1.000000,0.043755232479,0
4556,A,1791314736082280817,112239,1.000000,0.043755232479,0
4557,A,1791314736082662842,111430,1.000000,0.043755232479,0
4558,A,1791314736083042827,110741,1.000000,0.043755232479,0
4559,A,1791314736083422262,110531,1.000000,0.043755232479,0
4560,A,1791314736083800517,110712,1.000000,0.043755232479,0
4561,A,1791314736084181662,112003,1.000000,0.043755232479,0
4562,A,1791314736084561656,111603,1.000000,0.043755232479,0
4563,A,1791314736084956171,112733,1.000000,0.043755232479,0
4564,A,1791314736085334416,108134,1.000000,0.043755232479,0
4565,A,1791314736085713341,109265,1.000000,0.043755232479,0
4566,A,1791314736086091956,108896,1.000000,0.043755232479,0
4567,A,1791314736086475991,115707,1.000000,0.043755232479,0
4568,A,1791314736086856806,108497,1.000000,0.043755232479,0
4569,A,1791314736087230631,105878,1.000000,0.043755232479,0
4570,A,1791314736087605256,107209,1.000000,0.043755232479,0
4571,A,1791314736087986271,107870,1.000000,0.043755232479,0
4572,A,1791314736088364606,107441,1.000000,0.043755232479,0
4573,A,1791314736088744811,108431,1.000000,0.043755232479,0
4574,A,1791314736089128456,113672,1.000000,0.043755232479,1
4575,B,1791314738161801301,356024,1.000000,0.117768731071,0
4576,B,1791314738162473652,347287,1.000000,0.117768731071,0
4577,B,1791314738163101494,319702,1.000000,0.117768731071,0
4578,B,1791314738163516168,169927,1.000000,0.117768731071,0
4579,B,1791314738163789115,146359,1.000000,0.117768731071,0
4580,B,1791314738164033991,144840,1.000000,0.117768731071,0
4581,B,1791314738164244929,138922,1.000000,0.117768731071,0
4582,B,1791314738164445586,135523,1.000000,0.117768731071,0
4583,B,1791314738164633523,126043,1.000000,0.117768731071,0
4584,B,1791314738164806801,106555,1.000000,0.117768731071,0
4585,B,1791314738164958509,96596,1.000000,0.117768731071,0
4586,B,1791314738165103247,92876,1.000000,0.117768731071,0
4587,B,1791314738165248615,92647,1.000000,0.117768731071,0
4588,B,1791314738165394523,91428,1.000000,0.117768731071,0
4589,B,1791314738165539731,94239,1.000000,0.117768731071,0
4590,B,1791314738165682820,92121,1.000000,0.117768731071,0
4591,B,1791314738165829208,93191,1.000000,0.117768731071,1
4592,A,1791314739092974334,473218,1.000000,0.043755232479,0
4593,A,1791314739093767813,358950,1.000000,0.043755232479,0
4594,A,1791314739094499444,317677,1.000000,0.043755232479,0
4595,A,1791314739095062766,274767,1.000000,0.043755232479,0
4596,A,1791314739095499820,154931,1.000000,0.043755232479,0
4597,A,1791314739095923465,146238,1.000000,0.043755232479,0
4598,A,1791314739096342919,143864,1.000000,0.043755232479,0
4599,A,1791314739096763333,145271,1.000000,0.043755232479,0
4600,A,1791314739097185528,145658,1.000000,0.043755232479,0
4601,A,1791314739097578093,119355,1.000000,0.043755232479,0
4602,A,1791314739097965527,117362,1.000000,0.043755232479,0
4603,A,1791314739098350572,115200,1.000000,0.043755232479,0
4604,A,1791314739098733857,116128,1.000000,0.043755232479,0
4605,A,1791314739099116602,116055,1.000000,0.043755232479,0
4606,A,1791314739099500607,117433,1.000000,0.043755232479,0
4607,A,1791314739099883352,116251,1.000000,0.043755232479,0
4608,A,1791314739100266937,116329,1.000000,0.043755232479,0
4609,A,1791314739100647992,113657,1.000000,0.043755232479,0
4610,A,1791314739101035657,115365,1.000000,0.043755232479,0
4611,A,1791314739101415892,114093,1.000000,0.043755232479,0
4612,A,1791314739101791217,113421,1.000000,0.043755232479,0
4613,A,1791314739102173682,114509,1.000000,0.043755232479,0
4614,A,1791314739102556427,115517,1.000000,0.043755232479,0
4615,A,1791314739102937662,114885,1.000000,0.043755232479,0
4616,A,1791314739103392086,178981,1.000000,0.043755232479,0
4617,A,1791314739103774501,115388,1.000000,0.043755232479,0
4618,A,1791314739104155476,115016,1.000000,0.043755232479,0
4619,A,1791314739104536721,113474,1.000000,0.043755232479,0
4620,A,1791314739104914626,114092,1.000000,0.043755232479,1
4621,B,1791314741169479048,422807,1.000000,0.117768731071,1
4622,A,1791314742108628795,384513,1.000000,0.043755232479,0
4623,A,1791314742109258346,276180,1.000000,0.043755232479,0
4624,A,1791314742109711980,161691,1.000000,0.043755232479,0
4625,A,1791314742110133895,144964,1.000000,0.043755232479,0
4626,A,1791314742110559819,153196,1.000000,0.043755232479,0
4627,A,1791314742110980864,143599,1.000000,0.043755232479,0
4628,A,1791314742111380278,128140,1.000000,0.043755232479,1
4629,B,1791314744173580094,463975,1.000000,0.117768731071,0
4630,B,1791314744174414573,396163,1.000000,0.117768731071,0
4631,B,1791314744175015225,304729,1.000000,0.117768731071,0
4632,B,1791314744175564007,293413,1.000000,0.117768731071,0
4633,B,1791314744175849174,147879,1.000000,0.117768731071,0
4634,B,1791314744176095540,117741,1.000000,0.117768731071,0
4635,B,1791314744176309768,110964,1.000000,0.117768731071,0
4636,B,1791314744176521375,113715,1.000000,0.117768731071,1
4637,A,1791314745113416700,402333,1.000000,0.043755232479,0
4638,A,1791314745114067711,297424,1.000000,0.043755232479,0
4639,A,1791314745114511335,154790,1.000000,0.043755232479,0
4640,A,1791314745114961129,152858,1.000000,0.043755232479,0
4641,A,1791314745115356984,125898,1.000000,0.043755232479,0
4642,A,1791314745115738709,122167,1.000000,0.043755232479,0
4643,A,1791314745116119184,119687,1.000000,0.043755232479,0
4644,A,1791314745116495859,119307,1.000000,0.043755232479,0
4645,A,1791314745116878854,125047,1.000000,0.043755232479,0
4646,A,1791314745117260529,121067,1.000000,0.043755232479,0
4647,A,1791314745117644394,123317,1.000000,0.043755232479,0
4648,A,1791314745118028019,125137,1.000000,0.043755232479,0
4649,A,1791314745118404324,119227,1.000000,0.043755232479,0
4650,A,1791314745118778889,118807,1.000000,0.043755232479,1
4651,B,1791314747180243485,461928,1.000000,0.117768731071,0
4652,B,1791314747181039254,333469,1.000000,0.117768731071,0
4653,B,1791314747181582877,287274,1.000000,0.117768731071,0
4654,B,1791314747182001411,167580,1.000000,0.117768731071,0
4655,B,1791314747182275078,142738,1.000000,0.117768731071,0
4656,B,1791314747182497735,117416,1.000000,0.117768731071,0
4657,B,1791314747182705212,109784,1.000000,0.117768731071,0
4658,B,1791314747182907689,107572,1.000000,0.117768731071,1
4659,A,1791314748122602398,475231,1.000000,0.043755232479,0
4660,A,1791314748123373498,329998,1.000000,0.043755232479,0
4661,A,1791314748123996290,299377,1.000000,0.043755232479,0
4662,A,1791314748124439454,157799,1.000000,0.043755232479,0
4663,A,1791314748124840028,128092,1.000000,0.043755232479,0
4664,A,1791314748125228463,124425,1.000000,0.043755232479,0
4665,A,1791314748125618248,127509,1.000000,0.043755232479,0
4666,A,1791314748126002053,123002,1.000000,0.043755232479,0
4667,A,1791314748126392218,123866,1.000000,0.043755232479,0
4668,A,1791314748126774053,123169,1.000000,0.043755232479,0
4669,A,1791314748127158718,123093,1.000000,0.043755232479,0
4670,A,1791314748127545473,127446,1.000000,0.043755232479,0
4671,A,1791314748127948197,130209,1.000000,0.043755232479,0
4672,A,1791314748128324392,120782,1.000000,0.043755232479,0
4673,A,1791314748128702257,123316,1.000000,0.043755232479,0
4674,A,1791314748129135372,132249,1.000000,0.043755232479,0
4675,A,1791314748129516877,123153,1.000000,0.043755232479,0
4676,A,1791314748129896252,122556,1.000000,0.043755232479,0
4677,A,1791314748130275986,120109,1.000000,0.043755232479,0
4678,A,1791314748130650732,122613,1.000000,0.043755232479,1
4679,B,1791314750186628611,446123,1.000000,0.117768731071,0
4680,B,1791314750187382211,382341,1.000000,0.117768731071,0
4681,B,1791314750188043712,358028,1.000000,0.117768731071,0
4682,B,1791314750188440837,164367,1.000000,0.117768731071,0
4683,B,1791314750188720093,161339,1.000000,0.117768731071,0
4684,B,1791314750188963420,126353,1.000000,0.117768731071,1
4685,A,1791314751133343338,344446,1.000000,0.043755232479,0
4686,A,1791314751133973500,300725,1.000000,0.043755232479,0
4687,A,1791314751134416404,160998,1.000000,0.043755232479,0
4688,A,1791314751134826379,151645,1.000000,0.043755232479,0
4689,A,1791314751135212204,129133,1.000000,0.043755232479,0
4690,A,1791314751135592209,129681,1.000000,0.043755232479,0
4691,A,1791314751135969154,125608,1.000000,0.043755232479,0
4692,A,1791314751136344569,125456,1.000000,0.043755232479,0
4693,A,1791314751136719094,127664,1.000000,0.043755232479,0
4694,A,1791314751137140868,139920,1.000000,0.043755232479,0
4695,A,1791314751137526033,128628,1.000000,0.043755232479,0
4696,A,1791314751137933848,136685,1.000000,0.043755232479,0
4697,A,1791314751138318393,128213,1.000000,0.043755232479,0
4698,A,1791314751138715037,133579,1.000000,0.043755232479,0
4699,A,1791314751139094902,126717,1.000000,0.043755232479,0
4700,A,1791314751139468607,124975,1.000000,0.043755232479,0
4701,A,1791314751139875292,132682,1.000000,0.043755232479,0
4702,A,1791314751140255427,126270,1.000000,0.043755232479,0
4703,A,1791314751140638042,133078,1.000000,0.043755232479,0
4704,A,1791314751141016237,129256,1.000000,0.043755232479,0
4705,A,1791314751141390872,125434,1.000000,0.043755232479,0
4706,A,1791314751141769037,126671,1.000000,0.043755232479,0
4707,A,1791314751142144632,124979,1.000000,0.043755232479,0
4708,A,1791314751142518277,124637,1.000000,0.043755232479,0
4709,A,1791314751142897402,126955,1.000000,0.043755232479,0
4710,A,1791314751143279307,132613,1.000000,0.043755232479,0
4711,A,1791314751143657892,130971,1.000000,0.043755232479,0
4712,A,1791314751144040807,128878,1.000000,0.043755232479,0
4713,A,1791314751144423362,130026,1.000000,0.043755232479,0
4714,A,1791314751144809217,137974,1.000000,0.043755232479,0
4715,A,1791314751145193592,128042,1.000000,0.043755232479,0
4716,A,1791314751145578006,131908,1.000000,0.043755232479,0
4717,A,1791314751145967421,129356,1.000000,0.043755232479,0
4718,A,1791314751146344926,125494,1.000000,0.043755232479,0
4719,A,1791314751146726421,129341,1.000000,0.043755232479,0
4720,A,1791314751147101266,124409,1.000000,0.043755232479,0
4721,A,1791314751147482381,124707,1.000000,0.043755232479,0
4722,A,1791314751147857656,125315,1.000000,0.043755232479,0
4723,A,1791314751148234671,125253,1.000000,0.043755232479,0
4724,A,1791314751148611176,125721,1.000000,0.043755232479,0
4725,A,1791314751148988991,126299,1.000000,0.043755232479,0
4726,A,1791314751149367886,125106,1.000000,0.043755232479,0
4727,A,1791314751149744261,125834,1.000000,0.043755232479,1
4728,B,1791314753192632257,429330,1.000000,0.117768731071,1
4729,A,1791314754153445926,449748,1.000000,0.043755232479,0
4730,A,1791314754154299135,405434,1.000000,0.043755232479,0
4731,A,1791314754154934867,316516,1.000000,0.043755232479,0
4732,A,1791314754155372661,160572,1.000000,0.043755232479,0
4733,A,1791314754155792555,156089,1.000000,0.043755232479,0
4734,A,1791314754156212390,155358,1.000000,0.043755232479,0
4735,A,1791314754156632384,156126,1.000000,0.043755232479,0
4736,A,1791314754157058809,158895,1.000000,0.043755232479,0
4737,A,1791314754157478473,155413,1.000000,0.043755232479,0
4738,A,1791314754157890258,154572,1.000000,0.043755232479,0
4739,A,1791314754158302202,152540,1.000000,0.043755232479,0
4740,A,1791314754158689717,131080,1.000000,0.043755232479,0
4741,A,1791314754159069112,128019,1.000000,0.043755232479,0
4742,A,1791314754159445437,127089,1.000000,0.043755232479,0
4743,A,1791314754159819852,126448,1.000000,0.043755232479,0
4744,A,1791314754160198897,126198,1.000000,0.043755232479,1
4745,B,1791314756196558641,356174,1.000000,0.117768731071,0
4746,B,1791314756197262682,350669,1.000000,0.117768731071,0
4747,B,1791314756197951952,298044,1.000000,0.117768731071,0
4748,B,1791314756198252718,169489,1.000000,0.117768731071,0
4749,B,1791314756198530875,159642,1.000000,0.117768731071,0
4750,B,1791314756198791071,145673,1.000000,0.117768731071,1
4751,A,1791314757164070170,514697,1.000000,0.043755232479,0
4752,A,1791314757164787601,259847,1.000000,0.043755232479,0
4753,A,1791314757165404783,295182,1.000000,0.043755232479,0
4754,A,1791314757165966765,292767,1.000000,0.043755232479,0
4755,A,1791314757166393140,162066,1.000000,0.043755232479,0
4756,A,1791314757166812324,159755,1.000000,0.043755232479,0
4757,A,1791314757167228279,158315,1.000000,0.043755232479,0
4758,A,1791314757167646623,161364,1.000000,0.043755232479,0
4759,A,1791314757168061028,158364,1.000000,0.043755232479,0
4760,A,1791314757168483152,158303,1.000000,0.043755232479,0
4761,A,1791314757168872957,134854,1.000000,0.043755232479,0
4762,A,1791314757169259372,131194,1.000000,0.043755232479,0
4763,A,1791314757169638357,131055,1.000000,0.043755232479,0
4764,A,1791314757170022232,131495,1.000000,0.043755232479,0
4765,A,1791314757170399467,129436,1.000000,0.043755232479,0
4766,A,1791314757170776262,128906,1.000000,0.043755232479,1
4767,B,1791314759202389982,368461,1.000000,0.117768731071,0
4768,B,1791314759203078863,338439,1.000000,0.117768731071,0
4769,B,1791314759203855372,367066,1.000000,0.117768731071,1
4770,A,1791314760173483673,464367,1.000000,0.043755232479,0
4771,A,1791314760174316692,381148,1.000000,0.043755232479,0
4772,A,1791314760174973513,335142,1.000000,0.043755232479,0
4773,A,1791314760175407937,173581,1.000000,0.043755232479,0
4774,A,1791314760175831322,173302,1.000000,0.043755232479,0
4775,A,1791314760176250216,170042,1.000000,0.043755232479,1
4776,B,1791314762207732469,441433,1.000000,0.117768731071,0
4777,B,1791314762208319111,292339,1.000000,0.117768731071,0
4778,B,1791314762208824144,236362,1.000000,0.117768731071,0
4779,B,1791314762209217509,137136,1.000000,0.117768731071,0
4780,B,1791314762209481786,133458,1.000000,0.117768731071,0
4781,B,1791314762209711473,125049,1.000000,0.117768731071,0
4782,B,1791314762209914560,123770,1.000000,0.117768731071,0
4783,B,1791314762210112577,120341,1.000000,0.117768731071,0
4784,B,1791314762210309085,121903,1.000000,0.117768731071,0
4785,B,1791314762210502822,120303,1.000000,0.117768731071,0
4786,B,1791314762210676700,100045,1.000000,0.117768731071,0
4787,B,1791314762210833498,83816,1.000000,0.117768731071,0
4788,B,1791314762210979176,79717,1.000000,0.117768731071,0
4789,B,1791314762211120284,78098,1.000000,0.117768731071,0
4790,B,1791314762211261592,78149,1.000000,0.117768731071,0
4791,B,1791314762211402680,78429,1.000000,0.117768731071,0
4792,B,1791314762211544598,78770,1.000000,0.117768731071,0
4793,B,1791314762211686527,78682,1.000000,0.117768731071,0
4794,B,1791314762211828025,78093,1.000000,0.117768731071,0
4795,B,1791314762211966903,76842,1.000000,0.117768731071,0
4796,B,1791314762212108591,79373,1.000000,0.117768731071,0
4797,B,1791314762212249019,78074,1.000000,0.117768731071,0
4798,B,1791314762212388447,77634,1.000000,0.117768731071,0
4799,B,1791314762212653974,196954,1.000000,0.117768731071,0
4800,B,1791314762212820552,97987,1.000000,0.117768731071,0
4801,B,1791314762212977419,87847,1.000000,0.117768731071,1
4802,A,1791314763177459542,462724,1.000000,0.043755232479,0
4803,A,1791314763178283591,405897,1.000000,0.043755232479,0
4804,A,1791314763178832734,257157,1.000000,0.043755232479,0
4805,A,1791314763179263998,167912,1.000000,0.043755232479,0
4806,A,1791314763179682353,167539,1.000000,0.043755232479,1
4807,B,1791314765216668302,452240,1.000000,0.117768731071,0
4808,B,1791314765217507040,411233,1.000000,0.117768731071,0
4809,B,1791314765217924945,166004,1.000000,0.117768731071,0
4810,B,1791314765218224691,146228,1.000000,0.117768731071,0
4811,B,1791314765218505287,124451,1.000000,0.117768731071,0
4812,B,1791314765218758924,124087,1.000000,0.117768731071,0
4813,B,1791314765219003201,116382,1.000000,0.117768731071,0
4814,B,1791314765219244737,115757,1.000000,0.117768731071,0
4815,B,1791314765219479574,114163,1.000000,0.117768731071,0
4816,B,1791314765219681152,103199,1.000000,0.117768731071,0
4817,B,1791314765219846880,80336,1.000000,0.117768731071,0
4818,B,1791314765219998068,74873,1.000000,0.117768731071,0
4819,B,1791314765220143966,72910,1.000000,0.117768731071,0
4820,B,1791314765220289184,72408,1.000000,0.117768731071,0
4821,B,1791314765220439662,78365,1.000000,0.117768731071,0
4822,B,1791314765220583220,70962,1.000000,0.117768731071,0
4823,B,1791314765220728008,74959,1.000000,0.117768731071,1
4824,A,1791314766183481801,454382,1.000000,0.043755232479,0
4825,A,1791314766184274741,398843,1.000000,0.043755232479,0
4826,A,1791314766184906572,311356,1.000000,0.043755232479,0
4827,A,1791314766185343577,160715,1.000000,0.043755232479,0
4828,A,1791314766185767631,158044,1.000000,0.043755232479,0
4829,A,1791314766186186905,156273,1.000000,0.043755232479,0
4830,A,1791314766186613130,156464,1.000000,0.043755232479,0
4831,A,1791314766187045644,172033,1.000000,0.043755232479,0
4832,A,1791314766187464329,155473,1.000000,0.043755232479,0
4833,A,1791314766187870873,145913,1.000000,0.043755232479,0
4834,A,1791314766188265328,132504,1.000000,0.043755232479,0
4835,A,1791314766188652813,133374,1.000000,0.043755232479,0
4836,A,1791314766189038688,131015,1.000000,0.043755232479,0
4837,A,1791314766189424433,132776,1.000000,0.043755232479,0
4838,A,1791314766189810668,132397,1.000000,0.043755232479,0
4839,A,1791314766190193422,128407,1.000000,0.043755232479,0
4840,A,1791314766190578287,126247,1.000000,0.043755232479,0
4841,A,1791314766190963262,127488,1.000000,0.043755232479,0
4842,A,1791314766191343057,126169,1.000000,0.043755232479,0
4843,A,1791314766191720652,126560,1.000000,0.043755232479,0
4844,A,1791314766192102267,126401,1.000000,0.043755232479,0
4845,A,1791314766192481762,127272,1.000000,0.043755232479,0
4846,A,1791314766192860337,128323,1.000000,0.043755232479,1
4847,B,1791314768224334008,350967,1.000000,0.117768731071,0
4848,B,1791314768224883031,151409,1.000000,0.117768731071,0
4849,B,1791314768225446473,273287,1.000000,0.117768731071,0
4850,B,1791314768225834608,127050,1.000000,0.117768731071,0
4851,B,1791314768226107115,115731,1.000000,0.117768731071,0
4852,B,1791314768226375541,113010,1.000000,0.117768731071,0
4853,B,1791314768226626378,108151,1.000000,0.117768731071,0
4854,B,1791314768226850895,89471,1.000000,0.117768731071,0
4855,B,1791314768227054572,81871,1.000000,0.117768731071,0
4856,B,1791314768227243809,66721,1.000000,0.117768731071,0
4857,B,1791314768227408647,62161,1.000000,0.117768731071,0
4858,B,1791314768227573345,64091,1.000000,0.117768731071,0
4859,B,1791314768227722893,63871,1.000000,0.117768731071,0
4860,B,1791314768227867271,62741,1.000000,0.117768731071,0
4861,B,1791314768228008629,60611,1.000000,0.117768731071,0
4862,B,1791314768228149467,62101,1.000000,0.117768731071,0
4863,B,1791314768228290596,61572,1.000000,0.117768731071,0
4864,B,1791314768228430634,60772,1.000000,0.117768731071,0
4865,B,1791314768228578782,67212,1.000000,0.117768731071,1
4866,A,1791314769196702944,477398,1.000000,0.043755232479,0
4867,A,1791314769197475614,305721,1.000000,0.043755232479,1
4868,B,1791314771232238001,406588,1.000000,0.117768731071,0
4869,B,1791314771232901993,190976,1.000000,0.117768731071,0
4870,B,1791314771233436456,229373,1.000000,0.117768731071,0
4871,B,1791314771233961409,226888,1.000000,0.117768731071,0
4872,B,1791314771234229325,87187,1.000000,0.117768731071,0
4873,B,1791314771234470332,87886,1.000000,0.117768731071,0
4874,B,1791314771234688259,91044,1.000000,0.117768731071,0
4875,B,1791314771234863757,53714,1.000000,0.117768731071,0
4876,B,1791314771235027165,49063,1.000000,0.117768731071,0
4877,B,1791314771235185762,48021,1.000000,0.117768731071,0
4878,B,1791314771235330951,34551,1.000000,0.117768731071,0
4879,B,1791314771235478159,33380,1.000000,0.117768731071,0
4880,B,1791314771235628887,40409,1.000000,0.117768731071,0
4881,B,1791314771235775235,35768,1.000000,0.117768731071,1
4882,A,1791314772201297960,431868,1.000000,0.043755232479,0
4883,A,1791314772201890942,244010,1.000000,0.043755232479,0
4884,A,1791314772202465565,285126,1.000000,0.043755232479,0
4885,A,1791314772203017777,286051,1.000000,0.043755232479,0
4886,A,1791314772203445772,158369,1.000000,0.043755232479,0
4887,A,1791314772203864896,156117,1.000000,0.043755232479,0
4888,A,1791314772204292431,156737,1.000000,0.043755232479,0
4889,A,1791314772204710965,156005,1.000000,0.043755232479,1
4890,B,1791314774239360263,300898,1.000000,0.117768731071,0
4891,B,1791314774240070023,278993,1.000000,0.117768731071,0
4892,B,1791314774240841333,301898,1.000000,0.117768731071,1
4893,A,1791314775208432704,380807,1.000000,0.043755232479,0
4894,A,1791314775209091855,292947,1.000000,0.043755232479,0
4895,A,1791314775209663767,287221,1.000000,0.043755232479,0
4896,A,1791314775210100331,161508,1.000000,0.043755232479,0
4897,A,1791314775210539686,159587,1.000000,0.043755232479,0
4898,A,1791314775210963030,155345,1.000000,0.043755232479,0
4899,A,1791314775211384144,152863,1.000000,0.043755232479,0
4900,A,1791314775211800809,153112,1.000000,0.043755232479,0
4901,A,1791314775212214893,150070,1.000000,0.043755232479,0
4902,A,1791314775212630278,153400,1.000000,0.043755232479,0
4903,A,1791314775213023523,128569,1.000000,0.043755232479,0
4904,A,1791314775213409878,127128,1.000000,0.043755232479,1
4905,B,1791314777242345611,313442,1.000000,0.117768731071,0
4906,B,1791314777242952643,197799,1.000000,0.117768731071,0
4907,B,1791314777243484916,217776,1.000000,0.117768731071,0
4908,B,1791314777244034309,238162,1.000000,0.117768731071,0
4909,B,1791314777244324285,91471,1.000000,0.117768731071,1
4910,A,1791314778217138635,353984,1.000000,0.043755232479,0
4911,A,1791314778217803567,295140,1.000000,0.043755232479,0
4912,A,1791314778218369519,283116,1.000000,0.043755232479,0
4913,A,1791314778218795393,159555,1.000000,0.043755232479,0
4914,A,1791314778219216428,154696,1.000000,0.043755232479,0
4915,A,1791314778219635472,153527,1.000000,0.043755232479,1
4916,B,1791314780248116423,400812,1.000000,0.117768731071,1
4917,A,1791314781223344970,349584,1.000000,0.043755232479,0
4918,A,1791314781223933802,219313,1.000000,0.043755232479,0
4919,A,1791314781224505425,279057,1.000000,0.043755232479,0
4920,A,1791314781224930829,152121,1.000000,0.043755232479,0
4921,A,1791314781225347623,145918,1.000000,0.043755232479,0
4922,A,1791314781225766048,149655,1.000000,0.043755232479,0
4923,A,1791314781226187192,148812,1.000000,0.043755232479,0
4924,A,1791314781226609297,149940,1.000000,0.043755232479,0
4925,A,1791314781227027861,147706,1.000000,0.043755232479,0
4926,A,1791314781227450915,148433,1.000000,0.043755232479,0
4927,A,1791314781227847060,124020,1.000000,0.043755232479,0
4928,A,1791314781228235415,119818,1.000000,0.043755232479,1
4929,B,1791314783252215784,382903,1.000000,0.117768731071,0
4930,B,1791314783253090442,374356,1.000000,0.117768731071,1
4931,A,1791314784231991024,423578,1.000000,0.043755232479,0
4932,A,1791314784232776173,373551,1.000000,0.043755232479,0
4933,A,1791314784233263847,148999,1.000000,0.043755232479,0
4934,A,1791314784233689131,148120,1.000000,0.043755232479,0
4935,A,1791314784234105966,146602,1.000000,0.043755232479,0
4936,A,1791314784234519830,144513,1.000000,0.043755232479,0
4937,A,1791314784234930365,143485,1.000000,0.043755232479,0
4938,A,1791314784235359839,163716,1.000000,0.043755232479,0
4939,A,1791314784235734374,115588,1.000000,0.043755232479,0
4940,A,1791314784236117279,116910,1.000000,0.043755232479,0
4941,A,1791314784236491544,115172,1.000000,0.043755232479,0
4942,A,1791314784236868729,120654,1.000000,0.043755232479,1
4943,B,1791314786256884198,326323,1.000000,0.117768731071,0
4944,B,1791314786257536490,334632,1.000000,0.117768731071,1
4945,A,1791314787240415187,391531,1.000000,0.043755232479,0
4946,A,1791314787240996089,184770,1.000000,0.043755232479,0
4947,A,1791314787241623321,308663,1.000000,0.043755232479,0
4948,A,1791314787242219053,302534,1.000000,0.043755232479,0
4949,A,1791314787242803715,295436,1.000000,0.043755232479,0
4950,A,1791314787243289279,182129,1.000000,0.043755232479,0
4951,A,1791314787243736793,176425,1.000000,0.043755232479,1
4952,B,1791314789261311966,446836,1.000000,0.117768731071,0
4953,B,1791314789262010836,448969,1.000000,0.117768731071,1
4954,A,1791314790245384417,391566,1.000000,0.043755232479,0
4955,A,1791314790245995999,259993,1.000000,0.043755232479,0
4956,A,1791314790246606180,310170,1.000000,0.043755232479,0
4957,A,1791314790247198643,306859,1.000000,0.043755232479,0
4958,A,1791314790247788465,309097,1.000000,0.043755232479,0
4959,A,1791314790248367807,296825,1.000000,0.043755232479,0
4960,A,1791314790248819461,182365,1.000000,0.043755232479,0
4961,A,1791314790249239926,154757,1.000000,0.043755232479,0
4962,A,1791314790249637710,134168,1.000000,0.043755232479,0
4963,A,1791314790250027905,131070,1.000000,0.043755232479,0
4964,A,1791314790250414750,131492,1.000000,0.043755232479,0
4965,A,1791314790250802705,134845,1.000000,0.043755232479,0
4966,A,1791314790251187760,131147,1.000000,0.043755232479,0
4967,A,1791314790251569775,127520,1.000000,0.043755232479,0
4968,A,1791314790251948920,126272,1.000000,0.043755232479,0
4969,A,1791314790252329615,127844,1.000000,0.043755232479,1
4970,B,1791314792265951443,506510,1.000000,0.117768731071,0
4971,B,1791314792266875801,412313,1.000000,0.117768731071,0
4972,B,1791314792267456203,279566,1.000000,0.117768731071,0
4973,B,1791314792268027845,270757,1.000000,0.117768731071,0
4974,B,1791314792268464100,261319,1.000000,0.117768731071,1
4975,A,1791314793256190011,485738,1.000000,0.043755232479,0
4976,A,1791314793257072970,477393,1.000000,0.043755232479,0
4977,A,1791314793257748101,322492,1.000000,0.043755232479,0
4978,A,1791314793258358593,308564,1.000000,0.043755232479,0
4979,A,1791314793258949025,308207,1.000000,0.043755232479,0
4980,A,1791314793259414529,183512,1.000000,0.043755232479,0
4981,A,1791314793259869863,181129,1.000000,0.043755232479,0
4982,A,1791314793260312297,178176,1.000000,0.043755232479,1
4983,B,1791314795272229727,421509,1.000000,0.117768731071,0
4984,B,1791314795272981987,304540,1.000000,0.117768731071,0
4985,B,1791314795273589359,285172,1.000000,0.117768731071,0
4986,B,1791314795274155271,260105,1.000000,0.117768731071,0
4987,B,1791314795274597685,254510,1.000000,0.117768731071,0
4988,B,1791314795274920941,136696,1.000000,0.117768731071,0
4989,B,1791314795275221177,132312,1.000000,0.117768731071,0
4990,B,1791314795275490393,125578,1.000000,0.117768731071,0
4991,B,1791314795275756700,125535,1.000000,0.117768731071,0
4992,B,1791314795276022516,128212,1.000000,0.117768731071,0
4993,B,1791314795276286123,125949,1.000000,0.117768731071,0
4994,B,1791314795276478840,68196,1.000000,0.117768731071,0
4995,B,1791314795276636568,61944,1.000000,0.117768731071,0
4996,B,1791314795276814726,72943,1.000000,0.117768731071,0
4997,B,1791314795276970604,61441,1.000000,0.117768731071,0
4998,B,1791314795277123112,59049,1.000000,0.117768731071,0
4999,B,1791314795277272110,58847,1.000000,0.117768731071,1
5000,A,1791314796261487477,473902,1.000000,0.043755232479,0
5001,A,1791314796262285016,391981,1.000000,0.043755232479,0
5002,A,1791314796262940608,330384,1.000000,0.043755232479,0
5003,A,1791314796263539610,314689,1.000000,0.043755232479,0
5004,A,1791314796264013203,193365,1.000000,0.043755232479,0
5005,A,1791314796264456688,179575,1.000000,0.043755232479,0
5006,A,1791314796264888302,172923,1.000000,0.043755232479,0
5007,A,1791314796265330306,181802,1.000000,0.043755232479,0
5008,A,1791314796265750930,161841,1.000000,0.043755232479,0
5009,A,1791314796266166255,158341,1.000000,0.043755232479,1
5010,B,1791314798280963789,424988,1.000000,0.117768731071,0
5011,B,1791314798281928766,504020,1.000000,0.117768731071,0
5012,B,1791314798282560578,273738,1.000000,0.117768731071,0
5013,B,1791314798283141130,277271,1.000000,0.117768731071,0
5014,B,1791314798283581084,255453,1.000000,0.117768731071,0
5015,B,1791314798283889970,134807,1.000000,0.117768731071,0
5016,B,1791314798284159147,127849,1.000000,0.117768731071,0
5017,B,1791314798284424723,127490,1.000000,0.117768731071,0
5018,B,1791314798284688190,127611,1.000000,0.117768731071,0
5019,B,1791314798284952566,130161,1.000000,0.117768731071,1
5020,A,1791314799270000206,466410,1.000000,0.043755232479,1
5021,B,1791314801288653886,408266,1.000000,0.117768731071,0
5022,B,1791314801289539904,422357,1.000000,0.117768731071,0
5023,B,1791314801290054408,151774,1.000000,0.117768731071,1
5024,A,1791314802273466844,446923,1.000000,0.043755232479,0
5025,A,1791314802274105796,203719,1.000000,0.043755232479,0
5026,A,1791314802274711878,303487,1.000000,0.043755232479,0
5027,A,1791314802275296940,295525,1.000000,0.043755232479,0
5028,A,1791314802275872683,289804,1.000000,0.043755232479,0
5029,A,1791314802276344116,180483,1.000000,0.043755232479,0
5030,A,1791314802276780991,168285,1.000000,0.043755232479,0
5031,A,1791314802277225605,173886,1.000000,0.043755232479,0
5032,A,1791314802277644219,149747,1.000000,0.043755232479,0
5033,A,1791314802278040294,130059,1.000000,0.043755232479,1
5034,B,1791314804293774244,344924,1.000000,0.117768731071,0
5035,B,1791314804294330757,271561,1.000000,0.117768731071,1
5036,A,1791314805281363546,348993,1.000000,0.043755232479,0
5037,A,1791314805282058317,294709,1.000000,0.043755232479,0
5038,A,1791314805282660599,290309,1.000000,0.043755232479,0
5039,A,1791314805283235591,281520,1.000000,0.043755232479,0
5040,A,1791314805283687355,168843,1.000000,0.043755232479,0
5041,A,1791314805284108120,143799,1.000000,0.043755232479,0
5042,A,1791314805284530214,140694,1.000000,0.043755232479,0
5043,A,1791314805284946549,150061,1.000000,0.043755232479,0
5044,A,1791314805285348763,136327,1.000000,0.043755232479,1
5045,B,1791314807298010765,229285,1.000000,0.117768731071,0
5046,B,1791314807298756375,369896,1.000000,0.117768731071,0
5047,B,1791314807299300198,258070,1.000000,0.117768731071,0
5048,B,1791314807299717252,116525,1.000000,0.117768731071,0
5049,B,1791314807300003708,108491,1.000000,0.117768731071,0
5050,B,1791314807300229185,100858,1.000000,0.117768731071,0
5051,B,1791314807300449882,103924,1.000000,0.117768731071,0
5052,B,1791314807300640910,76753,1.000000,0.117768731071,1
5053,A,1791314808289087103,393490,1.000000,0.043755232479,0
5054,A,1791314808289807093,321504,1.000000,0.043755232479,0
5055,A,1791314808290408415,299731,1.000000,0.043755232479,0
5056,A,1791314808290895949,190321,1.000000,0.043755232479,0
5057,A,1791314808291334913,153541,1.000000,0.043755232479,0
5058,A,1791314808291750677,144732,1.000000,0.043755232479,0
5059,A,1791314808292150102,141824,1.000000,0.043755232479,0
5060,A,1791314808292569846,150525,1.000000,0.043755232479,0
5061,A,1791314808292956271,124346,1.000000,0.043755232479,0
5062,A,1791314808293336516,120718,1.000000,0.043755232479,0
5063,A,1791314808293721111,125380,1.000000,0.043755232479,0
5064,A,1791314808294103716,123702,1.000000,0.043755232479,0
5065,A,1791314808294478441,118785,1.000000,0.043755232479,0
5066,A,1791314808294852666,118297,1.000000,0.043755232479,0
5067,A,1791314808295230441,122619,1.000000,0.043755232479,0
5068,A,1791314808295608516,119601,1.000000,0.043755232479,0
5069,A,1791314808295987811,121753,1.000000,0.043755232479,0
5070,A,1791314808296363156,119525,1.000000,0.043755232479,0
5071,A,1791314808296739321,118347,1.000000,0.043755232479,0
5072,A,1791314808297117786,123209,1.000000,0.043755232479,0
5073,A,1791314808297497391,120041,1.000000,0.043755232479,0
5074,A,1791314808297879296,123633,1.000000,0.043755232479,0
5075,A,1791314808298257211,122185,1.000000,0.043755232479,0
5076,A,1791314808298635856,121847,1.000000,0.043755232479,0
5077,A,1791314808299015251,120789,1.000000,0.043755232479,0
5078,A,1791314808299394446,122571,1.000000,0.043755232479,0
5079,A,1791314808299779141,125444,1.000000,0.043755232479,0
5080,A,1791314808300161806,122906,1.000000,0.043755232479,0
5081,A,1791314808300538341,119458,1.000000,0.043755232479,0
5082,A,1791314808300911976,119030,1.000000,0.043755232479,0
5083,A,1791314808301292031,119682,1.000000,0.043755232479,0
5084,A,1791314808301676316,121654,1.000000,0.043755232479,0
5085,A,1791314808302062051,121346,1.000000,0.043755232479,0
5086,A,1791314808302452796,128948,1.000000,0.043755232479,0
5087,A,1791314808302832211,118820,1.000000,0.043755232479,0
5088,A,1791314808303214476,122922,1.000000,0.043755232479,0
5089,A,1791314808303598301,119904,1.000000,0.043755232479,0
5090,A,1791314808303979226,119436,1.000000,0.043755232479,0
5091,A,1791314808304355741,117788,1.000000,0.043755232479,0
5092,A,1791314808304742585,120799,1.000000,0.043755232479,0
5093,A,1791314808305135380,123661,1.000000,0.043755232479,0
5094,A,1791314808305517175,119543,1.000000,0.043755232479,0
5095,A,1791314808306174466,121999,1.000000,0.043755232479,0
5096,A,1791314808306563521,126191,1.000000,0.043755232479,0
5097,A,1791314808306945526,121543,1.000000,0.043755232479,0
5098,A,1791314808307322501,117915,1.000000,0.043755232479,0
5099,A,1791314808307704756,119177,1.000000,0.043755232479,0
5100,A,1791314808308085831,120079,1.000000,0.043755232479,0
5101,A,1791314808308466916,119201,1.000000,0.043755232479,0
5102,A,1791314808308851321,118793,1.000000,0.043755232479,0
5103,A,1791314808309236336,120955,1.000000,0.043755232479,0
5104,A,1791314808309616470,118546,1.000000,0.043755232479,1
5105,B,1791314810304280092,329071,1.000000,0.117768731071,0
5106,B,1791314810304997823,288417,1.000000,0.117768731071,0
5107,B,1791314810305595015,258423,1.000000,0.117768731071,1
5108,A,1791314811313463498,484314,1.000000,0.043755232479,0
5109,A,1791314811314188688,267891,1.000000,0.043755232479,0
5110,A,1791314811314705111,176376,1.000000,0.043755232479,0
5111,A,1791314811315170595,167744,1.000000,0.043755232479,0
5112,A,1791314811315600520,152164,1.000000,0.043755232479,1
5113,B,1791314813309514964,411031,1.000000,0.117768731071,0
5114,B,1791314813310307853,305305,1.000000,0.117768731071,0
5115,B,1791314813310999684,261072,1.000000,0.117768731071,0
5116,B,1791314813311558017,255029,1.000000,0.117768731071,0
5117,B,1791314813311855783,120928,1.000000,0.117768731071,0
5118,B,1791314813312153779,120396,1.000000,0.117768731071,0
5119,B,1791314813312393866,114495,1.000000,0.117768731071,0
5120,B,1791314813312625163,112254,1.000000,0.117768731071,0
5121,B,1791314813312855730,113272,1.000000,0.117768731071,0
5122,B,1791314813313086956,112989,1.000000,0.117768731071,1
5123,A,1791314814319454350,489448,1.000000,0.043755232479,0
5124,A,1791314814320182301,287278,1.000000,0.043755232479,1
5125,B,1791314816314329041,294506,1.000000,0.117768731071,0
5126,B,1791314816315179420,425604,1.000000,0.117768731071,0
5127,B,1791314816315929720,321266,1.000000,0.117768731071,0
5128,B,1791314816316492403,273334,1.000000,0.117768731071,0
5129,B,1791314816316813738,148520,1.000000,0.117768731071,0
5130,B,1791314816317057505,133994,1.000000,0.117768731071,0
5131,B,1791314816317289082,130167,1.000000,0.117768731071,1
5132,A,1791314817324106163,476316,1.000000,0.043755232479,0
5133,A,1791314817324970851,427827,1.000000,0.043755232479,0
5134,A,1791314817325851790,467940,1.000000,0.043755232479,0
5135,A,1791314817326418762,186945,1.000000,0.043755232479,0
5136,A,1791314817326837907,143712,1.000000,0.043755232479,0
5137,A,1791314817327248171,142798,1.000000,0.043755232479,0
5138,A,1791314817327663816,150895,1.000000,0.043755232479,0
5139,A,1791314817328080590,150481,1.000000,0.043755232479,0
5140,A,1791314817328496305,146318,1.000000,0.043755232479,0
5141,A,1791314817328904669,142474,1.000000,0.043755232479,0
5142,A,1791314817329307514,138381,1.000000,0.043755232479,0
5143,A,1791314817329694879,118519,1.000000,0.043755232479,0
5144,A,1791314817330073524,115776,1.000000,0.043755232479,0
5145,A,1791314817330466209,119144,1.000000,0.043755232479,0
5146,A,1791314817330848443,115401,1.000000,0.043755232479,0
5147,A,1791314817331234988,118148,1.000000,0.043755232479,0
5148,A,1791314817331615623,115366,1.000000,0.043755232479,0
5149,A,1791314817331999148,115524,1.000000,0.043755232479,0
5150,A,1791314817332378273,115571,1.000000,0.043755232479,0
5151,A,1791314817332761678,118699,1.000000,0.043755232479,0
5152,A,1791314817333140923,117007,1.000000,0.043755232479,0
5153,A,1791314817333522008,115545,1.000000,0.043755232479,1
5154,B,1791314819321028603,467464,1.000000,0.117768731071,0
5155,B,1791314819321985421,488953,1.000000,0.117768731071,0
5156,B,1791314819322617032,272465,1.000000,0.117768731071,0
5157,B,1791314819323192985,277928,1.000000,0.117768731071,1
5158,A,1791314820337323646,416164,1.000000,0.043755232479,0
5159,A,1791314820338051846,306494,1.000000,0.043755232479,0
5160,A,1791314820338712207,297777,1.000000,0.043755232479,1
5161,B,1791314822326987045,460197,1.000000,0.117768731071,0
5162,B,1791314822327734645,404794,1.000000,0.117768731071,1
5163,A,1791314823342602407,463923,1.000000,0.043755232479,0
5164,A,1791314823343461456,409317,1.000000,0.043755232479,0
5165,A,1791314823344219186,343134,1.000000,0.043755232479,0
5166,A,1791314823344829348,281446,1.000000,0.043755232479,0
5167,A,1791314823345417090,281238,1.000000,0.043755232479,0
5168,A,1791314823345881664,154743,1.000000,0.043755232479,0
5169,A,1791314823346315288,137910,1.000000,0.043755232479,0
5170,A,1791314823346734793,136248,1.000000,0.043755232479,0
5171,A,1791314823347148207,133886,1.000000,0.043755232479,0
5172,A,1791314823347594011,142533,1.000000,0.043755232479,0
5173,A,1791314823348010906,136201,1.000000,0.043755232479,0
5174,A,1791314823348421640,131438,1.000000,0.043755232479,0
5175,A,1791314823348837805,129967,1.000000,0.043755232479,0
5176,A,1791314823349229500,113905,1.000000,0.043755232479,0
5177,A,1791314823349617515,110324,1.000000,0.043755232479,0
5178,A,1791314823350012539,114402,1.000000,0.043755232479,0
5179,A,1791314823350399324,111871,1.000000,0.043755232479,0
5180,A,1791314823350784899,109130,1.000000,0.043755232479,0
5181,A,1791314823351213453,125327,1.000000,0.043755232479,0
5182,A,1791314823351604508,115516,1.000000,0.043755232479,0
5183,A,1791314823351989283,112615,1.000000,0.043755232479,0
5184,A,1791314823352377118,113793,1.000000,0.043755232479,0
5185,A,1791314823352765853,113522,1.000000,0.043755232479,0
5186,A,1791314823353158768,117731,1.000000,0.043755232479,0
5187,A,1791314823353560712,115819,1.000000,0.043755232479,1
5188,B,1791314825331679187,388632,1.000000,0.117768731071,0
5189,B,1791314825332648414,453940,1.000000,0.117768731071,0
5190,B,1791314825333241806,206305,1.000000,0.117768731071,1
5191,A,1791314826357416613,401759,1.000000,0.043755232479,0
5192,A,1791314826358128064,328245,1.000000,0.043755232479,0
5193,A,1791314826358763875,310771,1.000000,0.043755232479,0
5194,A,1791314826359381787,310089,1.000000,0.043755232479,0
5195,A,1791314826359857841,174099,1.000000,0.043755232479,0
5196,A,1791314826360287015,144890,1.000000,0.043755232479,0
5197,A,1791314826360711380,144962,1.000000,0.043755232479,0
5198,A,1791314826361134484,144884,1.000000,0.043755232479,0
5199,A,1791314826361553539,139946,1.000000,0.043755232479,0
5200,A,1791314826361952953,120337,1.000000,0.043755232479,1
5201,B,1791314828337109149,396035,1.000000,0.117768731071,0
5202,B,1791314828338066756,463261,1.000000,0.117768731071,0
5203,B,1791314828338676808,289480,1.000000,0.117768731071,0
5204,B,1791314828339254580,286324,1.000000,0.117768731071,0
5205,B,1791314828339689404,266088,1.000000,0.117768731071,0
5206,B,1791314828339973311,146304,1.000000,0.117768731071,0
5207,B,1791314828340248207,142277,1.000000,0.117768731071,0
5208,B,1791314828340499024,124469,1.000000,0.117768731071,0
5209,B,1791314828340744370,122201,1.000000,0.117768731071,0
5210,B,1791314828340967797,99513,1.000000,0.117768731071,0
5211,B,1791314828341172085,84786,1.000000,0.117768731071,0
5212,B,1791314828341334793,80457,1.000000,0.117768731071,0
5213,B,1791314828341490011,78248,1.000000,0.117768731071,0
5214,B,1791314828341646979,80520,1.000000,0.117768731071,0
5215,B,1791314828341818276,91730,1.000000,0.117768731071,1
5216,A,1791314829365376821,375353,1.000000,0.043755232479,0
5217,A,1791314829366160281,388948,1.000000,0.043755232479,0
5218,A,1791314829366781642,294835,1.000000,0.043755232479,0
5219,A,1791314829367380164,293375,1.000000,0.043755232479,0
5220,A,1791314829367961447,278376,1.000000,0.043755232479,0
5221,A,1791314829368407711,145868,1.000000,0.043755232479,0
5222,A,1791314829368833885,148614,1.000000,0.043755232479,0
5223,A,1791314829369248420,132220,1.000000,0.043755232479,0
5224,A,1791314829369639694,115366,1.000000,0.043755232479,0
5225,A,1791314829370028669,115353,1.000000,0.043755232479,0
5226,A,1791314829370419144,115180,1.000000,0.043755232479,0
5227,A,1791314829370808369,112647,1.000000,0.043755232479,0
5228,A,1791314829371200164,117155,1.000000,0.043755232479,0
5229,A,1791314829371591748,113081,1.000000,0.043755232479,0
5230,A,1791314829371975813,110408,1.000000,0.043755232479,0
5231,A,1791314829372376028,113455,1.000000,0.043755232479,0
5232,A,1791314829372766303,113882,1.000000,0.043755232479,0
5233,A,1791314829373166037,124688,1.000000,0.043755232479,0
5234,A,1791314829373557962,114565,1.000000,0.043755232479,0
5235,A,1791314829373943957,111313,1.000000,0.043755232479,0
5236,A,1791314829374454610,237718,1.000000,0.043755232479,0
5237,A,1791314829374841795,111023,1.000000,0.043755232479,0
5238,A,1791314829375225390,111470,1.000000,0.043755232479,0
5239,A,1791314829375614185,111857,1.000000,0.043755232479,0
5240,A,1791314829376003160,115974,1.000000,0.043755232479,0
5241,A,1791314829376390895,112632,1.000000,0.043755232479,0
5242,A,1791314829376780739,114618,1.000000,0.043755232479,1
5243,B,1791314831345321966,230368,1.000000,0.117768731071,0
5244,B,1791314831345903288,194611,1.000000,0.117768731071,0
5245,B,1791314831346383512,201355,1.000000,0.117768731071,0
5246,B,1791314831346783606,159310,1.000000,0.117768731071,1
5247,A,1791314832380520781,388694,1.000000,0.043755232479,0
5248,A,1791314832381169992,302360,1.000000,0.043755232479,0
5249,A,1791314832381801754,303938,1.000000,0.043755232479,0
5250,A,1791314832382399696,296686,1.000000,0.043755232479,0
5251,A,1791314832382987418,291805,1.000000,0.043755232479,0
5252,A,1791314832383452412,179975,1.000000,0.043755232479,0
5253,A,1791314832383908376,177226,1.000000,0.043755232479,0
5254,A,1791314832384362360,175318,1.000000,0.043755232479,0
5255,A,1791314832384817954,177919,1.000000,0.043755232479,0
5256,A,1791314832385250928,141240,1.000000,0.043755232479,0
5257,A,1791314832385651753,118222,1.000000,0.043755232479,0
5258,A,1791314832386042988,120595,1.000000,0.043755232479,0
5259,A,1791314832386424452,112646,1.000000,0.043755232479,0
5260,A,1791314832386804947,113109,1.000000,0.043755232479,0
5261,A,1791314832387190362,110252,1.000000,0.043755232479,1
5262,B,1791314834350434727,324819,1.000000,0.117768731071,0
5263,B,1791314834351242176,384187,1.000000,0.117768731071,1
5264,A,1791314835389479057,460694,1.000000,0.043755232479,0
5265,A,1791314835390225467,311074,1.000000,0.043755232479,0
5266,A,1791314835390892108,288360,1.000000,0.043755232479,0
5267,A,1791314835391494480,282058,1.000000,0.043755232479,0
5268,A,1791314835392083993,272557,1.000000,0.043755232479,1
5269,B,1791314837355134519,295205,1.000000,0.117768731071,0
5270,B,1791314837355834170,243094,1.000000,0.117768731071,0
5271,B,1791314837356423192,207675,1.000000,0.117768731071,0
5272,B,1791314837356824916,215088,1.000000,0.117768731071,0
5273,B,1791314837357080973,83974,1.000000,0.117768731071,0
5274,B,1791314837357312130,57380,1.000000,0.117768731071,0
5275,B,1791314837357499808,49938,1.000000,0.117768731071,0
5276,B,1791314837357680655,46924,1.000000,0.117768731071,1
5277,A,1791314838393448597,453704,1.000000,0.043755232479,0
5278,A,1791314838394152758,294603,1.000000,0.043755232479,0
5279,A,1791314838394744260,264067,1.000000,0.043755232479,0
5280,A,1791314838395325332,265981,1.000000,0.043755232479,0
5281,A,1791314838395898395,261856,1.000000,0.043755232479,0
5282,A,1791314838396345649,134202,1.000000,0.043755232479,0
5283,A,1791314838396758374,114471,1.000000,0.043755232479,0
5284,A,1791314838397178908,124410,1.000000,0.043755232479,1
5285,B,1791314840361323512,329411,1.000000,0.117768731071,0
5286,B,1791314840362047402,308537,1.000000,0.117768731071,0
5287,B,1791314840362773923,256545,1.000000,0.117768731071,0
5288,B,1791314840363164247,215228,1.000000,0.117768731071,0
5289,B,1791314840363549162,211211,1.000000,0.117768731071,0
5290,B,1791314840363774439,69165,1.000000,0.117768731071,0
5291,B,1791314840363958377,58837,1.000000,0.117768731071,0
5292,B,1791314840364147944,58648,1.000000,0.117768731071,0
5293,B,1791314840364334802,56000,1.000000,0.117768731071,0
5294,B,1791314840364510150,54782,1.000000,0.117768731071,0
5295,B,1791314840364684097,54153,1.000000,0.117768731071,0
5296,B,1791314840364854415,51874,1.000000,0.117768731071,0
5297,B,1791314840365010493,48546,1.000000,0.117768731071,0
5298,B,1791314840365171471,53267,1.000000,0.117768731071,0
5299,B,1791314840365328719,49078,1.000000,0.117768731071,0
5300,B,1791314840365484197,49190,1.000000,0.117768731071,0
5301,B,1791314840365639035,48521,1.000000,0.117768731071,0
5302,B,1791314840365793543,51282,1.000000,0.117768731071,1
5303,A,1791314841400952886,384649,1.000000,0.043755232479,0
5304,A,1791314841401642497,247486,1.000000,0.043755232479,0
5305,A,1791314841402118941,168560,1.000000,0.043755232479,0
5306,A,1791314841402599554,166224,1.000000,0.043755232479,0
5307,A,1791314841403086418,173650,1.000000,0.043755232479,0
5308,A,1791314841403531962,134596,1.000000,0.043755232479,0
5309,A,1791314841403945626,115072,1.000000,0.043755232479,0
5310,A,1791314841404354361,115480,1.000000,0.043755232479,0
5311,A,1791314841404764696,111628,1.000000,0.043755232479,0
5312,A,1791314841405179180,116224,1.000000,0.043755232479,0
5313,A,1791314841405588775,115482,1.000000,0.043755232479,0
5314,A,1791314841405976919,98419,1.000000,0.043755232479,0
5315,A,1791314841406367074,102917,1.000000,0.043755232479,0
5316,A,1791314841406756939,98735,1.000000,0.043755232479,0
5317,A,1791314841407139324,96204,1.000000,0.043755232479,0
5318,A,1791314841407527339,101752,1.000000,0.043755232479,0
5319,A,1791314841407910784,96840,1.000000,0.043755232479,0
5320,A,1791314841408299359,102798,1.000000,0.043755232479,0
5321,A,1791314841408686804,97527,1.000000,0.043755232479,0
5322,A,1791314841409085538,106134,1.000000,0.043755232479,0
5323,A,1791314841409477723,97042,1.000000,0.043755232479,0
5324,A,1791314841409866158,97160,1.000000,0.043755232479,0
5325,A,1791314841410253893,97788,1.000000,0.043755232479,1
5326,B,1791314843369332749,262343,1.000000,0.117768731071,0
5327,B,1791314843369928541,158707,1.000000,0.117768731071,1
5328,A,1791314844414119592,457310,1.000000,0.043755232479,0
5329,A,1791314844414828583,299817,1.000000,0.043755232479,0
5330,A,1791314844415475044,293955,1.000000,0.043755232479,0
5331,A,1791314844416067116,282514,1.000000,0.043755232479,0
5332,A,1791314844416532360,153796,1.000000,0.043755232479,0
5333,A,1791314844416972084,149568,1.000000,0.043755232479,0
5334,A,1791314844417393389,136381,1.000000,0.043755232479,0
5335,A,1791314844417806683,132963,1.000000,0.043755232479,0
5336,A,1791314844418223048,135517,1.000000,0.043755232479,0
5337,A,1791314844418634592,132229,1.000000,0.043755232479,0
5338,A,1791314844419025327,112652,1.000000,0.043755232479,0
5339,A,1791314844419414492,113015,1.000000,0.043755232479,0
5340,A,1791314844419803437,109879,1.000000,0.043755232479,0
5341,A,1791314844420190172,110502,1.000000,0.043755232479,0
5342,A,1791314844420581756,113544,1.000000,0.043755232479,0
5343,A,1791314844420971711,110948,1.000000,0.043755232479,0
5344,A,1791314844421361626,112251,1.000000,0.043755232479,0
5345,A,1791314844421754551,109904,1.000000,0.043755232479,0
5346,A,1791314844422142326,112088,1.000000,0.043755232479,0
5347,A,1791314844422535961,109971,1.000000,0.043755232479,0
5348,A,1791314844422927615,112493,1.000000,0.043755232479,0
5349,A,1791314844423315980,111027,1.000000,0.043755232479,0
5350,A,1791314844423706515,110810,1.000000,0.043755232479,0
5351,A,1791314844424121180,123053,1.000000,0.043755232479,0
5352,A,1791314844424512414,111926,1.000000,0.043755232479,0
5353,A,1791314844424901859,111639,1.000000,0.043755232479,0
5354,A,1791314844425293364,113842,1.000000,0.043755232479,0
5355,A,1791314844425687559,114995,1.000000,0.043755232479,0
5356,A,1791314844426084103,114788,1.000000,0.043755232479,0
5357,A,1791314844426472538,110161,1.000000,0.043755232479,0
5358,A,1791314844426861473,111894,1.000000,0.043755232479,0
5359,A,1791314844427249128,110998,1.000000,0.043755232479,0
5360,A,1791314844427636913,109851,1.000000,0.043755232479,0
5361,A,1791314844428023538,109114,1.000000,0.043755232479,0
5362,A,1791314844428410202,111327,1.000000,0.043755232479,0
5363,A,1791314844428805197,119090,1.000000,0.043755232479,0
5364,A,1791314844429194862,111923,1.000000,0.043755232479,0
5365,A,1791314844429579917,109157,1.000000,0.043755232479,0
5366,A,1791314844429965122,109890,1.000000,0.043755232479,0
5367,A,1791314844430352457,111553,1.000000,0.043755232479,0
5368,A,1791314844430741081,111166,1.000000,0.043755232479,0
5369,A,1791314844431129416,112919,1.000000,0.043755232479,0
5370,A,1791314844431518211,111392,1.000000,0.043755232479,1
5371,B,1791314846374007329,422075,1.000000,0.117768731071,1
5372,A,1791314847435421775,482603,1.000000,0.043755232479,0
5373,A,1791314847436265354,414457,1.000000,0.043755232479,0
5374,A,1791314847437058663,421813,1.000000,0.043755232479,0
5375,A,1791314847437685385,297822,1.000000,0.043755232479,0
5376,A,1791314847438166818,168065,1.000000,0.043755232479,0
5377,A,1791314847438593493,136762,1.000000,0.043755232479,0
5378,A,1791314847439007017,133549,1.000000,0.043755232479,0
5379,A,1791314847439419122,134707,1.000000,0.043755232479,0
5380,A,1791314847439828986,131914,1.000000,0.043755232479,0
5381,A,1791314847440239781,133633,1.000000,0.043755232479,0
5382,A,1791314847440647076,131291,1.000000,0.043755232479,0
5383,A,1791314847441057220,130198,1.000000,0.043755232479,0
5384,A,1791314847441449335,114326,1.000000,0.043755232479,0
5385,A,1791314847441848550,121154,1.000000,0.043755232479,0
5386,A,1791314847442244714,110822,1.000000,0.043755232479,0
5387,A,1791314847442634509,111110,1.000000,0.043755232479,0
5388,A,1791314847443022104,109638,1.000000,0.043755232479,0
5389,A,1791314847443408409,110747,1.000000,0.043755232479,1
5390,B,1791314849377950462,297423,1.000000,0.117768731071,0
5391,B,1791314849378537204,275676,1.000000,0.117768731071,0
5392,B,1791314849379055747,225690,1.000000,0.117768731071,0
5393,B,1791314849379466002,223636,1.000000,0.117768731071,0
5394,B,1791314849379734488,102781,1.000000,0.117768731071,1
5395,A,1791314850445521166,504912,1.000000,0.043755232479,0
5396,A,1791314850446312796,326225,1.000000,0.043755232479,0
5397,A,1791314850447064866,297028,1.000000,0.043755232479,0
5398,A,1791314850447652688,285065,1.000000,0.043755232479,0
5399,A,1791314850448223170,273953,1.000000,0.043755232479,0
5400,A,1791314850448670924,142202,1.000000,0.043755232479,0
5401,A,1791314850449101289,138373,1.000000,0.043755232479,0
5402,A,1791314850449521323,139554,1.000000,0.043755232479,0
5403,A,1791314850449915648,117726,1.000000,0.043755232479,0
5404,A,1791314850450307283,117147,1.000000,0.043755232479,1
5405,B,1791314852383440137,371567,1.000000,0.117768731071,0
5406,B,1791314852384230126,340921,1.000000,0.117768731071,0
5407,B,1791314852385008396,330445,1.000000,0.117768731071,0
5408,B,1791314852385421040,215739,1.000000,0.117768731071,0
5409,B,1791314852385812615,214052,1.000000,0.117768731071,0
5410,B,1791314852386045152,68975,1.000000,0.117768731071,0
5411,B,1791314852386244199,61025,1.000000,0.117768731071,0
5412,B,1791314852386447907,74747,1.000000,0.117768731071,0
5413,B,1791314852386631924,56988,1.000000,0.117768731071,0
5414,B,1791314852386816782,55849,1.000000,0.117768731071,0
5415,B,1791314852387001189,54480,1.000000,0.117768731071,0
5416,B,1791314852387166747,55851,1.000000,0.117768731071,0
5417,B,1791314852387332055,54832,1.000000,0.117768731071,0
5418,B,1791314852387497673,54563,1.000000,0.117768731071,0
5419,B,1791314852387657691,52764,1.000000,0.117768731071,1
5420,A,1791314853453304242,273801,1.000000,0.043755232479,0
5421,A,1791314853453924083,201427,1.000000,0.043755232479,0
5422,A,1791314853454440677,189380,1.000000,0.043755232479,0
5423,A,1791314853454935160,180683,1.000000,0.043755232479,0
5424,A,1791314853455385364,148137,1.000000,0.043755232479,0
5425,A,1791314853455812858,131561,1.000000,0.043755232479,0
5426,A,1791314853456228983,131248,1.000000,0.043755232479,0
5427,A,1791314853456639377,129463,1.000000,0.043755232479,0
5428,A,1791314853457047652,126099,1.000000,0.043755232479,0
5429,A,1791314853457464966,129355,1.000000,0.043755232479,0
5430,A,1791314853457857241,112181,1.000000,0.043755232479,0
5431,A,1791314853458273046,126498,1.000000,0.043755232479,0
5432,A,1791314853458662921,112384,1.000000,0.043755232479,0
5433,A,1791314853459055055,111500,1.000000,0.043755232479,0
5434,A,1791314853459442440,111857,1.000000,0.043755232479,0
5435,A,1791314853459834895,112384,1.000000,0.043755232479,0
5436,A,1791314853460228900,114131,1.000000,0.043755232479,0
5437,A,1791314853460618715,110838,1.000000,0.043755232479,0
5438,A,1791314853461011040,111174,1.000000,0.043755232479,0
5439,A,1791314853461400734,110710,1.000000,0.043755232479,0
5440,A,1791314853461791699,110407,1.000000,0.043755232479,0
5441,A,1791314853462184404,113844,1.000000,0.043755232479,0
5442,A,1791314853462575509,111261,1.000000,0.043755232479,0
5443,A,1791314853462961454,110708,1.000000,0.043755232479,0
5444,A,1791314853463349949,111625,1.000000,0.043755232479,0
5445,A,1791314853463736454,111082,1.000000,0.043755232479,0
5446,A,1791314853464124318,111837,1.000000,0.043755232479,0
5447,A,1791314853464531673,121634,1.000000,0.043755232479,0
5448,A,1791314853464925188,113641,1.000000,0.043755232479,0
5449,A,1791314853465315863,112608,1.000000,0.043755232479,0
5450,A,1791314853465707197,112223,1.000000,0.043755232479,0
5451,A,1791314853466095182,110010,1.000000,0.043755232479,0
5452,A,1791314853466495447,120487,1.000000,0.043755232479,0
5453,A,1791314853466886362,113014,1.000000,0.043755232479,0
5454,A,1791314853467276707,111151,1.000000,0.043755232479,0
5455,A,1791314853467663892,110588,1.000000,0.043755232479,0
5456,A,1791314853468058886,111523,1.000000,0.043755232479,0
5457,A,1791314853468444891,109060,1.000000,0.043755232479,0
5458,A,1791314853468835006,111687,1.000000,0.043755232479,1
5459,B,1791314855391289105,348450,1.000000,0.117768731071,0
5460,B,1791314855392039455,302038,1.000000,0.117768731071,0
5461,B,1791314855392459689,100530,1.000000,0.117768731071,1
5462,A,1791314856472640444,426510,1.000000,0.043755232479,0
5463,A,1791314856473464773,379669,1.000000,0.043755232479,0
5464,A,1791314856474203183,301219,1.000000,0.043755232479,0
5465,A,1791314856474816875,278113,1.000000,0.043755232479,0
5466,A,1791314856475410797,277737,1.000000,0.043755232479,0
5467,A,1791314856475872911,145184,1.000000,0.043755232479,0
5468,A,1791314856476299316,126294,1.000000,0.043755232479,0
5469,A,1791314856476723380,130693,1.000000,0.043755232479,0
5470,A,1791314856477151424,131271,1.000000,0.043755232479,0
5471,A,1791314856477560909,123791,1.000000,0.043755232479,0
5472,A,1791314856477984843,131690,1.000000,0.043755232479,0
5473,A,1791314856478393378,122510,1.000000,0.043755232479,0
5474,A,1791314856478800493,125020,1.000000,0.043755232479,0
5475,A,1791314856479196047,109829,1.000000,0.043755232479,0
5476,A,1791314856479596392,112909,1.000000,0.043755232479,0
5477,A,1791314856479994177,109749,1.000000,0.043755232479,0
5478,A,1791314856480389802,110270,1.000000,0.043755232479,0
5479,A,1791314856480785286,110109,1.000000,0.043755232479,0
5480,A,1791314856481189581,118819,1.000000,0.043755232479,0
5481,A,1791314856481582056,108389,1.000000,0.043755232479,0
5482,A,1791314856481971411,107339,1.000000,0.043755232479,0
5483,A,1791314856482360925,105549,1.000000,0.043755232479,0
5484,A,1791314856482748260,106549,1.000000,0.043755232479,0
5485,A,1791314856483152765,110419,1.000000,0.043755232479,0
5486,A,1791314856483549580,109749,1.000000,0.043755232479,0
5487,A,1791314856483954684,118828,1.000000,0.043755232479,0
5488,A,1791314856484346719,109488,1.000000,0.043755232479,0
5489,A,1791314856484738994,109308,1.000000,0.043755232479,0
5490,A,1791314856485128189,107179,1.000000,0.043755232479,0
5491,A,1791314856485519124,105439,1.000000,0.043755232479,0
5492,A,1791314856485907859,104279,1.000000,0.043755232479,0
5493,A,1791314856486297353,104088,1.000000,0.043755232479,0
5494,A,1791314856486688738,106499,1.000000,0.043755232479,0
5495,A,1791314856487075883,103799,1.000000,0.043755232479,0
5496,A,1791314856487464368,105539,1.000000,0.043755232479,0
5497,A,1791314856487851853,103839,1.000000,0.043755232479,0
5498,A,1791314856488238138,104230,1.000000,0.043755232479,0
5499,A,1791314856488621023,102220,1.000000,0.043755232479,0
5500,A,1791314856489012857,108129,1.000000,0.043755232479,0
5501,A,1791314856489404732,108060,1.000000,0.043755232479,0
5502,A,1791314856489799587,107090,1.000000,0.043755232479,0
5503,A,1791314856490188172,107560,1.000000,0.043755232479,0
5504,A,1791314856490576587,106520,1.000000,0.043755232479,0
5505,A,1791314856490965182,105570,1.000000,0.043755232479,0
5506,A,1791314856491351567,106091,1.000000,0.043755232479,0
5507,A,1791314856491739861,106810,1.000000,0.043755232479,0
5508,A,1791314856492130886,107640,1.000000,0.043755232479,0
5509,A,1791314856492526151,111090,1.000000,0.043755232479,0
5510,A,1791314856492918896,109920,1.000000,0.043755232479,0
5511,A,1791314856493308851,107851,1.000000,0.043755232479,0
5512,A,1791314856493698045,106880,1.000000,0.043755232479,0
5513,A,1791314856494087210,107700,1.000000,0.043755232479,0
5514,A,1791314856494473025,105540,1.000000,0.043755232479,0
5515,A,1791314856494864650,107811,1.000000,0.043755232479,0
5516,A,1791314856495266295,120161,1.000000,0.043755232479,0
5517,A,1791314856495654240,106631,1.000000,0.043755232479,0
5518,A,1791314856496050474,106080,1.000000,0.043755232479,0
5519,A,1791314856496440349,108771,1.000000,0.043755232479,0
5520,A,1791314856496842544,120171,1.000000,0.043755232479,0
5521,A,1791314856497231099,106901,1.000000,0.043755232479,1
5522,B,1791314858396167959,355486,1.000000,0.117768731071,0
5523,B,1791314858396960188,332061,1.000000,0.117768731071,0
5524,B,1791314858397549750,239097,1.000000,0.117768731071,1
5525,A,1791314859501013150,407458,1.000000,0.043755232479,0
5526,A,1791314859501702161,280296,1.000000,0.043755232479,0
5527,A,1791314859502306093,273778,1.000000,0.043755232479,0
5528,A,1791314859502891975,266030,1.000000,0.043755232479,0
5529,A,1791314859503349649,139435,1.000000,0.043755232479,0
5530,A,1791314859503787903,132562,1.000000,0.043755232479,0
5531,A,1791314859504205727,117169,1.000000,0.043755232479,0
5532,A,1791314859504623872,116207,1.000000,0.043755232479,0
5533,A,1791314859505033406,115374,1.000000,0.043755232479,0
5534,A,1791314859505464731,133063,1.000000,0.043755232479,0
5535,A,1791314859505873125,115590,1.000000,0.043755232479,0
5536,A,1791314859506267210,99958,1.000000,0.043755232479,0
5537,A,1791314859506661775,102537,1.000000,0.043755232479,0
5538,A,1791314859507052780,99545,1.000000,0.043755232479,0
5539,A,1791314859507458394,116233,1.000000,0.043755232479,1
5540,B,1791314861401200629,259158,1.000000,0.117768731071,0
5541,B,1791314861401953599,315182,1.000000,0.117768731071,0
5542,B,1791314861402572710,248377,1.000000,0.117768731071,0
5543,B,1791314861402846887,65227,1.000000,0.117768731071,0
5544,B,1791314861403094903,65274,1.000000,0.117768731071,0
5545,B,1791314861403325240,44853,1.000000,0.117768731071,0
5546,B,1791314861403513958,37242,1.000000,0.117768731071,0
5547,B,1791314861403694306,33462,1.000000,0.117768731071,0
5548,B,1791314861403877983,32550,1.000000,0.117768731071,0
5549,B,1791314861404055131,32539,1.000000,0.117768731071,0
5550,B,1791314861404233568,33827,1.000000,0.117768731071,0
5551,B,1791314861404398826,32506,1.000000,0.117768731071,0
5552,B,1791314861404562574,31484,1.000000,0.117768731071,0
5553,B,1791314861404722622,30273,1.000000,0.117768731071,1
5554,A,1791314862509485283,464700,1.000000,0.043755232479,0
5555,A,1791314862510259983,313218,1.000000,0.043755232479,0
5556,A,1791314862510960643,280259,1.000000,0.043755232479,0
5557,A,1791314862511555695,270964,1.000000,0.043755232479,1
5558,B,1791314864408340720,316238,1.000000,0.117768731071,1
5559,B,1791314867412323187,371335,1.000000,0.117768731071,0
5560,B,1791314867413113306,337237,1.000000,0.117768731071,0
5561,B,1791314867413923176,341071,1.000000,0.117768731071,0
5562,B,1791314867414350920,214246,1.000000,0.117768731071,0
5563,B,1791314867414600757,89805,1.000000,0.117768731071,0
5564,B,1791314867414793994,55752,1.000000,0.117768731071,0
5565,B,1791314867414978322,52021,1.000000,0.117768731071,1
