count_idx,delay_ns,delay_physical_ns,final_e2e_via_r2_ns,stage2_link_delay_ns,stage1_delay_ns,ts_r1_ns,ts_r2_ns,ts_r2_on_r1_ns,stage1_recv_r1_ns,stage2_recv_r1_ns,stage2_recv_r2_ns,bits_r1,bits_final,w14,w56,w_final_raw,werner_intermediate,werner_final,state_after_stage1_peer_id,state_final_peer_id
51,476990,476990,476990,189080,162259,1783334485171920037,1783334485172207947,1783334485172207947,1783334485172082296,1783334485172397027,1783334485172397027,1,2,1.000000000000,1.000000000000,1.000000000000,0.722875695770,0.385204853188,3,4
52,469267,469267,469267,181312,153905,1783334485172046388,1783334485172334343,1783334485172334343,1783334485172200293,1783334485172515655,1783334485172515655,3,3,1.000000000000,1.000000000000,1.000000000000,0.735054965186,0.391200915730,3,4
53,475321,475321,475321,188490,155041,1783334485172168479,1783334485172455310,1783334485172455310,1783334485172323520,1783334485172643800,1783334485172643800,2,3,1.000000000000,1.000000000000,1.000000000000,0.733386816040,0.386492815401,3,4
54,486909,486909,486909,186302,167318,1783334485172289399,1783334485172590006,1783334485172590006,1783334485172456717,1783334485172776308,1783334485172776308,2,1,1.000000000000,1.000000000000,1.000000000000,0.715598516811,0.377638458521,3,4
55,466714,466714,466714,179241,155023,1783334485172403220,1783334485172690693,1783334485172690693,1783334485172558243,1783334485172869934,1783334485172869934,2,1,1.000000000000,1.000000000000,1.000000000000,0.733413218440,0.393203495842,3,4
56,472871,472871,472871,186412,161008,1783334485172521971,1783334485172808430,1783334485172808430,1783334485172682979,1783334485172994842,1783334485172994842,3,0,1.000000000000,1.000000000000,1.000000000000,0.724686595252,0.388391277630,3,4
57,472665,472665,472665,186791,160114,1783334485172640642,1783334485172926516,1783334485172926516,1783334485172800756,1783334485173113307,1783334485173113307,3,1,1.000000000000,1.000000000000,1.000000000000,0.725983493966,0.388551327805,3,4
58,463761,463761,463761,178751,153821,1783334485172758403,1783334485173043413,1783334485173043413,1783334485172912224,1783334485173222164,1783334485173222164,2,0,1.000000000000,1.000000000000,1.000000000000,0.735178464793,0.395532626842,3,4
59,466608,466608,466608,181232,157945,1783334485172876024,1783334485173161400,1783334485173161400,1783334485173033969,1783334485173342632,1783334485173342632,0,3,1.000000000000,1.000000000000,1.000000000000,0.729139651118,0.393286863820,3,4
60,467194,467194,467194,180712,156882,1783334485172993544,1783334485173280026,1783334485173280026,1783334485173150426,1783334485173460738,1783334485173460738,2,0,1.000000000000,1.000000000000,1.000000000000,0.730691450995,0.392826201617,3,4
61,467499,467499,467499,180201,153999,1783334485173116235,1783334485173403533,1783334485173403533,1783334485173270234,1783334485173583734,1783334485173583734,0,3,1.000000000000,1.000000000000,1.000000000000,0.734916787841,0.392586650704,3,4
62,465846,465846,465846,178963,160983,1783334485173236416,1783334485173523299,1783334485173523299,1783334485173397399,1783334485173702262,1783334485173702262,1,1,1.000000000000,1.000000000000,1.000000000000,0.724722830487,0.393886689952,3,4
63,474821,474821,474821,185701,156461,1783334485173355946,1783334485173645066,1783334485173645066,1783334485173512407,1783334485173830767,1783334485173830767,1,3,1.000000000000,1.000000000000,1.000000000000,0.731306952287,0.386879501527,3,4
64,465827,465827,465827,179192,155176,1783334485173476437,1783334485173763072,1783334485173763072,1783334485173631613,1783334485173942264,1783334485173942264,1,1,1.000000000000,1.000000000000,1.000000000000,0.733188828329,0.393901657931,3,4
65,461833,461833,461833,177553,152821,1783334485173597479,1783334485173881759,1783334485173881759,1783334485173750300,1783334485174059312,1783334485174059312,0,0,1.000000000000,1.000000000000,1.000000000000,0.736650293061,0.397060744970,3,4
66,471849,471849,471849,185262,157138,1783334485173714439,1783334485174001026,1783334485174001026,1783334485173871577,1783334485174186288,1783334485174186288,1,0,1.000000000000,1.000000000000,1.000000000000,0.730317432729,0.389185961292,3,4
67,464625,464625,464625,179053,154723,1783334485173833100,1783334485174118672,1783334485174118672,1783334485173987823,1783334485174297725,1783334485174297725,3,0,1.000000000000,1.000000000000,1.000000000000,0.733853398412,0.394849736650,3,4
68,480800,480800,480800,193462,153979,1783334485173950741,1783334485174238079,1783334485174238079,1783334485174104720,1783334485174431541,1783334485174431541,0,0,1.000000000000,1.000000000000,1.000000000000,0.734946185101,0.382280747199,3,4
69,468617,468617,468617,182333,156046,1783334485174073681,1783334485174359965,1783334485174359965,1783334485174229727,1783334485174542298,1783334485174542298,1,2,1.000000000000,1.000000000000,1.000000000000,0.731914189025,0.391709807629,3,4
70,463593,463593,463593,177513,154462,1783334485174193122,1783334485174479202,1783334485174479202,1783334485174347584,1783334485174656715,1783334485174656715,2,2,1.000000000000,1.000000000000,1.000000000000,0.734236569885,0.395665548135,3,4
71,466139,466139,466139,177604,156076,1783334485174316273,1783334485174604808,1783334485174604808,1783334485174472349,1783334485174782412,1783334485174782412,1,0,1.000000000000,1.000000000000,1.000000000000,0.731870275491,0.393655939968,3,4
72,465973,465973,465973,179232,155282,1783334485174436624,1783334485174723365,1783334485174723365,1783334485174591906,1783334485174902597,1783334485174902597,0,0,1.000000000000,1.000000000000,1.000000000000,0.733033408772,0.393786655438,3,4
73,475230,475230,475230,185453,153619,1783334485174556035,1783334485174845812,1783334485174845812,1783334485174709654,1783334485175031265,1783334485175031265,1,2,1.000000000000,1.000000000000,1.000000000000,0.735475536898,0.386563163495,3,4
74,464805,464805,464805,178952,154024,1783334485174675286,1783334485174961139,1783334485174961139,1783334485174829310,1783334485175140091,1783334485175140091,3,2,1.000000000000,1.000000000000,1.000000000000,0.734880042920,0.394707616328,3,4
75,463361,463361,463361,177541,154001,1783334485174793266,1783334485175079086,1783334485175079086,1783334485174947267,1783334485175256627,1783334485175256627,1,1,1.000000000000,1.000000000000,1.000000000000,0.734913848180,0.395849179548,3,4
76,463458,463458,463458,177633,159447,1783334485174913977,1783334485175199802,1783334485175199802,1783334485175073424,1783334485175377435,1783334485175377435,3,0,1.000000000000,1.000000000000,1.000000000000,0.726952602198,0.395772392256,3,4
77,467414,467414,467414,180193,153322,1783334485175033018,1783334485175320239,1783334485175320239,1783334485175186340,1783334485175500432,1783334485175500432,2,1,1.000000000000,1.000000000000,1.000000000000,0.735912539143,0.392653396108,3,4
78,476680,476680,476680,188353,154318,1783334485175156708,1783334485175445035,1783334485175445035,1783334485175311026,1783334485175633388,1783334485175633388,2,0,1.000000000000,1.000000000000,1.000000000000,0.734448060470,0.385443754248,3,4
79,476686,476686,476686,185903,155775,1783334485175275639,1783334485175566422,1783334485175566422,1783334485175431414,1783334485175752325,1783334485175752325,1,0,1.000000000000,1.000000000000,1.000000000000,0.732310994040,0.385439128951,3,4
80,468821,468821,468821,179743,154619,1783334485175396120,1783334485175685198,1783334485175685198,1783334485175550739,1783334485175864941,1783334485175864941,2,2,1.000000000000,1.000000000000,1.000000000000,0.734006055795,0.391550022626,3,4
81,471326,471326,471326,185702,160266,1783334485175515561,1783334485175801185,1783334485175801185,1783334485175675827,1783334485175986887,1783334485175986887,3,0,1.000000000000,1.000000000000,1.000000000000,0.725762828527,0.389593262789,3,4
82,473032,473032,473032,179602,163611,1783334485175633212,1783334485175926642,1783334485175926642,1783334485175796823,1783334485176106244,1783334485176106244,3,0,1.000000000000,1.000000000000,1.000000000000,0.720923680203,0.388266235772,3,4
83,463890,463890,463890,178734,157378,1783334485175746662,1783334485176031818,1783334485176031818,1783334485175904040,1783334485176210552,1783334485176210552,2,0,1.000000000000,1.000000000000,1.000000000000,0.729966964481,0.395430592588,3,4
84,460325,460325,460325,174923,161504,1783334485175864413,1783334485176149815,1783334485176149815,1783334485176025917,1783334485176324738,1783334485176324738,1,0,1.000000000000,1.000000000000,1.000000000000,0.723968062600,0.398260087877,3,4
85,466551,466551,466551,180393,154140,1783334485175983094,1783334485176269252,1783334485176269252,1783334485176137234,1783334485176449645,1783334485176449645,1,2,1.000000000000,1.000000000000,1.000000000000,0.734709570526,0.393331701078,3,4
86,468756,468756,468756,180642,155505,1783334485176107874,1783334485176395988,1783334485176395988,1783334485176263379,1783334485176576630,1783334485176576630,0,2,1.000000000000,1.000000000000,1.000000000000,0.732706548767,0.391600927437,3,4
87,464142,464142,464142,178623,161791,1783334485176230816,1783334485176516335,1783334485176516335,1783334485176392607,1783334485176694958,1783334485176694958,1,1,1.000000000000,1.000000000000,1.000000000000,0.723552624175,0.395231345783,3,4
88,479286,479286,479286,188722,157415,1783334485176352837,1783334485176643401,1783334485176643401,1783334485176510252,1783334485176832123,1783334485176832123,2,3,1.000000000000,1.000000000000,1.000000000000,0.729912948924,0.383440047597,3,4
89,470034,470034,470034,181923,155323,1783334485176473317,1783334485176761428,1783334485176761428,1783334485176628640,1783334485176943351,1783334485176943351,3,0,1.000000000000,1.000000000000,1.000000000000,0.732973302497,0.390601273569,3,4
90,463189,463189,463189,177523,153329,1783334485176592328,1783334485176877994,1783334485176877994,1783334485176745657,1783334485177055517,1783334485177055517,1,0,1.000000000000,1.000000000000,1.000000000000,0.735902236440,0.395985375090,3,4
91,464625,464625,464625,177863,162333,1783334485176709909,1783334485176996671,1783334485176996671,1783334485176872242,1783334485177174534,1783334485177174534,2,1,1.000000000000,1.000000000000,1.000000000000,0.722768718084,0.394849736650,3,4
92,463902,463902,463902,178054,154580,1783334485176828839,1783334485177114687,1783334485177114687,1783334485176983419,1783334485177292741,1783334485177292741,1,3,1.000000000000,1.000000000000,1.000000000000,0.734063310500,0.395421102367,3,4
93,465587,465587,465587,179903,154107,1783334485176949140,1783334485177234824,1783334485177234824,1783334485177103247,1783334485177414727,1783334485177414727,1,1,1.000000000000,1.000000000000,1.000000000000,0.734758062958,0.394090776111,3,4
94,465102,465102,465102,178613,156491,1783334485177077181,1783334485177363670,1783334485177363670,1783334485177233672,1783334485177542283,1783334485177542283,2,0,1.000000000000,1.000000000000,1.000000000000,0.731263075186,0.394473229624,3,4
95,473988,473988,473988,185123,154088,1783334485177194872,1783334485177483737,1783334485177483737,1783334485177348960,1783334485177668860,1783334485177668860,2,2,1.000000000000,1.000000000000,1.000000000000,0.734785984295,0.387524579978,3,4
96,486424,486424,486424,192024,153414,1783334485177312483,1783334485177606883,1783334485177606883,1783334485177465897,1783334485177798907,1783334485177798907,1,3,1.000000000000,1.000000000000,1.000000000000,0.735777143693,0.378004945543,3,4
97,462951,462951,462951,177855,154468,1783334485177430134,1783334485177715230,1783334485177715230,1783334485177584602,1783334485177893085,1783334485177893085,3,0,1.000000000000,1.000000000000,1.000000000000,0.734227759099,0.396173908996,3,4
98,466077,466077,466077,181193,160335,1783334485177547704,1783334485177832588,1783334485177832588,1783334485177708039,1783334485178013781,1783334485178013781,1,3,1.000000000000,1.000000000000,1.000000000000,0.725662680167,0.393704756331,3,4
99,463472,463472,463472,177403,163740,1783334485177665415,1783334485177951484,1783334485177951484,1783334485177829155,1783334485178128887,1783334485178128887,3,0,1.000000000000,1.000000000000,1.000000000000,0.720737705886,0.395761310784,3,4
100,464848,464848,464848,177933,154867,1783334485177788216,1783334485178075131,1783334485178075131,1783334485177943083,1783334485178253064,1783334485178253064,0,1,1.000000000000,1.000000000000,1.000000000000,0.733642079065,0.394673672933,3,4
101,467175,467175,467175,181004,154673,1783334485177909056,1783334485178195227,1783334485178195227,1783334485178063729,1783334485178376231,1783334485178376231,0,1,1.000000000000,1.000000000000,1.000000000000,0.733926787421,0.392841129296,3,4
102,466829,466829,466829,180453,154129,1783334485178027908,1783334485178314284,1783334485178314284,1783334485178182037,1783334485178494737,1783334485178494737,3,0,1.000000000000,1.000000000000,1.000000000000,0.734725734314,0.393113069438,3,4
103,466484,466484,466484,179763,154044,1783334485178152949,1783334485178439670,1783334485178439670,1783334485178306993,1783334485178619433,1783334485178619433,2,3,1.000000000000,1.000000000000,1.000000000000,0.734850648307,0.393384411058,3,4
104,466811,466811,466811,179343,159811,1783334485178272099,1783334485178559567,1783334485178559567,1783334485178431910,1783334485178738910,1783334485178738910,3,2,1.000000000000,1.000000000000,1.000000000000,0.726423573294,0.393127221763,3,4
105,465748,465748,465748,178444,153605,1783334485178390050,1783334485178677354,1783334485178677354,1783334485178543655,1783334485178855798,1783334485178855798,0,0,1.000000000000,1.000000000000,1.000000000000,0.735496130501,0.393963899310,3,4
106,463753,463753,463753,178024,153631,1783334485178507541,1783334485178793270,1783334485178793270,1783334485178661172,1783334485178971294,1783334485178971294,3,2,1.000000000000,1.000000000000,1.000000000000,0.735457885697,0.395538955415,3,4
107,465390,465390,465390,179014,154588,1783334485178625281,1783334485178911657,1783334485178911657,1783334485178779869,1783334485179090671,1783334485179090671,1,0,1.000000000000,1.000000000000,1.000000000000,0.734051565581,0.394246078470,3,4
108,464715,464715,464715,178114,154234,1783334485178745822,1783334485179032423,1783334485179032423,1783334485178900056,1783334485179210537,1783334485179210537,1,1,1.000000000000,1.000000000000,1.000000000000,0.734571458110,0.394778670094,3,4
109,464470,464470,464470,178283,154539,1783334485178866083,1783334485179152270,1783334485179152270,1783334485179020622,1783334485179330553,1783334485179330553,0,3,1.000000000000,1.000000000000,1.000000000000,0.734123506160,0.394972159043,3,4
110,473886,473886,473886,180554,163665,1783334485178991224,1783334485179284556,1783334485179284556,1783334485179154889,1783334485179465110,1783334485179465110,3,2,1.000000000000,1.000000000000,1.000000000000,0.720845824650,0.387603643056,3,4
111,469613,469613,469613,178305,154081,1783334485179104945,1783334485179396253,1783334485179396253,1783334485179259026,1783334485179574558,1783334485179574558,1,2,1.000000000000,1.000000000000,1.000000000000,0.734796271371,0.390930298341,3,4
112,465088,465088,465088,178673,155528,1783334485179223995,1783334485179510410,1783334485179510410,1783334485179379523,1783334485179689083,1783334485179689083,0,2,1.000000000000,1.000000000000,1.000000000000,0.732672845041,0.394484275029,3,4
113,469044,469044,469044,179734,155364,1783334485179343296,1783334485179632606,1783334485179632606,1783334485179498660,1783334485179812340,1783334485179812340,2,1,1.000000000000,1.000000000000,1.000000000000,0.732913201151,0.391375430253,3,4
114,466291,466291,466291,178415,155408,1783334485179462197,1783334485179750073,1783334485179750073,1783334485179617605,1783334485179928488,1783334485179928488,2,1,1.000000000000,1.000000000000,1.000000000000,0.732848707627,0.393536286751,3,4
115,465116,465116,465116,178354,159905,1783334485179580057,1783334485179866819,1783334485179866819,1783334485179739962,1783334485180045173,1783334485180045173,1,0,1.000000000000,1.000000000000,1.000000000000,0.726287018499,0.394462184528,3,4
116,466553,466553,466553,179315,154922,1783334485179699148,1783334485179986386,1783334485179986386,1783334485179854070,1783334485180165701,1783334485180165701,2,0,1.000000000000,1.000000000000,1.000000000000,0.733561382875,0.393330127755,3,4
117,466458,466458,466458,179456,154366,1783334485179819760,1783334485180106762,1783334485180106762,1783334485179974126,1783334485180286218,1783334485180286218,2,0,1.000000000000,1.000000000000,1.000000000000,0.734377556841,0.393404867579,3,4
118,468963,468963,468963,181864,153603,1783334485179940360,1783334485180227459,1783334485180227459,1783334485180093963,1783334485180409323,1783334485180409323,0,2,1.000000000000,1.000000000000,1.000000000000,0.735499072491,0.391438838208,3,4
119,464810,464810,464810,178795,154608,1783334485180058321,1783334485180344336,1783334485180344336,1783334485180212929,1783334485180523131,1783334485180523131,3,0,1.000000000000,1.000000000000,1.000000000000,0.734022204106,0.394703669272,3,4
120,466236,466236,466236,178516,155104,1783334485180182832,1783334485180470552,1783334485180470552,1783334485180337936,1783334485180649068,1783334485180649068,3,2,1.000000000000,1.000000000000,1.000000000000,0.733294415122,0.393579578123,3,4
121,470311,470311,470311,176575,155991,1783334485180302462,1783334485180596198,1783334485180596198,1783334485180458453,1783334485180772773,1783334485180772773,3,3,1.000000000000,1.000000000000,1.000000000000,0.731994704014,0.390384940393,3,4
122,466707,466707,466707,180015,154127,1783334485180422083,1783334485180708775,1783334485180708775,1783334485180576210,1783334485180888790,1783334485180888790,1,0,1.000000000000,1.000000000000,1.000000000000,0.734728673223,0.393209000730,3,4
123,468322,468322,468322,180053,154922,1783334485180540404,1783334485180828673,1783334485180828673,1783334485180695326,1783334485181008726,1783334485181008726,3,0,1.000000000000,1.000000000000,1.000000000000,0.733561382875,0.391940984606,3,4
124,470970,470970,470970,182935,157508,1783334485180661644,1783334485180949679,1783334485180949679,1783334485180819152,1783334485181132614,1783334485181132614,2,0,1.000000000000,1.000000000000,1.000000000000,0.729777197740,0.389870751966,3,4
125,465284,465284,465284,178524,154463,1783334485180782756,1783334485181069516,1783334485181069516,1783334485180937219,1783334485181248040,1783334485181248040,2,1,1.000000000000,1.000000000000,1.000000000000,0.734235101413,0.394329667498,3,4
126,465180,465180,465180,179704,153578,1783334485180901767,1783334485181187243,1783334485181187243,1783334485181055345,1783334485181366947,1783334485181366947,0,1,1.000000000000,1.000000000000,1.000000000000,0.735535848364,0.394411696600,3,4
127,466367,466367,466367,180285,153445,1783334485181023677,1783334485181309759,1783334485181309759,1783334485181177122,1783334485181490044,1783334485181490044,2,0,1.000000000000,1.000000000000,1.000000000000,0.735731526924,0.393476473781,3,4
128,464122,464122,464122,177504,155010,1783334485181140748,1783334485181427366,1783334485181427366,1783334485181295758,1783334485181604870,1783334485181604870,2,2,1.000000000000,1.000000000000,1.000000000000,0.733432287432,0.395247155354,3,4
129,465978,465978,465978,178805,157907,1783334485181266759,1783334485181553932,1783334485181553932,1783334485181424666,1783334485181732737,1783334485181732737,1,3,1.000000000000,1.000000000000,1.000000000000,0.729195067837,0.393782717591,3,4
130,468264,468264,468264,180044,155844,1783334485181388379,1783334485181676599,1783334485181676599,1783334485181544223,1783334485181856643,1783334485181856643,1,3,1.000000000000,1.000000000000,1.000000000000,0.732209942096,0.391986452397,3,4
131,467010,467010,467010,178215,157548,1783334485181510660,1783334485181799455,1783334485181799455,1783334485181668208,1783334485181977670,1783334485181977670,1,2,1.000000000000,1.000000000000,1.000000000000,0.729718817900,0.392970788261,3,4
132,464304,464304,464304,177294,155133,1783334485181634052,1783334485181921062,1783334485181921062,1783334485181789185,1783334485182098356,1783334485182098356,2,0,1.000000000000,1.000000000000,1.000000000000,0.733251885280,0.395103311570,3,4
133,464182,464182,464182,177876,154390,1783334485181757502,1783334485182043808,1783334485182043808,1783334485181911892,1783334485182221684,1783334485182221684,2,3,1.000000000000,1.000000000000,1.000000000000,0.734342307564,0.395199728541,3,4
134,466577,466577,466577,180675,154066,1783334485181878863,1783334485182164765,1783334485182164765,1783334485182032929,1783334485182345440,1783334485182345440,1,1,1.000000000000,1.000000000000,1.000000000000,0.734818315589,0.393311248362,3,4
135,472633,472633,472633,179836,153870,1783334485182001584,1783334485182294381,1783334485182294381,1783334485182155454,1783334485182474217,1783334485182474217,2,0,1.000000000000,1.000000000000,1.000000000000,0.735106420834,0.388576195885,3,4
136,464168,464168,464168,177955,154097,1783334485182126074,1783334485182412287,1783334485182412287,1783334485182280171,1783334485182590242,1783334485182590242,2,0,1.000000000000,1.000000000000,1.000000000000,0.734772758266,0.395210794288,3,4
137,466095,466095,466095,178306,156173,1783334485182244655,1783334485182532444,1783334485182532444,1783334485182400828,1783334485182710750,1783334485182710750,2,1,1.000000000000,1.000000000000,1.000000000000,0.731728306429,0.393690583215,3,4
138,485940,485940,485940,189136,166249,1783334485182371686,1783334485182668490,1783334485182668490,1783334485182537935,1783334485182857626,1783334485182857626,0,1,1.000000000000,1.000000000000,1.000000000000,0.717130103123,0.378371031488,3,4
139,466036,466036,466036,180215,153325,1783334485182486676,1783334485182772497,1783334485182772497,1783334485182640001,1783334485182952712,1783334485182952712,0,3,1.000000000000,1.000000000000,1.000000000000,0.735908123681,0.393737041445,3,4
140,465821,465821,465821,178895,154970,1783334485182604768,1783334485182891694,1783334485182891694,1783334485182759738,1783334485183070589,1783334485183070589,0,0,1.000000000000,1.000000000000,1.000000000000,0.733490964362,0.393906384779,3,4
141,465568,465568,465568,179647,161336,1783334485182727369,1783334485183013290,1783334485183013290,1783334485182888705,1783334485183192937,1783334485183192937,3,1,1.000000000000,1.000000000000,1.000000000000,0.724211356740,0.394105751845,3,4
142,463573,463573,463573,177165,155142,1783334485182847769,1783334485183134177,1783334485183134177,1783334485183002911,1783334485183311342,1783334485183311342,0,2,1.000000000000,1.000000000000,1.000000000000,0.733238686864,0.395681375073,3,4
143,469269,469269,469269,180356,153238,1783334485182967290,1783334485183256203,1783334485183256203,1783334485183120528,1783334485183436559,1783334485183436559,0,3,1.000000000000,1.000000000000,1.000000000000,0.736036182836,0.391199350930,3,4
144,465926,465926,465926,181037,153674,1783334485183084921,1783334485183369810,1783334485183369810,1783334485183238595,1783334485183550847,1783334485183550847,3,0,1.000000000000,1.000000000000,1.000000000000,0.735394639038,0.393823673123,3,4
145,462611,462611,462611,177715,155011,1783334485183207181,1783334485183492077,1783334485183492077,1783334485183362192,1783334485183669792,1783334485183669792,2,3,1.000000000000,1.000000000000,1.000000000000,0.733430820569,0.396443398871,3,4
146,469367,469367,469367,180386,156366,1783334485183325362,1783334485183614343,1783334485183614343,1783334485183481728,1783334485183794729,1783334485183794729,0,0,1.000000000000,1.000000000000,1.000000000000,0.731445913808,0.391122683371,3,4
147,465081,465081,465081,179225,157470,1783334485183446024,1783334485183731880,1783334485183731880,1783334485183603494,1783334485183911105,1783334485183911105,2,3,1.000000000000,1.000000000000,1.000000000000,0.729832662915,0.394489797848,3,4
148,466969,466969,466969,179366,161398,1783334485183569344,1783334485183856947,1783334485183856947,1783334485183730742,1783334485184036313,1783334485184036313,1,1,1.000000000000,1.000000000000,1.000000000000,0.724121560100,0.393003013187,3,4
149,465464,465464,465464,179025,155163,1783334485183689795,1783334485183976234,1783334485183976234,1783334485183844958,1783334485184155259,1783334485184155259,0,2,1.000000000000,1.000000000000,1.000000000000,0.733207891486,0.394187734368,3,4
150,466159,466159,466159,179075,154188,1783334485183811276,1783334485184098360,1783334485184098360,1783334485183965464,1783334485184277435,1783334485184277435,2,0,1.000000000000,1.000000000000,1.000000000000,0.734639041793,0.393640194045,3,4
151,468367,468367,468367,181966,154445,1783334485183933736,1783334485184220137,1783334485184220137,1783334485184088181,1783334485184402103,1783334485184402103,2,3,1.000000000000,1.000000000000,1.000000000000,0.734261534353,0.391905711505,3,4
152,471841,471841,471841,183695,154921,1783334485184051507,1783334485184339653,1783334485184339653,1783334485184206428,1783334485184523348,1783334485184523348,2,2,1.000000000000,1.000000000000,1.000000000000,0.733562849999,0.389192188317,3,4
153,465187,465187,465187,178415,154256,1783334485184174598,1783334485184461370,1783334485184461370,1783334485184328854,1783334485184639785,1783334485184639785,1,3,1.000000000000,1.000000000000,1.000000000000,0.734539137677,0.394406174875,3,4
154,470275,470275,470275,179287,156472,1783334485184295098,1783334485184586086,1783334485184586086,1783334485184451570,1783334485184765373,1783334485184765373,3,1,1.000000000000,1.000000000000,1.000000000000,0.731290863711,0.390413049121,3,4
155,465848,465848,465848,178855,154817,1783334485184417730,1783334485184704723,1783334485184704723,1783334485184572547,1783334485184883578,1783334485184883578,2,3,1.000000000000,1.000000000000,1.000000000000,0.733715446941,0.393885114408,3,4
156,465395,465395,465395,178657,154604,1783334485184536131,1783334485184822869,1783334485184822869,1783334485184690735,1783334485185001526,1783334485185001526,3,2,1.000000000000,1.000000000000,1.000000000000,0.734028076307,0.394242136028,3,4
157,466340,466340,466340,179005,154549,1783334485184662431,1783334485184949766,1783334485184949766,1783334485184816980,1783334485185128771,1783334485185128771,2,3,1.000000000000,1.000000000000,1.000000000000,0.734108823836,0.393497722084,3,4
158,466386,466386,466386,180706,154746,1783334485184783122,1783334485185068802,1783334485185068802,1783334485184937868,1783334485185249508,1783334485185249508,0,1,1.000000000000,1.000000000000,1.000000000000,0.733819641932,0.393461521959,3,4
159,465483,465483,465483,177857,154111,1783334485184901913,1783334485185189539,1783334485185189539,1783334485185056024,1783334485185367396,1783334485185367396,1,2,1.000000000000,1.000000000000,1.000000000000,0.734752184917,0.394172755518,3,4
160,463358,463358,463358,179195,153058,1783334485185023783,1783334485185307946,1783334485185307946,1783334485185176841,1783334485185487141,1783334485185487141,1,1,1.000000000000,1.000000000000,1.000000000000,0.736301203562,0.395851554650,3,4
161,465994,465994,465994,179226,154934,1783334485185141124,1783334485185427892,1783334485185427892,1783334485185296058,1783334485185607118,1783334485185607118,2,1,1.000000000000,1.000000000000,1.000000000000,0.733543777613,0.393770116746,3,4
162,467160,467160,467160,178777,155028,1783334485185261926,1783334485185550309,1783334485185550309,1783334485185416954,1783334485185729086,1783334485185729086,1,3,1.000000000000,1.000000000000,1.000000000000,0.733405884345,0.392852914707,3,4
163,467016,467016,467016,179327,156674,1783334485185382426,1783334485185670115,1783334485185670115,1783334485185539100,1783334485185849442,1783334485185849442,2,1,1.000000000000,1.000000000000,1.000000000000,0.730995481873,0.392966072640,3,4
164,468411,468411,468411,181296,155340,1783334485185500297,1783334485185787412,1783334485185787412,1783334485185655637,1783334485185968708,1783334485185968708,0,2,1.000000000000,1.000000000000,1.000000000000,0.732948381829,0.391871225319,3,4
165,464027,464027,464027,178287,155106,1783334485185620438,1783334485185906178,1783334485185906178,1783334485185775544,1783334485186084465,1783334485186084465,1,1,1.000000000000,1.000000000000,1.000000000000,0.733291481950,0.395322259448,3,4
166,480544,480544,480544,185897,165961,1783334485185748668,1783334485186043315,1783334485186043315,1783334485185914629,1783334485186229212,1783334485186229212,2,2,1.000000000000,1.000000000000,1.000000000000,0.717543289048,0.382476525057,3,4
167,469909,469909,469909,182826,156028,1783334485185862689,1783334485186149772,1783334485186149772,1783334485186018717,1783334485186332598,1783334485186332598,2,0,1.000000000000,1.000000000000,1.000000000000,0.731940538410,0.390698936095,3,4
168,463434,463434,463434,179026,153134,1783334485185981920,1783334485186266328,1783334485186266328,1783334485186135054,1783334485186445354,1783334485186445354,1,1,1.000000000000,1.000000000000,1.000000000000,0.736189294285,0.395791389787,3,4
169,465202,465202,465202,178837,161651,1783334485186099640,1783334485186386005,1783334485186386005,1783334485186261291,1783334485186564842,1783334485186564842,0,2,1.000000000000,1.000000000000,1.000000000000,0.723755247275,0.394394342867,3,4
170,464377,464377,464377,177798,154365,1783334485186220722,1783334485186507301,1783334485186507301,1783334485186375087,1783334485186685099,1783334485186685099,3,0,1.000000000000,1.000000000000,1.000000000000,0.734379025597,0.395045630697,3,4
171,468731,468731,468731,180116,155120,1783334485186341473,1783334485186630088,1783334485186630088,1783334485186496593,1783334485186810204,1783334485186810204,1,1,1.000000000000,1.000000000000,1.000000000000,0.733270950076,0.391620507973,3,4
172,467299,467299,467299,178848,154608,1783334485186460813,1783334485186749264,1783334485186749264,1783334485186615421,1783334485186928112,1783334485186928112,2,3,1.000000000000,1.000000000000,1.000000000000,0.734022204106,0.392743716775,3,4
173,467684,467684,467684,180396,155512,1783334485186581594,1783334485186868882,1783334485186868882,1783334485186737106,1783334485187049278,1783334485187049278,1,2,1.000000000000,1.000000000000,1.000000000000,0.732696290947,0.392441420513,3,4
174,466349,466349,466349,179166,154658,1783334485186710405,1783334485186997588,1783334485186997588,1783334485186865063,1783334485187176754,1783334485187176754,3,2,1.000000000000,1.000000000000,1.000000000000,0.733948805555,0.393490639189,3,4
175,469396,469396,469396,179086,154564,1783334485186829575,1783334485187119885,1783334485187119885,1783334485186984139,1783334485187298971,1783334485187298971,1,0,1.000000000000,1.000000000000,1.000000000000,0.734086800902,0.391099998913,3,4
176,467052,467052,467052,180507,153961,1783334485186950166,1783334485187236711,1783334485187236711,1783334485187104127,1783334485187417218,1783334485187417218,0,0,1.000000000000,1.000000000000,1.000000000000,0.734972643640,0.392937780101,3,4
177,467707,467707,467707,181706,154396,1783334485187067777,1783334485187353778,1783334485187353778,1783334485187222173,1783334485187535484,1783334485187535484,0,0,1.000000000000,1.000000000000,1.000000000000,0.734333495509,0.392423368622,3,4
178,464624,464624,464624,178227,153912,1783334485187185668,1783334485187472065,1783334485187472065,1783334485187339580,1783334485187650292,1783334485187650292,3,2,1.000000000000,1.000000000000,1.000000000000,0.735044674488,0.394850526351,3,4
179,488868,488868,488868,178726,164128,1783334485187303509,1783334485187613651,1783334485187613651,1783334485187467637,1783334485187792377,1783334485187792377,2,2,1.000000000000,1.000000000000,1.000000000000,0.720178630375,0.376161765771,3,4
180,464456,464456,464456,180967,154494,1783334485187421349,1783334485187704838,1783334485187704838,1783334485187575843,1783334485187885805,1783334485187885805,0,1,1.000000000000,1.000000000000,1.000000000000,0.734189580248,0.394983218418,3,4
181,467312,467312,467312,179218,155709,1783334485187541870,1783334485187829964,1783334485187829964,1783334485187697579,1783334485188009182,1783334485188009182,3,3,1.000000000000,1.000000000000,1.000000000000,0.732407665472,0.392733505572,3,4
182,466736,466736,466736,178586,162285,1783334485187663551,1783334485187951701,1783334485187951701,1783334485187825836,1783334485188130287,1783334485188130287,2,0,1.000000000000,1.000000000000,1.000000000000,0.722838107211,0.393186195269,3,4
183,470563,470563,470563,180377,154612,1783334485187783181,1783334485188073367,1783334485188073367,1783334485187937793,1783334485188253744,1783334485188253744,1,1,1.000000000000,1.000000000000,1.000000000000,0.734016331952,0.390188235957,3,4
184,465869,465869,465869,180297,154128,1783334485187904032,1783334485188189604,1783334485188189604,1783334485188058160,1783334485188369901,1783334485188369901,0,3,1.000000000000,1.000000000000,1.000000000000,0.734727203767,0.393868571581,3,4
185,476843,476843,476843,181657,154352,1783334485188026934,1783334485188322120,1783334485188322120,1783334485188181286,1783334485188503777,1783334485188503777,2,3,1.000000000000,1.000000000000,1.000000000000,0.734398119700,0.385318120064,3,4
186,465760,465760,465760,178657,154460,1783334485188146834,1783334485188433937,1783334485188433937,1783334485188301294,1783334485188612594,1783334485188612594,0,2,1.000000000000,1.000000000000,1.000000000000,0.734239506837,0.393954444289,3,4
187,468065,468065,468065,178926,159414,1783334485188267325,1783334485188556464,1783334485188556464,1783334485188426739,1783334485188735390,1783334485188735390,0,3,1.000000000000,1.000000000000,1.000000000000,0.727000582653,0.392142494056,3,4
188,464761,464761,464761,177397,163550,1783334485188385006,1783334485188672370,1783334485188672370,1783334485188548556,1783334485188849767,1783334485188849767,0,2,1.000000000000,1.000000000000,1.000000000000,0.721011638258,0.394742352127,3,4
189,466098,466098,466098,179207,156778,1783334485188502606,1783334485188789497,1783334485188789497,1783334485188659384,1783334485188968704,1783334485188968704,1,0,1.000000000000,1.000000000000,1.000000000000,0.730843450624,0.393688221079,3,4
190,465184,465184,465184,178967,154552,1783334485188623157,1783334485188909374,1783334485188909374,1783334485188777709,1783334485189088341,1783334485189088341,2,0,1.000000000000,1.000000000000,1.000000000000,0.734104419196,0.394408541319,3,4
191,469850,469850,469850,178528,155219,1783334485188743778,1783334485189035100,1783334485189035100,1783334485188898997,1783334485189213628,1783334485189213628,1,1,1.000000000000,1.000000000000,1.000000000000,0.733125776801,0.390745041289,3,4
192,466076,466076,466076,179418,154364,1783334485188866509,1783334485189153167,1783334485189153167,1783334485189020873,1783334485189332585,1783334485189332585,3,3,1.000000000000,1.000000000000,1.000000000000,0.734380494357,0.393705543742,3,4
193,465970,465970,465970,179507,154219,1783334485188985220,1783334485189271683,1783334485189271683,1783334485189139439,1783334485189451190,1783334485189451190,2,0,1.000000000000,1.000000000000,1.000000000000,0.734593495584,0.393789018165,3,4
194,472826,472826,472826,178828,164654,1783334485189108741,1783334485189402739,1783334485189402739,1783334485189273395,1783334485189581567,1783334485189581567,0,1,1.000000000000,1.000000000000,1.000000000000,0.719421400829,0.388426234418,3,4
195,467583,467583,467583,179018,156652,1783334485189222001,1783334485189510566,1783334485189510566,1783334485189378653,1783334485189689584,1783334485189689584,0,2,1.000000000000,1.000000000000,1.000000000000,0.731027646382,0.392520701687,3,4
196,468139,468139,468139,178898,153807,1783334485189339702,1783334485189628943,1783334485189628943,1783334485189493509,1783334485189807841,1783334485189807841,2,2,1.000000000000,1.000000000000,1.000000000000,0.735199050079,0.392084461261,3,4
197,463374,463374,463374,177957,160314,1783334485189457363,1783334485189742780,1783334485189742780,1783334485189617677,1783334485189920737,1783334485189920737,1,1,1.000000000000,1.000000000000,1.000000000000,0.725693158639,0.395838887603,3,4
198,464812,464812,464812,178778,156301,1783334485189574933,1783334485189860967,1783334485189860967,1783334485189731234,1783334485190039745,1783334485190039745,2,2,1.000000000000,1.000000000000,1.000000000000,0.731541007958,0.394702090460,3,4
199,468296,468296,468296,180496,156065,1783334485189701234,1783334485189989034,1783334485189989034,1783334485189857299,1783334485190169530,1783334485190169530,1,3,1.000000000000,1.000000000000,1.000000000000,0.731886376815,0.391961366067,3,4
200,466022,466022,466022,178748,154100,1783334485189819056,1783334485190106330,1783334485190106330,1783334485189973156,1783334485190285078,1783334485190285078,3,3,1.000000000000,1.000000000000,1.000000000000,0.734768349643,0.393748066236,3,4
201,467239,467239,467239,178768,154277,1783334485189939636,1783334485190228107,1783334485190228107,1783334485190093913,1783334485190406875,1783334485190406875,1,1,1.000000000000,1.000000000000,1.000000000000,0.734508287681,0.392790848849,3,4
202,465934,465934,465934,178748,154523,1783334485190062937,1783334485190350123,1783334485190350123,1783334485190217460,1783334485190528871,1783334485190528871,2,3,1.000000000000,1.000000000000,1.000000000000,0.734146998488,0.393817371995,3,4
203,467769,467769,467769,181017,154258,1783334485190183448,1783334485190470200,1783334485190470200,1783334485190337706,1783334485190651217,1783334485190651217,1,0,1.000000000000,1.000000000000,1.000000000000,0.734536199526,0.392374711141,3,4
204,473516,473516,473516,179748,156355,1783334485190303678,1783334485190597446,1783334485190597446,1783334485190460033,1783334485190777194,1783334485190777194,3,3,1.000000000000,1.000000000000,1.000000000000,0.731462005796,0.387890575904,3,4
205,468581,468581,468581,180567,154550,1783334485190423089,1783334485190711103,1783334485190711103,1783334485190577639,1783334485190891670,1783334485190891670,2,0,1.000000000000,1.000000000000,1.000000000000,0.734107355620,0.391738011750,3,4
206,469307,469307,469307,177988,154056,1783334485190543500,1783334485190834819,1783334485190834819,1783334485190697556,1783334485191012807,1783334485191012807,2,3,1.000000000000,1.000000000000,1.000000000000,0.734833012103,0.391169620909,3,4
207,475103,475103,475103,179428,154861,1783334485190663731,1783334485190959406,1783334485190959406,1783334485190818592,1783334485191138834,1783334485191138834,3,1,1.000000000000,1.000000000000,1.000000000000,0.733650882823,0.386661363009,3,4
208,471309,471309,471309,181968,156478,1783334485190783822,1783334485191073163,1783334485191073163,1783334485190940300,1783334485191255131,1783334485191255131,2,2,1.000000000000,1.000000000000,1.000000000000,0.731282088273,0.389606509185,3,4
209,464495,464495,464495,177459,154373,1783334485190904973,1783334485191192009,1783334485191192009,1783334485191059346,1783334485191369468,1783334485191369468,0,3,1.000000000000,1.000000000000,1.000000000000,0.734367275627,0.394952410929,3,4
210,466252,466252,466252,180339,155400,1783334485191025373,1783334485191311286,1783334485191311286,1783334485191180773,1783334485191491625,1783334485191491625,0,2,1.000000000000,1.000000000000,1.000000000000,0.732860433300,0.393566983778,3,4
211,466397,466397,466397,177179,159706,1783334485191142704,1783334485191431922,1783334485191431922,1783334485191302410,1783334485191609101,1783334485191609101,0,0,1.000000000000,1.000000000000,1.000000000000,0.726576138263,0.393452865901,3,4
212,471883,471883,471883,185449,165220,1783334485191263575,1783334485191550009,1783334485191550009,1783334485191428795,1783334485191735458,1783334485191735458,1,1,1.000000000000,1.000000000000,1.000000000000,0.718607476571,0.389159497546,3,4
213,469439,469439,469439,179659,161697,1783334485191384015,1783334485191673795,1783334485191673795,1783334485191545712,1783334485191853454,1783334485191853454,3,3,1.000000000000,1.000000000000,1.000000000000,0.723688664855,0.391066365759,3,4
214,466425,466425,466425,180479,153014,1783334485191507226,1783334485191793172,1783334485191793172,1783334485191660240,1783334485191973651,1783334485191973651,0,1,1.000000000000,1.000000000000,1.000000000000,0.736366000919,0.393430833157,3,4
215,466060,466060,466060,179638,156728,1783334485191624877,1783334485191911299,1783334485191911299,1783334485191781605,1783334485192090937,1783334485192090937,0,3,1.000000000000,1.000000000000,1.000000000000,0.730916538624,0.393718142520,3,4
216,466277,466277,466277,178450,155354,1783334485191742848,1783334485192030675,1783334485192030675,1783334485191898202,1783334485192209125,1783334485192209125,3,3,1.000000000000,1.000000000000,1.000000000000,0.732927859561,0.393547305921,3,4
217,465531,465531,465531,178468,156711,1783334485191862519,1783334485192149582,1783334485192149582,1783334485192019230,1783334485192328050,1783334485192328050,0,1,1.000000000000,1.000000000000,1.000000000000,0.730941390209,0.394134916750,3,4
218,468998,468998,468998,181059,153598,1783334485191981989,1783334485192269928,1783334485192269928,1783334485192135587,1783334485192450987,1783334485192450987,2,1,1.000000000000,1.000000000000,1.000000000000,0.735506427519,0.391411438449,3,4
219,469004,469004,469004,180409,157433,1783334485192100050,1783334485192388645,1783334485192388645,1783334485192257483,1783334485192569054,1783334485192569054,0,2,1.000000000000,1.000000000000,1.000000000000,0.729886672531,0.391406741540,3,4
220,465939,465939,465939,179068,156308,1783334485192220381,1783334485192507252,1783334485192507252,1783334485192376689,1783334485192686320,1783334485192686320,1,0,1.000000000000,1.000000000000,1.000000000000,0.731530766456,0.393813433841,3,4
221,468587,468587,468587,180200,162704,1783334485192341941,1783334485192630328,1783334485192630328,1783334485192504645,1783334485192810528,1783334485192810528,0,2,1.000000000000,1.000000000000,1.000000000000,0.722232622611,0.391733310922,3,4
222,477330,477330,477330,180029,164819,1783334485192464803,1783334485192762104,1783334485192762104,1783334485192629622,1783334485192942133,1783334485192942133,2,1,1.000000000000,1.000000000000,1.000000000000,0.719184030934,0.384943002927,3,4
223,471556,471556,471556,182468,153236,1783334485192578714,1783334485192867802,1783334485192867802,1783334485192731950,1783334485193050270,1783334485193050270,3,3,1.000000000000,1.000000000000,1.000000000000,0.736039126986,0.389414091100,3,4
224,469723,469723,469723,180118,158442,1783334485192696264,1783334485192985869,1783334485192985869,1783334485192854706,1783334485193165987,1783334485193165987,1,2,1.000000000000,1.000000000000,1.000000000000,0.728415246394,0.390844303135,3,4
225,468989,468989,468989,179689,161098,1783334485192816865,1783334485193106165,1783334485193106165,1783334485192977963,1783334485193285854,1783334485193285854,2,3,1.000000000000,1.000000000000,1.000000000000,0.724556163404,0.391418483918,3,4
226,467895,467895,467895,176989,156773,1783334485192937316,1783334485193228222,1783334485193228222,1783334485193094089,1783334485193405211,1783334485193405211,0,2,1.000000000000,1.000000000000,1.000000000000,0.730850759095,0.392275845172,3,4
227,463992,463992,463992,177809,157209,1783334485193057356,1783334485193343539,1783334485193343539,1783334485193214565,1783334485193521348,1783334485193521348,0,3,1.000000000000,1.000000000000,1.000000000000,0.730213735016,0.395349932974,3,4
228,465056,465056,465056,178538,154765,1783334485193177417,1783334485193463935,1783334485193463935,1783334485193332182,1783334485193642473,1783334485193642473,2,1,1.000000000000,1.000000000000,1.000000000000,0.733791757316,0.394509522831,3,4
229,470402,470402,470402,178488,157262,1783334485193296188,1783334485193588102,1783334485193588102,1783334485193453450,1783334485193766590,1783334485193766590,1,1,1.000000000000,1.000000000000,1.000000000000,0.730136336463,0.390313896799,3,4
230,470648,470648,470648,179669,153946,1783334485193419189,1783334485193710168,1783334485193710168,1783334485193573135,1783334485193889837,1783334485193889837,0,1,1.000000000000,1.000000000000,1.000000000000,0.734994693150,0.390121909595,3,4
231,466674,466674,466674,179359,154372,1783334485193545720,1783334485193833035,1783334485193833035,1783334485193700092,1783334485194012394,1783334485194012394,0,0,1.000000000000,1.000000000000,1.000000000000,0.734368744363,0.393234953380,3,4
232,467059,467059,467059,180019,153578,1783334485193664941,1783334485193951981,1783334485193951981,1783334485193818519,1783334485194132000,1783334485194132000,0,3,1.000000000000,1.000000000000,1.000000000000,0.735535848364,0.392932279011,3,4
233,467326,467326,467326,178569,153615,1783334485193782661,1783334485194071418,1783334485194071418,1783334485193936276,1783334485194249987,1783334485194249987,0,2,1.000000000000,1.000000000000,1.000000000000,0.735481420726,0.392722509187,3,4
234,468231,468231,468231,181149,161211,1783334485193902642,1783334485194189724,1783334485194189724,1783334485194063853,1783334485194370873,1783334485194370873,2,3,1.000000000000,1.000000000000,1.000000000000,0.724392432213,0.392012324357,3,4
235,466818,466818,466818,179250,154495,1783334485194024883,1783334485194312451,1783334485194312451,1783334485194179378,1783334485194491701,1783334485194491701,1,3,1.000000000000,1.000000000000,1.000000000000,0.734188111871,0.393121718020,3,4
236,470114,470114,470114,183459,153812,1783334485194144883,1783334485194431538,1783334485194431538,1783334485194298695,1783334485194614997,1783334485194614997,0,0,1.000000000000,1.000000000000,1.000000000000,0.735191698125,0.390538782364,3,4
237,477748,477748,477748,180309,161416,1783334485194262735,1783334485194560174,1783334485194560174,1783334485194424151,1783334485194740483,1783334485194740483,0,1,1.000000000000,1.000000000000,1.000000000000,0.724095492193,0.384621325056,3,4
238,465593,465593,465593,177458,154973,1783334485194385246,1783334485194673381,1783334485194673381,1783334485194540219,1783334485194850839,1783334485194850839,1,0,1.000000000000,1.000000000000,1.000000000000,0.733486563429,0.394086047050,3,4
239,469880,469880,469880,178979,156569,1783334485194504116,1783334485194795017,1783334485194795017,1783334485194660685,1783334485194973996,1783334485194973996,2,0,1.000000000000,1.000000000000,1.000000000000,0.731149007044,0.390721597290,3,4
240,465686,465686,465686,177919,156265,1783334485194631287,1783334485194919054,1783334485194919054,1783334485194787552,1783334485195096973,1783334485195096973,3,2,1.000000000000,1.000000000000,1.000000000000,0.731593680807,0.394012753862,3,4
241,466582,466582,466582,179100,154280,1783334485194752918,1783334485195040400,1783334485195040400,1783334485194907198,1783334485195219500,1783334485195219500,3,1,1.000000000000,1.000000000000,1.000000000000,0.734503880644,0.393307315269,3,4
242,464229,464229,464229,178010,153038,1783334485194875168,1783334485195161387,1783334485195161387,1783334485195028206,1783334485195339397,1783334485195339397,0,1,1.000000000000,1.000000000000,1.000000000000,0.736330656200,0.395162581512,3,4
243,477663,477663,477663,192499,157472,1783334485194992819,1783334485195277983,1783334485195277983,1783334485195150291,1783334485195470482,1783334485195470482,0,0,1.000000000000,1.000000000000,1.000000000000,0.729829743590,0.384686716240,3,4
244,471160,471160,471160,184660,155229,1783334485195110510,1783334485195397010,1783334485195397010,1783334485195265739,1783334485195581670,1783334485195581670,3,1,1.000000000000,1.000000000000,1.000000000000,0.733111114432,0.389722629226,3,4
245,469695,469695,469695,179420,171963,1783334485195231181,1783334485195521456,1783334485195521456,1783334485195403144,1783334485195700876,1783334485195700876,1,3,1.000000000000,1.000000000000,1.000000000000,0.708981390731,0.390866191029,3,4
246,467370,467370,467370,178959,164759,1783334485195352122,1783334485195640533,1783334485195640533,1783334485195516881,1783334485195819492,1783334485195819492,3,2,1.000000000000,1.000000000000,1.000000000000,0.719270338196,0.392687951127,3,4
247,464187,464187,464187,177890,158516,1783334485195472673,1783334485195758970,1783334485195758970,1783334485195631189,1783334485195936860,1783334485195936860,3,1,1.000000000000,1.000000000000,1.000000000000,0.728307448914,0.395195776563,3,4
248,470623,470623,470623,183689,161151,1783334485195591543,1783334485195878477,1783334485195878477,1783334485195752694,1783334485196062166,1783334485196062166,0,0,1.000000000000,1.000000000000,1.000000000000,0.724479364521,0.390141416178,3,4
249,470648,470648,470648,181598,158457,1783334485195712154,1783334485196001204,1783334485196001204,1783334485195870611,1783334485196182802,1783334485196182802,2,1,1.000000000000,1.000000000000,1.000000000000,0.728393394264,0.390121909595,3,4
250,471745,471745,471745,178940,162893,1783334485195836265,1783334485196129070,1783334485196129070,1783334485195999158,1783334485196308010,1783334485196308010,0,3,1.000000000000,1.000000000000,1.000000000000,0.721959670271,0.389266920391,3,4
251,478071,478071,478071,191409,160740,1783334485195949855,1783334485196236517,1783334485196236517,1783334485196110595,1783334485196427926,1783334485196427926,3,3,1.000000000000,1.000000000000,1.000000000000,0.725075131385,0.384372939917,3,4
252,477235,477235,477235,189969,159895,1783334485196070597,1783334485196357863,1783334485196357863,1783334485196230492,1783334485196547832,1783334485196547832,0,1,1.000000000000,1.000000000000,1.000000000000,0.726301544384,0.385016149046,3,4
253,470531,470531,470531,181849,162259,1783334485196189918,1783334485196478600,1783334485196478600,1783334485196352177,1783334485196660449,1783334485196660449,1,1,1.000000000000,1.000000000000,1.000000000000,0.722875695770,0.390213208803,3,4
254,470118,470118,470118,179780,165487,1783334485196310738,1783334485196601076,1783334485196601076,1783334485196476225,1783334485196780856,1783334485196780856,1,1,1.000000000000,1.000000000000,1.000000000000,0.718223842618,0.390535658067,3,4
255,468573,468573,468573,179219,161522,1783334485196431409,1783334485196720763,1783334485196720763,1783334485196592931,1783334485196899982,1783334485196899982,3,1,1.000000000000,1.000000000000,1.000000000000,0.723942000219,0.391744279609,3,4
256,467680,467680,467680,179010,156788,1783334485196552410,1783334485196841080,1783334485196841080,1783334485196709198,1783334485197020090,1783334485197020090,2,2,1.000000000000,1.000000000000,1.000000000000,0.730828833902,0.392444560056,3,4
257,467535,467535,467535,179879,157915,1783334485196673180,1783334485196960836,1783334485196960836,1783334485196831095,1783334485197140715,1783334485197140715,3,3,1.000000000000,1.000000000000,1.000000000000,0.729183400810,0.392558385483,3,4
258,465971,465971,465971,179039,157220,1783334485196791241,1783334485197078173,1783334485197078173,1783334485196948461,1783334485197257212,1783334485197257212,0,0,1.000000000000,1.000000000000,1.000000000000,0.730197670491,0.393788230588,3,4
259,467519,467519,467519,181491,158127,1783334485196914861,1783334485197200889,1783334485197200889,1783334485197072988,1783334485197382380,1783334485197382380,3,2,1.000000000000,1.000000000000,1.000000000000,0.728874292583,0.392570947552,3,4
260,468142,468142,468142,178369,153231,1783334485197037483,1783334485197327256,1783334485197327256,1783334485197190714,1783334485197505625,1783334485197505625,1,3,1.000000000000,1.000000000000,1.000000000000,0.736046487414,0.392082108761,3,4
261,467209,467209,467209,178691,155807,1783334485197155464,1783334485197443982,1783334485197443982,1783334485197311271,1783334485197622673,1783334485197622673,1,1,1.000000000000,1.000000000000,1.000000000000,0.732264127636,0.392814417007,3,4
262,466755,466755,466755,179540,163053,1783334485197275674,1783334485197562889,1783334485197562889,1783334485197438727,1783334485197742429,1783334485197742429,1,3,1.000000000000,1.000000000000,1.000000000000,0.721728680137,0.393171254478,3,4
263,472171,472171,472171,181781,157200,1783334485197396815,1783334485197687205,1783334485197687205,1783334485197554015,1783334485197868986,1783334485197868986,3,2,1.000000000000,1.000000000000,1.000000000000,0.730226878982,0.388935406220,3,4
264,471607,471607,471607,184401,154995,1783334485197519376,1783334485197806582,1783334485197806582,1783334485197674371,1783334485197990983,1783334485197990983,3,0,1.000000000000,1.000000000000,1.000000000000,0.733454290731,0.389374372889,3,4
265,464352,464352,464352,179140,153561,1783334485197638396,1783334485197923608,1783334485197923608,1783334485197791957,1783334485198102748,1783334485198102748,2,3,1.000000000000,1.000000000000,1.000000000000,0.735560857008,0.395065383473,3,4
266,463538,463538,463538,178620,161138,1783334485197756567,1783334485198041485,1783334485198041485,1783334485197917705,1783334485198220105,1783334485198220105,1,2,1.000000000000,1.000000000000,1.000000000000,0.724498201229,0.395709073739,3,4
267,468784,468784,468784,178621,161881,1783334485197874409,1783334485198164572,1783334485198164572,1783334485198036290,1783334485198343193,1783334485198343193,3,1,1.000000000000,1.000000000000,1.000000000000,0.723422396423,0.391578998400,3,4
268,467090,467090,467090,180631,154919,1783334485197997919,1783334485198284378,1783334485198284378,1783334485198152838,1783334485198465009,1783334485198465009,1,1,1.000000000000,1.000000000000,1.000000000000,0.733565784256,0.392907917965,3,4
269,467935,467935,467935,179360,155344,1783334485198115940,1783334485198404515,1783334485198404515,1783334485198271284,1783334485198583875,1783334485198583875,1,2,1.000000000000,1.000000000000,1.000000000000,0.732942518265,0.392244464360,3,4
270,465811,465811,465811,178421,160650,1783334485198239261,1783334485198526651,1783334485198526651,1783334485198399911,1783334485198705072,1783334485198705072,0,1,1.000000000000,1.000000000000,1.000000000000,0.725205656656,0.393914262985,3,4
271,474878,474878,474878,180391,156796,1783334485198358221,1783334485198652708,1783334485198652708,1783334485198515017,1783334485198833099,1783334485198833099,2,0,1.000000000000,1.000000000000,1.000000000000,0.730817140734,0.386835399778,3,4
272,465874,465874,465874,178792,161811,1783334485198477722,1783334485198764804,1783334485198764804,1783334485198639533,1783334485198943596,1783334485198943596,1,1,1.000000000000,1.000000000000,1.000000000000,0.723523682648,0.393864632915,3,4
273,465729,465729,465729,178890,155527,1783334485198600743,1783334485198887582,1783334485198887582,1783334485198756270,1783334485199066472,1783334485199066472,0,3,1.000000000000,1.000000000000,1.000000000000,0.732674310388,0.393978870222,3,4
274,466826,466826,466826,178521,160595,1783334485198720043,1783334485199008348,1783334485199008348,1783334485198880638,1783334485199186869,1783334485199186869,3,3,1.000000000000,1.000000000000,1.000000000000,0.725285433666,0.393115428123,3,4
275,466120,466120,466120,178760,158168,1783334485198843095,1783334485199130455,1783334485199130455,1783334485199001263,1783334485199309215,1783334485199309215,3,1,1.000000000000,1.000000000000,1.000000000000,0.728814527342,0.393670899178,3,4
276,466865,466865,466865,181850,155814,1783334485198963866,1783334485199248881,1783334485199248881,1783334485199119680,1783334485199430731,1783334485199430731,2,3,1.000000000000,1.000000000000,1.000000000000,0.732253876010,0.393084766316,3,4
277,465373,465373,465373,178341,156591,1783334485199081606,1783334485199368638,1783334485199368638,1783334485199238197,1783334485199546979,1783334485199546979,1,1,1.000000000000,1.000000000000,1.000000000000,0.731116837195,0.394259483064,3,4
278,473318,473318,473318,179721,162936,1783334485199199297,1783334485199492894,1783334485199492894,1783334485199362233,1783334485199672615,1783334485199672615,1,1,1.000000000000,1.000000000000,1.000000000000,0.721897584409,0.388044210990,3,4
279,478334,478334,478334,187231,163752,1783334485199313078,1783334485199604181,1783334485199604181,1783334485199476830,1783334485199791412,1783334485199791412,2,2,1.000000000000,1.000000000000,1.000000000000,0.720720408388,0.384170812915,3,4
280,472641,472641,472641,185491,161619,1783334485199433528,1783334485199720678,1783334485199720678,1783334485199595147,1783334485199906169,1783334485199906169,0,0,1.000000000000,1.000000000000,1.000000000000,0.723801569093,0.388569978716,3,4
281,467187,467187,467187,180232,162064,1783334485199552239,1783334485199839194,1783334485199839194,1783334485199714303,1783334485200019426,1783334485200019426,0,0,1.000000000000,1.000000000000,1.000000000000,0.723157672273,0.392831701222,3,4
282,469110,469110,469110,179960,160170,1783334485199673001,1783334485199962151,1783334485199962151,1783334485199833171,1783334485200142111,1783334485200142111,3,1,1.000000000000,1.000000000000,1.000000000000,0.725902188368,0.391323772105,3,4
283,467347,467347,467347,179310,161267,1783334485199790541,1783334485200078578,1783334485200078578,1783334485199951808,1783334485200257888,1783334485200257888,1,3,1.000000000000,1.000000000000,1.000000000000,0.724311304804,0.392706015188,3,4
284,464234,464234,464234,178052,159331,1783334485199914862,1783334485200201044,1783334485200201044,1783334485200074193,1783334485200379096,1783334485200379096,2,3,1.000000000000,1.000000000000,1.000000000000,0.727121274767,0.395158629906,3,4
285,480099,480099,480099,180012,157057,1783334485200037093,1783334485200337180,1783334485200337180,1783334485200194150,1783334485200517192,1783334485200517192,2,0,1.000000000000,1.000000000000,1.000000000000,0.730435753737,0.382817080689,3,4
286,471505,471505,471505,183611,155105,1783334485200157353,1783334485200445247,1783334485200445247,1783334485200312458,1783334485200628858,1783334485200628858,2,3,1.000000000000,1.000000000000,1.000000000000,0.733292948535,0.389453813364,3,4
287,474600,474600,474600,184280,162260,1783334485200277834,1783334485200568154,1783334485200568154,1783334485200440094,1783334485200752434,1783334485200752434,0,3,1.000000000000,1.000000000000,1.000000000000,0.722874250020,0.387050540063,3,4
288,470266,470266,470266,182391,161915,1783334485200397345,1783334485200685220,1783334485200685220,1783334485200559260,1783334485200867611,1783334485200867611,0,2,1.000000000000,1.000000000000,1.000000000000,0.723373205373,0.390420076619,3,4
289,470923,470923,470923,180091,161671,1783334485200518025,1783334485200808857,1783334485200808857,1783334485200679696,1783334485200988948,1783334485200988948,0,2,1.000000000000,1.000000000000,1.000000000000,0.723726297644,0.389907401539,3,4
290,466877,466877,466877,180741,160577,1783334485200637607,1783334485200923743,1783334485200923743,1783334485200798184,1783334485201104484,1783334485201104484,2,0,1.000000000000,1.000000000000,1.000000000000,0.725311544411,0.393075332395,3,4
291,464483,464483,464483,178391,160332,1783334485200760038,1783334485201046130,1783334485201046130,1783334485200920370,1783334485201224521,1783334485201224521,1,1,1.000000000000,1.000000000000,1.000000000000,0.725667034156,0.394961889901,3,4
292,469280,469280,469280,184112,160419,1783334485200882898,1783334485201168066,1783334485201168066,1783334485201043317,1783334485201352178,1783334485201352178,0,3,1.000000000000,1.000000000000,1.000000000000,0.725540779076,0.391190744639,3,4
293,478715,478715,478715,191501,157564,1783334485201000499,1783334485201287713,1783334485201287713,1783334485201158063,1783334485201479214,1783334485201479214,3,3,1.000000000000,1.000000000000,1.000000000000,0.729695467271,0.383878186261,3,4
294,472002,472002,472002,185142,159791,1783334485201118160,1783334485201405020,1783334485201405020,1783334485201277951,1783334485201590162,1783334485201590162,2,3,1.000000000000,1.000000000000,1.000000000000,0.726452630818,0.389066888607,3,4
295,471949,471949,471949,185503,169366,1783334485201235890,1783334485201522336,1783334485201522336,1783334485201405256,1783334485201707839,1783334485201707839,2,3,1.000000000000,1.000000000000,1.000000000000,0.712673419975,0.389108131883,3,4
296,475734,475734,475734,185982,165063,1783334485201355221,1783334485201644973,1783334485201644973,1783334485201520284,1783334485201830955,1783334485201830955,0,0,1.000000000000,1.000000000000,1.000000000000,0.718833154748,0.386173704146,3,4
297,472778,472778,472778,185632,160247,1783334485201476043,1783334485201763189,1783334485201763189,1783334485201636290,1783334485201948821,1783334485201948821,1,1,1.000000000000,1.000000000000,1.000000000000,0.725790408038,0.388463525127,3,4
298,470565,470565,470565,184791,161693,1783334485201596253,1783334485201882027,1783334485201882027,1783334485201757946,1783334485202066818,1783334485202066818,1,1,1.000000000000,1.000000000000,1.000000000000,0.723694454388,0.390186675207,3,4
299,465231,465231,465231,179551,159789,1783334485201715014,1783334485202000694,1783334485202000694,1783334485201874803,1783334485202180245,1783334485202180245,0,3,1.000000000000,1.000000000000,1.000000000000,0.726455536634,0.394371468658,3,4
300,471888,471888,471888,181582,160717,1783334485201832594,1783334485202122900,1783334485202122900,1783334485201993311,1783334485202304482,1783334485202304482,3,3,1.000000000000,1.000000000000,1.000000000000,0.725108485608,0.389155605971,3,4
301,472494,472494,472494,184572,159622,1783334485201955825,1783334485202243747,1783334485202243747,1783334485202115447,1783334485202428319,1783334485202428319,3,3,1.000000000000,1.000000000000,1.000000000000,0.726698213308,0.388684235085,3,4
302,472119,472119,472119,186052,161588,1783334485202073496,1783334485202359563,1783334485202359563,1783334485202235084,1783334485202545615,1783334485202545615,0,1,1.000000000000,1.000000000000,1.000000000000,0.723846446182,0.388975857606,3,4
303,469536,469536,469536,178892,160545,1783334485202192776,1783334485202483420,1783334485202483420,1783334485202353321,1783334485202662312,1783334485202662312,3,2,1.000000000000,1.000000000000,1.000000000000,0.725357965835,0.390990506243,3,4
304,474461,474461,474461,180412,162840,1783334485202311537,1783334485202605586,1783334485202605586,1783334485202474377,1783334485202785998,1783334485202785998,1,0,1.000000000000,1.000000000000,1.000000000000,0.722036202052,0.387158155071,3,4
305,471675,471675,471675,184161,160715,1783334485202431079,1783334485202718593,1783334485202718593,1783334485202591794,1783334485202902754,1783334485202902754,0,1,1.000000000000,1.000000000000,1.000000000000,0.725111386048,0.389321421575,3,4
306,473622,473622,473622,179262,167261,1783334485202549969,1783334485202844329,1783334485202844329,1783334485202717230,1783334485203023591,1783334485203023591,3,0,1.000000000000,1.000000000000,1.000000000000,0.715680099693,0.387808351818,3,4
307,481968,481968,481968,179012,165696,1783334485202663840,1783334485202966796,1783334485202966796,1783334485202829536,1783334485203145808,1783334485203145808,2,0,1.000000000000,1.000000000000,1.000000000000,0.717923687788,0.381388781595,3,4
308,477444,477444,477444,181162,160353,1783334485202782711,1783334485203078993,1783334485203078993,1783334485202943064,1783334485203260155,1783334485203260155,1,3,1.000000000000,1.000000000000,1.000000000000,0.725636556780,0.384855245927,3,4
309,470530,470530,470530,184542,160159,1783334485202907111,1783334485203193099,1783334485203193099,1783334485203067270,1783334485203377641,1783334485203377641,2,2,1.000000000000,1.000000000000,1.000000000000,0.725918158392,0.390213989230,3,4
310,474736,474736,474736,189112,159435,1783334485203025002,1783334485203310626,1783334485203310626,1783334485203184437,1783334485203499738,1783334485203499738,1,0,1.000000000000,1.000000000000,1.000000000000,0.726970049270,0.386945276633,3,4
311,471192,471192,471192,184202,161550,1783334485203141933,1783334485203428923,1783334485203428923,1783334485203303483,1783334485203613125,1783334485203613125,1,1,1.000000000000,1.000000000000,1.000000000000,0.723901460602,0.389697687775,3,4
312,474168,474168,474168,186663,170417,1783334485203261074,1783334485203548579,1783334485203548579,1783334485203431491,1783334485203735242,1783334485203735242,1,0,1.000000000000,1.000000000000,1.000000000000,0.711176953783,0.387385096237,3,4
313,474634,474634,474634,183283,164263,1783334485203375245,1783334485203666596,1783334485203666596,1783334485203539508,1783334485203849879,1783334485203849879,1,2,1.000000000000,1.000000000000,1.000000000000,0.719984208393,0.387024221522,3,4
314,471850,471850,471850,181424,161187,1783334485203494966,1783334485203785392,1783334485203785392,1783334485203656153,1783334485203966816,1783334485203966816,1,0,1.000000000000,1.000000000000,1.000000000000,0.724427203884,0.389185182921,3,4
315,470896,470896,470896,183743,159865,1783334485203615596,1783334485203902749,1783334485203902749,1783334485203775461,1783334485204086492,1783334485204086492,2,1,1.000000000000,1.000000000000,1.000000000000,0.726345123784,0.389928457108,3,4
316,467371,467371,467371,181132,160491,1783334485203736127,1783334485204022366,1783334485204022366,1783334485203896618,1783334485204203498,1783334485204203498,0,1,1.000000000000,1.000000000000,1.000000000000,0.725436308726,0.392687165752,3,4
317,466828,466828,466828,180994,160165,1783334485203859538,1783334485204145372,1783334485204145372,1783334485204019703,1783334485204326366,1783334485204326366,3,3,1.000000000000,1.000000000000,1.000000000000,0.725909447426,0.393113855665,3,4
318,476513,476513,476513,186922,160042,1783334485203977338,1783334485204266929,1783334485204266929,1783334485204137380,1783334485204453851,1783334485204453851,2,0,1.000000000000,1.000000000000,1.000000000000,0.726088043116,0.385572513964,3,4
319,478039,478039,478039,185763,160507,1783334485204095089,1783334485204387365,1783334485204387365,1783334485204255596,1783334485204573128,1783334485204573128,3,3,1.000000000000,1.000000000000,1.000000000000,0.725413095136,0.384397540573,3,4
320,477833,477833,477833,189592,161382,1783334485204213731,1783334485204501972,1783334485204501972,1783334485204375113,1783334485204691564,1783334485204691564,0,2,1.000000000000,1.000000000000,1.000000000000,0.724144732360,0.384555944989,3,4
321,475231,475231,475231,186023,161149,1783334485204333321,1783334485204622529,1783334485204622529,1783334485204494470,1783334485204808552,1783334485204808552,3,1,1.000000000000,1.000000000000,1.000000000000,0.724482262444,0.386562390369,3,4
322,475047,475047,475047,185484,161204,1783334485204452282,1783334485204741845,1783334485204741845,1783334485204613486,1783334485204927329,1783334485204927329,3,3,1.000000000000,1.000000000000,1.000000000000,0.724402573778,0.386704671507,3,4
323,472063,472063,472063,185332,164332,1783334485204571822,1783334485204858553,1783334485204858553,1783334485204736154,1783334485205043885,1783334485205043885,2,2,1.000000000000,1.000000000000,1.000000000000,0.719884857428,0.389019425341,3,4
324,473299,473299,473299,186343,162548,1783334485204691383,1783334485204978339,1783334485204978339,1783334485204853931,1783334485205164682,1783334485205164682,3,3,1.000000000000,1.000000000000,1.000000000000,0.722457994345,0.388058956950,3,4
325,475655,475655,475655,186413,160652,1783334485204810664,1783334485205099906,1783334485205099906,1783334485204971316,1783334485205286319,1783334485205286319,1,0,1.000000000000,1.000000000000,1.000000000000,0.725202755839,0.386234724412,3,4
326,473880,473880,473880,186362,159920,1783334485204936764,1783334485205224282,1783334485205224282,1783334485205096684,1783334485205410644,1783334485205410644,0,3,1.000000000000,1.000000000000,1.000000000000,0.726265230215,0.387608294328,3,4
327,472946,472946,472946,186173,160335,1783334485205054566,1783334485205341339,1783334485205341339,1783334485205214901,1783334485205527512,1783334485205527512,0,0,1.000000000000,1.000000000000,1.000000000000,0.725662680167,0.388333023308,3,4
328,475550,475550,475550,188351,161419,1783334485205172947,1783334485205460146,1783334485205460146,1783334485205334366,1783334485205648497,1783334485205648497,3,0,1.000000000000,1.000000000000,1.000000000000,0.724091147633,0.386315842221,3,4
329,479017,479017,479017,183312,162426,1783334485205292377,1783334485205588082,1783334485205588082,1783334485205454803,1783334485205771394,1783334485205771394,0,1,1.000000000000,1.000000000000,1.000000000000,0.722634295604,0.383646393844,3,4
330,477574,477574,477574,187963,162872,1783334485205411768,1783334485205701379,1783334485205701379,1783334485205574640,1783334485205889342,1783334485205889342,2,3,1.000000000000,1.000000000000,1.000000000000,0.721989993214,0.384755196570,3,4
331,472470,472470,472470,186274,160947,1783334485205531389,1783334485205817585,1783334485205817585,1783334485205692336,1783334485206003859,1783334485206003859,3,0,1.000000000000,1.000000000000,1.000000000000,0.724775012410,0.388702892376,3,4
332,474025,474025,474025,186862,161214,1783334485205650579,1783334485205937742,1783334485205937742,1783334485205811793,1783334485206124604,1783334485206124604,3,0,1.000000000000,1.000000000000,1.000000000000,0.724388085872,0.387495904220,3,4
333,478381,478381,478381,192092,159970,1783334485205769920,1783334485206056209,1783334485206056209,1783334485205929890,1783334485206248301,1783334485206248301,0,3,1.000000000000,1.000000000000,1.000000000000,0.726192607323,0.384134702556,3,4
334,483457,483457,483457,190303,170395,1783334485205898851,1783334485206192005,1783334485206192005,1783334485206069246,1783334485206382308,1783334485206382308,1,2,1.000000000000,1.000000000000,1.000000000000,0.711208246257,0.380254695296,3,4
335,489343,489343,489343,195574,163561,1783334485206012642,1783334485206306411,1783334485206306411,1783334485206176203,1783334485206501985,1783334485206501985,2,0,1.000000000000,1.000000000000,1.000000000000,0.720995776176,0.375804581783,3,4
336,487517,487517,487517,197072,161906,1783334485206133893,1783334485206424338,1783334485206424338,1783334485206295799,1783334485206621410,1783334485206621410,0,0,1.000000000000,1.000000000000,1.000000000000,0.723386226207,0.377179529241,3,4
337,479453,479453,479453,192732,162113,1783334485206253634,1783334485206540355,1783334485206540355,1783334485206415747,1783334485206733087,1783334485206733087,0,0,1.000000000000,1.000000000000,1.000000000000,0.723086806294,0.383312000006,3,4
338,493450,493450,493450,205863,161569,1783334485206376164,1783334485206663751,1783334485206663751,1783334485206537733,1783334485206869614,1783334485206869614,0,0,1.000000000000,1.000000000000,1.000000000000,0.723873952869,0.372730366037,3,4
339,489225,489225,489225,202462,164654,1783334485206496695,1783334485206783458,1783334485206783458,1783334485206661349,1783334485206985920,1783334485206985920,2,2,1.000000000000,1.000000000000,1.000000000000,0.719421400829,0.375893282130,3,4
340,487482,487482,487482,198654,161131,1783334485206617726,1783334485206906554,1783334485206906554,1783334485206778857,1783334485207105208,1783334485207105208,0,3,1.000000000000,1.000000000000,1.000000000000,0.724508344275,0.377205932732,3,4
341,485217,485217,485217,197542,160457,1783334485206738136,1783334485207025811,1783334485207025811,1783334485206898593,1783334485207223353,1783334485207223353,2,2,1.000000000000,1.000000000000,1.000000000000,0.725485640072,0.378918551761,3,4
342,485802,485802,485802,199443,160542,1783334485206855788,1783334485207142147,1783334485207142147,1783334485207016330,1783334485207341590,1783334485207341590,2,1,1.000000000000,1.000000000000,1.000000000000,0.725362317996,0.378475476305,3,4
343,488817,488817,488817,203882,155587,1783334485206980769,1783334485207265704,1783334485207265704,1783334485207136356,1783334485207469586,1783334485207469586,2,3,1.000000000000,1.000000000000,1.000000000000,0.732586394746,0.376200136228,3,4
344,490795,490795,490795,203704,160433,1783334485207098619,1783334485207385710,1783334485207385710,1783334485207259052,1783334485207589414,1783334485207589414,1,1,1.000000000000,1.000000000000,1.000000000000,0.725520464219,0.374714828365,3,4
345,496500,496500,496500,209663,163860,1783334485207217440,1783334485207504277,1783334485207504277,1783334485207381300,1783334485207713940,1783334485207713940,1,3,1.000000000000,1.000000000000,1.000000000000,0.720564749592,0.370463631373,3,4
346,494765,494765,494765,204192,165235,1783334485207337951,1783334485207628524,1783334485207628524,1783334485207503186,1783334485207832716,1783334485207832716,2,1,1.000000000000,1.000000000000,1.000000000000,0.718585918670,0.371751373114,3,4
347,503133,503133,503133,213474,162391,1783334485207457371,1783334485207747030,1783334485207747030,1783334485207619762,1783334485207960504,1783334485207960504,2,3,1.000000000000,1.000000000000,1.000000000000,0.722684881775,0.365581515513,3,4
348,505778,505778,505778,217892,161537,1783334485207580162,1783334485207868048,1783334485207868048,1783334485207741699,1783334485208085940,1783334485208085940,0,1,1.000000000000,1.000000000000,1.000000000000,0.723920282285,0.363652695523,3,4
349,498814,498814,498814,211753,161304,1783334485207699563,1783334485207986624,1783334485207986624,1783334485207860867,1783334485208198377,1783334485208198377,1,3,1.000000000000,1.000000000000,1.000000000000,0.724257707750,0.368753086940,3,4
350,503689,503689,503689,217572,160769,1783334485207818414,1783334485208104531,1783334485208104531,1783334485207979183,1783334485208322103,1783334485208322103,3,0,1.000000000000,1.000000000000,1.000000000000,0.725033078247,0.365175214813,3,4
351,478805,478805,478805,186963,161434,1783334485207941455,1783334485208233297,1783334485208233297,1783334485208102889,1783334485208420260,1783334485208420260,2,0,1.000000000000,1.000000000000,1.000000000000,0.724069425224,0.383809094406,3,4
352,480151,480151,480151,185783,162219,1783334485208059606,1783334485208353974,1783334485208353974,1783334485208221825,1783334485208539757,1783334485208539757,0,2,1.000000000000,1.000000000000,1.000000000000,0.722933528139,0.382777269782,3,4
353,472328,472328,472328,185483,159006,1783334485208180196,1783334485208467041,1783334485208467041,1783334485208339202,1783334485208652524,1783334485208652524,2,3,1.000000000000,1.000000000000,1.000000000000,0.727594057234,0.388813299674,3,4
354,479554,479554,479554,186264,162712,1783334485208305407,1783334485208598697,1783334485208598697,1783334485208468119,1783334485208784961,1783334485208784961,2,1,1.000000000000,1.000000000000,1.000000000000,0.722221066981,0.383234578802,3,4
355,471660,471660,471660,185344,163388,1783334485208425898,1783334485208712214,1783334485208712214,1783334485208589286,1783334485208897558,1783334485208897558,0,1,1.000000000000,1.000000000000,1.000000000000,0.721245283877,0.389333101393,3,4
356,471956,471956,471956,185034,160485,1783334485208543978,1783334485208830900,1783334485208830900,1783334485208704463,1783334485209015934,1783334485209015934,3,1,1.000000000000,1.000000000000,1.000000000000,0.725445014014,0.389102684407,3,4
357,471471,471471,471471,184704,161180,1783334485208662700,1783334485208949467,1783334485208949467,1783334485208823880,1783334485209134171,1783334485209134171,3,2,1.000000000000,1.000000000000,1.000000000000,0.724437345936,0.389480297123,3,4
358,475686,475686,475686,186704,155764,1783334485208783761,1783334485209072743,1783334485209072743,1783334485208939525,1783334485209259447,1783334485209259447,0,3,1.000000000000,1.000000000000,1.000000000000,0.732327105059,0.386210778601,3,4
359,471603,471603,471603,185724,159861,1783334485208902521,1783334485209188400,1783334485209188400,1783334485209062382,1783334485209374124,1783334485209374124,1,1,1.000000000000,1.000000000000,1.000000000000,0.726350934568,0.389377487896,3,4
360,472558,472558,472558,187214,159737,1783334485209037252,1783334485209322596,1783334485209322596,1783334485209196989,1783334485209509810,1783334485209509810,1,3,1.000000000000,1.000000000000,1.000000000000,0.726531091939,0.388634486686,3,4
361,473284,473284,473284,184704,162093,1783334485209154413,1783334485209442993,1783334485209442993,1783334485209316506,1783334485209627697,1783334485209627697,1,3,1.000000000000,1.000000000000,1.000000000000,0.723115730345,0.388070598893,3,4
362,503739,503739,503739,209483,171899,1783334485209275163,1783334485209569419,1783334485209569419,1783334485209447062,1783334485209778902,1783334485209778902,1,1,1.000000000000,1.000000000000,1.000000000000,0.709072146158,0.365138699117,3,4
363,464417,464417,464417,185465,160665,1783334485209388774,1783334485209667726,1783334485209667726,1783334485209549439,1783334485209853191,1783334485209853191,0,1,1.000000000000,1.000000000000,1.000000000000,0.725183900812,0.395014028311,3,4
364,473001,473001,473001,185403,161241,1783334485209506435,1783334485209794033,1783334485209794033,1783334485209667676,1783334485209979436,1783334485209979436,2,2,1.000000000000,1.000000000000,1.000000000000,0.724348969971,0.388290309024,3,4
365,475817,475817,475817,187284,158466,1783334485209627176,1783334485209915709,1783334485209915709,1783334485209785642,1783334485210102993,1783334485210102993,2,3,1.000000000000,1.000000000000,1.000000000000,0.728380283301,0.386109604632,3,4
366,472363,472363,472363,184524,161391,1783334485209747307,1783334485210035146,1783334485210035146,1783334485209908698,1783334485210219670,1783334485210219670,0,2,1.000000000000,1.000000000000,1.000000000000,0.724131697872,0.388786083696,3,4
367,477378,477378,477378,187904,160738,1783334485209865968,1783334485210155442,1783334485210155442,1783334485210026706,1783334485210343346,1783334485210343346,3,1,1.000000000000,1.000000000000,1.000000000000,0.725078031691,0.384906050172,3,4
368,475426,475426,475426,188715,161204,1783334485209983988,1783334485210270699,1783334485210270699,1783334485210145192,1783334485210459414,1783334485210459414,3,1,1.000000000000,1.000000000000,1.000000000000,0.724402573778,0.386411660431,3,4
369,474901,474901,474901,185615,160190,1783334485210101959,1783334485210391245,1783334485210391245,1783334485210262149,1783334485210576860,1783334485210576860,0,3,1.000000000000,1.000000000000,1.000000000000,0.725873152861,0.386817605759,3,4
370,472578,472578,472578,185255,161707,1783334485210222009,1783334485210509332,1783334485210509332,1783334485210383716,1783334485210694587,1783334485210694587,0,0,1.000000000000,1.000000000000,1.000000000000,0.723674191227,0.388618941618,3,4
371,474423,474423,474423,186334,165003,1783334485210342470,1783334485210630559,1783334485210630559,1783334485210507473,1783334485210816893,1783334485210816893,0,3,1.000000000000,1.000000000000,1.000000000000,0.718919419902,0.387187580209,3,4
372,475108,475108,475108,187295,155628,1783334485210461562,1783334485210749375,1783334485210749375,1783334485210617190,1783334485210936670,1783334485210936670,1,2,1.000000000000,1.000000000000,1.000000000000,0.732526325125,0.386657496415,3,4
373,473444,473444,473444,186163,164153,1783334485210584902,1783334485210872183,1783334485210872183,1783334485210749055,1783334485211058346,1783334485211058346,1,1,1.000000000000,1.000000000000,1.000000000000,0.720142622344,0.387946436169,3,4
374,473160,473160,473160,186554,161009,1783334485210701163,1783334485210987769,1783334485210987769,1783334485210862172,1783334485211174323,1783334485211174323,1,0,1.000000000000,1.000000000000,1.000000000000,0.724685145880,0.388166852337,3,4
375,471776,471776,471776,186334,159615,1783334485210823924,1783334485211109366,1783334485211109366,1783334485210983539,1783334485211295700,1783334485211295700,1,2,1.000000000000,1.000000000000,1.000000000000,0.726708387154,0.389242786590,3,4
376,481062,481062,481062,191684,160871,1783334485210946754,1783334485211236132,1783334485211236132,1783334485211107625,1783334485211427816,1783334485211427816,1,2,1.000000000000,1.000000000000,1.000000000000,0.724885186584,0.382080484561,3,4
377,472438,472438,472438,183414,161227,1783334485211065015,1783334485211354039,1783334485211354039,1783334485211226242,1783334485211537453,1783334485211537453,2,2,1.000000000000,1.000000000000,1.000000000000,0.724369252026,0.388727770157,3,4
378,470295,470295,470295,184005,161912,1783334485211184306,1783334485211470596,1783334485211470596,1783334485211346218,1783334485211654601,1783334485211654601,2,3,1.000000000000,1.000000000000,1.000000000000,0.723377545625,0.390397432911,3,4
379,479140,479140,479140,184244,163260,1783334485211303166,1783334485211598062,1783334485211598062,1783334485211466426,1783334485211782306,1783334485211782306,0,0,1.000000000000,1.000000000000,1.000000000000,0.721429946305,0.383552028439,3,4
380,475376,475376,475376,184785,161474,1783334485211422478,1783334485211713069,1783334485211713069,1783334485211583952,1783334485211897854,1783334485211897854,3,3,1.000000000000,1.000000000000,1.000000000000,0.724011501987,0.386450303529,3,4
381,474491,474491,474491,186665,161590,1783334485211542009,1783334485211829835,1783334485211829835,1783334485211703599,1783334485212016500,1783334485212016500,2,0,1.000000000000,1.000000000000,1.000000000000,0.723843550802,0.387134926279,3,4
382,472017,472017,472017,185194,161917,1783334485211661619,1783334485211948442,1783334485211948442,1783334485211823536,1783334485212133636,1783334485212133636,0,3,1.000000000000,1.000000000000,1.000000000000,0.723370311886,0.389055216775,3,4
383,474783,474783,474783,187115,160112,1783334485211782330,1783334485212069998,1783334485212069998,1783334485211942442,1783334485212257113,1783334485212257113,1,3,1.000000000000,1.000000000000,1.000000000000,0.725986397906,0.386908905486,3,4
384,472109,472109,472109,186165,160048,1783334485211899721,1783334485212185665,1783334485212185665,1783334485212059769,1783334485212371830,1783334485212371830,2,3,1.000000000000,1.000000000000,1.000000000000,0.726079330112,0.388983637201,3,4
385,484115,484115,484115,193474,164744,1783334485212017411,1783334485212308052,1783334485212308052,1783334485212182155,1783334485212501526,1783334485212501526,3,3,1.000000000000,1.000000000000,1.000000000000,0.719291916630,0.379754609246,3,4
386,473721,473721,473721,184535,159341,1783334485212139782,1783334485212428968,1783334485212428968,1783334485212299123,1783334485212613503,1783334485212613503,1,3,1.000000000000,1.000000000000,1.000000000000,0.727106732487,0.387731573366,3,4
387,473556,473556,473556,185695,165314,1783334485212260474,1783334485212548335,1783334485212548335,1783334485212425788,1783334485212734030,1783334485212734030,2,0,1.000000000000,1.000000000000,1.000000000000,0.718472391064,0.387859545899,3,4
388,475873,475873,475873,186826,161391,1783334485212380834,1783334485212669881,1783334485212669881,1783334485212542225,1783334485212856707,1783334485212856707,0,2,1.000000000000,1.000000000000,1.000000000000,0.724131697872,0.386066362778,3,4
389,471698,471698,471698,185085,161586,1783334485212501495,1783334485212788108,1783334485212788108,1783334485212663081,1783334485212973193,1783334485212973193,3,1,1.000000000000,1.000000000000,1.000000000000,0.723849341573,0.389303513201,3,4
390,479454,479454,479454,186016,170332,1783334485212622306,1783334485212915744,1783334485212915744,1783334485212792638,1783334485213101760,1783334485213101760,2,2,1.000000000000,1.000000000000,1.000000000000,0.711297864142,0.383311233383,3,4
391,475640,475640,475640,186255,160300,1783334485212735786,1783334485213025171,1783334485213025171,1783334485212896086,1783334485213211426,1783334485213211426,3,1,1.000000000000,1.000000000000,1.000000000000,0.725713478332,0.386246311628,3,4
392,471747,471747,471747,185496,160765,1783334485212853287,1783334485213139538,1783334485213139538,1783334485213014052,1783334485213325034,1783334485213325034,3,3,1.000000000000,1.000000000000,1.000000000000,0.725038878535,0.389265363327,3,4
393,476271,476271,476271,188115,159720,1783334485212978548,1783334485213266704,1783334485213266704,1783334485213138268,1783334485213454819,1783334485213454819,1,1,1.000000000000,1.000000000000,1.000000000000,0.726555794416,0.385759176229,3,4
394,472908,472908,472908,184785,161488,1783334485213097808,1783334485213385931,1783334485213385931,1783334485213259296,1783334485213570716,1783334485213570716,0,0,1.000000000000,1.000000000000,1.000000000000,0.723991229949,0.388362537739,3,4
395,474494,474494,474494,187097,158311,1783334485213220310,1783334485213507707,1783334485213507707,1783334485213378621,1783334485213694804,1783334485213694804,2,3,1.000000000000,1.000000000000,1.000000000000,0.728606116191,0.387132603476,3,4
396,474859,474859,474859,185446,162077,1783334485213339821,1783334485213629234,1783334485213629234,1783334485213501898,1783334485213814680,1783334485213814680,0,1,1.000000000000,1.000000000000,1.000000000000,0.723138870418,0.386850099802,3,4
397,471185,471185,471185,184975,160905,1783334485213459181,1783334485213745391,1783334485213745391,1783334485213620086,1783334485213930366,1783334485213930366,3,3,1.000000000000,1.000000000000,1.000000000000,0.724835896068,0.389703143581,3,4
398,489771,489771,489771,185745,160820,1783334485213579662,1783334485213883688,1783334485213883688,1783334485213740482,1783334485214069433,1783334485214069433,1,1,1.000000000000,1.000000000000,1.000000000000,0.724959128645,0.375483030704,3,4
399,474156,474156,474156,184445,160565,1783334485213709483,1783334485213999194,1783334485213999194,1783334485213870048,1783334485214183639,1783334485214183639,1,1,1.000000000000,1.000000000000,1.000000000000,0.725328952097,0.387394393591,3,4
400,470303,470303,470303,184815,160411,1783334485213827453,1783334485214112941,1783334485214112941,1783334485213987864,1783334485214297756,1783334485214297756,1,1,1.000000000000,1.000000000000,1.000000000000,0.725552387822,0.390391186602,3,4
401,474119,474119,474119,187195,160948,1783334485213945164,1783334485214232088,1783334485214232088,1783334485214106112,1783334485214419283,1783334485214419283,2,0,1.000000000000,1.000000000000,1.000000000000,0.724773562861,0.387423061837,3,4
402,473003,473003,473003,185635,161472,1783334485214068766,1783334485214356134,1783334485214356134,1783334485214230238,1783334485214541769,1783334485214541769,0,2,1.000000000000,1.000000000000,1.000000000000,0.724014398039,0.388288755866,3,4
403,472269,472269,472269,185584,166069,1783334485214188176,1783334485214474861,1783334485214474861,1783334485214354245,1783334485214660445,1783334485214660445,2,0,1.000000000000,1.000000000000,1.000000000000,0.717388316435,0.388859182351,3,4
404,481706,481706,481706,189296,162195,1783334485214308927,1783334485214601337,1783334485214601337,1783334485214471122,1783334485214790633,1783334485214790633,1,2,1.000000000000,1.000000000000,1.000000000000,0.722968229781,0.381588681686,3,4
405,472273,472273,472273,182986,161021,1783334485214427597,1783334485214716884,1783334485214716884,1783334485214588618,1783334485214899870,1783334485214899870,2,0,1.000000000000,1.000000000000,1.000000000000,0.724667753645,0.388856071490,3,4
406,472118,472118,472118,184786,161616,1783334485214548468,1783334485214835800,1783334485214835800,1783334485214710084,1783334485215020586,1783334485215020586,3,3,1.000000000000,1.000000000000,1.000000000000,0.723805911916,0.388976635558,3,4
407,470294,470294,470294,185026,160492,1783334485214668949,1783334485214954217,1783334485214954217,1783334485214829441,1783334485215139243,1783334485215139243,1,3,1.000000000000,1.000000000000,1.000000000000,0.725434857855,0.390398213707,3,4
408,470171,470171,470171,185426,159668,1783334485214787349,1783334485215072094,1783334485215072094,1783334485214947017,1783334485215257520,1783334485215257520,2,2,1.000000000000,1.000000000000,1.000000000000,0.726631360148,0.390494263481,3,4
409,472715,472715,472715,185265,160024,1783334485214911630,1783334485215199080,1783334485215199080,1783334485215071654,1783334485215384345,1783334485215384345,2,1,1.000000000000,1.000000000000,1.000000000000,0.726114182756,0.388512474615,3,4
410,472371,472371,472371,186766,160260,1783334485215029182,1783334485215314787,1783334485215314787,1783334485215189442,1783334485215501553,1783334485215501553,2,1,1.000000000000,1.000000000000,1.000000000000,0.725771537733,0.388779863168,3,4
411,471867,471867,471867,186276,154926,1783334485215151172,1783334485215436763,1783334485215436763,1783334485215306098,1783334485215623039,1783334485215623039,2,1,1.000000000000,1.000000000000,1.000000000000,0.733555514407,0.389171950849,3,4
412,480272,480272,480272,189335,163712,1783334485215269763,1783334485215560700,1783334485215560700,1783334485215433475,1783334485215750035,1783334485215750035,0,1,1.000000000000,1.000000000000,1.000000000000,0.720778068327,0.382684648891,3,4
413,478658,478658,478658,189136,157338,1783334485215390494,1783334485215680016,1783334485215680016,1783334485215547832,1783334485215869152,1783334485215869152,3,2,1.000000000000,1.000000000000,1.000000000000,0.730025364174,0.383921950868,3,4
414,472555,472555,472555,184486,161224,1783334485215509304,1783334485215797373,1783334485215797373,1783334485215670528,1783334485215981859,1783334485215981859,2,2,1.000000000000,1.000000000000,1.000000000000,0.724373598255,0.388636818500,3,4
415,473800,473800,473800,184656,161480,1783334485215628425,1783334485215917569,1783334485215917569,1783334485215789905,1783334485216102225,1783334485216102225,0,1,1.000000000000,1.000000000000,1.000000000000,0.724002813901,0.387670316617,3,4
416,473367,473367,473367,185537,160036,1783334485215748926,1783334485216036756,1783334485216036756,1783334485215908962,1783334485216222293,1783334485216222293,1,0,1.000000000000,1.000000000000,1.000000000000,0.726096756225,0.388006184521,3,4
417,470742,470742,470742,184536,159570,1783334485215866617,1783334485216152823,1783334485216152823,1783334485216026187,1783334485216337359,1783334485216337359,2,1,1.000000000000,1.000000000000,1.000000000000,0.726773793852,0.390048573569,3,4
418,482028,482028,482028,189217,170657,1783334485215984318,1783334485216277129,1783334485216277129,1783334485216154975,1783334485216466346,1783334485216466346,1,2,1.000000000000,1.000000000000,1.000000000000,0.710835670759,0.381343017687,3,4
419,474175,474175,474175,186157,158553,1783334485216098008,1783334485216386026,1783334485216386026,1783334485216256561,1783334485216572183,1783334485216572183,2,1,1.000000000000,1.000000000000,1.000000000000,0.728253556157,0.387379672884,3,4
420,473420,473420,473420,184876,161399,1783334485216217149,1783334485216505693,1783334485216505693,1783334485216378548,1783334485216690569,1783334485216690569,1,1,1.000000000000,1.000000000000,1.000000000000,0.724120111858,0.387965058045,3,4
421,473005,473005,473005,185246,161574,1783334485216336040,1783334485216623799,1783334485216623799,1783334485216497614,1783334485216809045,1783334485216809045,3,0,1.000000000000,1.000000000000,1.000000000000,0.723866714166,0.388287202714,3,4
422,470272,470272,470272,184496,162032,1783334485216456970,1783334485216742746,1783334485216742746,1783334485216619002,1783334485216927242,1783334485216927242,0,3,1.000000000000,1.000000000000,1.000000000000,0.723203955846,0.390415391606,3,4
423,475818,475818,475818,186716,161966,1783334485216577401,1783334485216866503,1783334485216866503,1783334485216739367,1783334485217053219,1783334485217053219,3,3,1.000000000000,1.000000000000,1.000000000000,0.723299425069,0.386108832413,3,4
424,471154,471154,471154,186336,159983,1783334485216700512,1783334485216985330,1783334485216985330,1783334485216860495,1783334485217171666,1783334485217171666,2,3,1.000000000000,1.000000000000,1.000000000000,0.726173726561,0.389727305925,3,4
425,473169,473169,473169,186216,155378,1783334485216818183,1783334485217105136,1783334485217105136,1783334485216973561,1783334485217291352,1783334485217291352,2,0,1.000000000000,1.000000000000,1.000000000000,0.732892679868,0.388159865396,3,4
426,474634,474634,474634,187845,161403,1783334485216942994,1783334485217229783,1783334485217229783,1783334485217104397,1783334485217417628,1783334485217417628,2,3,1.000000000000,1.000000000000,1.000000000000,0.724114318920,0.387024221522,3,4
427,474221,474221,474221,184507,161459,1783334485217063475,1783334485217353189,1783334485217353189,1783334485217224934,1783334485217537696,1783334485217537696,2,0,1.000000000000,1.000000000000,1.000000000000,0.724033222658,0.387344035594,3,4
428,472067,472067,472067,186026,161755,1783334485217183055,1783334485217469096,1783334485217469096,1783334485217344810,1783334485217655122,1783334485217655122,3,1,1.000000000000,1.000000000000,1.000000000000,0.723604721839,0.389016313199,3,4
429,476662,476662,476662,184166,161391,1783334485217302556,1783334485217595052,1783334485217595052,1783334485217463947,1783334485217779218,1783334485217779218,3,2,1.000000000000,1.000000000000,1.000000000000,0.724131697872,0.385457630473,3,4
430,474420,474420,474420,186097,161149,1783334485217423126,1783334485217711449,1783334485217711449,1783334485217584275,1783334485217897546,1783334485217897546,3,0,1.000000000000,1.000000000000,1.000000000000,0.724482262444,0.387189903342,3,4
431,480226,480226,480226,185978,161723,1783334485217544017,1783334485217838265,1783334485217838265,1783334485217705740,1783334485218024243,1783334485218024243,3,3,1.000000000000,1.000000000000,1.000000000000,0.723651034023,0.382719857498,3,4
432,474330,474330,474330,187987,160079,1783334485217667489,1783334485217953832,1783334485217953832,1783334485217827568,1783334485218141819,1783334485218141819,0,1,1.000000000000,1.000000000000,1.000000000000,0.726034314589,0.387259603797,3,4
433,472947,472947,472947,186357,160436,1783334485217784949,1783334485218071539,1783334485218071539,1783334485217945385,1783334485218257896,1783334485218257896,2,3,1.000000000000,1.000000000000,1.000000000000,0.725516111109,0.388332246642,3,4
434,470972,470972,470972,182967,160000,1783334485217904070,1783334485218192075,1783334485218192075,1783334485218064070,1783334485218375042,1783334485218375042,0,2,1.000000000000,1.000000000000,1.000000000000,0.726149037074,0.389869192486,3,4
435,463319,463319,463319,178228,163407,1783334485218027271,1783334485218312362,1783334485218312362,1783334485218190678,1783334485218490590,1783334485218490590,2,0,1.000000000000,1.000000000000,1.000000000000,0.721217877077,0.395882432276,3,4
436,469734,469734,469734,184237,156634,1783334485218148741,1783334485218434238,1783334485218434238,1783334485218305375,1783334485218618475,1783334485218618475,0,0,1.000000000000,1.000000000000,1.000000000000,0.731053963851,0.390835704655,3,4
437,476879,476879,476879,189386,162108,1783334485218269592,1783334485218557085,1783334485218557085,1783334485218431700,1783334485218746471,1783334485218746471,1,1,1.000000000000,1.000000000000,1.000000000000,0.723094037198,0.385290378158,3,4
438,477416,477416,477416,185878,161405,1783334485218390723,1783334485218682261,1783334485218682261,1783334485218552128,1783334485218868139,1783334485218868139,1,1,1.000000000000,1.000000000000,1.000000000000,0.724111422469,0.384876798424,3,4
439,471432,471432,471432,184247,160931,1783334485218511033,1783334485218798218,1783334485218798218,1783334485218671964,1783334485218982465,1783334485218982465,0,1,1.000000000000,1.000000000000,1.000000000000,0.724798205581,0.389510677771,3,4
440,468877,468877,468877,183798,159816,1783334485218631425,1783334485218916504,1783334485218916504,1783334485218791241,1783334485219100302,1783334485219100302,3,2,1.000000000000,1.000000000000,1.000000000000,0.726416309094,0.391506171479,3,4
441,471213,471213,471213,184538,160602,1783334485218749036,1783334485219035711,1783334485219035711,1783334485218909638,1783334485219220249,1783334485219220249,2,2,1.000000000000,1.000000000000,1.000000000000,0.725275279741,0.389681320816,3,4
442,471949,471949,471949,186028,159677,1783334485218869586,1783334485219155507,1783334485219155507,1783334485219029263,1783334485219341535,1783334485219341535,2,0,1.000000000000,1.000000000000,1.000000000000,0.726618280901,0.389108131883,3,4
443,471924,471924,471924,185447,160604,1783334485218992247,1783334485219278724,1783334485219278724,1783334485219152851,1783334485219464171,1783334485219464171,3,3,1.000000000000,1.000000000000,1.000000000000,0.725272378645,0.389127587776,3,4
444,468841,468841,468841,181979,161290,1783334485219110158,1783334485219397020,1783334485219397020,1783334485219271448,1783334485219578999,1783334485219578999,1,2,1.000000000000,1.000000000000,1.000000000000,0.724277987250,0.391534360938,3,4
445,473167,473167,473167,184758,164655,1783334485219229458,1783334485219517867,1783334485219517867,1783334485219394113,1783334485219702625,1783334485219702625,2,2,1.000000000000,1.000000000000,1.000000000000,0.719419961987,0.388161418039,3,4
446,481873,481873,481873,185679,171911,1783334485219348619,1783334485219644813,1783334485219644813,1783334485219520530,1783334485219830492,1783334485219830492,0,3,1.000000000000,1.000000000000,1.000000000000,0.709055128630,0.381461252348,3,4
447,473117,473117,473117,184398,161006,1783334485219462381,1783334485219751100,1783334485219751100,1783334485219623387,1783334485219935498,1783334485219935498,1,2,1.000000000000,1.000000000000,1.000000000000,0.724689494004,0.388200236122,3,4
448,478825,478825,478825,184538,162573,1783334485219583101,1783334485219877388,1783334485219877388,1783334485219745674,1783334485220061926,1783334485220061926,3,1,1.000000000000,1.000000000000,1.000000000000,0.722421872349,0.383793742349,3,4
449,473749,473749,473749,185347,162978,1783334485219705802,1783334485219994204,1783334485219994204,1783334485219868780,1783334485220179551,1783334485220179551,1,2,1.000000000000,1.000000000000,1.000000000000,0.721836947559,0.387709861006,3,4
450,469776,469776,469776,184138,160705,1783334485219819343,1783334485220104981,1783334485220104981,1783334485219980048,1783334485220289119,1783334485220289119,1,3,1.000000000000,1.000000000000,1.000000000000,0.725125888421,0.390802875835,3,4
451,471063,471063,471063,186168,161621,1783334485219937953,1783334485220222848,1783334485220222848,1783334485220099574,1783334485220409016,1783334485220409016,0,1,1.000000000000,1.000000000000,1.000000000000,0.723798673893,0.389798242750,3,4
452,471307,471307,471307,186127,160616,1783334485220060734,1783334485220345914,1783334485220345914,1783334485220221350,1783334485220532041,1783334485220532041,3,0,1.000000000000,1.000000000000,1.000000000000,0.725254972317,0.389608067614,3,4
453,474543,474543,474543,187637,160152,1783334485220178235,1783334485220465141,1783334485220465141,1783334485220338387,1783334485220652778,1783334485220652778,0,0,1.000000000000,1.000000000000,1.000000000000,0.725928321317,0.387094666340,3,4
454,498360,498360,498360,189238,163329,1783334485220301285,1783334485220610407,1783334485220610407,1783334485220464614,1783334485220799645,1783334485220799645,2,3,1.000000000000,1.000000000000,1.000000000000,0.721330395842,0.369088066801,3,4
455,473705,473705,473705,185228,160903,1783334485220422197,1783334485220710674,1783334485220710674,1783334485220583100,1783334485220895902,1783334485220895902,3,3,1.000000000000,1.000000000000,1.000000000000,0.724838795417,0.387743980975,3,4
456,474851,474851,474851,185829,161209,1783334485220539808,1783334485220828830,1783334485220828830,1783334485220701017,1783334485221014659,1783334485221014659,3,2,1.000000000000,1.000000000000,1.000000000000,0.724395329789,0.386856289453,3,4
457,471437,471437,471437,184858,163545,1783334485220660308,1783334485220946887,1783334485220946887,1783334485220823853,1783334485221131745,1783334485221131745,0,2,1.000000000000,1.000000000000,1.000000000000,0.721018848410,0.389506782684,3,4
458,473832,473832,473832,185878,161221,1783334485220785329,1783334485221073283,1783334485221073283,1783334485220946550,1783334485221259161,1783334485221259161,3,0,1.000000000000,1.000000000000,1.000000000000,0.724377944509,0.387645506510,3,4
459,473079,473079,473079,186269,159688,1783334485220906130,1783334485221192940,1783334485221192940,1783334485221065818,1783334485221379209,1783334485221379209,2,1,1.000000000000,1.000000000000,1.000000000000,0.726602295475,0.388229740461,3,4
460,475164,475164,475164,187797,160413,1783334485221023970,1783334485221311337,1783334485221311337,1783334485221184383,1783334485221499134,1783334485221499134,3,2,1.000000000000,1.000000000000,1.000000000000,0.725549485618,0.386614193200,3,4
461,470720,470720,470720,183878,161049,1783334485221142391,1783334485221429233,1783334485221429233,1783334485221303440,1783334485221613111,1783334485221613111,2,3,1.000000000000,1.000000000000,1.000000000000,0.724627173387,0.390065736084,3,4
462,467455,467455,467455,182778,161595,1783334485221261373,1783334485221546050,1783334485221546050,1783334485221422968,1783334485221728828,1783334485221728828,0,0,1.000000000000,1.000000000000,1.000000000000,0.723836312402,0.392621199849,3,4
463,478072,478072,478072,185299,161130,1783334485221379403,1783334485221672176,1783334485221672176,1783334485221540533,1783334485221857475,1783334485221857475,1,0,1.000000000000,1.000000000000,1.000000000000,0.724509793293,0.384372171172,3,4
464,470257,470257,470257,183418,161066,1783334485221498284,1783334485221785123,1783334485221785123,1783334485221659350,1783334485221968541,1783334485221968541,2,3,1.000000000000,1.000000000000,1.000000000000,0.724602536482,0.390427104243,3,4
465,477004,477004,477004,190498,160924,1783334485221618814,1783334485221905320,1783334485221905320,1783334485221779738,1783334485222095818,1783334485222095818,1,2,1.000000000000,1.000000000000,1.000000000000,0.724808352827,0.385194067603,3,4
466,472410,472410,472410,186279,162699,1783334485221737975,1783334485222024106,1783334485222024106,1783334485221900674,1783334485222210385,1783334485222210385,1,2,1.000000000000,1.000000000000,1.000000000000,0.722239844973,0.388749539522,3,4
467,482276,482276,482276,185640,163934,1783334485221861286,1783334485222157922,1783334485222157922,1783334485222025220,1783334485222343562,1783334485222343562,3,0,1.000000000000,1.000000000000,1.000000000000,0.720458113900,0.381153918451,3,4
468,474411,474411,474411,188878,155891,1783334485221984136,1783334485222269669,1783334485222269669,1783334485222140027,1783334485222458547,1783334485222458547,2,3,1.000000000000,1.000000000000,1.000000000000,0.732141117596,0.387196872823,3,4
469,470868,470868,470868,185169,160457,1783334485222102007,1783334485222387706,1783334485222387706,1783334485222262464,1783334485222572875,1783334485222572875,1,0,1.000000000000,1.000000000000,1.000000000000,0.725485640072,0.389950293713,3,4
470,473412,473412,473412,184839,161781,1783334485222221049,1783334485222509622,1783334485222509622,1783334485222382830,1783334485222694461,1783334485222694461,3,0,1.000000000000,1.000000000000,1.000000000000,0.723567095372,0.387971265535,3,4
471,476888,476888,476888,186978,160957,1783334485222340989,1783334485222630899,1783334485222630899,1783334485222501946,1783334485222817877,1783334485222817877,2,2,1.000000000000,1.000000000000,1.000000000000,0.724760517054,0.385283442994,3,4
472,472564,472564,472564,185439,160613,1783334485222461510,1783334485222748635,1783334485222748635,1783334485222622123,1783334485222934074,1783334485222934074,3,1,1.000000000000,1.000000000000,1.000000000000,0.725259323860,0.388629823101,3,4
473,471691,471691,471691,186509,160909,1783334485222580351,1783334485222865533,1783334485222865533,1783334485222741260,1783334485223052042,1783334485223052042,3,1,1.000000000000,1.000000000000,1.000000000000,0.724830097404,0.389308963489,3,4
474,480947,480947,480947,186059,172445,1783334485222699071,1783334485222993959,1783334485222993959,1783334485222871516,1783334485223180018,1783334485223180018,2,3,1.000000000000,1.000000000000,1.000000000000,0.708298261992,0.382168373179,3,4
475,470542,470542,470542,185428,160942,1783334485222812662,1783334485223097776,1783334485223097776,1783334485222973604,1783334485223283204,1783334485223283204,2,0,1.000000000000,1.000000000000,1.000000000000,0.724782260196,0.390204624207,3,4
476,477468,477468,477468,184388,160008,1783334485222936853,1783334485223229933,1783334485223229933,1783334485223096861,1783334485223414321,1783334485223414321,2,0,1.000000000000,1.000000000000,1.000000000000,0.726137418782,0.384836773318,3,4
477,471235,471235,471235,185569,159483,1783334485223054614,1783334485223340280,1783334485223340280,1783334485223214097,1783334485223525849,1783334485223525849,1,1,1.000000000000,1.000000000000,1.000000000000,0.726900263495,0.389664175215,3,4
478,473700,473700,473700,185469,160778,1783334485223172125,1783334485223460356,1783334485223460356,1783334485223332903,1783334485223645825,1783334485223645825,1,0,1.000000000000,1.000000000000,1.000000000000,0.725020027769,0.387747858434,3,4
479,484946,484946,484946,188120,161944,1783334485223289736,1783334485223586562,1783334485223586562,1783334485223451680,1783334485223774682,1783334485223774682,2,1,1.000000000000,1.000000000000,1.000000000000,0.723331250943,0.379123981282,3,4
480,475333,475333,475333,186140,161001,1783334485223409206,1783334485223698399,1783334485223698399,1783334485223570207,1783334485223884539,1783334485223884539,2,3,1.000000000000,1.000000000000,1.000000000000,0.724696740935,0.386483539684,3,4
481,474758,474758,474758,186269,159547,1783334485223529677,1783334485223818166,1783334485223818166,1783334485223689224,1783334485224004435,1783334485224004435,1,2,1.000000000000,1.000000000000,1.000000000000,0.726807226216,0.386928251415,3,4
482,473293,473293,473293,186319,161093,1783334485223649788,1783334485223936762,1783334485223936762,1783334485223810881,1783334485224123081,1783334485224123081,3,2,1.000000000000,1.000000000000,1.000000000000,0.724563409002,0.388063613685,3,4
483,472760,472760,472760,184519,164668,1783334485223770458,1783334485224058699,1783334485224058699,1783334485223935126,1783334485224243218,1783334485224243218,1,3,1.000000000000,1.000000000000,1.000000000000,0.719401257311,0.388477510065,3,4
484,471815,471815,471815,186098,160975,1783334485223890079,1783334485224175796,1783334485224175796,1783334485224051054,1783334485224361894,1783334485224361894,3,0,1.000000000000,1.000000000000,1.000000000000,0.724734426145,0.389212426837,3,4
485,484739,484739,484739,191828,164208,1783334485224014711,1783334485224307622,1783334485224307622,1783334485224178919,1783334485224499450,1783334485224499450,2,1,1.000000000000,1.000000000000,1.000000000000,0.720063411012,0.379280971105,3,4
486,465877,465877,465877,179769,159745,1783334485224136471,1783334485224422579,1783334485224422579,1783334485224296216,1783334485224602348,1783334485224602348,2,3,1.000000000000,1.000000000000,1.000000000000,0.726519467534,0.393862269734,3,4
487,469772,469772,469772,184589,162452,1783334485224254072,1783334485224539255,1783334485224539255,1783334485224416524,1783334485224723844,1783334485224723844,3,1,1.000000000000,1.000000000000,1.000000000000,0.722596719598,0.390806002270,3,4
488,479649,479649,479649,190210,161837,1783334485224371583,1783334485224661022,1783334485224661022,1783334485224533420,1783334485224851232,1783334485224851232,2,2,1.000000000000,1.000000000000,1.000000000000,0.723486060395,0.383161771149,3,4
489,474375,474375,474375,185230,160993,1783334485224491333,1783334485224780478,1783334485224780478,1783334485224652326,1783334485224965708,1783334485224965708,2,3,1.000000000000,1.000000000000,1.000000000000,0.724708336176,0.387224752001,3,4
490,472211,472211,472211,185430,161740,1783334485224611794,1783334485224898575,1783334485224898575,1783334485224773534,1783334485225084005,1783334485225084005,0,2,1.000000000000,1.000000000000,1.000000000000,0.723626430306,0.388904292632,3,4
491,474067,474067,474067,186831,161604,1783334485224732235,1783334485225019471,1783334485225019471,1783334485224893839,1783334485225206302,1783334485225206302,3,3,1.000000000000,1.000000000000,1.000000000000,0.723823283466,0.387463355931,3,4
492,470992,470992,470992,183640,161241,1783334485224852226,1783334485225139578,1783334485225139578,1783334485225013467,1783334485225323218,1783334485225323218,1,3,1.000000000000,1.000000000000,1.000000000000,0.724348969971,0.389853598031,3,4
493,475948,475948,475948,188091,161157,1783334485224975547,1783334485225263404,1783334485225263404,1783334485225136704,1783334485225451495,1783334485225451495,3,3,1.000000000000,1.000000000000,1.000000000000,0.724470670821,0.386008457166,3,4
494,471524,471524,471524,184461,160961,1783334485225093148,1783334485225380211,1783334485225380211,1783334485225254109,1783334485225564672,1783334485225564672,1,2,1.000000000000,1.000000000000,1.000000000000,0.724754718993,0.389439014400,3,4
495,473919,473919,473919,184219,161408,1783334485225212338,1783334485225502038,1783334485225502038,1783334485225373746,1783334485225686257,1783334485225686257,3,3,1.000000000000,1.000000000000,1.000000000000,0.724107077813,0.387578062060,3,4
496,478836,478836,478836,187921,161785,1783334485225331549,1783334485225622464,1783334485225622464,1783334485225493334,1783334485225810385,1783334485225810385,2,2,1.000000000000,1.000000000000,1.000000000000,0.723561306858,0.383785298979,3,4
497,493320,493320,493320,205929,161340,1783334485225452850,1783334485225740241,1783334485225740241,1783334485225614190,1783334485225946170,1783334485225946170,1,2,1.000000000000,1.000000000000,1.000000000000,0.724205563073,0.372827288531,3,4
498,476038,476038,476038,189400,160887,1783334485225572240,1783334485225858878,1783334485225858878,1783334485225733127,1783334485226048278,1783334485226048278,2,3,1.000000000000,1.000000000000,1.000000000000,0.724861990630,0.385938981897,3,4
499,472713,472713,472713,185629,164492,1783334485225703051,1783334485225990135,1783334485225990135,1783334485225867543,1783334485226175764,1783334485226175764,1,2,1.000000000000,1.000000000000,1.000000000000,0.719654531127,0.388514028668,3,4
500,473627,473627,473627,185989,159827,1783334485225823833,1783334485226111471,1783334485226111471,1783334485225983660,1783334485226297460,1783334485226297460,2,1,1.000000000000,1.000000000000,1.000000000000,0.726400328111,0.387804473754,3,4
501,472334,472334,472334,185709,159754,1783334485225941383,1783334485226228008,1783334485226228008,1783334485226101137,1783334485226413717,1783334485226413717,2,2,1.000000000000,1.000000000000,1.000000000000,0.726506390302,0.388808633943,3,4
502,477670,477670,477670,185670,171508,1783334485226066594,1783334485226358594,1783334485226358594,1783334485226238102,1783334485226544264,1783334485226544264,2,1,1.000000000000,1.000000000000,1.000000000000,0.709626857440,0.384681330663,3,4
503,473586,473586,473586,185069,159546,1783334485226180624,1783334485226469141,1783334485226469141,1783334485226340170,1783334485226654210,1783334485226654210,0,0,1.000000000000,1.000000000000,1.000000000000,0.726808679832,0.387836275025,3,4
504,480673,480673,480673,186721,162402,1783334485226298345,1783334485226592297,1783334485226592297,1783334485226460747,1783334485226779018,1783334485226779018,1,0,1.000000000000,1.000000000000,1.000000000000,0.722668982883,0.382377858842,3,4
505,475099,475099,475099,185501,161316,1783334485226418276,1783334485226707874,1783334485226707874,1783334485226579592,1783334485226893375,1783334485226893375,2,1,1.000000000000,1.000000000000,1.000000000000,0.724240325774,0.386664456312,3,4
506,470974,470974,470974,184409,160963,1783334485226537866,1783334485226824431,1783334485226824431,1783334485226698829,1783334485227008840,1783334485227008840,2,2,1.000000000000,1.000000000000,1.000000000000,0.724751819980,0.389867633013,3,4
507,473990,473990,473990,184971,161328,1783334485226658498,1783334485226947517,1783334485226947517,1783334485226819826,1783334485227132488,1783334485227132488,2,2,1.000000000000,1.000000000000,1.000000000000,0.724222944215,0.387523029882,3,4
508,472286,472286,472286,186931,160574,1783334485226779079,1783334485227064434,1783334485227064434,1783334485226939653,1783334485227251365,1783334485227251365,0,0,1.000000000000,1.000000000000,1.000000000000,0.725315896293,0.388845961363,3,4
509,472682,472682,472682,187120,153760,1783334485226896859,1783334485227182421,1783334485227182421,1783334485227050619,1783334485227369541,1783334485227369541,2,2,1.000000000000,1.000000000000,1.000000000000,0.735268162038,0.388538117284,3,4
510,474417,474417,474417,186830,160737,1783334485227023750,1783334485227311337,1783334485227311337,1783334485227184487,1783334485227498167,1783334485227498167,2,0,1.000000000000,1.000000000000,1.000000000000,0.725079481849,0.387192226488,3,4
511,472043,472043,472043,184301,163742,1783334485227142481,1783334485227430223,1783334485227430223,1783334485227306223,1783334485227614524,1783334485227614524,2,3,1.000000000000,1.000000000000,1.000000000000,0.720734822940,0.389034986430,3,4
512,473300,473300,473300,186501,165269,1783334485227262991,1783334485227549790,1783334485227549790,1783334485227428260,1783334485227736291,1783334485227736291,3,2,1.000000000000,1.000000000000,1.000000000000,0.718537056489,0.388058180833,3,4
513,472796,472796,472796,181842,161344,1783334485227384692,1783334485227675646,1783334485227675646,1783334485227546036,1783334485227857488,1783334485227857488,0,3,1.000000000000,1.000000000000,1.000000000000,0.724199769451,0.388449540691,3,4
514,474580,474580,474580,185010,160789,1783334485227505313,1783334485227794883,1783334485227794883,1783334485227666102,1783334485227979893,1783334485227979893,3,2,1.000000000000,1.000000000000,1.000000000000,0.725004077504,0.387066022395,3,4
515,468516,468516,468516,182270,163596,1783334485227628154,1783334485227914400,1783334485227914400,1783334485227791750,1783334485228096670,1783334485228096670,3,1,1.000000000000,1.000000000000,1.000000000000,0.720945308238,0.391788941002,3,4
516,472781,472781,472781,187560,160701,1783334485227750465,1783334485228035686,1783334485228035686,1783334485227911166,1783334485228223246,1783334485228223246,0,2,1.000000000000,1.000000000000,1.000000000000,0.725131689451,0.388461194352,3,4
517,470097,470097,470097,184940,159866,1783334485227868066,1783334485228153223,1783334485228153223,1783334485228027932,1783334485228338163,1783334485228338163,0,3,1.000000000000,1.000000000000,1.000000000000,0.726343671095,0.390552060909,3,4
518,474235,474235,474235,188462,159912,1783334485227993096,1783334485228278869,1783334485228278869,1783334485228153008,1783334485228467331,1783334485228467331,0,0,1.000000000000,1.000000000000,1.000000000000,0.726276850551,0.387333190112,3,4
519,473580,473580,473580,184401,160989,1783334485228110967,1783334485228400146,1783334485228400146,1783334485228271956,1783334485228584547,1783334485228584547,1,2,1.000000000000,1.000000000000,1.000000000000,0.724714133865,0.387840929088,3,4
520,469585,469585,469585,184531,165245,1783334485228231148,1783334485228516202,1783334485228516202,1783334485228396393,1783334485228700733,1783334485228700733,3,0,1.000000000000,1.000000000000,1.000000000000,0.718571547095,0.390952191051,3,4
521,476203,476203,476203,185252,160731,1783334485228350538,1783334485228641489,1783334485228641489,1783334485228511269,1783334485228826741,1783334485228826741,2,3,1.000000000000,1.000000000000,1.000000000000,0.725088182855,0.385811643045,3,4
522,472237,472237,472237,185332,160815,1783334485228476460,1783334485228763365,1783334485228763365,1783334485228637275,1783334485228948697,1783334485228948697,0,0,1.000000000000,1.000000000000,1.000000000000,0.724966378272,0.388884070135,3,4
523,471823,471823,471823,184401,160892,1783334485228596791,1783334485228884213,1783334485228884213,1783334485228757683,1783334485229068614,1783334485229068614,0,3,1.000000000000,1.000000000000,1.000000000000,0.724854742046,0.389206199488,3,4
524,470209,470209,470209,184840,160298,1783334485228716101,1783334485229001470,1783334485229001470,1783334485228876399,1783334485229186310,1783334485229186310,2,2,1.000000000000,1.000000000000,1.000000000000,0.725716381192,0.390464587045,3,4
525,471435,471435,471435,186171,159544,1783334485228834952,1783334485229120216,1783334485229120216,1783334485228994496,1783334485229306387,1783334485229306387,3,2,1.000000000000,1.000000000000,1.000000000000,0.726811587072,0.389508340714,3,4
526,471030,471030,471030,184870,159699,1783334485228952543,1783334485229238703,1783334485229238703,1783334485229112242,1783334485229423573,1783334485229423573,2,2,1.000000000000,1.000000000000,1.000000000000,0.726586310400,0.389823970283,3,4
527,470617,470617,470617,183071,160165,1783334485229070493,1783334485229358039,1783334485229358039,1783334485229230658,1783334485229541110,1783334485229541110,1,1,1.000000000000,1.000000000000,1.000000000000,0.725909447426,0.390146097903,3,4
528,471593,471593,471593,184561,159842,1783334485229187564,1783334485229474596,1783334485229474596,1783334485229347406,1783334485229659157,1783334485229659157,3,0,1.000000000000,1.000000000000,1.000000000000,0.726378536428,0.389385275524,3,4
529,484548,484548,484548,192810,160228,1783334485229305095,1783334485229596833,1783334485229596833,1783334485229465323,1783334485229789643,1783334485229789643,1,3,1.000000000000,1.000000000000,1.000000000000,0.725817988598,0.379425884113,3,4
530,495393,495393,495393,201050,171862,1783334485229423046,1783334485229717389,1783334485229717389,1783334485229594908,1783334485229918439,1783334485229918439,1,2,1.000000000000,1.000000000000,1.000000000000,0.709124619438,0.371284746492,3,4
531,482049,482049,482049,195270,164769,1783334485229536687,1783334485229823466,1783334485229823466,1783334485229701456,1783334485230018736,1783334485230018736,3,3,1.000000000000,1.000000000000,1.000000000000,0.719255952934,0.381327001617,3,4
532,485046,485046,485046,196611,161695,1783334485229657638,1783334485229946073,1783334485229946073,1783334485229819333,1783334485230142684,1783334485230142684,2,0,1.000000000000,1.000000000000,1.000000000000,0.723691559616,0.379048164068,3,4
533,482531,482531,482531,197530,160340,1783334485229781078,1783334485230066079,1783334485230066079,1783334485229941418,1783334485230263609,1783334485230263609,2,2,1.000000000000,1.000000000000,1.000000000000,0.725655423576,0.380959579513,3,4
534,485287,485287,485287,200431,157327,1783334485229906759,1783334485230191615,1783334485230191615,1783334485230064086,1783334485230392046,1783334485230392046,2,2,1.000000000000,1.000000000000,1.000000000000,0.730041424908,0.378865506877,3,4
535,488692,488692,488692,201600,160322,1783334485230024550,1783334485230311642,1783334485230311642,1783334485230184872,1783334485230513242,1783334485230513242,0,2,1.000000000000,1.000000000000,1.000000000000,0.725681547642,0.376294198019,3,4
536,489679,489679,489679,204340,161399,1783334485230146320,1783334485230431659,1783334485230431659,1783334485230307719,1783334485230635999,1783334485230635999,3,1,1.000000000000,1.000000000000,1.000000000000,0.724120111858,0.375552125938,3,4
537,493244,493244,493244,207261,160883,1783334485230266442,1783334485230552425,1783334485230552425,1783334485230427325,1783334485230759686,1783334485230759686,1,0,1.000000000000,1.000000000000,1.000000000000,0.724867789549,0.372883962586,3,4
538,493151,493151,493151,206151,161000,1783334485230384072,1783334485230671072,1783334485230671072,1783334485230545072,1783334485230877223,1783334485230877223,1,3,1.000000000000,1.000000000000,1.000000000000,0.724698190330,0.372953325454,3,4
539,489196,489196,489196,199931,158985,1783334485230506253,1783334485230795518,1783334485230795518,1783334485230665238,1783334485230995449,1783334485230995449,1,0,1.000000000000,1.000000000000,1.000000000000,0.727624616826,0.375915084573,3,4
540,493072,493072,493072,207321,161031,1783334485230626784,1783334485230912535,1783334485230912535,1783334485230787815,1783334485231119856,1783334485231119856,1,3,1.000000000000,1.000000000000,1.000000000000,0.724653260435,0.373012256735,3,4
541,498269,498269,498269,211312,160827,1783334485230745924,1783334485231032881,1783334485231032881,1783334485230906751,1783334485231244193,1783334485231244193,1,3,1.000000000000,1.000000000000,1.000000000000,0.724948979288,0.369155246942,3,4
542,487004,487004,487004,202491,160084,1783334485230868775,1783334485231153288,1783334485231153288,1783334485231028859,1783334485231355779,1783334485231355779,1,2,1.000000000000,1.000000000000,1.000000000000,0.726027054282,0.377566714030,3,4
543,498470,498470,498470,209212,159660,1783334485230986256,1783334485231275514,1783334485231275514,1783334485231145916,1783334485231484726,1783334485231484726,1,1,1.000000000000,1.000000000000,1.000000000000,0.726642986343,0.369006876358,3,4
544,499907,499907,499907,212822,161265,1783334485231103836,1783334485231390921,1783334485231390921,1783334485231265101,1783334485231603743,1783334485231603743,0,2,1.000000000000,1.000000000000,1.000000000000,0.724314202055,0.367947873111,3,4
545,492431,492431,492431,206581,160020,1783334485231223018,1783334485231508868,1783334485231508868,1783334485231383038,1783334485231715449,1783334485231715449,3,0,1.000000000000,1.000000000000,1.000000000000,0.726119991693,0.373490765106,3,4
546,498787,498787,498787,207182,165725,1783334485231340809,1783334485231632414,1783334485231632414,1783334485231506534,1783334485231839596,1783334485231839596,1,3,1.000000000000,1.000000000000,1.000000000000,0.717882049422,0.368773000145,3,4
547,502424,502424,502424,214912,164282,1783334485231461309,1783334485231748821,1783334485231748821,1783334485231625591,1783334485231963733,1783334485231963733,1,3,1.000000000000,1.000000000000,1.000000000000,0.719956849513,0.366100277817,3,4
548,471239,471239,471239,184440,161039,1783334485231580740,1783334485231867539,1783334485231867539,1783334485231741779,1783334485232051979,1783334485232051979,1,2,1.000000000000,1.000000000000,1.000000000000,0.724641666076,0.389661057914,3,4
549,471625,471625,471625,184281,161005,1783334485231701331,1783334485231988675,1783334485231988675,1783334485231862336,1783334485232172956,1783334485232172956,2,0,1.000000000000,1.000000000000,1.000000000000,0.724690943384,0.389360355664,3,4
550,472541,472541,472541,184590,155470,1783334485231820611,1783334485232108562,1783334485232108562,1783334485231976081,1783334485232293152,1783334485232293152,3,1,1.000000000000,1.000000000000,1.000000000000,0.732757840021,0.388647700484,3,4
551,473498,473498,473498,186282,160827,1783334485231944522,1783334485232231738,1783334485232231738,1783334485232105349,1783334485232418020,1783334485232418020,0,3,1.000000000000,1.000000000000,1.000000000000,0.724948979288,0.387904540216,3,4
552,472724,472724,472724,184862,159892,1783334485232064753,1783334485232352615,1783334485232352615,1783334485232224645,1783334485232537477,1783334485232537477,1,2,1.000000000000,1.000000000000,1.000000000000,0.726305902207,0.388505481453,3,4
553,469118,469118,469118,184831,159387,1783334485232182104,1783334485232466391,1783334485232466391,1783334485232341491,1783334485232651222,1783334485232651222,2,0,1.000000000000,1.000000000000,1.000000000000,0.727039841745,0.391317510975,3,4
554,482334,482334,482334,188421,161203,1783334485232299825,1783334485232593738,1783334485232593738,1783334485232461028,1783334485232782159,1783334485232782159,2,0,1.000000000000,1.000000000000,1.000000000000,0.724404022585,0.381109707161,3,4
555,471221,471221,471221,184201,160280,1783334485232417255,1783334485232704275,1783334485232704275,1783334485232577535,1783334485232888476,1783334485232888476,3,0,1.000000000000,1.000000000000,1.000000000000,0.725742507452,0.389675085965,3,4
556,472906,472906,472906,185381,160866,1783334485232539746,1783334485232827271,1783334485232827271,1783334485232700612,1783334485233012652,1783334485233012652,3,1,1.000000000000,1.000000000000,1.000000000000,0.724892435473,0.388364091192,3,4
557,477843,477843,477843,190222,160712,1783334485232660877,1783334485232948498,1783334485232948498,1783334485232821589,1783334485233138720,1783334485233138720,1,0,1.000000000000,1.000000000000,1.000000000000,0.725115736729,0.384548253947,3,4
558,483179,483179,483179,191002,169028,1783334485232781137,1783334485233073314,1783334485233073314,1783334485232950165,1783334485233264316,1783334485233264316,1,3,1.000000000000,1.000000000000,1.000000000000,0.713155350080,0.380466175693,3,4
559,474554,474554,474554,184221,164043,1783334485232897048,1783334485233187381,1783334485233187381,1783334485233061091,1783334485233371602,1783334485233371602,0,2,1.000000000000,1.000000000000,1.000000000000,0.720301071149,0.387086150351,3,4
560,478029,478029,478029,187442,169237,1783334485233016110,1783334485233306697,1783334485233306697,1783334485233185347,1783334485233494139,1783334485233494139,3,3,1.000000000000,1.000000000000,1.000000000000,0.712857313438,0.384405228601,3,4
561,473996,473996,473996,184452,160085,1783334485233144110,1783334485233433654,1783334485233433654,1783334485233304195,1783334485233618106,1783334485233618106,1,3,1.000000000000,1.000000000000,1.000000000000,0.726025602230,0.387518379634,3,4
562,467821,467821,467821,182632,160301,1783334485233262611,1783334485233547800,1783334485233547800,1783334485233422912,1783334485233730432,1783334485233730432,1,1,1.000000000000,1.000000000000,1.000000000000,0.725712026907,0.392333906293,3,4
563,474797,474797,474797,187112,164465,1783334485233380032,1783334485233667717,1783334485233667717,1783334485233544497,1783334485233854829,1783334485233854829,1,0,1.000000000000,1.000000000000,1.000000000000,0.719693393521,0.386898072189,3,4
564,472763,472763,472763,187241,160592,1783334485233499242,1783334485233784764,1783334485233784764,1783334485233659834,1783334485233972005,1783334485233972005,3,1,1.000000000000,1.000000000000,1.000000000000,0.725289785391,0.388475179207,3,4
565,472309,472309,472309,185952,159989,1783334485233619573,1783334485233905930,1783334485233905930,1783334485233779562,1783334485234091882,1783334485234091882,1,2,1.000000000000,1.000000000000,1.000000000000,0.726165012528,0.388828074860,3,4
566,471966,471966,471966,186002,159265,1783334485233740653,1783334485234026617,1783334485234026617,1783334485233899918,1783334485234212619,1783334485234212619,2,3,1.000000000000,1.000000000000,1.000000000000,0.727217261110,0.389094902431,3,4
567,469830,469830,469830,184152,157430,1783334485233858345,1783334485234144023,1783334485234144023,1783334485234015775,1783334485234328175,1783334485234328175,2,1,1.000000000000,1.000000000000,1.000000000000,0.729891051864,0.390760671403,3,4
568,474916,474916,474916,187192,159965,1783334485233984276,1783334485234272000,1783334485234272000,1783334485234144241,1783334485234459192,1783334485234459192,2,0,1.000000000000,1.000000000000,1.000000000000,0.726199869285,0.386806001404,3,4
569,472344,472344,472344,184574,160572,1783334485234102376,1783334485234390146,1783334485234390146,1783334485234262948,1783334485234574720,1783334485234574720,0,3,1.000000000000,1.000000000000,1.000000000000,0.725318797563,0.388800857848,3,4
570,472199,472199,472199,185893,167208,1783334485234225057,1783334485234511363,1783334485234511363,1783334485234392265,1783334485234697256,1783334485234697256,0,2,1.000000000000,1.000000000000,1.000000000000,0.715755965804,0.388913626447,3,4
571,476645,476645,476645,185454,162993,1783334485234345128,1783334485234636319,1783334485234636319,1783334485234508121,1783334485234821773,1783334485234821773,1,1,1.000000000000,1.000000000000,1.000000000000,0.721815292775,0.385470736256,3,4
572,479121,479121,479121,189043,161070,1783334485234464408,1783334485234754486,1783334485234754486,1783334485234625478,1783334485234943529,1783334485234943529,2,1,1.000000000000,1.000000000000,1.000000000000,0.724596739685,0.383566603693,3,4
573,472237,472237,472237,185733,160695,1783334485234584009,1783334485234870513,1783334485234870513,1783334485234744704,1783334485235056246,1783334485235056246,0,3,1.000000000000,1.000000000000,1.000000000000,0.725140391084,0.388884070135,3,4
574,467532,467532,467532,182852,159180,1783334485234704300,1783334485234988980,1783334485234988980,1783334485234863480,1783334485235171832,1783334485235171832,0,2,1.000000000000,1.000000000000,1.000000000000,0.727340898554,0.392560740840,3,4
575,472987,472987,472987,185242,161136,1783334485234821841,1783334485235109586,1783334485235109586,1783334485234982977,1783334485235294828,1783334485235294828,0,2,1.000000000000,1.000000000000,1.000000000000,0.724501099228,0.388301181305,3,4
576,470254,470254,470254,184953,159852,1783334485234947462,1783334485235232763,1783334485235232763,1783334485235107314,1783334485235417716,1783334485235417716,3,2,1.000000000000,1.000000000000,1.000000000000,0.726364009003,0.390429446813,3,4
577,471059,471059,471059,184283,159918,1783334485235065123,1783334485235351899,1783334485235351899,1783334485235225041,1783334485235536182,1783334485235536182,2,2,1.000000000000,1.000000000000,1.000000000000,0.726268135282,0.389801361148,3,4
578,473055,473055,473055,187532,160755,1783334485235182823,1783334485235468346,1783334485235468346,1783334485235343578,1783334485235655878,1783334485235655878,0,3,1.000000000000,1.000000000000,1.000000000000,0.725053379457,0.388248375936,3,4
579,481412,481412,481412,186594,167760,1783334485235303334,1783334485235598152,1783334485235598152,1783334485235471094,1783334485235784746,1783334485235784746,3,3,1.000000000000,1.000000000000,1.000000000000,0.714966207245,0.381813121810,3,4
580,470907,470907,470907,183463,160995,1783334485235423545,1783334485235710989,1783334485235710989,1783334485235584540,1783334485235894452,1783334485235894452,0,3,1.000000000000,1.000000000000,1.000000000000,0.724705437348,0.389919878776,3,4
581,470264,470264,470264,184213,154922,1783334485235543835,1783334485235829886,1783334485235829886,1783334485235698757,1783334485236014099,1783334485236014099,2,3,1.000000000000,1.000000000000,1.000000000000,0.733561382875,0.390421638302,3,4
582,471419,471419,471419,185844,160037,1783334485235664297,1783334485235949872,1783334485235949872,1783334485235824334,1783334485236135716,1783334485236135716,1,1,1.000000000000,1.000000000000,1.000000000000,0.726095304033,0.389520805181,3,4
583,477764,477764,477764,186943,161693,1783334485235781948,1783334485236072769,1783334485236072769,1783334485235943641,1783334485236259712,1783334485236259712,2,1,1.000000000000,1.000000000000,1.000000000000,0.723694454388,0.384609017371,3,4
584,469880,469880,469880,184712,159969,1783334485235901318,1783334485236186486,1783334485236186486,1783334485236061287,1783334485236371198,1783334485236371198,3,1,1.000000000000,1.000000000000,1.000000000000,0.726194059710,0.390721597290,3,4
585,480827,480827,480827,196484,159156,1783334485236024399,1783334485236308742,1783334485236308742,1783334485236183555,1783334485236505226,1783334485236505226,1,1,1.000000000000,1.000000000000,1.000000000000,0.727375811755,0.382260104596,3,4
586,482751,482751,482751,188063,171491,1783334485236141080,1783334485236435768,1783334485236435768,1783334485236312571,1783334485236623831,1783334485236623831,3,1,1.000000000000,1.000000000000,1.000000000000,0.709650985163,0.380791994170,3,4
587,470668,470668,470668,183883,162197,1783334485236254640,1783334485236541425,1783334485236541425,1783334485236416837,1783334485236725308,1783334485236725308,3,2,1.000000000000,1.000000000000,1.000000000000,0.722965337914,0.390106305030,3,4
588,474125,474125,474125,185534,161494,1783334485236375111,1783334485236663702,1783334485236663702,1783334485236536605,1783334485236849236,1783334485236849236,2,0,1.000000000000,1.000000000000,1.000000000000,0.723982542106,0.387418412788,3,4
589,472311,472311,472311,185015,160908,1783334485236494942,1783334485236782238,1783334485236782238,1783334485236655850,1783334485236967253,1783334485236967253,3,3,1.000000000000,1.000000000000,1.000000000000,0.724831547065,0.388826519551,3,4
590,473955,473955,473955,183223,162944,1783334485236614203,1783334485236904935,1783334485236904935,1783334485236777147,1783334485237088158,1783334485237088158,1,1,1.000000000000,1.000000000000,1.000000000000,0.721886034140,0.387550157444,3,4
591,473961,473961,473961,184613,160870,1783334485236730814,1783334485237020162,1783334485237020162,1783334485236891684,1783334485237204775,1783334485237204775,1,0,1.000000000000,1.000000000000,1.000000000000,0.724886636356,0.387545506870,3,4
592,468328,468328,468328,184045,159456,1783334485236849915,1783334485237134198,1783334485237134198,1783334485237009371,1783334485237318243,1783334485237318243,2,3,1.000000000000,1.000000000000,1.000000000000,0.726939517169,0.391936281342,3,4
593,473074,473074,473074,186594,159843,1783334485236973605,1783334485237260085,1783334485237260085,1783334485237133448,1783334485237446679,1783334485237446679,3,0,1.000000000000,1.000000000000,1.000000000000,0.726377083673,0.388233622778,3,4
594,477479,477479,477479,184974,160819,1783334485237098946,1783334485237391451,1783334485237391451,1783334485237259765,1783334485237576425,1783334485237576425,3,2,1.000000000000,1.000000000000,1.000000000000,0.724960578564,0.384828307002,3,4
595,469975,469975,469975,184324,166483,1783334485237218367,1783334485237504018,1783334485237504018,1783334485237384850,1783334485237688342,1783334485237688342,1,3,1.000000000000,1.000000000000,1.000000000000,0.716794564757,0.390647367239,3,4
596,475251,475251,475251,186314,161111,1783334485237331967,1783334485237620904,1783334485237620904,1783334485237493078,1783334485237807218,1783334485237807218,2,1,1.000000000000,1.000000000000,1.000000000000,0.724537325188,0.386546928183,3,4
597,472956,472956,472956,186054,160596,1783334485237452379,1783334485237739281,1783334485237739281,1783334485237612975,1783334485237925335,1783334485237925335,2,1,1.000000000000,1.000000000000,1.000000000000,0.725283983096,0.388325256725,3,4
598,471133,471133,471133,185753,160281,1783334485237571299,1783334485237856679,1783334485237856679,1783334485237731580,1783334485238042432,1783334485238042432,0,2,1.000000000000,1.000000000000,1.000000000000,0.725741055968,0.389743674816,3,4
599,473459,473459,473459,185434,160117,1783334485237701520,1783334485237989545,1783334485237989545,1783334485237861637,1783334485238174979,1783334485238174979,3,0,1.000000000000,1.000000000000,1.000000000000,0.725979138078,0.387934797950,3,4
600,476764,476764,476764,192023,160032,1783334485237820321,1783334485238105062,1783334485238105062,1783334485237980353,1783334485238297085,1783334485238297085,0,2,1.000000000000,1.000000000000,1.000000000000,0.726102565022,0.385379005137,3,4
601,477501,477501,477501,187004,161370,1783334485237938831,1783334485238229328,1783334485238229328,1783334485238100201,1783334485238416332,1783334485238416332,2,3,1.000000000000,1.000000000000,1.000000000000,0.724162112042,0.384811374929,3,4
602,471646,471646,471646,184833,161506,1783334485238055092,1783334485238341905,1783334485238341905,1783334485238216598,1783334485238526738,1783334485238526738,0,2,1.000000000000,1.000000000000,1.000000000000,0.723965166734,0.389344002872,3,4
603,474743,474743,474743,188514,159832,1783334485238170703,1783334485238456932,1783334485238456932,1783334485238330535,1783334485238645446,1783334485238645446,0,0,1.000000000000,1.000000000000,1.000000000000,0.726393064144,0.386939859437,3,4
604,482299,482299,482299,186484,161308,1783334485238293663,1783334485238589478,1783334485238589478,1783334485238454971,1783334485238775962,1783334485238775962,1,0,1.000000000000,1.000000000000,1.000000000000,0.724251913712,0.381136385774,3,4
605,473654,473654,473654,185134,155352,1783334485238412985,1783334485238701505,1783334485238701505,1783334485238568337,1783334485238886639,1783334485238886639,0,0,1.000000000000,1.000000000000,1.000000000000,0.732930791278,0.387783532878,3,4
606,471199,471199,471199,186004,163818,1783334485238533526,1783334485238818721,1783334485238818721,1783334485238697344,1783334485239004725,1783334485239004725,0,0,1.000000000000,1.000000000000,1.000000000000,0.720625279573,0.389692232046,3,4
607,474927,474927,474927,185205,160624,1783334485238646786,1783334485238936508,1783334485238936508,1783334485238807410,1783334485239121713,1783334485239121713,1,2,1.000000000000,1.000000000000,1.000000000000,0.725243368330,0.386797491766,3,4
608,477841,477841,477841,184864,159830,1783334485238765897,1783334485239058874,1783334485239058874,1783334485238925727,1783334485239243738,1783334485239243738,3,0,1.000000000000,1.000000000000,1.000000000000,0.726395969722,0.384549792143,3,4
609,469727,469727,469727,185044,159895,1783334485238893368,1783334485239178051,1783334485239178051,1783334485239053263,1783334485239363095,1783334485239363095,1,1,1.000000000000,1.000000000000,1.000000000000,0.726301544384,0.390841176393,3,4
610,476273,476273,476273,184604,163502,1783334485239011618,1783334485239303287,1783334485239303287,1783334485239175120,1783334485239487891,1783334485239487891,1,3,1.000000000000,1.000000000000,1.000000000000,0.721080858697,0.385757633196,3,4
611,473730,473730,473730,188225,162888,1783334485239133049,1783334485239418554,1783334485239418554,1783334485239295937,1783334485239606779,1783334485239606779,1,0,1.000000000000,1.000000000000,1.000000000000,0.721966889904,0.387724594260,3,4
612,484603,484603,484603,197373,161283,1783334485239253401,1783334485239540631,1783334485239540631,1783334485239414684,1783334485239738004,1783334485239738004,0,3,1.000000000000,1.000000000000,1.000000000000,0.724288127213,0.379384149561,3,4
613,476111,476111,476111,186435,160509,1783334485239373641,1783334485239663317,1783334485239663317,1783334485239534150,1783334485239849752,1783334485239849752,2,1,1.000000000000,1.000000000000,1.000000000000,0.725410193489,0.385882638919,3,4
614,477337,477337,477337,184596,172965,1783334485239494232,1783334485239786973,1783334485239786973,1783334485239667197,1783334485239971569,1783334485239971569,2,0,1.000000000000,1.000000000000,1.000000000000,0.707562014714,0.384937613762,3,4
615,473802,473802,473802,184895,161290,1783334485239607753,1783334485239896660,1783334485239896660,1783334485239769043,1783334485240081555,1783334485240081555,0,2,1.000000000000,1.000000000000,1.000000000000,0.724277987250,0.387668765938,3,4
616,470219,470219,470219,184845,159437,1783334485239727923,1783334485240013297,1783334485240013297,1783334485239887360,1783334485240198142,1783334485240198142,2,1,1.000000000000,1.000000000000,1.000000000000,0.726967141396,0.390456777831,3,4
617,470094,470094,470094,183894,159354,1783334485239845394,1783334485240131594,1783334485240131594,1783334485240004748,1783334485240315488,1783334485240315488,1,1,1.000000000000,1.000000000000,1.000000000000,0.727087827958,0.390554404228,3,4
618,469951,469951,469951,185146,159559,1783334485239967665,1783334485240252470,1783334485240252470,1783334485240127224,1783334485240437616,1783334485240437616,2,1,1.000000000000,1.000000000000,1.000000000000,0.726789783052,0.390666118762,3,4
619,475087,475087,475087,185405,160536,1783334485240085065,1783334485240374747,1783334485240374747,1783334485240245601,1783334485240560152,1783334485240560152,0,1,1.000000000000,1.000000000000,1.000000000000,0.725371022396,0.386673736371,3,4
620,470542,470542,470542,184336,160731,1783334485240207407,1783334485240493613,1783334485240493613,1783334485240368138,1783334485240677949,1783334485240677949,1,3,1.000000000000,1.000000000000,1.000000000000,0.725088182855,0.390204624207,3,4
621,477437,477437,477437,187085,161196,1783334485240326658,1783334485240617010,1783334485240617010,1783334485240487854,1783334485240804095,1783334485240804095,0,0,1.000000000000,1.000000000000,1.000000000000,0.724414164312,0.384860633938,3,4
622,478354,478354,478354,188166,161403,1783334485240445588,1783334485240735776,1783334485240735776,1783334485240606991,1783334485240923942,1783334485240923942,2,0,1.000000000000,1.000000000000,1.000000000000,0.724114318920,0.384155446390,3,4
623,492239,492239,492239,188755,161378,1783334485240566599,1783334485240870083,1783334485240870083,1783334485240727977,1783334485241058838,1783334485241058838,0,0,1.000000000000,1.000000000000,1.000000000000,0.724150525541,0.373634213100,3,4
624,469975,469975,469975,184324,160274,1783334485240687250,1783334485240972901,1783334485240972901,1783334485240847524,1783334485241157225,1783334485241157225,0,0,1.000000000000,1.000000000000,1.000000000000,0.725751216414,0.390647367239,3,4
625,469491,469491,469491,184284,160371,1783334485240800550,1783334485241085757,1783334485241085757,1783334485240960921,1783334485241270041,1783334485241270041,3,2,1.000000000000,1.000000000000,1.000000000000,0.725610434335,0.391025696972,3,4
626,478898,478898,478898,190825,161047,1783334485240923491,1783334485241211564,1783334485241211564,1783334485241084538,1783334485241402389,1783334485241402389,2,2,1.000000000000,1.000000000000,1.000000000000,0.724630071902,0.383737712553,3,4
627,471043,471043,471043,185486,163791,1783334485241046443,1783334485241332000,1783334485241332000,1783334485241210234,1783334485241517486,1783334485241517486,0,2,1.000000000000,1.000000000000,1.000000000000,0.720664194389,0.389813834992,3,4
628,475779,475779,475779,189045,164448,1783334485241164603,1783334485241451337,1783334485241451337,1783334485241329051,1783334485241640382,1783334485241640382,3,2,1.000000000000,1.000000000000,1.000000000000,0.719717863513,0.386138950077,3,4
629,470964,470964,470964,186374,163544,1783334485241278604,1783334485241563194,1783334485241563194,1783334485241442148,1783334485241749568,1783334485241749568,1,3,1.000000000000,1.000000000000,1.000000000000,0.721020290449,0.389875430443,3,4
630,473671,473671,473671,183775,161040,1783334485241392154,1783334485241682050,1783334485241682050,1783334485241553194,1783334485241865825,1783334485241865825,2,1,1.000000000000,1.000000000000,1.000000000000,0.724640216794,0.387770348462,3,4
631,470337,470337,470337,183275,162526,1783334485241514955,1783334485241802017,1783334485241802017,1783334485241677481,1783334485241985292,1783334485241985292,2,1,1.000000000000,1.000000000000,1.000000000000,0.722489783197,0.390364640904,3,4
632,468512,468512,468512,183785,160312,1783334485241635066,1783334485241919793,1783334485241919793,1783334485241795378,1783334485242103578,1783334485242103578,0,1,1.000000000000,1.000000000000,1.000000000000,0.725696061418,0.391792075326,3,4
633,473869,473869,473869,185695,159197,1783334485241757306,1783334485242045480,1783334485242045480,1783334485241916503,1783334485242231175,1783334485242231175,2,1,1.000000000000,1.000000000000,1.000000000000,0.727316169384,0.387616821804,3,4
634,469035,469035,469035,182685,159184,1783334485241874907,1783334485242161257,1783334485242161257,1783334485242034091,1783334485242343942,1783334485242343942,2,1,1.000000000000,1.000000000000,1.000000000000,0.727335079850,0.391382475074,3,4
635,472129,472129,472129,185525,159718,1783334485241997879,1783334485242284483,1783334485242284483,1783334485242157597,1783334485242470008,1783334485242470008,3,1,1.000000000000,1.000000000000,1.000000000000,0.726558700645,0.388968078166,3,4
636,469707,469707,469707,183676,161264,1783334485242115629,1783334485242401660,1783334485242401660,1783334485242276893,1783334485242585336,1783334485242585336,1,1,1.000000000000,1.000000000000,1.000000000000,0.724315650685,0.390856810353,3,4
637,475382,475382,475382,185566,167620,1783334485242234830,1783334485242524646,1783334485242524646,1783334485242402450,1783334485242710212,1783334485242710212,3,3,1.000000000000,1.000000000000,1.000000000000,0.715166425812,0.386445666153,3,4
638,474738,474738,474738,186096,160867,1783334485242354291,1783334485242642933,1783334485242642933,1783334485242515158,1783334485242829029,1783334485242829029,1,0,1.000000000000,1.000000000000,1.000000000000,0.724890985689,0.386943728855,3,4
639,469964,469964,469964,181566,161052,1783334485242474731,1783334485242763129,1783334485242763129,1783334485242635783,1783334485242944695,1783334485242944695,0,1,1.000000000000,1.000000000000,1.000000000000,0.724622825637,0.390655961575,3,4
640,468960,468960,468960,183556,160438,1783334485242594982,1783334485242880386,1783334485242880386,1783334485242755420,1783334485243063942,1783334485243063942,0,3,1.000000000000,1.000000000000,1.000000000000,0.725513209051,0.391441186848,3,4
641,474466,474466,474466,185697,161083,1783334485242715233,1783334485243004002,1783334485243004002,1783334485242876316,1783334485243189699,1783334485243189699,1,3,1.000000000000,1.000000000000,1.000000000000,0.724577900415,0.387154283509,3,4
642,476780,476780,476780,185815,168740,1783334485242835804,1783334485243126769,1783334485243126769,1783334485243004544,1783334485243312584,1783334485243312584,1,0,1.000000000000,1.000000000000,1.000000000000,0.713566245889,0.385366673206,3,4
643,476757,476757,476757,187856,161806,1783334485242951475,1783334485243240376,1783334485243240376,1783334485243113281,1783334485243428232,1783334485243428232,3,3,1.000000000000,1.000000000000,1.000000000000,0.723530917921,0.385384400481,3,4
644,470602,470602,470602,184506,158951,1783334485243070736,1783334485243356832,1783334485243356832,1783334485243229687,1783334485243541338,1783334485243541338,2,2,1.000000000000,1.000000000000,1.000000000000,0.727674096982,0.390157802461,3,4
645,466320,466320,466320,182057,159697,1783334485243187746,1783334485243472009,1783334485243472009,1783334485243347443,1783334485243654066,1783334485243654066,1,3,1.000000000000,1.000000000000,1.000000000000,0.726589216751,0.393513462308,3,4
646,497584,497584,497584,189636,162123,1783334485243305317,1783334485243613265,1783334485243613265,1783334485243467440,1783334485243802901,1783334485243802901,3,2,1.000000000000,1.000000000000,1.000000000000,0.723072344703,0.369661336223,3,4
647,471460,471460,471460,185026,160489,1783334485243425808,1783334485243712242,1783334485243712242,1783334485243586297,1783334485243897268,1783334485243897268,1,1,1.000000000000,1.000000000000,1.000000000000,0.725439210477,0.389488865784,3,4
648,473267,473267,473267,185675,160405,1783334485243545988,1783334485243833580,1783334485243833580,1783334485243706393,1783334485244019255,1783334485244019255,2,3,1.000000000000,1.000000000000,1.000000000000,0.725561094503,0.388083793518,3,4
649,470712,470712,470712,185055,160852,1783334485243666329,1783334485243951986,1783334485243951986,1783334485243827181,1783334485244137041,1783334485244137041,3,2,1.000000000000,1.000000000000,1.000000000000,0.724912732745,0.390071977186,3,4
650,470008,470008,470008,185116,160276,1783334485243789121,1783334485244074013,1783334485244074013,1783334485243949397,1783334485244259129,1783334485244259129,0,3,1.000000000000,1.000000000000,1.000000000000,0.725748313415,0.390621585363,3,4
651,470084,470084,470084,186346,159262,1783334485243907901,1783334485244191639,1783334485244191639,1783334485244067163,1783334485244377985,1783334485244377985,0,2,1.000000000000,1.000000000000,1.000000000000,0.727221624427,0.390562215394,3,4
652,477530,477530,477530,179996,159979,1783334485244031992,1783334485244329526,1783334485244329526,1783334485244191971,1783334485244509522,1783334485244509522,2,3,1.000000000000,1.000000000000,1.000000000000,0.726179535974,0.384789056517,3,4
653,471166,471166,471166,183787,160723,1783334485244150693,1783334485244438072,1783334485244438072,1783334485244311416,1783334485244621859,1783334485244621859,0,0,1.000000000000,1.000000000000,1.000000000000,0.725099784359,0.389717952582,3,4
654,477972,477972,477972,189876,162810,1783334485244271043,1783334485244559139,1783334485244559139,1783334485244433853,1783334485244749015,1783334485244749015,0,0,1.000000000000,1.000000000000,1.000000000000,0.722079525524,0.384449053295,3,4
655,471718,471718,471718,178067,160836,1783334485244393934,1783334485244687585,1783334485244687585,1783334485244554770,1783334485244865652,1783334485244865652,0,0,1.000000000000,1.000000000000,1.000000000000,0.724935930324,0.389287941372,3,4
656,475772,475772,475772,187605,162181,1783334485244512405,1783334485244800572,1783334485244800572,1783334485244674586,1783334485244988177,1783334485244988177,0,1,1.000000000000,1.000000000000,1.000000000000,0.722988473175,0.386144356060,3,4
657,469828,469828,469828,184055,161977,1783334485244633806,1783334485244919579,1783334485244919579,1783334485244795783,1783334485245103634,1783334485245103634,1,3,1.000000000000,1.000000000000,1.000000000000,0.723283512656,0.390762234449,3,4
658,468195,468195,468195,183557,160124,1783334485244752247,1783334485245036885,1783334485245036885,1783334485244912371,1783334485245220442,1783334485245220442,3,3,1.000000000000,1.000000000000,1.000000000000,0.725968974441,0.392040550260,3,4
659,474689,474689,474689,185925,163738,1783334485244869798,1783334485245158562,1783334485245158562,1783334485245033536,1783334485245344487,1783334485245344487,0,0,1.000000000000,1.000000000000,1.000000000000,0.720740588842,0.386981651199,3,4
660,471906,471906,471906,186976,159266,1783334485244994298,1783334485245279228,1783334485245279228,1783334485245153564,1783334485245466204,1783334485245466204,1,2,1.000000000000,1.000000000000,1.000000000000,0.727215806677,0.389141596621,3,4
661,471783,471783,471783,184667,160652,1783334485245111709,1783334485245398825,1783334485245398825,1783334485245272361,1783334485245583492,1783334485245583492,0,2,1.000000000000,1.000000000000,1.000000000000,0.725202755839,0.389237337229,3,4
662,470050,470050,470050,184677,164878,1783334485245232479,1783334485245517852,1783334485245517852,1783334485245397357,1783334485245702529,1783334485245702529,1,1,1.000000000000,1.000000000000,1.000000000000,0.719099172226,0.390588774528,3,4
663,476694,476694,476694,187046,160634,1783334485245352620,1783334485245642268,1783334485245642268,1783334485245513254,1783334485245829314,1783334485245829314,3,0,1.000000000000,1.000000000000,1.000000000000,0.725228863608,0.385432961974,3,4
664,470911,470911,470911,185367,160808,1783334485245475011,1783334485245760555,1783334485245760555,1783334485245635819,1783334485245945922,1783334485245945922,3,1,1.000000000000,1.000000000000,1.000000000000,0.724976527872,0.389916759429,3,4
665,470425,470425,470425,184716,159925,1783334485245596802,1783334485245882511,1783334485245882511,1783334485245756727,1783334485246067227,1783334485246067227,3,3,1.000000000000,1.000000000000,1.000000000000,0.726257967599,0.390295942773,3,4
666,470961,470961,470961,184806,159570,1783334485245716463,1783334485246002618,1783334485246002618,1783334485245876033,1783334485246187424,1783334485246187424,1,1,1.000000000000,1.000000000000,1.000000000000,0.726773793852,0.389877769703,3,4
667,470088,470088,470088,184298,160796,1783334485245833684,1783334485246119474,1783334485246119474,1783334485245994480,1783334485246303772,1783334485246303772,0,2,1.000000000000,1.000000000000,1.000000000000,0.724993927518,0.390559090909,3,4
668,470824,470824,470824,185047,159422,1783334485245953984,1783334485246239761,1783334485246239761,1783334485246113406,1783334485246424808,1783334485246424808,2,0,1.000000000000,1.000000000000,1.000000000000,0.726988950737,0.389984610848,3,4
669,469640,469640,469640,185658,159389,1783334485246076425,1783334485246360407,1783334485246360407,1783334485246235814,1783334485246546065,1783334485246546065,1,3,1.000000000000,1.000000000000,1.000000000000,0.727036933591,0.390909188675,3,4
670,478944,478944,478944,185196,169444,1783334485246193646,1783334485246487394,1783334485246487394,1783334485246363090,1783334485246672590,1783334485246672590,2,0,1.000000000000,1.000000000000,1.000000000000,0.712562251592,0.383702410307,3,4
671,479111,479111,479111,185816,160540,1783334485246307096,1783334485246600391,1783334485246600391,1783334485246467636,1783334485246786207,1783334485246786207,1,1,1.000000000000,1.000000000000,1.000000000000,0.725365219451,0.383574275102,3,4
672,470727,470727,470727,184637,160856,1783334485246424497,1783334485246710587,1783334485246710587,1783334485246585353,1783334485246895224,1783334485246895224,2,3,1.000000000000,1.000000000000,1.000000000000,0.724906933466,0.390060275202,3,4
673,470513,470513,470513,185317,160571,1783334485246543719,1783334485246828915,1783334485246828915,1783334485246704290,1783334485247014232,1783334485247014232,2,3,1.000000000000,1.000000000000,1.000000000000,0.725320248202,0.390227256731,3,4
674,471998,471998,471998,184636,162538,1783334485246670979,1783334485246958341,1783334485246958341,1783334485246833517,1783334485247142977,1783334485247142977,3,1,1.000000000000,1.000000000000,1.000000000000,0.722472443650,0.389070001154,3,4
675,470395,470395,470395,184677,163633,1783334485246791610,1783334485247077328,1783334485247077328,1783334485246955243,1783334485247262005,1783334485247262005,2,3,1.000000000000,1.000000000000,1.000000000000,0.720891960259,0.390319361232,3,4
676,470861,470861,470861,186148,159389,1783334485246914121,1783334485247198834,1783334485247198834,1783334485247073510,1783334485247384982,1783334485247384982,3,0,1.000000000000,1.000000000000,1.000000000000,0.727036933591,0.389955753055,3,4
677,471967,471967,471967,184797,160185,1783334485247031391,1783334485247318561,1783334485247318561,1783334485247191576,1783334485247503358,1783334485247503358,1,3,1.000000000000,1.000000000000,1.000000000000,0.725880411629,0.389094124242,3,4
678,470783,470783,470783,185137,161041,1783334485247153532,1783334485247439178,1783334485247439178,1783334485247314573,1783334485247624315,1783334485247624315,3,0,1.000000000000,1.000000000000,1.000000000000,0.724638767515,0.390016590898,3,4
679,473228,473228,473228,188277,162406,1783334485247275943,1783334485247560894,1783334485247560894,1783334485247438349,1783334485247749171,1783334485247749171,3,1,1.000000000000,1.000000000000,1.000000000000,0.722663201554,0.388114065235,3,4
680,477274,477274,477274,186667,160792,1783334485247393414,1783334485247684021,1783334485247684021,1783334485247554206,1783334485247870688,1783334485247870688,2,2,1.000000000000,1.000000000000,1.000000000000,0.724999727492,0.384986118958,3,4
681,471059,471059,471059,184547,160099,1783334485247512915,1783334485247799427,1783334485247799427,1783334485247673014,1783334485247983974,1783334485247983974,3,3,1.000000000000,1.000000000000,1.000000000000,0.726005273797,0.389801361148,3,4
682,470935,470935,470935,184727,160703,1783334485247631476,1783334485247917684,1783334485247917684,1783334485247792179,1783334485248102411,1783334485248102411,2,3,1.000000000000,1.000000000000,1.000000000000,0.725128788930,0.389898043874,3,4
683,473032,473032,473032,187188,160861,1783334485247751946,1783334485248037790,1783334485248037790,1783334485247912807,1783334485248224978,1783334485248224978,3,3,1.000000000000,1.000000000000,1.000000000000,0.724899684433,0.388266235772,3,4
684,486646,486646,486646,198626,160026,1783334485247872277,1783334485248160297,1783334485248160297,1783334485248032303,1783334485248358923,1783334485248358923,3,3,1.000000000000,1.000000000000,1.000000000000,0.726111278305,0.377837148601,3,4
685,482233,482233,482233,195267,160462,1783334485247990278,1783334485248277244,1783334485248277244,1783334485248150740,1783334485248472511,1783334485248472511,3,1,1.000000000000,1.000000000000,1.000000000000,0.725478385252,0.381186699097,3,4
686,487840,487840,487840,200568,159898,1783334485248112788,1783334485248400060,1783334485248400060,1783334485248272686,1783334485248600628,1783334485248600628,2,2,1.000000000000,1.000000000000,1.000000000000,0.726297186588,0.376935949950,3,4
687,480614,480614,480614,191877,164172,1783334485248231650,1783334485248520387,1783334485248520387,1783334485248395822,1783334485248712264,1783334485248712264,0,3,1.000000000000,1.000000000000,1.000000000000,0.720115257444,0.382422982091,3,4
688,497300,497300,497300,206438,161089,1783334485248349481,1783334485248640343,1783334485248640343,1783334485248510570,1783334485248846781,1783334485248846781,3,3,1.000000000000,1.000000000000,1.000000000000,0.724569205532,0.369871363504,3,4
689,488327,488327,488327,201418,160585,1783334485248468771,1783334485248755680,1783334485248755680,1783334485248629356,1783334485248957098,1783334485248957098,0,1,1.000000000000,1.000000000000,1.000000000000,0.725299939519,0.376568993072,3,4
690,479802,479802,479802,193978,160720,1783334485248589092,1783334485248874916,1783334485248874916,1783334485248749812,1783334485249068894,1783334485249068894,0,1,1.000000000000,1.000000000000,1.000000000000,0.725104134970,0.383044541584,3,4
691,484608,484608,484608,197268,164497,1783334485248708143,1783334485248995483,1783334485248995483,1783334485248872640,1783334485249192751,1783334485249192751,2,3,1.000000000000,1.000000000000,1.000000000000,0.719647334618,0.379380355739,3,4
692,488483,488483,488483,203666,159293,1783334485248828673,1783334485249113490,1783334485249113490,1783334485248987966,1783334485249317156,1783334485249317156,1,2,1.000000000000,1.000000000000,1.000000000000,0.727176538084,0.376451521872,3,4
693,489989,489989,489989,203857,159789,1783334485248951824,1783334485249237956,1783334485249237956,1783334485249111613,1783334485249441813,1783334485249441813,0,2,1.000000000000,1.000000000000,1.000000000000,0.726455536634,0.375319355786,3,4
694,495365,495365,495365,209327,160345,1783334485249069425,1783334485249355463,1783334485249355463,1783334485249229770,1783334485249564790,1783334485249564790,1,2,1.000000000000,1.000000000000,1.000000000000,0.725648167058,0.371305539020,3,4
695,497910,497910,497910,200497,160811,1783334485249191516,1783334485249488929,1783334485249488929,1783334485249352327,1783334485249689426,1783334485249689426,1,2,1.000000000000,1.000000000000,1.000000000000,0.724972178026,0.369420395587,3,4
696,503747,503747,503747,213048,162725,1783334485249310827,1783334485249601526,1783334485249601526,1783334485249473552,1783334485249814574,1783334485249814574,3,1,1.000000000000,1.000000000000,1.000000000000,0.722202289478,0.365132856944,3,4
697,493271,493271,493271,206747,160481,1783334485249430808,1783334485249717332,1783334485249717332,1783334485249591289,1783334485249924079,1783334485249924079,3,1,1.000000000000,1.000000000000,1.000000000000,0.725450817597,0.372863827396,3,4
698,499189,499189,499189,206577,170047,1783334485249550118,1783334485249842730,1783334485249842730,1783334485249720165,1783334485250049307,1783334485250049307,3,3,1.000000000000,1.000000000000,1.000000000000,0.711703419497,0.368476625811,3,4
699,498234,498234,498234,211256,162994,1783334485249663379,1783334485249950357,1783334485249950357,1783334485249826373,1783334485250161613,1783334485250161613,3,3,1.000000000000,1.000000000000,1.000000000000,0.721813849146,0.369181088714,3,4
700,512091,512091,512091,226797,159570,1783334485249783429,1783334485250068723,1783334485250068723,1783334485249942999,1783334485250295520,1783334485250295520,1,3,1.000000000000,1.000000000000,1.000000000000,0.726773793852,0.359090080987,3,4
701,509927,509927,509927,224017,160156,1783334485249906250,1783334485250192160,1783334485250192160,1783334485250066406,1783334485250416177,1783334485250416177,3,0,1.000000000000,1.000000000000,1.000000000000,0.725922513914,0.360647590878,3,4
702,496342,496342,496342,209057,160042,1783334485250024241,1783334485250311526,1783334485250311526,1783334485250184283,1783334485250520583,1783334485250520583,2,3,1.000000000000,1.000000000000,1.000000000000,0.726088043116,0.370580716379,3,4
703,483499,483499,483499,197338,162487,1783334485250142522,1783334485250428683,1783334485250428683,1783334485250305009,1783334485250626021,1783334485250626021,3,3,1.000000000000,1.000000000000,1.000000000000,0.722546139597,0.380222755243,3,4
704,473055,473055,473055,186499,164122,1783334485250265003,1783334485250551559,1783334485250551559,1783334485250429125,1783334485250738058,1783334485250738058,0,1,1.000000000000,1.000000000000,1.000000000000,0.720187272571,0.388248375936,3,4
705,479122,479122,479122,192200,159319,1783334485250385194,1783334485250672116,1783334485250672116,1783334485250544513,1783334485250864316,1783334485250864316,1,2,1.000000000000,1.000000000000,1.000000000000,0.727138725887,0.383565836561,3,4
706,468600,468600,468600,184759,159657,1783334485250502354,1783334485250786195,1783334485250786195,1783334485250662011,1783334485250970954,1783334485250970954,0,2,1.000000000000,1.000000000000,1.000000000000,0.726647346214,0.391723125989,3,4
707,470348,470348,470348,184469,162074,1783334485250619775,1783334485250905654,1783334485250905654,1783334485250781849,1783334485251090123,1783334485251090123,1,1,1.000000000000,1.000000000000,1.000000000000,0.723143209265,0.390356052976,3,4
708,478973,478973,478973,186636,160819,1783334485250741796,1783334485251034133,1783334485251034133,1783334485250902615,1783334485251220769,1783334485251220769,2,3,1.000000000000,1.000000000000,1.000000000000,0.724960578564,0.383680156213,3,4
709,469271,469271,469271,183736,160168,1783334485250862116,1783334485251147651,1783334485251147651,1783334485251022284,1783334485251331387,1783334485251331387,0,0,1.000000000000,1.000000000000,1.000000000000,0.725905091982,0.391197786136,3,4
710,478256,478256,478256,191434,162053,1783334485250987468,1783334485251274290,1783334485251274290,1783334485251149521,1783334485251465724,1783334485251465724,1,3,1.000000000000,1.000000000000,1.000000000000,0.723173581917,0.384230748237,3,4
711,476204,476204,476204,189654,162599,1783334485251107889,1783334485251394439,1783334485251394439,1783334485251270488,1783334485251584093,1783334485251584093,0,1,1.000000000000,1.000000000000,1.000000000000,0.722384307388,0.385810871423,3,4
712,471322,471322,471322,186133,172968,1783334485251227149,1783334485251512338,1783334485251512338,1783334485251400117,1783334485251698471,1783334485251698471,0,0,1.000000000000,1.000000000000,1.000000000000,0.707557769355,0.389596379547,3,4
713,480477,480477,480477,189451,157575,1783334485251344620,1783334485251635646,1783334485251635646,1783334485251502195,1783334485251825097,1783334485251825097,1,2,1.000000000000,1.000000000000,1.000000000000,0.729679414148,0.382527780345,3,4
714,472056,472056,472056,186561,159111,1783334485251462330,1783334485251747825,1783334485251747825,1783334485251621441,1783334485251934386,1783334485251934386,0,2,1.000000000000,1.000000000000,1.000000000000,0.727441278524,0.389024871652,3,4
715,472602,472602,472602,187019,164768,1783334485251579631,1783334485251865214,1783334485251865214,1783334485251744399,1783334485252052233,1783334485252052233,1,1,1.000000000000,1.000000000000,1.000000000000,0.719257391447,0.388600288356,3,4
716,469439,469439,469439,184088,159676,1783334485251697152,1783334485251982503,1783334485251982503,1783334485251856828,1783334485252166591,1783334485252166591,3,0,1.000000000000,1.000000000000,1.000000000000,0.726619734139,0.391066365759,3,4
717,474646,474646,474646,187047,159792,1783334485251814702,1783334485252102301,1783334485252102301,1783334485251974494,1783334485252289348,1783334485252289348,1,2,1.000000000000,1.000000000000,1.000000000000,0.726451177914,0.387014933052,3,4
718,480353,480353,480353,189877,160279,1783334485251937124,1783334485252227600,1783334485252227600,1783334485252097403,1783334485252417477,1783334485252417477,0,1,1.000000000000,1.000000000000,1.000000000000,0.725743958938,0.382622658999,3,4
719,468359,468359,468359,183595,160116,1783334485252054425,1783334485252339189,1783334485252339189,1783334485252214541,1783334485252522784,1783334485252522784,3,0,1.000000000000,1.000000000000,1.000000000000,0.725980590038,0.391911982046,3,4
720,468087,468087,468087,185074,161042,1783334485252172985,1783334485252455998,1783334485252455998,1783334485252334027,1783334485252641072,1783334485252641072,0,2,1.000000000000,1.000000000000,1.000000000000,0.724637318239,0.392125240165,3,4
721,479514,479514,479514,186494,157040,1783334485252292096,1783334485252585116,1783334485252585116,1783334485252449136,1783334485252771610,1783334485252771610,3,2,1.000000000000,1.000000000000,1.000000000000,0.730460588975,0.383265238794,3,4
722,471171,471171,471171,187083,160517,1783334485252412117,1783334485252696205,1783334485252696205,1783334485252572634,1783334485252883288,1783334485252883288,1,0,1.000000000000,1.000000000000,1.000000000000,0.725398587019,0.389714055422,3,4
723,469937,469937,469937,185690,166223,1783334485252534157,1783334485252818404,1783334485252818404,1783334485252700380,1783334485253004094,1783334485253004094,2,3,1.000000000000,1.000000000000,1.000000000000,0.717167394858,0.390677057567,3,4
724,471475,471475,471475,186359,161001,1783334485252658088,1783334485252943204,1783334485252943204,1783334485252819089,1783334485253129563,1783334485253129563,2,1,1.000000000000,1.000000000000,1.000000000000,0.724696740935,0.389477181293,3,4
725,467322,467322,467322,182949,159768,1783334485252778379,1783334485253062752,1783334485253062752,1783334485252938147,1783334485253245701,1783334485253245701,2,3,1.000000000000,1.000000000000,1.000000000000,0.726486048407,0.392725650980,3,4
726,468287,468287,468287,186336,160104,1783334485252900420,1783334485253182371,1783334485253182371,1783334485253060524,1783334485253368707,1783334485253368707,3,2,1.000000000000,1.000000000000,1.000000000000,0.725998013781,0.391968421435,3,4
727,468745,468745,468745,186656,159811,1783334485253038091,1783334485253320180,1783334485253320180,1783334485253197902,1783334485253506836,1783334485253506836,1,2,1.000000000000,1.000000000000,1.000000000000,0.726423573294,0.391609542753,3,4
728,470791,470791,470791,184185,161326,1783334485253155342,1783334485253441948,1783334485253441948,1783334485253316668,1783334485253626133,1783334485253626133,3,0,1.000000000000,1.000000000000,1.000000000000,0.724225841112,0.390010350682,3,4
729,469888,469888,469888,186483,162485,1783334485253275912,1783334485253559317,1783334485253559317,1783334485253438397,1783334485253745800,1783334485253745800,0,0,1.000000000000,1.000000000000,1.000000000000,0.722549029788,0.390715345794,3,4
730,467916,467916,467916,183313,161131,1783334485253394573,1783334485253679176,1783334485253679176,1783334485253555704,1783334485253862489,1783334485253862489,1,2,1.000000000000,1.000000000000,1.000000000000,0.724508344275,0.392259369932,3,4
731,470122,470122,470122,187060,162448,1783334485253513073,1783334485253796135,1783334485253796135,1783334485253675521,1783334485253983195,1783334485253983195,2,2,1.000000000000,1.000000000000,1.000000000000,0.722602500394,0.390532533794,3,4
732,467718,467718,467718,183940,158055,1783334485253631775,1783334485253915553,1783334485253915553,1783334485253789830,1783334485254099493,1783334485254099493,3,0,1.000000000000,1.000000000000,1.000000000000,0.728979258039,0.392414735403,3,4
733,469366,469366,469366,186860,159692,1783334485253751916,1783334485254034422,1783334485254034422,1783334485253911608,1783334485254221282,1783334485254221282,1,1,1.000000000000,1.000000000000,1.000000000000,0.726596482680,0.391123465617,3,4
734,468822,468822,468822,183727,159388,1783334485253869406,1783334485254154501,1783334485254154501,1783334485254028794,1783334485254338228,1783334485254338228,3,2,1.000000000000,1.000000000000,1.000000000000,0.727038387667,0.391549239527,3,4
735,472420,472420,472420,186047,161615,1783334485253986857,1783334485254273230,1783334485254273230,1783334485254148472,1783334485254459277,1783334485254459277,2,3,1.000000000000,1.000000000000,1.000000000000,0.723807359529,0.388741764608,3,4
736,467766,467766,467766,184016,160932,1783334485254106278,1783334485254390028,1783334485254390028,1783334485254267210,1783334485254574044,1783334485254574044,1,3,1.000000000000,1.000000000000,1.000000000000,0.724796755986,0.392377065397,3,4
737,467464,467464,467464,184275,166000,1783334485254225318,1783334485254508507,1783334485254508507,1783334485254391318,1783334485254692782,1783334485254692782,3,2,1.000000000000,1.000000000000,1.000000000000,0.717487322854,0.392614132731,3,4
738,473670,473670,473670,186593,161676,1783334485254345549,1783334485254632626,1783334485254632626,1783334485254507225,1783334485254819219,1783334485254819219,1,3,1.000000000000,1.000000000000,1.000000000000,0.723719060418,0.387771124003,3,4
739,480777,480777,480777,189842,164254,1783334485254464400,1783334485254755335,1783334485254755335,1783334485254628654,1783334485254945177,1783334485254945177,0,0,1.000000000000,1.000000000000,1.000000000000,0.719997168225,0.382298332518,3,4
740,474653,474653,474653,186811,160511,1783334485254585761,1783334485254873603,1783334485254873603,1783334485254746272,1783334485255060414,1783334485255060414,0,1,1.000000000000,1.000000000000,1.000000000000,0.725407291854,0.387009514881,3,4
741,473991,473991,473991,186881,160217,1783334485254704252,1783334485254991362,1783334485254991362,1783334485254864469,1783334485255178243,1783334485255178243,2,0,1.000000000000,1.000000000000,1.000000000000,0.725833956769,0.387522254837,3,4
742,475938,475938,475938,188380,160444,1783334485254826343,1783334485255113901,1783334485255113901,1783334485254986787,1783334485255302281,1783334485255302281,1,3,1.000000000000,1.000000000000,1.000000000000,0.725504502944,0.386016177413,3,4
743,475534,475534,475534,186657,160421,1783334485254945133,1783334485255234010,1783334485255234010,1783334485255105554,1783334485255420667,1783334485255420667,3,2,1.000000000000,1.000000000000,1.000000000000,0.725537876919,0.386328204526,3,4
744,472531,472531,472531,184517,161928,1783334485255070014,1783334485255358028,1783334485255358028,1783334485255231942,1783334485255542545,1783334485255542545,1,2,1.000000000000,1.000000000000,1.000000000000,0.723354397914,0.388655473515,3,4
745,472748,472748,472748,185786,161065,1783334485255191315,1783334485255478277,1783334485255478277,1783334485255352380,1783334485255664063,1783334485255664063,3,1,1.000000000000,1.000000000000,1.000000000000,0.724603985689,0.388486833637,3,4
746,485076,485076,485076,191385,162862,1783334485255311715,1783334485255605406,1783334485255605406,1783334485255474577,1783334485255796791,1783334485255796791,3,2,1.000000000000,1.000000000000,1.000000000000,0.722004433158,0.379025421861,3,4
747,479032,479032,479032,187094,163798,1783334485255431026,1783334485255722964,1783334485255722964,1783334485255594824,1783334485255910058,1783334485255910058,3,0,1.000000000000,1.000000000000,1.000000000000,0.720654105161,0.383634884625,3,4
748,472329,472329,472329,184443,161004,1783334485255552778,1783334485255840664,1783334485255840664,1783334485255713782,1783334485256025107,1783334485256025107,3,0,1.000000000000,1.000000000000,1.000000000000,0.724692392768,0.388812522048,3,4
749,475465,475465,475465,185240,161342,1783334485255673268,1783334485255963493,1783334485255963493,1783334485255834610,1783334485256148733,1783334485256148733,3,1,1.000000000000,1.000000000000,1.000000000000,0.724202666256,0.386381521497,3,4
750,478673,478673,478673,185690,159528,1783334485255793169,1783334485256086152,1783334485256086152,1783334485255952697,1783334485256271842,1783334485256271842,3,3,1.000000000000,1.000000000000,1.000000000000,0.726834845415,0.383910433383,3,4
751,469399,469399,469399,182809,159745,1783334485255910730,1783334485256197320,1783334485256197320,1783334485256070475,1783334485256380129,1783334485256380129,2,3,1.000000000000,1.000000000000,1.000000000000,0.726519467534,0.391097652320,3,4
752,478036,478036,478036,183607,159042,1783334485256027990,1783334485256322419,1783334485256322419,1783334485256187032,1783334485256506026,1783334485256506026,0,2,1.000000000000,1.000000000000,1.000000000000,0.727541672347,0.384399846965,3,4
753,475493,475493,475493,187446,161179,1783334485256144631,1783334485256432678,1783334485256432678,1783334485256305810,1783334485256620124,1783334485256620124,0,1,1.000000000000,1.000000000000,1.000000000000,0.724438794812,0.386359884738,3,4
754,472861,472861,472861,185326,163776,1783334485256263492,1783334485256551027,1783334485256551027,1783334485256427268,1783334485256736353,1783334485256736353,3,2,1.000000000000,1.000000000000,1.000000000000,0.720685814639,0.388399045533,3,4
755,474116,474116,474116,185533,164202,1783334485256386143,1783334485256674726,1783334485256674726,1783334485256550345,1783334485256860259,1783334485256860259,2,2,1.000000000000,1.000000000000,1.000000000000,0.720072051825,0.387425386383,3,4
756,474704,474704,474704,187484,160110,1783334485256508544,1783334485256795764,1783334485256795764,1783334485256668654,1783334485256983248,1783334485256983248,2,0,1.000000000000,1.000000000000,1.000000000000,0.725989301857,0.386970041923,3,4
757,476481,476481,476481,187163,161296,1783334485256629045,1783334485256918363,1783334485256918363,1783334485256790341,1783334485257105526,1783334485257105526,3,0,1.000000000000,1.000000000000,1.000000000000,0.724269295966,0.385597191395,3,4
758,473978,473978,473978,186061,159624,1783334485256749185,1783334485257037102,1783334485257037102,1783334485256908809,1783334485257223163,1783334485257223163,3,2,1.000000000000,1.000000000000,1.000000000000,0.726695306521,0.387532330547,3,4
759,470165,470165,470165,184490,160780,1783334485256866556,1783334485257152231,1783334485257152231,1783334485257027336,1783334485257336721,1783334485257336721,0,3,1.000000000000,1.000000000000,1.000000000000,0.725017127695,0.390498949440,3,4
760,470993,470993,470993,184690,160199,1783334485256984046,1783334485257270349,1783334485257270349,1783334485257144245,1783334485257455039,1783334485257455039,3,2,1.000000000000,1.000000000000,1.000000000000,0.725860087262,0.389852818324,3,4
761,475708,475708,475708,186137,160854,1783334485257106817,1783334485257396388,1783334485257396388,1783334485257267671,1783334485257582525,1783334485257582525,0,1,1.000000000000,1.000000000000,1.000000000000,0.724909833100,0.386193785701,3,4
762,476415,476415,476415,187617,166610,1783334485257232079,1783334485257520877,1783334485257520877,1783334485257398689,1783334485257708494,1783334485257708494,1,1,1.000000000000,1.000000000000,1.000000000000,0.716612522058,0.385648093583,3,4
763,477781,477781,477781,186805,161748,1783334485257351679,1783334485257642655,1783334485257642655,1783334485257513427,1783334485257829460,1783334485257829460,2,3,1.000000000000,1.000000000000,1.000000000000,0.723614852376,0.384595940887,3,4
764,473158,473158,473158,185404,154964,1783334485257470820,1783334485257758574,1783334485257758574,1783334485257625784,1783334485257943978,1783334485257943978,1,1,1.000000000000,1.000000000000,1.000000000000,0.733499766306,0.388168405007,3,4
765,470615,470615,470615,184313,160381,1783334485257596521,1783334485257882823,1783334485257882823,1783334485257756902,1783334485258067136,1783334485258067136,1,0,1.000000000000,1.000000000000,1.000000000000,0.725595922271,0.390147658490,3,4
766,474452,474452,474452,187501,159578,1783334485257718481,1783334485258005432,1783334485258005432,1783334485257878059,1783334485258192933,1783334485258192933,3,0,1.000000000000,1.000000000000,1.000000000000,0.726762165565,0.387165123981,3,4
767,477140,477140,477140,187892,159435,1783334485257835902,1783334485258125150,1783334485258125150,1783334485257995337,1783334485258313042,1783334485258313042,0,2,1.000000000000,1.000000000000,1.000000000000,0.726970049270,0.385089309064,3,4
768,472937,472937,472937,185691,160083,1783334485257953343,1783334485258240589,1783334485258240589,1783334485258113426,1783334485258426280,1783334485258426280,0,2,1.000000000000,1.000000000000,1.000000000000,0.726028506338,0.388340013365,3,4
769,471774,471774,471774,185209,160990,1783334485258070783,1783334485258357348,1783334485258357348,1783334485258231773,1783334485258542557,1783334485258542557,3,3,1.000000000000,1.000000000000,1.000000000000,0.724712684439,0.389244343564,3,4
770,472250,472250,472250,185668,160765,1783334485258189865,1783334485258476447,1783334485258476447,1783334485258350630,1783334485258662115,1783334485258662115,2,0,1.000000000000,1.000000000000,1.000000000000,0.725038878535,0.388873959280,3,4
771,480037,480037,480037,186057,164243,1783334485258310336,1783334485258604316,1783334485258604316,1783334485258474579,1783334485258790373,1783334485258790373,1,0,1.000000000000,1.000000000000,1.000000000000,0.720013008337,0.382864552950,3,4
772,472164,472164,472164,184986,160850,1783334485258433166,1783334485258720344,1783334485258720344,1783334485258594016,1783334485258905330,1783334485258905330,2,3,1.000000000000,1.000000000000,1.000000000000,0.724915632402,0.388940851354,3,4
773,468101,468101,468101,180944,162867,1783334485258551627,1783334485258838784,1783334485258838784,1783334485258714494,1783334485259019728,1783334485259019728,3,0,1.000000000000,1.000000000000,1.000000000000,0.721997213150,0.392114260812,3,4
774,470628,470628,470628,184983,159943,1783334485258670558,1783334485258956203,1783334485258956203,1783334485258830501,1783334485259141186,1783334485259141186,3,0,1.000000000000,1.000000000000,1.000000000000,0.726231822783,0.390137514783,3,4
775,474715,474715,474715,186211,160041,1783334485258788468,1783334485259076972,1783334485259076972,1783334485258948509,1783334485259263183,1783334485259263183,0,2,1.000000000000,1.000000000000,1.000000000000,0.726089495294,0.386961528676,3,4
776,480371,480371,480371,193710,159648,1783334485258911699,1783334485259198360,1783334485259198360,1783334485259071347,1783334485259392070,1783334485259392070,2,1,1.000000000000,1.000000000000,1.000000000000,0.726660425984,0.382608884831,3,4
777,476118,476118,476118,185799,160184,1783334485259029530,1783334485259319849,1783334485259319849,1783334485259189714,1783334485259505648,1783334485259505648,1,3,1.000000000000,1.000000000000,1.000000000000,0.725881863391,0.385877236600,3,4
778,477505,477505,477505,186888,161400,1783334485259148851,1783334485259439468,1783334485259439468,1783334485259310251,1783334485259626356,1783334485259626356,3,3,1.000000000000,1.000000000000,1.000000000000,0.724118663619,0.384808296451,3,4
779,483552,483552,483552,194627,162947,1783334485259271202,1783334485259560127,1783334485259560127,1783334485259434149,1783334485259754754,1783334485259754754,3,0,1.000000000000,1.000000000000,1.000000000000,0.721881702837,0.380182453767,3,4
780,474828,474828,474828,185906,160845,1783334485259393533,1783334485259682455,1783334485259682455,1783334485259554378,1783334485259868361,1783334485259868361,2,2,1.000000000000,1.000000000000,1.000000000000,0.724922881594,0.386874085252,3,4
781,473155,473155,473155,185314,161181,1783334485259512023,1783334485259799864,1783334485259799864,1783334485259673204,1783334485259985178,1783334485259985178,0,3,1.000000000000,1.000000000000,1.000000000000,0.724435897063,0.388170734025,3,4
782,478072,478072,478072,184753,161098,1783334485259632164,1783334485259925483,1783334485259925483,1783334485259793262,1783334485260110236,1783334485260110236,2,3,1.000000000000,1.000000000000,1.000000000000,0.724556163404,0.384372171172,3,4
783,470639,470639,470639,184092,160056,1783334485259750995,1783334485260037542,1783334485260037542,1783334485259911051,1783334485260221634,1783334485260221634,1,2,1.000000000000,1.000000000000,1.000000000000,0.726067712936,0.390128931852,3,4
784,470946,470946,470946,184451,160403,1783334485259868445,1783334485260154940,1783334485260154940,1783334485260028848,1783334485260339391,1783334485260339391,0,0,1.000000000000,1.000000000000,1.000000000000,0.725563996753,0.389889466211,3,4
785,470692,470692,470692,184750,160489,1783334485259991837,1783334485260277779,1783334485260277779,1783334485260152326,1783334485260462529,1783334485260462529,3,2,1.000000000000,1.000000000000,1.000000000000,0.725439210477,0.390087580377,3,4
786,475138,475138,475138,184308,161705,1783334485260109728,1783334485260400558,1783334485260400558,1783334485260271433,1783334485260584866,1783334485260584866,3,2,1.000000000000,1.000000000000,1.000000000000,0.723677085929,0.386634297661,3,4
787,473157,473157,473157,185558,170692,1783334485260233118,1783334485260520717,1783334485260520717,1783334485260403810,1783334485260706275,1783334485260706275,3,3,1.000000000000,1.000000000000,1.000000000000,0.710785914004,0.388169181345,3,4
788,476344,476344,476344,187108,161199,1783334485260355889,1783334485260645125,1783334485260645125,1783334485260517088,1783334485260832233,1783334485260832233,1,0,1.000000000000,1.000000000000,1.000000000000,0.724409817840,0.385702859501,3,4
789,476439,476439,476439,187345,160796,1783334485260476040,1783334485260765134,1783334485260765134,1783334485260636836,1783334485260952479,1783334485260952479,3,0,1.000000000000,1.000000000000,1.000000000000,0.724993927518,0.385629582919,3,4
790,473637,473637,473637,184794,163554,1783334485260594500,1783334485260883343,1783334485260883343,1783334485260758054,1783334485261068137,1783334485261068137,0,1,1.000000000000,1.000000000000,1.000000000000,0.721005870188,0.387796717742,3,4
791,472745,472745,472745,186564,160580,1783334485260714201,1783334485261000382,1783334485261000382,1783334485260874781,1783334485261186946,1783334485261186946,0,3,1.000000000000,1.000000000000,1.000000000000,0.725307192555,0.388489164565,3,4
792,473290,473290,473290,186932,159597,1783334485260831722,1783334485261118080,1783334485261118080,1783334485260991319,1783334485261305012,1783334485261305012,3,1,1.000000000000,1.000000000000,1.000000000000,0.726734549127,0.388065942074,3,4
793,475117,475117,475117,185931,159674,1783334485260954373,1783334485261243559,1783334485261243559,1783334485261114047,1783334485261429490,1783334485261429490,3,3,1.000000000000,1.000000000000,1.000000000000,0.726622640624,0.386650536642,3,4
794,472895,472895,472895,184971,161001,1783334485261072004,1783334485261359928,1783334485261359928,1783334485261233005,1783334485261544899,1783334485261544899,2,1,1.000000000000,1.000000000000,1.000000000000,0.724696740935,0.388372635296,3,4
795,475481,475481,475481,188089,161176,1783334485261194535,1783334485261481927,1783334485261481927,1783334485261355711,1783334485261670016,1783334485261670016,0,3,1.000000000000,1.000000000000,1.000000000000,0.724443141458,0.386369157486,3,4
796,482929,482929,482929,188959,163404,1783334485261314945,1783334485261608915,1783334485261608915,1783334485261478349,1783334485261797874,1783334485261797874,3,1,1.000000000000,1.000000000000,1.000000000000,0.721222204397,0.380656456347,3,4
797,478025,478025,478025,186477,160982,1783334485261433536,1783334485261725084,1783334485261725084,1783334485261594518,1783334485261911561,1783334485261911561,3,3,1.000000000000,1.000000000000,1.000000000000,0.724724279934,0.384408303855,3,4
798,475701,475701,475701,185994,162338,1783334485261553637,1783334485261843344,1783334485261843344,1783334485261715975,1783334485262029338,1783334485262029338,1,2,1.000000000000,1.000000000000,1.000000000000,0.722761490433,0.386199192452,3,4
799,472720,472720,472720,185914,161115,1783334485261672147,1783334485261958953,1783334485261958953,1783334485261833262,1783334485262144867,1783334485262144867,2,2,1.000000000000,1.000000000000,1.000000000000,0.724531528913,0.388508589509,3,4
800,473765,473765,473765,185083,159582,1783334485261792429,1783334485262081111,1783334485262081111,1783334485261952011,1783334485262266194,1783334485262266194,2,3,1.000000000000,1.000000000000,1.000000000000,0.726756351491,0.387697454489,3,4
801,474993,474993,474993,186712,159799,1783334485261909909,1783334485262198190,1783334485262198190,1783334485262069708,1783334485262384902,1783334485262384902,2,0,1.000000000000,1.000000000000,1.000000000000,0.726441007669,0.386746437867,3,4
802,479940,479940,479940,186851,159866,1783334485262033640,1783334485262326729,1783334485262326729,1783334485262193506,1783334485262513580,1783334485262513580,2,3,1.000000000000,1.000000000000,1.000000000000,0.726343671095,0.382938835878,3,4
803,473857,473857,473857,184741,163983,1783334485262150681,1783334485262439797,1783334485262439797,1783334485262314664,1783334485262624538,1783334485262624538,0,0,1.000000000000,1.000000000000,1.000000000000,0.720387512464,0.387626124719,3,4
804,477204,477204,477204,186939,162099,1783334485262274071,1783334485262564336,1783334485262564336,1783334485262436170,1783334485262751275,1783334485262751275,2,3,1.000000000000,1.000000000000,1.000000000000,0.723107053008,0.385040020787,3,4
805,476401,476401,476401,185858,161816,1783334485262394312,1783334485262684855,1783334485262684855,1783334485262556128,1783334485262870713,1783334485262870713,2,0,1.000000000000,1.000000000000,1.000000000000,0.723516447448,0.385658891881,3,4
806,476137,476137,476137,189366,163433,1783334485262513493,1783334485262800264,1783334485262800264,1783334485262676926,1783334485262989630,1783334485262989630,2,3,1.000000000000,1.000000000000,1.000000000000,0.721180374722,0.385862573543,3,4
807,475765,475765,475765,187316,160500,1783334485262632123,1783334485262920572,1783334485262920572,1783334485262792623,1783334485263107888,1783334485263107888,2,1,1.000000000000,1.000000000000,1.000000000000,0.725423250990,0.386149762119,3,4
808,475150,475150,475150,184934,159767,1783334485262750685,1783334485263040901,1783334485263040901,1783334485262910452,1783334485263225835,1783334485263225835,3,3,1.000000000000,1.000000000000,1.000000000000,0.726487501381,0.386625018549,3,4
809,470457,470457,470457,184653,160323,1783334485262869416,1783334485263155220,1783334485263155220,1783334485263029739,1783334485263339873,1783334485263339873,3,1,1.000000000000,1.000000000000,1.000000000000,0.725680096280,0.390270964632,3,4
810,472284,472284,472284,186391,160141,1783334485262986966,1783334485263272859,1783334485263272859,1783334485263147107,1783334485263459250,1783334485263459250,0,3,1.000000000000,1.000000000000,1.000000000000,0.725944291916,0.388847516750,3,4
811,475571,475571,475571,186791,160588,1783334485263104437,1783334485263393217,1783334485263393217,1783334485263265025,1783334485263580008,1783334485263580008,3,0,1.000000000000,1.000000000000,1.000000000000,0.725295587733,0.386299617297,3,4
812,472078,472078,472078,184730,166924,1783334485263224468,1783334485263511816,1783334485263511816,1783334485263391392,1783334485263696546,1783334485263696546,3,1,1.000000000000,1.000000000000,1.000000000000,0.716162630674,0.389007754934,3,4
813,480395,480395,480395,188818,161841,1783334485263344688,1783334485263636265,1783334485263636265,1783334485263506529,1783334485263825083,1783334485263825083,1,1,1.000000000000,1.000000000000,1.000000000000,0.723480272530,0.382590520045,3,4
814,477133,477133,477133,186208,162868,1783334485263465059,1783334485263755984,1783334485263755984,1783334485263627927,1783334485263942192,1783334485263942192,1,0,1.000000000000,1.000000000000,1.000000000000,0.721995769157,0.385094700352,3,4
815,475957,475957,475957,186626,168264,1783334485263587441,1783334485263876772,1783334485263876772,1783334485263755705,1783334485264063398,1783334485264063398,0,0,1.000000000000,1.000000000000,1.000000000000,0.714245884411,0.386001509077,3,4
816,474356,474356,474356,186516,156202,1783334485263707671,1783334485263995511,1783334485263995511,1783334485263863873,1783334485264182027,1783334485264182027,0,1,1.000000000000,1.000000000000,1.000000000000,0.731685867418,0.387239466821,3,4
817,475912,475912,475912,185114,159858,1783334485263829702,1783334485264120500,1783334485264120500,1783334485263989560,1783334485264305614,1783334485264305614,3,3,1.000000000000,1.000000000000,1.000000000000,0.726355292687,0.386036250776,3,4
818,474699,474699,474699,185063,161066,1783334485263949063,1783334485264238699,1783334485264238699,1783334485264110129,1783334485264423762,1783334485264423762,1,0,1.000000000000,1.000000000000,1.000000000000,0.724602536482,0.386973911643,3,4
819,473866,473866,473866,185652,164952,1783334485264072123,1783334485264360337,1783334485264360337,1783334485264237075,1783334485264545989,1783334485264545989,2,1,1.000000000000,1.000000000000,1.000000000000,0.718992753423,0.387619147512,3,4
820,475344,475344,475344,185892,160599,1783334485264194994,1783334485264484446,1783334485264484446,1783334485264355593,1783334485264670338,1783334485264670338,2,3,1.000000000000,1.000000000000,1.000000000000,0.725279631405,0.386475037140,3,4
821,479550,479550,479550,185930,155437,1783334485264315245,1783334485264608865,1783334485264608865,1783334485264470682,1783334485264794795,1783334485264794795,2,1,1.000000000000,1.000000000000,1.000000000000,0.732806203634,0.383237644691,3,4
822,475327,475327,475327,184399,162682,1783334485264434466,1783334485264725394,1783334485264725394,1783334485264597148,1783334485264909793,1783334485264909793,3,2,1.000000000000,1.000000000000,1.000000000000,0.722264401546,0.386488177515,3,4
823,478713,478713,478713,189737,163580,1783334485264557937,1783334485264846913,1783334485264846913,1783334485264721517,1783334485265036650,1783334485265036650,1,1,1.000000000000,1.000000000000,1.000000000000,0.720968378857,0.383879721776,3,4
824,475390,475390,475390,184566,161345,1783334485264676678,1783334485264967502,1783334485264967502,1783334485264838023,1783334485265152068,1783334485265152068,3,0,1.000000000000,1.000000000000,1.000000000000,0.724198321053,0.386439483072,3,4
825,472748,472748,472748,184615,159463,1783334485264797138,1783334485265085271,1783334485265085271,1783334485264956601,1783334485265269886,1783334485265269886,1,0,1.000000000000,1.000000000000,1.000000000000,0.726929340087,0.388486833637,3,4
826,478844,478844,478844,189563,159680,1783334485264914999,1783334485265204280,1783334485265204280,1783334485265074679,1783334485265393843,1783334485265393843,2,3,1.000000000000,1.000000000000,1.000000000000,0.726613921204,0.383779158464,3,4
827,472681,472681,472681,185533,160067,1783334485265032600,1783334485265319748,1783334485265319748,1783334485265192667,1783334485265505281,1783334485265505281,2,3,1.000000000000,1.000000000000,1.000000000000,0.726051739622,0.388538894361,3,4
828,473238,473238,473238,184281,161155,1783334485265152330,1783334485265441287,1783334485265441287,1783334485265313485,1783334485265625568,1783334485265625568,2,0,1.000000000000,1.000000000000,1.000000000000,0.724473568709,0.388106303031,3,4
829,479255,479255,479255,191210,163261,1783334485265271411,1783334485265559456,1783334485265559456,1783334485265434672,1783334485265750666,1783334485265750666,0,0,1.000000000000,1.000000000000,1.000000000000,0.721428503447,0.383463821617,3,4
830,476141,476141,476141,184089,160587,1783334485265391953,1783334485265684005,1783334485265684005,1783334485265552540,1783334485265868094,1783334485265868094,3,0,1.000000000000,1.000000000000,1.000000000000,0.725297038325,0.385859486655,3,4
831,476449,476449,476449,187359,163615,1783334485265513103,1783334485265802193,1783334485265802193,1783334485265676718,1783334485265989552,1783334485265989552,1,3,1.000000000000,1.000000000000,1.000000000000,0.720917912837,0.385621870405,3,4
832,475736,475736,475736,185718,161431,1783334485265632674,1783334485265922692,1783334485265922692,1783334485265794105,1783334485266108410,1783334485266108410,0,3,1.000000000000,1.000000000000,1.000000000000,0.724073769654,0.386172159455,3,4
833,483641,483641,483641,185365,160187,1783334485265752015,1783334485266050291,1783334485266050291,1783334485265912202,1783334485266235656,1783334485266235656,1,3,1.000000000000,1.000000000000,1.000000000000,0.725877508113,0.380114787313,3,4
834,480839,480839,480839,184124,161916,1783334485265871815,1783334485266168530,1783334485266168530,1783334485266033731,1783334485266352654,1783334485266352654,0,0,1.000000000000,1.000000000000,1.000000000000,0.723371758628,0.382250930464,3,4
835,476446,476446,476446,185164,163013,1783334485265993276,1783334485266284558,1783334485266284558,1783334485266156289,1783334485266469722,1783334485266469722,2,0,1.000000000000,1.000000000000,1.000000000000,0.721786420741,0.385624184143,3,4
836,480854,480854,480854,191563,161369,1783334485266118346,1783334485266407637,1783334485266407637,1783334485266279715,1783334485266599200,1783334485266599200,3,0,1.000000000000,1.000000000000,1.000000000000,0.724163560368,0.382239463108,3,4
837,491049,491049,491049,197871,164456,1783334485266239148,1783334485266532326,1783334485266532326,1783334485266403604,1783334485266730197,1783334485266730197,1,1,1.000000000000,1.000000000000,1.000000000000,0.719706348119,0.374524521574,3,4
838,491135,491135,491135,199879,161661,1783334485266361509,1783334485266652765,1783334485266652765,1783334485266523170,1783334485266852644,1783334485266852644,2,3,1.000000000000,1.000000000000,1.000000000000,0.723740772315,0.374460108896,3,4
839,479664,479664,479664,191310,160799,1783334485266484449,1783334485266772803,1783334485266772803,1783334485266645248,1783334485266964113,1783334485266964113,0,3,1.000000000000,1.000000000000,1.000000000000,0.724989577567,0.383150276468,3,4
840,479120,479120,479120,191278,160856,1783334485266603230,1783334485266891072,1783334485266891072,1783334485266764086,1783334485267082350,1783334485267082350,1,3,1.000000000000,1.000000000000,1.000000000000,0.724906933466,0.383567370827,3,4
841,485857,485857,485857,198477,159563,1783334485266723571,1783334485267010951,1783334485267010951,1783334485266883134,1783334485267209428,1783334485267209428,1,1,1.000000000000,1.000000000000,1.000000000000,0.726783968757,0.378433846292,3,4
842,492035,492035,492035,204506,159441,1783334485266841111,1783334485267128640,1783334485267128640,1783334485267000552,1783334485267333146,1783334485267333146,2,3,1.000000000000,1.000000000000,1.000000000000,0.726961325682,0.373786686962,3,4
843,487700,487700,487700,200544,159707,1783334485266958732,1783334485267245888,1783334485267245888,1783334485267118439,1783334485267446432,1783334485267446432,1,2,1.000000000000,1.000000000000,1.000000000000,0.726574685112,0.377041506793,3,4
844,492657,492657,492657,201843,161814,1783334485267076713,1783334485267367527,1783334485267367527,1783334485267238527,1783334485267569370,1783334485267569370,3,0,1.000000000000,1.000000000000,1.000000000000,0.723519341519,0.373321985427,3,4
845,496685,496685,496685,207673,160880,1783334485267196354,1783334485267485366,1783334485267485366,1783334485267357234,1783334485267693039,1783334485267693039,1,0,1.000000000000,1.000000000000,1.000000000000,0.724872138769,0.370326585185,3,4
846,504341,504341,504341,207621,164268,1783334485267315415,1783334485267612135,1783334485267612135,1783334485267479683,1783334485267819756,1783334485267819756,0,3,1.000000000000,1.000000000000,1.000000000000,0.719977008587,0.364699336672,3,4
847,495118,495118,495118,206611,161044,1783334485267434576,1783334485267723083,1783334485267723083,1783334485267595620,1783334485267929694,1783334485267929694,3,2,1.000000000000,1.000000000000,1.000000000000,0.724634419695,0.371489009270,3,4
848,499994,499994,499994,209857,162141,1783334485267553786,1783334485267843923,1783334485267843923,1783334485267715927,1783334485268053780,1783334485268053780,1,1,1.000000000000,1.000000000000,1.000000000000,0.723046314567,0.367883855751,3,4
849,493131,493131,493131,205676,161109,1783334485267672507,1783334485267959962,1783334485267959962,1783334485267833616,1783334485268165638,1783334485268165638,1,1,1.000000000000,1.000000000000,1.000000000000,0.724540223343,0.372968243885,3,4
850,499259,499259,499259,212765,160305,1783334485267789937,1783334485268076431,1783334485268076431,1783334485267950242,1783334485268289196,1783334485268289196,3,3,1.000000000000,1.000000000000,1.000000000000,0.725706221234,0.368425042694,3,4
851,510746,510746,510746,222584,163982,1783334485267907878,1783334485268196040,1783334485268196040,1783334485268071860,1783334485268418624,1783334485268418624,1,2,1.000000000000,1.000000000000,1.000000000000,0.720388953241,0.360057333677,3,4
852,513013,513013,513013,216744,159520,1783334485268025709,1783334485268321978,1783334485268321978,1783334485268185229,1783334485268538722,1783334485268538722,0,0,1.000000000000,1.000000000000,1.000000000000,0.726846474866,0.358428529016,3,4
853,501589,501589,501589,210522,160067,1783334485268148080,1783334485268439147,1783334485268439147,1783334485268308147,1783334485268649669,1783334485268649669,1,1,1.000000000000,1.000000000000,1.000000000000,0.726051739622,0.366712176074,3,4
854,506415,506415,506415,218150,165722,1783334485268267331,1783334485268555596,1783334485268555596,1783334485268433053,1783334485268773746,1783334485268773746,0,2,1.000000000000,1.000000000000,1.000000000000,0.717886356727,0.363189696981,3,4
855,477094,477094,477094,185062,163029,1783334485268388222,1783334485268680254,1783334485268680254,1783334485268551251,1783334485268865316,1783334485268865316,0,1,1.000000000000,1.000000000000,1.000000000000,0.721763323945,0.385124738910,3,4
856,472431,472431,472431,184770,162957,1783334485268507562,1783334485268795223,1783334485268795223,1783334485268670519,1783334485268979993,1783334485268979993,2,2,1.000000000000,1.000000000000,1.000000000000,0.721867265347,0.388733212384,3,4
857,471868,471868,471868,184309,161414,1783334485268627843,1783334485268915402,1783334485268915402,1783334485268789257,1783334485269099711,1783334485269099711,1,3,1.000000000000,1.000000000000,1.000000000000,0.724098388581,0.389171172506,3,4
858,472285,472285,472285,184998,160680,1783334485268746224,1783334485269033511,1783334485269033511,1783334485268906904,1783334485269218509,1783334485269218509,1,2,1.000000000000,1.000000000000,1.000000000000,0.725162145622,0.388846739056,3,4
859,475312,475312,475312,185706,159427,1783334485268864834,1783334485269154440,1783334485269154440,1783334485269024261,1783334485269340146,1783334485269340146,1,0,1.000000000000,1.000000000000,1.000000000000,0.726981680884,0.386499772334,3,4
860,474147,474147,474147,185875,160104,1783334485268986206,1783334485269274478,1783334485269274478,1783334485269146310,1783334485269460353,1783334485269460353,3,1,1.000000000000,1.000000000000,1.000000000000,0.725998013781,0.387401366753,3,4
861,475985,475985,475985,186664,159471,1783334485269103886,1783334485269393207,1783334485269393207,1783334485269263357,1783334485269579871,1783334485269579871,0,0,1.000000000000,1.000000000000,1.000000000000,0.726917709311,0.385979893597,3,4
862,477211,477211,477211,185402,165408,1783334485269232697,1783334485269524506,1783334485269524506,1783334485269398105,1783334485269709908,1783334485269709908,0,2,1.000000000000,1.000000000000,1.000000000000,0.718337330950,0.385034630265,3,4
863,483959,483959,483959,185803,161894,1783334485269352178,1783334485269650334,1783334485269650334,1783334485269514072,1783334485269836137,1783334485269836137,3,1,1.000000000000,1.000000000000,1.000000000000,0.723403587685,0.379873111169,3,4
864,471905,471905,471905,184260,154752,1783334485269475318,1783334485269762963,1783334485269762963,1783334485269630070,1783334485269947223,1783334485269947223,2,3,1.000000000000,1.000000000000,1.000000000000,0.733810836149,0.389142374905,3,4
865,472253,472253,472253,184860,160999,1783334485269599739,1783334485269887132,1783334485269887132,1783334485269760738,1783334485270071992,1783334485270071992,2,1,1.000000000000,1.000000000000,1.000000000000,0.724699639728,0.388871626043,3,4
866,472630,472630,472630,184529,163456,1783334485269720260,1783334485270008361,1783334485270008361,1783334485269883716,1783334485270192890,1783334485270192890,3,2,1.000000000000,1.000000000000,1.000000000000,0.721147201188,0.388578527350,3,4
867,472975,472975,472975,185777,160092,1783334485269843661,1783334485270130859,1783334485270130859,1783334485270003753,1783334485270316636,1783334485270316636,1,1,1.000000000000,1.000000000000,1.000000000000,0.726015437942,0.388310500646,3,4
868,473713,473713,473713,185177,159759,1783334485269966272,1783334485270254808,1783334485270254808,1783334485270126031,1783334485270439985,1783334485270439985,1,3,1.000000000000,1.000000000000,1.000000000000,0.726499125274,0.387737777121,3,4
869,474130,474130,474130,185166,160205,1783334485270084253,1783334485270373217,1783334485270373217,1783334485270244458,1783334485270558383,1783334485270558383,1,3,1.000000000000,1.000000000000,1.000000000000,0.725851376993,0.387414538624,3,4
870,472667,472667,472667,185285,159442,1783334485270206433,1783334485270493815,1783334485270493815,1783334485270365875,1783334485270679100,1783334485270679100,2,1,1.000000000000,1.000000000000,1.000000000000,0.726959871761,0.388549773602,3,4
871,482394,482394,482394,188344,162729,1783334485270323784,1783334485270617834,1783334485270617834,1783334485270486513,1783334485270806178,1783334485270806178,1,2,1.000000000000,1.000000000000,1.000000000000,0.722196511883,0.381063976740,3,4
872,477459,477459,477459,185841,161657,1783334485270439785,1783334485270731403,1783334485270731403,1783334485270601442,1783334485270917244,1783334485270917244,0,2,1.000000000000,1.000000000000,1.000000000000,0.723746562264,0.384843700443,3,4
873,479788,479788,479788,186090,160794,1783334485270560145,1783334485270853843,1783334485270853843,1783334485270720939,1783334485271039933,1783334485271039933,3,2,1.000000000000,1.000000000000,1.000000000000,0.724996827499,0.383055266981,3,4
874,475155,475155,475155,183930,154821,1783334485270679356,1783334485270970581,1783334485270970581,1783334485270834177,1783334485271154511,1783334485271154511,0,1,1.000000000000,1.000000000000,1.000000000000,0.733709577241,0.386621152318,3,4
875,476331,476331,476331,186659,161057,1783334485270796938,1783334485271086610,1783334485271086610,1783334485270957995,1783334485271273269,1783334485271273269,0,2,1.000000000000,1.000000000000,1.000000000000,0.724615579445,0.385712887906,3,4
876,483138,483138,483138,191427,159784,1783334485270917568,1783334485271209279,1783334485271209279,1783334485271077352,1783334485271400706,1783334485271400706,3,0,1.000000000000,1.000000000000,1.000000000000,0.726462801226,0.380497375198,3,4
877,474485,474485,474485,184776,160951,1783334485271044979,1783334485271334688,1783334485271334688,1783334485271205930,1783334485271519464,1783334485271519464,2,2,1.000000000000,1.000000000000,1.000000000000,0.724769214233,0.387139571926,3,4
878,478191,478191,478191,184765,160687,1783334485271164030,1783334485271457456,1783334485271457456,1783334485271324717,1783334485271642221,1783334485271642221,1,1,1.000000000000,1.000000000000,1.000000000000,0.725151993423,0.384280701481,3,4
879,489479,489479,489479,191414,161945,1783334485271282940,1783334485271581005,1783334485271581005,1783334485271444885,1783334485271772419,1783334485271772419,0,1,1.000000000000,1.000000000000,1.000000000000,0.723329804282,0.375702376837,3,4
880,481095,481095,481095,186502,161492,1783334485271401551,1783334485271696144,1783334485271696144,1783334485271563043,1783334485271882646,1783334485271882646,0,0,1.000000000000,1.000000000000,1.000000000000,0.723985438042,0.382055268081,3,4
881,475881,475881,475881,186230,161827,1783334485271522342,1783334485271811993,1783334485271811993,1783334485271684169,1783334485271998223,1783334485271998223,0,3,1.000000000000,1.000000000000,1.000000000000,0.723500530261,0.386060185765,3,4
882,474748,474748,474748,185880,163565,1783334485271644753,1783334485271933621,1783334485271933621,1783334485271808318,1783334485272119501,1783334485272119501,3,3,1.000000000000,1.000000000000,1.000000000000,0.720990008233,0.386935990058,3,4
883,476486,476486,476486,186460,160901,1783334485271762864,1783334485272052890,1783334485272052890,1783334485271923765,1783334485272239350,1783334485272239350,3,3,1.000000000000,1.000000000000,1.000000000000,0.724841694778,0.385593335442,3,4
884,473562,473562,473562,184808,159428,1783334485271883805,1783334485272172559,1783334485272172559,1783334485272043233,1783334485272357367,1783334485272357367,0,0,1.000000000000,1.000000000000,1.000000000000,0.726980226922,0.387854891613,3,4
885,497128,497128,497128,198636,161915,1783334485272010565,1783334485272309057,1783334485272309057,1783334485272172480,1783334485272507693,1783334485272507693,1,3,1.000000000000,1.000000000000,1.000000000000,0.723373205373,0.369998621140,3,4
886,476285,476285,476285,185435,160543,1783334485272134166,1783334485272425016,1783334485272425016,1783334485272294709,1783334485272610451,1783334485272610451,0,0,1.000000000000,1.000000000000,1.000000000000,0.725360867273,0.385748375124,3,4
887,477093,477093,477093,186235,164139,1783334485272254567,1783334485272545425,1783334485272545425,1783334485272418706,1783334485272731660,1783334485272731660,0,3,1.000000000000,1.000000000000,1.000000000000,0.720162786620,0.385125509161,3,4
888,477350,477350,477350,185393,160496,1783334485272374797,1783334485272666754,1783334485272666754,1783334485272535293,1783334485272852147,1783334485272852147,0,3,1.000000000000,1.000000000000,1.000000000000,0.725429054399,0.384927605515,3,4
889,475456,475456,475456,184712,160902,1783334485272495168,1783334485272785912,1783334485272785912,1783334485272656070,1783334485272970624,1783334485272970624,0,1,1.000000000000,1.000000000000,1.000000000000,0.724840245096,0.386388476427,3,4
890,474292,474292,474292,184981,160258,1783334485272615450,1783334485272904761,1783334485272904761,1783334485272775708,1783334485273089742,1783334485273089742,0,2,1.000000000000,1.000000000000,1.000000000000,0.725774440825,0.387289036645,3,4
891,480250,480250,480250,188830,160167,1783334485272733430,1783334485273024850,1783334485273024850,1783334485272893597,1783334485273213680,1783334485273213680,0,3,1.000000000000,1.000000000000,1.000000000000,0.725906543794,0.382701487386,3,4
892,465678,465678,465678,176440,157013,1783334485272851971,1783334485273141209,1783334485273141209,1783334485273008984,1783334485273317649,1783334485273317649,2,1,1.000000000000,1.000000000000,1.000000000000,0.730500034912,0.394019058116,3,4
893,476394,476394,476394,185238,159609,1783334485272969612,1783334485273260768,1783334485273260768,1783334485273129221,1783334485273446006,1783334485273446006,3,3,1.000000000000,1.000000000000,1.000000000000,0.726717107707,0.385664291143,3,4
894,478671,478671,478671,184187,160737,1783334485273092462,1783334485273386946,1783334485273386946,1783334485273253199,1783334485273571133,1783334485273571133,0,0,1.000000000000,1.000000000000,1.000000000000,0.725079481849,0.383911969027,3,4
895,476218,476218,476218,184126,160604,1783334485273211583,1783334485273503675,1783334485273503675,1783334485273372187,1783334485273687801,1783334485273687801,0,0,1.000000000000,1.000000000000,1.000000000000,0.725272378645,0.385800068869,3,4
896,483644,483644,483644,188534,161110,1783334485273331864,1783334485273626974,1783334485273626974,1783334485273492974,1783334485273815508,1783334485273815508,3,3,1.000000000000,1.000000000000,1.000000000000,0.724538774264,0.380112506631,3,4
897,475172,475172,475172,185004,160727,1783334485273452065,1783334485273742233,1783334485273742233,1783334485273612792,1783334485273927237,1783334485273927237,1,1,1.000000000000,1.000000000000,1.000000000000,0.725093983584,0.386608007423,3,4
898,475847,475847,475847,185421,162413,1783334485273570576,1783334485273861002,1783334485273861002,1783334485273732989,1783334485274046423,1783334485274046423,0,2,1.000000000000,1.000000000000,1.000000000000,0.722653084340,0.386086438751,3,4
899,472875,472875,472875,184281,160621,1783334485273688317,1783334485273976911,1783334485273976911,1783334485273848938,1783334485274161192,1783334485274161192,1,2,1.000000000000,1.000000000000,1.000000000000,0.725247719804,0.388388170512,3,4
900,470503,470503,470503,184480,159898,1783334485273807447,1783334485274093470,1783334485274093470,1783334485273967345,1783334485274277950,1783334485274277950,0,0,1.000000000000,1.000000000000,1.000000000000,0.726297186588,0.390235061355,3,4
901,477338,477338,477338,190367,159976,1783334485273925098,1783334485274212069,1783334485274212069,1783334485274085074,1783334485274402436,1783334485274402436,3,2,1.000000000000,1.000000000000,1.000000000000,0.726183893064,0.384936843888,3,4
902,474856,474856,474856,185928,159311,1783334485274042549,1783334485274331477,1783334485274331477,1783334485274201860,1783334485274517405,1783334485274517405,2,0,1.000000000000,1.000000000000,1.000000000000,0.727150360200,0.386852420910,3,4
903,472483,472483,472483,185806,160329,1783334485274160089,1783334485274446766,1783334485274446766,1783334485274320418,1783334485274632572,1783334485274632572,1,0,1.000000000000,1.000000000000,1.000000000000,0.725671388171,0.388692786232,3,4
904,476729,476729,476729,190534,160147,1783334485274278000,1783334485274564195,1783334485274564195,1783334485274438147,1783334485274754729,1783334485274754729,1,1,1.000000000000,1.000000000000,1.000000000000,0.725935580636,0.385405982611,3,4
905,469177,469177,469177,180434,160183,1783334485274395341,1783334485274684084,1783334485274684084,1783334485274555524,1783334485274864518,1783334485274864518,2,3,1.000000000000,1.000000000000,1.000000000000,0.725883315156,0.391271338233,3,4
906,472634,472634,472634,185223,160389,1783334485274513162,1783334485274800573,1783334485274800573,1783334485274673551,1783334485274985796,1783334485274985796,3,2,1.000000000000,1.000000000000,1.000000000000,0.725584312829,0.388575418734,3,4
907,477761,477761,477761,188263,162356,1783334485274631393,1783334485274920891,1783334485274920891,1783334485274793749,1783334485275109154,1783334485275109154,2,1,1.000000000000,1.000000000000,1.000000000000,0.722735471487,0.384611325032,3,4
908,470818,470818,470818,182521,162004,1783334485274753293,1783334485275041590,1783334485275041590,1783334485274915297,1783334485275224111,1783334485275224111,0,0,1.000000000000,1.000000000000,1.000000000000,0.723244456401,0.389989290692,3,4
909,477515,477515,477515,186680,159701,1783334485274876054,1783334485275166889,1783334485275166889,1783334485275035755,1783334485275353569,1783334485275353569,3,0,1.000000000000,1.000000000000,1.000000000000,0.726583404061,0.384800600362,3,4
910,478140,478140,478140,186417,160058,1783334485274994955,1783334485275286678,1783334485275286678,1783334485275155013,1783334485275473095,1783334485275473095,1,3,1.000000000000,1.000000000000,1.000000000000,0.726064808671,0.384319900112,3,4
911,475239,475239,475239,187468,160834,1783334485275118225,1783334485275405996,1783334485275405996,1783334485275279059,1783334485275593464,1783334485275593464,1,0,1.000000000000,1.000000000000,1.000000000000,0.724938830073,0.386556205420,3,4
912,471134,471134,471134,184336,161931,1783334485275241217,1783334485275528015,1783334485275528015,1783334485275403148,1783334485275712351,1783334485275712351,3,0,1.000000000000,1.000000000000,1.000000000000,0.723350057800,0.389742895329,3,4
913,479431,479431,479431,186405,161397,1783334485275359948,1783334485275652974,1783334485275652974,1783334485275521345,1783334485275839379,1783334485275839379,0,1,1.000000000000,1.000000000000,1.000000000000,0.724123008344,0.383328866105,3,4
914,472029,472029,472029,184744,164035,1783334485275477668,1783334485275764953,1783334485275764953,1783334485275641703,1783334485275949697,1783334485275949697,0,1,1.000000000000,1.000000000000,1.000000000000,0.720312596059,0.389045879562,3,4
915,472865,472865,472865,185413,159391,1783334485275594899,1783334485275882351,1783334485275882351,1783334485275754290,1783334485276067764,1783334485276067764,0,0,1.000000000000,1.000000000000,1.000000000000,0.727034025449,0.388395938353,3,4
916,469863,469863,469863,181473,156769,1783334485275712950,1783334485276001340,1783334485276001340,1783334485275869719,1783334485276182813,1783334485276182813,0,1,1.000000000000,1.000000000000,1.000000000000,0.730856605925,0.390734882050,3,4
917,475690,475690,475690,184851,163296,1783334485275835480,1783334485276126319,1783334485276126319,1783334485275998776,1783334485276311170,1783334485276311170,3,1,1.000000000000,1.000000000000,1.000000000000,0.721378005219,0.386207688928,3,4
918,475976,475976,475976,185669,159373,1783334485275954441,1783334485276244748,1783334485276244748,1783334485276113814,1783334485276430417,1783334485276430417,3,3,1.000000000000,1.000000000000,1.000000000000,0.727060199145,0.385986841298,3,4
919,474273,474273,474273,185049,161149,1783334485276073452,1783334485276362676,1783334485276362676,1783334485276234601,1783334485276547725,1783334485276547725,3,3,1.000000000000,1.000000000000,1.000000000000,0.724482262444,0.387303753909,3,4
920,473729,473729,473729,184427,160595,1783334485276194563,1783334485276483865,1783334485276483865,1783334485276355158,1783334485276668292,1783334485276668292,2,3,1.000000000000,1.000000000000,1.000000000000,0.725285433666,0.387725369710,3,4
921,478196,478196,478196,185666,161282,1783334485276312934,1783334485276605464,1783334485276605464,1783334485276474216,1783334485276791130,1783334485276791130,3,3,1.000000000000,1.000000000000,1.000000000000,0.724289575791,0.384276858693,3,4
922,470353,470353,470353,184045,159829,1783334485276433505,1783334485276719813,1783334485276719813,1783334485276593334,1783334485276903858,1783334485276903858,1,3,1.000000000000,1.000000000000,1.000000000000,0.726397422516,0.390352149435,3,4
923,477360,477360,477360,187023,160206,1783334485276550865,1783334485276841202,1783334485276841202,1783334485276711071,1783334485277028225,1783334485277028225,1,3,1.000000000000,1.000000000000,1.000000000000,0.725849925292,0.384919907039,3,4
924,484748,484748,484748,184613,159934,1783334485276671146,1783334485276971281,1783334485276971281,1783334485276831080,1783334485277155894,1783334485277155894,0,0,1.000000000000,1.000000000000,1.000000000000,0.726244895073,0.379274144109,3,4
925,474624,474624,474624,184761,161550,1783334485276790987,1783334485277080850,1783334485277080850,1783334485276952537,1783334485277265611,1783334485277265611,1,1,1.000000000000,1.000000000000,1.000000000000,0.723901460602,0.387031962083,3,4
926,474642,474642,474642,184790,159928,1783334485276910627,1783334485277200479,1783334485277200479,1783334485277070555,1783334485277385269,1783334485277385269,1,1,1.000000000000,1.000000000000,1.000000000000,0.726253610064,0.387018029184,3,4
927,474179,474179,474179,186900,160174,1783334485277028048,1783334485277315327,1783334485277315327,1783334485277188222,1783334485277502227,1783334485277502227,2,3,1.000000000000,1.000000000000,1.000000000000,0.725896381173,0.387376573859,3,4
928,473824,473824,473824,186008,160890,1783334485277149640,1783334485277437456,1783334485277437456,1783334485277310530,1783334485277623464,1783334485277623464,1,1,1.000000000000,1.000000000000,1.000000000000,0.724857641471,0.387651708888,3,4
929,476441,476441,476441,188406,163318,1783334485277270090,1783334485277558125,1783334485277558125,1783334485277433408,1783334485277746531,1783334485277746531,2,3,1.000000000000,1.000000000000,1.000000000000,0.721346265285,0.385628040404,3,4
930,476458,476458,476458,185935,163915,1783334485277389131,1783334485277679654,1783334485277679654,1783334485277553046,1783334485277865589,1783334485277865589,1,2,1.000000000000,1.000000000000,1.000000000000,0.720485491828,0.385614929273,3,4
931,475144,475144,475144,185384,160501,1783334485277509842,1783334485277799602,1783334485277799602,1783334485277670343,1783334485277984986,1783334485277984986,2,0,1.000000000000,1.000000000000,1.000000000000,0.725421800145,0.386629658077,3,4
932,472082,472082,472082,184903,159979,1783334485277630502,1783334485277917681,1783334485277917681,1783334485277790481,1783334485278102584,1783334485278102584,2,2,1.000000000000,1.000000000000,1.000000000000,0.726179535974,0.389004642884,3,4
933,472440,472440,472440,185103,160915,1783334485277747853,1783334485278035190,1783334485278035190,1783334485277908768,1783334485278220293,1783334485278220293,0,2,1.000000000000,1.000000000000,1.000000000000,0.724821399495,0.388726215249,3,4
934,471115,471115,471115,184350,162632,1783334485277868224,1783334485278154989,1783334485278154989,1783334485278030856,1783334485278339339,1783334485278339339,0,2,1.000000000000,1.000000000000,1.000000000000,0.722336631597,0.389757705841,3,4
935,480552,480552,480552,191160,159889,1783334485277986825,1783334485278276217,1783334485278276217,1783334485278146714,1783334485278467377,1783334485278467377,0,1,1.000000000000,1.000000000000,1.000000000000,0.726310260055,0.382470405481,3,4
936,477269,477269,477269,186369,161986,1783334485278104766,1783334485278395666,1783334485278395666,1783334485278266752,1783334485278582035,1783334485278582035,3,0,1.000000000000,1.000000000000,1.000000000000,0.723270493670,0.384989968838,3,4
937,472496,472496,472496,185147,165113,1783334485278228536,1783334485278515885,1783334485278515885,1783334485278393649,1783334485278701032,1783334485278701032,3,1,1.000000000000,1.000000000000,1.000000000000,0.718761275027,0.388682680351,3,4
938,476634,476634,476634,184228,162669,1783334485278348107,1783334485278640513,1783334485278640513,1783334485278510776,1783334485278824741,1783334485278824741,2,2,1.000000000000,1.000000000000,1.000000000000,0.722283180664,0.385479216705,3,4
939,474240,474240,474240,185936,161077,1783334485278467688,1783334485278755992,1783334485278755992,1783334485278628765,1783334485278941928,1783334485278941928,2,0,1.000000000000,1.000000000000,1.000000000000,0.724586595402,0.387329316800,3,4
940,472868,472868,472868,184615,164503,1783334485278587148,1783334485278875401,1783334485278875401,1783334485278751651,1783334485279060016,1783334485279060016,3,2,1.000000000000,1.000000000000,1.000000000000,0.719638698902,0.388393607985,3,4
941,472024,472024,472024,184843,160410,1783334485278701119,1783334485278988300,1783334485278988300,1783334485278861529,1783334485279173143,1783334485279173143,3,1,1.000000000000,1.000000000000,1.000000000000,0.725553838928,0.389049770040,3,4
942,477271,477271,477271,185092,161868,1783334485278819770,1783334485279111949,1783334485279111949,1783334485278981638,1783334485279297041,1783334485279297041,3,1,1.000000000000,1.000000000000,1.000000000000,0.723441205650,0.384988428881,3,4
943,472678,472678,472678,185232,159954,1783334485278937531,1783334485279224977,1783334485279224977,1783334485279097485,1783334485279410209,1783334485279410209,0,0,1.000000000000,1.000000000000,1.000000000000,0.726215845858,0.388541225601,3,4
944,468884,468884,468884,182500,159850,1783334485279055072,1783334485279341456,1783334485279341456,1783334485279214922,1783334485279523956,1783334485279523956,1,2,1.000000000000,1.000000000000,1.000000000000,0.726366914465,0.391500690431,3,4
945,472642,472642,472642,183590,160608,1783334485279178923,1783334485279467975,1783334485279467975,1783334485279339531,1783334485279651565,1783334485279651565,3,2,1.000000000000,1.000000000000,1.000000000000,0.725266576489,0.388569201577,3,4
946,484068,484068,484068,188228,166245,1783334485279299283,1783334485279595123,1783334485279595123,1783334485279465528,1783334485279783351,1783334485279783351,0,3,1.000000000000,1.000000000000,1.000000000000,0.717135840187,0.379790307857,3,4
947,476876,476876,476876,186058,160891,1783334485279419724,1783334485279710542,1783334485279710542,1783334485279580615,1783334485279896600,1783334485279896600,3,3,1.000000000000,1.000000000000,1.000000000000,0.724856191757,0.385292689907,3,4
948,473942,473942,473942,186005,160268,1783334485279540305,1783334485279828242,1783334485279828242,1783334485279700573,1783334485280014247,1783334485280014247,1,0,1.000000000000,1.000000000000,1.000000000000,0.725759925481,0.387560233879,3,4
949,476280,476280,476280,186464,160946,1783334485279658635,1783334485279948451,1783334485279948451,1783334485279819581,1783334485280134915,1783334485280134915,0,2,1.000000000000,1.000000000000,1.000000000000,0.724776461961,0.385752232627,3,4
950,473045,473045,473045,185252,159351,1783334485279779057,1783334485280066850,1783334485280066850,1783334485279938408,1783334485280252102,1783334485280252102,1,0,1.000000000000,1.000000000000,1.000000000000,0.727092190498,0.388256140981,3,4
951,472343,472343,472343,185203,162018,1783334485279896508,1783334485280183648,1783334485280183648,1783334485280058526,1783334485280368851,1783334485280368851,2,0,1.000000000000,1.000000000000,1.000000000000,0.723224205840,0.388801635450,3,4
952,476829,476829,476829,189600,159595,1783334485280023468,1783334485280310697,1783334485280310697,1783334485280183063,1783334485280500297,1783334485280500297,0,2,1.000000000000,1.000000000000,1.000000000000,0.726737456071,0.385328909122,3,4
953,476536,476536,476536,185299,160662,1783334485280141259,1783334485280432496,1783334485280432496,1783334485280301921,1783334485280617795,1783334485280617795,2,3,1.000000000000,1.000000000000,1.000000000000,0.725188251929,0.385554778036,3,4
954,473073,473073,473073,184799,162839,1783334485280264240,1783334485280552514,1783334485280552514,1783334485280427079,1783334485280737313,1783334485280737313,1,0,1.000000000000,1.000000000000,1.000000000000,0.722037646126,0.388234399246,3,4
955,477790,477790,477790,187557,160207,1783334485280384500,1783334485280674733,1783334485280674733,1783334485280544707,1783334485280862290,1783334485280862290,3,2,1.000000000000,1.000000000000,1.000000000000,0.725848473593,0.384589018222,3,4
956,476818,476818,476818,188457,154173,1783334485280505381,1783334485280793742,1783334485280793742,1783334485280659554,1783334485280982199,1783334485280982199,1,0,1.000000000000,1.000000000000,1.000000000000,0.734661081295,0.385337386452,3,4
957,477443,477443,477443,186444,161081,1783334485280625702,1783334485280916701,1783334485280916701,1783334485280786783,1783334485281103145,1783334485281103145,1,3,1.000000000000,1.000000000000,1.000000000000,0.724580798732,0.384856015638,3,4
958,477541,477541,477541,187675,159696,1783334485280746393,1783334485281036259,1783334485281036259,1783334485280906089,1783334485281223934,1783334485281223934,3,2,1.000000000000,1.000000000000,1.000000000000,0.726590669931,0.384780591251,3,4
959,471627,471627,471627,185043,159604,1783334485280863674,1783334485281150258,1783334485281150258,1783334485281023278,1783334485281335301,1783334485281335301,1,2,1.000000000000,1.000000000000,1.000000000000,0.726724374915,0.389358798225,3,4
960,474863,474863,474863,185531,156250,1783334485280981155,1783334485281270487,1783334485281270487,1783334485281137405,1783334485281456018,1783334485281456018,0,1,1.000000000000,1.000000000000,1.000000000000,0.731615628947,0.386847005014,3,4
961,472991,472991,472991,185280,163137,1783334485281100045,1783334485281387756,1783334485281387756,1783334485281263182,1783334485281573036,1783334485281573036,0,3,1.000000000000,1.000000000000,1.000000000000,0.721607439903,0.388298074908,3,4
962,473638,473638,473638,184870,163864,1783334485281216196,1783334485281504964,1783334485281504964,1783334485281380060,1783334485281689834,1783334485281689834,2,1,1.000000000000,1.000000000000,1.000000000000,0.720558985097,0.387795942149,3,4
963,478315,478315,478315,189269,160982,1783334485281335787,1783334485281624833,1783334485281624833,1783334485281496769,1783334485281814102,1783334485281814102,0,1,1.000000000000,1.000000000000,1.000000000000,0.724724279934,0.384185411683,3,4
964,474193,474193,474193,184188,161019,1783334485281454387,1783334485281744392,1783334485281744392,1783334485281615406,1783334485281928580,1783334485281928580,2,0,1.000000000000,1.000000000000,1.000000000000,0.724670652322,0.387365727467,3,4
965,478539,478539,478539,186167,161234,1783334485281574799,1783334485281867171,1783334485281867171,1783334485281736033,1783334485282053338,1783334485282053338,3,1,1.000000000000,1.000000000000,1.000000000000,0.724359110928,0.384013335167,3,4
966,473284,473284,473284,185855,159581,1783334485281708240,1783334485281995669,1783334485281995669,1783334485281867821,1783334485282181524,1783334485282181524,0,2,1.000000000000,1.000000000000,1.000000000000,0.726757805005,0.388070598893,3,4
967,474023,474023,474023,185925,163118,1783334485281826010,1783334485282114108,1783334485282114108,1783334485281989128,1783334485282300033,1783334485282300033,3,3,1.000000000000,1.000000000000,1.000000000000,0.721634861507,0.387497454206,3,4
968,478610,478610,478610,186454,153685,1783334485281945741,1783334485282237897,1783334485282237897,1783334485282099426,1783334485282424351,1783334485282424351,2,3,1.000000000000,1.000000000000,1.000000000000,0.735378460534,0.383958809145,3,4
969,473396,473396,473396,184742,160902,1783334485282063292,1783334485282351946,1783334485282351946,1783334485282224194,1783334485282536688,1783334485282536688,1,0,1.000000000000,1.000000000000,1.000000000000,0.724840245096,0.387983680814,3,4
970,471203,471203,471203,185141,159269,1783334485282181492,1783334485282467554,1783334485282467554,1783334485282340761,1783334485282652695,1783334485282652695,1,0,1.000000000000,1.000000000000,1.000000000000,0.727211443396,0.389689114521,3,4
971,481130,481130,481130,184960,161646,1783334485282304353,1783334485282600523,1783334485282600523,1783334485282465999,1783334485282785483,1783334485282785483,1,2,1.000000000000,1.000000000000,1.000000000000,0.723762484864,0.382028525148,3,4
972,472948,472948,472948,184369,161214,1783334485282423473,1783334485282712052,1783334485282712052,1783334485282584687,1783334485282896421,1783334485282896421,2,0,1.000000000000,1.000000000000,1.000000000000,0.724388085872,0.388331469979,3,4
973,484094,484094,484094,186428,161180,1783334485282545885,1783334485282843551,1783334485282843551,1783334485282707065,1783334485283029979,1783334485283029979,2,1,1.000000000000,1.000000000000,1.000000000000,0.724437345936,0.379770559275,3,4
974,479510,479510,479510,186656,159366,1783334485282672546,1783334485282965400,1783334485282965400,1783334485282831912,1783334485283152056,1783334485283152056,1,2,1.000000000000,1.000000000000,1.000000000000,0.727070378059,0.383268304929,3,4
975,481577,481577,481577,184404,160054,1783334485282790146,1783334485283087319,1783334485283087319,1783334485282950200,1783334485283271723,1783334485283271723,0,3,1.000000000000,1.000000000000,1.000000000000,0.726070617212,0.381687144267,3,4
976,476345,476345,476345,187004,159440,1783334485282908807,1783334485283198148,1783334485283198148,1783334485283068247,1783334485283385152,1783334485283385152,2,0,1.000000000000,1.000000000000,1.000000000000,0.726962779606,0.385702088096,3,4
977,471072,471072,471072,184894,161007,1783334485283028218,1783334485283314396,1783334485283314396,1783334485283189225,1783334485283499290,1783334485283499290,0,2,1.000000000000,1.000000000000,1.000000000000,0.724688044626,0.389791226445,3,4
978,472868,472868,472868,185321,164554,1783334485283149708,1783334485283437255,1783334485283437255,1783334485283314262,1783334485283622576,1783334485283622576,0,1,1.000000000000,1.000000000000,1.000000000000,0.719565299498,0.388393607985,3,4
979,577803,577803,577803,294338,162171,1783334485283269989,1783334485283553454,1783334485283553454,1783334485283432160,1783334485283847792,1783334485283847792,2,1,1.000000000000,1.000000000000,1.000000000000,0.723002933089,0.314866669875,3,4
980,484131,484131,484131,198589,160977,1783334485283392511,1783334485283678053,1783334485283678053,1783334485283553488,1783334485283876642,1783334485283876642,2,3,1.000000000000,1.000000000000,1.000000000000,0.724731527213,0.379742457293,3,4
981,474029,474029,474029,186799,160344,1783334485283513071,1783334485283800301,1783334485283800301,1783334485283673415,1783334485283987100,1783334485283987100,0,2,1.000000000000,1.000000000000,1.000000000000,0.725649618356,0.387492804265,3,4
982,466395,466395,466395,184777,214591,1783334485283633312,1783334485283914930,1783334485283914930,1783334485283847903,1783334485284099707,1783334485284099707,3,1,1.000000000000,1.000000000000,1.000000000000,0.651041428858,0.393454439715,3,4
983,468411,468411,468411,184455,164817,1783334485283750593,1783334485284034549,1783334485284034549,1783334485283915410,1783334485284219004,1783334485284219004,1,3,1.000000000000,1.000000000000,1.000000000000,0.719186907676,0.391871225319,3,4
984,465929,465929,465929,184434,160155,1783334485283866293,1783334485284147788,1783334485284147788,1783334485284026448,1783334485284332222,1783334485284332222,1,1,1.000000000000,1.000000000000,1.000000000000,0.725923965760,0.393821310188,3,4
985,470547,470547,470547,186655,185261,1783334485283983564,1783334485284267456,1783334485284267456,1783334485284168825,1783334485284454111,1783334485284454111,2,2,1.000000000000,1.000000000000,1.000000000000,0.690373861407,0.390200722180,3,4
986,478532,478532,478532,187282,160970,1783334485284101825,1783334485284393075,1783334485284393075,1783334485284262795,1783334485284580357,1783334485284580357,2,1,1.000000000000,1.000000000000,1.000000000000,0.724741673526,0.384018711391,3,4
987,475491,475491,475491,185212,160666,1783334485284224415,1783334485284514694,1783334485284514694,1783334485284385081,1783334485284699906,1783334485284699906,0,3,1.000000000000,1.000000000000,1.000000000000,0.725182450446,0.386361430180,3,4
988,476736,476736,476736,186610,161282,1783334485284344777,1783334485284634903,1783334485284634903,1783334485284506059,1783334485284821513,1783334485284821513,0,0,1.000000000000,1.000000000000,1.000000000000,0.724289575791,0.385400586965,3,4
989,476712,476712,476712,185059,160929,1783334485284465078,1783334485284756731,1783334485284756731,1783334485284626007,1783334485284941790,1783334485284941790,1,1,1.000000000000,1.000000000000,1.000000000000,0.724801104780,0.385419086638,3,4
990,473511,473511,473511,184139,161097,1783334485284587688,1783334485284877060,1783334485284877060,1783334485284748785,1783334485285061199,1783334485285061199,3,0,1.000000000000,1.000000000000,1.000000000000,0.724557612517,0.387894454829,3,4
991,474237,474237,474237,187117,160354,1783334485284709949,1783334485284997069,1783334485284997069,1783334485284870303,1783334485285184186,1783334485285184186,2,2,1.000000000000,1.000000000000,1.000000000000,0.725635105509,0.387331640783,3,4
992,470784,470784,470784,183376,160310,1783334485284829910,1783334485285117318,1783334485285117318,1783334485284990220,1783334485285300694,1783334485285300694,0,0,1.000000000000,1.000000000000,1.000000000000,0.725698964208,0.390015810865,3,4
993,470911,470911,470911,183295,162537,1783334485284947270,1783334485285234886,1783334485285234886,1783334485285109807,1783334485285418181,1783334485285418181,1,0,1.000000000000,1.000000000000,1.000000000000,0.722473888596,0.389916759429,3,4
994,470518,470518,470518,184624,162684,1783334485285072181,1783334485285358075,1783334485285358075,1783334485285234865,1783334485285542699,1783334485285542699,0,2,1.000000000000,1.000000000000,1.000000000000,0.722261512494,0.390223354478,3,4
995,470454,470454,470454,184033,160120,1783334485285189833,1783334485285476254,1783334485285476254,1783334485285349953,1783334485285660287,1783334485285660287,1,3,1.000000000000,1.000000000000,1.000000000000,0.725974782216,0.390273306265,3,4
996,488242,488242,488242,190622,163277,1783334485285307363,1783334485285604983,1783334485285604983,1783334485285470640,1783334485285795605,1783334485285795605,3,2,1.000000000000,1.000000000000,1.000000000000,0.721405418104,0.376633015242,3,4
997,475069,475069,475069,184662,160895,1783334485285427694,1783334485285718101,1783334485285718101,1783334485285588589,1783334485285902763,1783334485285902763,3,2,1.000000000000,1.000000000000,1.000000000000,0.724850392931,0.386687656876,3,4
998,466194,466194,466194,180148,159631,1783334485285547795,1783334485285833841,1783334485285833841,1783334485285707426,1783334485286013989,1783334485286013989,3,2,1.000000000000,1.000000000000,1.000000000000,0.726685132858,0.393612640196,3,4
999,474382,474382,474382,184207,161368,1783334485285665305,1783334485285955480,1783334485285955480,1783334485285826673,1783334485286139687,1783334485286139687,0,2,1.000000000000,1.000000000000,1.000000000000,0.724165008697,0.387219330893,3,4
1000,470769,470769,470769,184396,161006,1783334485285784156,1783334485286070529,1783334485286070529,1783334485285945162,1783334485286254925,1783334485286254925,2,2,1.000000000000,1.000000000000,1.000000000000,0.724689494004,0.390027511515,3,4
1001,477745,477745,477745,186615,167351,1783334485285904657,1783334485286195787,1783334485286195787,1783334485286072008,1783334485286382402,1783334485286382402,1,1,1.000000000000,1.000000000000,1.000000000000,0.715551288868,0.384623632791,3,4
1002,472182,472182,472182,190794,160448,1783334485286037558,1783334485286318946,1783334485286318946,1783334485286198006,1783334485286509740,1783334485286509740,3,3,1.000000000000,1.000000000000,1.000000000000,0.725498698931,0.388926849735,3,4
1003,468338,468338,468338,183582,160875,1783334485286159099,1783334485286443855,1783334485286443855,1783334485286319974,1783334485286627437,1783334485286627437,1,2,1.000000000000,1.000000000000,1.000000000000,0.724879387526,0.391928442695,3,4
1004,469996,469996,469996,186512,165111,1783334485286279270,1783334485286562754,1783334485286562754,1783334485286444381,1783334485286749266,1783334485286749266,0,0,1.000000000000,1.000000000000,1.000000000000,0.718764150078,0.390630960394,3,4
1005,470234,470234,470234,186192,160320,1783334485286399150,1783334485286683192,1783334485286683192,1783334485286559470,1783334485286869384,1783334485286869384,3,2,1.000000000000,1.000000000000,1.000000000000,0.725684450374,0.390445064303,3,4
1006,469880,469880,469880,183600,159435,1783334485286516621,1783334485286802901,1783334485286802901,1783334485286676056,1783334485286986501,1783334485286986501,2,2,1.000000000000,1.000000000000,1.000000000000,0.726970049270,0.390721597290,3,4
1007,466548,466548,466548,182519,159834,1783334485286634131,1783334485286918160,1783334485286918160,1783334485286793965,1783334485287100679,1783334485287100679,1,3,1.000000000000,1.000000000000,1.000000000000,0.726390158578,0.393334061076,3,4
1008,465955,465955,465955,183438,159750,1783334485286751622,1783334485287034139,1783334485287034139,1783334485286911372,1783334485287217577,1783334485287217577,1,1,1.000000000000,1.000000000000,1.000000000000,0.726512202376,0.393800832013,3,4
1009,463802,463802,463802,182567,159148,1783334485286869253,1783334485287150488,1783334485287150488,1783334485287028401,1783334485287333055,1783334485287333055,2,1,1.000000000000,1.000000000000,1.000000000000,0.727387449861,0.395500194497,3,4
1010,464317,464317,464317,183055,166083,1783334485286986684,1783334485287267946,1783334485287267946,1783334485287152767,1783334485287451001,1783334485287451001,0,2,1.000000000000,1.000000000000,1.000000000000,0.717368229844,0.395093039018,3,4
1011,469785,469785,469785,185985,160380,1783334485287109565,1783334485287393365,1783334485287393365,1783334485287269945,1783334485287579350,1783334485287579350,2,1,1.000000000000,1.000000000000,1.000000000000,0.725597373464,0.390795841446,3,4
1012,471130,471130,471130,185842,161427,1783334485287232026,1783334485287517314,1783334485287517314,1783334485287393453,1783334485287703156,1783334485287703156,3,3,1.000000000000,1.000000000000,1.000000000000,0.724079562267,0.389746013285,3,4
1013,470718,470718,470718,185372,159915,1783334485287353616,1783334485287638962,1783334485287638962,1783334485287513531,1783334485287824334,1783334485287824334,2,0,1.000000000000,1.000000000000,1.000000000000,0.726272492903,0.390067296350,3,4
1014,470655,470655,470655,185961,159201,1783334485287470637,1783334485287755331,1783334485287755331,1783334485287629838,1783334485287941292,1783334485287941292,1,3,1.000000000000,1.000000000000,1.000000000000,0.727310350878,0.390116447926,3,4
1015,464701,464701,464701,182639,162947,1783334485287587988,1783334485287870050,1783334485287870050,1783334485287750935,1783334485288052689,1783334485288052689,0,2,1.000000000000,1.000000000000,1.000000000000,0.721881702837,0.394789724051,3,4
1016,465710,465710,465710,183419,159745,1783334485287705848,1783334485287988139,1783334485287988139,1783334485287865593,1783334485288171558,1783334485288171558,1,2,1.000000000000,1.000000000000,1.000000000000,0.726519467534,0.393993841704,3,4
1017,467867,467867,467867,186608,164982,1783334485287823309,1783334485288104568,1783334485288104568,1783334485287988291,1783334485288291176,1783334485288291176,1,1,1.000000000000,1.000000000000,1.000000000000,0.718949615152,0.392297813234,3,4
1018,477473,477473,477473,190367,159580,1783334485287940840,1783334485288227946,1783334485288227946,1783334485288100420,1783334485288418313,1783334485288418313,1,1,1.000000000000,1.000000000000,1.000000000000,0.726759258522,0.384832924970,3,4
1019,470579,470579,470579,184665,159816,1783334485288058221,1783334485288344135,1783334485288344135,1783334485288218037,1783334485288528800,1783334485288528800,3,2,1.000000000000,1.000000000000,1.000000000000,0.726416309094,0.390175750133,3,4
1020,467167,467167,467167,183005,160422,1783334485288182622,1783334485288466784,1783334485288466784,1783334485288343044,1783334485288649789,1783334485288649789,0,2,1.000000000000,1.000000000000,1.000000000000,0.725536425845,0.392847414804,3,4
1021,474963,474963,474963,186412,160320,1783334485288302872,1783334485288591423,1783334485288591423,1783334485288463192,1783334485288777835,1783334485288777835,3,3,1.000000000000,1.000000000000,1.000000000000,0.725684450374,0.386769643349,3,4
1022,471540,471540,471540,180602,160406,1783334485288420073,1783334485288711011,1783334485288711011,1783334485288580479,1783334485288891613,1783334485288891613,2,3,1.000000000000,1.000000000000,1.000000000000,0.725559643382,0.389426552551,3,4
1023,471907,471907,471907,188021,160944,1783334485288538844,1783334485288822730,1783334485288822730,1783334485288699788,1783334485289010751,1783334485289010751,0,2,1.000000000000,1.000000000000,1.000000000000,0.724779361073,0.389140818339,3,4
1024,474324,474324,474324,187408,160461,1783334485288659284,1783334485288946200,1783334485288946200,1783334485288819745,1783334485289133608,1783334485289133608,1,3,1.000000000000,1.000000000000,1.000000000000,0.725479836211,0.387264250940,3,4
1025,466271,466271,466271,182968,161106,1783334485288782526,1783334485289065829,1783334485289065829,1783334485288943632,1783334485289248797,1783334485289248797,3,1,1.000000000000,1.000000000000,1.000000000000,0.724544570598,0.393552028517,3,4
1026,468697,468697,468697,186227,166554,1783334485288905107,1783334485289187577,1783334485289187577,1783334485289071661,1783334485289373804,1783334485289373804,0,2,1.000000000000,1.000000000000,1.000000000000,0.716692787155,0.391647139073,3,4
1027,469415,469415,469415,186226,159521,1783334485289023857,1783334485289307046,1783334485289307046,1783334485289183378,1783334485289493272,1783334485289493272,2,3,1.000000000000,1.000000000000,1.000000000000,0.726845021174,0.391085137395,3,4
1028,470152,470152,470152,183375,160738,1783334485289141718,1783334485289428495,1783334485289428495,1783334485289302456,1783334485289611870,1783334485289611870,3,1,1.000000000000,1.000000000000,1.000000000000,0.725078031691,0.390509102545,3,4
1029,472449,472449,472449,182784,161724,1783334485289260939,1783334485289550604,1783334485289550604,1783334485289422663,1783334485289733388,1783334485289733388,3,2,1.000000000000,1.000000000000,1.000000000000,0.723649586723,0.388719218240,3,4
1030,467836,467836,467836,183553,160391,1783334485289379689,1783334485289663972,1783334485289663972,1783334485289540080,1783334485289847525,1783334485289847525,1,3,1.000000000000,1.000000000000,1.000000000000,0.725581410498,0.392322136453,3,4
1031,469112,469112,469112,186311,162538,1783334485289499900,1783334485289782701,1783334485289782701,1783334485289662438,1783334485289969012,1783334485289969012,2,1,1.000000000000,1.000000000000,1.000000000000,0.722472443650,0.391322206813,3,4
1032,469840,469840,469840,184840,160717,1783334485289618590,1783334485289903590,1783334485289903590,1783334485289779307,1783334485290088430,1783334485290088430,0,2,1.000000000000,1.000000000000,1.000000000000,0.725108485608,0.390752856268,3,4
1033,465865,465865,465865,183058,160842,1783334485289738842,1783334485290021649,1783334485290021649,1783334485289899684,1783334485290204707,1783334485290204707,3,3,1.000000000000,1.000000000000,1.000000000000,0.724927231145,0.393871722542,3,4
1034,467502,467502,467502,186018,162568,1783334485289861303,1783334485290142787,1783334485290142787,1783334485290023871,1783334485290328805,1783334485290328805,3,2,1.000000000000,1.000000000000,1.000000000000,0.722429096604,0.392584295191,3,4
1035,471050,471050,471050,187557,159827,1783334485289978713,1783334485290262206,1783334485290262206,1783334485290138540,1783334485290449763,1783334485290449763,0,1,1.000000000000,1.000000000000,1.000000000000,0.726400328111,0.389808377636,3,4
1036,469136,469136,469136,184945,160302,1783334485290102524,1783334485290386715,1783334485290386715,1783334485290262826,1783334485290571660,1783334485290571660,0,2,1.000000000000,1.000000000000,1.000000000000,0.725710575484,0.391303423798,3,4
1037,466654,466654,466654,182626,160760,1783334485290221535,1783334485290505563,1783334485290505563,1783334485290382295,1783334485290688189,1783334485290688189,3,3,1.000000000000,1.000000000000,1.000000000000,0.725046128960,0.393250683093,3,4
1038,471722,471722,471722,183875,161417,1783334485290340605,1783334485290628452,1783334485290628452,1783334485290502022,1783334485290812327,1783334485290812327,2,2,1.000000000000,1.000000000000,1.000000000000,0.724094044003,0.389284827081,3,4
1039,469147,469147,469147,183012,161293,1783334485290463046,1783334485290749181,1783334485290749181,1783334485290624339,1783334485290932193,1783334485290932193,0,1,1.000000000000,1.000000000000,1.000000000000,0.724273641595,0.391294815218,3,4
1040,467934,467934,467934,184392,160669,1783334485290582348,1783334485290865890,1783334485290865890,1783334485290743017,1783334485291050282,1783334485291050282,1,2,1.000000000000,1.000000000000,1.000000000000,0.725178099364,0.392245248849,3,4
1041,468562,468562,468562,185712,161137,1783334485290702598,1783334485290985448,1783334485290985448,1783334485290863735,1783334485291171160,1783334485291171160,1,3,1.000000000000,1.000000000000,1.000000000000,0.724499650227,0.391752898078,3,4
1042,468878,468878,468878,187990,163773,1783334485290822959,1783334485291103847,1783334485291103847,1783334485290986732,1783334485291291837,1783334485291291837,2,0,1.000000000000,1.000000000000,1.000000000000,0.720690138767,0.391505388467,3,4
1043,468775,468775,468775,185209,159801,1783334485290940360,1783334485291223926,1783334485291223926,1783334485291100161,1783334485291409135,1783334485291409135,3,0,1.000000000000,1.000000000000,1.000000000000,0.726438101911,0.391586046885,3,4
1044,464633,464633,464633,181778,159699,1783334485291057720,1783334485291340575,1783334485291340575,1783334485291217419,1783334485291522353,1783334485291522353,3,2,1.000000000000,1.000000000000,1.000000000000,0.726586310400,0.394843419105,3,4
1045,465148,465148,465148,182896,158994,1783334485291182371,1783334485291464623,1783334485291464623,1783334485291341365,1783334485291647519,1783334485291647519,1,1,1.000000000000,1.000000000000,1.000000000000,0.727611519700,0.394436939756,3,4
1046,475185,475185,475185,184505,163102,1783334485291304892,1783334485291595572,1783334485291595572,1783334485291467994,1783334485291780077,1783334485291780077,1,2,1.000000000000,1.000000000000,1.000000000000,0.721657954192,0.386597955745,3,4
1047,467803,467803,467803,184114,161338,1783334485291424122,1783334485291707811,1783334485291707811,1783334485291585460,1783334485291891925,1783334485291891925,1,0,1.000000000000,1.000000000000,1.000000000000,0.724208459901,0.392348030568,3,4
1048,468518,468518,468518,186281,160324,1783334485291546754,1783334485291828991,1783334485291828991,1783334485291707078,1783334485292015272,1783334485292015272,2,0,1.000000000000,1.000000000000,1.000000000000,0.725678644921,0.391787373850,3,4
1049,467445,467445,467445,183111,160822,1783334485291666985,1783334485291951319,1783334485291951319,1783334485291827807,1783334485292134430,1783334485292134430,2,0,1.000000000000,1.000000000000,1.000000000000,0.724956228814,0.392629052352,3,4
1050,467142,467142,467142,183419,160028,1783334485291787225,1783334485292070948,1783334485292070948,1783334485291947253,1783334485292254367,1783334485292254367,1,1,1.000000000000,1.000000000000,1.000000000000,0.726108373866,0.392867057666,3,4
1051,467110,467110,467110,184699,162316,1783334485291904906,1783334485292187317,1783334485292187317,1783334485292067222,1783334485292372016,1783334485292372016,3,2,1.000000000000,1.000000000000,1.000000000000,0.722793292638,0.392892201962,3,4
1052,475825,475825,475825,193426,159283,1783334485292027637,1783334485292310036,1783334485292310036,1783334485292186920,1783334485292503462,1783334485292503462,2,0,1.000000000000,1.000000000000,1.000000000000,0.727191081760,0.386103426928,3,4
1053,468944,468944,468944,185097,160659,1783334485292151087,1783334485292434934,1783334485292434934,1783334485292311746,1783334485292620031,1783334485292620031,0,2,1.000000000000,1.000000000000,1.000000000000,0.725192603071,0.391453713167,3,4
1054,468360,468360,468360,183535,162257,1783334485292269698,1783334485292554523,1783334485292554523,1783334485292431955,1783334485292738058,1783334485292738058,0,1,1.000000000000,1.000000000000,1.000000000000,0.722878587279,0.391911198223,3,4
1055,466767,466767,466767,182735,160653,1783334485292389800,1783334485292673832,1783334485292673832,1783334485292550453,1783334485292856567,1783334485292856567,3,1,1.000000000000,1.000000000000,1.000000000000,0.725201305435,0.393161818481,3,4
1056,468814,468814,468814,185723,161109,1783334485292512230,1783334485292795321,1783334485292795321,1783334485292673339,1783334485292981044,1783334485292981044,1,0,1.000000000000,1.000000000000,1.000000000000,0.724540223343,0.391555504364,3,4
1057,471731,471731,471731,182773,160597,1783334485292632891,1783334485292921849,1783334485292921849,1783334485292793488,1783334485293104622,1783334485293104622,2,0,1.000000000000,1.000000000000,1.000000000000,0.725282532530,0.389277820017,3,4
1058,463878,463878,463878,182492,162432,1783334485292753062,1783334485293034448,1783334485293034448,1783334485292915494,1783334485293216940,1783334485293216940,2,0,1.000000000000,1.000000000000,1.000000000000,0.722625624044,0.395440083036,3,4
1059,469165,469165,469165,188510,161240,1783334485292870472,1783334485293151127,1783334485293151127,1783334485293031712,1783334485293339637,1783334485293339637,1,2,1.000000000000,1.000000000000,1.000000000000,0.724350418670,0.391280728858,3,4
1060,465521,465521,465521,183178,159767,1783334485292987803,1783334485293270146,1783334485293270146,1783334485293147570,1783334485293453324,1783334485293453324,0,1,1.000000000000,1.000000000000,1.000000000000,0.726487501381,0.394142799527,3,4
1061,466769,466769,466769,182909,160084,1783334485293105344,1783334485293389204,1783334485293389204,1783334485293265428,1783334485293572113,1783334485293572113,0,0,1.000000000000,1.000000000000,1.000000000000,0.726027054282,0.393160245837,3,4
1062,468395,468395,468395,185306,167541,1783334485293227584,1783334485293510673,1783334485293510673,1783334485293395125,1783334485293695979,1783334485293695979,0,3,1.000000000000,1.000000000000,1.000000000000,0.715279431034,0.391883765399,3,4
1063,471071,471071,471071,183445,160997,1783334485293346726,1783334485293634352,1783334485293634352,1783334485293507723,1783334485293817797,1783334485293817797,0,2,1.000000000000,1.000000000000,1.000000000000,0.724702538532,0.389792006028,3,4
1064,468047,468047,468047,183093,160844,1783334485293466907,1783334485293751861,1783334485293751861,1783334485293627751,1783334485293934954,1783334485293934954,0,1,1.000000000000,1.000000000000,1.000000000000,0.724924331441,0.392156611439,3,4
1065,472716,472716,472716,181874,168882,1783334485293587147,1783334485293877989,1783334485293877989,1783334485293756029,1783334485294059863,1783334485294059863,0,0,1.000000000000,1.000000000000,1.000000000000,0.713363621849,0.388511697590,3,4
1066,465162,465162,465162,183162,159728,1783334485293717488,1783334485293999488,1783334485293999488,1783334485293877216,1783334485294182650,1783334485294182650,1,3,1.000000000000,1.000000000000,1.000000000000,0.726544169616,0.394425895677,3,4
1067,468509,468509,468509,185461,163024,1783334485293835149,1783334485294118197,1783334485294118197,1783334485293998173,1783334485294303658,1783334485294303658,3,3,1.000000000000,1.000000000000,1.000000000000,0.721770541614,0.391794426086,3,4
1068,469617,469617,469617,184990,159532,1783334485293957939,1783334485294242566,1783334485294242566,1783334485294117471,1783334485294427556,1783334485294427556,2,1,1.000000000000,1.000000000000,1.000000000000,0.726829030760,0.390927170911,3,4
1069,466734,466734,466734,183300,160189,1783334485294075380,1783334485294358814,1783334485294358814,1783334485294235569,1783334485294542114,1783334485294542114,0,1,1.000000000000,1.000000000000,1.000000000000,0.725874604609,0.393187768017,3,4
1070,468598,468598,468598,182727,159435,1783334485294198302,1783334485294484173,1783334485294484173,1783334485294357737,1783334485294666900,1783334485294666900,0,3,1.000000000000,1.000000000000,1.000000000000,0.726970049270,0.391724692884,3,4
1071,471156,471156,471156,183356,162362,1783334485294316102,1783334485294603902,1783334485294603902,1783334485294478464,1783334485294787258,1783334485294787258,0,0,1.000000000000,1.000000000000,1.000000000000,0.722726798714,0.389725747019,3,4
1072,471203,471203,471203,185795,158490,1783334485294435763,1783334485294721171,1783334485294721171,1783334485294594253,1783334485294906966,1783334485294906966,2,2,1.000000000000,1.000000000000,1.000000000000,0.728345321886,0.389689114521,3,4
1073,470611,470611,470611,185524,161626,1783334485294549573,1783334485294834660,1783334485294834660,1783334485294711199,1783334485295020184,1783334485295020184,0,2,1.000000000000,1.000000000000,1.000000000000,0.723791435942,0.390150779684,3,4
1074,467878,467878,467878,185543,164724,1783334485294668964,1783334485294951299,1783334485294951299,1783334485294833688,1783334485295136842,1783334485295136842,2,1,1.000000000000,1.000000000000,1.000000000000,0.719320688882,0.392289182777,3,4
1075,474764,474764,474764,189531,160691,1783334485294789355,1783334485295074588,1783334485295074588,1783334485294950046,1783334485295264119,1783334485295264119,0,1,1.000000000000,1.000000000000,1.000000000000,0.725146192230,0.386923608304,3,4
1076,465241,465241,465241,182169,161647,1783334485294908285,1783334485295191357,1783334485295191357,1783334485295069932,1783334485295373526,1783334485295373526,2,0,1.000000000000,1.000000000000,1.000000000000,0.723761037340,0.394363581308,3,4
1077,466568,466568,466568,185289,159405,1783334485295025956,1783334485295307235,1783334485295307235,1783334485295185361,1783334485295492524,1783334485295492524,0,1,1.000000000000,1.000000000000,1.000000000000,0.727013668782,0.393318328028,3,4
1078,465915,465915,465915,183799,159181,1783334485295147378,1783334485295429494,1783334485295429494,1783334485295306559,1783334485295613293,1783334485295613293,2,3,1.000000000000,1.000000000000,1.000000000000,0.727339443873,0.393832337339,3,4
1079,468351,468351,468351,182486,164728,1783334485295269808,1783334485295555673,1783334485295555673,1783334485295434536,1783334485295738159,1783334485295738159,3,1,1.000000000000,1.000000000000,1.000000000000,0.719314934340,0.391918252688,3,4
1080,469318,469318,469318,183905,161835,1783334485295389859,1783334485295675272,1783334485295675272,1783334485295551694,1783334485295859177,1783334485295859177,2,2,1.000000000000,1.000000000000,1.000000000000,0.723488954345,0.391161015272,3,4
1081,459426,459426,459426,176796,160840,1783334485295512940,1783334485295795570,1783334485295795570,1783334485295673780,1783334485295972366,1783334485295972366,2,2,1.000000000000,1.000000000000,1.000000000000,0.724930130859,0.398976803649,3,4
1082,470253,470253,470253,188114,161668,1783334485295633230,1783334485295915369,1783334485295915369,1783334485295794898,1783334485296103483,1783334485296103483,3,1,1.000000000000,1.000000000000,1.000000000000,0.723730640015,0.390430227673,3,4
1083,469570,469570,469570,183303,160456,1783334485295753331,1783334485296039598,1783334485296039598,1783334485295913787,1783334485296222901,1783334485296222901,0,1,1.000000000000,1.000000000000,1.000000000000,0.725487091045,0.390963919793,3,4
1084,467815,467815,467815,185920,159761,1783334485295873332,1783334485296155227,1783334485296155227,1783334485296033093,1783334485296341147,1783334485296341147,2,3,1.000000000000,1.000000000000,1.000000000000,0.726496219283,0.392338614329,3,4
1085,467023,467023,467023,182411,160678,1783334485295990693,1783334485296275305,1783334485296275305,1783334485296151371,1783334485296457716,1783334485296457716,0,0,1.000000000000,1.000000000000,1.000000000000,0.725165046276,0.392960571153,3,4
1086,471160,471160,471160,184170,159295,1783334485296108354,1783334485296395344,1783334485296395344,1783334485296267649,1783334485296579514,1783334485296579514,2,3,1.000000000000,1.000000000000,1.000000000000,0.727173629384,0.389722629226,3,4
1087,465975,465975,465975,182867,166672,1783334485296232045,1783334485296515153,1783334485296515153,1783334485296398717,1783334485296698020,1783334485296698020,2,1,1.000000000000,1.000000000000,1.000000000000,0.716523667614,0.393785080294,3,4
1088,469594,469594,469594,183277,160409,1783334485296354255,1783334485296640572,1783334485296640572,1783334485296514664,1783334485296823849,1783334485296823849,2,0,1.000000000000,1.000000000000,1.000000000000,0.725555290037,0.390945153975,3,4
1089,469680,469680,469680,186586,160937,1783334485296472796,1783334485296755890,1783334485296755890,1783334485296633733,1783334485296942476,1783334485296942476,3,0,1.000000000000,1.000000000000,1.000000000000,0.724789508055,0.390877917191,3,4
1090,471896,471896,471896,187724,162942,1783334485296593197,1783334485296877369,1783334485296877369,1783334485296756139,1783334485297065093,1783334485297065093,2,2,1.000000000000,1.000000000000,1.000000000000,0.721888921690,0.389149379531,3,4
1091,469084,469084,469084,185413,160621,1783334485296713247,1783334485296996918,1783334485296996918,1783334485296873868,1783334485297182331,1783334485297182331,0,1,1.000000000000,1.000000000000,1.000000000000,0.725247719804,0.391344121471,3,4
1092,467512,467512,467512,185003,159747,1783334485296833928,1783334485297116437,1783334485297116437,1783334485296993675,1783334485297301440,1783334485297301440,0,2,1.000000000000,1.000000000000,1.000000000000,0.726516561462,0.392576443584,3,4
1093,465406,465406,465406,183041,160212,1783334485296951360,1783334485297233725,1783334485297233725,1783334485297111572,1783334485297416766,1783334485297416766,2,0,1.000000000000,1.000000000000,1.000000000000,0.725841215145,0.394233462797,3,4
1094,468034,468034,468034,183700,160731,1783334485297069090,1783334485297353424,1783334485297353424,1783334485297229821,1783334485297537124,1783334485297537124,2,0,1.000000000000,1.000000000000,1.000000000000,0.725088182855,0.392166807644,3,4
1095,465541,465541,465541,182809,160438,1783334485297187621,1783334485297470353,1783334485297470353,1783334485297348059,1783334485297653162,1783334485297653162,2,3,1.000000000000,1.000000000000,1.000000000000,0.725513209051,0.394127034130,3,4
1096,475907,475907,475907,187477,161224,1783334485297310952,1783334485297599382,1783334485297599382,1783334485297472176,1783334485297786859,1783334485297786859,3,3,1.000000000000,1.000000000000,1.000000000000,0.724373598255,0.386040111158,3,4
1097,472006,472006,472006,186008,161252,1783334485297430122,1783334485297716120,1783334485297716120,1783334485297591374,1783334485297902128,1783334485297902128,2,2,1.000000000000,1.000000000000,1.000000000000,0.724333034469,0.389063776084,3,4
1098,468813,468813,468813,184606,160699,1783334485297550433,1783334485297834640,1783334485297834640,1783334485297711132,1783334485298019246,1783334485298019246,1,3,1.000000000000,1.000000000000,1.000000000000,0.725134589984,0.391556287476,3,4
1099,468789,468789,468789,184764,162735,1783334485297671174,1783334485297955199,1783334485297955199,1783334485297833909,1783334485298139963,1783334485298139963,1,3,1.000000000000,1.000000000000,1.000000000000,0.722187845577,0.391575082629,3,4
1100,464055,464055,464055,182132,160592,1783334485297791955,1783334485298073878,1783334485298073878,1783334485297952547,1783334485298256010,1783334485298256010,2,1,1.000000000000,1.000000000000,1.000000000000,0.725289785391,0.395300122021,3,4
1101,469432,469432,469432,185472,159769,1783334485297909816,1783334485298193776,1783334485298193776,1783334485298069585,1783334485298379248,1783334485298379248,3,3,1.000000000000,1.000000000000,1.000000000000,0.726484595437,0.391071840727,3,4
1102,474119,474119,474119,186111,159445,1783334485298041677,1783334485298329685,1783334485298329685,1783334485298201122,1783334485298515796,1783334485298515796,1,1,1.000000000000,1.000000000000,1.000000000000,0.726955510015,0.387423061837,3,4
1103,465357,465357,465357,181990,159792,1783334485298158977,1783334485298442344,1783334485298442344,1783334485298318769,1783334485298624334,1783334485298624334,2,2,1.000000000000,1.000000000000,1.000000000000,0.726451177914,0.394272099569,3,4
1104,464254,464254,464254,182950,161279,1783334485298276498,1783334485298557802,1783334485298557802,1783334485298437777,1783334485298740752,1783334485298740752,0,0,1.000000000000,1.000000000000,1.000000000000,0.724293921541,0.395142823877,3,4
1105,466919,466919,466919,182637,161416,1783334485298393779,1783334485298678061,1783334485298678061,1783334485298555195,1783334485298860698,1783334485298860698,2,0,1.000000000000,1.000000000000,1.000000000000,0.724095492193,0.393042315453,3,4
1106,467648,467648,467648,184077,165443,1783334485298514299,1783334485298797870,1783334485298797870,1783334485298679742,1783334485298981947,1783334485298981947,3,0,1.000000000000,1.000000000000,1.000000000000,0.718287049097,0.392469677312,3,4
1107,468414,468414,468414,185865,160789,1783334485298635510,1783334485298918059,1783334485298918059,1783334485298796299,1783334485299103924,1783334485299103924,2,2,1.000000000000,1.000000000000,1.000000000000,0.725004077504,0.391868874099,3,4
1108,468719,468719,468719,185424,160756,1783334485298756292,1783334485299039587,1783334485299039587,1783334485298917048,1783334485299225011,1783334485299225011,0,0,1.000000000000,1.000000000000,1.000000000000,0.725051929352,0.391629906978,3,4
1109,467698,467698,467698,183994,160584,1783334485298876702,1783334485299160406,1783334485299160406,1783334485299037286,1783334485299344400,1783334485299344400,1,0,1.000000000000,1.000000000000,1.000000000000,0.725301390121,0.392430432307,3,4
1110,467004,467004,467004,185202,159539,1783334485298995353,1783334485299277155,1783334485299277155,1783334485299154892,1783334485299462357,1783334485299462357,2,0,1.000000000000,1.000000000000,1.000000000000,0.726818855225,0.392975503939,3,4
1111,467350,467350,467350,182400,160107,1783334485299112854,1783334485299397804,1783334485299397804,1783334485299272961,1783334485299580204,1783334485299580204,0,2,1.000000000000,1.000000000000,1.000000000000,0.725993657806,0.392703658959,3,4
1112,467068,467068,467068,185270,164725,1783334485299230934,1783334485299512732,1783334485299512732,1783334485299395659,1783334485299698002,1783334485299698002,0,3,1.000000000000,1.000000000000,1.000000000000,0.719319250242,0.392925206293,3,4
1113,475334,475334,475334,188538,160132,1783334485299348725,1783334485299635521,1783334485299635521,1783334485299508857,1783334485299824059,1783334485299824059,2,3,1.000000000000,1.000000000000,1.000000000000,0.725957359031,0.386482766718,3,4
1114,470362,470362,470362,184427,159819,1783334485299466035,1783334485299751970,1783334485299751970,1783334485299625854,1783334485299936397,1783334485299936397,3,0,1.000000000000,1.000000000000,1.000000000000,0.726411950610,0.390345123160,3,4
1115,467338,467338,467338,183246,157604,1783334485299585337,1783334485299869429,1783334485299869429,1783334485299742941,1783334485300052675,1783334485300052675,3,2,1.000000000000,1.000000000000,1.000000000000,0.729637093969,0.392713083960,3,4
1116,464125,464125,464125,182636,160741,1783334485299707368,1783334485299988857,1783334485299988857,1783334485299868109,1783334485300171493,1783334485300171493,0,0,1.000000000000,1.000000000000,1.000000000000,0.725073681236,0.395244783878,3,4
1117,465283,465283,465283,182905,163549,1783334485299825938,1783334485300108316,1783334485300108316,1783334485299989487,1783334485300291221,1783334485300291221,3,3,1.000000000000,1.000000000000,1.000000000000,0.721013080282,0.394330456158,3,4
1118,470310,470310,470310,183284,161565,1783334485299945209,1783334485300232235,1783334485300232235,1783334485300106774,1783334485300415519,1783334485300415519,2,1,1.000000000000,1.000000000000,1.000000000000,0.723879743884,0.390385721164,3,4
1119,484346,484346,484346,188902,160592,1783334485300064690,1783334485300360134,1783334485300360134,1783334485300225282,1783334485300549036,1783334485300549036,0,0,1.000000000000,1.000000000000,1.000000000000,0.725289785391,0.379579203138,3,4
1120,477644,477644,477644,186112,159250,1783334485300186730,1783334485300478262,1783334485300478262,1783334485300345980,1783334485300664374,1783334485300664374,2,1,1.000000000000,1.000000000000,1.000000000000,0.727239077956,0.384701334613,3,4
1121,477961,477961,477961,184351,160616,1783334485300305751,1783334485300599361,1783334485300599361,1783334485300466367,1783334485300783712,1783334485300783712,0,1,1.000000000000,1.000000000000,1.000000000000,0.725254972317,0.384457511267,3,4
1122,474847,474847,474847,184809,162942,1783334485300423422,1783334485300713460,1783334485300713460,1783334485300586364,1783334485300898269,1783334485300898269,1,0,1.000000000000,1.000000000000,1.000000000000,0.721888921690,0.386859384316,3,4
1123,469724,469724,469724,182607,160310,1783334485300542043,1783334485300829160,1783334485300829160,1783334485300702353,1783334485301011767,1783334485301011767,1,1,1.000000000000,1.000000000000,1.000000000000,0.725698964208,0.390843521448,3,4
1124,466191,466191,466191,178466,161477,1783334485300659494,1783334485300947219,1783334485300947219,1783334485300820971,1783334485301125685,1783334485301125685,3,2,1.000000000000,1.000000000000,1.000000000000,0.724007157931,0.393615001879,3,4
1125,471856,471856,471856,183674,164293,1783334485300778815,1783334485301066997,1783334485301066997,1783334485300943108,1783334485301250671,1783334485301250671,1,1,1.000000000000,1.000000000000,1.000000000000,0.719941010636,0.389180512726,3,4
1126,471295,471295,471295,184274,160110,1783334485300894625,1783334485301181646,1783334485301181646,1783334485301054735,1783334485301365920,1783334485301365920,1,2,1.000000000000,1.000000000000,1.000000000000,0.725989301857,0.389617418320,3,4
1127,470342,470342,470342,180113,163277,1783334485301012236,1783334485301302465,1783334485301302465,1783334485301175513,1783334485301482578,1783334485301482578,1,2,1.000000000000,1.000000000000,1.000000000000,0.721405418104,0.390360737277,3,4
1128,474608,474608,474608,185501,161315,1783334485301134527,1783334485301423634,1783334485301423634,1783334485301295842,1783334485301609135,1783334485301609135,1,2,1.000000000000,1.000000000000,1.000000000000,0.724241774256,0.387044347304,3,4
1129,476365,476365,476365,185220,162582,1783334485301254917,1783334485301546062,1783334485301546062,1783334485301417499,1783334485301731282,1783334485301731282,1,1,1.000000000000,1.000000000000,1.000000000000,0.722408868872,0.385686660321,3,4
1130,476872,476872,476872,185810,162927,1783334485301375219,1783334485301666281,1783334485301666281,1783334485301538146,1783334485301852091,1783334485301852091,3,3,1.000000000000,1.000000000000,1.000000000000,0.721910578682,0.385295772261,3,4
1131,474757,474757,474757,187507,158095,1783334485301495880,1783334485301783130,1783334485301783130,1783334485301653975,1783334485301970637,1783334485301970637,0,3,1.000000000000,1.000000000000,1.000000000000,0.728920942031,0.386929025273,3,4
1132,471345,471345,471345,184976,159782,1783334485301613350,1783334485301899719,1783334485301899719,1783334485301773132,1783334485302084695,1783334485302084695,1,3,1.000000000000,1.000000000000,1.000000000000,0.726465707083,0.389578458526,3,4
1133,472873,472873,472873,182997,160368,1783334485301730731,1783334485302020607,1783334485302020607,1783334485301891099,1783334485302203604,1783334485302203604,3,3,1.000000000000,1.000000000000,1.000000000000,0.725614788010,0.388389724068,3,4
1134,476010,476010,476010,184325,155526,1783334485301848591,1783334485302140276,1783334485302140276,1783334485302004117,1783334485302324601,1783334485302324601,0,0,1.000000000000,1.000000000000,1.000000000000,0.732675775738,0.385960595085,3,4
1135,473017,473017,473017,186334,161723,1783334485301967902,1783334485302254585,1783334485302254585,1783334485302129625,1783334485302440919,1783334485302440919,1,3,1.000000000000,1.000000000000,1.000000000000,0.723651034023,0.388277883933,3,4
1136,470513,470513,470513,184042,160330,1783334485302091213,1783334485302377684,1783334485302377684,1783334485302251543,1783334485302561726,1783334485302561726,1,0,1.000000000000,1.000000000000,1.000000000000,0.725669936830,0.390227256731,3,4
1137,472431,472431,472431,184872,159778,1783334485302213123,1783334485302500682,1783334485302500682,1783334485302372901,1783334485302685554,1783334485302685554,2,2,1.000000000000,1.000000000000,1.000000000000,0.726471518832,0.388733212384,3,4
1138,476506,476506,476506,186250,164412,1783334485302330475,1783334485302620731,1783334485302620731,1783334485302494887,1783334485302806981,1783334485302806981,0,1,1.000000000000,1.000000000000,1.000000000000,0.719769685065,0.385577912017,3,4
1139,474604,474604,474604,187180,159379,1783334485302448846,1783334485302736270,1783334485302736270,1783334485302608225,1783334485302923450,1783334485302923450,1,2,1.000000000000,1.000000000000,1.000000000000,0.727051474475,0.387047443671,3,4
1140,470401,470401,470401,181828,159538,1783334485302566196,1783334485302854769,1783334485302854769,1783334485302725734,1783334485303036597,1783334485303036597,1,0,1.000000000000,1.000000000000,1.000000000000,0.726820308864,0.390314677428,3,4
1141,472397,472397,472397,183787,159643,1783334485302683537,1783334485302972147,1783334485302972147,1783334485302843180,1783334485303155934,1783334485303155934,2,0,1.000000000000,1.000000000000,1.000000000000,0.726667692624,0.388759647141,3,4
1142,469114,469114,469114,183556,159380,1783334485302800858,1783334485303086416,1783334485303086416,1783334485302960238,1783334485303269972,1783334485303269972,1,3,1.000000000000,1.000000000000,1.000000000000,0.727050020374,0.391320641528,3,4
1143,475932,475932,475932,189015,161869,1783334485302918338,1783334485303205255,1783334485303205255,1783334485303080207,1783334485303394270,1783334485303394270,2,3,1.000000000000,1.000000000000,1.000000000000,0.723439758769,0.386020809635,3,4
1144,476939,476939,476939,187814,159034,1783334485303035719,1783334485303324844,1783334485303324844,1783334485303194753,1783334485303512658,1783334485303512658,3,1,1.000000000000,1.000000000000,1.000000000000,0.727553313107,0.385244146087,3,4
1145,474934,474934,474934,187222,161220,1783334485303159571,1783334485303447283,1783334485303447283,1783334485303320791,1783334485303634505,1783334485303634505,1,3,1.000000000000,1.000000000000,1.000000000000,0.724379393267,0.386792076639,3,4
1146,478921,478921,478921,191851,162739,1783334485303280181,1783334485303567251,1783334485303567251,1783334485303442920,1783334485303759102,1783334485303759102,0,3,1.000000000000,1.000000000000,1.000000000000,0.722182068097,0.383720061024,3,4
1147,477358,477358,477358,186330,161304,1783334485303398842,1783334485303689870,1783334485303689870,1783334485303560146,1783334485303876200,1783334485303876200,3,2,1.000000000000,1.000000000000,1.000000000000,0.724257707750,0.384921446722,3,4
1148,476607,476607,476607,186250,161413,1783334485303522442,1783334485303812799,1783334485303812799,1783334485303683855,1783334485303999049,1783334485303999049,1,2,1.000000000000,1.000000000000,1.000000000000,0.724099836779,0.385500033145,3,4
1149,472573,472573,472573,185327,163448,1783334485303642873,1783334485303930119,1783334485303930119,1783334485303806321,1783334485304115446,1783334485304115446,1,2,1.000000000000,1.000000000000,1.000000000000,0.721158739636,0.388622827827,3,4
1150,471609,471609,471609,183906,159906,1783334485303756204,1783334485304043907,1783334485304043907,1783334485303916110,1783334485304227813,1783334485304227813,1,3,1.000000000000,1.000000000000,1.000000000000,0.726285565926,0.389372815394,3,4
1151,478427,478427,478427,182855,161173,1783334485303873604,1783334485304169176,1783334485304169176,1783334485304034777,1783334485304352031,1783334485304352031,1,0,1.000000000000,1.000000000000,1.000000000000,0.724447488130,0.384099363789,3,4
1152,472174,472174,472174,185184,159971,1783334485303991015,1783334485304278005,1783334485304278005,1783334485304150986,1783334485304463189,1783334485304463189,2,2,1.000000000000,1.000000000000,1.000000000000,0.726191154939,0.388933072615,3,4
1153,475069,475069,475069,184892,161386,1783334485304113737,1783334485304403914,1783334485304403914,1783334485304275123,1783334485304588806,1783334485304588806,2,0,1.000000000000,1.000000000000,1.000000000000,0.724138939226,0.386687656876,3,4
1154,473708,473708,473708,184873,166063,1783334485304237147,1783334485304525982,1783334485304525982,1783334485304403210,1783334485304710855,1783334485304710855,0,0,1.000000000000,1.000000000000,1.000000000000,0.717396925147,0.387741654518,3,4
1155,476633,476633,476633,185400,160811,1783334485304355828,1783334485304647061,1783334485304647061,1783334485304516639,1783334485304832461,1783334485304832461,0,3,1.000000000000,1.000000000000,1.000000000000,0.724972178026,0.385479987664,3,4
1156,472180,472180,472180,184789,160966,1783334485304476479,1783334485304763870,1783334485304763870,1783334485304637445,1783334485304948659,1783334485304948659,2,2,1.000000000000,1.000000000000,1.000000000000,0.724747471482,0.388928405446,3,4
1157,474478,474478,474478,186318,160824,1783334485304595579,1783334485304883739,1783334485304883739,1783334485304756403,1783334485305070057,1783334485305070057,2,2,1.000000000000,1.000000000000,1.000000000000,0.724953328995,0.387144991918,3,4
1158,469866,469866,469866,183739,159992,1783334485304714160,1783334485305000287,1783334485305000287,1783334485304874152,1783334485305184026,1783334485305184026,3,2,1.000000000000,1.000000000000,1.000000000000,0.726160655551,0.390732537648,3,4
1159,475822,475822,475822,188516,158979,1783334485304831610,1783334485305118916,1783334485305118916,1783334485304990589,1783334485305307432,1783334485305307432,0,0,1.000000000000,1.000000000000,1.000000000000,0.727633348373,0.386105743555,3,4
1160,470839,470839,470839,184776,159634,1783334485304949162,1783334485305235225,1783334485305235225,1783334485305108796,1783334485305420001,1783334485305420001,0,0,1.000000000000,1.000000000000,1.000000000000,0.726680772760,0.389972911486,3,4
1161,468756,468756,468756,180615,160931,1783334485305066683,1783334485305354824,1783334485305354824,1783334485305227614,1783334485305535439,1783334485305535439,0,0,1.000000000000,1.000000000000,1.000000000000,0.724798205581,0.391600927437,3,4
1162,475382,475382,475382,185883,161648,1783334485305195423,1783334485305484922,1783334485305484922,1783334485305357071,1783334485305670805,1783334485305670805,2,3,1.000000000000,1.000000000000,1.000000000000,0.723759589820,0.386445666153,3,4
1163,472880,472880,472880,184643,161415,1783334485305316194,1783334485305604431,1783334485305604431,1783334485305477609,1783334485305789074,1783334485305789074,0,2,1.000000000000,1.000000000000,1.000000000000,0.724096940385,0.388384286650,3,4
1164,475486,475486,475486,187911,160633,1783334485305434625,1783334485305722200,1783334485305722200,1783334485305595258,1783334485305910111,1783334485305910111,3,1,1.000000000000,1.000000000000,1.000000000000,0.725230314067,0.386365293814,3,4
1165,476264,476264,476264,184330,156350,1783334485305554065,1783334485305845999,1783334485305845999,1783334485305710415,1783334485306030329,1783334485306030329,1,2,1.000000000000,1.000000000000,1.000000000000,0.731469320452,0.385764576896,3,4
1166,479341,479341,479341,185980,160887,1783334485305674506,1783334485305967867,1783334485305967867,1783334485305835393,1783334485306153847,1783334485306153847,2,3,1.000000000000,1.000000000000,1.000000000000,0.724861990630,0.383397871511,3,4
1167,470207,470207,470207,183448,159473,1783334485305797077,1783334485306083836,1783334485306083836,1783334485305956550,1783334485306267284,1783334485306267284,0,1,1.000000000000,1.000000000000,1.000000000000,0.726914801646,0.390466148906,3,4
1168,469954,469954,469954,183737,159640,1783334485305914608,1783334485306200825,1783334485306200825,1783334485306074248,1783334485306384562,1783334485306384562,3,0,1.000000000000,1.000000000000,1.000000000000,0.726672052643,0.390663774773,3,4
1169,480091,480091,480091,188087,159706,1783334485306031829,1783334485306323833,1783334485306323833,1783334485306191535,1783334485306511920,1783334485306511920,3,2,1.000000000000,1.000000000000,1.000000000000,0.726576138263,0.382823205811,3,4
1170,473876,473876,473876,184614,165093,1783334485306151450,1783334485306440712,1783334485306440712,1783334485306316543,1783334485306625326,1783334485306625326,1,3,1.000000000000,1.000000000000,1.000000000000,0.718790026053,0.387611395207,3,4
1171,473225,473225,473225,187244,160751,1783334485306272550,1783334485306558531,1783334485306558531,1783334485306433301,1783334485306745775,1783334485306745775,0,1,1.000000000000,1.000000000000,1.000000000000,0.725059179908,0.388116393926,3,4
1172,474241,474241,474241,185032,161758,1783334485306394661,1783334485306683870,1783334485306683870,1783334485306556419,1783334485306868902,1783334485306868902,1,1,1.000000000000,1.000000000000,1.000000000000,0.723600380224,0.387328542142,3,4
1173,474017,474017,474017,184571,160663,1783334485306514902,1783334485306804348,1783334485306804348,1783334485306675565,1783334485306988919,1783334485306988919,2,2,1.000000000000,1.000000000000,1.000000000000,0.725186801554,0.387502104204,3,4
1174,474145,474145,474145,187359,161262,1783334485306633152,1783334485306919938,1783334485306919938,1783334485306794414,1783334485307107297,1783334485307107297,1,1,1.000000000000,1.000000000000,1.000000000000,0.724318547953,0.387402916362,3,4
1175,472482,472482,472482,184489,159748,1783334485306753464,1783334485307041457,1783334485307041457,1783334485306913212,1783334485307225946,1783334485307225946,3,1,1.000000000000,1.000000000000,1.000000000000,0.726515108431,0.388693563618,3,4
1176,470188,470188,470188,184457,160154,1783334485306870715,1783334485307156446,1783334485307156446,1783334485307030869,1783334485307340903,1783334485307340903,2,0,1.000000000000,1.000000000000,1.000000000000,0.725925417609,0.390480986902,3,4
1177,472795,472795,472795,184775,160252,1783334485306988035,1783334485307276055,1783334485307276055,1783334485307148287,1783334485307460830,1783334485307460830,0,3,1.000000000000,1.000000000000,1.000000000000,0.725783150170,0.388450317591,3,4
1178,471773,471773,471773,184746,161068,1783334485307105446,1783334485307392473,1783334485307392473,1783334485307266514,1783334485307577219,1783334485307577219,2,3,1.000000000000,1.000000000000,1.000000000000,0.724599638078,0.389245122054,3,4
1179,471298,471298,471298,184653,167975,1783334485307230387,1783334485307517032,1783334485307517032,1783334485307398362,1783334485307701685,1783334485307701685,3,1,1.000000000000,1.000000000000,1.000000000000,0.714658837865,0.389615080622,3,4
1180,482167,482167,482167,190943,162953,1783334485307349427,1783334485307640651,1783334485307640651,1783334485307512380,1783334485307831594,1783334485307831594,1,2,1.000000000000,1.000000000000,1.000000000000,0.721873040308,0.381237019063,3,4
1181,474943,474943,474943,186312,161049,1783334485307468678,1783334485307757309,1783334485307757309,1783334485307629727,1783334485307943621,1783334485307943621,1,3,1.000000000000,1.000000000000,1.000000000000,0.724627173387,0.386785114444,3,4
1182,476699,476699,476699,187270,163056,1783334485307588019,1783334485307877448,1783334485307877448,1783334485307751075,1783334485308064718,1783334485308064718,2,1,1.000000000000,1.000000000000,1.000000000000,0.721724349778,0.385429107664,3,4
1183,473116,473116,473116,185499,160882,1783334485307706560,1783334485307994177,1783334485307994177,1783334485307867442,1783334485308179676,1783334485308179676,0,0,1.000000000000,1.000000000000,1.000000000000,0.724869239286,0.388201012523,3,4
1184,477674,477674,477674,188119,159429,1783334485307828651,1783334485308118206,1783334485308118206,1783334485307988080,1783334485308306325,1783334485308306325,2,1,1.000000000000,1.000000000000,1.000000000000,0.726978772963,0.384678253225,3,4
1185,476701,476701,476701,187678,159996,1783334485307946161,1783334485308235184,1783334485308235184,1783334485308106157,1783334485308422862,1783334485308422862,1,0,1.000000000000,1.000000000000,1.000000000000,0.726154846289,0.385427565951,3,4
1186,474768,474768,474768,184817,164734,1783334485308063652,1783334485308353603,1783334485308353603,1783334485308228386,1783334485308538420,1783334485308538420,0,1,1.000000000000,1.000000000000,1.000000000000,0.719306302612,0.386920512928,3,4
1187,477314,477314,477314,188945,160760,1783334485308186193,1783334485308474562,1783334485308474562,1783334485308346953,1783334485308663507,1783334485308663507,0,1,1.000000000000,1.000000000000,1.000000000000,0.725046128960,0.384955321300,3,4
1188,483112,483112,483112,185674,162267,1783334485308307023,1783334485308604461,1783334485308604461,1783334485308469290,1783334485308790135,1783334485308790135,0,1,1.000000000000,1.000000000000,1.000000000000,0.722864129852,0.380517161576,3,4
1189,475489,475489,475489,186764,160784,1783334485308427544,1783334485308716269,1783334485308716269,1783334485308588328,1783334485308903033,1783334485308903033,0,0,1.000000000000,1.000000000000,1.000000000000,0.725011327581,0.386362975629,3,4
1190,471075,471075,471075,184143,161341,1783334485308547596,1783334485308834528,1783334485308834528,1783334485308708937,1783334485309018671,1783334485309018671,0,1,1.000000000000,1.000000000000,1.000000000000,0.724204114663,0.389788887704,3,4
1191,475712,475712,475712,183841,162598,1783334485308670056,1783334485308961927,1783334485308961927,1783334485308832654,1783334485309145768,1783334485309145768,2,2,1.000000000000,1.000000000000,1.000000000000,0.722385752158,0.386190696163,3,4
1192,471648,471648,471648,184659,160394,1783334485308790747,1783334485309077736,1783334485309077736,1783334485308951141,1783334485309262395,1783334485309262395,1,0,1.000000000000,1.000000000000,1.000000000000,0.725577057022,0.389342445499,3,4
1193,470355,470355,470355,183719,162741,1783334485308908378,1783334485309195014,1783334485309195014,1783334485309071119,1783334485309378733,1783334485309378733,2,2,1.000000000000,1.000000000000,1.000000000000,0.722179179374,0.390350588030,3,4
1194,472393,472393,472393,185198,159328,1783334485309025688,1783334485309312883,1783334485309312883,1783334485309185016,1783334485309498081,1783334485309498081,0,3,1.000000000000,1.000000000000,1.000000000000,0.727125637508,0.388762757231,3,4
1195,471580,471580,471580,182527,159615,1783334485309142759,1783334485309431812,1783334485309431812,1783334485309302374,1783334485309614339,1783334485309614339,2,0,1.000000000000,1.000000000000,1.000000000000,0.726708387154,0.389395399673,3,4
1196,471776,471776,471776,182825,161702,1783334485309267050,1783334485309556001,1783334485309556001,1783334485309428752,1783334485309738826,1783334485309738826,3,2,1.000000000000,1.000000000000,1.000000000000,0.723681428005,0.389242786590,3,4
1197,479383,479383,479383,185324,160329,1783334485309390840,1783334485309684899,1783334485309684899,1783334485309551169,1783334485309870223,1783334485309870223,1,2,1.000000000000,1.000000000000,1.000000000000,0.725671388171,0.383365667443,3,4
1198,489429,489429,489429,198493,162985,1783334485309510742,1783334485309801678,1783334485309801678,1783334485309673727,1783334485310000171,1783334485310000171,1,3,1.000000000000,1.000000000000,1.000000000000,0.721826841912,0.375739948953,3,4
1199,487005,487005,487005,195230,160902,1783334485309630093,1783334485309921868,1783334485309921868,1783334485309790995,1783334485310117098,1783334485310117098,1,0,1.000000000000,1.000000000000,1.000000000000,0.724840245096,0.377565958897,3,4
1200,477943,477943,477943,190589,160740,1783334485309750413,1783334485310037767,1783334485310037767,1783334485309911153,1783334485310228356,1783334485310228356,0,3,1.000000000000,1.000000000000,1.000000000000,0.725075131385,0.384471351986,3,4
1201,485009,485009,485009,196868,162536,1783334485309868824,1783334485310156965,1783334485310156965,1783334485310031360,1783334485310353833,1783334485310353833,2,0,1.000000000000,1.000000000000,1.000000000000,0.722475333545,0.379076214670,3,4
1202,494746,494746,494746,202847,163252,1783334485309991925,1783334485310283824,1783334485310283824,1783334485310155177,1783334485310486671,1783334485310486671,1,2,1.000000000000,1.000000000000,1.000000000000,0.721441489277,0.371765499934,3,4
1203,486025,486025,486025,199497,164511,1783334485310111135,1783334485310397663,1783334485310397663,1783334485310275646,1783334485310597160,1783334485310597160,3,2,1.000000000000,1.000000000000,1.000000000000,0.719627184775,0.378306713879,3,4
1204,484980,484980,484980,198595,166607,1783334485310237186,1783334485310523571,1783334485310523571,1783334485310403793,1783334485310722166,1783334485310722166,2,0,1.000000000000,1.000000000000,1.000000000000,0.716616821746,0.379098201728,3,4
1205,490876,490876,490876,200014,161702,1783334485310354888,1783334485310645750,1783334485310645750,1783334485310516590,1783334485310845764,1783334485310845764,0,0,1.000000000000,1.000000000000,1.000000000000,0.723681428005,0.374654129479,3,4
1206,496313,496313,496313,207052,156831,1783334485310473968,1783334485310763229,1783334485310763229,1783334485310630799,1783334485310970281,1783334485310970281,3,3,1.000000000000,1.000000000000,1.000000000000,0.730765985324,0.370602210684,3,4
1207,492350,492350,492350,204301,160928,1783334485310594009,1783334485310882058,1783334485310882058,1783334485310754937,1783334485311086359,1783334485311086359,1,1,1.000000000000,1.000000000000,1.000000000000,0.724802554383,0.373551275511,3,4
1208,495968,495968,495968,208912,161854,1783334485310712960,1783334485311000016,1783334485311000016,1783334485310874814,1783334485311208928,1783334485311208928,1,1,1.000000000000,1.000000000000,1.000000000000,0.723461462287,0.370858014452,3,4
1209,496464,496464,496464,209609,158902,1783334485310833290,1783334485311120145,1783334485311120145,1783334485310992192,1783334485311329754,1783334485311329754,3,0,1.000000000000,1.000000000000,1.000000000000,0.727745412538,0.370490305715,3,4
1210,500082,500082,500082,210889,164157,1783334485310955881,1783334485311245074,1783334485311245074,1783334485311120038,1783334485311455963,1783334485311455963,2,3,1.000000000000,1.000000000000,1.000000000000,0.720136861226,0.367819113890,3,4
1211,492079,492079,492079,203618,163574,1783334485311073422,1783334485311361883,1783334485311361883,1783334485311236996,1783334485311565501,1783334485311565501,0,3,1.000000000000,1.000000000000,1.000000000000,0.720977030530,0.373753795180,3,4
1212,494185,494185,494185,207926,159692,1783334485311195542,1783334485311481801,1783334485311481801,1783334485311355234,1783334485311689727,1783334485311689727,1,3,1.000000000000,1.000000000000,1.000000000000,0.726596482680,0.372182854918,3,4
1213,509791,509791,509791,216555,161528,1783334485311318654,1783334485311611890,1783334485311611890,1783334485311480182,1783334485311828445,1783334485311828445,3,3,1.000000000000,1.000000000000,1.000000000000,0.723933312967,0.360745700365,3,4
1214,498538,498538,498538,208134,155224,1783334485311439305,1783334485311729709,1783334485311729709,1783334485311594529,1783334485311937843,1783334485311937843,1,0,1.000000000000,1.000000000000,1.000000000000,0.733118445580,0.368956694835,3,4
1215,504505,504505,504505,215952,161003,1783334485311558295,1783334485311846848,1783334485311846848,1783334485311719298,1783334485312062800,1783334485312062800,0,2,1.000000000000,1.000000000000,1.000000000000,0.724693842154,0.364579734906,3,4
1216,497093,497093,497093,208163,163048,1783334485311677596,1783334485311966526,1783334485311966526,1783334485311840644,1783334485312174689,1783334485312174689,2,3,1.000000000000,1.000000000000,1.000000000000,0.721735897460,0.370024521950,3,4
1217,473799,473799,473799,183101,162436,1783334485311796797,1783334485312087495,1783334485312087495,1783334485311959233,1783334485312270596,1783334485312270596,3,1,1.000000000000,1.000000000000,1.000000000000,0.722619843063,0.387671091958,3,4
1218,477108,477108,477108,190401,162843,1783334485311915697,1783334485312202404,1783334485312202404,1783334485312078540,1783334485312392805,1783334485312392805,2,2,1.000000000000,1.000000000000,1.000000000000,0.722031869848,0.385113955569,3,4
1219,483664,483664,483664,185640,159780,1783334485312032878,1783334485312330902,1783334485312330902,1783334485312192658,1783334485312516542,1783334485312516542,0,0,1.000000000000,1.000000000000,1.000000000000,0.726468612952,0.380097302435,3,4
1220,471649,471649,471649,183808,160726,1783334485312149780,1783334485312437621,1783334485312437621,1783334485312310506,1783334485312621429,1783334485312621429,0,3,1.000000000000,1.000000000000,1.000000000000,0.725095433773,0.389341666815,3,4
1221,473287,473287,473287,184777,154804,1783334485312268000,1783334485312556510,1783334485312556510,1783334485312422804,1783334485312741287,1783334485312741287,2,3,1.000000000000,1.000000000000,1.000000000000,0.733734523791,0.388068270477,3,4
1222,474284,474284,474284,185236,160120,1783334485312385611,1783334485312674659,1783334485312674659,1783334485312545731,1783334485312859895,1783334485312859895,0,0,1.000000000000,1.000000000000,1.000000000000,0.725974782216,0.387295233320,3,4
1223,472742,472742,472742,186135,159817,1783334485312502971,1783334485312789578,1783334485312789578,1783334485312662788,1783334485312975713,1783334485312975713,1,3,1.000000000000,1.000000000000,1.000000000000,0.726414856263,0.388491495507,3,4
1224,478748,478748,478748,188453,161125,1783334485312620252,1783334485312910547,1783334485312910547,1783334485312781377,1783334485313099000,1783334485313099000,1,1,1.000000000000,1.000000000000,1.000000000000,0.724517038427,0.383852851136,3,4
1225,477934,477934,477934,184551,160601,1783334485312739663,1783334485313033046,1783334485313033046,1783334485312900264,1783334485313217597,1783334485313217597,3,1,1.000000000000,1.000000000000,1.000000000000,0.725276730293,0.384478272533,3,4
1226,472392,472392,472392,184770,160969,1783334485312859863,1783334485313147485,1783334485313147485,1783334485313020832,1783334485313332255,1783334485313332255,3,1,1.000000000000,1.000000000000,1.000000000000,0.724743123011,0.388763534757,3,4
1227,473030,473030,473030,185440,161145,1783334485312978754,1783334485313266344,1783334485313266344,1783334485313139899,1783334485313451784,1783334485313451784,0,3,1.000000000000,1.000000000000,1.000000000000,0.724488058325,0.388267788840,3,4
1228,473196,473196,473196,183529,160491,1783334485313097366,1783334485313387033,1783334485313387033,1783334485313257857,1783334485313570562,1783334485313570562,0,0,1.000000000000,1.000000000000,1.000000000000,0.725436308726,0.388138905330,3,4
1229,471173,471173,471173,184018,159688,1783334485313216546,1783334485313503701,1783334485313503701,1783334485313376234,1783334485313687719,1783334485313687719,0,1,1.000000000000,1.000000000000,1.000000000000,0.726602295475,0.389712496569,3,4
1230,477960,477960,477960,185237,160675,1783334485313339237,1783334485313631960,1783334485313631960,1783334485313499912,1783334485313817197,1783334485313817197,1,2,1.000000000000,1.000000000000,1.000000000000,0.725169397279,0.384458280183,3,4
1231,472476,472476,472476,186305,160102,1783334485313456908,1783334485313743079,1783334485313743079,1783334485313617010,1783334485313929384,1783334485313929384,2,3,1.000000000000,1.000000000000,1.000000000000,0.726000917779,0.388698227969,3,4
1232,477624,477624,477624,183934,160979,1783334485313574908,1783334485313868598,1783334485313868598,1783334485313735887,1783334485314052532,1783334485314052532,3,0,1.000000000000,1.000000000000,1.000000000000,0.724728628293,0.384716722974,3,4
1233,471150,471150,471150,184143,161076,1783334485313702789,1783334485313989796,1783334485313989796,1783334485313863865,1783334485314173939,1783334485314173939,0,0,1.000000000000,1.000000000000,1.000000000000,0.724588044576,0.389730423756,3,4
1234,470497,470497,470497,184102,163872,1783334485313823070,1783334485314109465,1783334485314109465,1783334485313986942,1783334485314293567,1783334485314293567,2,3,1.000000000000,1.000000000000,1.000000000000,0.720547456245,0.390239744203,3,4
1235,473825,473825,473825,185461,161071,1783334485313940760,1783334485314229124,1783334485314229124,1783334485314101831,1783334485314414585,1783334485314414585,1,2,1.000000000000,1.000000000000,1.000000000000,0.724595290493,0.387650933585,3,4
1236,471831,471831,471831,183990,159957,1783334485314058292,1783334485314346133,1783334485314346133,1783334485314218249,1783334485314530123,1783334485314530123,2,2,1.000000000000,1.000000000000,1.000000000000,0.726211488576,0.389199972238,3,4
1237,482417,482417,482417,183879,160993,1783334485314175563,1783334485314474101,1783334485314474101,1783334485314336556,1783334485314657980,1783334485314657980,0,3,1.000000000000,1.000000000000,1.000000000000,0.724708336176,0.381046448200,3,4
1238,482974,482974,482974,184137,161751,1783334485314298693,1783334485314597530,1783334485314597530,1783334485314460444,1783334485314781667,1783334485314781667,0,1,1.000000000000,1.000000000000,1.000000000000,0.723610510700,0.380622198807,3,4
1239,476302,476302,476302,184207,160637,1783334485314418154,1783334485314710249,1783334485314710249,1783334485314578791,1783334485314894456,1783334485314894456,1,2,1.000000000000,1.000000000000,1.000000000000,0.725224512248,0.385735259902,3,4
1240,477338,477338,477338,189855,160234,1783334485314538455,1783334485314825938,1783334485314825938,1783334485314698689,1783334485315015793,1783334485315015793,1,3,1.000000000000,1.000000000000,1.000000000000,0.725809278834,0.384936843888,3,4
1241,473185,473185,473185,185734,155691,1783334485314657015,1783334485314944466,1783334485314944466,1783334485314812706,1783334485315130200,1783334485315130200,0,2,1.000000000000,1.000000000000,1.000000000000,0.732434032622,0.388147444479,3,4
1242,472023,472023,472023,184634,162318,1783334485314775666,1783334485315063055,1783334485315063055,1783334485314937984,1783334485315247689,1783334485315247689,0,2,1.000000000000,1.000000000000,1.000000000000,0.722790401471,0.389050548140,3,4
1243,477088,477088,477088,188722,159835,1783334485314894918,1783334485315183284,1783334485315183284,1783334485315054753,1783334485315372006,1783334485315372006,1,1,1.000000000000,1.000000000000,1.000000000000,0.726388705799,0.385129360435,3,4
1244,477876,477876,477876,187481,163642,1783334485315012448,1783334485315302843,1783334485315302843,1783334485315176090,1783334485315490324,1783334485315490324,3,1,1.000000000000,1.000000000000,1.000000000000,0.720878984321,0.384522874599,3,4
1245,473733,473733,473733,184571,161199,1783334485315133489,1783334485315422651,1783334485315422651,1783334485315294688,1783334485315607222,1783334485315607222,2,0,1.000000000000,1.000000000000,1.000000000000,0.724409817840,0.387722267920,3,4
1246,481248,481248,481248,190718,162314,1783334485315263600,1783334485315554130,1783334485315554130,1783334485315425914,1783334485315744848,1783334485315744848,3,3,1.000000000000,1.000000000000,1.000000000000,0.722796183817,0.381938377054,3,4
1247,474096,474096,474096,185167,161162,1783334485315384310,1783334485315673239,1783334485315673239,1783334485315545472,1783334485315858406,1783334485315858406,0,0,1.000000000000,1.000000000000,1.000000000000,0.724463426150,0.387440883708,3,4
1248,471054,471054,471054,184557,159929,1783334485315504881,1783334485315791378,1783334485315791378,1783334485315664810,1783334485315975935,1783334485315975935,2,0,1.000000000000,1.000000000000,1.000000000000,0.726252157558,0.389805259181,3,4
1249,482820,482820,482820,186735,161686,1783334485315622252,1783334485315918337,1783334485315918337,1783334485315783938,1783334485316105072,1783334485316105072,3,1,1.000000000000,1.000000000000,1.000000000000,0.723704586181,0.380739448500,3,4
1250,474448,474448,474448,186084,164134,1783334485315741782,1783334485316030146,1783334485316030146,1783334485315905916,1783334485316216230,1783334485316216230,0,2,1.000000000000,1.000000000000,1.000000000000,0.720169988283,0.387168221314,3,4
1251,473002,473002,473002,185891,160389,1783334485315864954,1783334485316152065,1783334485316152065,1783334485316025343,1783334485316337956,1783334485316337956,3,0,1.000000000000,1.000000000000,1.000000000000,0.725584312829,0.388289532445,3,4
1252,474240,474240,474240,187751,161526,1783334485315983425,1783334485316269914,1783334485316269914,1783334485316144951,1783334485316457665,1783334485316457665,0,0,1.000000000000,1.000000000000,1.000000000000,0.723936208706,0.387329316800,3,4
1253,477777,477777,477777,185800,160694,1783334485316100995,1783334485316392972,1783334485316392972,1783334485316261689,1783334485316578772,1783334485316578772,0,3,1.000000000000,1.000000000000,1.000000000000,0.725141841366,0.384599017666,3,4
1254,473555,473555,473555,184190,160850,1783334485316219446,1783334485316508811,1783334485316508811,1783334485316380296,1783334485316693001,1783334485316693001,3,3,1.000000000000,1.000000000000,1.000000000000,0.724915632402,0.387860321619,3,4
1255,474400,474400,474400,184647,164097,1783334485316338547,1783334485316628300,1783334485316628300,1783334485316502644,1783334485316812947,1783334485316812947,2,0,1.000000000000,1.000000000000,1.000000000000,0.720223282834,0.387205391248,3,4
1256,473979,473979,473979,184407,159265,1783334485316458717,1783334485316748289,1783334485316748289,1783334485316617982,1783334485316932696,1783334485316932696,3,3,1.000000000000,1.000000000000,1.000000000000,0.727217261110,0.387531555483,3,4
1257,473175,473175,473175,185826,160831,1783334485316580118,1783334485316867467,1783334485316867467,1783334485316740949,1783334485317053293,1783334485317053293,1,0,1.000000000000,1.000000000000,1.000000000000,0.724943179719,0.388155207506,3,4
1258,471492,471492,471492,184515,160707,1783334485316700259,1783334485316987236,1783334485316987236,1783334485316860966,1783334485317171751,1783334485317171751,2,0,1.000000000000,1.000000000000,1.000000000000,0.725122987923,0.389463939294,3,4
1259,471968,471968,471968,185033,160425,1783334485316820610,1783334485317107545,1783334485317107545,1783334485316981035,1783334485317292578,1783334485317292578,0,1,1.000000000000,1.000000000000,1.000000000000,0.725532072639,0.389093346055,3,4
1260,479184,479184,479184,188391,160131,1783334485316939351,1783334485317230144,1783334485317230144,1783334485317099482,1783334485317418535,1783334485317418535,3,3,1.000000000000,1.000000000000,1.000000000000,0.725958810947,0.383518277346,3,4
1261,469552,469552,469552,183701,161429,1783334485317057961,1783334485317343812,1783334485317343812,1783334485317219390,1783334485317527513,1783334485317527513,1,0,1.000000000000,1.000000000000,1.000000000000,0.724076665955,0.390977994747,3,4
1262,474280,474280,474280,184011,165775,1783334485317174982,1783334485317465251,1783334485317465251,1783334485317340757,1783334485317649262,1783334485317649262,3,0,1.000000000000,1.000000000000,1.000000000000,0.717810264806,0.387298331694,3,4
1263,480567,480567,480567,185380,163813,1783334485317288393,1783334485317583580,1783334485317583580,1783334485317452206,1783334485317768960,1783334485317768960,3,3,1.000000000000,1.000000000000,1.000000000000,0.720632485862,0.382458931541,3,4
1264,475444,475444,475444,187898,159659,1783334485317408353,1783334485317695899,1783334485317695899,1783334485317568012,1783334485317883797,1783334485317883797,2,3,1.000000000000,1.000000000000,1.000000000000,0.726644439630,0.386397749862,3,4
1265,473920,473920,473920,185137,161057,1783334485317525764,1783334485317814547,1783334485317814547,1783334485317686821,1783334485317999684,1783334485317999684,1,1,1.000000000000,1.000000000000,1.000000000000,0.724615579445,0.387577286905,3,4
1266,470986,470986,470986,184226,164643,1783334485317646256,1783334485317933016,1783334485317933016,1783334485317810899,1783334485318117242,1783334485318117242,1,2,1.000000000000,1.000000000000,1.000000000000,0.719437228273,0.389858276302,3,4
1267,473253,473253,473253,184124,160779,1783334485317768606,1783334485318057735,1783334485318057735,1783334485317929385,1783334485318241859,1783334485318241859,2,3,1.000000000000,1.000000000000,1.000000000000,0.725018577730,0.388094660016,3,4
1268,474440,474440,474440,187353,160366,1783334485317891737,1783334485318178824,1783334485318178824,1783334485318052103,1783334485318366177,1783334485318366177,1,0,1.000000000000,1.000000000000,1.000000000000,0.725617690475,0.387174416055,3,4
1269,485176,485176,485176,190692,163563,1783334485318010178,1783334485318304662,1783334485318304662,1783334485318173741,1783334485318495354,1783334485318495354,2,1,1.000000000000,1.000000000000,1.000000000000,0.720992892199,0.378949624356,3,4
1270,474625,474625,474625,186402,161351,1783334485318136918,1783334485318425141,1783334485318425141,1783334485318298269,1783334485318611543,1783334485318611543,2,3,1.000000000000,1.000000000000,1.000000000000,0.724189630726,0.387031188020,3,4
1271,472702,472702,472702,182621,160668,1783334485318259779,1783334485318549860,1783334485318549860,1783334485318420447,1783334485318732481,1783334485318732481,1,0,1.000000000000,1.000000000000,1.000000000000,0.725179549722,0.388522576070,3,4
1272,472328,472328,472328,183740,163683,1783334485318379950,1783334485318668538,1783334485318668538,1783334485318543633,1783334485318852278,1783334485318852278,2,3,1.000000000000,1.000000000000,1.000000000000,0.720819874668,0.388813299674,3,4
1273,471054,471054,471054,183998,161071,1783334485318497551,1783334485318784607,1783334485318784607,1783334485318658622,1783334485318968605,1783334485318968605,2,1,1.000000000000,1.000000000000,1.000000000000,0.724595290493,0.389805259181,3,4
1274,475271,475271,475271,185896,161188,1783334485318618012,1783334485318907387,1783334485318907387,1783334485318779200,1783334485319093283,1783334485319093283,0,3,1.000000000000,1.000000000000,1.000000000000,0.724425755031,0.386531466615,3,4
1275,470168,470168,470168,183025,159954,1783334485318738343,1783334485319025486,1783334485319025486,1783334485318898297,1783334485319208511,1783334485319208511,3,3,1.000000000000,1.000000000000,1.000000000000,0.726215845858,0.390496606454,3,4
1276,470346,470346,470346,184044,160252,1783334485318856203,1783334485319142505,1783334485319142505,1783334485319016455,1783334485319326549,1783334485319326549,2,0,1.000000000000,1.000000000000,1.000000000000,0.725783150170,0.390357614404,3,4
1277,470363,470363,470363,184204,160258,1783334485318974184,1783334485319260343,1783334485319260343,1783334485319134442,1783334485319444547,1783334485319444547,1,0,1.000000000000,1.000000000000,1.000000000000,0.725774440825,0.390344342470,3,4
1278,476189,476189,476189,184202,163895,1783334485319092055,1783334485319384042,1783334485319384042,1783334485319255950,1783334485319568244,1783334485319568244,2,0,1.000000000000,1.000000000000,1.000000000000,0.720514311825,0.385822445922,3,4
1279,472316,472316,472316,184330,160682,1783334485319211755,1783334485319499741,1783334485319499741,1783334485319372437,1783334485319684071,1783334485319684071,3,3,1.000000000000,1.000000000000,1.000000000000,0.725159244979,0.388822631305,3,4
1280,477214,477214,477214,186401,163580,1783334485319330306,1783334485319621119,1783334485319621119,1783334485319493886,1783334485319807520,1783334485319807520,1,3,1.000000000000,1.000000000000,1.000000000000,0.720968378857,0.385032320064,3,4
1281,478449,478449,478449,187409,160635,1783334485319450608,1783334485319741648,1783334485319741648,1783334485319611243,1783334485319929057,1783334485319929057,1,1,1.000000000000,1.000000000000,1.000000000000,0.725227413152,0.384082463789,3,4
1282,476557,476557,476557,186948,169612,1783334485319569058,1783334485319858667,1783334485319858667,1783334485319738670,1783334485320045615,1783334485320045615,2,3,1.000000000000,1.000000000000,1.000000000000,0.712322870894,0.385538585076,3,4
1283,477523,477523,477523,187876,162520,1783334485319689539,1783334485319979186,1783334485319979186,1783334485319852059,1783334485320167062,1783334485320167062,1,0,1.000000000000,1.000000000000,1.000000000000,0.722498453126,0.384794443601,3,4
1284,476699,476699,476699,188025,162325,1783334485319808460,1783334485320097134,1783334485320097134,1783334485319970785,1783334485320285159,1783334485320285159,2,1,1.000000000000,1.000000000000,1.000000000000,0.722780282476,0.385429107664,3,4
1285,478577,478577,478577,187404,169683,1783334485319929840,1783334485320221013,1783334485320221013,1783334485320099523,1783334485320408417,1783334485320408417,2,1,1.000000000000,1.000000000000,1.000000000000,0.712221728228,0.383984151263,3,4
1286,483455,483455,483455,186754,159641,1783334485320042991,1783334485320339692,1783334485320339692,1783334485320202632,1783334485320526446,1783334485320526446,0,3,1.000000000000,1.000000000000,1.000000000000,0.726670599301,0.380256216318,3,4
1287,470482,470482,470482,186812,159529,1783334485320167161,1783334485320450831,1783334485320450831,1783334485320326690,1783334485320637643,1783334485320637643,3,3,1.000000000000,1.000000000000,1.000000000000,0.726833391747,0.390251451571,3,4
1288,476857,476857,476857,193440,164083,1783334485320284793,1783334485320568210,1783334485320568210,1783334485320448876,1783334485320761650,1783334485320761650,1,2,1.000000000000,1.000000000000,1.000000000000,0.720243449369,0.385307331308,3,4
1289,472455,472455,472455,183601,160850,1783334485320404584,1783334485320693438,1783334485320693438,1783334485320565434,1783334485320877039,1783334485320877039,3,0,1.000000000000,1.000000000000,1.000000000000,0.724915632402,0.388714553637,3,4
1290,468071,468071,468071,182628,160428,1783334485320527514,1783334485320812957,1783334485320812957,1783334485320687942,1783334485320995585,1783334485320995585,0,2,1.000000000000,1.000000000000,1.000000000000,0.725527719460,0.392137788374,3,4
1291,467099,467099,467099,184628,162485,1783334485320645895,1783334485320928366,1783334485320928366,1783334485320808380,1783334485321112994,1783334485321112994,3,1,1.000000000000,1.000000000000,1.000000000000,0.722549029788,0.392900845686,3,4
1292,467896,467896,467896,183317,155311,1783334485320768416,1783334485321052995,1783334485321052995,1783334485320923727,1783334485321236312,1783334485321236312,0,1,1.000000000000,1.000000000000,1.000000000000,0.732990894068,0.392275060621,3,4
1293,473072,473072,473072,186185,161949,1783334485320887646,1783334485321174533,1783334485321174533,1783334485321049595,1783334485321360718,1783334485321360718,1,3,1.000000000000,1.000000000000,1.000000000000,0.723324017667,0.388235175715,3,4
1294,474600,474600,474600,182855,168055,1783334485321003447,1783334485321295192,1783334485321295192,1783334485321171502,1783334485321478047,1783334485321478047,3,1,1.000000000000,1.000000000000,1.000000000000,0.714544501598,0.387050540063,3,4
1295,465077,465077,465077,182324,161223,1783334485321116928,1783334485321399681,1783334485321399681,1783334485321278151,1783334485321582005,1783334485321582005,3,3,1.000000000000,1.000000000000,1.000000000000,0.724375047003,0.394492953779,3,4
1296,467103,467103,467103,182362,166779,1783334485321236109,1783334485321520850,1783334485321520850,1783334485321402888,1783334485321703212,1783334485321703212,2,1,1.000000000000,1.000000000000,1.000000000000,0.716370347955,0.392897702492,3,4
1297,471789,471789,471789,187621,162415,1783334485321356760,1783334485321640928,1783334485321640928,1783334485321519175,1783334485321828549,1783334485321828549,3,3,1.000000000000,1.000000000000,1.000000000000,0.722650193733,0.389232666409,3,4
1298,465616,465616,465616,182690,160442,1783334485321478731,1783334485321761657,1783334485321761657,1783334485321639173,1783334485321944347,1783334485321944347,3,2,1.000000000000,1.000000000000,1.000000000000,0.725507404968,0.394067919509,3,4
1299,491033,491033,491033,191717,160591,1783334485321597211,1783334485321896527,1783334485321896527,1783334485321757802,1783334485322088244,1783334485322088244,0,2,1.000000000000,1.000000000000,1.000000000000,0.725291235972,0.374536506551,3,4
1300,473911,473911,473911,185527,160406,1783334485321719802,1783334485322008186,1783334485322008186,1783334485321880208,1783334485322193713,1783334485322193713,2,3,1.000000000000,1.000000000000,1.000000000000,0.725559643382,0.387584263359,3,4
1301,470157,470157,470157,185796,161943,1783334485321838163,1783334485322122524,1783334485322122524,1783334485322000106,1783334485322308320,1783334485322308320,2,3,1.000000000000,1.000000000000,1.000000000000,0.723332697607,0.390505197473,3,4
1302,473764,473764,473764,184894,161822,1783334485321954053,1783334485322242923,1783334485322242923,1783334485322115875,1783334485322427817,1783334485322427817,0,0,1.000000000000,1.000000000000,1.000000000000,0.723507765302,0.387698229884,3,4
1303,480270,480270,480270,185063,160896,1783334485322072985,1783334485322368192,1783334485322368192,1783334485322233881,1783334485322553255,1783334485322553255,0,3,1.000000000000,1.000000000000,1.000000000000,0.724848943231,0.382686179632,3,4
1304,470418,470418,470418,183653,161193,1783334485322195726,1783334485322482491,1783334485322482491,1783334485322356919,1783334485322666144,1783334485322666144,0,2,1.000000000000,1.000000000000,1.000000000000,0.724418510810,0.390301406954,3,4
1305,469715,469715,469715,185081,162741,1783334485322315206,1783334485322599840,1783334485322599840,1783334485322477947,1783334485322784921,1783334485322784921,3,0,1.000000000000,1.000000000000,1.000000000000,0.722179179374,0.390850556694,3,4
1306,467412,467412,467412,183371,161718,1783334485322434787,1783334485322718828,1783334485322718828,1783334485322596505,1783334485322902199,1783334485322902199,3,0,1.000000000000,1.000000000000,1.000000000000,0.723658270570,0.392654966725,3,4
1307,474319,474319,474319,185059,161025,1783334485322551047,1783334485322840307,1783334485322840307,1783334485322712072,1783334485323025366,1783334485323025366,0,1,1.000000000000,1.000000000000,1.000000000000,0.724661956326,0.387268123602,3,4
1308,472195,472195,472195,188247,160513,1783334485322672048,1783334485322955996,1783334485322955996,1783334485322832561,1783334485323144243,1783334485323144243,0,0,1.000000000000,1.000000000000,1.000000000000,0.725404390231,0.388916737769,3,4
1309,464412,464412,464412,181236,160089,1783334485322790069,1783334485323073245,1783334485323073245,1783334485322950158,1783334485323254481,1783334485323254481,3,3,1.000000000000,1.000000000000,1.000000000000,0.726019794048,0.395017978471,3,4
1310,467551,467551,467551,182267,163317,1783334485322908139,1783334485323193423,1783334485323193423,1783334485323071456,1783334485323375690,1783334485323375690,2,0,1.000000000000,1.000000000000,1.000000000000,0.721347707979,0.392545823815,3,4
1311,465256,465256,465256,182885,159133,1783334485323028561,1783334485323310932,1783334485323310932,1783334485323187694,1783334485323493817,1783334485323493817,3,2,1.000000000000,1.000000000000,1.000000000000,0.727409271812,0.394351750578,3,4
1312,464512,464512,464512,181353,161938,1783334485323149682,1783334485323432841,1783334485323432841,1783334485323311620,1783334485323614194,1783334485323614194,0,2,1.000000000000,1.000000000000,1.000000000000,0.723339930970,0.394938982775,3,4
1313,482671,482671,482671,200163,166817,1783334485323268952,1783334485323551460,1783334485323551460,1783334485323435769,1783334485323751623,1783334485323751623,3,0,1.000000000000,1.000000000000,1.000000000000,0.716315905877,0.380852925763,3,4
1314,473786,473786,473786,186611,162003,1783334485323388083,1783334485323675258,1783334485323675258,1783334485323550086,1783334485323861869,1783334485323861869,2,2,1.000000000000,1.000000000000,1.000000000000,0.723245902891,0.387681171537,3,4
1315,471323,471323,471323,185580,161440,1783334485323507364,1783334485323793107,1783334485323793107,1783334485323668804,1783334485323978687,1783334485323978687,1,2,1.000000000000,1.000000000000,1.000000000000,0.724060736443,0.389595600355,3,4
1316,467872,467872,467872,185470,164167,1783334485323630844,1783334485323913246,1783334485323913246,1783334485323795011,1783334485324098716,1783334485324098716,1,1,1.000000000000,1.000000000000,1.000000000000,0.720122458633,0.392293890276,3,4
1317,467388,467388,467388,185368,160003,1783334485323749305,1783334485324031325,1783334485324031325,1783334485323909308,1783334485324216693,1783334485324216693,1,1,1.000000000000,1.000000000000,1.000000000000,0.726144680193,0.392673814615,3,4
1318,471103,471103,471103,185547,161480,1783334485323867237,1783334485324152793,1783334485324152793,1783334485324028717,1783334485324338340,1783334485324338340,3,0,1.000000000000,1.000000000000,1.000000000000,0.724002813901,0.389767060138,3,4
1319,465971,465971,465971,182616,161877,1783334485323986467,1783334485324269822,1783334485324269822,1783334485324148344,1783334485324452438,1783334485324452438,0,1,1.000000000000,1.000000000000,1.000000000000,0.723428183825,0.393788230588,3,4
1320,467327,467327,467327,183344,160813,1783334485324104828,1783334485324388811,1783334485324388811,1783334485324265641,1783334485324572155,1783334485324572155,1,1,1.000000000000,1.000000000000,1.000000000000,0.724969278143,0.392721723743,3,4
1321,465236,465236,465236,182704,165211,1783334485324230628,1783334485324513160,1783334485324513160,1783334485324395839,1783334485324695864,1783334485324695864,0,3,1.000000000000,1.000000000000,1.000000000000,0.718620411622,0.394367524964,3,4
1322,477573,477573,477573,188514,161519,1783334485324349489,1783334485324638548,1783334485324638548,1783334485324511008,1783334485324827062,1783334485324827062,1,3,1.000000000000,1.000000000000,1.000000000000,0.723946343884,0.384755966081,3,4
1323,468608,468608,468608,185531,161545,1783334485324468840,1783334485324751917,1783334485324751917,1783334485324630385,1783334485324937448,1783334485324937448,2,2,1.000000000000,1.000000000000,1.000000000000,0.723908699653,0.391716858469,3,4
1324,468207,468207,468207,185450,160142,1783334485324587950,1783334485324870707,1783334485324870707,1783334485324748092,1783334485325056157,1783334485325056157,3,2,1.000000000000,1.000000000000,1.000000000000,0.725942840029,0.392031141400,3,4
1325,467783,467783,467783,185248,160520,1783334485324706481,1783334485324989016,1783334485324989016,1783334485324867001,1783334485325174264,1783334485325174264,0,0,1.000000000000,1.000000000000,1.000000000000,0.725394234640,0.392363724803,3,4
1326,473228,473228,473228,185417,160894,1783334485324825393,1783334485325113204,1783334485325113204,1783334485324986287,1783334485325298621,1783334485325298621,1,1,1.000000000000,1.000000000000,1.000000000000,0.724851842633,0.388114065235,3,4
1327,470737,470737,470737,187557,161623,1783334485324943893,1783334485325227073,1783334485325227073,1783334485325105516,1783334485325414630,1783334485325414630,0,1,1.000000000000,1.000000000000,1.000000000000,0.723795778704,0.390052474075,3,4
1328,466563,466563,466563,184535,163589,1783334485325061934,1783334485325343962,1783334485325343962,1783334485325225523,1783334485325528497,1783334485325528497,3,0,1.000000000000,1.000000000000,1.000000000000,0.720955401543,0.393322261231,3,4
1329,467221,467221,467221,182985,163167,1783334485325175305,1783334485325459541,1783334485325459541,1783334485325338472,1783334485325642526,1783334485325642526,0,3,1.000000000000,1.000000000000,1.000000000000,0.721564144755,0.392804989574,3,4
1330,469078,469078,469078,179744,164044,1783334485325300605,1783334485325589939,1783334485325589939,1783334485325464649,1783334485325769683,1783334485325769683,2,3,1.000000000000,1.000000000000,1.000000000000,0.720299630549,0.391348817628,3,4
1331,472595,472595,472595,187733,158010,1783334485325414306,1783334485325699168,1783334485325699168,1783334485325572316,1783334485325886901,1783334485325886901,3,0,1.000000000000,1.000000000000,1.000000000000,0.729044869124,0.388605728799,3,4
1332,467173,467173,467173,184792,160228,1783334485325535086,1783334485325817467,1783334485325817467,1783334485325695314,1783334485326002259,1783334485326002259,2,1,1.000000000000,1.000000000000,1.000000000000,0.725817988598,0.392842700664,3,4
1333,470757,470757,470757,185919,160034,1783334485325653668,1783334485325938506,1783334485325938506,1783334485325813702,1783334485326124425,1783334485326124425,1,0,1.000000000000,1.000000000000,1.000000000000,0.726099660618,0.390036872288,3,4
1334,464634,464634,464634,182889,160051,1783334485325771029,1783334485326052774,1783334485326052774,1783334485325931080,1783334485326235663,1783334485326235663,2,3,1.000000000000,1.000000000000,1.000000000000,0.726074973649,0.394842629419,3,4
1335,469262,469262,469262,185028,159908,1783334485325888559,1783334485326172793,1783334485326172793,1783334485326048467,1783334485326357821,1783334485326357821,0,2,1.000000000000,1.000000000000,1.000000000000,0.726282660790,0.391204827759,3,4
1336,471579,471579,471579,185217,161014,1783334485326006150,1783334485326292512,1783334485326292512,1783334485326167164,1783334485326477729,1783334485326477729,0,1,1.000000000000,1.000000000000,1.000000000000,0.724677899065,0.389396178464,3,4
1337,469755,469755,469755,186265,161161,1783334485326127381,1783334485326410871,1783334485326410871,1783334485326288542,1783334485326597136,1783334485326597136,0,1,1.000000000000,1.000000000000,1.000000000000,0.724464875078,0.390819289900,3,4
1338,469593,469593,469593,183605,160010,1783334485326249961,1783334485326535949,1783334485326535949,1783334485326409971,1783334485326719554,1783334485326719554,2,2,1.000000000000,1.000000000000,1.000000000000,0.726134514238,0.390945935866,3,4
1339,468849,468849,468849,184133,161566,1783334485326368802,1783334485326653518,1783334485326653518,1783334485326530368,1783334485326837651,1783334485326837651,1,2,1.000000000000,1.000000000000,1.000000000000,0.723878296126,0.391528096438,3,4
1340,470897,470897,470897,185623,160443,1783334485326489163,1783334485326774437,1783334485326774437,1783334485326649606,1783334485326960060,1783334485326960060,2,3,1.000000000000,1.000000000000,1.000000000000,0.725505953955,0.389927677251,3,4
1341,468574,468574,468574,185092,161029,1783334485326609424,1783334485326892906,1783334485326892906,1783334485326770453,1783334485327077998,1783334485327077998,1,2,1.000000000000,1.000000000000,1.000000000000,0.724656159054,0.391743496121,3,4
1342,469330,469330,469330,185141,159396,1783334485326730125,1783334485327014314,1783334485327014314,1783334485326889521,1783334485327199455,1783334485327199455,3,1,1.000000000000,1.000000000000,1.000000000000,0.727026755145,0.391151627520,3,4
1343,464447,464447,464447,183450,159933,1783334485326847386,1783334485327128383,1783334485327128383,1783334485327007319,1783334485327311833,1783334485327311833,2,3,1.000000000000,1.000000000000,1.000000000000,0.726246347564,0.394990328180,3,4
1344,470015,470015,470015,185509,160830,1783334485326964716,1783334485327249222,1783334485327249222,1783334485327125546,1783334485327434731,1783334485327434731,3,2,1.000000000000,1.000000000000,1.000000000000,0.724944629607,0.390616116699,3,4
1345,465490,465490,465490,183026,164636,1783334485327082047,1783334485327364511,1783334485327364511,1783334485327246683,1783334485327547537,1783334485327547537,0,0,1.000000000000,1.000000000000,1.000000000000,0.719447300465,0.394167237138,3,4
1346,466947,466947,466947,185166,160744,1783334485327200988,1783334485327482769,1783334485327482769,1783334485327361732,1783334485327667935,1783334485327667935,1,0,1.000000000000,1.000000000000,1.000000000000,0.725069330807,0.393020305700,3,4
1347,471585,471585,471585,184895,161692,1783334485327323758,1783334485327610448,1783334485327610448,1783334485327485450,1783334485327795343,1783334485327795343,2,1,1.000000000000,1.000000000000,1.000000000000,0.723695901778,0.389391505738,3,4
1348,466850,466850,466850,183673,160836,1783334485327447280,1783334485327730457,1783334485327730457,1783334485327608116,1783334485327914130,1783334485327914130,3,2,1.000000000000,1.000000000000,1.000000000000,0.724935930324,0.393096559036,3,4
1349,466357,466357,466357,182241,176693,1783334485327567511,1783334485327851627,1783334485327851627,1783334485327744204,1783334485328033868,1783334485328033868,0,0,1.000000000000,1.000000000000,1.000000000000,0.702306050914,0.393484343389,3,4
1350,468025,468025,468025,184291,162911,1783334485327688371,1783334485327972105,1783334485327972105,1783334485327851282,1783334485328156396,1783334485328156396,3,3,1.000000000000,1.000000000000,1.000000000000,0.721933680191,0.392173866710,3,4
1351,467831,467831,467831,185109,159897,1783334485327809672,1783334485328092394,1783334485328092394,1783334485327969569,1783334485328277503,1783334485328277503,3,0,1.000000000000,1.000000000000,1.000000000000,0.726298639184,0.392326059694,3,4
1352,476948,476948,476948,190948,159654,1783334485327927233,1783334485328213233,1783334485328213233,1783334485328086887,1783334485328404181,1783334485328404181,3,0,1.000000000000,1.000000000000,1.000000000000,0.726651706111,0.385237211754,3,4
1353,494936,494936,494936,195348,161022,1783334485328046353,1783334485328345941,1783334485328345941,1783334485328207375,1783334485328541289,1783334485328541289,1,2,1.000000000000,1.000000000000,1.000000000000,0.724666304311,0.371624255883,3,4
1354,481732,481732,481732,197346,161058,1783334485328163624,1783334485328448010,1783334485328448010,1783334485328324682,1783334485328645356,1783334485328645356,2,2,1.000000000000,1.000000000000,1.000000000000,0.724614130215,0.381568839590,3,4
1355,494589,494589,494589,209125,162005,1783334485328287075,1783334485328572539,1783334485328572539,1783334485328449080,1783334485328781664,1783334485328781664,0,3,1.000000000000,1.000000000000,1.000000000000,0.723243009914,0.371882252631,3,4
1356,485076,485076,485076,199384,161431,1783334485328410066,1783334485328695758,1783334485328695758,1783334485328571497,1783334485328895142,1783334485328895142,2,0,1.000000000000,1.000000000000,1.000000000000,0.724073769654,0.379025421861,3,4
1357,484802,484802,484802,202432,160999,1783334485328529447,1783334485328811817,1783334485328811817,1783334485328690446,1783334485329014249,1783334485329014249,0,2,1.000000000000,1.000000000000,1.000000000000,0.724699639728,0.379233184714,3,4
1358,488709,488709,488709,202062,160505,1783334485328649708,1783334485328936355,1783334485328936355,1783334485328810213,1783334485329138417,1783334485329138417,2,2,1.000000000000,1.000000000000,1.000000000000,0.725415996794,0.376281404234,3,4
1359,481357,481357,481357,198921,160103,1783334485328768358,1783334485329050794,1783334485329050794,1783334485328928461,1783334485329249715,1783334485329249715,0,3,1.000000000000,1.000000000000,1.000000000000,0.725999465778,0.381855123563,3,4
1360,488704,488704,488704,207540,159630,1783334485328885889,1783334485329167053,1783334485329167053,1783334485329045519,1783334485329374593,1783334485329374593,0,3,1.000000000000,1.000000000000,1.000000000000,0.726686586230,0.376285167067,3,4
1361,482991,482991,482991,198218,164407,1783334485329003279,1783334485329288052,1783334485329288052,1783334485329167686,1783334485329486270,1783334485329486270,1,2,1.000000000000,1.000000000000,1.000000000000,0.719776882797,0.380609257873,3,4
1362,485148,485148,485148,202198,160074,1783334485329125200,1783334485329408150,1783334485329408150,1783334485329285274,1783334485329610348,1783334485329610348,1,3,1.000000000000,1.000000000000,1.000000000000,0.726041574969,0.378970846129,3,4
1363,492114,492114,492114,198896,161731,1783334485329242641,1783334485329535859,1783334485329535859,1783334485329404372,1783334485329734755,1783334485329734755,1,0,1.000000000000,1.000000000000,1.000000000000,0.723639455699,0.373727633330,3,4
1364,493871,493871,493871,208575,161438,1783334485329366452,1783334485329651748,1783334485329651748,1783334485329527890,1783334485329860323,1783334485329860323,1,3,1.000000000000,1.000000000000,1.000000000000,0.724063632692,0.372416659158,3,4
1365,493418,493418,493418,210354,160644,1783334485329489343,1783334485329772407,1783334485329772407,1783334485329649987,1783334485329982761,1783334485329982761,2,1,1.000000000000,1.000000000000,1.000000000000,0.725214359176,0.372754221543,3,4
1366,486285,486285,486285,202614,160071,1783334485329608034,1783334485329891705,1783334485329891705,1783334485329768105,1783334485330094319,1783334485330094319,2,1,1.000000000000,1.000000000000,1.000000000000,0.726045931231,0.378110045526,3,4
1367,490791,490791,490791,206771,160278,1783334485329727734,1783334485330011754,1783334485330011754,1783334485329888012,1783334485330218525,1783334485330218525,0,1,1.000000000000,1.000000000000,1.000000000000,0.725745410428,0.374717826095,3,4
1368,496148,496148,496148,213970,159594,1783334485329846215,1783334485330128393,1783334485330128393,1783334485330005809,1783334485330342363,1783334485330342363,2,3,1.000000000000,1.000000000000,1.000000000000,0.726738909548,0.370724529595,3,4
1369,486315,486315,486315,202929,161701,1783334485329963566,1783334485330246952,1783334485330246952,1783334485330125267,1783334485330449881,1783334485330449881,2,3,1.000000000000,1.000000000000,1.000000000000,0.723682875369,0.378087359604,3,4
1370,498742,498742,498742,216427,160789,1783334485330081096,1783334485330363411,1783334485330363411,1783334485330241885,1783334485330579838,1783334485330579838,0,2,1.000000000000,1.000000000000,1.000000000000,0.725004077504,0.368806191208,3,4
1371,500109,500109,500109,218788,159724,1783334485330203178,1783334485330484499,1783334485330484499,1783334485330362902,1783334485330703287,1783334485330703287,1,2,1.000000000000,1.000000000000,1.000000000000,0.726549981993,0.367799252194,3,4
1372,468315,468315,468315,182746,161592,1783334485330325899,1783334485330611468,1783334485330611468,1783334485330487491,1783334485330794214,1783334485330794214,0,3,1.000000000000,1.000000000000,1.000000000000,0.723840655433,0.391946471818,3,4
1373,471862,471862,471862,186804,160848,1783334485330448589,1783334485330733647,1783334485330733647,1783334485330609437,1783334485330920451,1783334485330920451,1,0,1.000000000000,1.000000000000,1.000000000000,0.724918532070,0.389175842588,3,4
1374,469499,469499,469499,182653,161165,1783334485330567070,1783334485330853916,1783334485330853916,1783334485330728235,1783334485331036569,1783334485331036569,3,3,1.000000000000,1.000000000000,1.000000000000,0.724459079383,0.391019440611,3,4
1375,472086,472086,472086,183342,161483,1783334485330687381,1783334485330976125,1783334485330976125,1783334485330848864,1783334485331159467,1783334485331159467,2,3,1.000000000000,1.000000000000,1.000000000000,0.723998469897,0.389001530859,3,4
1376,465394,465394,465394,184661,159490,1783334485330806531,1783334485331087264,1783334485331087264,1783334485330966021,1783334485331271925,1783334485331271925,1,0,1.000000000000,1.000000000000,1.000000000000,0.726890086963,0.394242924514,3,4
1377,476531,476531,476531,187430,163817,1783334485330923762,1783334485331212863,1783334485331212863,1783334485331087579,1783334485331400293,1783334485331400293,1,3,1.000000000000,1.000000000000,1.000000000000,0.720626720825,0.385558633603,3,4
1378,470138,470138,470138,187749,160564,1783334485331042913,1783334485331325302,1783334485331325302,1783334485331203477,1783334485331513051,1783334485331513051,3,0,1.000000000000,1.000000000000,1.000000000000,0.725330402756,0.390520036953,3,4
1379,465515,465515,465515,182359,159730,1783334485331162934,1783334485331446090,1783334485331446090,1783334485331322664,1783334485331628449,1783334485331628449,3,0,1.000000000000,1.000000000000,1.000000000000,0.726541263445,0.394147529269,3,4
1380,488041,488041,488041,203767,163256,1783334485331280885,1783334485331565159,1783334485331565159,1783334485331444141,1783334485331768926,1783334485331768926,1,0,1.000000000000,1.000000000000,1.000000000000,0.721435717768,0.376784452151,3,4
1381,470978,470978,470978,185646,160733,1783334485331403786,1783334485331689118,1783334485331689118,1783334485331564519,1783334485331874764,1783334485331874764,2,2,1.000000000000,1.000000000000,1.000000000000,0.725085282508,0.389864514084,3,4
1382,467446,467446,467446,183835,160571,1783334485331522516,1783334485331806127,1783334485331806127,1783334485331683087,1783334485331989962,1783334485331989962,0,3,1.000000000000,1.000000000000,1.000000000000,0.725320248202,0.392628267095,3,4
1383,473362,473362,473362,189304,161348,1783334485331641417,1783334485331925475,1783334485331925475,1783334485331802765,1783334485332114779,1783334485332114779,2,1,1.000000000000,1.000000000000,1.000000000000,0.724193975876,0.388010064602,3,4
1384,468098,468098,468098,182452,161035,1783334485331762048,1783334485332047694,1783334485332047694,1783334485331923083,1783334485332230146,1783334485332230146,1,3,1.000000000000,1.000000000000,1.000000000000,0.724647463232,0.392116613505,3,4
1385,468145,468145,468145,185610,156632,1783334485331882658,1783334485332165193,1783334485332165193,1783334485332039290,1783334485332350803,1783334485332350803,1,1,1.000000000000,1.000000000000,1.000000000000,0.731056888072,0.392079756276,3,4
1386,466311,466311,466311,183809,160588,1783334485332000270,1783334485332282772,1783334485332282772,1783334485332160858,1783334485332466581,1783334485332466581,1,0,1.000000000000,1.000000000000,1.000000000000,0.725295587733,0.393520545614,3,4
1387,474299,474299,474299,186060,160505,1783334485332117771,1783334485332406010,1783334485332406010,1783334485332278276,1783334485332592070,1783334485332592070,0,0,1.000000000000,1.000000000000,1.000000000000,0.725415996794,0.387283614637,3,4
1388,476706,476706,476706,185778,165213,1783334485332235721,1783334485332526649,1783334485332526649,1783334485332400934,1783334485332712427,1783334485332712427,2,0,1.000000000000,1.000000000000,1.000000000000,0.718617537146,0.385423711694,3,4
1389,473733,473733,473733,184447,161148,1783334485332358912,1783334485332648198,1783334485332648198,1783334485332520060,1783334485332832645,1783334485332832645,3,0,1.000000000000,1.000000000000,1.000000000000,0.724483711410,0.387722267920,3,4
1390,474820,474820,474820,184546,158426,1783334485332477943,1783334485332768217,1783334485332768217,1783334485332636369,1783334485332952763,1783334485332952763,2,1,1.000000000000,1.000000000000,1.000000000000,0.728438556055,0.386880275287,3,4
1391,482137,482137,482137,184855,161493,1783334485332596503,1783334485332893785,1783334485332893785,1783334485332757996,1783334485333078640,1783334485333078640,3,0,1.000000000000,1.000000000000,1.000000000000,0.723983990073,0.381259893970,3,4
1392,471363,471363,471363,184533,161020,1783334485332716764,1783334485333003594,1783334485333003594,1783334485332877784,1783334485333188127,1783334485333188127,1,0,1.000000000000,1.000000000000,1.000000000000,0.724669202982,0.389564433954,3,4
1393,470201,470201,470201,184122,162987,1783334485332835404,1783334485333121483,1783334485333121483,1783334485332998391,1783334485333305605,1783334485333305605,1,2,1.000000000000,1.000000000000,1.000000000000,0.721823954611,0.390470834528,3,4
1394,474347,474347,474347,184991,159433,1783334485332952756,1783334485333242112,1783334485333242112,1783334485333112189,1783334485333427103,1783334485333427103,1,1,1.000000000000,1.000000000000,1.000000000000,0.726972957156,0.387246437194,3,4
1395,472844,472844,472844,184431,155670,1783334485333071647,1783334485333360060,1783334485333360060,1783334485333227317,1783334485333544491,1783334485333544491,1,0,1.000000000000,1.000000000000,1.000000000000,0.732464795498,0.388412251325,3,4
1396,471011,471011,471011,184859,160328,1783334485333193807,1783334485333479959,1783334485333479959,1783334485333354135,1783334485333664818,1783334485333664818,0,2,1.000000000000,1.000000000000,1.000000000000,0.725672839515,0.389838783875,3,4
1397,474498,474498,474498,184528,163484,1783334485333311078,1783334485333601048,1783334485333601048,1783334485333474562,1783334485333785576,1783334485333785576,2,2,1.000000000000,1.000000000000,1.000000000000,0.721106818076,0.387129506428,3,4
1398,471964,471964,471964,184596,160830,1783334485333433109,1783334485333720477,1783334485333720477,1783334485333593939,1783334485333905073,1783334485333905073,2,0,1.000000000000,1.000000000000,1.000000000000,0.724944629607,0.389096458814,3,4
1399,469273,469273,469273,180006,160819,1783334485333553349,1783334485333842616,1783334485333842616,1783334485333714168,1783334485334022622,1783334485334022622,2,0,1.000000000000,1.000000000000,1.000000000000,0.724960578564,0.391196221348,3,4
1400,472069,472069,472069,185164,161155,1783334485333675900,1783334485333962805,1783334485333962805,1783334485333837055,1783334485334147969,1783334485334147969,3,3,1.000000000000,1.000000000000,1.000000000000,0.724473568709,0.389014757136,3,4
1401,471904,471904,471904,185922,160361,1783334485333797902,1783334485334083884,1783334485334083884,1783334485333958263,1783334485334269806,1783334485334269806,3,1,1.000000000000,1.000000000000,1.000000000000,0.725624946688,0.389143153190,3,4
1402,482973,482973,482973,191883,160079,1783334485333916522,1783334485334207612,1783334485334207612,1783334485334076601,1783334485334399495,1783334485334399495,2,3,1.000000000000,1.000000000000,1.000000000000,0.726034314589,0.380622960053,3,4
1403,473279,473279,473279,185001,160716,1783334485334033763,1783334485334322041,1783334485334322041,1783334485334194479,1783334485334507042,1783334485334507042,2,0,1.000000000000,1.000000000000,1.000000000000,0.725109935827,0.388074479619,3,4
1404,469455,469455,469455,183269,160921,1783334485334155964,1783334485334442150,1783334485334442150,1783334485334316885,1783334485334625419,1783334485334625419,3,2,1.000000000000,1.000000000000,1.000000000000,0.724812701690,0.391053851836,3,4
1405,474134,474134,474134,187859,162240,1783334485334276174,1783334485334562449,1783334485334562449,1783334485334438414,1783334485334750308,1783334485334750308,0,1,1.000000000000,1.000000000000,1.000000000000,0.722903165569,0.387411439320,3,4
1406,479959,479959,479959,187247,161696,1783334485334406435,1783334485334699147,1783334485334699147,1783334485334568131,1783334485334886394,1783334485334886394,2,3,1.000000000000,1.000000000000,1.000000000000,0.723690112234,0.382924284479,3,4
1407,472426,472426,472426,183826,161472,1783334485334529246,1783334485334817846,1783334485334817846,1783334485334690718,1783334485335001672,1783334485335001672,0,1,1.000000000000,1.000000000000,1.000000000000,0.724014398039,0.388737099735,3,4
1408,473123,473123,473123,184795,161449,1783334485334649567,1783334485334937895,1783334485334937895,1783334485334811016,1783334485335122690,1783334485335122690,2,1,1.000000000000,1.000000000000,1.000000000000,0.724047703467,0.388195577747,3,4
1409,472769,472769,472769,186533,163246,1783334485334769738,1783334485335055974,1783334485335055974,1783334485334932984,1783334485335242507,1783334485335242507,3,0,1.000000000000,1.000000000000,1.000000000000,0.721450146627,0.388470517533,3,4
1410,471516,471516,471516,184893,160022,1783334485334887289,1783334485335173912,1783334485335173912,1783334485335047311,1783334485335358805,1783334485335358805,3,0,1.000000000000,1.000000000000,1.000000000000,0.726117087219,0.389445245474,3,4
1411,477385,477385,477385,188623,160100,1783334485335004989,1783334485335293751,1783334485335293751,1783334485335165089,1783334485335482374,1783334485335482374,3,3,1.000000000000,1.000000000000,1.000000000000,0.726003821788,0.384900661525,3,4
1412,470820,470820,470820,184010,159757,1783334485335129640,1783334485335416450,1783334485335416450,1783334485335289397,1783334485335600460,1783334485335600460,0,1,1.000000000000,1.000000000000,1.000000000000,0.726502031276,0.389987730738,3,4
1413,484648,484648,484648,197571,161654,1783334485335246941,1783334485335534018,1783334485335534018,1783334485335408595,1783334485335731589,1783334485335731589,3,3,1.000000000000,1.000000000000,1.000000000000,0.723750904757,0.379350006524,3,4
1414,476235,476235,476235,184959,160721,1783334485335367401,1783334485335658677,1783334485335658677,1783334485335528122,1783334485335843636,1783334485335843636,2,3,1.000000000000,1.000000000000,1.000000000000,0.725102684764,0.385786951890,3,4
1415,471922,471922,471922,184228,160948,1783334485335487462,1783334485335775156,1783334485335775156,1783334485335648410,1783334485335959384,1783334485335959384,1,0,1.000000000000,1.000000000000,1.000000000000,0.724773562861,0.389129144289,3,4
1416,476527,476527,476527,185236,162524,1783334485335609784,1783334485335901075,1783334485335901075,1783334485335772308,1783334485336086311,1783334485336086311,2,1,1.000000000000,1.000000000000,1.000000000000,0.722492673161,0.385561718085,3,4
1417,479345,479345,479345,185986,161721,1783334485335728954,1783334485336022313,1783334485336022313,1783334485335890675,1783334485336208299,1783334485336208299,2,1,1.000000000000,1.000000000000,1.000000000000,0.723653928633,0.383394804340,3,4
1418,487862,487862,487862,188485,159997,1783334485335851515,1783334485336150892,1783334485336150892,1783334485336011512,1783334485336339377,1783334485336339377,3,3,1.000000000000,1.000000000000,1.000000000000,0.726153393981,0.376919365133,3,4
1419,481049,481049,481049,185314,161044,1783334485335973466,1783334485336269201,1783334485336269201,1783334485336134510,1783334485336454515,1783334485336454515,2,0,1.000000000000,1.000000000000,1.000000000000,0.724634419695,0.382090418783,3,4
1420,472615,472615,472615,184371,160622,1783334485336093426,1783334485336381670,1783334485336381670,1783334485336254048,1783334485336566041,1783334485336566041,3,1,1.000000000000,1.000000000000,1.000000000000,0.725246269310,0.388590184880,3,4
1421,470573,470573,470573,184182,160279,1783334485336213417,1783334485336499808,1783334485336499808,1783334485336373696,1783334485336683990,1783334485336683990,0,0,1.000000000000,1.000000000000,1.000000000000,0.725743958938,0.390180432270,3,4
1422,476730,476730,476730,183961,160816,1783334485336335478,1783334485336628247,1783334485336628247,1783334485336496294,1783334485336812208,1783334485336812208,0,1,1.000000000000,1.000000000000,1.000000000000,0.724964928341,0.385405211800,3,4
1423,472436,472436,472436,183239,160892,1783334485336453949,1783334485336743146,1783334485336743146,1783334485336614841,1783334485336926385,1783334485336926385,1,1,1.000000000000,1.000000000000,1.000000000000,0.724854742046,0.388729325071,3,4
1424,472562,472562,472562,183936,161408,1783334485336572550,1783334485336861176,1783334485336861176,1783334485336733958,1783334485337045112,1783334485337045112,1,2,1.000000000000,1.000000000000,1.000000000000,0.724107077813,0.388631377623,3,4
1425,475180,475180,475180,187187,164255,1783334485336691981,1783334485336979974,1783334485336979974,1783334485336856236,1783334485337167161,1783334485337167161,2,0,1.000000000000,1.000000000000,1.000000000000,0.719995728233,0.386601821744,3,4
1426,471807,471807,471807,186035,160583,1783334485336811271,1783334485337097043,1783334485337097043,1783334485336971854,1783334485337283078,1783334485337283078,1,0,1.000000000000,1.000000000000,1.000000000000,0.725302840725,0.389218654286,3,4
1427,479833,479833,479833,191123,159950,1783334485336928852,1783334485337217562,1783334485337217562,1783334485337088802,1783334485337408685,1783334485337408685,0,1,1.000000000000,1.000000000000,1.000000000000,0.726221655608,0.383020793558,3,4
1428,473531,473531,473531,185543,160197,1783334485337046823,1783334485337334811,1783334485337334811,1783334485337207020,1783334485337520354,1783334485337520354,0,3,1.000000000000,1.000000000000,1.000000000000,0.725862990708,0.387878939361,3,4
1429,471428,471428,471428,183892,161394,1783334485337165153,1783334485337452689,1783334485337452689,1783334485337326547,1783334485337636581,1783334485337636581,2,3,1.000000000000,1.000000000000,1.000000000000,0.724127353095,0.389513793869,3,4
1430,481834,481834,481834,186380,160991,1783334485337287624,1783334485337583078,1783334485337583078,1783334485337448615,1783334485337769458,1783334485337769458,1,0,1.000000000000,1.000000000000,1.000000000000,0.724711235015,0.381491007486,3,4
1431,474321,474321,474321,184730,160836,1783334485337407966,1783334485337697557,1783334485337697557,1783334485337568802,1783334485337882287,1783334485337882287,1,2,1.000000000000,1.000000000000,1.000000000000,0.724935930324,0.387266574533,3,4
1432,473288,473288,473288,185738,160844,1783334485337528176,1783334485337815726,1783334485337815726,1783334485337689020,1783334485338001464,1783334485338001464,3,3,1.000000000000,1.000000000000,1.000000000000,0.724924331441,0.388067494341,3,4
1433,475824,475824,475824,187367,163450,1783334485337648447,1783334485337936904,1783334485337936904,1783334485337811897,1783334485338124271,1783334485338124271,2,3,1.000000000000,1.000000000000,1.000000000000,0.721155855006,0.386104199135,3,4
1434,472582,472582,472582,184836,160219,1783334485337762347,1783334485338050093,1783334485338050093,1783334485337922566,1783334485338234929,1783334485338234929,0,0,1.000000000000,1.000000000000,1.000000000000,0.725831053439,0.388615832679,3,4
1435,473129,473129,473129,184145,163286,1783334485337879698,1783334485338168682,1783334485338168682,1783334485338042984,1783334485338352827,1783334485338352827,1,1,1.000000000000,1.000000000000,1.000000000000,0.721392432924,0.388190919428,3,4
1436,470425,470425,470425,184683,162322,1783334485337999339,1783334485338285081,1783334485338285081,1783334485338161661,1783334485338469764,1783334485338469764,0,0,1.000000000000,1.000000000000,1.000000000000,0.722784619171,0.390295942773,3,4
1437,472774,472774,472774,185564,162100,1783334485338116899,1783334485338404109,1783334485338404109,1783334485338278999,1783334485338589673,1783334485338589673,2,0,1.000000000000,1.000000000000,1.000000000000,0.723105606795,0.388466632847,3,4
1438,481390,481390,481390,185012,162916,1783334485338244420,1783334485338540798,1783334485338540798,1783334485338407336,1783334485338725810,1783334485338725810,3,3,1.000000000000,1.000000000000,1.000000000000,0.721926460890,0.381829921957,3,4
1439,477315,477315,477315,188840,160932,1783334485338360682,1783334485338649157,1783334485338649157,1783334485338521614,1783334485338837997,1783334485338837997,0,3,1.000000000000,1.000000000000,1.000000000000,0.724796755986,0.384954551390,3,4
1440,470404,470404,470404,183380,162999,1783334485338480742,1783334485338767766,1783334485338767766,1783334485338643741,1783334485338951146,1783334485338951146,0,2,1.000000000000,1.000000000000,1.000000000000,0.721806631044,0.390312335547,3,4
1441,473640,473640,473640,184289,164446,1783334485338600923,1783334485338890274,1783334485338890274,1783334485338765369,1783334485339074563,1783334485339074563,2,2,1.000000000000,1.000000000000,1.000000000000,0.719720742390,0.387794390969,3,4
1442,471206,471206,471206,184317,159663,1783334485338719964,1783334485339006853,1783334485339006853,1783334485338879627,1783334485339191170,1783334485339191170,0,1,1.000000000000,1.000000000000,1.000000000000,0.726638626498,0.389686776393,3,4
1443,471835,471835,471835,184147,160010,1783334485338837404,1783334485339125092,1783334485339125092,1783334485338997414,1783334485339309239,1783334485339309239,3,2,1.000000000000,1.000000000000,1.000000000000,0.726134514238,0.389196858651,3,4
1444,476801,476801,476801,185745,166228,1783334485338955095,1783334485339246151,1783334485339246151,1783334485339121323,1783334485339431896,1783334485339431896,0,3,1.000000000000,1.000000000000,1.000000000000,0.717160223220,0.385350488146,3,4
1445,475607,475607,475607,184684,161733,1783334485339075576,1783334485339366499,1783334485339366499,1783334485339237309,1783334485339551183,1783334485339551183,2,0,1.000000000000,1.000000000000,1.000000000000,0.723636561147,0.386271804725,3,4
1446,474835,474835,474835,183664,160701,1783334485339198937,1783334485339490108,1783334485339490108,1783334485339359638,1783334485339673772,1783334485339673772,2,3,1.000000000000,1.000000000000,1.000000000000,0.725131689451,0.386868669053,3,4
1447,487351,487351,487351,187492,174697,1783334485339319378,1783334485339619237,1783334485339619237,1783334485339494075,1783334485339806729,1783334485339806729,2,0,1.000000000000,1.000000000000,1.000000000000,0.705115260121,0.377304773634,3,4
1448,476308,476308,476308,188680,160614,1783334485339437008,1783334485339724636,1783334485339724636,1783334485339597622,1783334485339913316,1783334485339913316,1,1,1.000000000000,1.000000000000,1.000000000000,0.725257873343,0.385730631107,3,4
1449,475676,475676,475676,184340,161491,1783334485339559669,1783334485339851005,1783334485339851005,1783334485339721160,1783334485340035345,1783334485340035345,0,1,1.000000000000,1.000000000000,1.000000000000,0.723986886015,0.386218502894,3,4
1450,476731,476731,476731,188157,163008,1783334485339683380,1783334485339971954,1783334485339971954,1783334485339846388,1783334485340160111,1783334485340160111,1,2,1.000000000000,1.000000000000,1.000000000000,0.721793638641,0.385404440991,3,4
1451,472359,472359,472359,186006,160345,1783334485339802710,1783334485340089063,1783334485340089063,1783334485339963055,1783334485340275069,1783334485340275069,3,3,1.000000000000,1.000000000000,1.000000000000,0.725648167058,0.388789193997,3,4
1452,482286,482286,482286,191806,159353,1783334485339920331,1783334485340210811,1783334485340210811,1783334485340079684,1783334485340402617,1783334485340402617,0,3,1.000000000000,1.000000000000,1.000000000000,0.727089282135,0.381146295449,3,4
1453,475322,475322,475322,187244,160119,1783334485340037562,1783334485340325640,1783334485340325640,1783334485340197681,1783334485340512884,1783334485340512884,0,3,1.000000000000,1.000000000000,1.000000000000,0.725976234167,0.386492042416,3,4
1454,468230,468230,468230,182454,159525,1783334485340156023,1783334485340441799,1783334485340441799,1783334485340315548,1783334485340624253,1783334485340624253,1,1,1.000000000000,1.000000000000,1.000000000000,0.726839206437,0.392013108382,3,4
1455,466596,466596,466596,184952,160242,1783334485340278764,1783334485340560408,1783334485340560408,1783334485340439006,1783334485340745360,1783334485340745360,1,2,1.000000000000,1.000000000000,1.000000000000,0.725797665978,0.393296302818,3,4
1456,473162,473162,473162,185840,160528,1783334485340396155,1783334485340683477,1783334485340683477,1783334485340556683,1783334485340869317,1783334485340869317,3,3,1.000000000000,1.000000000000,1.000000000000,0.725382628426,0.388165299673,3,4
1457,469121,469121,469121,183671,163496,1783334485340515025,1783334485340800475,1783334485340800475,1783334485340678521,1783334485340984146,1783334485340984146,0,1,1.000000000000,1.000000000000,1.000000000000,0.721089511720,0.391315163077,3,4
1458,469277,469277,469277,186939,160143,1783334485340637556,1783334485340919894,1783334485340919894,1783334485340797699,1783334485341106833,1783334485341106833,3,2,1.000000000000,1.000000000000,1.000000000000,0.725941388144,0.391193091790,3,4
1459,466653,466653,466653,183497,160330,1783334485340760537,1783334485341043693,1783334485341043693,1783334485340920867,1783334485341227190,1783334485341227190,1,2,1.000000000000,1.000000000000,1.000000000000,0.725669936830,0.393251469595,3,4
1460,467042,467042,467042,182347,160557,1783334485340879137,1783334485341163832,1783334485341163832,1783334485341039694,1783334485341346179,1783334485341346179,0,0,1.000000000000,1.000000000000,1.000000000000,0.725340557453,0.392945638935,3,4
1461,482066,482066,482066,200245,160573,1783334485340999439,1783334485341281260,1783334485341281260,1783334485341160012,1783334485341481505,1783334485341481505,1,1,1.000000000000,1.000000000000,1.000000000000,0.725317346927,0.381314036719,3,4
1462,472644,472644,472644,188874,160510,1783334485341116939,1783334485341400709,1783334485341400709,1783334485341277449,1783334485341589583,1783334485341589583,2,1,1.000000000000,1.000000000000,1.000000000000,0.725408742670,0.388567647303,3,4
1463,473811,473811,473811,190403,188207,1783334485341241990,1783334485341525398,1783334485341525398,1783334485341430197,1783334485341715801,1783334485341715801,1,3,1.000000000000,1.000000000000,1.000000000000,0.686318138509,0.387661787963,3,4
1464,475088,475088,475088,187842,164695,1783334485341359441,1783334485341646687,1783334485341646687,1783334485341524136,1783334485341834529,1783334485341834529,0,1,1.000000000000,1.000000000000,1.000000000000,0.719362410692,0.386672963024,3,4
1465,467725,467725,467725,184181,165682,1783334485341479971,1783334485341763515,1783334485341763515,1783334485341645653,1783334485341947696,1783334485341947696,1,1,1.000000000000,1.000000000000,1.000000000000,0.717943789933,0.392409241635,3,4
1466,475722,475722,475722,193760,163148,1783334485341600472,1783334485341882434,1783334485341882434,1783334485341763620,1783334485342076194,1783334485342076194,2,2,1.000000000000,1.000000000000,1.000000000000,0.721591564714,0.386182972426,3,4
1467,477899,477899,477899,191559,161675,1783334485341718803,1783334485342005143,1783334485342005143,1783334485341880478,1783334485342196702,1783334485342196702,3,2,1.000000000000,1.000000000000,1.000000000000,0.723720507857,0.384505186954,3,4
1468,469406,469406,469406,185957,161232,1783334485341837483,1783334485342120932,1783334485342120932,1783334485341998715,1783334485342306889,1783334485342306889,3,2,1.000000000000,1.000000000000,1.000000000000,0.724362008370,0.391092176991,3,4
1469,467632,467632,467632,184747,160858,1783334485341957795,1783334485342240680,1783334485342240680,1783334485342118653,1783334485342425427,1783334485342425427,0,0,1.000000000000,1.000000000000,1.000000000000,0.724904033844,0.392482236543,3,4
1470,465670,465670,465670,182217,160476,1783334485342075126,1783334485342358579,1783334485342358579,1783334485342235602,1783334485342540796,1783334485342540796,1,1,1.000000000000,1.000000000000,1.000000000000,0.725458072142,0.394025362472,3,4
1471,466527,466527,466527,184675,161022,1783334485342196786,1783334485342478638,1783334485342478638,1783334485342357808,1783334485342663313,1783334485342663313,0,3,1.000000000000,1.000000000000,1.000000000000,0.724666304311,0.393350581453,3,4
1472,472844,472844,472844,188954,161230,1783334485342321067,1783334485342604957,1783334485342604957,1783334485342482297,1783334485342793911,1783334485342793911,2,0,1.000000000000,1.000000000000,1.000000000000,0.724364905824,0.388412251325,3,4
1473,473670,473670,473670,189743,167485,1783334485342438458,1783334485342722385,1783334485342722385,1783334485342605943,1783334485342912128,1783334485342912128,3,3,1.000000000000,1.000000000000,1.000000000000,0.715359546817,0.387771124003,3,4
1474,473508,473508,473508,188581,161954,1783334485342557358,1783334485342842285,1783334485342842285,1783334485342719312,1783334485343030866,1783334485343030866,3,2,1.000000000000,1.000000000000,1.000000000000,0.723316784463,0.387896782203,3,4
1475,477854,477854,477854,187609,171831,1783334485342680559,1783334485342970804,1783334485342970804,1783334485342852390,1783334485343158413,1783334485343158413,2,2,1.000000000000,1.000000000000,1.000000000000,0.709168586527,0.384539793978,3,4
1476,470871,470871,470871,187809,162086,1783334485342793771,1783334485343076833,1783334485343076833,1783334485342955857,1783334485343264642,1783334485343264642,0,2,1.000000000000,1.000000000000,1.000000000000,0.723125854036,0.389947954018,3,4
1477,471447,471447,471447,186837,164204,1783334485342912761,1783334485343197371,1783334485343197371,1783334485343076965,1783334485343384208,1783334485343384208,0,1,1.000000000000,1.000000000000,1.000000000000,0.720069171542,0.389498992626,3,4
1478,469964,469964,469964,183906,160981,1783334485343032942,1783334485343319000,1783334485343319000,1783334485343193923,1783334485343502906,1783334485343502906,0,3,1.000000000000,1.000000000000,1.000000000000,0.724725729384,0.390655961575,3,4
1479,467021,467021,467021,183825,161898,1783334485343152503,1783334485343435699,1783334485343435699,1783334485343314401,1783334485343619524,1783334485343619524,0,1,1.000000000000,1.000000000000,1.000000000000,0.723397800480,0.392962142999,3,4
1480,466508,466508,466508,184003,163645,1783334485343275613,1783334485343558118,1783334485343558118,1783334485343439258,1783334485343742121,1783334485343742121,1,3,1.000000000000,1.000000000000,1.000000000000,0.720874659060,0.393365529059,3,4
1481,474145,474145,474145,187893,163671,1783334485343393054,1783334485343679306,1783334485343679306,1783334485343556725,1783334485343867199,1783334485343867199,0,3,1.000000000000,1.000000000000,1.000000000000,0.720837174552,0.387402916362,3,4
1482,472132,472132,472132,187942,162639,1783334485343512355,1783334485343796545,1783334485343796545,1783334485343674994,1783334485343984487,1783334485343984487,0,1,1.000000000000,1.000000000000,1.000000000000,0.722326518955,0.388965744365,3,4
1483,472499,472499,472499,188050,163605,1783334485343631615,1783334485343916064,1783334485343916064,1783334485343795220,1783334485344104114,1783334485344104114,2,0,1.000000000000,1.000000000000,1.000000000000,0.720932331339,0.388680348262,3,4
1484,468845,468845,468845,184499,161702,1783334485343750507,1783334485344034853,1783334485344034853,1783334485343912209,1783334485344219352,1783334485344219352,2,3,1.000000000000,1.000000000000,1.000000000000,0.723681428005,0.391531228676,3,4
1485,471301,471301,471301,185517,165687,1783334485343870728,1783334485344156512,1783334485344156512,1783334485344036415,1783334485344342029,1783334485344342029,3,1,1.000000000000,1.000000000000,1.000000000000,0.717936610531,0.389612742939,3,4
1486,472969,472969,472969,185217,161186,1783334485343990038,1783334485344277790,1783334485344277790,1783334485344151224,1783334485344463007,1783334485344463007,0,0,1.000000000000,1.000000000000,1.000000000000,0.724428652740,0.388315160399,3,4
1487,478767,478767,478767,189297,161922,1783334485344112169,1783334485344401639,1783334485344401639,1783334485344274091,1783334485344590936,1783334485344590936,2,2,1.000000000000,1.000000000000,1.000000000000,0.723363078219,0.383838265005,3,4
1488,476203,476203,476203,188544,167180,1783334485344228959,1783334485344516618,1783334485344516618,1783334485344396139,1783334485344705162,1783334485344705162,3,1,1.000000000000,1.000000000000,1.000000000000,0.715796049260,0.385811643045,3,4
1489,484210,484210,484210,188374,165707,1783334485344354110,1783334485344649946,1783334485344649946,1783334485344519817,1783334485344838320,1783334485344838320,0,2,1.000000000000,1.000000000000,1.000000000000,0.717907893641,0.379682462724,3,4
1490,475298,475298,475298,186704,161853,1783334485344474151,1783334485344762745,1783334485344762745,1783334485344636004,1783334485344949449,1783334485344949449,3,3,1.000000000000,1.000000000000,1.000000000000,0.723462909212,0.386510594479,3,4
1491,477393,477393,477393,189791,162610,1783334485344592902,1783334485344880504,1783334485344880504,1783334485344755512,1783334485345070295,1783334485345070295,0,1,1.000000000000,1.000000000000,1.000000000000,0.722368415108,0.384894503164,3,4
1492,476921,476921,476921,188671,161196,1783334485344711603,1783334485344999853,1783334485344999853,1783334485344872799,1783334485345188524,1783334485345188524,0,3,1.000000000000,1.000000000000,1.000000000000,0.724414164312,0.385258015126,3,4
1493,478447,478447,478447,190310,157044,1783334485344831864,1783334485345120001,1783334485345120001,1783334485344988908,1783334485345310311,1783334485345310311,1,1,1.000000000000,1.000000000000,1.000000000000,0.730454745313,0.384084000122,3,4
1494,475575,475575,475575,187879,161241,1783334485344950784,1783334485345238480,1783334485345238480,1783334485345112025,1783334485345426359,1783334485345426359,0,2,1.000000000000,1.000000000000,1.000000000000,0.724348969971,0.386296526912,3,4
1495,478012,478012,478012,190768,159738,1783334485345068485,1783334485345355729,1783334485345355729,1783334485345228223,1783334485345546497,1783334485345546497,2,1,1.000000000000,1.000000000000,1.000000000000,0.726529638878,0.384418298600,3,4
1496,475539,475539,475539,184567,160854,1783334485345185336,1783334485345476308,1783334485345476308,1783334485345346190,1783334485345660875,1783334485345660875,3,3,1.000000000000,1.000000000000,1.000000000000,0.724909833100,0.386324341263,3,4
1497,483985,483985,483985,188855,161002,1783334485345308156,1783334485345603286,1783334485345603286,1783334485345469158,1783334485345792141,1783334485345792141,0,2,1.000000000000,1.000000000000,1.000000000000,0.724695291543,0.379853358281,3,4
1498,472453,472453,472453,185055,161399,1783334485345425677,1783334485345713075,1783334485345713075,1783334485345587076,1783334485345898130,1783334485345898130,3,2,1.000000000000,1.000000000000,1.000000000000,0.724120111858,0.388716108499,3,4
1499,478638,478638,478638,190082,162004,1783334485345545899,1783334485345834455,1783334485345834455,1783334485345707903,1783334485346024537,1783334485346024537,3,3,1.000000000000,1.000000000000,1.000000000000,0.723244456401,0.383937308054,3,4
1500,476536,476536,476536,186211,161571,1783334485345666649,1783334485345956974,1783334485345956974,1783334485345828220,1783334485346143185,1783334485346143185,3,1,1.000000000000,1.000000000000,1.000000000000,0.723871057379,0.385554778036,3,4
1501,476062,476062,476062,187950,161288,1783334485345785790,1783334485346073902,1783334485346073902,1783334485345947078,1783334485346261852,1783334485346261852,2,1,1.000000000000,1.000000000000,1.000000000000,0.724280884368,0.385920457270,3,4
1502,477140,477140,477140,188170,160875,1783334485345907881,1783334485346196851,1783334485346196851,1783334485346068756,1783334485346385021,1783334485346385021,2,0,1.000000000000,1.000000000000,1.000000000000,0.724879387526,0.385089309064,3,4
1503,486987,486987,486987,191378,171302,1783334485346025091,1783334485346320700,1783334485346320700,1783334485346196393,1783334485346512078,1783334485346512078,2,1,1.000000000000,1.000000000000,1.000000000000,0.709919283941,0.377579551516,3,4
1504,473733,473733,473733,185926,161310,1783334485346137772,1783334485346425579,1783334485346425579,1783334485346299082,1783334485346611505,1783334485346611505,1,3,1.000000000000,1.000000000000,1.000000000000,0.724249016710,0.387722267920,3,4
1505,475100,475100,475100,185536,165717,1783334485346256383,1783334485346545947,1783334485346545947,1783334485346422100,1783334485346731483,1783334485346731483,3,3,1.000000000000,1.000000000000,1.000000000000,0.717893535627,0.386663682984,3,4
1506,476506,476506,476506,187544,162003,1783334485346381394,1783334485346670356,1783334485346670356,1783334485346543397,1783334485346857900,1783334485346857900,0,0,1.000000000000,1.000000000000,1.000000000000,0.723245902891,0.385577912017,3,4
1507,474983,474983,474983,185903,161349,1783334485346501935,1783334485346791015,1783334485346791015,1783334485346663284,1783334485346976918,1783334485346976918,0,1,1.000000000000,1.000000000000,1.000000000000,0.724192527490,0.386754172873,3,4
1508,475580,475580,475580,187632,163877,1783334485346620376,1783334485346908324,1783334485346908324,1783334485346784253,1783334485347095956,1783334485347095956,2,2,1.000000000000,1.000000000000,1.000000000000,0.720540250807,0.386292663966,3,4
1509,476038,476038,476038,187262,161664,1783334485346738786,1783334485347027562,1783334485347027562,1783334485346900450,1783334485347214824,1783334485347214824,0,1,1.000000000000,1.000000000000,1.000000000000,0.723736429883,0.385938981897,3,4
1510,473444,473444,473444,186270,164461,1783334485346857527,1783334485347144701,1783334485347144701,1783334485347021988,1783334485347330971,1783334485347330971,2,1,1.000000000000,1.000000000000,1.000000000000,0.719699151092,0.387946436169,3,4
1511,478452,478452,478452,188620,161278,1783334485346974948,1783334485347264780,1783334485347264780,1783334485347136226,1783334485347453400,1783334485347453400,0,2,1.000000000000,1.000000000000,1.000000000000,0.724295370130,0.384080159301,3,4
1512,476018,476018,476018,188057,162685,1783334485347092308,1783334485347380269,1783334485347380269,1783334485347254993,1783334485347568326,1783334485347568326,0,1,1.000000000000,1.000000000000,1.000000000000,0.722260067972,0.385954419765,3,4
1513,473746,473746,473746,187378,160672,1783334485347214149,1783334485347500517,1783334485347500517,1783334485347374821,1783334485347687895,1783334485347687895,3,1,1.000000000000,1.000000000000,1.000000000000,0.725173748309,0.387712187272,3,4
1514,482652,482652,482652,191947,162698,1783334485347331521,1783334485347622226,1783334485347622226,1783334485347494219,1783334485347814173,1783334485347814173,1,2,1.000000000000,1.000000000000,1.000000000000,0.722241289454,0.380867398449,3,4
1515,474199,474199,474199,185935,161455,1783334485347450171,1783334485347738435,1783334485347738435,1783334485347611626,1783334485347924370,1783334485347924370,1,2,1.000000000000,1.000000000000,1.000000000000,0.724039014947,0.387361079106,3,4
1516,488036,488036,488036,199914,161542,1783334485347572492,1783334485347860614,1783334485347860614,1783334485347734034,1783334485348060528,1783334485348060528,1,0,1.000000000000,1.000000000000,1.000000000000,0.723913043118,0.376788220014,3,4
1517,480893,480893,480893,193293,161819,1783334485347694902,1783334485347982502,1783334485347982502,1783334485347856721,1783334485348175795,1783334485348175795,2,3,1.000000000000,1.000000000000,1.000000000000,0.723512106362,0.382209649592,3,4
1518,500349,500349,500349,207131,163206,1783334485347813803,1783334485348107021,1783334485348107021,1783334485347977009,1783334485348314152,1783334485348314152,2,3,1.000000000000,1.000000000000,1.000000000000,0.721507864947,0.367622750917,3,4
1519,480116,480116,480116,191420,161793,1783334485347931734,1783334485348220430,1783334485348220430,1783334485348093527,1783334485348411850,1783334485348411850,2,0,1.000000000000,1.000000000000,1.000000000000,0.723549729970,0.382804065129,3,4
1520,485563,485563,485563,196258,162150,1783334485348049324,1783334485348338629,1783334485348338629,1783334485348211474,1783334485348534887,1783334485348534887,1,2,1.000000000000,1.000000000000,1.000000000000,0.723033299850,0.378656430827,3,4
1521,486029,486029,486029,199018,162986,1783334485348170636,1783334485348457647,1783334485348457647,1783334485348333622,1783334485348656665,1783334485348656665,1,0,1.000000000000,1.000000000000,1.000000000000,0.721825398260,0.378303687438,3,4
1522,505946,505946,505946,208647,162362,1783334485348288467,1783334485348585766,1783334485348585766,1783334485348450829,1783334485348794413,1783334485348794413,1,3,1.000000000000,1.000000000000,1.000000000000,0.722726798714,0.363530528742,3,4
1523,491923,491923,491923,202815,161861,1783334485348412557,1783334485348701665,1783334485348701665,1783334485348574418,1783334485348904480,1783334485348904480,0,2,1.000000000000,1.000000000000,1.000000000000,0.723451333898,0.373870424558,3,4
1524,497481,497481,497481,209295,161767,1783334485348533508,1783334485348821694,1783334485348821694,1783334485348695275,1783334485349030989,1783334485349030989,3,0,1.000000000000,1.000000000000,1.000000000000,0.723587355534,0.369737494302,3,4
1525,500086,500086,500086,208332,161224,1783334485348653389,1783334485348945143,1783334485348945143,1783334485348814613,1783334485349153475,1783334485349153475,0,0,1.000000000000,1.000000000000,1.000000000000,0.724373598255,0.367816171349,3,4
1526,492854,492854,492854,205161,163481,1783334485348773779,1783334485349061472,1783334485349061472,1783334485348937260,1783334485349266633,1783334485349266633,3,2,1.000000000000,1.000000000000,1.000000000000,0.721111144729,0.373174925538,3,4
1527,498721,498721,498721,211610,162198,1783334485348896090,1783334485349183201,1783334485349183201,1783334485349058288,1783334485349394811,1783334485349394811,1,1,1.000000000000,1.000000000000,1.000000000000,0.722963891985,0.368821681393,3,4
1528,502277,502277,502277,211468,164935,1783334485349013691,1783334485349304500,1783334485349304500,1783334485349178626,1783334485349515968,1783334485349515968,1,3,1.000000000000,1.000000000000,1.000000000000,0.719017199592,0.366207927123,3,4
1529,501104,501104,501104,212228,160322,1783334485349135942,1783334485349424818,1783334485349424818,1783334485349296264,1783334485349637046,1783334485349637046,3,1,1.000000000000,1.000000000000,1.000000000000,0.725681547642,0.367068059460,3,4
1530,498122,498122,498122,208188,162617,1783334485349253973,1783334485349543907,1783334485349543907,1783334485349416590,1783334485349752095,1783334485349752095,1,0,1.000000000000,1.000000000000,1.000000000000,0.722358302021,0.369263794541,3,4
1531,510148,510148,510148,212566,171844,1783334485349375264,1783334485349672846,1783334485349672846,1783334485349547108,1783334485349885412,1783334485349885412,3,3,1.000000000000,1.000000000000,1.000000000000,0.709150148384,0.360488219866,3,4
1532,497795,497795,497795,210254,161042,1783334485349489764,1783334485349777305,1783334485349777305,1783334485349650806,1783334485349987559,1783334485349987559,3,3,1.000000000000,1.000000000000,1.000000000000,0.724637318239,0.369505372049,3,4
1533,501373,501373,501373,211605,160999,1783334485349608775,1783334485349898543,1783334485349898543,1783334485349769774,1783334485350110148,1783334485350110148,3,0,1.000000000000,1.000000000000,1.000000000000,0.724699639728,0.366870629958,3,4
1534,505839,505839,505839,215113,164846,1783334485349729106,1783334485350019832,1783334485350019832,1783334485349893952,1783334485350234945,1783334485350234945,3,3,1.000000000000,1.000000000000,1.000000000000,0.719145196045,0.363608332600,3,4
1535,473036,473036,473036,185551,163254,1783334485349853036,1783334485350140521,1783334485350140521,1783334485350016290,1783334485350326072,1783334485350326072,1,3,1.000000000000,1.000000000000,1.000000000000,0.721438603517,0.388263129654,3,4
1536,479743,479743,479743,187231,160578,1783334485349971858,1783334485350264370,1783334485350264370,1783334485350132436,1783334485350451601,1783334485350451601,0,2,1.000000000000,1.000000000000,1.000000000000,0.725310093789,0.383089743507,3,4
1537,478410,478410,478410,187931,166156,1783334485350091589,1783334485350382068,1783334485350382068,1783334485350257745,1783334485350569999,1783334485350569999,2,3,1.000000000000,1.000000000000,1.000000000000,0.717263501728,0.384112423389,3,4
1538,476737,476737,476737,188449,162203,1783334485350215519,1783334485350503807,1783334485350503807,1783334485350377722,1783334485350692256,1783334485350692256,3,2,1.000000000000,1.000000000000,1.000000000000,0.722956662382,0.385399816165,3,4
1539,476724,476724,476724,187438,165070,1783334485350337030,1783334485350626316,1783334485350626316,1783334485350502100,1783334485350813754,1783334485350813754,3,1,1.000000000000,1.000000000000,1.000000000000,0.718823091154,0.385409836690,3,4
1540,475690,475690,475690,185646,162236,1783334485350459651,1783334485350749695,1783334485350749695,1783334485350621887,1783334485350935341,1783334485350935341,1,1,1.000000000000,1.000000000000,1.000000000000,0.722908948817,0.386207688928,3,4
1541,479418,479418,479418,191846,162113,1783334485350578811,1783334485350866383,1783334485350866383,1783334485350740924,1783334485351058229,1783334485351058229,1,0,1.000000000000,1.000000000000,1.000000000000,0.723086806294,0.383338832785,3,4
1542,475695,475695,475695,187645,164021,1783334485350697412,1783334485350985462,1783334485350985462,1783334485350861433,1783334485351173107,1783334485351173107,2,3,1.000000000000,1.000000000000,1.000000000000,0.720332765094,0.386203826870,3,4
1543,476422,476422,476422,189124,156748,1783334485350817623,1783334485351104921,1783334485351104921,1783334485350974371,1783334485351294045,1783334485351294045,3,0,1.000000000000,1.000000000000,1.000000000000,0.730887302547,0.385642694548,3,4
1544,478717,478717,478717,188111,161174,1783334485350935274,1783334485351225880,1783334485351225880,1783334485351096448,1783334485351413991,1783334485351413991,3,0,1.000000000000,1.000000000000,1.000000000000,0.724446039237,0.383876650751,3,4
1545,476334,476334,476334,188230,163600,1783334485351053275,1783334485351341379,1783334485351341379,1783334485351216875,1783334485351529609,1783334485351529609,1,2,1.000000000000,1.000000000000,1.000000000000,0.720939540699,0.385710573635,3,4
1546,475071,475071,475071,186840,162008,1783334485351170416,1783334485351458647,1783334485351458647,1783334485351332424,1783334485351645487,1783334485351645487,2,0,1.000000000000,1.000000000000,1.000000000000,0.723238670469,0.386686110128,3,4
1547,486439,486439,486439,189699,161825,1783334485351290816,1783334485351587556,1783334485351587556,1783334485351452641,1783334485351777255,1783334485351777255,0,3,1.000000000000,1.000000000000,1.000000000000,0.723503424269,0.377993605565,3,4
1548,476215,476215,476215,187367,161681,1783334485351411007,1783334485351699855,1783334485351699855,1783334485351572688,1783334485351887222,1783334485351887222,3,0,1.000000000000,1.000000000000,1.000000000000,0.723711823263,0.385802383677,3,4
1549,477002,477002,477002,186906,161668,1783334485351531118,1783334485351821214,1783334485351821214,1783334485351692786,1783334485352008120,1783334485352008120,2,1,1.000000000000,1.000000000000,1.000000000000,0.723730640015,0.385195608382,3,4
1550,479089,479089,479089,186394,161375,1783334485351651368,1783334485351944063,1783334485351944063,1783334485351812743,1783334485352130457,1783334485352130457,0,1,1.000000000000,1.000000000000,1.000000000000,0.724154870458,0.383591152741,3,4
1551,474195,474195,474195,185533,160352,1783334485351770400,1783334485352059062,1783334485352059062,1783334485351930752,1783334485352244595,1783334485352244595,1,0,1.000000000000,1.000000000000,1.000000000000,0.725638008055,0.387364178007,3,4
1552,473713,473713,473713,185962,162379,1783334485351887980,1783334485352175731,1783334485352175731,1783334485352050359,1783334485352361693,1783334485352361693,3,3,1.000000000000,1.000000000000,1.000000000000,0.722702226420,0.387737777121,3,4
1553,504810,504810,504810,186382,163565,1783334485352006151,1783334485352324579,1783334485352324579,1783334485352169716,1783334485352510961,1783334485352510961,2,1,1.000000000000,1.000000000000,1.000000000000,0.720990008233,0.364357409084,3,4
1554,477456,477456,477456,186160,162362,1783334485352144072,1783334485352435368,1783334485352435368,1783334485352306434,1783334485352621528,1783334485352621528,2,2,1.000000000000,1.000000000000,1.000000000000,0.722726798714,0.384846009512,3,4
1555,477023,477023,477023,185539,162958,1783334485352263653,1783334485352555137,1783334485352555137,1783334485352426611,1783334485352740676,1783334485352740676,1,2,1.000000000000,1.000000000000,1.000000000000,0.721865821614,0.385179430506,3,4
1556,476100,476100,476100,186207,162597,1783334485352383423,1783334485352673316,1783334485352673316,1783334485352546020,1783334485352859523,1783334485352859523,3,3,1.000000000000,1.000000000000,1.000000000000,0.722387196931,0.385891128430,3,4
1557,474168,474168,474168,184968,161614,1783334485352506564,1783334485352795764,1783334485352795764,1783334485352668178,1783334485352980732,1783334485352980732,0,3,1.000000000000,1.000000000000,1.000000000000,0.723808807145,0.387385096237,3,4
1558,480124,480124,480124,189376,162990,1783334485352626925,1783334485352917673,1783334485352917673,1783334485352789915,1783334485353107049,1783334485353107049,1,2,1.000000000000,1.000000000000,1.000000000000,0.721819623680,0.382797940313,3,4
1559,479541,479541,479541,185595,172327,1783334485352747226,1783334485353041172,1783334485353041172,1783334485352919553,1783334485353226767,1783334485353226767,1,1,1.000000000000,1.000000000000,1.000000000000,0.708465440108,0.383244543030,3,4
1560,475117,475117,475117,188143,162154,1783334485352860417,1783334485353147391,1783334485353147391,1783334485353022571,1783334485353335534,1783334485353335534,0,0,1.000000000000,1.000000000000,1.000000000000,0.723027515607,0.386650536642,3,4
1561,476855,476855,476855,190023,160721,1783334485352978027,1783334485353264859,1783334485353264859,1783334485353138748,1783334485353454882,1783334485353454882,2,0,1.000000000000,1.000000000000,1.000000000000,0.725102684764,0.385308872540,3,4
1562,478141,478141,478141,188301,162978,1783334485353095488,1783334485353385328,1783334485353385328,1783334485353258466,1783334485353573629,1783334485353573629,0,2,1.000000000000,1.000000000000,1.000000000000,0.721836947559,0.384319131473,3,4
1563,475039,475039,475039,185941,161914,1783334485353216119,1783334485353505217,1783334485353505217,1783334485353378033,1783334485353691158,1783334485353691158,3,0,1.000000000000,1.000000000000,1.000000000000,0.723374652120,0.386710858831,3,4
1564,477395,477395,477395,187578,162012,1783334485353339649,1783334485353629466,1783334485353629466,1783334485353501661,1783334485353817044,1783334485353817044,0,0,1.000000000000,1.000000000000,1.000000000000,0.723232884582,0.384892963589,3,4
1565,474223,474223,474223,186199,162109,1783334485353463450,1783334485353751474,1783334485353751474,1783334485353625559,1783334485353937673,1783334485353937673,2,3,1.000000000000,1.000000000000,1.000000000000,0.723092591012,0.387342486220,3,4
1566,485057,485057,485057,189896,169183,1783334485353599622,1783334485353894783,1783334485353894783,1783334485353768805,1783334485354084679,1783334485354084679,2,2,1.000000000000,1.000000000000,1.000000000000,0.712934306185,0.379039825100,3,4
1567,475435,475435,475435,187646,162190,1783334485353723093,1783334485354010882,1783334485354010882,1783334485353885283,1783334485354198528,1783334485354198528,0,0,1.000000000000,1.000000000000,1.000000000000,0.722975459500,0.386404705084,3,4
1568,476412,476412,476412,188695,161648,1783334485353840333,1783334485354128050,1783334485354128050,1783334485354001981,1783334485354316745,1783334485354316745,3,0,1.000000000000,1.000000000000,1.000000000000,0.723759589820,0.385650407479,3,4
1569,475979,475979,475979,186304,164305,1783334485353963264,1783334485354252939,1783334485354252939,1783334485354127569,1783334485354439243,1783334485354439243,2,0,1.000000000000,1.000000000000,1.000000000000,0.719923732260,0.385984525384,3,4
1570,474855,474855,474855,187742,160212,1783334485354080935,1783334485354368048,1783334485354368048,1783334485354241147,1783334485354555790,1783334485354555790,0,2,1.000000000000,1.000000000000,1.000000000000,0.725841215145,0.386853194615,3,4
1571,474853,474853,474853,186571,161100,1783334485354198085,1783334485354486367,1783334485354486367,1783334485354359185,1783334485354672938,1783334485354672938,3,0,1.000000000000,1.000000000000,1.000000000000,0.724553265185,0.386854742031,3,4
1572,495989,495989,495989,189800,161415,1783334485354318576,1783334485354624765,1783334485354624765,1783334485354479991,1783334485354814565,1783334485354814565,3,0,1.000000000000,1.000000000000,1.000000000000,0.724096940385,0.370842438742,3,4
1573,476927,476927,476927,186089,162193,1783334485354437096,1783334485354727934,1783334485354727934,1783334485354599289,1783334485354914023,1783334485354914023,3,0,1.000000000000,1.000000000000,1.000000000000,0.722971121660,0.385253392057,3,4
1574,476483,476483,476483,187057,161409,1783334485354564948,1783334485354854374,1783334485354854374,1783334485354726357,1783334485355041431,1783334485355041431,0,2,1.000000000000,1.000000000000,1.000000000000,0.724105629601,0.385595649009,3,4
1575,472439,472439,472439,185645,161656,1783334485354683659,1783334485354970453,1783334485354970453,1783334485354845315,1783334485355156098,1783334485355156098,1,3,1.000000000000,1.000000000000,1.000000000000,0.723748009759,0.388726992702,3,4
1576,469687,469687,469687,181785,161653,1783334485354801189,1783334485355089091,1783334485355089091,1783334485354962842,1783334485355270876,1783334485355270876,0,3,1.000000000000,1.000000000000,1.000000000000,0.723752352260,0.390872444938,3,4
1577,480164,480164,480164,190834,161070,1783334485354921580,1783334485355210910,1783334485355210910,1783334485355082650,1783334485355401744,1783334485355401744,2,0,1.000000000000,1.000000000000,1.000000000000,0.724596739685,0.382767317703,3,4
1578,477990,477990,477990,190002,161207,1783334485355039221,1783334485355327209,1783334485355327209,1783334485355200428,1783334485355517211,1783334485355517211,3,0,1.000000000000,1.000000000000,1.000000000000,0.724398227376,0.384435213378,3,4
1579,480099,480099,480099,190372,163234,1783334485355159581,1783334485355449308,1783334485355449308,1783334485355322815,1783334485355639680,1783334485355639680,3,2,1.000000000000,1.000000000000,1.000000000000,0.721467461638,0.382817080689,3,4
1580,484344,484344,484344,194340,162550,1783334485355280082,1783334485355570086,1783334485355570086,1783334485355442632,1783334485355764426,1783334485355764426,2,2,1.000000000000,1.000000000000,1.000000000000,0.722455104519,0.379580721458,3,4
1581,479970,479970,479970,188909,163787,1783334485355399214,1783334485355690275,1783334485355690275,1783334485355563001,1783334485355879184,1783334485355879184,0,2,1.000000000000,1.000000000000,1.000000000000,0.720669959725,0.382915860237,3,4
1582,478398,478398,478398,187148,161515,1783334485355518684,1783334485355809934,1783334485355809934,1783334485355680199,1783334485355997082,1783334485355997082,1,0,1.000000000000,1.000000000000,1.000000000000,0.723952135478,0.384121642198,3,4
1583,478295,478295,478295,189508,158730,1783334485355643015,1783334485355931802,1783334485355931802,1783334485355801745,1783334485356121310,1783334485356121310,0,1,1.000000000000,1.000000000000,1.000000000000,0.727995800024,0.384200779407,3,4
1584,475981,475981,475981,185956,162558,1783334485355760576,1783334485356050601,1783334485356050601,1783334485355923134,1783334485356236557,1783334485356236557,2,0,1.000000000000,1.000000000000,1.000000000000,0.722443545330,0.385982981449,3,4
1585,475629,475629,475629,188515,163355,1783334485355880926,1783334485356168040,1783334485356168040,1783334485356044281,1783334485356356555,1783334485356356555,1,3,1.000000000000,1.000000000000,1.000000000000,0.721292887637,0.386254809140,3,4
1586,498946,498946,498946,187605,162521,1783334485356010197,1783334485356321538,1783334485356321538,1783334485356172718,1783334485356509143,1783334485356509143,1,0,1.000000000000,1.000000000000,1.000000000000,0.722497008130,0.368655748974,3,4
1587,491491,491491,491491,188742,173629,1783334485356134118,1783334485356436867,1783334485356436867,1783334485356307747,1783334485356625609,1783334485356625609,3,2,1.000000000000,1.000000000000,1.000000000000,0.706622996005,0.374193588191,3,4
1588,470559,470559,470559,183821,165185,1783334485356247668,1783334485356534406,1783334485356534406,1783334485356412853,1783334485356718227,1783334485356718227,2,2,1.000000000000,1.000000000000,1.000000000000,0.718657780855,0.390191357475,3,4
1589,471106,471106,471106,186851,161772,1783334485356368090,1783334485356652345,1783334485356652345,1783334485356529862,1783334485356839196,1783334485356839196,2,1,1.000000000000,1.000000000000,1.000000000000,0.723580119697,0.389764721543,3,4
1590,470872,470872,470872,187509,161998,1783334485356488511,1783334485356771874,1783334485356771874,1783334485356650509,1783334485356959383,1783334485356959383,2,2,1.000000000000,1.000000000000,1.000000000000,0.723253135387,0.389947174123,3,4
1591,470030,470030,470030,187709,162776,1783334485356609061,1783334485356891382,1783334485356891382,1783334485356771837,1783334485357079091,1783334485357079091,3,3,1.000000000000,1.000000000000,1.000000000000,0.722128628601,0.390604398392,3,4
1592,471327,471327,471327,187458,162202,1783334485356726842,1783334485357010711,1783334485357010711,1783334485356889044,1783334485357198169,1783334485357198169,3,3,1.000000000000,1.000000000000,1.000000000000,0.722958108297,0.389592483603,3,4
1593,468374,468374,468374,186887,159989,1783334485356844733,1783334485357126220,1783334485357126220,1783334485357004722,1783334485357313107,1783334485357313107,1,0,1.000000000000,1.000000000000,1.000000000000,0.726165012528,0.391900224863,3,4
1594,469952,469952,469952,187186,161218,1783334485356962053,1783334485357244819,1783334485357244819,1783334485357123271,1783334485357432005,1783334485357432005,2,2,1.000000000000,1.000000000000,1.000000000000,0.724382290790,0.390665337431,3,4
1595,466938,466938,466938,184504,160844,1783334485357079564,1783334485357361998,1783334485357361998,1783334485357240408,1783334485357546502,1783334485357546502,0,1,1.000000000000,1.000000000000,1.000000000000,0.724924331441,0.393027380129,3,4
1596,470424,470424,470424,187614,163179,1783334485357199436,1783334485357482246,1783334485357482246,1783334485357362615,1783334485357669860,1783334485357669860,3,3,1.000000000000,1.000000000000,1.000000000000,0.721546827424,0.390296723365,3,4
1597,473660,473660,473660,185291,161418,1783334485357319826,1783334485357608195,1783334485357608195,1783334485357481244,1783334485357793486,1783334485357793486,2,0,1.000000000000,1.000000000000,1.000000000000,0.724092595817,0.387778879503,3,4
1598,479588,479588,479588,194031,162234,1783334485357438227,1783334485357723784,1783334485357723784,1783334485357600461,1783334485357917815,1783334485357917815,0,1,1.000000000000,1.000000000000,1.000000000000,0.722911840459,0.383208519736,3,4
1599,468225,468225,468225,184279,162571,1783334485357557128,1783334485357841074,1783334485357841074,1783334485357719699,1783334485358025353,1783334485358025353,3,1,1.000000000000,1.000000000000,1.000000000000,0.722424762042,0.392017028533,3,4
1600,468363,468363,468363,185739,158669,1783334485357674968,1783334485357957592,1783334485357957592,1783334485357833637,1783334485358143331,1783334485358143331,0,1,1.000000000000,1.000000000000,1.000000000000,0.728084620929,0.391908846763,3,4
1601,469709,469709,469709,184437,165515,1783334485357797379,1783334485358082651,1783334485358082651,1783334485357962894,1783334485358267088,1783334485358267088,3,2,1.000000000000,1.000000000000,1.000000000000,0.718183623209,0.390855246929,3,4
1602,475466,475466,475466,193976,159901,1783334485357917720,1783334485358199210,1783334485358199210,1783334485358077621,1783334485358393186,1783334485358393186,1,2,1.000000000000,1.000000000000,1.000000000000,0.726292828818,0.386380748735,3,4
1603,468154,468154,468154,186795,160100,1783334485358034810,1783334485358316169,1783334485358316169,1783334485358194910,1783334485358502964,1783334485358502964,3,2,1.000000000000,1.000000000000,1.000000000000,0.726003821788,0.392072698904,3,4
1604,476008,476008,476008,189013,161965,1783334485358156142,1783334485358443137,1783334485358443137,1783334485358318107,1783334485358632150,1783334485358632150,0,1,1.000000000000,1.000000000000,1.000000000000,0.723300871669,0.385962138931,3,4
1605,474016,474016,474016,189152,162573,1783334485358276712,1783334485358561576,1783334485358561576,1783334485358439285,1783334485358750728,1783334485358750728,1,2,1.000000000000,1.000000000000,1.000000000000,0.722421872349,0.387502879209,3,4
1606,475032,475032,475032,189140,161919,1783334485358397313,1783334485358683205,1783334485358683205,1783334485358559232,1783334485358872345,1783334485358872345,0,3,1.000000000000,1.000000000000,1.000000000000,0.723367418410,0.386716272821,3,4
1607,474130,474130,474130,189710,162225,1783334485358520104,1783334485358804524,1783334485358804524,1783334485358682329,1783334485358994234,1783334485358994234,2,1,1.000000000000,1.000000000000,1.000000000000,0.722924852989,0.387414538624,3,4
1608,480908,480908,480908,191620,161174,1783334485358639464,1783334485358928752,1783334485358928752,1783334485358800638,1783334485359120372,1783334485359120372,2,2,1.000000000000,1.000000000000,1.000000000000,0.724446039237,0.382198183475,3,4
1609,471203,471203,471203,187137,162149,1783334485358759715,1783334485359043781,1783334485359043781,1783334485358921864,1783334485359230918,1783334485359230918,0,1,1.000000000000,1.000000000000,1.000000000000,0.723034745918,0.389689114521,3,4
1610,472610,472610,472610,188846,160347,1783334485358878606,1783334485359162370,1783334485359162370,1783334485359038953,1783334485359351216,1783334485359351216,3,1,1.000000000000,1.000000000000,1.000000000000,0.725645264471,0.388594070802,3,4
1611,468028,468028,468028,184946,160643,1783334485358996457,1783334485359279539,1783334485359279539,1783334485359157100,1783334485359464485,1783334485359464485,1,1,1.000000000000,1.000000000000,1.000000000000,0.725215809606,0.392171513674,3,4
1612,470374,470374,470374,185915,160710,1783334485359114128,1783334485359398587,1783334485359398587,1783334485359274838,1783334485359584502,1783334485359584502,1,0,1.000000000000,1.000000000000,1.000000000000,0.725118637198,0.390335754989,3,4
1613,469650,469650,469650,185263,165907,1783334485359239899,1783334485359524286,1783334485359524286,1783334485359405806,1783334485359709549,1783334485359709549,2,1,1.000000000000,1.000000000000,1.000000000000,0.717620787908,0.390901370569,3,4
1614,474749,474749,474749,184933,162104,1783334485359360569,1783334485359650385,1783334485359650385,1783334485359522673,1783334485359835318,1783334485359835318,3,1,1.000000000000,1.000000000000,1.000000000000,0.723099821974,0.386935216187,3,4
1615,484715,484715,484715,192011,173190,1783334485359480880,1783334485359773584,1783334485359773584,1783334485359654070,1783334485359965595,1783334485359965595,3,3,1.000000000000,1.000000000000,1.000000000000,0.707243683437,0.379299177029,3,4
1616,471171,471171,471171,186360,163988,1783334485359594871,1783334485359879682,1783334485359879682,1783334485359758859,1783334485360066042,1783334485360066042,2,0,1.000000000000,1.000000000000,1.000000000000,0.720380308625,0.389714055422,3,4
1617,472180,472180,472180,188870,162466,1783334485359715011,1783334485359998321,1783334485359998321,1783334485359877477,1783334485360187191,1783334485360187191,0,1,1.000000000000,1.000000000000,1.000000000000,0.722576487173,0.388928405446,3,4
1618,469175,469175,469175,186897,159941,1783334485359837602,1783334485360119880,1783334485360119880,1783334485359997543,1783334485360306777,1783334485360306777,2,0,1.000000000000,1.000000000000,1.000000000000,0.726234727716,0.391272903322,3,4
1619,475553,475553,475553,187647,161948,1783334485359954953,1783334485360242859,1783334485360242859,1783334485360116901,1783334485360430506,1783334485360430506,3,1,1.000000000000,1.000000000000,1.000000000000,0.723325464317,0.386313524333,3,4
1620,477788,477788,477788,188185,161386,1783334485360078164,1783334485360367767,1783334485360367767,1783334485360239550,1783334485360555952,1783334485360555952,0,3,1.000000000000,1.000000000000,1.000000000000,0.724138939226,0.384590556581,3,4
1621,478026,478026,478026,187885,162072,1783334485360198315,1783334485360488456,1783334485360488456,1783334485360360387,1783334485360676341,1783334485360676341,3,0,1.000000000000,1.000000000000,1.000000000000,0.723146101843,0.384407535039,3,4
1622,479694,479694,479694,189084,163080,1783334485360324225,1783334485360614835,1783334485360614835,1783334485360487305,1783334485360803919,1783334485360803919,2,1,1.000000000000,1.000000000000,1.000000000000,0.721689707840,0.383127288141,3,4
1623,487750,487750,487750,194402,162185,1783334485360444626,1783334485360737974,1783334485360737974,1783334485360606811,1783334485360932376,1783334485360932376,2,1,1.000000000000,1.000000000000,1.000000000000,0.722982689291,0.377003804528,3,4
1624,475487,475487,475487,187131,162433,1783334485360565247,1783334485360853603,1783334485360853603,1783334485360727680,1783334485361040734,1783334485361040734,2,1,1.000000000000,1.000000000000,1.000000000000,0.722624178795,0.386364521084,3,4
1625,470084,470084,470084,180759,162341,1783334485360688457,1783334485360977782,1783334485360977782,1783334485360850798,1783334485361158541,1783334485361158541,0,1,1.000000000000,1.000000000000,1.000000000000,0.722757153877,0.390562215394,3,4
1626,477290,477290,477290,188848,161036,1783334485360808339,1783334485361096781,1783334485361096781,1783334485360969375,1783334485361285629,1783334485361285629,3,1,1.000000000000,1.000000000000,1.000000000000,0.724646013939,0.384973799599,3,4
1627,481507,481507,481507,192717,161653,1783334485360925940,1783334485361214730,1783334485361214730,1783334485361087593,1783334485361407447,1783334485361407447,3,0,1.000000000000,1.000000000000,1.000000000000,0.723752352260,0.381740584208,3,4
1628,473915,473915,473915,186837,161650,1783334485361044630,1783334485361331708,1783334485361331708,1783334485361206280,1783334485361518545,1783334485361518545,1,2,1.000000000000,1.000000000000,1.000000000000,0.723756694787,0.387581162697,3,4
1629,473690,473690,473690,185574,161756,1783334485361166261,1783334485361454377,1783334485361454377,1783334485361328017,1783334485361639951,1783334485361639951,1,0,1.000000000000,1.000000000000,1.000000000000,0.723603274631,0.387755613468,3,4
1630,486798,486798,486798,189384,164164,1783334485361285442,1783334485361582856,1783334485361582856,1783334485361449606,1783334485361772240,1783334485361772240,1,1,1.000000000000,1.000000000000,1.000000000000,0.720126779380,0.377722303565,3,4
1631,483145,483145,483145,187853,159921,1783334485361406152,1783334485361701444,1783334485361701444,1783334485361566073,1783334485361889297,1783334485361889297,1,0,1.000000000000,1.000000000000,1.000000000000,0.726263777686,0.380492048272,3,4
1632,477991,477991,477991,188961,162268,1783334485361523373,1783334485361812403,1783334485361812403,1783334485361685641,1783334485362001364,1783334485362001364,1,0,1.000000000000,1.000000000000,1.000000000000,0.722862684125,0.384434444508,3,4
1633,478548,478548,478548,187840,167825,1783334485361644034,1783334485361934742,1783334485361934742,1783334485361811859,1783334485362122582,1783334485362122582,2,0,1.000000000000,1.000000000000,1.000000000000,0.714873267679,0.384006422989,3,4
1634,476825,476825,476825,187799,161791,1783334485361759695,1783334485362048721,1783334485362048721,1783334485361921486,1783334485362236520,1783334485362236520,0,1,1.000000000000,1.000000000000,1.000000000000,0.723552624175,0.385331991766,3,4
1635,477582,477582,477582,189178,161548,1783334485361877526,1783334485362165930,1783334485362165930,1783334485362039074,1783334485362355108,1783334485362355108,3,3,1.000000000000,1.000000000000,1.000000000000,0.723904356214,0.384749040536,3,4
1636,479800,479800,479800,193048,160826,1783334485361998586,1783334485362285338,1783334485362285338,1783334485362159412,1783334485362478386,1783334485362478386,1,3,1.000000000000,1.000000000000,1.000000000000,0.724950429187,0.383046073765,3,4
1637,477456,477456,477456,186176,162162,1783334485362116177,1783334485362407457,1783334485362407457,1783334485362278339,1783334485362593633,1783334485362593633,0,1,1.000000000000,1.000000000000,1.000000000000,0.723015947259,0.384846009512,3,4
1638,476562,476562,476562,187484,165779,1783334485362235208,1783334485362524286,1783334485362524286,1783334485362400987,1783334485362711770,1783334485362711770,0,3,1.000000000000,1.000000000000,1.000000000000,0.717804522347,0.385534729709,3,4
1639,478470,478470,478470,189184,162356,1783334485362358158,1783334485362647444,1783334485362647444,1783334485362520514,1783334485362836628,1783334485362836628,1,1,1.000000000000,1.000000000000,1.000000000000,0.722735471487,0.384066332664,3,4
1640,476377,476377,476377,188313,164434,1783334485362480849,1783334485362768913,1783334485362768913,1783334485362645283,1783334485362957226,1783334485362957226,2,3,1.000000000000,1.000000000000,1.000000000000,0.719738015895,0.385677403952,3,4
1641,476633,476633,476633,187122,163439,1783334485362594401,1783334485362883912,1783334485362883912,1783334485362757840,1783334485363071034,1783334485363071034,1,3,1.000000000000,1.000000000000,1.000000000000,0.721171720610,0.385479987664,3,4
1642,474321,474321,474321,186211,160347,1783334485362712971,1783334485363001081,1783334485363001081,1783334485362873318,1783334485363187292,1783334485363187292,1,1,1.000000000000,1.000000000000,1.000000000000,0.725645264471,0.387266574533,3,4
1643,486027,486027,486027,190360,174083,1783334485362830742,1783334485363126409,1783334485363126409,1783334485363004825,1783334485363316769,1783334485363316769,1,1,1.000000000000,1.000000000000,1.000000000000,0.705981673529,0.378305200656,3,4
1644,472365,472365,472365,185950,160200,1783334485362944223,1783334485363230638,1783334485363230638,1783334485363104423,1783334485363416588,1783334485363416588,2,2,1.000000000000,1.000000000000,1.000000000000,0.725858635543,0.388784528555,3,4
1645,476932,476932,476932,188288,157407,1783334485363061893,1783334485363350537,1783334485363350537,1783334485363219300,1783334485363538825,1783334485363538825,1,0,1.000000000000,1.000000000000,1.000000000000,0.729924627624,0.385249539543,3,4
1646,476229,476229,476229,185597,160375,1783334485363178994,1783334485363469626,1783334485363469626,1783334485363339369,1783334485363655223,1783334485363655223,1,1,1.000000000000,1.000000000000,1.000000000000,0.725604629474,0.385791581361,3,4
1647,480944,480944,480944,189534,160771,1783334485363296705,1783334485363588115,1783334485363588115,1783334485363457476,1783334485363777649,1783334485363777649,3,1,1.000000000000,1.000000000000,1.000000000000,0.725030178120,0.382170666196,3,4
1648,477143,477143,477143,188105,160458,1783334485363414355,1783334485363703393,1783334485363703393,1783334485363574813,1783334485363891498,1783334485363891498,0,2,1.000000000000,1.000000000000,1.000000000000,0.725484189103,0.385086998535,3,4
1649,479549,479549,479549,188894,164655,1783334485363531767,1783334485363822422,1783334485363822422,1783334485363696422,1783334485364011316,1783334485364011316,2,1,1.000000000000,1.000000000000,1.000000000000,0.719419961987,0.383238411167,3,4
1650,474276,474276,474276,187292,160902,1783334485363652258,1783334485363939242,1783334485363939242,1783334485363813160,1783334485364126534,1783334485364126534,1,0,1.000000000000,1.000000000000,1.000000000000,0.724840245096,0.387301430093,3,4
1651,472392,472392,472392,184849,162778,1783334485363769488,1783334485364057031,1783334485364057031,1783334485363932266,1783334485364241880,1783334485364241880,2,0,1.000000000000,1.000000000000,1.000000000000,0.722125740092,0.388763534757,3,4
1652,476430,476430,476430,186430,162196,1783334485363892019,1783334485364182019,1783334485364182019,1783334485364054215,1783334485364368449,1783334485364368449,1,3,1.000000000000,1.000000000000,1.000000000000,0.722966783846,0.385636524314,3,4
1653,493907,493907,493907,195928,162514,1783334485364010459,1783334485364308438,1783334485364308438,1783334485364172973,1783334485364504366,1783334485364504366,0,1,1.000000000000,1.000000000000,1.000000000000,0.722507123159,0.372389846123,3,4
1654,476933,476933,476933,186646,162919,1783334485364134500,1783334485364424787,1783334485364424787,1783334485364297419,1783334485364611433,1783334485364611433,0,0,1.000000000000,1.000000000000,1.000000000000,0.721922129344,0.385248769044,3,4
1655,472821,472821,472821,186076,162767,1783334485364255101,1783334485364541846,1783334485364541846,1783334485364417868,1783334485364727922,1783334485364727922,3,2,1.000000000000,1.000000000000,1.000000000000,0.722141627033,0.388430118700,3,4
1656,481316,481316,481316,189945,163612,1783334485364380043,1783334485364671414,1783334485364671414,1783334485364543655,1783334485364861359,1783334485364861359,0,3,1.000000000000,1.000000000000,1.000000000000,0.720922238357,0.381886436967,3,4
1657,474754,474754,474754,186414,162409,1783334485364499183,1783334485364787523,1783334485364787523,1783334485364661592,1783334485364973937,1783334485364973937,3,0,1.000000000000,1.000000000000,1.000000000000,0.722658865588,0.386931346854,3,4
1658,476691,476691,476691,188873,162386,1783334485364620204,1783334485364908022,1783334485364908022,1783334485364782590,1783334485365096895,1783334485365096895,1,0,1.000000000000,1.000000000000,1.000000000000,0.722692108660,0.385435274579,3,4
1659,474777,474777,474777,186170,162715,1783334485364737404,1783334485365026011,1783334485365026011,1783334485364900119,1783334485365212181,1783334485365212181,3,0,1.000000000000,1.000000000000,1.000000000000,0.722216733668,0.386913548421,3,4
1660,476985,476985,476985,188791,161631,1783334485364854965,1783334485365143159,1783334485365143159,1783334485365016596,1783334485365331950,1783334485365331950,0,2,1.000000000000,1.000000000000,1.000000000000,0.723784198064,0.385208705256,3,4
1661,474461,474461,474461,187839,161338,1783334485364973736,1783334485365260358,1783334485365260358,1783334485365135074,1783334485365448197,1783334485365448197,1,0,1.000000000000,1.000000000000,1.000000000000,0.724208459901,0.387158155071,3,4
1662,478879,478879,478879,189018,162935,1783334485365091206,1783334485365381067,1783334485365381067,1783334485365254141,1783334485365570085,1783334485365570085,0,1,1.000000000000,1.000000000000,1.000000000000,0.721899028206,0.383752294863,3,4
1663,484885,484885,484885,193446,162031,1783334485365210847,1783334485365502286,1783334485365502286,1783334485365372878,1783334485365695732,1783334485365695732,1,2,1.000000000000,1.000000000000,1.000000000000,0.723205402255,0.379170237230,3,4
1664,482661,482661,482661,188346,162187,1783334485365329729,1783334485365624044,1783334485365624044,1783334485365491916,1783334485365812390,1783334485365812390,0,3,1.000000000000,1.000000000000,1.000000000000,0.722979797366,0.380860542898,3,4
1665,486798,486798,486798,198044,166485,1783334485365450329,1783334485365739083,1783334485365739083,1783334485365616814,1783334485365937127,1783334485365937127,0,2,1.000000000000,1.000000000000,1.000000000000,0.716791697584,0.377722303565,3,4
1666,475025,475025,475025,188333,161631,1783334485365573480,1783334485365860172,1783334485365860172,1783334485365735111,1783334485366048505,1783334485366048505,3,1,1.000000000000,1.000000000000,1.000000000000,0.723784198064,0.386721686887,3,4
1667,486972,486972,486972,196223,165399,1783334485365703141,1783334485365993890,1783334485365993890,1783334485365868540,1783334485366190113,1783334485366190113,1,2,1.000000000000,1.000000000000,1.000000000000,0.718350261139,0.377590879073,3,4
1668,487300,487300,487300,199262,162566,1783334485365824371,1783334485366112409,1783334485366112409,1783334485365986937,1783334485366311671,1783334485366311671,0,2,1.000000000000,1.000000000000,1.000000000000,0.722431986326,0.377343260684,3,4
1669,492965,492965,492965,204529,162752,1783334485365944532,1783334485366232968,1783334485366232968,1783334485366107284,1783334485366437497,1783334485366437497,3,0,1.000000000000,1.000000000000,1.000000000000,0.722163291607,0.373092089899,3,4
1670,485002,485002,485002,195478,161080,1783334485366061913,1783334485366351437,1783334485366351437,1783334485366222993,1783334485366546915,1783334485366546915,1,3,1.000000000000,1.000000000000,1.000000000000,0.724582247895,0.379081521774,3,4
1671,500099,500099,500099,204708,173256,1783334485366183754,1783334485366479145,1783334485366479145,1783334485366357010,1783334485366683853,1783334485366683853,1,2,1.000000000000,1.000000000000,1.000000000000,0.707150333432,0.367806608253,3,4
1672,498275,498275,498275,204866,162502,1783334485366297255,1783334485366590664,1783334485366590664,1783334485366459757,1783334485366795530,1783334485366795530,0,0,1.000000000000,1.000000000000,1.000000000000,0.722524463538,0.369150817106,3,4
1673,498513,498513,498513,210766,163120,1783334485366422946,1783334485366710693,1783334485366710693,1783334485366586066,1783334485366921459,1783334485366921459,3,2,1.000000000000,1.000000000000,1.000000000000,0.721631974973,0.368975143131,3,4
1674,500940,500940,500940,209543,160137,1783334485366543346,1783334485366834743,1783334485366834743,1783334485366703483,1783334485367044286,1783334485367044286,3,1,1.000000000000,1.000000000000,1.000000000000,0.725950099493,0.367188477531,3,4
1675,496497,496497,496497,207823,162073,1783334485366660477,1783334485366949151,1783334485366949151,1783334485366822550,1783334485367156974,1783334485367156974,0,3,1.000000000000,1.000000000000,1.000000000000,0.723144655552,0.370465854162,3,4
1676,499503,499503,499503,211891,164761,1783334485366779838,1783334485367067450,1783334485367067450,1783334485366944599,1783334485367279341,1783334485367279341,1,0,1.000000000000,1.000000000000,1.000000000000,0.719267461121,0.368245295135,3,4
1677,500011,500011,500011,213450,160428,1783334485366900088,1783334485367186649,1783334485367186649,1783334485367060516,1783334485367400099,1783334485367400099,3,3,1.000000000000,1.000000000000,1.000000000000,0.725527719460,0.367871347913,3,4
1678,510678,510678,510678,214109,165665,1783334485367017409,1783334485367313978,1783334485367313978,1783334485367183074,1783334485367528087,1783334485367528087,3,0,1.000000000000,1.000000000000,1.000000000000,0.717968200437,0.360106304804,3,4
1679,501333,501333,501333,212478,161331,1783334485367140261,1783334485367429116,1783334485367429116,1783334485367301592,1783334485367641594,1783334485367641594,3,0,1.000000000000,1.000000000000,1.000000000000,0.724218598890,0.366899980782,3,4
1680,504632,504632,504632,216528,162298,1783334485367260471,1783334485367548575,1783334485367548575,1783334485367422769,1783334485367765103,1783334485367765103,0,1,1.000000000000,1.000000000000,1.000000000000,0.722819313665,0.364487143413,3,4
1681,508968,508968,508968,217796,165695,1783334485367380892,1783334485367672064,1783334485367672064,1783334485367546587,1783334485367889860,1783334485367889860,3,1,1.000000000000,1.000000000000,1.000000000000,0.717925123637,0.361339976743,3,4
1682,497634,497634,497634,210434,160541,1783334485367502993,1783334485367790193,1783334485367790193,1783334485367663534,1783334485368000627,1783334485368000627,0,3,1.000000000000,1.000000000000,1.000000000000,0.725363768722,0.369624371937,3,4
1683,476623,476623,476623,186635,162398,1783334485367620393,1783334485367910381,1783334485367910381,1783334485367782791,1783334485368097016,1783334485368097016,1,3,1.000000000000,1.000000000000,1.000000000000,0.722674764258,0.385487697341,3,4
1684,474840,474840,474840,186994,164086,1783334485367743574,1783334485368031420,1783334485368031420,1783334485367907660,1783334485368218414,1783334485368218414,0,1,1.000000000000,1.000000000000,1.000000000000,0.720239127921,0.386864800385,3,4
1685,476385,476385,476385,187241,161822,1783334485367863615,1783334485368152759,1783334485368152759,1783334485368025437,1783334485368340000,1783334485368340000,0,3,1.000000000000,1.000000000000,1.000000000000,0.723507765302,0.385671233163,3,4
1686,476892,476892,476892,188890,162289,1783334485367981606,1783334485368269608,1783334485368269608,1783334485368143895,1783334485368458498,1783334485368458498,2,1,1.000000000000,1.000000000000,1.000000000000,0.722832324530,0.385280360739,3,4
1687,468910,468910,468910,184931,163856,1783334485368099277,1783334485368383256,1783334485368383256,1783334485368263133,1783334485368568187,1783334485368568187,1,0,1.000000000000,1.000000000000,1.000000000000,0.720570514133,0.391480332924,3,4
1688,472466,472466,472466,187399,161481,1783334485368221578,1783334485368506645,1783334485368506645,1783334485368383059,1783334485368694044,1783334485368694044,0,1,1.000000000000,1.000000000000,1.000000000000,0.724001365897,0.388706002011,3,4
1689,469964,469964,469964,185458,162030,1783334485368340678,1783334485368625184,1783334485368625184,1783334485368502708,1783334485368810642,1783334485368810642,0,2,1.000000000000,1.000000000000,1.000000000000,0.723206848667,0.390655961575,3,4
1690,471150,471150,471150,186846,161336,1783334485368465919,1783334485368750223,1783334485368750223,1783334485368627255,1783334485368937069,1783334485368937069,1,0,1.000000000000,1.000000000000,1.000000000000,0.724211356740,0.389730423756,3,4
1691,474956,474956,474956,191385,162373,1783334485368588330,1783334485368871901,1783334485368871901,1783334485368750703,1783334485369063286,1783334485369063286,3,0,1.000000000000,1.000000000000,1.000000000000,0.722710898899,0.386775058162,3,4
1692,470285,470285,470285,184165,163971,1783334485368706970,1783334485368993090,1783334485368993090,1783334485368870941,1783334485369177255,1783334485369177255,0,0,1.000000000000,1.000000000000,1.000000000000,0.720404801972,0.390405240938,3,4
1693,471472,471472,471472,189434,161838,1783334485368825521,1783334485369107559,1783334485369107559,1783334485368987359,1783334485369296993,1783334485369296993,1,1,1.000000000000,1.000000000000,1.000000000000,0.723484613424,0.389479518164,3,4
1694,473197,473197,473197,183802,161143,1783334485368942773,1783334485369232168,1783334485369232168,1783334485369103916,1783334485369415970,1783334485369415970,1,3,1.000000000000,1.000000000000,1.000000000000,0.724490956283,0.388138129053,3,4
1695,468244,468244,468244,185071,163990,1783334485369062353,1783334485369345526,1783334485369345526,1783334485369226343,1783334485369530597,1783334485369530597,3,2,1.000000000000,1.000000000000,1.000000000000,0.720377427110,0.392002132169,3,4
1696,471822,471822,471822,186211,164968,1783334485369181604,1783334485369467215,1783334485369467215,1783334485369346572,1783334485369653426,1783334485369653426,1,3,1.000000000000,1.000000000000,1.000000000000,0.718969746023,0.389206977901,3,4
1697,477508,477508,477508,188209,163334,1783334485369302135,1783334485369591434,1783334485369591434,1783334485369465469,1783334485369779643,1783334485369779643,0,3,1.000000000000,1.000000000000,1.000000000000,0.721323182574,0.384805987608,3,4
1698,473835,473835,473835,188947,162592,1783334485369419415,1783334485369704303,1783334485369704303,1783334485369582007,1783334485369893250,1783334485369893250,3,0,1.000000000000,1.000000000000,1.000000000000,0.722394420839,0.387643180644,3,4
1699,478391,478391,478391,188696,173368,1783334485369541916,1783334485369831611,1783334485369831611,1783334485369715284,1783334485370020307,1783334485370020307,1,3,1.000000000000,1.000000000000,1.000000000000,0.706991949497,0.384127019939,3,4
1700,466860,466860,466860,183235,161615,1783334485369655336,1783334485369938961,1783334485369938961,1783334485369816951,1783334485370122196,1783334485370122196,1,3,1.000000000000,1.000000000000,1.000000000000,0.723807359529,0.393088697183,3,4
1701,469256,469256,469256,186514,162231,1783334485369775238,1783334485370057980,1783334485370057980,1783334485369937469,1783334485370244494,1783334485370244494,3,1,1.000000000000,1.000000000000,1.000000000000,0.722916177943,0.391209522245,3,4
1702,468562,468562,468562,186682,161139,1783334485369895319,1783334485370177199,1783334485370177199,1783334485370056458,1783334485370363881,1783334485370363881,3,1,1.000000000000,1.000000000000,1.000000000000,0.724496752234,0.391752898078,3,4
1703,468139,468139,468139,179701,165116,1783334485370012759,1783334485370301197,1783334485370301197,1783334485370177875,1783334485370480898,1783334485370480898,0,3,1.000000000000,1.000000000000,1.000000000000,0.718756962472,0.392084461261,3,4
1704,472066,472066,472066,188180,162632,1783334485370134210,1783334485370418096,1783334485370418096,1783334485370296842,1783334485370606276,1783334485370606276,2,3,1.000000000000,1.000000000000,1.000000000000,0.722336631597,0.389017091232,3,4
1705,470004,470004,470004,186150,162350,1783334485370253441,1783334485370537295,1783334485370537295,1783334485370415791,1783334485370723445,1783334485370723445,0,0,1.000000000000,1.000000000000,1.000000000000,0.722744144365,0.390624710348,3,4
1706,472670,472670,472670,186337,164416,1783334485370370881,1783334485370657214,1783334485370657214,1783334485370535297,1783334485370843551,1783334485370843551,1,1,1.000000000000,1.000000000000,1.000000000000,0.719763926930,0.388547442311,3,4
1707,471007,471007,471007,184767,161924,1783334485370494742,1783334485370780982,1783334485370780982,1783334485370656666,1783334485370965749,1783334485370965749,3,0,1.000000000000,1.000000000000,1.000000000000,0.723360184772,0.389841902598,3,4
1708,468695,468695,468695,184687,163770,1783334485370614923,1783334485370898931,1783334485370898931,1783334485370778693,1783334485371083618,1783334485371083618,2,2,1.000000000000,1.000000000000,1.000000000000,0.720694462920,0.391648705665,3,4
1709,470020,470020,470020,186684,164246,1783334485370735204,1783334485371018540,1783334485371018540,1783334485370899450,1783334485371205224,1783334485371205224,2,0,1.000000000000,1.000000000000,1.000000000000,0.720008688272,0.390612210558,3,4
1710,480538,480538,480538,193184,161784,1783334485370854215,1783334485371141569,1783334485371141569,1783334485371015999,1783334485371334753,1783334485371334753,0,0,1.000000000000,1.000000000000,1.000000000000,0.723562753982,0.382481114802,3,4
1711,468925,468925,468925,185293,160900,1783334485370971706,1783334485371255338,1783334485371255338,1783334485371132606,1783334485371440631,1783334485371440631,0,2,1.000000000000,1.000000000000,1.000000000000,0.724843144463,0.391468588691,3,4
1712,469962,469962,469962,186352,165457,1783334485371089486,1783334485371373096,1783334485371373096,1783334485371254943,1783334485371559448,1783334485371559448,0,3,1.000000000000,1.000000000000,1.000000000000,0.718266937341,0.390657524202,3,4
1713,467269,467269,467269,184951,161295,1783334485371210377,1783334485371492695,1783334485371492695,1783334485371371672,1783334485371677646,1783334485371677646,1,2,1.000000000000,1.000000000000,1.000000000000,0.724270744507,0.392767282105,3,4
1714,478035,478035,478035,189599,162171,1783334485371332408,1783334485371620844,1783334485371620844,1783334485371494579,1783334485371810443,1783334485371810443,1,3,1.000000000000,1.000000000000,1.000000000000,0.723002933089,0.384400615765,3,4
1715,476053,476053,476053,190818,162148,1783334485371452428,1783334485371737663,1783334485371737663,1783334485371614576,1783334485371928481,1783334485371928481,2,0,1.000000000000,1.000000000000,1.000000000000,0.723036191989,0.385927403901,3,4
1716,470239,470239,470239,186898,182153,1783334485371582760,1783334485371866101,1783334485371866101,1783334485371764913,1783334485372052999,1783334485372052999,3,1,1.000000000000,1.000000000000,1.000000000000,0.694678590567,0.390441159872,3,4
1717,471415,471415,471415,187866,163621,1783334485371703661,1783334485371987210,1783334485371987210,1783334485371867282,1783334485372175076,1783334485372175076,2,0,1.000000000000,1.000000000000,1.000000000000,0.720909261874,0.389523921360,3,4
1718,472372,472372,472372,188304,161589,1783334485371822391,1783334485372106459,1783334485372106459,1783334485371983980,1783334485372294763,1783334485372294763,2,1,1.000000000000,1.000000000000,1.000000000000,0.723844998490,0.388779085609,3,4
1719,476759,476759,476759,192774,163156,1783334485371939842,1783334485372223827,1783334485372223827,1783334485372102998,1783334485372416601,1783334485372416601,3,2,1.000000000000,1.000000000000,1.000000000000,0.721580019341,0.385382858946,3,4
1720,473695,473695,473695,185392,162121,1783334485372058043,1783334485372346346,1783334485372346346,1783334485372220164,1783334485372531738,1783334485372531738,2,3,1.000000000000,1.000000000000,1.000000000000,0.723075236998,0.387751735932,3,4
1721,471673,471673,471673,189121,157859,1783334485372176943,1783334485372459495,1783334485372459495,1783334485372334802,1783334485372648616,1783334485372648616,1,2,1.000000000000,1.000000000000,1.000000000000,0.729265073924,0.389322978864,3,4
1722,475470,475470,475470,187230,161467,1783334485372294304,1783334485372582544,1783334485372582544,1783334485372455771,1783334485372769774,1783334485372769774,2,1,1.000000000000,1.000000000000,1.000000000000,0.724021638219,0.386377657701,3,4
1723,472817,472817,472817,187689,162983,1783334485372411945,1783334485372697073,1783334485372697073,1783334485372574928,1783334485372884762,1783334485372884762,1,3,1.000000000000,1.000000000000,1.000000000000,0.721829729225,0.388433226153,3,4
1724,470413,470413,470413,187118,162759,1783334485372536716,1783334485372820011,1783334485372820011,1783334485372699475,1783334485373007129,1783334485373007129,3,0,1.000000000000,1.000000000000,1.000000000000,0.722153181392,0.390305309988,3,4
1725,474900,474900,474900,188766,162166,1783334485372657187,1783334485372943321,1783334485372943321,1783334485372819353,1783334485373132087,1783334485373132087,2,0,1.000000000000,1.000000000000,1.000000000000,0.723010163155,0.386818379395,3,4
1726,471266,471266,471266,184474,164223,1783334485372776538,1783334485373063330,1783334485373063330,1783334485372940761,1783334485373247804,1783334485373247804,2,0,1.000000000000,1.000000000000,1.000000000000,0.720041809434,0.389640016785,3,4
1727,478105,478105,478105,187405,173360,1783334485372896748,1783334485373187448,1783334485373187448,1783334485373070108,1783334485373374853,1783334485373374853,0,0,1.000000000000,1.000000000000,1.000000000000,0.707003261459,0.384346803446,3,4
1728,472901,472901,472901,185313,166207,1783334485373009959,1783334485373297547,1783334485373297547,1783334485373176166,1783334485373482860,1783334485373482860,3,0,1.000000000000,1.000000000000,1.000000000000,0.717190344582,0.388367974853,3,4
1729,470368,470368,470368,183982,163523,1783334485373131860,1783334485373418246,1783334485373418246,1783334485373295383,1783334485373602228,1783334485373602228,2,3,1.000000000000,1.000000000000,1.000000000000,0.721050573937,0.390340439047,3,4
1730,470466,470466,470466,187661,164692,1783334485373250760,1783334485373533565,1783334485373533565,1783334485373415452,1783334485373721226,1783334485373721226,2,3,1.000000000000,1.000000000000,1.000000000000,0.719366726880,0.390263939818,3,4
1731,470601,470601,470601,184640,161387,1783334485373372832,1783334485373658793,1783334485373658793,1783334485373534219,1783334485373843433,1783334485373843433,1,2,1.000000000000,1.000000000000,1.000000000000,0.724137490949,0.390158582778,3,4
1732,474578,474578,474578,189308,157145,1783334485373490952,1783334485373776222,1783334485373776222,1783334485373648097,1783334485373965530,1783334485373965530,0,3,1.000000000000,1.000000000000,1.000000000000,0.730307208357,0.387067570662,3,4
1733,468836,468836,468836,183668,162062,1783334485373616323,1783334485373901491,1783334485373901491,1783334485373778385,1783334485374085159,1783334485374085159,3,1,1.000000000000,1.000000000000,1.000000000000,0.723160564910,0.391538276301,3,4
1734,468462,468462,468462,185386,161419,1783334485373735364,1783334485374018440,1783334485374018440,1783334485373896783,1783334485374203826,1783334485374203826,2,0,1.000000000000,1.000000000000,1.000000000000,0.724091147633,0.391831256493,3,4
1735,469329,469329,469329,186815,163726,1783334485373852714,1783334485374135228,1783334485374135228,1783334485374016440,1783334485374322043,1783334485374322043,0,1,1.000000000000,1.000000000000,1.000000000000,0.720757886824,0.391152409824,3,4
1736,474476,474476,474476,187684,161113,1783334485373970005,1783334485374256797,1783334485374256797,1783334485374131118,1783334485374444481,1783334485374444481,2,0,1.000000000000,1.000000000000,1.000000000000,0.724534427045,0.387146540501,3,4
1737,469113,469113,469113,184893,163290,1783334485374087346,1783334485374371566,1783334485374371566,1783334485374250636,1783334485374556459,1783334485374556459,3,2,1.000000000000,1.000000000000,1.000000000000,0.721386661807,0.391321424170,3,4
1738,467231,467231,467231,183532,164537,1783334485374206636,1783334485374490335,1783334485374490335,1783334485374371173,1783334485374673867,1783334485374673867,3,2,1.000000000000,1.000000000000,1.000000000000,0.719589765134,0.392797133553,3,4
1739,471027,471027,471027,185622,164593,1783334485374329418,1783334485374614823,1783334485374614823,1783334485374494011,1783334485374800445,1783334485374800445,2,3,1.000000000000,1.000000000000,1.000000000000,0.719509175594,0.389826309234,3,4
1740,471974,471974,471974,186851,162589,1783334485374449969,1783334485374735092,1783334485374735092,1783334485374612558,1783334485374921943,1783334485374921943,2,1,1.000000000000,1.000000000000,1.000000000000,0.722398755219,0.389088676962,3,4
1741,475610,475610,475610,191728,164327,1783334485374573979,1783334485374857861,1783334485374857861,1783334485374738306,1783334485375049589,1783334485375049589,1,1,1.000000000000,1.000000000000,1.000000000000,0.719892056312,0.386269487102,3,4
1742,475798,475798,475798,187438,162333,1783334485374694280,1783334485374982640,1783334485374982640,1783334485374856613,1783334485375170078,1783334485375170078,1,0,1.000000000000,1.000000000000,1.000000000000,0.722768718084,0.386124277076,3,4
1743,472544,472544,472544,188757,159011,1783334485374816431,1783334485375100218,1783334485375100218,1783334485374975442,1783334485375288975,1783334485375288975,0,0,1.000000000000,1.000000000000,1.000000000000,0.727586781329,0.388645368604,3,4
1744,479591,479591,479591,195875,165328,1783334485374933751,1783334485375217467,1783334485375217467,1783334485375099079,1783334485375413342,1783334485375413342,0,2,1.000000000000,1.000000000000,1.000000000000,0.718452274118,0.383206220492,3,4
1745,466378,466378,466378,184454,160604,1783334485375051262,1783334485375333186,1783334485375333186,1783334485375211866,1783334485375517640,1783334485375517640,3,0,1.000000000000,1.000000000000,1.000000000000,0.725272378645,0.393467817394,3,4
1746,466685,466685,466685,183263,162382,1783334485375168533,1783334485375451955,1783334485375451955,1783334485375330915,1783334485375635218,1783334485375635218,0,3,1.000000000000,1.000000000000,1.000000000000,0.722697890220,0.393226302307,3,4
1747,486402,486402,486402,200663,162917,1783334485375287824,1783334485375573563,1783334485375573563,1783334485375450741,1783334485375774226,1783334485375774226,0,2,1.000000000000,1.000000000000,1.000000000000,0.721925017038,0.378021578127,3,4
1748,472018,472018,472018,187661,163035,1783334485375408975,1783334485375693332,1783334485375693332,1783334485375572010,1783334485375880993,1783334485375880993,2,3,1.000000000000,1.000000000000,1.000000000000,0.721754662837,0.389054438665,3,4
1749,471476,471476,471476,186540,162013,1783334485375529175,1783334485375814111,1783334485375814111,1783334485375691188,1783334485376000651,1783334485376000651,1,1,1.000000000000,1.000000000000,1.000000000000,0.723231438118,0.389476402340,3,4
1750,468612,468612,468612,184657,165058,1783334485375651576,1783334485375935531,1783334485375935531,1783334485375816634,1783334485376120188,1783334485376120188,1,3,1.000000000000,1.000000000000,1.000000000000,0.718840343116,0.391713724747,3,4
1751,469819,469819,469819,183727,162885,1783334485375771147,1783334485376057239,1783334485376057239,1783334485375934032,1783334485376240966,1783334485376240966,3,3,1.000000000000,1.000000000000,1.000000000000,0.721971221718,0.390769268233,3,4
1752,474267,474267,474267,191766,163242,1783334485375890707,1783334485376173208,1783334485376173208,1783334485376053949,1783334485376364974,1783334485376364974,1,0,1.000000000000,1.000000000000,1.000000000000,0.721455918251,0.387308401581,3,4
1753,476754,476754,476754,186855,163969,1783334485376008198,1783334485376298097,1783334485376298097,1783334485376172167,1783334485376484952,1783334485376484952,3,2,1.000000000000,1.000000000000,1.000000000000,0.720407683597,0.385386712794,3,4
1754,475159,475159,475159,187563,160885,1783334485376130500,1783334485376418096,1783334485376418096,1783334485376291385,1783334485376605659,1783334485376605659,2,3,1.000000000000,1.000000000000,1.000000000000,0.724864890083,0.386618059361,3,4
1755,475917,475917,475917,183983,173643,1783334485376247910,1783334485376539844,1783334485376539844,1783334485376421553,1783334485376723827,1783334485376723827,0,3,1.000000000000,1.000000000000,1.000000000000,0.706603210838,0.386032390433,3,4
1756,473044,473044,473044,187332,162350,1783334485376361741,1783334485376647453,1783334485376647453,1783334485376524091,1783334485376834785,1783334485376834785,1,2,1.000000000000,1.000000000000,1.000000000000,0.722744144365,0.388256917494,3,4
1757,471011,471011,471011,187561,161566,1783334485376484632,1783334485376768082,1783334485376768082,1783334485376646198,1783334485376955643,1783334485376955643,0,3,1.000000000000,1.000000000000,1.000000000000,0.723878296126,0.389838783875,3,4
1758,475097,475097,475097,187488,161704,1783334485376603372,1783334485376890981,1783334485376890981,1783334485376765076,1783334485377078469,1783334485377078469,0,1,1.000000000000,1.000000000000,1.000000000000,0.723678533285,0.386666002973,3,4
1759,471444,471444,471444,188118,161930,1783334485376721963,1783334485377005289,1783334485377005289,1783334485376883893,1783334485377193407,1783334485377193407,2,3,1.000000000000,1.000000000000,1.000000000000,0.723351504502,0.389501329627,3,4
1760,472012,472012,472012,188397,163018,1783334485376839393,1783334485377123008,1783334485377123008,1783334485377002411,1783334485377311405,1783334485377311405,3,0,1.000000000000,1.000000000000,1.000000000000,0.721779202913,0.389059107347,3,4
1761,470209,470209,470209,186447,162895,1783334485376956865,1783334485377240627,1783334485377240627,1783334485377119760,1783334485377427074,1783334485377427074,2,0,1.000000000000,1.000000000000,1.000000000000,0.721956782438,0.390464587045,3,4
1762,468834,468834,468834,184674,160760,1783334485377078886,1783334485377363046,1783334485377363046,1783334485377239646,1783334485377547720,1783334485377547720,0,3,1.000000000000,1.000000000000,1.000000000000,0.725046128960,0.391539842458,3,4
1763,467812,467812,467812,185883,162478,1783334485377196046,1783334485377477975,1783334485377477975,1783334485377358524,1783334485377663858,1783334485377663858,3,2,1.000000000000,1.000000000000,1.000000000000,0.722559145545,0.392340968367,3,4
1764,473729,473729,473729,188083,162306,1783334485377314147,1783334485377599793,1783334485377599793,1783334485377476453,1783334485377787876,1783334485377787876,3,2,1.000000000000,1.000000000000,1.000000000000,0.722807748648,0.387725369710,3,4
1765,475915,475915,475915,188211,161481,1783334485377431578,1783334485377719282,1783334485377719282,1783334485377593059,1783334485377907493,1783334485377907493,3,2,1.000000000000,1.000000000000,1.000000000000,0.724001365897,0.386033934565,3,4
1766,466333,466333,466333,183860,161319,1783334485377548958,1783334485377831431,1783334485377831431,1783334485377710277,1783334485378015291,1783334485378015291,3,0,1.000000000000,1.000000000000,1.000000000000,0.724235980345,0.393503231091,3,4
1767,468861,468861,468861,185840,162307,1783334485377671979,1783334485377955000,1783334485377955000,1783334485377834286,1783334485378140840,1783334485378140840,3,0,1.000000000000,1.000000000000,1.000000000000,0.722806303034,0.391518699877,3,4
1768,467697,467697,467697,185939,160863,1783334485377790720,1783334485378072478,1783334485378072478,1783334485377951583,1783334485378258417,1783334485378258417,1,1,1.000000000000,1.000000000000,1.000000000000,0.724896784840,0.392431217168,3,4
1769,470734,470734,470734,187128,160589,1783334485377908441,1783334485378192047,1783334485378192047,1783334485378069030,1783334485378379175,1783334485378379175,1,3,1.000000000000,1.000000000000,1.000000000000,0.725294137143,0.390054814397,3,4
1770,469870,469870,469870,186736,161656,1783334485378025912,1783334485378309046,1783334485378309046,1783334485378187568,1783334485378495782,1783334485378495782,2,1,1.000000000000,1.000000000000,1.000000000000,0.723748009759,0.390729411800,3,4
1771,467367,467367,467367,183455,163253,1783334485378142843,1783334485378426755,1783334485378426755,1783334485378306096,1783334485378610210,1783334485378610210,3,1,1.000000000000,1.000000000000,1.000000000000,0.721440046395,0.392690307262,3,4
1772,469705,469705,469705,185695,165291,1783334485378262303,1783334485378546313,1783334485378546313,1783334485378427594,1783334485378732008,1783334485378732008,0,3,1.000000000000,1.000000000000,1.000000000000,0.718505441554,0.390858373784,3,4
1773,476281,476281,476281,188263,164847,1783334485378382234,1783334485378670252,1783334485378670252,1783334485378547081,1783334485378858515,1783334485378858515,1,0,1.000000000000,1.000000000000,1.000000000000,0.719143757756,0.385751461123,3,4
1774,476148,476148,476148,189111,161826,1783334485378495804,1783334485378782841,1783334485378782841,1783334485378657630,1783334485378971952,1783334485378971952,3,2,1.000000000000,1.000000000000,1.000000000000,0.723501977264,0.385854084660,3,4
1775,472506,472506,472506,190750,161052,1783334485378618195,1783334485378899951,1783334485378899951,1783334485378779247,1783334485379090701,1783334485379090701,2,3,1.000000000000,1.000000000000,1.000000000000,0.724622825637,0.388674906775,3,4
1776,472863,472863,472863,187319,166558,1783334485378735496,1783334485379021040,1783334485379021040,1783334485378902054,1783334485379208359,1783334485379208359,3,1,1.000000000000,1.000000000000,1.000000000000,0.716687053635,0.388397491940,3,4
1777,470779,470779,470779,188008,160466,1783334485378856457,1783334485379139228,1783334485379139228,1783334485379016923,1783334485379327236,1783334485379327236,1,1,1.000000000000,1.000000000000,1.000000000000,0.725472581448,0.390019711043,3,4
1778,467936,467936,467936,184057,160282,1783334485378973618,1783334485379257497,1783334485379257497,1783334485379133900,1783334485379441554,1783334485379441554,2,0,1.000000000000,1.000000000000,1.000000000000,0.725739604488,0.392243679871,3,4
1779,471622,471622,471622,187475,165779,1783334485379091199,1783334485379375346,1783334485379375346,1783334485379256978,1783334485379562821,1783334485379562821,3,3,1.000000000000,1.000000000000,1.000000000000,0.717804522347,0.389362691833,3,4
1780,470020,470020,470020,183604,162995,1783334485379214749,1783334485379501165,1783334485379501165,1783334485379377744,1783334485379684769,1783334485379684769,1,2,1.000000000000,1.000000000000,1.000000000000,0.721812405520,0.390612210558,3,4
1781,473447,473447,473447,188614,164482,1783334485379335220,1783334485379620053,1783334485379620053,1783334485379499702,1783334485379808667,1783334485379808667,2,1,1.000000000000,1.000000000000,1.000000000000,0.719668924362,0.387944108497,3,4
1782,470113,470113,470113,187542,161690,1783334485379454441,1783334485379737012,1783334485379737012,1783334485379616131,1783334485379924554,1783334485379924554,3,0,1.000000000000,1.000000000000,1.000000000000,0.723698796568,0.390539563443,3,4
1783,469510,469510,469510,180030,180607,1783334485379572941,1783334485379862421,1783334485379862421,1783334485379753548,1783334485380042451,1783334485380042451,2,3,1.000000000000,1.000000000000,1.000000000000,0.696829860919,0.391010838278,3,4
1784,476177,476177,476177,188210,163252,1783334485379688563,1783334485379976530,1783334485379976530,1783334485379851815,1783334485380164740,1783334485380164740,2,3,1.000000000000,1.000000000000,1.000000000000,0.721441489277,0.385831705772,3,4
1785,470453,470453,470453,188429,160770,1783334485379807214,1783334485380089238,1783334485380089238,1783334485379967984,1783334485380277667,1783334485380277667,2,2,1.000000000000,1.000000000000,1.000000000000,0.725031628182,0.390274086812,3,4
1786,474852,474852,474852,191589,162858,1783334485379924624,1783334485380207887,1783334485380207887,1783334485380087482,1783334485380399476,1783334485380399476,1,0,1.000000000000,1.000000000000,1.000000000000,0.722010209217,0.386855515741,3,4
1787,488808,488808,488808,189627,160794,1783334485380042105,1783334485380341286,1783334485380341286,1783334485380202899,1783334485380530913,1783334485380530913,1,1,1.000000000000,1.000000000000,1.000000000000,0.724996827499,0.376206907891,3,4
1788,473184,473184,473184,188005,161630,1783334485380159336,1783334485380444515,1783334485380444515,1783334485380320966,1783334485380632520,1783334485380632520,0,0,1.000000000000,1.000000000000,1.000000000000,0.723785645634,0.388148220775,3,4
1789,471533,471533,471533,188815,162108,1783334485380277056,1783334485380559774,1783334485380559774,1783334485380439164,1783334485380748589,1783334485380748589,1,1,1.000000000000,1.000000000000,1.000000000000,0.723094037198,0.389432004561,3,4
1790,475879,475879,475879,187274,161454,1783334485380407767,1783334485380696372,1783334485380696372,1783334485380569221,1783334485380883646,1783334485380883646,0,3,1.000000000000,1.000000000000,1.000000000000,0.724040463026,0.386061730009,3,4
1791,468265,468265,468265,184582,164322,1783334485380525388,1783334485380809071,1783334485380809071,1783334485380689710,1783334485380993653,1783334485380993653,1,2,1.000000000000,1.000000000000,1.000000000000,0.719899255269,0.391985668425,3,4
1792,470851,470851,470851,187140,166308,1783334485380645479,1783334485380929190,1783334485380929190,1783334485380811787,1783334485381116330,1783334485381116330,3,2,1.000000000000,1.000000000000,1.000000000000,0.717045486763,0.389963552248,3,4
1793,473959,473959,473959,188891,163505,1783334485380764800,1783334485381049868,1783334485381049868,1783334485380928305,1783334485381238759,1783334485381238759,1,2,1.000000000000,1.000000000000,1.000000000000,0.721076532225,0.387547057055,3,4
1794,469506,469506,469506,186680,162952,1783334485380885271,1783334485381168097,1783334485381168097,1783334485381048223,1783334485381354777,1783334485381354777,1,0,1.000000000000,1.000000000000,1.000000000000,0.721874484056,0.391013966377,3,4
1795,476323,476323,476323,190918,162299,1783334485381004611,1783334485381290016,1783334485381290016,1783334485381166910,1783334485381480934,1783334485381480934,3,0,1.000000000000,1.000000000000,1.000000000000,0.722817868028,0.385719059361,3,4
1796,468459,468459,468459,185076,161405,1783334485381125702,1783334485381409085,1783334485381409085,1783334485381287107,1783334485381594161,1783334485381594161,2,0,1.000000000000,1.000000000000,1.000000000000,0.724111422469,0.391833607488,3,4
1797,466697,466697,466697,184137,164152,1783334485381242993,1783334485381525553,1783334485381525553,1783334485381407145,1783334485381709690,1783334485381709690,1,2,1.000000000000,1.000000000000,1.000000000000,0.720144062630,0.393216864989,3,4
1798,476393,476393,476393,189424,162151,1783334485381360483,1783334485381647452,1783334485381647452,1783334485381522634,1783334485381836876,1783334485381836876,2,3,1.000000000000,1.000000000000,1.000000000000,0.723031853785,0.385665062473,3,4
1799,468559,468559,468559,186193,161636,1783334485381480995,1783334485381763361,1783334485381763361,1783334485381642631,1783334485381949554,1783334485381949554,2,3,1.000000000000,1.000000000000,1.000000000000,0.723776960258,0.391755248602,3,4
1800,472337,472337,472337,187921,163283,1783334485381598215,1783334485381882631,1783334485381882631,1783334485381761498,1783334485382070552,1783334485382070552,3,2,1.000000000000,1.000000000000,1.000000000000,0.721396761291,0.388806301098,3,4
1801,471954,471954,471954,188321,161931,1783334485381716656,1783334485382000289,1783334485382000289,1783334485381878587,1783334485382188610,1783334485382188610,2,2,1.000000000000,1.000000000000,1.000000000000,0.723350057800,0.389104240821,3,4
1802,472831,472831,472831,189720,162857,1783334485381835567,1783334485382118678,1783334485382118678,1783334485381998424,1783334485382308398,1783334485382308398,1,0,1.000000000000,1.000000000000,1.000000000000,0.722011653239,0.388422350175,3,4
1803,474058,474058,474058,189598,161355,1783334485381952947,1783334485382237407,1783334485382237407,1783334485382114302,1783334485382427005,1783334485382427005,2,3,1.000000000000,1.000000000000,1.000000000000,0.724183837232,0.387470330334,3,4
1804,474025,474025,474025,188617,161862,1783334485382070598,1783334485382356006,1783334485382356006,1783334485382232460,1783334485382544623,1783334485382544623,2,0,1.000000000000,1.000000000000,1.000000000000,0.723449886996,0.387495904220,3,4
1805,470212,470212,470212,185707,161878,1783334485382189679,1783334485382474184,1783334485382474184,1783334485382351557,1783334485382659891,1783334485382659891,0,3,1.000000000000,1.000000000000,1.000000000000,0.723426736970,0.390462244264,3,4
1806,477330,477330,477330,187326,163165,1783334485382309899,1783334485382599903,1783334485382599903,1783334485382473064,1783334485382787229,1783334485382787229,1,2,1.000000000000,1.000000000000,1.000000000000,0.721567031018,0.384943002927,3,4
1807,470406,470406,470406,187515,162612,1783334485382429281,1783334485382712172,1783334485382712172,1783334485382591893,1783334485382899687,1783334485382899687,1,0,1.000000000000,1.000000000000,1.000000000000,0.722365525640,0.390310774300,3,4
1808,468171,468171,468171,183712,166177,1783334485382547242,1783334485382831701,1783334485382831701,1783334485382713419,1783334485383015413,1783334485383015413,3,3,1.000000000000,1.000000000000,1.000000000000,0.717233377293,0.392059368658,3,4
1809,473580,473580,473580,190123,163126,1783334485382667542,1783334485382950999,1783334485382950999,1783334485382830668,1783334485383141122,1783334485383141122,2,2,1.000000000000,1.000000000000,1.000000000000,0.721623315441,0.387840929088,3,4
1810,468197,468197,468197,184202,161903,1783334485382786523,1783334485383070518,1783334485383070518,1783334485382948426,1783334485383254720,1783334485383254720,1,3,1.000000000000,1.000000000000,1.000000000000,0.723390566538,0.392038982101,3,4
1811,489953,489953,489953,198580,172568,1783334485382905004,1783334485383196377,1783334485383196377,1783334485383077572,1783334485383394957,1783334485383394957,2,0,1.000000000000,1.000000000000,1.000000000000,0.708124042049,0.375346379753,3,4
1812,473600,473600,473600,184668,165197,1783334485383018304,1783334485383307236,1783334485383307236,1783334485383183501,1783334485383491904,1783334485383491904,3,1,1.000000000000,1.000000000000,1.000000000000,0.718640533275,0.387825415761,3,4
1813,461438,461438,461438,178148,162313,1783334485383139935,1783334485383423225,1783334485383423225,1783334485383302248,1783334485383601373,1783334485383601373,1,3,1.000000000000,1.000000000000,1.000000000000,0.722797629411,0.397374546894,3,4
1814,483902,483902,483902,200716,163788,1783334485383260397,1783334485383543583,1783334485383543583,1783334485383424185,1783334485383744299,1783334485383744299,2,0,1.000000000000,1.000000000000,1.000000000000,0.720668518387,0.379916419173,3,4
1815,477291,477291,477291,191456,161397,1783334485383379057,1783334485383664892,1783334485383664892,1783334485383540454,1783334485383856348,1783334485383856348,1,2,1.000000000000,1.000000000000,1.000000000000,0.724123008344,0.384973029652,3,4
1816,474408,474408,474408,190555,163483,1783334485383496718,1783334485383780571,1783334485383780571,1783334485383660201,1783334485383971126,1783334485383971126,0,2,1.000000000000,1.000000000000,1.000000000000,0.721108260291,0.387199196011,3,4
1817,468773,468773,468773,186842,168179,1783334485383614239,1783334485383896170,1783334485383896170,1783334485383782418,1783334485384083012,1783334485384083012,0,1,1.000000000000,1.000000000000,1.000000000000,0.714367316533,0.391587613232,3,4
1818,472701,472701,472701,189352,160347,1783334485383731649,1783334485384014998,1783334485384014998,1783334485383891996,1783334485384204350,1783334485384204350,2,3,1.000000000000,1.000000000000,1.000000000000,0.725645264471,0.388523353116,3,4
1819,471799,471799,471799,186062,163565,1783334485383851080,1783334485384136817,1783334485384136817,1783334485384014645,1783334485384322879,1783334485384322879,0,0,1.000000000000,1.000000000000,1.000000000000,0.720990008233,0.389224881834,3,4
1820,469996,469996,469996,186970,162893,1783334485383970650,1783334485384253676,1783334485384253676,1783334485384133543,1783334485384440646,1783334485384440646,3,3,1.000000000000,1.000000000000,1.000000000000,0.721959670271,0.390630960394,3,4
1821,471372,471372,471372,185178,162258,1783334485384089271,1783334485384375465,1783334485384375465,1783334485384251529,1783334485384560643,1783334485384560643,3,0,1.000000000000,1.000000000000,1.000000000000,0.722877141523,0.389557421857,3,4
1822,472338,472338,472338,184618,162055,1783334485384208023,1783334485384495743,1783334485384495743,1783334485384370078,1783334485384680361,1783334485384680361,0,0,1.000000000000,1.000000000000,1.000000000000,0.723170689229,0.388805523486,3,4
1823,472856,472856,472856,187147,164851,1783334485384331113,1783334485384616822,1783334485384616822,1783334485384495964,1783334485384803969,1783334485384803969,0,2,1.000000000000,1.000000000000,1.000000000000,0.719138004629,0.388402929543,3,4
1824,468502,468502,468502,186035,164488,1783334485384450414,1783334485384732881,1783334485384732881,1783334485384614902,1783334485384918916,1783334485384918916,0,3,1.000000000000,1.000000000000,1.000000000000,0.719660288387,0.391799911246,3,4
1825,470839,470839,470839,188703,160296,1783334485384568015,1783334485384850151,1783334485384850151,1783334485384728311,1783334485385038854,1783334485385038854,3,2,1.000000000000,1.000000000000,1.000000000000,0.725719284063,0.389972911486,3,4
1826,474556,474556,474556,187232,165373,1783334485384685835,1783334485384973159,1783334485384973159,1783334485384851208,1783334485385160391,1783334485385160391,1,2,1.000000000000,1.000000000000,1.000000000000,0.718387616323,0.387084602010,3,4
1827,467343,467343,467343,184261,161829,1783334485384805086,1783334485385088168,1783334485385088168,1783334485384966915,1783334485385272429,1783334485385272429,1,2,1.000000000000,1.000000000000,1.000000000000,0.723497636265,0.392709156849,3,4
1828,473111,473111,473111,188571,162426,1783334485384927887,1783334485385212427,1783334485385212427,1783334485385090313,1783334485385400998,1783334485385400998,1,0,1.000000000000,1.000000000000,1.000000000000,0.722634295604,0.388204894552,3,4
1829,466208,466208,466208,183309,163204,1783334485385046337,1783334485385329236,1783334485385329236,1783334485385209541,1783334485385512545,1783334485385512545,1,0,1.000000000000,1.000000000000,1.000000000000,0.721510750984,0.393601619197,3,4
1830,472784,472784,472784,188069,164830,1783334485385165349,1783334485385450064,1783334485385450064,1783334485385330179,1783334485385638133,1783334485385638133,2,0,1.000000000000,1.000000000000,1.000000000000,0.719168209060,0.388458863592,3,4
1831,482011,482011,482011,196308,164697,1783334485385285080,1783334485385570783,1783334485385570783,1783334485385449777,1783334485385767091,1783334485385767091,3,2,1.000000000000,1.000000000000,1.000000000000,0.719359533248,0.381355983570,3,4
1832,480897,480897,480897,194425,163443,1783334485385406840,1783334485385693312,1783334485385693312,1783334485385570283,1783334485385887737,1783334485385887737,1,3,1.000000000000,1.000000000000,1.000000000000,0.721165951259,0.382206591927,3,4
1833,472655,472655,472655,187086,162010,1783334485385527051,1783334485385812620,1783334485385812620,1783334485385689061,1783334485385999706,1783334485385999706,2,0,1.000000000000,1.000000000000,1.000000000000,0.723235777520,0.388559098909,3,4
1834,472961,472961,472961,188654,162507,1783334485385645672,1783334485385929979,1783334485385929979,1783334485385808179,1783334485386118633,1783334485386118633,1,3,1.000000000000,1.000000000000,1.000000000000,0.722517238330,0.388321373492,3,4
1835,468728,468728,468728,184582,161474,1783334485385766022,1783334485386050168,1783334485386050168,1783334485385927496,1783334485386234750,1783334485386234750,0,0,1.000000000000,1.000000000000,1.000000000000,0.724011501987,0.391622857703,3,4
1836,473145,473145,473145,189771,161682,1783334485385883343,1783334485386166717,1783334485386166717,1783334485386045025,1783334485386356488,1783334485386356488,0,3,1.000000000000,1.000000000000,1.000000000000,0.723710375841,0.388178497517,3,4
1837,479972,479972,479972,186512,161958,1783334485386001945,1783334485386295405,1783334485386295405,1783334485386163903,1783334485386481917,1783334485386481917,3,3,1.000000000000,1.000000000000,1.000000000000,0.723310997952,0.382914328577,3,4
1838,470968,470968,470968,184059,160814,1783334485386125875,1783334485386412784,1783334485386412784,1783334485386286689,1783334485386596843,1783334485386596843,0,0,1.000000000000,1.000000000000,1.000000000000,0.724967828206,0.389872311452,3,4
1839,479226,479226,479226,188809,174412,1783334485386243226,1783334485386533643,1783334485386533643,1783334485386417638,1783334485386722452,1783334485386722452,3,2,1.000000000000,1.000000000000,1.000000000000,0.705517290387,0.383486063163,3,4
1840,476093,476093,476093,190088,166228,1783334485386359017,1783334485386645022,1783334485386645022,1783334485386525245,1783334485386835110,1783334485386835110,0,2,1.000000000000,1.000000000000,1.000000000000,0.717160223220,0.385896530944,3,4
1841,469599,469599,469599,186156,165525,1783334485386477677,1783334485386761120,1783334485386761120,1783334485386643202,1783334485386947276,1783334485386947276,3,2,1.000000000000,1.000000000000,1.000000000000,0.718169259680,0.390941244543,3,4
1842,468417,468417,468417,184656,161832,1783334485386596228,1783334485386879989,1783334485386879989,1783334485386758060,1783334485387064645,1783334485387064645,0,0,1.000000000000,1.000000000000,1.000000000000,0.723493295292,0.391866522893,3,4
1843,469054,469054,469054,184445,162189,1783334485386714769,1783334485386999378,1783334485386999378,1783334485386876958,1783334485387183823,1783334485387183823,2,0,1.000000000000,1.000000000000,1.000000000000,0.722976905452,0.391367602822,3,4
1844,471671,471671,471671,187723,161238,1783334485386835869,1783334485387119817,1783334485387119817,1783334485386997107,1783334485387307540,1783334485387307540,1,3,1.000000000000,1.000000000000,1.000000000000,0.724353316078,0.389324536159,3,4
1845,472537,472537,472537,188493,161132,1783334485386953241,1783334485387237285,1783334485387237285,1783334485387114373,1783334485387425778,1783334485387425778,2,2,1.000000000000,1.000000000000,1.000000000000,0.724506895260,0.388650809678,3,4
1846,470055,470055,470055,186332,162150,1783334485387070701,1783334485387354424,1783334485387354424,1783334485387232851,1783334485387540756,1783334485387540756,0,0,1.000000000000,1.000000000000,1.000000000000,0.723033299850,0.390584868660,3,4
1847,466022,466022,466022,184081,161677,1783334485387188012,1783334485387469953,1783334485387469953,1783334485387349689,1783334485387654034,1783334485387654034,1,0,1.000000000000,1.000000000000,1.000000000000,0.723717612981,0.393748066236,3,4
1848,503397,503397,503397,190959,163923,1783334485387305483,1783334485387617921,1783334485387617921,1783334485387469406,1783334485387808880,1783334485387808880,3,1,1.000000000000,1.000000000000,1.000000000000,0.720473964153,0.365388539423,3,4
1849,473585,473585,473585,186767,164971,1783334485387424553,1783334485387711371,1783334485387711371,1783334485387589524,1783334485387898138,1783334485387898138,2,2,1.000000000000,1.000000000000,1.000000000000,0.718965432218,0.387837050698,3,4
1850,473562,473562,473562,190197,165248,1783334485387544954,1783334485387828319,1783334485387828319,1783334485387710202,1783334485388018516,1783334485388018516,2,2,1.000000000000,1.000000000000,1.000000000000,0.718567235679,0.387854891613,3,4
1851,471318,471318,471318,186994,164604,1783334485387658235,1783334485387942559,1783334485387942559,1783334485387822839,1783334485388129553,1783334485388129553,3,3,1.000000000000,1.000000000000,1.000000000000,0.719493346566,0.389599496331,3,4
1852,469026,469026,469026,185614,161032,1783334485387777696,1783334485388061108,1783334485388061108,1783334485387938728,1783334485388246722,1783334485388246722,2,2,1.000000000000,1.000000000000,1.000000000000,0.724651811130,0.391389520022,3,4
1853,471482,471482,471482,188432,162319,1783334485387895067,1783334485388178117,1783334485388178117,1783334485388057386,1783334485388366549,1783334485388366549,3,0,1.000000000000,1.000000000000,1.000000000000,0.722788955891,0.389471728651,3,4
1854,479938,479938,479938,187041,168404,1783334485388013548,1783334485388306445,1783334485388306445,1783334485388181952,1783334485388493486,1783334485388493486,0,3,1.000000000000,1.000000000000,1.000000000000,0.714045923560,0.382940367637,3,4
1855,482327,482327,482327,191031,162593,1783334485388138788,1783334485388430084,1783334485388430084,1783334485388301381,1783334485388621115,1783334485388621115,3,0,1.000000000000,1.000000000000,1.000000000000,0.722392976052,0.381115042734,3,4
1856,478433,478433,478433,190059,171039,1783334485388256049,1783334485388544423,1783334485388544423,1783334485388427088,1783334485388734482,1783334485388734482,2,2,1.000000000000,1.000000000000,1.000000000000,0.710292799710,0.384094754624,3,4
1857,478989,478989,478989,189508,164155,1783334485388380710,1783334485388670191,1783334485388670191,1783334485388544865,1783334485388859699,1783334485388859699,3,0,1.000000000000,1.000000000000,1.000000000000,0.720139741779,0.383667878644,3,4
1858,472948,472948,472948,185638,162443,1783334485388501120,1783334485388788430,1783334485388788430,1783334485388663563,1783334485388974068,1783334485388974068,2,2,1.000000000000,1.000000000000,1.000000000000,0.722609726456,0.388331469979,3,4
1859,483744,483744,483744,194866,161860,1783334485388621461,1783334485388910339,1783334485388910339,1783334485388783321,1783334485389105205,1783334485389105205,1,1,1.000000000000,1.000000000000,1.000000000000,0.723452780802,0.380036491732,3,4
1860,474669,474669,474669,187584,161855,1783334485388743823,1783334485389030908,1783334485389030908,1783334485388905678,1783334485389218492,1783334485389218492,2,3,1.000000000000,1.000000000000,1.000000000000,0.723460015366,0.386997130774,3,4
1861,472197,472197,472197,186663,161923,1783334485388862313,1783334485389147847,1783334485389147847,1783334485389024236,1783334485389334510,1783334485389334510,0,3,1.000000000000,1.000000000000,1.000000000000,0.723361631494,0.388915182105,3,4
1862,481344,481344,481344,193463,,1783334485388980034,1783334485389267915,1783334485389267915,,1783334485389461378,1783334485389461378,,1,1.000000000000,1.000000000000,1.000000000000,,0.381865051925,,4
1863,472480,472480,472480,185191,,1783334485389097885,1783334485389385174,1783334485389385174,,1783334485389570365,1783334485389570365,,0,1.000000000000,1.000000000000,1.000000000000,,0.388695118396,,4
1864,476718,476718,476718,189080,,1783334485389215085,1783334485389502723,1783334485389502723,,1783334485389691803,1783334485389691803,,3,1.000000000000,1.000000000000,1.000000000000,,0.385414461636,,4
1865,474436,474436,474436,186390,,1783334485389332516,1783334485389620562,1783334485389620562,,1783334485389806952,1783334485389806952,,2,1.000000000000,1.000000000000,1.000000000000,,0.387177513463,,4
1866,478021,478021,478021,187878,,1783334485389450577,1783334485389740720,1783334485389740720,,1783334485389928598,1783334485389928598,,2,1.000000000000,1.000000000000,1.000000000000,,0.384411379133,,4
1867,482059,482059,482059,188348,,1783334485389570288,1783334485389863999,1783334485389863999,,1783334485390052347,1783334485390052347,,1,1.000000000000,1.000000000000,1.000000000000,,0.381319375153,,4
1868,471485,471485,471485,186196,,1783334485389683809,1783334485389969098,1783334485389969098,,1783334485390155294,1783334485390155294,,2,1.000000000000,1.000000000000,1.000000000000,,0.389469391828,,4
1869,473103,473103,473103,188135,,1783334485389801319,1783334485390086287,1783334485390086287,,1783334485390274422,1783334485390274422,,3,1.000000000000,1.000000000000,1.000000000000,,0.388211105880,,4
1870,483500,483500,483500,190444,,1783334485389918580,1783334485390211636,1783334485390211636,,1783334485390402080,1783334485390402080,,0,1.000000000000,1.000000000000,1.000000000000,,0.380221994799,,4
1871,473707,473707,473707,187754,,1783334485390036291,1783334485390322244,1783334485390322244,,1783334485390509998,1783334485390509998,,2,1.000000000000,1.000000000000,1.000000000000,,0.387742430002,,4
1872,476864,476864,476864,190602,,1783334485390158251,1783334485390444513,1783334485390444513,,1783334485390635115,1783334485390635115,,2,1.000000000000,1.000000000000,1.000000000000,,0.385301937043,,4
1873,478770,478770,478770,192430,,1783334485390278632,1783334485390564972,1783334485390564972,,1783334485390757402,1783334485390757402,,3,1.000000000000,1.000000000000,1.000000000000,,0.383835961983,,4
1874,478437,478437,478437,188349,,1783334485390401283,1783334485390691371,1783334485390691371,,1783334485390879720,1783334485390879720,,2,1.000000000000,1.000000000000,1.000000000000,,0.384091681878,,4
1875,473914,473914,473914,186739,,1783334485390521534,1783334485390808709,1783334485390808709,,1783334485390995448,1783334485390995448,,0,1.000000000000,1.000000000000,1.000000000000,,0.387581937860,,4
1876,472671,472671,472671,187627,,1783334485390643895,1783334485390928939,1783334485390928939,,1783334485391116566,1783334485391116566,,1,1.000000000000,1.000000000000,1.000000000000,,0.388546665217,,4
1877,474548,474548,474548,185606,,1783334485390761196,1783334485391050138,1783334485391050138,,1783334485391235744,1783334485391235744,,3,1.000000000000,1.000000000000,1.000000000000,,0.387090795413,,4
1878,474615,474615,474615,188984,,1783334485390881466,1783334485391167097,1783334485391167097,,1783334485391356081,1783334485391356081,,1,1.000000000000,1.000000000000,1.000000000000,,0.387038928721,,4
1879,474922,474922,474922,188274,,1783334485390998817,1783334485391285465,1783334485391285465,,1783334485391473739,1783334485391473739,,3,1.000000000000,1.000000000000,1.000000000000,,0.386801359760,,4
1880,477209,477209,477209,189493,,1783334485391116288,1783334485391404004,1783334485391404004,,1783334485391593497,1783334485391593497,,1,1.000000000000,1.000000000000,1.000000000000,,0.385036170406,,4
1881,474215,474215,474215,185660,,1783334485391238708,1783334485391527263,1783334485391527263,,1783334485391712923,1783334485391712923,,3,1.000000000000,1.000000000000,1.000000000000,,0.387348683750,,4
1882,477272,477272,477272,188350,,1783334485391358040,1783334485391646962,1783334485391646962,,1783334485391835312,1783334485391835312,,3,1.000000000000,1.000000000000,1.000000000000,,0.384987658905,,4
1883,473449,473449,473449,186840,,1783334485391480721,1783334485391767330,1783334485391767330,,1783334485391954170,1783334485391954170,,2,1.000000000000,1.000000000000,1.000000000000,,0.387942556724,,4
1884,483026,483026,483026,193588,,1783334485391600981,1783334485391890419,1783334485391890419,,1783334485392084007,1783334485392084007,,0,1.000000000000,1.000000000000,1.000000000000,,0.380582616157,,4
1885,476353,476353,476353,188667,,1783334485391723592,1783334485392011278,1783334485392011278,,1783334485392199945,1783334485392199945,,0,1.000000000000,1.000000000000,1.000000000000,,0.385695916912,,4
1886,474890,474890,474890,186086,,1783334485391842193,1783334485392130997,1783334485392130997,,1783334485392317083,1783334485392317083,,0,1.000000000000,1.000000000000,1.000000000000,,0.386826115839,,4
1887,486167,486167,486167,193155,,1783334485391959673,1783334485392252685,1783334485392252685,,1783334485392445840,1783334485392445840,,0,1.000000000000,1.000000000000,1.000000000000,,0.378199290028,,4
1888,486603,486603,486603,185823,,1783334485392077164,1783334485392377944,1783334485392377944,,1783334485392563767,1783334485392563767,,1,1.000000000000,1.000000000000,1.000000000000,,0.377869643993,,4
1889,483649,483649,483649,186291,,1783334485392194215,1783334485392491573,1783334485392491573,,1783334485392677864,1783334485392677864,,1,1.000000000000,1.000000000000,1.000000000000,,0.380108705525,,4
1890,476396,476396,476396,186990,,1783334485392311646,1783334485392601052,1783334485392601052,,1783334485392788042,1783334485392788042,,1,1.000000000000,1.000000000000,1.000000000000,,0.385662748489,,4
1891,474344,474344,474344,186391,,1783334485392434507,1783334485392722460,1783334485392722460,,1783334485392908851,1783334485392908851,,3,1.000000000000,1.000000000000,1.000000000000,,0.387248760680,,4
1892,481719,481719,481719,189698,,1783334485392557878,1783334485392849899,1783334485392849899,,1783334485393039597,1783334485393039597,,1,1.000000000000,1.000000000000,1.000000000000,,0.381578760509,,4
1893,472978,472978,472978,185948,,1783334485392678308,1783334485392965338,1783334485392965338,,1783334485393151286,1783334485393151286,,0,1.000000000000,1.000000000000,1.000000000000,,0.388308170790,,4
1894,474054,474054,474054,188646,,1783334485392798439,1783334485393083847,1783334485393083847,,1783334485393272493,1783334485393272493,,3,1.000000000000,1.000000000000,1.000000000000,,0.387473430109,,4
1895,491921,491921,491921,194116,,1783334485392915740,1783334485393213545,1783334485393213545,,1783334485393407661,1783334485393407661,,1,1.000000000000,1.000000000000,1.000000000000,,0.373871920042,,4
