round,ts_swap_ns,werner_a,werner_b,werner_result,pswap_success_bit
0,1790184241461551569,0.995769,0.976569,0.972437,1
1,1790184241462132301,0.992637,0.975856,0.000000,0
2,1790184241462941060,0.990377,0.606462,0.000000,0
3,1790184241463342565,0.990595,0.839568,0.831671,1
4,1790184241464137504,0.990932,0.548882,0.000000,0
5,1790184241464940884,0.990169,0.532181,0.000000,0
6,1790184241465361938,0.991377,0.780932,0.000000,0
7,1790184241465787513,0.990713,0.773448,0.766265,1
8,1790184241466223857,0.990941,0.766495,0.759552,1
9,1790184241466650491,0.990694,0.916632,0.908102,1
10,1790184241467050976,0.991338,0.793528,0.786654,1
11,1790184241467529820,0.948389,0.991457,0.000000,0
12,1790184241467908105,0.992091,0.970873,0.000000,0
13,1790184241468331859,0.991417,0.788118,0.000000,0
14,1790184241468742603,0.990764,0.773719,0.000000,0
15,1790184241469942618,0.990951,0.351134,0.347957,1
16,1790184241470367762,0.991021,0.771247,0.764321,1
17,1790184241470767487,0.991130,0.789823,0.000000,0
18,1790184241471972931,0.991120,0.350580,0.000000,0
19,1790184241472401745,0.991199,0.768284,0.000000,0
20,1790184241472843879,0.990476,0.753907,0.746727,1
21,1790184241473275743,0.990160,0.759021,0.751552,1
22,1790184241473706778,0.991001,0.886451,0.000000,0
23,1790184241474133302,0.991288,0.889898,0.882146,1
24,1790184241474532907,0.991467,0.919340,0.000000,0
25,1790184241474961381,0.991100,0.761058,0.000000,0
26,1790184241475387846,0.991328,0.758178,0.000000,0
27,1790184241475831610,0.990555,0.751107,0.744013,1
28,1790184241476645679,0.991239,0.688951,0.682915,1
29,1790184241477077193,0.991040,0.776060,0.769106,1
30,1790184241477510927,0.991180,0.762177,0.755455,1
31,1790184241477945962,0.990951,0.764489,0.757572,1
32,1790184241478379226,0.991189,0.761911,0.000000,0
33,1790184241478813710,0.990793,0.762681,0.755658,1
34,1790184241479287284,0.924115,0.991387,0.916156,1
35,1790184241479687079,0.990773,0.828194,0.820552,1
36,1790184241480121053,0.991139,0.759826,0.000000,0
37,1790184241480522408,0.991397,0.785019,0.778266,1
38,1790184241480950252,0.991496,0.906886,0.899174,1
39,1790184241481383676,0.991268,0.758164,0.000000,0
40,1790184241481817780,0.990804,0.759894,0.752906,1
41,1790184241482222555,0.990743,0.791238,0.783913,1
42,1790184241483051044,0.990931,0.510384,0.000000,0
43,1790184241483482518,0.991240,0.890869,0.000000,0
44,1790184241484298318,0.991090,0.518341,0.000000,0
45,1790184241484705202,0.990981,0.913384,0.905146,1
46,1790184241485104567,0.991358,0.784627,0.777846,1
47,1790184241485537981,0.991288,0.755605,0.749023,1
48,1790184241486340941,0.991120,0.527661,0.522975,1
49,1790184241486773195,0.990862,0.761575,0.000000,0
50,1790184241487983109,0.990842,0.350202,0.346995,1
51,1790184241488414183,0.991447,0.766067,0.759514,1
52,1790184241488848007,0.990962,0.759909,0.000000,0
53,1790184241489251442,0.991249,0.787283,0.780393,1
54,1790184241489654197,0.991407,0.795069,0.000000,0
55,1790184241490095451,0.991586,0.757928,0.000000,0
56,1790184241490529685,0.991407,0.759909,0.000000,0
57,1790184241490962539,0.991179,0.765370,0.758619,1
58,1790184241492170133,0.991189,0.350023,0.000000,0
59,1790184241492600227,0.991377,0.766618,0.760008,1
60,1790184310585723900,0.978094,0.523546,0.512077,1
61,1790184310586569869,0.771510,0.984718,0.759719,1
62,1790184310587022263,0.984954,0.835749,0.823175,1
63,1790184310587437738,0.990050,0.830375,0.000000,0
64,1790184310587857122,0.992310,0.796055,0.000000,0
65,1790184310588267107,0.991189,0.796214,0.789199,1
66,1790184310589086516,0.992062,0.524179,0.520018,1
67,1790184310589495650,0.992321,0.791136,0.785060,1
68,1790184310589900815,0.992727,0.796326,0.000000,0
69,1790184310590304140,0.992439,0.926132,0.000000,0
70,1790184310590693174,0.992430,0.793354,0.000000,0
71,1790184310591087939,0.991645,0.790146,0.783545,1
72,1790184310591519263,0.992628,0.762444,0.000000,0
73,1790184310591941178,0.992846,0.768790,0.763290,1
74,1790184310592331393,0.992469,0.796565,0.000000,0
75,1790184310592756637,0.992746,0.764720,0.000000,0
76,1790184310593186971,0.992310,0.765355,0.000000,0
77,1790184310593607096,0.992469,0.769767,0.763970,1
78,1790184310594408215,0.992330,0.525039,0.000000,0
79,1790184310594829759,0.992478,0.771093,0.765293,1
80,1790184310595251574,0.992687,0.899003,0.892428,1
81,1790184310595668238,0.992617,0.770978,0.000000,0
82,1790184310596062993,0.992260,0.786898,0.780807,1
83,1790184310596459258,0.992558,0.922434,0.915570,1
84,1790184310596878622,0.992568,0.767477,0.000000,0
85,1790184310597270827,0.992379,0.795713,0.789649,1
86,1790184310597696911,0.992677,0.768668,0.763039,1
87,1790184310598120975,0.992251,0.889756,0.882861,1
88,1790184310599263010,0.992012,0.374383,0.371392,1
89,1790184310599651055,0.992647,0.796772,0.790913,1
90,1790184310600041910,0.992548,0.791151,0.785255,1
91,1790184310600467804,0.992876,0.892867,0.000000,0
92,1790184310600885789,0.992707,0.888111,0.881633,1
93,1790184310601271494,0.992836,0.928505,0.921853,1
94,1790184310601690568,0.992866,0.767923,0.000000,0
95,1790184310602109343,0.992459,0.769690,0.000000,0
96,1790184310602533367,0.992905,0.771409,0.000000,0
97,1790184310602921472,0.992707,0.793901,0.788110,1
98,1790184310603311827,0.992548,0.794973,0.000000,0
99,1790184310603732971,0.992975,0.766672,0.761286,1
100,1790184310604155426,0.992469,0.890262,0.883557,1
101,1790184310604575760,0.992925,0.766473,0.761050,1
102,1790184310604996604,0.992757,0.883841,0.000000,0
103,1790184310605416169,0.992985,0.767024,0.761643,1
104,1790184310606216788,0.992339,0.524825,0.520804,1
105,1790184310606636413,0.992895,0.775927,0.000000,0
106,1790184310607445792,0.992915,0.520461,0.000000,0
107,1790184310607863697,0.992876,0.772559,0.000000,0
108,1790184310608289811,0.992171,0.764749,0.758762,1
109,1790184310609092730,0.992568,0.716186,0.710863,1
110,1790184310609858380,0.992885,0.546549,0.000000,0
111,1790184310610247585,0.992488,0.922988,0.000000,0
112,1790184310610668599,0.993016,0.762330,0.000000,0
113,1790184310611059944,0.992498,0.789025,0.783106,1
114,1790184310611480259,0.992746,0.768114,0.762543,1
115,1790184310611868184,0.993024,0.789799,0.000000,0
116,1790184310612295678,0.992320,0.761659,0.755809,1
117,1790184310612716462,0.992766,0.765592,0.000000,0
118,1790184310613112537,0.992508,0.789475,0.000000,0
119,1790184310613504052,0.993074,0.791206,0.785726,1
120,1790184310613895067,0.992756,0.786017,0.000000,0
121,1790184310614317731,0.992627,0.776060,0.770338,1
122,1790184310614745475,0.992906,0.887126,0.000000,0
123,1790184310615167380,0.992459,0.767262,0.761476,1
124,1790184310616340204,0.992389,0.364578,0.361803,1
125,1790184310616724399,0.992588,0.801326,0.000000,0
126,1790184310617150844,0.992220,0.895002,0.000000,0
127,1790184310617538898,0.992986,0.794163,0.000000,0
128,1790184310617960853,0.993005,0.767270,0.761902,1
129,1790184310618347428,0.992895,0.929193,0.922591,1
130,1790184310618734562,0.992767,0.794902,0.789153,1
131,1790184310619160227,0.993005,0.896149,0.889880,1
132,1790184310619545772,0.993005,0.794290,0.788733,1
133,1790184310619935516,0.992867,0.919534,0.912975,1
134,1790184310620323471,0.992697,0.925659,0.918899,1
135,1790184310620709676,0.992975,0.918642,0.000000,0
136,1790184310621107321,0.992171,0.782300,0.776175,1
137,1790184310621533995,0.992885,0.889071,0.882746,1
138,1790184310622300895,0.992369,0.543502,0.539355,1
139,1790184310623064875,0.992449,0.548646,0.544503,1
140,1790184310623485549,0.992866,0.772019,0.766511,1
141,1790184310623902774,0.992856,0.770969,0.765461,1
142,1790184310624298379,0.992518,0.793012,0.787079,1
143,1790184310624686623,0.992827,0.795681,0.000000,0
144,1790184310625080238,0.992330,0.916293,0.909265,1
145,1790184310625469943,0.992836,0.921264,0.000000,0
146,1790184310625856098,0.992866,0.793305,0.000000,0
147,1790184310626246493,0.992558,0.793639,0.000000,0
148,1790184310627036302,0.992955,0.718108,0.713049,1
149,1790184310627456077,0.992866,0.776470,0.000000,0
150,1790184310627850712,0.992866,0.789301,0.783670,1
151,1790184310628277506,0.992032,0.766825,0.760715,1
152,1790184310629051516,0.988902,0.544595,0.538552,1
153,1790184310629466910,0.992707,0.776362,0.770700,1
154,1790184310629885375,0.992866,0.770561,0.000000,0
155,1790184310630652565,0.992885,0.745100,0.739799,1
156,1790184310631074099,0.992528,0.890913,0.000000,0
157,1790184310631460684,0.992975,0.795410,0.789823,1
158,1790184310632262163,0.992459,0.524001,0.520050,1
159,1790184310633063133,0.992270,0.529018,0.000000,0
160,1790184310633858792,0.992856,0.618162,0.613746,1
161,1790184310634253907,0.992151,0.794036,0.787803,1
162,1790184310635063346,0.992369,0.533817,0.529744,1
163,1790184310635856846,0.992905,0.531596,0.000000,0
164,1790184310636273940,0.992488,0.898536,0.891787,1
165,1790184310636691815,0.992876,0.889364,0.883027,1
166,1790184310637080999,0.992589,0.788135,0.782294,1
167,1790184310637509184,0.992627,0.763481,0.757852,1
168,1790184310637929748,0.992876,0.769245,0.000000,0
169,1790184310638316653,0.992965,0.799286,0.793662,1
170,1790184310638707818,0.992895,0.791325,0.785703,1
171,1790184310639132722,0.992399,0.764483,0.000000,0
172,1790184310639931662,0.992955,0.527808,0.524090,1
173,1790184310640357196,0.992697,0.768584,0.762970,1
174,1790184310640776221,0.992895,0.769667,0.000000,0
175,1790184310641201935,0.992806,0.899237,0.000000,0
176,1790184310641595150,0.992766,0.790977,0.785255,1
177,1790184310642739565,0.992776,0.372869,0.370176,1
178,1790184310643156609,0.992588,0.781885,0.000000,0
179,1790184310643575904,0.992687,0.771401,0.000000,0
180,1790184310643972028,0.992975,0.786111,0.780589,1
181,1790184310644361213,0.992955,0.799158,0.000000,0
182,1790184310644793467,0.992766,0.759773,0.000000,0
183,1790184310645213702,0.992637,0.778632,0.772899,1
184,1790184310645636436,0.992915,0.769006,0.763558,1
185,1790184310646059890,0.992460,0.764804,0.759037,1
186,1790184310646479145,0.992727,0.772273,0.766656,1
187,1790184310646900339,0.992826,0.766925,0.761423,1
188,1790184310647295194,0.992101,0.796143,0.000000,0
189,1790184310647688249,0.993074,0.790834,0.785357,1
190,1790184310648084413,0.992350,0.793806,0.787734,1
191,1790184310648472768,0.992836,0.794854,0.000000,0
192,1790184310648864053,0.992985,0.920739,0.914279,1
193,1790184310649258398,0.992667,0.789807,0.000000,0
194,1790184310649678132,0.993005,0.768868,0.763489,1
195,1790184310650073247,0.992498,0.788079,0.000000,0
196,1790184310650458272,0.993044,0.799853,0.000000,0
197,1790184310650852017,0.992756,0.790723,0.000000,0
198,1790184310651245622,0.992399,0.789830,0.000000,0
199,1790184310651638596,0.992995,0.922398,0.915936,1
200,1790184310652032111,0.992995,0.788962,0.783435,1
201,1790184310652809861,0.982249,0.548180,0.000000,0
202,1790184310653203346,0.992349,0.792061,0.000000,0
203,1790184310653625250,0.992935,0.768514,0.763085,1
204,1790184310654052814,0.987727,0.763810,0.754436,1
205,1790184310654471449,0.992985,0.901632,0.895307,1
206,1790184310654889623,0.992766,0.767792,0.762238,1
207,1790184310655276488,0.992915,0.933272,0.926660,1
208,1790184310655694743,0.992508,0.772482,0.000000,0
209,1790184310656115507,0.992379,0.768683,0.762825,1
210,1790184310656917456,0.992589,0.525008,0.521117,1
211,1790184310657305931,0.992697,0.930495,0.000000,0
212,1790184310657691876,0.992965,0.805883,0.800213,1
213,1790184310658118191,0.992191,0.766487,0.760502,1
214,1790184310658543235,0.992697,0.766963,0.761362,1
215,1790184310658966959,0.992876,0.764720,0.000000,0
216,1790184310659388424,0.992528,0.769044,0.763298,1
217,1790184310660189433,0.992568,0.526012,0.522103,1
218,1790184310660611758,0.992578,0.769798,0.764084,1
219,1790184310661381197,0.992142,0.545877,0.541587,1
220,1790184310661803992,0.992617,0.769898,0.764214,1
221,1790184310662194497,0.992478,0.795490,0.000000,0
222,1790184310662617771,0.992836,0.766856,0.000000,0
223,1790184310663035776,0.992945,0.770368,0.764933,1
224,1790184310663455110,0.992905,0.775283,0.769783,1
225,1790184310663845385,0.992866,0.792473,0.000000,0
226,1790184310664271569,0.991863,0.767125,0.000000,0
227,1790184310664658404,0.992717,0.796796,0.790992,1
228,1790184310665054889,0.986847,0.790249,0.779855,1
229,1790184310665820259,0.992756,0.545277,0.541327,1
230,1790184310666283243,0.930374,0.992727,0.923607,1
231,1790184310666663828,0.992717,0.838444,0.832337,1
232,1790184310667080822,0.992320,0.892153,0.000000,0
233,1790184310667864562,0.992836,0.535748,0.531909,1
234,1790184310668280166,0.992816,0.895505,0.000000,0
235,1790184310668698271,0.992647,0.768306,0.762657,1
236,1790184310669121745,0.992022,0.896032,0.888884,1
237,1790184310669512790,0.992508,0.795084,0.789128,1
238,1790184310669934884,0.992568,0.765347,0.759659,1
239,1790184310670355538,0.992698,0.776533,0.770863,1
240,1790184310670774333,0.992657,0.771671,0.000000,0
241,1790184310671164288,0.992508,0.798199,0.000000,0
242,1790184310671586402,0.992478,0.768491,0.762711,1
243,1790184310672390301,0.992220,0.523347,0.519275,1
244,1790184310672778906,0.992687,0.927290,0.000000,0
245,1790184310673171291,0.992210,0.801583,0.000000,0
246,1790184310673576336,0.992687,0.909783,0.000000,0
247,1790184310673965950,0.992747,0.792933,0.787182,1
248,1790184310674355735,0.992498,0.797944,0.791958,1
249,1790184310674777930,0.992727,0.768483,0.000000,0
250,1790184310675199114,0.992429,0.775655,0.769783,1
251,1790184310675618359,0.992737,0.895495,0.888990,1
252,1790184310676004053,0.992797,0.793933,0.788215,1
253,1790184310676393688,0.992756,0.795896,0.790131,1
254,1790184310676820133,0.992578,0.767162,0.761468,1
255,1790184310677618352,0.992796,0.614398,0.609972,1
256,1790184310678036447,0.992300,0.770676,0.764742,1
257,1790184310678452591,0.992846,0.916156,0.909601,1
258,1790184310679214281,0.992449,0.546117,0.541993,1
259,1790184310679630495,0.992688,0.774765,0.000000,0
260,1790184310680028300,0.992826,0.786544,0.780901,1
261,1790184310680449205,0.992697,0.772713,0.767070,1
262,1790184310680913808,0.920703,0.992757,0.000000,0
263,1790184310681292203,0.992847,0.844917,0.000000,0
264,1790184310681675938,0.992747,0.798878,0.793084,1
265,1790184310682098383,0.992449,0.900379,0.893580,1
266,1790184310683268227,0.992250,0.361853,0.000000,0
267,1790184310684026117,0.992786,0.549069,0.545108,1
268,1790184310684440422,0.992746,0.776105,0.770476,1
269,1790184310684861596,0.992955,0.766067,0.760670,1
270,1790184310685252081,0.992598,0.789033,0.000000,0
271,1790184310685674845,0.992767,0.766481,0.000000,0
272,1790184310686095820,0.992538,0.768437,0.762703,1
273,1790184310686492395,0.992866,0.793440,0.787780,1
274,1790184310686914489,0.992776,0.772143,0.766565,1
275,1790184310687335274,0.992876,0.899255,0.000000,0
276,1790184310687788048,0.956447,0.993034,0.000000,0
277,1790184310688551857,0.992747,0.575019,0.570849,1
278,1790184310688972612,0.992856,0.768867,0.763374,1
279,1790184310689393566,0.992836,0.772506,0.766971,1
280,1790184310690576001,0.992697,0.358812,0.000000,0
281,1790184310690968065,0.992509,0.792846,0.000000,0
282,1790184310691355700,0.992766,0.797401,0.000000,0
283,1790184310691817414,0.954203,0.992607,0.947149,1
284,1790184310692195179,0.994217,0.982731,0.977048,1
285,1790184310692614254,0.992717,0.803637,0.797784,1
286,1790184310693035798,0.992905,0.770854,0.000000,0
287,1790184310693461302,0.992847,0.776463,0.000000,0
288,1790184310694233622,0.992717,0.540921,0.536981,1
289,1790184310694620017,0.992856,0.799573,0.000000,0
290,1790184310695049371,0.988498,0.765454,0.756650,1
291,1790184310695462876,0.992866,0.780854,0.775283,1
292,1790184310695880430,0.992986,0.773835,0.000000,0
293,1790184310696301835,0.992349,0.767339,0.000000,0
294,1790184310696720219,0.992945,0.771286,0.765845,1
295,1790184310697143044,0.992459,0.766472,0.760692,1
296,1790184310697564488,0.993104,0.768184,0.762887,1
297,1790184310698738102,0.992936,0.420014,0.417047,1
298,1790184310699541792,0.992717,0.526022,0.000000,0
299,1790184310699957756,0.992677,0.775005,0.000000,0
300,1790184310700719026,0.992439,0.550674,0.546510,1
301,1790184310701139450,0.992141,0.771703,0.765638,1
302,1790184310701559615,0.992826,0.772551,0.000000,0
303,1790184310701977939,0.992846,0.769591,0.764085,1
304,1790184310702396704,0.992617,0.772667,0.766963,1
305,1790184310702823508,0.992796,0.764230,0.000000,0
306,1790184310703243483,0.992379,0.770661,0.764788,1
307,1790184310703662917,0.992766,0.771409,0.765829,1
308,1790184310704085451,0.992449,0.767954,0.000000,0
309,1790184310705264226,0.992260,0.360780,0.357988,1
310,1790184310705680210,0.992945,0.773464,0.768007,1
311,1790184310706102915,0.992786,0.766740,0.761209,1
312,1790184310706900364,0.992756,0.528961,0.525129,1
313,1790184310707321269,0.992677,0.785357,0.000000,0
314,1790184310707743083,0.992707,0.895710,0.000000,0
315,1790184310708165707,0.992460,0.768514,0.762719,1
316,1790184310708585722,0.992995,0.770861,0.765461,1
317,1790184310708977407,0.992786,0.801046,0.795267,1
318,1790184310710527446,0.992905,0.336612,0.000000,0
319,1790184310711322656,0.992746,0.530406,0.526559,1
320,1790184310711738470,0.992975,0.774401,0.000000,0
321,1790184310712159765,0.992588,0.767792,0.762100,1
322,1790184310712582989,0.992965,0.768944,0.000000,0
323,1790184310713001503,0.992807,0.767393,0.761873,1
324,1790184310713421738,0.992518,0.771455,0.765683,1
325,1790184310713884182,0.921172,0.992796,0.914535,1
326,1790184310715028227,0.992786,0.392920,0.390086,1
327,1790184310715417621,0.992886,0.939010,0.000000,0
328,1790184310715839516,0.992836,0.770014,0.764497,1
329,1790184310716227141,0.992369,0.795641,0.000000,0
330,1790184310716989451,0.992737,0.736095,0.730748,1
331,1790184310717380355,0.992718,0.794140,0.788356,1
332,1790184310717806780,0.992856,0.763008,0.757557,1
333,1790184310718234514,0.992419,0.764154,0.758361,1
334,1790184310718619759,0.992876,0.797976,0.000000,0
335,1790184310719425818,0.992579,0.523734,0.000000,0
336,1790184310719846143,0.992816,0.771941,0.766395,1
337,1790184310720237358,0.992290,0.794051,0.787929,1
338,1790184310720626873,0.992687,0.794552,0.788741,1
339,1790184310721058017,0.991615,0.761917,0.755529,1
340,1790184310721448822,0.992449,0.796971,0.000000,0
341,1790184310721871996,0.992737,0.767900,0.762322,1
342,1790184310722296210,0.992390,0.768699,0.762849,1
343,1790184310722714855,0.992885,0.769960,0.000000,0
344,1790184310723138359,0.992082,0.767531,0.761454,1
345,1790184310723906439,0.992727,0.543415,0.000000,0
346,1790184310724323684,0.992469,0.775539,0.769698,1
347,1790184310725123783,0.992399,0.525381,0.000000,0
348,1790184310725922102,0.992806,0.613287,0.608875,1
349,1790184310726311127,0.992667,0.926002,0.000000,0
350,1790184310727108487,0.992459,0.525050,0.000000,0
351,1790184310727523961,0.992836,0.774896,0.769344,1
352,1790184310727944855,0.993044,0.768906,0.763558,1
353,1790184310728719535,0.992846,0.544732,0.540834,1
354,1790184310729144049,0.992588,0.892492,0.000000,0
355,1790184310730330293,0.992460,0.358507,0.000000,0
356,1790184310731111663,0.992091,0.537890,0.000000,0
357,1790184310731501698,0.992717,0.923127,0.916403,1
358,1790184310732650723,0.992687,0.427693,0.424565,1
359,1790184310733052147,0.988003,0.785600,0.776175,1
360,1790184310733476872,0.992687,0.769914,0.764283,1
361,1790184310733896436,0.992697,0.893233,0.886709,1
362,1790184310734692225,0.992797,0.530980,0.527155,1
363,1790184310735114170,0.992290,0.767922,0.762001,1
364,1790184310735503845,0.992796,0.796310,0.790573,1
365,1790184310735927569,0.992737,0.766557,0.760989,1
366,1790184310736693139,0.992995,0.546478,0.542649,1
367,1790184310737085324,0.992240,0.790937,0.784800,1
368,1790184310737508168,0.993024,0.770646,0.765270,1
369,1790184310737898313,0.992697,0.792806,0.787016,1
370,1790184310738294248,0.992538,0.791032,0.785129,1
371,1790184310738683463,0.992846,0.795959,0.000000,0
372,1790184310739106857,0.992310,0.892269,0.000000,0
373,1790184310739705879,0.804361,0.992776,0.798551,1
374,1790184310740095674,0.992339,0.783561,0.000000,0
375,1790184310740490509,0.992856,0.791095,0.785443,1
376,1790184310740882194,0.992677,0.791206,0.785412,1
377,1790184310741277358,0.992766,0.923653,0.000000,0
378,1790184310741699003,0.992846,0.769544,0.000000,0
379,1790184310742096897,0.992837,0.784620,0.778999,1
380,1790184310742517532,0.992866,0.895844,0.889453,1
381,1790184310742901187,0.992836,0.793631,0.000000,0
382,1790184310743285762,0.992836,0.802168,0.796421,1
383,1790184310743703956,0.992707,0.772143,0.766511,1
384,1790184310744478356,0.992637,0.539403,0.535432,1
385,1790184310744864211,0.992617,0.797202,0.791317,1
386,1790184310745287095,0.992280,0.767324,0.000000,0
387,1790184310745667090,0.992786,0.802353,0.796565,1
388,1790184310746131614,0.952334,0.992796,0.945474,1
389,1790184310746884244,0.992856,0.670397,0.665608,1
390,1790184310747275099,0.992796,0.931258,0.000000,0
391,1790184310747691593,0.992986,0.767470,0.762087,1
392,1790184310748083228,0.992260,0.790929,0.000000,0
393,1790184310748500403,0.992598,0.774818,0.769083,1
394,1790184310748915787,0.992846,0.775571,0.000000,0
395,1790184310749301032,0.992528,0.799525,0.000000,0
396,1790184310749718187,0.992905,0.770422,0.764956,1
397,1790184310750101751,0.992648,0.932413,0.925558,1
398,1790184310750520536,0.993084,0.768683,0.000000,0
399,1790184310751313755,0.992617,0.528765,0.000000,0
400,1790184310751727050,0.992766,0.776206,0.000000,0
401,1790184310752147564,0.992459,0.769045,0.763245,1
402,1790184310752564169,0.992598,0.774144,0.768414,1
403,1790184310752949233,0.992628,0.796708,0.790835,1
404,1790184310753371298,0.992578,0.771139,0.000000,0
405,1790184310753800382,0.992647,0.763688,0.758073,1
406,1790184310754220017,0.992518,0.772628,0.000000,0
407,1790184310754635211,0.993015,0.773727,0.000000,0
408,1790184310755056316,0.992568,0.766150,0.760456,1
409,1790184310755475510,0.992786,0.772397,0.766825,1
410,1790184310755891454,0.992847,0.771649,0.000000,0
411,1790184310756678034,0.992915,0.536268,0.532468,1
412,1790184310757096369,0.992270,0.897907,0.890966,1
413,1790184310757516133,0.992846,0.888822,0.882463,1
414,1790184310757937277,0.992638,0.764651,0.759022,1
415,1790184310758328862,0.992786,0.794830,0.000000,0
416,1790184310758748837,0.992667,0.768575,0.762939,1
417,1790184310759141121,0.992350,0.790558,0.000000,0
418,1790184310759559926,0.992707,0.770792,0.000000,0
419,1790184310760358245,0.992508,0.528622,0.524662,1
420,1790184310760777790,0.992816,0.901253,0.000000,0
421,1790184310761203254,0.991992,0.775067,0.000000,0
422,1790184310761624419,0.992876,0.769690,0.764207,1
423,1790184310762049183,0.987647,0.763558,0.000000,0
424,1790184310762468357,0.992857,0.773851,0.768323,1
425,1790184310762886402,0.992935,0.769998,0.764558,1
426,1790184310763307516,0.992717,0.767240,0.761652,1
427,1790184310763724241,0.992866,0.766802,0.761331,1
428,1790184310764522980,0.992707,0.521847,0.000000,0
429,1790184310764942165,0.992746,0.768898,0.000000,0
430,1790184310765732464,0.993084,0.533295,0.000000,0
431,1790184310766124769,0.992578,0.789902,0.784039,1
432,1790184310766547003,0.992817,0.770423,0.000000,0
433,1790184310767344333,0.992667,0.527450,0.523582,1
434,1790184310768520727,0.992617,0.363398,0.360715,1
435,1790184316778130524,0.983213,0.405515,0.000000,0
436,1790184316778710716,0.988508,0.965491,0.954395,1
437,1790184316779173320,0.989971,0.827714,0.819413,1
438,1790184316779607955,0.991358,0.810902,0.803894,1
439,1790184316780022689,0.991655,0.816591,0.809776,1
440,1790184316780444703,0.991795,0.785397,0.778953,1
441,1790184316780868818,0.991794,0.778795,0.000000,0
442,1790184316781671477,0.991645,0.533754,0.000000,0
443,1790184316782086012,0.984767,0.786921,0.000000,0
444,1790184316782514986,0.992072,0.780534,0.774346,1
445,1790184316782906711,0.992111,0.804442,0.798096,1
446,1790184316783298956,0.991843,0.791554,0.000000,0
447,1790184316784071996,0.992230,0.544372,0.540143,1
448,1790184316784495250,0.991923,0.779536,0.773239,1
449,1790184316784886395,0.992042,0.792893,0.000000,0
450,1790184316785276080,0.991149,0.792576,0.785561,1
451,1790184316785660124,0.992132,0.796692,0.000000,0
452,1790184316786091669,0.992091,0.759886,0.000000,0
453,1790184316786510473,0.992091,0.893581,0.000000,0
454,1790184316787276963,0.990644,0.624075,0.618237,1
455,1790184316788034113,0.992082,0.637071,0.000000,0
456,1790184316788500207,0.943802,0.992617,0.936834,1
457,1790184316788887722,0.991100,0.832354,0.824945,1
458,1790184316789307936,0.991903,0.922785,0.000000,0
459,1790184316789692131,0.992320,0.923200,0.916110,1
460,1790184316790118135,0.991883,0.763154,0.000000,0
461,1790184316790509870,0.992210,0.794687,0.788497,1
462,1790184316791277330,0.991933,0.738602,0.000000,0
463,1790184316791664185,0.992647,0.928301,0.000000,0
464,1790184316792092559,0.992022,0.762764,0.756679,1
465,1790184316792478354,0.992766,0.931668,0.924928,1
466,1790184322801789838,0.981631,0.444489,0.436324,1
467,1790184322802324040,0.990090,0.905835,0.896859,1
468,1790184322803223038,0.990754,0.525140,0.520284,1
469,1790184322803663723,0.985772,0.995172,0.981013,1
470,1790184322804073227,0.992091,0.867319,0.000000,0
471,1790184322804488062,0.991824,0.950298,0.942528,1
472,1790184322804914146,0.991715,0.784329,0.000000,0
473,1790184322805725885,0.653486,0.991804,0.648130,1
474,1790184322806493785,0.991546,0.573990,0.569138,1
475,1790184322806920049,0.992141,0.769699,0.763650,1
476,1790184322807339784,0.991943,0.773394,0.000000,0
477,1790184322807760938,0.991903,0.908047,0.000000,0
478,1790184322808559568,0.992082,0.527708,0.523529,1
479,1790184322808955102,0.990328,0.929834,0.920841,1
480,1790184322809348687,0.992220,0.799957,0.000000,0
481,1790184322809771902,0.992339,0.769644,0.763748,1
482,1790184322810194276,0.991893,0.768652,0.762421,1
483,1790184322810614240,0.992321,0.774416,0.000000,0
484,1790184322811029695,0.992419,0.774253,0.000000,0
485,1790184322811792835,0.992449,0.748237,0.000000,0
486,1790184322812209949,0.991655,0.774641,0.000000,0
487,1790184322812634634,0.992518,0.768114,0.000000,0
488,1790184322813023649,0.992399,0.803203,0.000000,0
489,1790184322813417403,0.992439,0.795315,0.000000,0
490,1790184322813836188,0.992379,0.772273,0.766388,1
491,1790184322814227543,0.991903,0.799126,0.000000,0
492,1790184322814616887,0.992192,0.797689,0.791460,1
493,1790184322815003682,0.992498,0.797744,0.791760,1
494,1790184322815766282,0.992330,0.548854,0.544644,1
495,1790184322816153037,0.991784,0.798056,0.791499,1
496,1790184322816570022,0.992131,0.775330,0.000000,0
497,1790184322816955537,0.992151,0.801342,0.000000,0
498,1790184322817380991,0.992161,0.771648,0.765599,1
499,1790184322818152141,0.991695,0.543959,0.000000,0
500,1790184322818576425,0.992439,0.771193,0.000000,0
501,1790184322819718570,0.992151,0.374495,0.371556,1
502,1790184322820201224,0.908401,0.992449,0.901542,1
503,1790184322820587708,0.992013,0.841006,0.834289,1
504,1790184322820975673,0.992300,0.792901,0.786795,1
505,1790184322821396088,0.992260,0.776268,0.000000,0
506,1790184322821819122,0.992310,0.770762,0.000000,0
507,1790184322822212327,0.990951,0.802513,0.795251,1
508,1790184322822600902,0.992419,0.799461,0.793401,1
509,1790184322823022796,0.992449,0.768076,0.762276,1
510,1790184322823414701,0.992260,0.795657,0.000000,0
511,1790184322824179111,0.992101,0.641270,0.000000,0
512,1790184322824564606,0.992379,0.801278,0.795172,1
513,1790184322824954111,0.992270,0.794838,0.788694,1
514,1790184322825345555,0.990893,0.940598,0.932032,1
515,1790184322825730590,0.992260,0.797513,0.791340,1
516,1790184322826126885,0.984029,0.921512,0.000000,0
517,1790184322826520710,0.992389,0.926326,0.919276,1
518,1790184322827326759,0.991685,0.522139,0.517798,1
519,1790184322827711944,0.992280,0.802112,0.795920,1
520,1790184322828483434,0.991387,0.542215,0.537545,1
521,1790184322828883688,0.992310,0.791720,0.785632,1
522,1790184322829307343,0.991824,0.773997,0.000000,0
523,1790184322829726367,0.992320,0.773231,0.000000,0
524,1790184322830117862,0.987844,0.795307,0.000000,0
525,1790184322830538986,0.992330,0.774726,0.768783,1
526,1790184322830928581,0.992379,0.795983,0.000000,0
527,1790184325834759351,0.974998,0.995231,0.970348,1
528,1790184325835375083,0.978749,0.995819,0.974657,1
529,1790184331844826514,0.984906,0.356537,0.351156,1
530,1790184334850303631,0.370631,0.963300,0.357029,1
531,1790184334850982222,0.975505,0.992578,0.000000,0
532,1790184334851428696,0.990119,0.937256,0.927995,1
533,1790184334851842850,0.991616,0.947300,0.939359,1
534,1790184334852248955,0.991843,0.836082,0.829263,1
535,1790184334852669819,0.991983,0.808894,0.802410,1
536,1790184334853075774,0.992141,0.802088,0.795784,1
537,1790184334853609237,0.864341,0.992171,0.857574,1
538,1790184334854023222,0.962087,0.992260,0.954641,1
539,1790184334854410346,0.992192,0.846566,0.839956,1
540,1790184334854835861,0.992052,0.767047,0.000000,0
541,1790184334855263085,0.991090,0.766849,0.760016,1
542,1790184334855659460,0.992091,0.794321,0.788040,1
543,1790184334856054275,0.992260,0.793290,0.000000,0
544,1790184334856479169,0.992191,0.772273,0.766242,1
545,1790184334857283458,0.992003,0.528263,0.524039,1
546,1790184334857678023,0.992161,0.796716,0.790470,1
547,1790184334858098768,0.992260,0.915130,0.908047,1
548,1790184334858492912,0.992202,0.794751,0.788553,1
549,1790184334859260762,0.992032,0.549030,0.544655,1
550,1790184334859649727,0.992746,0.934916,0.928134,1
551,1790184334860073531,0.992033,0.770199,0.000000,0
552,1790184334860463826,0.992409,0.800822,0.794743,1
553,1790184334861656911,0.992270,0.425394,0.422106,1
554,1790184334862425760,0.991814,0.548317,0.543828,1
555,1790184334862822595,0.992290,0.795649,0.000000,0
556,1790184334863628774,0.992231,0.614840,0.610064,1
557,1790184334864048329,0.992459,0.774338,0.768498,1
558,1790184334864469203,0.992082,0.775633,0.000000,0
559,1790184334864887438,0.992260,0.774129,0.768137,1
560,1790184334865286723,0.992240,0.789988,0.783858,1
561,1790184334865718567,0.992161,0.897359,0.000000,0
562,1790184334866111262,0.992330,0.794854,0.788757,1
563,1790184334867276026,0.992121,0.369100,0.366192,1
564,1790184334867674881,0.992310,0.793710,0.787606,1
565,1790184334868072676,0.992141,0.788923,0.782723,1
566,1790184334868500220,0.992330,0.770707,0.000000,0
567,1790184334868897025,0.990050,0.934103,0.924808,1
568,1790184334869376038,0.944491,0.992697,0.937593,1
569,1790184334869759223,0.992478,0.843161,0.836819,1
570,1790184334870202677,0.991725,0.756210,0.749953,1
571,1790184334870597712,0.992369,0.795808,0.000000,0
572,1790184334871029117,0.992607,0.764489,0.758838,1
573,1790184334871425891,0.992201,0.797473,0.000000,0
574,1790184334871852686,0.992330,0.767178,0.000000,0
575,1790184334872255220,0.992310,0.791182,0.785098,1
576,1790184334872652855,0.992637,0.791515,0.000000,0
577,1790184334873053930,0.992637,0.793052,0.000000,0
578,1790184334873484134,0.992280,0.899533,0.892589,1
579,1790184334873880529,0.992270,0.922591,0.915460,1
580,1790184334874280293,0.991962,0.786560,0.780238,1
581,1790184334874674378,0.992617,0.792830,0.786976,1
582,1790184334875074843,0.991149,0.928914,0.920693,1
583,1790184334875556966,0.911323,0.992935,0.904884,1
584,1790184334876717361,0.992419,0.385985,0.383058,1
585,1790184334877511790,0.991724,0.537309,0.532862,1
586,1790184334877905545,0.992330,0.797481,0.000000,0
587,1790184334878691855,0.992409,0.536407,0.000000,0
588,1790184334879115849,0.992369,0.774578,0.768667,1
589,1790184334879540713,0.992301,0.773805,0.767847,1
590,1790184334879965808,0.992508,0.768076,0.000000,0
591,1790184334880364003,0.989951,0.927884,0.000000,0
592,1790184334881149262,0.992191,0.535882,0.000000,0
593,1790184334881554107,0.992349,0.790281,0.784235,1
594,1790184334882344336,0.991318,0.535491,0.000000,0
595,1790184334882743941,0.992389,0.795100,0.789049,1
596,1790184334883532401,0.991705,0.535132,0.530693,1
597,1790184334884702635,0.992121,0.429687,0.426301,1
598,1790184334885125020,0.992439,0.913366,0.906459,1
599,1790184334885531524,0.992379,0.785585,0.779598,1
600,1790184334885955659,0.992300,0.897754,0.000000,0
601,1790184334886384333,0.992072,0.771787,0.765668,1
602,1790184334887204592,0.992022,0.604845,0.600020,1
603,1790184334887607967,0.992548,0.791815,0.785915,1
604,1790184334888432466,0.991764,0.515529,0.511284,1
605,1790184334888857560,0.992429,0.910648,0.903753,1
606,1790184334889259865,0.992171,0.787472,0.781307,1
607,1790184334890453349,0.992082,0.416421,0.413124,1
608,1790184334891095991,0.794695,0.992498,0.000000,0
609,1790184334891864760,0.992171,0.548388,0.000000,0
610,1790184334892286435,0.991933,0.778453,0.000000,0
611,1790184334892710449,0.992369,0.769183,0.763314,1
612,1790184334893100684,0.992478,0.795522,0.789538,1
613,1790184334893539548,0.992290,0.765783,0.759879,1
614,1790184334893962603,0.992598,0.769960,0.000000,0
615,1790184334894361947,0.991972,0.793329,0.000000,0
616,1790184334894793912,0.992399,0.764482,0.758671,1
617,1790184334895202286,0.992379,0.783756,0.000000,0
618,1790184334895636560,0.992400,0.894914,0.888112,1
619,1790184334896035985,0.992379,0.788410,0.000000,0
620,1790184334896434210,0.992171,0.797856,0.000000,0
621,1790184334896864974,0.992409,0.764796,0.758991,1
622,1790184334897292128,0.992142,0.767393,0.000000,0
623,1790184334897685663,0.992459,0.796549,0.000000,0
624,1790184334898467313,0.992121,0.538508,0.534266,1
625,1790184334899252872,0.992101,0.538999,0.000000,0
626,1790184334899649837,0.992538,0.796756,0.790810,1
627,1790184334900057012,0.992647,0.913247,0.906532,1
628,1790184334900487406,0.992598,0.897736,0.000000,0
629,1790184334901274725,0.991992,0.533908,0.000000,0
630,1790184334901669780,0.992429,0.797003,0.790969,1
631,1790184334902072125,0.992310,0.787961,0.000000,0
632,1790184334902473049,0.992539,0.928524,0.921596,1
633,1790184334902868804,0.992588,0.792734,0.000000,0
634,1790184334903645544,0.992617,0.634979,0.630291,1
635,1790184334904426334,0.991615,0.540072,0.535544,1
636,1790184334904918217,0.897360,0.992191,0.890352,1
637,1790184334905316072,0.991754,0.834220,0.827341,1
638,1790184334905743336,0.992300,0.775610,0.000000,0
639,1790184334906139411,0.992419,0.789136,0.783153,1
640,1790184334906531396,0.992240,0.798854,0.792655,1
641,1790184334907343905,0.991873,0.525712,0.000000,0
642,1790184334907769009,0.992261,0.903881,0.896886,1
643,1790184334908162664,0.992260,0.934056,0.926826,1
644,1790184334908595018,0.992221,0.769630,0.763643,1
645,1790184334909026903,0.992280,0.761864,0.000000,0
646,1790184334909811042,0.992419,0.541793,0.537685,1
647,1790184334910237037,0.991794,0.900208,0.000000,0
648,1790184334910630292,0.992469,0.792536,0.786567,1
649,1790184334911030626,0.991982,0.918210,0.000000,0
650,1790184334911426191,0.992330,0.797314,0.791198,1
651,1790184334911815136,0.992518,0.796254,0.000000,0
652,1790184334912244510,0.992220,0.906659,0.899605,1
653,1790184334912671735,0.992339,0.770869,0.000000,0
654,1790184334913070209,0.992359,0.789696,0.783662,1
655,1790184334913473824,0.992320,0.789625,0.783561,1
656,1790184334913902158,0.992240,0.764995,0.759059,1
657,1790184334914298723,0.992091,0.792980,0.786709,1
658,1790184334914727817,0.992320,0.900696,0.893778,1
659,1790184334915125672,0.992310,0.788473,0.782410,1
660,1790184334915535707,0.992201,0.788686,0.000000,0
661,1790184334915932921,0.992320,0.792267,0.000000,0
662,1790184334916332956,0.991992,0.794242,0.787882,1
663,1790184334916764270,0.992230,0.764376,0.758437,1
664,1790184334917158725,0.992488,0.792164,0.786213,1
665,1790184334917971184,0.992479,0.527498,0.000000,0
666,1790184334918366369,0.991695,0.795888,0.000000,0
667,1790184334918791714,0.992369,0.768706,0.762840,1
668,1790184334919222728,0.991824,0.774005,0.767676,1
669,1790184334920042277,0.992578,0.607251,0.000000,0
670,1790184334920822207,0.992429,0.637989,0.633159,1
671,1790184334921220731,0.992063,0.789357,0.783092,1
672,1790184334921614176,0.992399,0.796589,0.790534,1
673,1790184334922010461,0.992399,0.794910,0.000000,0
674,1790184334922818330,0.992429,0.527302,0.523310,1
675,1790184334923301244,0.921946,0.992538,0.915066,1
676,1790184334923684029,0.992776,0.981219,0.000000,0
677,1790184334924076094,0.992161,0.826308,0.000000,0
678,1790184334924473668,0.992349,0.795737,0.789649,1
679,1790184334924866353,0.992369,0.796254,0.790178,1
680,1790184334925641043,0.992558,0.636740,0.632001,1
681,1790184334926037108,0.992369,0.793670,0.000000,0
682,1790184334926435452,0.992181,0.807020,0.800710,1
683,1790184334926866086,0.992301,0.764467,0.000000,0
684,1790184334927647246,0.992310,0.537277,0.533145,1
685,1790184334928044621,0.992359,0.792275,0.000000,0
686,1790184334928472305,0.992111,0.770484,0.764405,1
687,1790184334928900409,0.992449,0.766320,0.760533,1
688,1790184334929715869,0.992230,0.518839,0.514808,1
689,1790184334930111273,0.992449,0.796119,0.000000,0
690,1790184334930746165,0.818119,0.992181,0.811722,1
691,1790184334931146850,0.992419,0.829520,0.823231,1
692,1790184334931626883,0.938897,0.992796,0.000000,0
693,1790184334932014888,0.991903,0.841064,0.834253,1
694,1790184334932437452,0.992291,0.910448,0.903430,1
695,1790184334932833337,0.992230,0.802248,0.796015,1
696,1790184334933265272,0.992072,0.893974,0.000000,0
697,1790184334933659346,0.992459,0.925437,0.918458,1
698,1790184334934058641,0.992300,0.785648,0.779598,1
699,1790184334934454576,0.992260,0.795339,0.000000,0
700,1790184334935268055,0.991764,0.520476,0.516190,1
701,1790184334935666080,0.990020,0.924984,0.000000,0
702,1790184334936061845,0.992320,0.790739,0.000000,0
703,1790184334936460909,0.992161,0.792996,0.786780,1
704,1790184334936892104,0.992082,0.769837,0.000000,0
705,1790184334937289438,0.989674,0.942793,0.933057,1
706,1790184334937694993,0.992300,0.788308,0.782237,1
707,1790184334938121397,0.992280,0.765891,0.000000,0
708,1790184334938548242,0.992449,0.770260,0.764444,1
709,1790184334938973056,0.992469,0.768614,0.762825,1
710,1790184334939791145,0.992409,0.519338,0.000000,0
711,1790184334940602624,0.992400,0.526370,0.522370,1
712,1790184334941028289,0.992369,0.770476,0.764597,1
713,1790184334941428544,0.992330,0.793099,0.787016,1
714,1790184334941855578,0.992389,0.768537,0.000000,0
715,1790184334943028262,0.992260,0.363911,0.361094,1
716,1790184334943521916,0.898347,0.992836,0.891911,1
717,1790184334943907461,0.992528,0.849406,0.843059,1
718,1790184334944302975,0.991904,0.798351,0.791887,1
719,1790184334944731740,0.992161,0.767016,0.761004,1
720,1790184334945133095,0.992330,0.787173,0.781135,1
721,1790184334945538619,0.992300,0.790984,0.784894,1
722,1790184334945972253,0.992301,0.763589,0.757710,1
723,1790184334946786013,0.989496,0.524027,0.518522,1
724,1790184334947575362,0.991774,0.535973,0.531564,1
725,1790184334948003027,0.992330,0.776501,0.770545,1
726,1790184334948791906,0.991863,0.537110,0.532740,1
727,1790184334949592745,0.991815,0.535818,0.531432,1
728,1790184334950013140,0.992300,0.771903,0.765959,1
729,1790184334950779080,0.992181,0.547385,0.543105,1
730,1790184334951172265,0.992320,0.793060,0.000000,0
731,1790184334951600769,0.992349,0.904205,0.000000,0
732,1790184334952376259,0.991764,0.540710,0.536257,1
733,1790184334952773083,0.990506,0.923727,0.000000,0
734,1790184334953165958,0.992151,0.793710,0.787480,1
735,1790184334953597112,0.992331,0.772745,0.766819,1
736,1790184334953992327,0.992399,0.792560,0.786536,1
737,1790184334954389132,0.989703,0.930755,0.921172,1
738,1790184334955171201,0.991775,0.537283,0.532863,1
739,1790184334955597366,0.992310,0.780230,0.000000,0
740,1790184334956375935,0.992022,0.546877,0.000000,0
741,1790184334957542530,0.991913,0.368072,0.000000,0
742,1790184334957939565,0.992151,0.796541,0.790289,1
743,1790184334958367029,0.992280,0.903256,0.000000,0
744,1790184334959177218,0.992300,0.520690,0.516680,1
745,1790184334959610122,0.992400,0.777839,0.000000,0
746,1790184334960010607,0.992359,0.786323,0.000000,0
747,1790184334960407562,0.992101,0.789002,0.782770,1
748,1790184334961232181,0.992191,0.512625,0.508622,1
749,1790184334962428945,0.991824,0.354366,0.000000,0
750,1790184334962853290,0.992429,0.776455,0.000000,0
751,1790184334963280804,0.992210,0.766296,0.760327,1
752,1790184334963705398,0.992339,0.901894,0.894985,1
753,1790184334964492398,0.992161,0.536021,0.000000,0
754,1790184334964893783,0.992449,0.792196,0.786213,1
755,1790184334965292677,0.992141,0.789388,0.783184,1
756,1790184334965698292,0.992459,0.787339,0.781401,1
757,1790184334966130176,0.992558,0.761499,0.755832,1
758,1790184334966943005,0.992250,0.523294,0.000000,0
759,1790184334968141180,0.992478,0.357494,0.354805,1
760,1790184334968538094,0.992012,0.800205,0.000000,0
761,1790184334968933939,0.992498,0.794044,0.788087,1
762,1790184334969363713,0.991873,0.770816,0.764551,1
763,1790184334969788548,0.992339,0.769560,0.763664,1
764,1790184334970216492,0.991586,0.764681,0.758247,1
765,1790184334970995442,0.992369,0.543165,0.539020,1
766,1790184334971398966,0.991914,0.789839,0.783452,1
767,1790184334971797941,0.992290,0.790771,0.000000,0
768,1790184334972206476,0.991863,0.921946,0.914444,1
769,1790184334972609620,0.992331,0.786057,0.780028,1
770,1790184334973008475,0.992151,0.789088,0.000000,0
771,1790184334973410250,0.992052,0.790526,0.784242,1
772,1790184334973888323,0.942010,0.992817,0.935244,1
773,1790184334974279368,0.991853,0.847464,0.840560,1
774,1790184334974683183,0.992349,0.786898,0.000000,0
775,1790184334975085958,0.991863,0.918669,0.911194,1
776,1790184334975864257,0.992488,0.541110,0.537046,1
777,1790184334976275532,0.991863,0.779996,0.773649,1
778,1790184334976705806,0.992459,0.765416,0.000000,0
779,1790184334977131641,0.992191,0.900199,0.000000,0
780,1790184334977908010,0.992210,0.542291,0.538067,1
781,1790184334978308735,0.991883,0.793234,0.786795,1
782,1790184334978708370,0.992191,0.790075,0.783905,1
783,1790184334979104604,0.992509,0.790558,0.000000,0
784,1790184334979502979,0.992191,0.796883,0.790660,1
785,1790184334980317148,0.991993,0.608211,0.603341,1
786,1790184334980720703,0.992349,0.789444,0.000000,0
787,1790184334981897777,0.991953,0.364508,0.361575,1
788,1790184334982300142,0.991923,0.932488,0.924956,1
789,1790184334982726416,0.992330,0.768046,0.762154,1
790,1790184334983507776,0.991933,0.537836,0.533497,1
791,1790184334984328525,0.991933,0.519270,0.515081,1
792,1790184334985491399,0.991805,0.431452,0.000000,0
793,1790184334985879584,0.992469,0.803959,0.000000,0
794,1790184334986273599,0.992141,0.792600,0.000000,0
795,1790184334986696573,0.992569,0.902751,0.896043,1
796,1790184334987083778,0.992607,0.796796,0.000000,0
797,1790184334987510283,0.992469,0.770861,0.765055,1
798,1790184334987930327,0.992617,0.770831,0.000000,0
799,1790184334988353052,0.992002,0.774888,0.768690,1
800,1790184334988777426,0.992488,0.912690,0.000000,0
801,1790184334989250300,0.977800,0.992866,0.970824,1
802,1790184334989658254,0.992617,0.828021,0.821908,1
803,1790184334990823859,0.992469,0.427479,0.424260,1
804,1790184334991250293,0.992161,0.766718,0.000000,0
805,1790184334991696417,0.992419,0.752619,0.746913,1
806,1790184341001449355,0.985034,0.347227,0.342031,1
807,1790184341002048997,0.995959,0.978858,0.974902,1
808,1790184341002891596,0.991011,0.603395,0.597971,1
809,1790184341003696756,0.991467,0.595959,0.000000,0
810,1790184341004103320,0.992141,0.826631,0.820134,1
811,1790184341004498025,0.991873,0.818038,0.811390,1
812,1790184341004910270,0.991893,0.785569,0.779200,1
813,1790184341005693619,0.991814,0.543736,0.539285,1
814,1790184341006126794,0.991774,0.784031,0.777581,1
815,1790184341006519158,0.992191,0.805351,0.799062,1
816,1790184341006945353,0.991962,0.778103,0.000000,0
817,1790184341007352927,0.991615,0.777248,0.000000,0
818,1790184341007746202,0.992101,0.790826,0.000000,0
819,1790184341008547871,0.991577,0.523598,0.000000,0
820,1790184341008941926,0.991873,0.797880,0.000000,0
821,1790184341009337281,0.991477,0.786331,0.000000,0
822,1790184341009766445,0.992320,0.763810,0.000000,0
823,1790184341010539025,0.991903,0.539651,0.535282,1
824,1790184341010933870,0.991645,0.796979,0.000000,0
825,1790184341011331725,0.989664,0.923145,0.913603,1
826,1790184341011721949,0.992221,0.790780,0.784628,1
827,1790184341012501229,0.991873,0.534597,0.530252,1
828,1790184341012925384,0.991744,0.768614,0.762268,1
829,1790184341013347288,0.991516,0.767201,0.760692,1
830,1790184341013779202,0.992091,0.771942,0.000000,0
831,1790184341014219086,0.987213,0.753440,0.000000,0
832,1790184341015424620,0.991815,0.352616,0.349730,1
833,1790184341015822585,0.992101,0.788749,0.782519,1
834,1790184341016226690,0.984570,0.917586,0.000000,0
835,1790184341016658324,0.992101,0.761575,0.000000,0
836,1790184341017093008,0.992072,0.878045,0.871083,1
837,1790184341017518913,0.992230,0.766871,0.760912,1
838,1790184341017944247,0.992022,0.764093,0.000000,0
839,1790184341018350002,0.991675,0.778640,0.772157,1
840,1790184341018780516,0.992349,0.760190,0.754374,1
841,1790184341019566465,0.991893,0.533807,0.529479,1
842,1790184341020738380,0.992072,0.421739,0.418395,1
843,1790184341021142654,0.991972,0.781652,0.000000,0
844,1790184341021569489,0.991814,0.886203,0.000000,0
845,1790184341022006603,0.991933,0.873325,0.866279,1
846,1790184341022402798,0.991249,0.786756,0.779871,1
847,1790184341022795142,0.991934,0.790922,0.784542,1
848,1790184341023971327,0.991318,0.360347,0.000000,0
849,1790184341024382611,0.991825,0.796286,0.000000,0
850,1790184341024809986,0.992052,0.889924,0.882851,1
851,1790184341025612255,0.991863,0.522150,0.517901,1
852,1790184341026031720,0.992062,0.768729,0.000000,0
853,1790184341026808219,0.992161,0.538331,0.000000,0
854,1790184341027234264,0.991566,0.760281,0.753869,1
855,1790184341028385508,0.991686,0.369958,0.366882,1
856,1790184341028788193,0.991923,0.782386,0.000000,0
857,1790184341029563263,0.991992,0.629951,0.000000,0
858,1790184341029951808,0.992141,0.790613,0.784399,1
859,1790184341030378062,0.991903,0.763841,0.757656,1
860,1790184341031183051,0.992132,0.522594,0.518482,1
861,1790184341031576716,0.992349,0.786772,0.000000,0
862,1790184341032001731,0.992220,0.881589,0.000000,0
863,1790184341032394815,0.991924,0.791990,0.000000,0
864,1790184341033165685,0.992151,0.539937,0.000000,0
865,1790184341033967285,0.992270,0.525849,0.521784,1
866,1790184341034358479,0.991795,0.793346,0.786836,1
867,1790184341034747264,0.992181,0.794504,0.788292,1
868,1790184341035136649,0.992210,0.789254,0.783106,1
869,1790184341035525944,0.992290,0.790486,0.784392,1
870,1790184341036717758,0.992310,0.353689,0.350969,1
871,1790184341037907622,0.992400,0.410365,0.407246,1
872,1790184341038338597,0.991933,0.763848,0.757685,1
873,1790184341039129106,0.991962,0.531198,0.526928,1
874,1790184341039526441,0.991883,0.799342,0.792853,1
875,1790184341039921496,0.992260,0.790494,0.784376,1
876,1790184341040738815,0.992022,0.601245,0.596448,1
877,1790184341041909550,0.992469,0.423751,0.000000,0
878,1790184341042314334,0.991744,0.824221,0.817416,1
879,1790184341042744788,0.992192,0.789026,0.782865,1
880,1790184341043148433,0.986157,0.995132,0.000000,0
881,1790184341043959972,0.992211,0.648629,0.643577,1
882,1790184341044359897,0.991853,0.790866,0.000000,0
883,1790184341044804201,0.984777,0.755228,0.743731,1
884,1790184341045232256,0.992012,0.894161,0.887019,1
885,1790184341046040825,0.992349,0.524882,0.520866,1
886,1790184341046471849,0.991546,0.762764,0.756316,1
887,1790184341046901673,0.992161,0.766534,0.000000,0
888,1790184341047298598,0.991893,0.793853,0.000000,0
889,1790184341048119657,0.992349,0.515519,0.511575,1
890,1790184341048591331,0.922702,0.992717,0.000000,0
891,1790184341048979246,0.992379,0.840568,0.000000,0
892,1790184341049380330,0.992111,0.785993,0.000000,0
893,1790184341049812194,0.992053,0.760001,0.753961,1
894,1790184341050208199,0.992409,0.785718,0.779754,1
895,1790184341050640524,0.992409,0.768360,0.762527,1
896,1790184341051069958,0.992210,0.757527,0.751626,1
897,1790184341051847038,0.992250,0.541592,0.537395,1
898,1790184341052259502,0.991774,0.773410,0.000000,0
899,1790184341052724536,0.931658,0.992349,0.924531,1
900,1790184341053504766,0.991774,0.564219,0.000000,0
901,1790184341053930230,0.992339,0.765661,0.000000,0
902,1790184341054360134,0.991992,0.762101,0.755998,1
903,1790184341055560768,0.991557,0.352154,0.349181,1
904,1790184341055988303,0.992240,0.766717,0.760768,1
905,1790184341056419767,0.991804,0.762376,0.756127,1
906,1790184341056819072,0.992072,0.786394,0.780159,1
907,1790184341057646351,0.991665,0.593491,0.000000,0
908,1790184341058043916,0.991992,0.788197,0.781885,1
909,1790184341058863095,0.992419,0.516788,0.512870,1
910,1790184341059336658,0.921504,0.992489,0.914583,1
911,1790184341059729003,0.992290,0.830650,0.000000,0
912,1790184341060137948,0.992399,0.903970,0.897099,1
913,1790184341060537813,0.992270,0.921577,0.000000,0
914,1790184341060933127,0.992300,0.909930,0.902923,1
915,1790184341061332892,0.992002,0.781440,0.000000,0
916,1790184341062152311,0.992459,0.518928,0.515014,1
917,1790184341062966260,0.992112,0.520258,0.000000,0
918,1790184341063366025,0.991764,0.786599,0.780120,1
919,1790184341063792749,0.992430,0.762803,0.757028,1
920,1790184341064194984,0.992201,0.909619,0.902525,1
921,1790184341064626458,0.992142,0.891332,0.884328,1
922,1790184341065018893,0.992161,0.787669,0.781495,1
923,1790184341065448978,0.991843,0.759574,0.753379,1
924,1790184341065882082,0.992330,0.759453,0.753628,1
925,1790184341066282697,0.991526,0.784368,0.000000,0
926,1790184341066721111,0.992310,0.756799,0.000000,0
927,1790184341067149195,0.992230,0.761553,0.000000,0
928,1790184341067577439,0.992182,0.892171,0.000000,0
929,1790184341067970514,0.992290,0.913439,0.000000,0
930,1790184341069163798,0.992440,0.416717,0.000000,0
931,1790184341069588803,0.992220,0.771594,0.000000,0
932,1790184341070015387,0.992072,0.762330,0.756286,1
933,1790184341070830216,0.992300,0.519597,0.000000,0
934,1790184341071259991,0.991953,0.759719,0.753605,1
935,1790184341071684205,0.992260,0.764238,0.758323,1
936,1790184341072084670,0.991903,0.909774,0.000000,0
937,1790184341072510194,0.992399,0.767992,0.762154,1
938,1790184341072931939,0.991863,0.767561,0.000000,0
939,1790184341073359423,0.991655,0.759438,0.000000,0
940,1790184341074169282,0.991953,0.700217,0.694582,1
941,1790184341074600406,0.992280,0.761157,0.000000,0
942,1790184341075414615,0.991716,0.516071,0.511796,1
943,1790184353092842934,0.985575,0.355182,0.350058,1
944,1790184353093435166,0.993173,0.976970,0.000000,0
945,1790184353093994529,0.993283,0.976979,0.000000,0
946,1790184353094430863,0.991249,0.826746,0.819511,1
947,1790184353094861767,0.991863,0.810246,0.000000,0
948,1790184353095299671,0.990763,0.778960,0.771764,1
949,1790184353095721386,0.991427,0.785459,0.778725,1
950,1790184353096161270,0.991893,0.767423,0.761202,1
951,1790184353096585194,0.991536,0.931379,0.000000,0
952,1790184353097070628,0.928153,0.991843,0.920582,1
953,1790184353097483932,0.991834,0.825573,0.000000,0
954,1790184353097889557,0.991824,0.782370,0.775973,1
955,1790184353098307241,0.989437,0.773170,0.000000,0
956,1790184353098742686,0.991863,0.770938,0.764665,1
957,1790184353099155050,0.992032,0.783615,0.777371,1
958,1790184353099562525,0.991853,0.783921,0.000000,0
959,1790184353100364614,0.991427,0.530110,0.525565,1
960,1790184353100771319,0.991209,0.783764,0.000000,0
961,1790184353101170903,0.991815,0.786899,0.780457,1
962,1790184353101586168,0.991843,0.780425,0.000000,0
963,1790184353101988253,0.991496,0.785514,0.778834,1
964,1790184353102392617,0.991447,0.783483,0.000000,0
965,1790184353102831991,0.992033,0.759135,0.000000,0
966,1790184353103244796,0.991169,0.775896,0.769044,1
967,1790184353103649461,0.991744,0.788591,0.000000,0
968,1790184353104053005,0.991962,0.783021,0.000000,0
969,1790184353104457580,0.991675,0.785310,0.778772,1
970,1790184353104865335,0.991318,0.782840,0.776043,1
971,1790184353105272349,0.991219,0.780276,0.000000,0
972,1790184353105705293,0.991934,0.770638,0.764422,1
973,1790184353106103988,0.992072,0.787646,0.000000,0
974,1790184353106507203,0.991903,0.786426,0.000000,0
975,1790184353106916967,0.991775,0.786261,0.779794,1
976,1790184353107328912,0.991586,0.776082,0.769552,1
977,1790184353107736427,0.992330,0.785168,0.000000,0
978,1790184353108140521,0.991972,0.783568,0.000000,0
979,1790184353108543846,0.992022,0.792275,0.785954,1
980,1790184353109334535,0.991319,0.533935,0.000000,0
981,1790184353110623098,0.991448,0.376994,0.373769,1
982,1790184353111020363,0.991794,0.789823,0.783341,1
983,1790184353111805863,0.991814,0.532852,0.528490,1
984,1790184353112602032,0.991139,0.528945,0.000000,0
985,1790184353113402522,0.991635,0.529018,0.524593,1
986,1790184353113807966,0.991516,0.788308,0.000000,0
987,1790184353114212731,0.991744,0.918036,0.910457,1
988,1790184353115000600,0.991963,0.537385,0.533066,1
989,1790184353116192995,0.991863,0.359333,0.356409,1
990,1790184353116989754,0.991754,0.535507,0.531091,1
991,1790184353117394539,0.991625,0.784721,0.000000,0
992,1790184353117831423,0.991933,0.763199,0.000000,0
993,1790184353118232598,0.992101,0.797202,0.000000,0
994,1790184353118644452,0.992091,0.778150,0.000000,0
995,1790184353119043157,0.991913,0.785561,0.000000,0
996,1790184353119446952,0.991764,0.783122,0.776672,1
997,1790184353119852796,0.991863,0.781918,0.775555,1
998,1790184353120255671,0.991853,0.783380,0.776998,1
999,1790184353120689155,0.991992,0.889249,0.882128,1
1000,1790184353121482835,0.991506,0.529087,0.524593,1
1001,1790184353121884649,0.991695,0.924688,0.917008,1
1002,1790184353122285354,0.987133,0.782730,0.000000,0
1003,1790184353122713258,0.991774,0.772838,0.766481,1
1004,1790184353123494888,0.991486,0.536648,0.532080,1
1005,1790184353123892352,0.991785,0.924162,0.000000,0
1006,1790184353124296247,0.982927,0.780534,0.000000,0
1007,1790184353124694682,0.991943,0.791475,0.000000,0
1008,1790184353125092306,0.991815,0.786041,0.000000,0
1009,1790184353125497031,0.992052,0.913274,0.000000,0
1010,1790184353125908326,0.991556,0.774044,0.000000,0
1011,1790184353126709605,0.991933,0.738034,0.000000,0
1012,1790184353127500635,0.991447,0.530873,0.526333,1
1013,1790184353127901389,0.991764,0.790360,0.000000,0
1014,1790184353128309824,0.991437,0.784988,0.778266,1
1015,1790184353128744598,0.992091,0.896625,0.000000,0
1016,1790184353129172462,0.991696,0.895325,0.000000,0
1017,1790184353129571247,0.991962,0.787858,0.781526,1
1018,1790184353130004811,0.992063,0.766358,0.760275,1
1019,1790184353130800381,0.991863,0.622492,0.617427,1
1020,1790184353131210116,0.991893,0.780831,0.774500,1
1021,1790184353131612220,0.992002,0.790210,0.000000,0
1022,1790184353132808524,0.981838,0.416567,0.409001,1
1023,1790184353133628464,0.991625,0.520481,0.000000,0
1024,1790184353134058288,0.991734,0.767600,0.000000,0
1025,1790184353134464782,0.991567,0.795729,0.000000,0
1026,1790184353135671626,0.991428,0.352274,0.349254,1
1027,1790184353136105861,0.991774,0.766127,0.759825,1
1028,1790184353136512255,0.991526,0.784047,0.000000,0
1029,1790184353136924470,0.991635,0.784949,0.778383,1
1030,1790184353137329925,0.991596,0.784101,0.000000,0
1031,1790184353137732649,0.992131,0.785365,0.779185,1
1032,1790184353138133044,0.991923,0.787260,0.780901,1
1033,1790184353138537379,0.992082,0.790154,0.783898,1
1034,1790184353139361458,0.991288,0.514483,0.510001,1
1035,1790184353139764012,0.991814,0.788962,0.782503,1
1036,1790184353140162077,0.991923,0.789372,0.000000,0
1037,1790184353140565472,0.991853,0.789136,0.000000,0
1038,1790184353141367171,0.991566,0.526196,0.521758,1
1039,1790184353141771936,0.991982,0.790052,0.783717,1
1040,1790184353142969750,0.991645,0.354582,0.351619,1
1041,1790184353143374545,0.991576,0.787472,0.780838,1
1042,1790184353143810969,0.991804,0.758572,0.752355,1
1043,1790184353144623168,0.991675,0.523771,0.519410,1
1044,1790184353145024813,0.990812,0.788063,0.000000,0
1045,1790184353145427587,0.991407,0.782238,0.775517,1
1046,1790184353145830032,0.991635,0.786206,0.779629,1
1047,1790184353146231737,0.991863,0.792449,0.786001,1
1048,1790184353146629081,0.991894,0.789531,0.000000,0
1049,1790184353147024786,0.991764,0.790344,0.000000,0
1050,1790184353147424751,0.991130,0.786795,0.779816,1
1051,1790184353147822786,0.991834,0.788355,0.000000,0
1052,1790184353148229070,0.991893,0.779575,0.000000,0
1053,1790184353148671984,0.991497,0.753304,0.746899,1
1054,1790184353149073469,0.991576,0.924623,0.916834,1
1055,1790184353149480064,0.991536,0.786599,0.779941,1
1056,1790184353149882788,0.991586,0.786906,0.780284,1
1057,1790184353150291843,0.985289,0.782058,0.770553,1
1058,1790184353150693137,0.991973,0.789689,0.783351,1
1059,1790184353151093642,0.992121,0.788513,0.782300,1
1060,1790184353151493827,0.991953,0.931575,0.924078,1
1061,1790184353151894361,0.992251,0.786969,0.780871,1
1062,1790184353152305686,0.991427,0.778095,0.771424,1
1063,1790184353152711121,0.991804,0.920711,0.913165,1
1064,1790184353153109145,0.991556,0.921383,0.000000,0
1065,1790184353153509550,0.991655,0.917311,0.909656,1
1066,1790184353153907925,0.991843,0.786473,0.780058,1
1067,1790184353154317069,0.991387,0.776828,0.000000,0
1068,1790184353154752724,0.991873,0.892446,0.885194,1
1069,1790184353155573653,0.991625,0.517621,0.513286,1
1070,1790184353155976227,0.991962,0.791800,0.785435,1
1071,1790184353156391822,0.991774,0.775113,0.768737,1
1072,1790184353156803436,0.984325,0.780808,0.768569,1
1073,1790184353157630765,0.991765,0.604204,0.599229,1
1074,1790184353158033370,0.991764,0.786858,0.000000,0
1075,1790184353158440385,0.991834,0.782097,0.775710,1
1076,1790184353159239874,0.991804,0.529162,0.524825,1
1077,1790184353160034434,0.991794,0.533204,0.528828,1
1078,1790184353160439708,0.991596,0.783302,0.776719,1
1079,1790184353160844393,0.991734,0.784972,0.000000,0
1080,1790184353161253557,0.992073,0.779560,0.773380,1
1081,1790184353161667122,0.992062,0.917036,0.000000,0
1082,1790184353162469221,0.991616,0.527403,0.000000,0
1083,1790184353162905776,0.991824,0.765285,0.759028,1
1084,1790184353163323810,0.991665,0.775617,0.769152,1
1085,1790184353164114490,0.992062,0.535292,0.531043,1
1086,1790184353164914299,0.991615,0.527471,0.000000,0
1087,1790184353165319884,0.991556,0.782926,0.000000,0
1088,1790184353165759168,0.992072,0.758058,0.752047,1
1089,1790184353166159633,0.992052,0.786953,0.000000,0
1090,1790184353166562517,0.991962,0.787874,0.000000,0
1091,1790184353166997211,0.992013,0.760069,0.753998,1
1092,1790184353167401676,0.991457,0.781487,0.000000,0
1093,1790184353167804331,0.992002,0.789917,0.783600,1
1094,1790184353168211175,0.992003,0.779638,0.000000,0
1095,1790184353168620350,0.991883,0.783788,0.777426,1
1096,1790184353169024435,0.991338,0.784988,0.778188,1
1097,1790184353170224849,0.991705,0.353410,0.350478,1
1098,1790184353170661513,0.991625,0.768291,0.000000,0
1099,1790184353171054268,0.992091,0.928162,0.920822,1
1100,1790184353171449093,0.991665,0.795641,0.789009,1
1101,1790184353171842797,0.992091,0.795625,0.000000,0
1102,1790184353172236652,0.992151,0.791372,0.000000,0
1103,1790184353173025532,0.991358,0.628547,0.623115,1
1104,1790184353173426156,0.991467,0.783843,0.777155,1
1105,1790184353173821321,0.991794,0.791285,0.784792,1
1106,1790184353174216916,0.992012,0.791190,0.784870,1
1107,1790184353174998935,0.991893,0.538278,0.533914,1
1108,1790184353175399640,0.991596,0.786953,0.780339,1
1109,1790184353175798565,0.992002,0.922970,0.915588,1
1110,1790184353176596624,0.991447,0.529500,0.000000,0
1111,1790184353176995649,0.991258,0.790716,0.783803,1
1112,1790184353177404403,0.991586,0.782019,0.000000,0
1113,1790184353177819478,0.991893,0.776447,0.770152,1
1114,1790184353178222382,0.991993,0.784636,0.000000,0
1115,1790184353178625047,0.992082,0.790818,0.784556,1
1116,1790184353179436736,0.991269,0.520622,0.516077,1
1117,1790184353180218276,0.991992,0.539063,0.534747,1
1118,1790184353180613881,0.990842,0.929639,0.921125,1
1119,1790184353181010696,0.991348,0.788347,0.781526,1
1120,1790184353181407080,0.991546,0.787071,0.780417,1
1121,1790184353181836005,0.991873,0.896140,0.000000,0
1122,1790184353182233929,0.992131,0.792132,0.785899,1
1123,1790184353182628054,0.991972,0.792806,0.000000,0
1124,1790184353183023729,0.991982,0.792243,0.785891,1
1125,1790184353183805489,0.991774,0.539597,0.000000,0
1126,1790184353184205973,0.992101,0.928181,0.920849,1
1127,1790184353184606888,0.991090,0.787874,0.780854,1
1128,1790184353185011873,0.991665,0.780753,0.774245,1
1129,1790184353185408857,0.991496,0.789546,0.000000,0
1130,1790184353186183237,0.991863,0.541332,0.536928,1
1131,1790184353186961917,0.991615,0.540640,0.000000,0
1132,1790184353187370531,0.991735,0.779404,0.772962,1
1133,1790184353187770516,0.991774,0.788110,0.781627,1
1134,1790184353188543926,0.991179,0.542107,0.537325,1
1135,1790184353188941931,0.991209,0.790083,0.783137,1
1136,1790184353189341715,0.991645,0.786112,0.000000,0
1137,1790184353189735340,0.991873,0.797035,0.790557,1
1138,1790184353190126745,0.991853,0.798495,0.000000,0
1139,1790184353190523840,0.991834,0.793885,0.787401,1
1140,1790184353190919494,0.992092,0.790598,0.784346,1
1141,1790184353191323839,0.991834,0.788852,0.000000,0
1142,1790184353192100159,0.991873,0.541300,0.000000,0
1143,1790184353192510993,0.991438,0.780145,0.000000,0
1144,1790184353192940508,0.991258,0.764077,0.757398,1
1145,1790184353193343332,0.991744,0.785413,0.778929,1
1146,1790184353193742447,0.991933,0.789388,0.783020,1
1147,1790184353194139232,0.991982,0.789167,0.782840,1
1148,1790184353194544666,0.991775,0.788198,0.781715,1
1149,1790184353194945611,0.991923,0.926502,0.919019,1
1150,1790184353195347076,0.991477,0.784446,0.777760,1
1151,1790184353195746051,0.992141,0.921964,0.000000,0
1152,1790184353196143935,0.991843,0.788300,0.781870,1
1153,1790184353196932375,0.991328,0.631496,0.626019,1
1154,1790184353197733994,0.991893,0.527123,0.000000,0
1155,1790184353198135439,0.991843,0.787323,0.780901,1
1156,1790184353198535854,0.991913,0.797816,0.000000,0
1157,1790184353198935348,0.992022,0.788222,0.781933,1
1158,1790184353199337043,0.991477,0.920251,0.912407,1
1159,1790184353200136382,0.991844,0.528829,0.000000,0
1160,1790184353200540957,0.991794,0.787181,0.000000,0
1161,1790184353200976431,0.991953,0.887250,0.000000,0
1162,1790184353201378466,0.991724,0.922019,0.914389,1
1163,1790184353201781131,0.991883,0.786245,0.000000,0
1164,1790184353202181765,0.991804,0.919460,0.000000,0
1165,1790184353202681489,0.896606,0.991853,0.889301,1
1166,1790184353203066673,0.995262,0.985724,0.000000,0
1167,1790184353203505258,0.991427,0.794989,0.000000,0
1168,1790184353203940492,0.991645,0.764352,0.757966,1
1169,1790184353204346326,0.991387,0.790581,0.783772,1
1170,1790184353204781811,0.991913,0.760540,0.754389,1
1171,1790184353205185155,0.992032,0.917870,0.000000,0
1172,1790184353205582510,0.991953,0.791451,0.785082,1
1173,1790184353205978225,0.991943,0.789309,0.782950,1
1174,1790184353206383119,0.991824,0.783898,0.000000,0
1175,1790184353206792374,0.992072,0.779925,0.773742,1
1176,1790184353207195199,0.992042,0.786025,0.779769,1
1177,1790184353207598443,0.991615,0.786056,0.000000,0
1178,1790184353207999868,0.991982,0.921116,0.000000,0
1179,1790184353208413242,0.991597,0.776906,0.000000,0
1180,1790184353208819207,0.992111,0.926224,0.918917,1
1181,1790184353210016271,0.991843,0.353870,0.350984,1
1182,1790184353210808781,0.991824,0.627455,0.622324,1
1183,1790184353211302184,0.903673,0.991695,0.896167,1
1184,1790184353211693639,0.992042,0.841022,0.000000,0
1185,1790184353212485709,0.991695,0.532021,0.000000,0
1186,1790184353212886673,0.991893,0.788237,0.781846,1
1187,1790184353213303888,0.991576,0.772458,0.765951,1
1188,1790184353213704812,0.991983,0.929035,0.921587,1
1189,1790184353214101587,0.992032,0.789807,0.783513,1
1190,1790184353214512912,0.991853,0.780378,0.774020,1
1191,1790184353214916906,0.991696,0.787835,0.000000,0
1192,1790184353215323601,0.991615,0.779910,0.773371,1
1193,1790184353215725946,0.992151,0.923939,0.916687,1
1194,1790184353216515055,0.991615,0.531926,0.527466,1
1195,1790184353216946450,0.991566,0.764688,0.758239,1
1196,1790184353217745299,0.991526,0.527534,0.000000,0
1197,1790184353218141554,0.991824,0.793861,0.787370,1
1198,1790184353218546938,0.991954,0.790527,0.000000,0
1199,1790184353218945413,0.991804,0.789009,0.782543,1
1200,1790184353219742013,0.992022,0.529738,0.525512,1
1201,1790184353220533612,0.991605,0.625106,0.000000,0
1202,1790184353221328882,0.991546,0.533476,0.528966,1
1203,1790184353222142661,0.991586,0.525365,0.520944,1
1204,1790184353222551695,0.991904,0.791625,0.785216,1
1205,1790184353223341205,0.991695,0.534244,0.000000,0
1206,1790184353223769959,0.991943,0.901236,0.000000,0
1207,1790184353224159054,0.992091,0.928153,0.000000,0
1208,1790184353224553929,0.992012,0.927040,0.000000,0
1209,1790184353224947424,0.991774,0.789167,0.782676,1
1210,1790184353225345278,0.991438,0.926113,0.918184,1
1211,1790184353225744593,0.991804,0.788457,0.000000,0
1212,1790184353226138038,0.992062,0.793099,0.786803,1
1213,1790184353227314082,0.991319,0.365045,0.361876,1
1214,1790184353227741587,0.992270,0.894000,0.887090,1
1215,1790184353228134802,0.992151,0.787449,0.000000,0
1216,1790184353228535686,0.991695,0.788631,0.000000,0
1217,1790184353229325656,0.991496,0.531048,0.000000,0
1218,1790184353229728590,0.991734,0.783937,0.777458,1
1219,1790184353230167414,0.991904,0.756278,0.750155,1
1220,1790184353230569789,0.991933,0.924716,0.917256,1
1221,1790184353230967254,0.992220,0.786969,0.000000,0
1222,1790184353231370238,0.991577,0.783851,0.777249,1
1223,1790184353231772573,0.992101,0.786756,0.780542,1
1224,1790184353232171128,0.992082,0.786843,0.000000,0
1225,1790184353232572202,0.991933,0.790013,0.000000,0
1226,1790184353232975697,0.991407,0.784721,0.777978,1
1227,1790184353233378962,0.991457,0.784258,0.000000,0
1228,1790184353234164711,0.991923,0.537083,0.532745,1
1229,1790184353234569506,0.991913,0.789396,0.783012,1
1230,1790184353234979350,0.991775,0.779115,0.772707,1
1231,1790184353235390095,0.991278,0.777659,0.770877,1
1232,1790184353235825359,0.991754,0.761636,0.755356,1
1233,1790184353236625139,0.991635,0.528659,0.000000,0
1234,1790184353237037783,0.991328,0.782378,0.000000,0
1235,1790184353237836843,0.991605,0.526396,0.521977,1
1236,1790184353238240817,0.990902,0.788591,0.781416,1
1237,1790184353239047567,0.991863,0.525123,0.520851,1
1238,1790184353239870756,0.991794,0.518377,0.000000,0
1239,1790184353240272160,0.992132,0.787583,0.781387,1
1240,1790184353240706755,0.991943,0.900190,0.000000,0
1241,1790184353241111839,0.992032,0.781738,0.000000,0
1242,1790184353241905569,0.991962,0.531835,0.000000,0
1243,1790184353242315863,0.991101,0.781597,0.000000,0
1244,1790184353243110073,0.991853,0.533438,0.000000,0
1245,1790184362256662088,0.982888,0.450305,0.442599,1
1246,1790184362257269540,0.991249,0.965490,0.000000,0
1247,1790184362257757493,0.989693,0.921347,0.000000,0
1248,1790184362258196527,0.991150,0.795522,0.788482,1
1249,1790184362258636502,0.973429,0.993183,0.000000,0
1250,1790184362259039736,0.991566,0.844824,0.837699,1
1251,1790184362259470711,0.991873,0.774973,0.768675,1
1252,1790184362259891785,0.991625,0.935945,0.928106,1
1253,1790184362260719624,0.991199,0.515004,0.000000,0
1254,1790184362261138968,0.991587,0.776953,0.000000,0
1255,1790184362261557533,0.991546,0.782652,0.000000,0
1256,1790184362261965668,0.991933,0.785435,0.779099,1
1257,1790184362262374512,0.991734,0.782456,0.000000,0
1258,1790184362263197011,0.991982,0.518233,0.514078,1
1259,1790184362263603686,0.992082,0.785577,0.000000,0
1260,1790184362264003791,0.991705,0.788552,0.782011,1
1261,1790184362264811360,0.981876,0.524672,0.000000,0
1262,1790184362265227234,0.991547,0.777699,0.000000,0
1263,1790184362265631349,0.991853,0.926308,0.000000,0
1264,1790184362266028864,0.991724,0.792386,0.785828,1
1265,1790184362266435478,0.991517,0.782982,0.000000,0
1266,1790184362266839793,0.992002,0.921162,0.913795,1
1267,1790184362267239988,0.991734,0.788449,0.000000,0
1268,1790184362267645122,0.991844,0.786364,0.000000,0
1269,1790184467406487339,0.435475,0.967606,0.000000,0
1270,1790184467408312994,0.988705,0.358622,0.354572,1
1271,1790184467408756819,0.991457,0.978857,0.970494,1
1272,1790184467409183403,0.988912,0.970281,0.959522,1
1273,1790184467409629047,0.989753,0.834587,0.826035,1
1274,1790184467410277348,0.800005,0.990397,0.000000,0
1275,1790184467410698943,0.990139,0.824921,0.816786,1
1276,1790184467411149407,0.989763,0.758899,0.751130,1
1277,1790184467411586691,0.990545,0.774632,0.767308,1
1278,1790184467412032025,0.989921,0.760533,0.752868,1
1279,1790184467412473979,0.990367,0.760236,0.752913,1
1280,1790184467412927313,0.986660,0.747810,0.737834,1
1281,1790184467413376257,0.990259,0.753380,0.000000,0
1282,1790184467413813682,0.990337,0.758739,0.751408,1
1283,1790184467414254226,0.990416,0.759005,0.751731,1
1284,1790184467414690730,0.990654,0.884195,0.875931,1
1285,1790184467415527759,0.990010,0.505614,0.500563,1
1286,1790184467415967473,0.989822,0.756157,0.748461,1
1287,1790184467416410797,0.990406,0.755031,0.747788,1
1288,1790184467416849271,0.990219,0.759621,0.752191,1
1289,1790184467417286616,0.990585,0.755408,0.748296,1
1290,1790184467417724560,0.990060,0.755356,0.000000,0
1291,1790184467418954884,0.990258,0.344440,0.000000,0
1292,1790184467419386408,0.990377,0.771262,0.763840,1
1293,1790184467419819352,0.990416,0.764865,0.757535,1
1294,1790184467420257536,0.990287,0.772552,0.765049,1
1295,1790184467420696311,0.990614,0.760623,0.000000,0
1296,1790184467421127405,0.990099,0.764589,0.757019,1
1297,1790184467421564859,0.990743,0.762147,0.755092,1
1298,1790184467421998583,0.990416,0.765094,0.757762,1
1299,1790184467422433498,0.990723,0.764879,0.757784,1
1300,1790184467422865792,0.990169,0.886451,0.877736,1
1301,1790184467423292506,0.990595,0.771371,0.764116,1
1302,1790184467423724110,0.990784,0.760822,0.753810,1
1303,1790184467424156125,0.990406,0.761834,0.754525,1
1304,1790184467425375199,0.990347,0.347588,0.000000,0
1305,1790184467425808683,0.990545,0.765806,0.000000,0
1306,1790184467426245157,0.990535,0.760442,0.753244,1
1307,1790184467427070936,0.989802,0.602256,0.000000,0
1308,1790184467427504300,0.990685,0.767324,0.760176,1
1309,1790184467427943015,0.989604,0.757375,0.000000,0
1310,1790184467428378009,0.990188,0.769259,0.761712,1
1311,1790184467428817033,0.989703,0.757224,0.000000,0
1312,1790184479445292072,0.983891,0.540786,0.532074,1
1313,1790184479445841434,0.989812,0.783718,0.775734,1
1314,1790184479446739042,0.989952,0.541880,0.536435,1
1315,1790184479447600241,0.989644,0.561417,0.000000,0
1316,1790184479448037285,0.989139,0.809930,0.801134,1
1317,1790184479448470680,0.990208,0.784470,0.000000,0
1318,1790184479448911104,0.990297,0.776688,0.769152,1
1319,1790184479449361988,0.990238,0.766120,0.000000,0
1320,1790184479449799262,0.990307,0.779356,0.000000,0
1321,1790184479450241356,0.990139,0.779777,0.772088,1
1322,1790184479450679060,0.990525,0.775796,0.000000,0
1323,1790184479451515909,0.990129,0.513651,0.000000,0
1324,1790184479451952443,0.990130,0.769137,0.761546,1
1325,1790184479452400038,0.990495,0.765094,0.000000,0
1326,1790184479452840462,0.990070,0.764191,0.000000,0
1327,1790184479453277906,0.990287,0.766978,0.759529,1
1328,1790184479453716900,0.989951,0.768707,0.760982,1
1329,1790184479454125425,0.990258,0.785027,0.777379,1
1330,1790184479454962014,0.990337,0.516153,0.000000,0
1331,1790184479455398068,0.990040,0.923413,0.914215,1
1332,1790184479455837442,0.990426,0.761355,0.754066,1
1333,1790184479456278726,0.990248,0.764628,0.000000,0
1334,1790184479457119265,0.989891,0.601305,0.595227,1
1335,1790184479457557869,0.990377,0.766105,0.758733,1
1336,1790184479458397408,0.990188,0.510630,0.000000,0
1337,1790184479458835072,0.990447,0.766435,0.000000,0
1338,1790184479459269697,0.990347,0.908783,0.900010,1
1339,1790184479459705961,0.990357,0.763832,0.756467,1
1340,1790184479460145915,0.990050,0.761058,0.000000,0
1341,1790184479460585089,0.990426,0.765309,0.757982,1
1342,1790184479461426418,0.990238,0.512312,0.000000,0
1343,1790184479461860172,0.990297,0.773921,0.766412,1
1344,1790184479462295286,0.990249,0.767232,0.000000,0
1345,1790184479463126385,0.989971,0.520393,0.515174,1
1346,1790184479463559970,0.990188,0.771532,0.763962,1
1347,1790184479464396098,0.990387,0.514170,0.000000,0
1348,1790184479464829643,0.990297,0.929081,0.920067,1
1349,1790184479465263317,0.990436,0.777589,0.770152,1
1350,1790184479465698181,0.990753,0.763787,0.756725,1
1351,1790184479466133955,0.990179,0.765018,0.757504,1
1352,1790184479466964704,0.990258,0.518362,0.513312,1
1353,1790184479467398829,0.990585,0.778562,0.771231,1
1354,1790184479467834233,0.990198,0.764298,0.756807,1
1355,1790184479468266837,0.990367,0.770870,0.763444,1
1356,1790184479468712561,0.990486,0.760069,0.000000,0
1357,1790184479469551900,0.990377,0.510456,0.000000,0
1358,1790184479469991444,0.985221,0.766733,0.755402,1
1359,1790184479470817793,0.990575,0.526612,0.521649,1
1360,1790184479471253438,0.990357,0.763298,0.755937,1
1361,1790184479471693072,0.990654,0.759977,0.000000,0
1362,1790184479472253734,0.875686,0.990120,0.867034,1
1363,1790184479472654519,0.990545,0.812502,0.000000,0
1364,1790184479473094303,0.990179,0.758437,0.750988,1
1365,1790184479473533597,0.990417,0.762757,0.755447,1
1366,1790184479473972072,0.990377,0.761247,0.753922,1
1367,1790184479474409886,0.990634,0.775275,0.000000,0
1368,1790184479474843290,0.990406,0.764192,0.000000,0
1369,1790184479475276194,0.990625,0.766159,0.000000,0
1370,1790184479475711859,0.990674,0.763176,0.756058,1
1371,1790184479476553127,0.990288,0.510645,0.000000,0
1372,1790184479476994002,0.984895,0.764306,0.752761,1
1373,1790184479477426196,0.990525,0.795450,0.787913,1
1374,1790184479477860240,0.990674,0.768876,0.000000,0
1375,1790184479478294504,0.990427,0.770423,0.000000,0
1376,1790184479478735379,0.990624,0.763252,0.756096,1
1377,1790184479479561268,0.990406,0.520065,0.515075,1
1378,1790184479479996462,0.983626,0.769221,0.000000,0
1379,1790184479480817411,0.990436,0.522933,0.517932,1
1380,1790184479481498242,0.770915,0.989743,0.763008,1
1381,1790184479481891727,0.990278,0.835991,0.827863,1
1382,1790184479482334541,0.990486,0.767385,0.760083,1
1383,1790184479482769815,0.990634,0.764918,0.000000,0
1384,1790184479483205769,0.990170,0.763047,0.755546,1
1385,1790184479484033129,0.989812,0.518237,0.000000,0
1386,1790184479484461043,0.990505,0.772250,0.000000,0
1387,1790184479484892877,0.990525,0.765217,0.757967,1
1388,1790184479485329601,0.990555,0.763864,0.000000,0
1389,1790184479485764906,0.990723,0.922425,0.000000,0
1390,1790184479486197260,0.990149,0.767984,0.760418,1
1391,1790184479486630384,0.990208,0.766212,0.758710,1
1392,1790184479487227696,0.840341,0.990535,0.832388,1
1393,1790184479487841968,0.802136,0.990357,0.000000,0
1394,1790184479488243753,0.990367,0.833370,0.825342,1
1395,1790184479489068302,0.990387,0.610484,0.604615,1
1396,1790184479489499616,0.990466,0.773139,0.000000,0
1397,1790184479489926960,0.990913,0.771379,0.764369,1
1398,1790184479490359275,0.990644,0.769729,0.762527,1
1399,1790184479490793549,0.990238,0.767285,0.759795,1
1400,1790184479491227083,0.990357,0.785333,0.000000,0
1401,1790184479491662257,0.990436,0.766603,0.759271,1
1402,1790184479492099501,0.990219,0.807472,0.799574,1
1403,1790184479492533836,0.990317,0.777348,0.000000,0
1404,1790184479492971410,0.990416,0.789017,0.000000,0
1405,1790184479493418054,0.990258,0.770052,0.762550,1
1406,1790184479493859448,0.990763,0.941427,0.000000,0
1407,1790184479494293612,0.990565,0.775385,0.000000,0
1408,1790184479495134381,0.990129,0.613354,0.000000,0
1409,1790184479495572395,0.990604,0.762162,0.755001,1
1410,1790184479496013639,0.989982,0.756195,0.748619,1
1411,1790184479496451664,0.990505,0.760973,0.000000,0
1412,1790184479497677677,0.989823,0.344295,0.000000,0
1413,1790184479498117262,0.990000,0.768222,0.760540,1
1414,1790184479498671374,0.882675,0.989773,0.000000,0
1415,1790184479499865819,0.990327,0.366317,0.000000,0
1416,1790184479500320753,0.990119,0.754012,0.000000,0
1417,1790184479500759967,0.990456,0.760061,0.752807,1
1418,1790184479501204211,0.990406,0.920030,0.911204,1
1419,1790184479501643795,0.989575,0.915743,0.906197,1
1420,1790184479502081499,0.989693,0.765707,0.757815,1
1421,1790184479502524033,0.990535,0.757353,0.000000,0
1422,1790184479502961788,0.990198,0.913676,0.000000,0
1423,1790184479503397942,0.990505,0.789009,0.781518,1
1424,1790184479503834416,0.990684,0.760746,0.753658,1
1425,1790184479504666685,0.990297,0.514690,0.000000,0
1426,1790184479505503874,0.990228,0.516908,0.511856,1
1427,1790184479505938478,0.990793,0.763596,0.000000,0
1428,1790184479507168682,0.989990,0.345040,0.341586,1
1429,1790184479507612736,0.990812,0.758725,0.000000,0
1430,1790184479508052420,0.990406,0.758232,0.000000,0
1431,1790184479508493184,0.990377,0.757883,0.750590,1
1432,1790184479509329303,0.989792,0.509288,0.504090,1
1433,1790184479509764358,0.990218,0.763054,0.755590,1
1434,1790184479510208922,0.989802,0.751535,0.743871,1
1435,1790184479510759244,0.885442,0.990447,0.876984,1
1436,1790184479511161859,0.989595,0.810830,0.802393,1
1437,1790184479511600303,0.989971,0.756029,0.748446,1
1438,1790184479512045047,0.990010,0.756770,0.000000,0
1439,1790184479512481772,0.990208,0.759347,0.751911,1
1440,1790184479513309251,0.989901,0.622685,0.616397,1
1441,1790184479513746645,0.990228,0.763565,0.000000,0
1442,1790184479514307247,0.873525,0.989962,0.864757,1
1443,1790184479514711952,0.990040,0.802104,0.794115,1
1444,1790184479515153266,0.989971,0.916486,0.000000,0
1445,1790184479516403400,0.989961,0.406213,0.402135,1
1446,1790184479517240179,0.990258,0.512696,0.507701,1
1447,1790184479518481362,0.990248,0.341419,0.338089,1
1448,1790184479519318731,0.990228,0.510767,0.505776,1
1449,1790184479519753405,0.990258,0.763260,0.000000,0
1450,1790184479520188299,0.990159,0.759309,0.000000,0
1451,1790184479520627623,0.990595,0.768691,0.000000,0
1452,1790184479521075467,0.990150,0.754201,0.746772,1
1453,1790184479521910116,0.990337,0.511984,0.507037,1
1454,1790184479522356730,0.990328,0.755190,0.747886,1
1455,1790184479523188239,0.990090,0.513625,0.000000,0
1456,1790184479523627754,0.990495,0.759202,0.751986,1
1457,1790184479524063348,0.990109,0.759574,0.000000,0
1458,1790184479524502922,0.990337,0.756271,0.000000,0
1459,1790184479525727376,0.990337,0.344261,0.000000,0
1460,1790184479526552175,0.990416,0.517513,0.512553,1
1461,1790184479526982329,0.989347,0.905491,0.895845,1
1462,1790184479527417483,0.990378,0.767869,0.000000,0
1463,1790184479528201723,0.990060,0.535898,0.000000,0
1464,1790184479528632537,0.990348,0.768015,0.760602,1
1465,1790184479529068482,0.989981,0.770869,0.763145,1
1466,1790184479529501956,0.990466,0.763229,0.755952,1
1467,1790184479529941650,0.990426,0.758725,0.751461,1
1468,1790184479530371614,0.990298,0.768691,0.000000,0
1469,1790184479530802609,0.990377,0.921356,0.912489,1
1470,1790184479531238663,0.990515,0.758058,0.000000,0
1471,1790184479531671507,0.990287,0.761751,0.000000,0
1472,1790184479532104331,0.990031,0.763474,0.000000,0
1473,1790184479532537126,0.990446,0.762886,0.755597,1
1474,1790184479532965940,0.990495,0.765316,0.758042,1
1475,1790184479533399424,0.990258,0.774331,0.766787,1
1476,1790184479534216504,0.990010,0.518123,0.000000,0
1477,1790184479534647338,0.990743,0.775446,0.000000,0
1478,1790184479535466917,0.990535,0.518134,0.513230,1
1479,1790184479535901141,0.990228,0.763207,0.755749,1
1480,1790184479536335325,0.990506,0.762917,0.755674,1
1481,1790184479536765260,0.990396,0.893580,0.884999,1
1482,1790184479537211364,0.990317,0.754058,0.746757,1
1483,1790184479537640808,0.990387,0.768161,0.000000,0
1484,1790184479538855032,0.990396,0.348591,0.345243,1
1485,1790184479539302806,0.990387,0.756853,0.749577,1
1486,1790184479539733600,0.990526,0.765064,0.757816,1
1487,1790184479540174635,0.990149,0.758762,0.751287,1
1488,1790184479540607709,0.990466,0.763985,0.756701,1
1489,1790184479541438518,0.990040,0.512333,0.507230,1
1490,1790184479541873322,0.990297,0.764330,0.000000,0
1491,1790184479542314736,0.990367,0.757315,0.750020,1
1492,1790184479542761110,0.990703,0.754224,0.747212,1
1493,1790184479543195194,0.989625,0.761591,0.753689,1
1494,1790184479543629019,0.990258,0.765943,0.758481,1
1495,1790184479544063603,0.990287,0.762283,0.754880,1
1496,1790184479544502487,0.990495,0.759446,0.000000,0
1497,1790184479545330226,0.990000,0.513410,0.508276,1
1498,1790184479545759860,0.990297,0.926335,0.917347,1
1499,1790184479546197144,0.989853,0.756535,0.748859,1
1500,1790184479547018384,0.989802,0.626483,0.620094,1
1501,1790184479547448778,0.990139,0.766028,0.758474,1
1502,1790184479548269227,0.990208,0.516996,0.511933,1
1503,1790184479548806020,0.893232,0.979954,0.000000,0
1504,1790184479549208195,0.990119,0.819379,0.000000,0
1505,1790184479549638969,0.990188,0.921236,0.912197,1
1506,1790184479550457918,0.990179,0.515926,0.510859,1
1507,1790184479550884292,0.989932,0.770939,0.763177,1
1508,1790184479551321887,0.990149,0.753379,0.745957,1
1509,1790184479551750451,0.990020,0.761393,0.753794,1
1510,1790184479552177335,0.990208,0.926233,0.000000,0
1511,1790184479552608210,0.990080,0.779996,0.772258,1
1512,1790184479553040964,0.989060,0.758892,0.750590,1
1513,1790184479553475608,0.990307,0.762932,0.755537,1
1514,1790184479553876353,0.990694,0.789002,0.781659,1
1515,1790184479555087267,0.989525,0.412781,0.408457,1
1516,1790184479555527291,0.990505,0.761469,0.000000,0
1517,1790184479555957035,0.990723,0.894744,0.886443,1
1518,1790184479556386270,0.990575,0.770484,0.763221,1
1519,1790184479556816154,0.990129,0.765699,0.000000,0
1520,1790184479557250298,0.990505,0.940711,0.931780,1
1521,1790184479558089277,0.990060,0.526159,0.000000,0
1522,1790184479558523671,0.990576,0.763337,0.756143,1
1523,1790184479559355590,0.990259,0.510767,0.505792,1
1524,1790184479559788135,0.990416,0.919028,0.000000,0
1525,1790184479560616534,0.990307,0.511657,0.506698,1
1526,1790184479561054268,0.989377,0.761126,0.753041,1
1527,1790184479561492782,0.990268,0.760921,0.753515,1
1528,1790184479562720426,0.990278,0.344647,0.341296,1
1529,1790184479563157560,0.989545,0.762528,0.754556,1
1530,1790184479564784579,0.990327,0.339665,0.336379,1
1531,1790184479565619127,0.990041,0.518518,0.000000,0
1532,1790184479566062022,0.989872,0.764872,0.000000,0
1533,1790184479566507376,0.990050,0.758436,0.000000,0
1534,1790184479566941600,0.990218,0.762223,0.754767,1
1535,1790184479567381534,0.990327,0.770061,0.000000,0
1536,1790184479567822168,0.990307,0.766067,0.758641,1
1537,1790184479568257353,0.990287,0.767116,0.759666,1
1538,1790184479568695897,0.990753,0.760852,0.000000,0
1539,1790184479569532876,0.990446,0.511222,0.000000,0
1540,1790184479570093958,0.873927,0.989684,0.864912,1
1541,1790184479570499143,0.990783,0.804659,0.797242,1
1542,1790184479570935017,0.990347,0.763039,0.755673,1
1543,1790184479571376251,0.990367,0.756066,0.000000,0
1544,1790184479571892264,0.922259,0.990188,0.913210,1
1545,1790184479572291679,0.989743,0.813551,0.805206,1
1546,1790184479572708723,0.990228,0.778430,0.000000,0
1547,1790184479573150647,0.989792,0.759104,0.751356,1
1548,1790184479573592872,0.990664,0.757731,0.000000,0
1549,1790184479574428430,0.989734,0.726748,0.719288,1
1550,1790184479575232490,0.990188,0.526627,0.000000,0
1551,1790184479575670904,0.990337,0.760860,0.753508,1
1552,1790184479576110348,0.990198,0.759727,0.752281,1
1553,1790184479576552242,0.990387,0.764521,0.757171,1
1554,1790184479577002766,0.983449,0.749742,0.737333,1
1555,1790184479577441951,0.989862,0.763764,0.000000,0
1556,1790184479578274760,0.989624,0.511692,0.506383,1
1557,1790184479578714714,0.989971,0.761263,0.000000,0
1558,1790184479579154358,0.990119,0.760350,0.752837,1
1559,1790184479579607762,0.990119,0.753237,0.745794,1
1560,1790184479580050616,0.990080,0.755673,0.000000,0
1561,1790184518633601820,0.990188,0.949425,0.940109,1
1562,1790184518634737555,0.679679,0.984974,0.000000,0
1563,1790184518635196919,0.990248,0.919000,0.910038,1
1564,1790184518635685752,0.984936,0.798127,0.786104,1
1565,1790184518636123777,0.990198,0.824467,0.816386,1
1566,1790184518636541101,0.992002,0.782895,0.776633,1
1567,1790184518636949876,0.992191,0.784242,0.000000,0
1568,1790184518637359630,0.992518,0.782809,0.776952,1
1569,1790184518637771045,0.992657,0.781932,0.776191,1
1570,1790184518638178209,0.992866,0.941285,0.934570,1
1571,1790184518638595674,0.992717,0.767753,0.762161,1
1572,1790184518639003828,0.992797,0.779443,0.773829,1
1573,1790184518639436923,0.991853,0.753612,0.747473,1
1574,1790184518639867607,0.988665,0.758065,0.749472,1
1575,1790184518640649107,0.992230,0.533161,0.000000,0
1576,1790184518641047671,0.992866,0.783318,0.000000,0
1577,1790184518641442646,0.992330,0.783083,0.000000,0
1578,1790184518641836451,0.992776,0.791103,0.000000,0
1579,1790184518642248425,0.992171,0.772058,0.766013,1
1580,1790184518642644180,0.992796,0.798103,0.792354,1
1581,1790184518643050895,0.992727,0.777962,0.772304,1
1582,1790184518643442749,0.992469,0.784973,0.000000,0
1583,1790184518643868384,0.992667,0.917861,0.911131,1
1584,1790184518644263198,0.992063,0.781394,0.775192,1
1585,1790184518644693203,0.992786,0.768491,0.000000,0
1586,1790184518645485822,0.992022,0.637160,0.000000,0
1587,1790184518645885057,0.992707,0.945814,0.938916,1
1588,1790184518646286422,0.992717,0.952019,0.945085,1
1589,1790184518646681956,0.992766,0.827433,0.000000,0
1590,1790184518647109151,0.992617,0.763512,0.757875,1
1591,1790184518647500776,0.992885,0.949500,0.942744,1
1592,1790184518647898090,0.992866,0.791673,0.000000,0
1593,1790184518648293005,0.992042,0.782159,0.000000,0
1594,1790184518649109474,0.992667,0.522667,0.518834,1
1595,1790184518650270519,0.992538,0.365179,0.000000,0
1596,1790184518650694483,0.992756,0.892813,0.886346,1
1597,1790184518651115788,0.992965,0.764665,0.759286,1
1598,1790184518651543952,0.992876,0.885885,0.879574,1
1599,1790184518651962836,0.992956,0.762894,0.000000,0
1600,1790184518652462150,0.918982,0.993074,0.912617,1
1601,1790184518652840865,0.993084,0.844553,0.838712,1
1602,1790184518653265219,0.992300,0.759590,0.753741,1
1603,1790184518653658924,0.993124,0.786843,0.781432,1
1604,1790184518654080738,0.993025,0.762071,0.756756,1
1605,1790184518654501973,0.992866,0.765522,0.760061,1
1606,1790184518655309702,0.991923,0.520893,0.000000,0
1607,1790184518655728947,0.992995,0.925187,0.918706,1
1608,1790184518656906491,0.992697,0.359754,0.000000,0
1609,1790184518657299766,0.992538,0.785066,0.779208,1
1610,1790184518657736250,0.992746,0.756566,0.000000,0
1611,1790184518658890035,0.992647,0.367737,0.365033,1
1612,1790184518659669124,0.992549,0.536236,0.000000,0
1613,1790184518660218197,0.870761,0.992528,0.000000,0
1614,1790184518660983467,0.992776,0.561995,0.000000,0
1615,1790184518661786326,0.992797,0.520185,0.516438,1
1616,1790184518662211881,0.988516,0.761171,0.752430,1
1617,1790184518662598536,0.992796,0.790684,0.784988,1
1618,1790184518662987921,0.992766,0.788378,0.000000,0
1619,1790184518663789390,0.992885,0.632615,0.628114,1
1620,1790184518664177725,0.993074,0.788394,0.782934,1
1621,1790184518664569960,0.992975,0.947868,0.941209,1
1622,1790184518665349339,0.992181,0.532820,0.000000,0
1623,1790184518666151649,0.993054,0.628478,0.624113,1
1624,1790184518666540014,0.992885,0.793424,0.787780,1
1625,1790184518666932908,0.992776,0.954833,0.000000,0
1626,1790184518667321683,0.992538,0.790977,0.000000,0
1627,1790184518667713698,0.992826,0.785868,0.780230,1
1628,1790184518668139732,0.992717,0.758004,0.000000,0
1629,1790184518668936592,0.992459,0.523132,0.519187,1
1630,1790184518669329157,0.992816,0.952619,0.000000,0
1631,1790184518669720361,0.992995,0.798790,0.793194,1
1632,1790184518670155306,0.992925,0.752310,0.000000,0
1633,1790184518670543670,0.993005,0.789523,0.784000,1
1634,1790184518670944165,0.992945,0.902462,0.000000,0
1635,1790184518671335860,0.992290,0.794576,0.788449,1
1636,1790184518672138489,0.992905,0.524164,0.520445,1
1637,1790184518672541054,0.992796,0.780870,0.775244,1
1638,1790184518673345883,0.992181,0.520055,0.515988,1
1639,1790184518673768097,0.993006,0.762673,0.757338,1
1640,1790184518674187192,0.992955,0.762870,0.000000,0
1641,1790184518674610026,0.992558,0.766120,0.000000,0
1642,1790184518674999231,0.992756,0.791000,0.785271,1
1643,1790184518675428015,0.992688,0.755122,0.749600,1
1644,1790184518675849060,0.993005,0.763855,0.758512,1
1645,1790184518676272164,0.992578,0.762658,0.756997,1
1646,1790184518677070554,0.992995,0.534148,0.530406,1
1647,1790184518677473848,0.992559,0.778819,0.773024,1
1648,1790184518677873203,0.992756,0.780760,0.000000,0
1649,1790184518678423336,0.850366,0.992657,0.844122,1
1650,1790184518678813791,0.993273,0.816313,0.000000,0
1651,1790184518679219925,0.992737,0.774222,0.768599,1
1652,1790184518679614800,0.993144,0.795585,0.790131,1
1653,1790184518680055174,0.993154,0.902562,0.896383,1
1654,1790184518680834744,0.992995,0.531851,0.000000,0
1655,1790184518681263128,0.992538,0.759059,0.000000,0
1656,1790184518681803231,0.885345,0.992975,0.000000,0
1657,1790184518682568441,0.989387,0.574794,0.000000,0
1658,1790184518682991405,0.992975,0.763192,0.000000,0
1659,1790184518683416480,0.992578,0.759711,0.754072,1
1660,1790184518683843664,0.992866,0.763321,0.000000,0
1661,1790184518684269468,0.992599,0.758960,0.000000,0
1662,1790184518684672663,0.992707,0.780230,0.000000,0
1663,1790184518685504732,0.992320,0.585855,0.000000,0
1664,1790184518686320181,0.992598,0.516753,0.512927,1
1665,1790184518686742486,0.992935,0.885627,0.879370,1
1666,1790184518687138351,0.993064,0.789333,0.000000,0
1667,1790184518687932620,0.993163,0.852998,0.000000,0
1668,1790184518688335055,0.992220,0.778663,0.000000,0
1669,1790184518689529349,0.992310,0.352461,0.349750,1
1670,1790184518689927944,0.992717,0.782363,0.000000,0
1671,1790184518690739503,0.993015,0.875012,0.000000,0
1672,1790184518691519363,0.992578,0.645219,0.640430,1
1673,1790184518691940857,0.993183,0.883717,0.000000,0
1674,1790184518692370951,0.992528,0.758437,0.752770,1
1675,1790184518692812345,0.991954,0.748723,0.742699,1
1676,1790184518693212840,0.987479,0.941191,0.929407,1
1677,1790184518693606175,0.992806,0.792837,0.000000,0
1678,1790184518694031489,0.992975,0.766787,0.761400,1
1679,1790184518694456794,0.992260,0.760144,0.754261,1
1680,1790184518695646648,0.993015,0.410447,0.000000,0
1681,1790184518696072372,0.992905,0.761271,0.755870,1
1682,1790184518696500337,0.992955,0.762009,0.000000,0
1683,1790184518696924561,0.992995,0.762482,0.757141,1
1684,1790184518697744860,0.992856,0.510737,0.507088,1
1685,1790184518698166514,0.993035,0.763680,0.000000,0
1686,1790184518698596969,0.992776,0.763496,0.000000,0
1687,1790184518698991073,0.992867,0.784188,0.000000,0
1688,1790184518699421048,0.992746,0.755370,0.000000,0
1689,1790184518700160208,0.708096,0.993094,0.703206,1
1690,1790184518700546363,0.994993,0.984216,0.979288,1
1691,1790184518700967977,0.992985,0.790795,0.000000,0
1692,1790184518701392091,0.992599,0.767892,0.762209,1
1693,1790184518702196001,0.992965,0.522740,0.000000,0
1694,1790184518702618975,0.992985,0.928106,0.921595,1
1695,1790184518703011040,0.993144,0.783890,0.000000,0
1696,1790184518703449994,0.992508,0.747436,0.741837,1
1697,1790184518703842249,0.992975,0.788812,0.783271,1
1698,1790184518704653568,0.992538,0.514721,0.000000,0
1699,1790184518705071743,0.992985,0.924882,0.000000,0
1700,1790184518706227047,0.992728,0.367238,0.364567,1
1701,1790184518706621102,0.992657,0.948647,0.000000,0
1702,1790184518707011927,0.993104,0.797465,0.791966,1
1703,1790184518707407862,0.992210,0.780393,0.000000,0
1704,1790184518707836876,0.993005,0.759044,0.000000,0
1705,1790184518708261241,0.992677,0.880682,0.000000,0
1706,1790184518709042040,0.992836,0.535100,0.531266,1
1707,1790184518709442475,0.992518,0.776525,0.770715,1
1708,1790184518709871979,0.992637,0.760982,0.000000,0
1709,1790184518710298054,0.992558,0.761697,0.000000,0
1710,1790184518710723408,0.992836,0.757747,0.000000,0
1711,1790184518711146482,0.993094,0.759218,0.753975,1
1712,1790184518711569497,0.992756,0.925335,0.000000,0
1713,1790184518711960922,0.992895,0.800205,0.794520,1
1714,1790184518712395736,0.992478,0.747750,0.000000,0
1715,1790184518713214605,0.987519,0.513343,0.506936,1
1716,1790184518713636329,0.992777,0.759909,0.754421,1
1717,1790184518714060754,0.992846,0.755794,0.750386,1
1718,1790184518715222408,0.992370,0.442193,0.438819,1
1719,1790184518715612443,0.992995,0.790755,0.785216,1
1720,1790184518716384363,0.992280,0.537664,0.533513,1
1721,1790184518717216492,0.987973,0.506313,0.000000,0
1722,1790184518717640016,0.992747,0.774641,0.000000,0
1723,1790184518718035511,0.992836,0.785208,0.000000,0
1724,1790184518718433086,0.992568,0.782480,0.000000,0
1725,1790184518719253385,0.992032,0.512210,0.508128,1
1726,1790184518719680779,0.992966,0.763467,0.758096,1
1727,1790184518720489069,0.992300,0.517963,0.513974,1
1728,1790184518720886483,0.992708,0.784816,0.000000,0
1729,1790184518721675373,0.992538,0.528432,0.524488,1
1730,1790184518722070748,0.992806,0.787614,0.781948,1
1731,1790184518722880567,0.992935,0.606250,0.601967,1
1732,1790184518723301381,0.992617,0.926613,0.919772,1
1733,1790184518723706756,0.992866,0.779528,0.000000,0
1734,1790184518724134740,0.992717,0.918265,0.911577,1
1735,1790184518724557774,0.992648,0.761362,0.755765,1
1736,1790184518724982529,0.992866,0.758959,0.000000,0
1737,1790184518725376944,0.992588,0.792949,0.000000,0
1738,1790184518725780318,0.992796,0.777419,0.000000,0
1739,1790184518726182443,0.993015,0.940570,0.000000,0
1740,1790184518726612487,0.992230,0.759826,0.753922,1
1741,1790184518727006082,0.992647,0.785263,0.779489,1
1742,1790184518727398127,0.992330,0.952162,0.000000,0
1743,1790184518727790992,0.992727,0.787362,0.000000,0
1744,1790184551772817453,0.969834,0.401805,0.389684,1
1745,1790184551774315613,0.984935,0.389171,0.383308,1
1746,1790184551774755637,0.991001,0.967723,0.000000,0
1747,1790184551776067240,0.991972,0.435431,0.000000,0
1748,1790184551776482864,0.992469,0.799126,0.793108,1
1749,1790184551777294614,0.992469,0.538180,0.534127,1
1750,1790184551777844006,0.861786,0.992797,0.855579,1
1751,1790184551778233871,0.992082,0.821127,0.000000,0
1752,1790184551779012361,0.992637,0.529008,0.000000,0
1753,1790184551779424956,0.992250,0.764849,0.000000,0
1754,1790184551779854770,0.992548,0.753937,0.000000,0
1755,1790184551780279584,0.992776,0.756498,0.000000,0
1756,1790184551780704029,0.992717,0.753861,0.748371,1
1757,1790184551781113123,0.992885,0.879679,0.873421,1
1758,1790184551781647726,0.861442,0.992955,0.855373,1
1759,1790184551782033851,0.993005,0.828278,0.822483,1
1760,1790184551782461375,0.992478,0.905899,0.000000,0
1761,1790184551782852790,0.992876,0.939809,0.933113,1
1762,1790184551783249495,0.993054,0.772211,0.766848,1
1763,1790184551783648470,0.992806,0.777589,0.000000,0
1764,1790184551784040774,0.993174,0.941154,0.000000,0
1765,1790184551784450329,0.992647,0.770546,0.000000,0
1766,1790184551784879713,0.992885,0.749375,0.000000,0
1767,1790184551785271528,0.993233,0.777077,0.000000,0
1768,1790184551785696642,0.993135,0.918615,0.000000,0
1769,1790184551786086317,0.993044,0.919129,0.912736,1
1770,1790184551786483772,0.993134,0.921936,0.000000,0
1771,1790184551786904216,0.993024,0.788103,0.000000,0
1772,1790184551787296001,0.993094,0.889267,0.883125,1
1773,1790184551787691316,0.992975,0.784752,0.779239,1
1774,1790184551788091720,0.993095,0.884584,0.878476,1
1775,1790184551788631063,0.861683,0.993064,0.855706,1
1776,1790184551789403333,0.992578,0.558689,0.000000,0
1777,1790184551789794748,0.992885,0.781471,0.775911,1
1778,1790184551790185303,0.993124,0.781291,0.775919,1
1779,1790184551790579237,0.992281,0.776867,0.770870,1
1780,1790184551790975952,0.993114,0.935514,0.000000,0
1781,1790184551791365127,0.992866,0.778819,0.773262,1
1782,1790184551791756402,0.992657,0.779084,0.773363,1
1783,1790184551792148587,0.992985,0.777916,0.772458,1
1784,1790184551792770018,0.784526,0.993294,0.779264,1
1785,1790184551793157403,0.993154,0.947983,0.941492,1
1786,1790184551793551398,0.992647,0.789554,0.783749,1
1787,1790184551793983222,0.993105,0.750500,0.000000,0
1788,1790184551794422227,0.992459,0.744118,0.738506,1
1789,1790184551794851641,0.992905,0.752740,0.747399,1
1790,1790184551795288255,0.992876,0.743671,0.738373,1
1791,1790184551795685560,0.993084,0.775555,0.770191,1
1792,1790184551796080215,0.993124,0.778087,0.772737,1
1793,1790184551796510109,0.992429,0.751100,0.745414,1
1794,1790184551796902424,0.992935,0.779715,0.774206,1
1795,1790184551797296239,0.993114,0.777239,0.771887,1
1796,1790184551797725513,0.992955,0.749690,0.744408,1
1797,1790184551798152797,0.992985,0.909329,0.902950,1
1798,1790184551798547862,0.992538,0.772953,0.000000,0
1799,1790184551798976746,0.992895,0.752047,0.000000,0
1800,1790184551799790926,0.992667,0.585451,0.581158,1
1801,1790184551800186230,0.992915,0.779388,0.773866,1
1802,1790184551800609235,0.992796,0.865387,0.859153,1
1803,1790184551801005740,0.992796,0.934943,0.928207,1
1804,1790184551801431294,0.992518,0.744482,0.000000,0
1805,1790184551801825319,0.991348,0.773386,0.000000,0
1806,1790184551802228353,0.992478,0.769122,0.763337,1
1807,1790184551803006003,0.992856,0.641906,0.637320,1
1808,1790184551804164918,0.992667,0.361719,0.359067,1
1809,1790184551805323662,0.992469,0.362785,0.360052,1
1810,1790184551805712687,0.992846,0.784219,0.778608,1
1811,1790184551806107202,0.992866,0.774702,0.000000,0
1812,1790184551806536486,0.992270,0.751987,0.746174,1
1813,1790184551806964251,0.992866,0.751844,0.746480,1
1814,1790184551807354016,0.993054,0.776789,0.771393,1
1815,1790184551807745540,0.993005,0.776665,0.000000,0
1816,1790184551808174505,0.992985,0.756323,0.751017,1
1817,1790184551808569249,0.992251,0.774912,0.768907,1
1818,1790184551808997344,0.991744,0.749135,0.742950,1
1819,1790184551809387629,0.992925,0.775997,0.770507,1
1820,1790184551809921251,0.899669,0.993164,0.893520,1
1821,1790184551810303146,0.992836,0.831547,0.825590,1
1822,1790184551810693001,0.992965,0.778437,0.772961,1
1823,1790184551811118095,0.993025,0.751972,0.746727,1
1824,1790184551811541100,0.992459,0.751514,0.745846,1
1825,1790184551812067953,0.895307,0.993015,0.000000,0
1826,1790184551812457088,0.986541,0.995341,0.981945,1
1827,1790184551812879072,0.991734,0.796899,0.790312,1
1828,1790184551813273537,0.992776,0.775423,0.000000,0
1829,1790184551813671341,0.992777,0.936918,0.930151,1
1830,1790184551814060076,0.992876,0.775361,0.769837,1
1831,1790184551814452901,0.991754,0.773441,0.000000,0
1832,1790184551814883795,0.993084,0.744952,0.000000,0
1833,1790184551815315070,0.992995,0.746324,0.000000,0
1834,1790184551815737104,0.992866,0.751506,0.000000,0
1835,1790184551816510024,0.992478,0.529680,0.525696,1
1836,1790184551816916529,0.991774,0.764589,0.758299,1
1837,1790184551817723088,0.992339,0.513451,0.509518,1
1838,1790184551818118903,0.992062,0.796182,0.789862,1
1839,1790184551818513097,0.992250,0.780394,0.000000,0
1840,1790184551819329607,0.992925,0.511211,0.000000,0
1841,1790184551819751801,0.992866,0.921135,0.914563,1
1842,1790184551820931665,0.992707,0.363744,0.361091,1
1843,1790184551822137239,0.992936,0.419141,0.000000,0
1844,1790184551822955869,0.992707,0.584778,0.000000,0
1845,1790184551823353653,0.993193,0.773688,0.000000,0
1846,1790184551824134213,0.992985,0.526922,0.000000,0
1847,1790184551824557197,0.992846,0.752025,0.000000,0
1848,1790184551824955352,0.992717,0.772011,0.000000,0
1849,1790184551825382706,0.993016,0.748162,0.742936,1
1850,1790184551825813101,0.993054,0.914343,0.907993,1
1851,1790184551826599610,0.992290,0.615191,0.000000,0
1852,1790184551827003535,0.992935,0.774927,0.769452,1
1853,1790184551827434259,0.992607,0.750230,0.744683,1
1854,1790184551828248679,0.992915,0.511119,0.000000,0
1855,1790184551828973959,0.711019,0.993034,0.000000,0
1856,1790184551830118474,0.992836,0.385826,0.383062,1
1857,1790184551830540658,0.992359,0.757338,0.751551,1
1858,1790184551830965183,0.993054,0.760410,0.755129,1
1859,1790184551831356037,0.993125,0.777061,0.771719,1
1860,1790184551831748012,0.992677,0.775330,0.000000,0
1861,1790184551832171457,0.993154,0.753741,0.748580,1
1862,1790184551832960516,0.992796,0.521617,0.517860,1
1863,1790184551833347331,0.992995,0.778733,0.773278,1
1864,1790184551834109601,0.992866,0.537674,0.000000,0
1865,1790184551834531705,0.992430,0.756392,0.750666,1
1866,1790184551834921120,0.992796,0.945578,0.938766,1
1867,1790184551835307625,0.992945,0.828253,0.000000,0
1868,1790184551835693350,0.992975,0.782073,0.000000,0
1869,1790184551836113874,0.992946,0.760434,0.755070,1
1870,1790184551836530869,0.992826,0.914389,0.907829,1
1871,1790184551836916984,0.991467,0.782934,0.000000,0
1872,1790184551837717083,0.992478,0.519644,0.515736,1
1873,1790184551838141527,0.992757,0.760259,0.754753,1
1874,1790184551838563612,0.992707,0.921439,0.914718,1
1875,1790184551838954267,0.992707,0.809832,0.000000,0
1876,1790184551839339211,0.992817,0.784926,0.779288,1
1877,1790184551839765756,0.992826,0.752837,0.000000,0
1878,1790184551840185660,0.992965,0.758353,0.000000,0
1879,1790184551840574545,0.992617,0.779582,0.773827,1
1880,1790184551841003829,0.992895,0.751882,0.746540,1
1881,1790184551841802159,0.657819,0.992995,0.653211,1
1882,1790184551842941514,0.992945,0.391199,0.388439,1
1883,1790184551843738133,0.992339,0.631357,0.626520,1
1884,1790184551844528203,0.992389,0.523927,0.519940,1
1885,1790184551844952607,0.992339,0.755447,0.000000,0
1886,1790184551845717017,0.992598,0.652970,0.648136,1
1887,1790184551846485977,0.992210,0.536364,0.000000,0
1888,1790184551846903721,0.992826,0.763505,0.000000,0
1889,1790184551847324676,0.992895,0.913658,0.000000,0
1890,1790184551847713891,0.992131,0.779380,0.000000,0
1891,1790184551848518000,0.992647,0.516484,0.512686,1
1892,1790184551848940334,0.992647,0.759560,0.753975,1
1893,1790184551849341909,0.992905,0.772173,0.000000,0
1894,1790184551849736454,0.992935,0.775826,0.000000,0
1895,1790184551850543223,0.992488,0.513446,0.509589,1
1896,1790184551850938568,0.992746,0.779816,0.774160,1
1897,1790184551851465071,0.901181,0.992637,0.000000,0
1898,1790184551851846446,0.992717,0.833453,0.827383,1
1899,1790184551852654005,0.992459,0.511795,0.507935,1
1900,1790184551853087149,0.992856,0.903754,0.000000,0
1901,1790184551853863599,0.992737,0.536069,0.532175,1
1902,1790184551854283324,0.992786,0.757231,0.000000,0
1903,1790184551854710228,0.992746,0.750747,0.000000,0
1904,1790184551855238321,0.890930,0.993074,0.884760,1
1905,1790184551855762024,0.876799,0.992637,0.000000,0
1906,1790184551856145389,0.992756,0.950403,0.943519,1
1907,1790184551856533934,0.992449,0.789341,0.783380,1
1908,1790184551856972378,0.991615,0.744341,0.000000,0
1909,1790184551857370373,0.992935,0.776439,0.000000,0
1910,1790184551857802557,0.992717,0.752032,0.000000,0
1911,1790184551858197152,0.992876,0.890610,0.884265,1
1912,1790184551858587957,0.992439,0.782535,0.776618,1
1913,1790184551859018261,0.992895,0.756135,0.750762,1
1914,1790184551859420296,0.992578,0.776059,0.770299,1
1915,1790184551860195935,0.992945,0.530699,0.526955,1
1916,1790184551860592600,0.992627,0.945313,0.000000,0
1917,1790184551861017504,0.992876,0.749337,0.743999,1
1918,1790184551861418229,0.992349,0.770053,0.764162,1
1919,1790184551862192649,0.992945,0.531187,0.527439,1
1920,1790184551862726812,0.862899,0.993104,0.856948,1
1921,1790184551863117437,0.992935,0.820864,0.815065,1
1922,1790184551863544191,0.992478,0.752709,0.747048,1
1923,1790184551863971275,0.992935,0.753244,0.747922,1
1924,1790184551864371160,0.993054,0.933673,0.927188,1
1925,1790184551865143310,0.992627,0.534902,0.000000,0
1926,1790184551865574384,0.992677,0.751138,0.745637,1
1927,1790184551866005408,0.992667,0.751378,0.745868,1
1928,1790184551866492052,0.913201,0.992697,0.906532,1
1929,1790184551867024185,0.861433,0.992985,0.000000,0
1930,1790184551867420759,0.992102,0.817253,0.810798,1
1931,1790184551868199379,0.992816,0.532362,0.000000,0
1932,1790184551868598354,0.992320,0.774958,0.000000,0
1933,1790184551868996698,0.992776,0.774091,0.768499,1
1934,1790184551869810948,0.992270,0.510328,0.000000,0
1935,1790184551870605177,0.992161,0.762017,0.756044,1
1936,1790184551871030641,0.992390,0.757148,0.751387,1
1937,1790184551871846491,0.992558,0.510180,0.506383,1
1938,1790184551872657120,0.992320,0.515097,0.511140,1
1939,1790184551873470459,0.991566,0.513528,0.509197,1
1940,1790184551873898254,0.992796,0.756875,0.751423,1
1941,1790184551874293438,0.992826,0.778461,0.772877,1
1942,1790184551874689633,0.992856,0.945710,0.000000,0
1943,1790184551875087078,0.992955,0.814145,0.808409,1
1944,1790184551875486463,0.992349,0.774028,0.768106,1
1945,1790184551875911277,0.992806,0.759947,0.000000,0
1946,1790184551876303712,0.992975,0.778523,0.773054,1
1947,1790184551877083201,0.992637,0.529522,0.000000,0
1948,1790184551877893551,0.992469,0.622548,0.617860,1
1949,1790184551878707940,0.992518,0.512282,0.000000,0
1950,1790184551879135304,0.992846,0.752702,0.000000,0
1951,1790184551879570968,0.992460,0.744922,0.000000,0
1952,1790184551879998813,0.992945,0.755250,0.000000,0
1953,1790184551880389418,0.992806,0.779294,0.000000,0
1954,1790184551880818442,0.992816,0.758103,0.752657,1
1955,1790184551881245626,0.992965,0.754624,0.749315,1
1956,1790184551881639301,0.992598,0.777838,0.772080,1
1957,1790184551882069235,0.993044,0.751634,0.000000,0
1958,1790184551882469240,0.992727,0.773805,0.768176,1
1959,1790184551882896114,0.992787,0.913686,0.907096,1
1960,1790184551883427097,0.867051,0.992400,0.860461,1
1961,1790184551883820252,0.992816,0.821875,0.815971,1
1962,1790184551884218737,0.992945,0.774005,0.768544,1
1963,1790184551884649391,0.992359,0.750335,0.744602,1
1964,1790184551885049526,0.992796,0.780596,0.000000,0
1965,1790184551885491000,0.992528,0.740962,0.735426,1
1966,1790184551885886555,0.992925,0.779193,0.773680,1
1967,1790184551886317289,0.992846,0.906940,0.000000,0
1968,1790184551887486434,0.992419,0.364559,0.000000,0
1969,1790184551887914588,0.992895,0.759112,0.753719,1
1970,1790184551888341062,0.992996,0.754458,0.749173,1
1971,1790184551888767457,0.992935,0.753327,0.748005,1
1972,1790184551889207071,0.993094,0.860684,0.854740,1
1973,1790184551889607476,0.992816,0.772551,0.767001,1
1974,1790184551890035790,0.992806,0.753576,0.748154,1
1975,1790184551890433715,0.992558,0.775997,0.770222,1
1976,1790184551890860749,0.992647,0.754563,0.749015,1
1977,1790184551891678428,0.992091,0.616330,0.000000,0
1978,1790184551892077633,0.992836,0.777690,0.772119,1
1979,1790184551892503707,0.992766,0.757542,0.752062,1
1980,1790184551892898532,0.992270,0.781948,0.775904,1
1981,1790184551893297207,0.992965,0.774020,0.768575,1
1982,1790184551893788980,0.895702,0.992885,0.889329,1
1983,1790184551894169615,0.992876,0.828311,0.000000,0
1984,1790184551894706258,0.856802,0.993044,0.850843,1
1985,1790184551895096573,0.986788,0.995361,0.982210,1
1986,1790184551895886802,0.992806,0.547588,0.000000,0
1987,1790184551896306307,0.992667,0.759855,0.000000,0
1988,1790184551896734671,0.992707,0.753817,0.748319,1
1989,1790184551897123876,0.992985,0.941069,0.000000,0
1990,1790184551897546900,0.992052,0.756021,0.000000,0
1991,1790184551898342630,0.992876,0.520621,0.516912,1
1992,1790184551898762774,0.992846,0.870848,0.000000,0
1993,1790184551899151689,0.992885,0.778359,0.000000,0
1994,1790184551900337773,0.992816,0.350920,0.000000,0
1995,1790184551900736898,0.992955,0.935374,0.928784,1
1996,1790184551901159162,0.992538,0.794242,0.788315,1
1997,1790184551901552217,0.992429,0.776952,0.771069,1
1998,1790184551901980561,0.992757,0.908502,0.901922,1
1999,1790184551902370736,0.992756,0.783616,0.777940,1
