round,gen_attempts,t_gen_total_ns,gen_rtt_ns,ts_gen_success_ns,ts_swap_ns,swap_to_recv_ns,t_exp_ns,werner,pgen_success_bit,pswap_success_bit
0,1,248466,292805,1789999581642999048,1789999581643104757,166916,105709,0.000000,1,0
1,1,199986,244405,1789999581643527018,1789999581643592161,128174,65143,0.811884,1,1
2,1,184276,226906,1789999581643955200,1789999581644020815,117402,65615,0.819338,1,1
3,1,180477,206167,1789999581644362563,1789999581644439499,126080,76936,0.000000,1,0
4,1,147878,165368,1789999581644737007,1789999581644875153,93420,138146,0.781379,1,1
5,1,139577,155627,1789999581645126420,1789999581645299428,93378,173008,0.000000,1,0
6,1,155957,167697,1789999581645567832,1789999581645738402,96156,170570,0.000000,1,0
7,1,141048,157337,1789999581645999285,1789999581646159596,94264,160311,0.000000,1,0
8,1,139147,155907,1789999581646412087,1789999581646604270,94892,192183,0.746256,1,1
9,1,140087,155487,1789999581646857079,1789999581647048054,94070,190975,0.000000,1,0
10,1,138877,154227,1789999581647298451,1789999581647473969,93747,175518,0.000000,1,0
11,1,153088,168718,1789999581647738424,1789999581647888423,92107,149999,0.000000,1,0
12,1,140187,156107,1789999581648137657,1789999581648319517,93115,181860,0.000000,1,0
13,1,137757,153757,1789999581648568329,1789999581648749352,95842,181023,0.000000,1,0
14,1,139018,154417,1789999581649001272,1789999581649151216,92101,149944,0.000000,1,0
15,1,149407,165397,1789999581649410744,1789999581649574861,92119,164117,0.767761,1,1
16,1,141118,161137,1789999581649832207,1789999581650003825,94507,171618,0.000000,1,0
17,1,137898,157857,1789999581650263519,1789999581650429309,92485,165790,0.000000,1,0
18,1,135068,154768,1789999581650679362,1789999581650835274,96654,155912,0.000000,1,0
19,1,135698,160678,1789999581651088415,1789999581651236099,99162,147684,0.781143,1,1
20,1,142878,162897,1789999581651500758,1789999581651663223,93550,162465,0.000000,1,0
21,1,137477,157467,1789999581651915470,1789999581652093947,94288,178477,0.757557,1,1
22,1,136827,156327,1789999581652346662,1789999581652518561,93167,171899,0.000000,1,0
23,1,154897,175127,1789999581652791384,1789999581652955046,91744,163662,0.000000,1,0
24,1,143738,163707,1789999581653212357,1789999581653392580,97652,180223,0.753922,1,1
25,1,144009,165488,1789999581653656390,1789999581653798954,94401,142564,0.000000,1,0
26,1,141778,161667,1789999581654057163,1789999581654234018,94890,176855,0.000000,1,0
27,1,137608,156997,1789999581654488445,1789999581654673503,94257,185058,0.751829,1,1
28,1,139588,159027,1789999581654929957,1789999581655102657,93925,172700,0.761872,1,1
29,1,138127,157337,1789999581655356379,1789999581655533001,99183,176622,0.000000,1,0
30,1,150167,170117,1789999581655803121,1789999581655961085,93012,157964,0.000000,1,0
31,1,139228,159797,1789999581656213844,1789999581656391220,92979,177376,0.757057,1,1
32,1,140869,160949,1789999581656646657,1789999581656822384,96088,175727,0.000000,1,0
33,1,139087,166187,1789999581657080579,1789999581657254198,96316,173619,0.000000,1,0
34,1,140347,160407,1789999581657512741,1789999581657662203,94854,149462,0.772080,1,1
35,1,142307,162667,1789999581657921124,1789999581658071197,94383,150073,0.000000,1,0
36,1,139578,159187,1789999581658326827,1789999581658501572,93850,174745,0.000000,1,0
37,1,147928,167077,1789999581658763589,1789999581658903916,93529,140327,0.000000,1,0
38,1,140008,160207,1789999581659159002,1789999581659306141,93806,147139,0.000000,1,0
39,1,138497,157637,1789999581659559594,1789999581659710525,94736,150931,0.000000,1,0
40,1,144557,164347,1789999581659971108,1789999581660115230,96504,144122,0.778017,1,1
41,1,137168,156948,1789999581660371031,1789999581660516155,100021,145124,0.000000,1,0
42,1,145497,165127,1789999581660782833,1789999581660951139,93990,168306,0.762299,1,1
43,1,138458,158277,1789999581661205746,1789999581661379613,93238,173867,0.000000,1,0
44,1,140257,159627,1789999581661634288,1789999581661815957,93846,181669,0.752920,1,1
45,1,138577,158317,1789999581662069650,1789999581662243222,93334,173572,0.760555,1,1
46,1,144797,164617,1789999581662503582,1789999581662687056,93813,183474,0.750356,1,1
47,1,140148,159697,1789999581662942536,1789999581663089590,94031,147054,0.779847,1,1
48,1,137137,156567,1789999581663342928,1789999581663489785,94989,146857,0.781002,1,1
49,1,145717,165207,1789999581663751721,1789999581663925729,95337,174008,0.000000,1,0
50,1,141867,161767,1789999581664184023,1789999581664342164,93155,158141,0.770468,1,1
51,1,139148,158517,1789999581664595016,1789999581664747388,92113,152372,0.000000,1,0
52,1,145607,164857,1789999581665006248,1789999581665177172,94002,170924,0.000000,1,0
53,1,137998,157777,1789999581665432161,1789999581665606677,93800,174516,0.000000,1,0
54,1,142137,161927,1789999581665866974,1789999581666037121,95318,170147,0.000000,1,0
55,1,143457,163787,1789999581666297506,1789999581666442825,92167,145319,0.778361,1,1
56,1,139097,158217,1789999581666695369,1789999581666875670,97054,180301,0.000000,1,0
57,1,138087,158967,1789999581667131801,1789999581667277164,92743,145363,0.000000,1,0
58,1,138958,158808,1789999581667534014,1789999581667704969,93380,170955,0.000000,1,0
59,1,139287,158597,1789999581667958766,1789999581668116783,94209,158017,0.000000,1,0
60,1,138768,158668,1789999581668371379,1789999581668515348,92007,143969,0.000000,1,0
61,1,144548,164267,1789999581668772743,1789999581668913802,94116,141059,0.000000,1,0
62,1,136978,157637,1789999581669165466,1789999581669313527,97234,148061,0.780183,1,1
63,1,147897,167677,1789999581669581258,1789999581669743682,93881,162424,0.768852,1,1
64,1,139138,158737,1789999581669997901,1789999581670144016,104320,146115,0.000000,1,0
65,1,138767,158647,1789999581670408673,1789999581670573301,96527,164628,0.000000,1,0
66,1,143468,162817,1789999581670834986,1789999581670973085,93376,138099,0.000000,1,0
67,1,142177,161797,1789999581671229348,1789999581671375770,93354,146422,0.780799,1,1
68,1,138948,158138,1789999581671629702,1789999581671809004,92883,179302,0.755583,1,1
69,1,138397,157177,1789999581672061454,1789999581672237089,93341,175635,0.758876,1,1
70,1,143368,163777,1789999581672496087,1789999581672632053,92540,135966,0.000000,1,0
71,1,150727,170137,1789999581672896719,1789999581673063128,93917,166409,0.765760,1,1
72,1,136918,156458,1789999581673315222,1789999581673491062,96155,175840,0.000000,1,0
73,1,144747,164147,1789999581673753684,1789999581673922626,94003,168942,0.763260,1,1
74,1,140567,160647,1789999581674177756,1789999581674321191,93381,143435,0.000000,1,0
75,1,139167,159047,1789999581674574529,1789999581674753935,92720,179406,0.000000,1,0
76,1,140477,159897,1789999581675008652,1789999581675161550,93678,152898,0.775834,1,1
77,1,137657,157287,1789999581675415385,1789999581675591764,93116,176379,0.000000,1,0
78,1,140197,160127,1789999581675846777,1789999581676022968,96034,176191,0.000000,1,0
79,1,146117,166127,1789999581676286729,1789999581676432123,93862,145394,0.778173,1,1
80,1,139197,159187,1789999581676686822,1789999581676835928,95960,149106,0.000000,1,0
81,1,135508,162437,1789999581677088925,1789999581677230452,94299,141527,0.000000,1,0
82,1,137428,157017,1789999581677483268,1789999581677661197,95627,177929,0.752092,1,1
83,1,136597,158467,1789999581677914781,1789999581678090191,94195,175410,0.000000,1,0
84,1,137197,156617,1789999581678344283,1789999581678486016,92943,141733,0.000000,1,0
85,1,142727,161907,1789999581678743116,1789999581678882061,93271,138945,0.781448,1,1
86,1,136848,157308,1789999581679135279,1789999581679307045,92579,171766,0.000000,1,0
87,1,134257,154057,1789999581679555511,1789999581679736949,93657,181438,0.000000,1,0
88,1,132728,151707,1789999581679984674,1789999581680134644,96105,149970,0.000000,1,0
89,1,136407,156027,1789999581680388676,1789999581680533609,93674,144933,0.782410,1,1
90,1,139607,158817,1789999581680787540,1789999581680935523,93543,147983,0.000000,1,0
91,1,137938,157907,1789999581681188523,1789999581681367808,93280,179285,0.000000,1,0
92,1,137558,156748,1789999581681619465,1789999581681797242,93408,177777,0.000000,1,0
93,1,137827,153737,1789999581682047087,1789999581682226596,94226,179509,0.000000,1,0
94,1,138787,153787,1789999581682477409,1789999581682623951,93344,146542,0.000000,1,0
95,1,138027,153367,1789999581682872452,1789999581683021976,96602,149524,0.000000,1,0
96,1,146867,161897,1789999581683283915,1789999581683447130,95790,163215,0.000000,1,0
97,1,137499,152328,1789999581683697699,1789999581683845135,94779,147436,0.780901,1,1
98,1,138867,157397,1789999581684096611,1789999581684239750,94267,143139,0.000000,1,0
99,1,136667,151877,1789999581684488584,1789999581684678034,94885,189450,0.000000,1,0
100,1,138847,154117,1789999581684928556,1789999581685074249,93003,145693,0.000000,1,0
101,1,136167,151767,1789999581685321569,1789999581685499163,93821,177594,0.758103,1,1
102,1,166007,184627,1789999581685781561,1789999581685926127,94880,144566,0.000000,1,0
103,1,140198,159157,1789999581686181894,1789999581686350932,93977,169038,0.000000,1,0
104,1,139947,158147,1789999581686605296,1789999581686751506,96337,146210,0.000000,1,0
105,1,137598,155558,1789999581687005530,1789999581687149261,93605,143731,0.000000,1,0
106,1,138918,157008,1789999581687402383,1789999581687575905,92893,173522,0.000000,1,0
107,1,140157,157957,1789999581687828735,1789999581688009299,96901,180564,0.755372,1,1
108,1,138157,157157,1789999581688265267,1789999581688437924,92209,172657,0.000000,1,0
109,1,139188,158027,1789999581688691790,1789999581688878738,93377,186948,0.000000,1,0
110,1,141238,160307,1789999581689133152,1789999581689305182,93105,172030,0.000000,1,0
111,1,136997,155957,1789999581689556764,1789999581689733857,93353,177093,0.000000,1,0
112,1,141647,160567,1789999581689989047,1789999581690169861,97471,180814,0.000000,1,0
113,1,137767,156127,1789999581690425949,1789999581690568685,94030,142736,0.000000,1,0
114,1,144707,162777,1789999581690827662,1789999581690983640,91958,155978,0.771000,1,1
115,1,148547,167357,1789999581691244684,1789999581691412034,93176,167350,0.761073,1,1
116,1,136348,154648,1789999581691662937,1789999581691842249,92603,179312,0.756618,1,1
117,1,138457,160197,1789999581692093839,1789999581692270243,95241,176404,0.000000,1,0
118,1,138967,157477,1789999581692527921,1789999581692672588,92950,144667,0.782856,1,1
119,1,139367,157427,1789999581692925225,1789999581693075462,93299,150237,0.000000,1,0
120,1,140428,159307,1789999581693329668,1789999581693502987,96236,173319,0.000000,1,0
121,1,143938,162048,1789999581693764240,1789999581693907411,93975,143171,0.000000,1,0
122,1,140598,158977,1789999581694162433,1789999581694306326,93202,143893,0.000000,1,0
123,1,136008,154787,1789999581694556056,1789999581694709901,91780,153845,0.000000,1,0
124,1,136947,154777,1789999581694959578,1789999581695137095,92948,177517,0.000000,1,0
125,1,135708,154337,1789999581695386791,1789999581695561449,92958,174658,0.000000,1,0
126,1,139668,158198,1789999581695814884,1789999581695988664,92325,173780,0.760198,1,1
127,1,150577,169447,1789999581696256086,1789999581696417508,93683,161422,0.761598,1,1
128,1,137618,156277,1789999581696669029,1789999581696848832,96892,179803,0.000000,1,0
129,1,151887,170417,1789999581697117860,1789999581697277537,92579,159677,0.770121,1,1
130,1,145047,176506,1789999581697535303,1789999581697704621,92797,169318,0.757830,1,1
131,1,138447,156227,1789999581697957825,1789999581698108946,93735,151121,0.000000,1,0
132,1,138278,156548,1789999581698361618,1789999581698536680,92274,175062,0.000000,1,0
133,1,141077,160057,1789999581698789951,1789999581698964974,92622,175023,0.758808,1,1
134,1,141577,160017,1789999581699219363,1789999581699394609,93390,175246,0.758747,1,1
135,1,140158,158997,1789999581699647996,1789999581699822493,94048,174497,0.758141,1,1
136,1,138538,156808,1789999581700075988,1789999581700247087,96296,171099,0.000000,1,0
137,1,137427,155507,1789999581700501450,1789999581700642042,100214,140592,0.000000,1,0
138,1,137128,155338,1789999581700898843,1789999581701037257,92942,138414,0.000000,1,0
139,1,137468,155498,1789999581701288796,1789999581701432472,91510,143676,0.784431,1,1
140,1,136649,155849,1789999581701680650,1789999581701858606,94569,177956,0.757679,1,1
141,1,139067,157577,1789999581702113192,1789999581702253191,93097,139999,0.000000,1,0
142,1,136757,154477,1789999581702502575,1789999581702661465,96765,158890,0.000000,1,0
143,1,137358,155707,1789999581702915098,1789999581703080110,93583,165012,0.000000,1,0
144,1,138717,156567,1789999581703333350,1789999581703475115,99441,141765,0.000000,1,0
145,1,158308,175977,1789999581703752333,1789999581703874409,96010,122076,0.000000,1,0
146,1,136378,155227,1789999581704126636,1789999581704273054,92658,146418,0.782120,1,1
147,1,138238,156267,1789999581704523879,1789999581704677039,93276,153160,0.000000,1,0
148,1,139767,157937,1789999581704930292,1789999581705071874,93304,141582,0.000000,1,0
149,1,137217,155127,1789999581705323585,1789999581705465288,100343,141703,0.000000,1,0
150,1,137007,155367,1789999581705724808,1789999581705891093,92490,166285,0.000000,1,0
151,1,136368,155687,1789999581706140321,1789999581706318207,93169,177886,0.000000,1,0
152,1,137278,155307,1789999581706568743,1789999581706714472,94686,145729,0.000000,1,0
153,1,136578,154577,1789999581706965906,1789999581707140996,94735,175090,0.000000,1,0
154,1,137188,155497,1789999581707393738,1789999581707565841,91843,172103,0.762024,1,1
155,1,142337,160737,1789999581707822211,1789999581707993415,93881,171204,0.000000,1,0
156,1,140527,159307,1789999581708252623,1789999581708416549,92120,163926,0.000000,1,0
157,1,135698,153557,1789999581708663966,1789999581708840664,92067,176698,0.000000,1,0
158,1,139077,160367,1789999581709091108,1789999581709263218,92875,172110,0.000000,1,0
159,1,137597,155537,1789999581709514020,1789999581709671033,94893,157013,0.000000,1,0
160,1,144288,162397,1789999581709932973,1789999581710067167,96522,134194,0.000000,1,0
161,1,140458,159417,1789999581710324936,1789999581710466182,94170,141246,0.000000,1,0
162,1,136209,154338,1789999581710716710,1789999581710892707,93718,175997,0.000000,1,0
163,1,139097,157667,1789999581711144932,1789999581711290141,91897,145209,0.000000,1,0
164,1,135338,153438,1789999581711538175,1789999581711716446,93644,178271,0.000000,1,0
165,1,136457,154077,1789999581711965967,1789999581712113090,92513,147123,0.000000,1,0
166,1,138017,156397,1789999581712364130,1789999581712535745,92800,171615,0.000000,1,0
167,1,140427,158737,1789999581712788942,1789999581712937559,93289,148617,0.000000,1,0
168,1,136557,154577,1789999581713187285,1789999581713331474,95237,144189,0.000000,1,0
169,1,136707,155427,1789999581713583518,1789999581713756819,97125,173301,0.000000,1,0
170,1,138957,156587,1789999581714012001,1789999581714150283,92604,138282,0.000000,1,0
171,1,139457,157967,1789999581714402764,1789999581714574628,92132,171864,0.000000,1,0
172,1,143128,161407,1789999581714829967,1789999581715000142,92320,170175,0.000000,1,0
173,1,139107,157227,1789999581715255639,1789999581715422586,93118,166947,0.000000,1,0
174,1,138807,156747,1789999581715674271,1789999581715852441,92886,178170,0.757170,1,1
175,1,146598,165037,1789999581716111094,1789999581716275755,92614,164661,0.000000,1,0
176,1,135447,153997,1789999581716523856,1789999581716699729,94183,175873,0.759917,1,1
177,1,137577,155767,1789999581716951139,1789999581717125784,102321,174645,0.000000,1,0
178,1,147527,165627,1789999581717395571,1789999581717557038,94449,161467,0.000000,1,0
179,1,138097,155567,1789999581717809734,1789999581717957833,92257,148099,0.780901,1,1
180,1,138148,157207,1789999581718207387,1789999581718381847,91905,174460,0.000000,1,0
181,1,136907,155347,1789999581718633329,1789999581718813411,93383,180082,0.756074,1,1
182,1,140707,159437,1789999581719067721,1789999581719242646,93800,174925,0.759316,1,1
183,1,136758,155007,1789999581719493094,1789999581719669840,94090,176746,0.000000,1,0
184,1,138248,156617,1789999581719922897,1789999581720095494,96508,172597,0.000000,1,0
185,1,136988,158498,1789999581720349379,1789999581720492799,94466,143420,0.784548,1,1
186,1,143078,161147,1789999581720750312,1789999581720916973,91974,166661,0.000000,1,0
187,1,137577,156417,1789999581721166194,1789999581721344958,91471,178764,0.000000,1,0
188,1,136667,154977,1789999581721593146,1789999581721770602,92200,177456,0.000000,1,0
189,1,135278,153147,1789999581722018349,1789999581722194926,92208,176577,0.000000,1,0
190,1,141737,160067,1789999581722449851,1789999581722617851,92356,168000,0.000000,1,0
191,1,140667,158827,1789999581722870524,1789999581723039975,92465,169451,0.000000,1,0
192,1,137818,156058,1789999581723291327,1789999581723476210,95422,184883,0.751994,1,1
193,1,138107,155848,1789999581723729149,1789999581723906744,95630,177595,0.000000,1,0
194,1,141487,160427,1789999581724163791,1789999581724342698,93968,178907,0.000000,1,0
195,1,138017,155667,1789999581724594563,1789999581724744523,93466,149960,0.000000,1,0
196,1,137877,156057,1789999581724995336,1789999581725144197,93135,148861,0.000000,1,0
197,1,139307,157108,1789999581725396819,1789999581725543012,94214,146193,0.000000,1,0
198,1,140658,156607,1789999581725797893,1789999581725947377,92251,149484,0.779091,1,1
199,1,138868,154767,1789999581726196726,1789999581726384371,92139,187645,0.749840,1,1
200,1,139698,155427,1789999581726634068,1789999581726819735,96727,185667,0.000000,1,0
201,1,137978,153997,1789999581727072310,1789999581727250980,95475,178670,0.756981,1,1
202,1,137708,153088,1789999581727502182,1789999581727650474,98343,148292,0.000000,1,0
203,1,139078,154277,1789999581727905235,1789999581728057749,93441,152514,0.000000,1,0
204,1,140077,156017,1789999581728309587,1789999581728461004,93249,151417,0.777861,1,1
205,1,142769,157189,1789999581728714971,1789999581728865868,99128,150897,0.000000,1,0
206,1,141727,163137,1789999581729142353,1789999581729265073,92706,122720,0.000000,1,0
207,1,139167,159277,1789999581729518886,1789999581729700427,93694,181541,0.000000,1,0
208,1,142257,162057,1789999581729958368,1789999581730107452,97112,149084,0.000000,1,0
209,1,140507,160547,1789999581730367151,1789999581730518536,93271,151385,0.000000,1,0
210,1,148108,167757,1789999581730781414,1789999581730943291,93598,161877,0.000000,1,0
211,1,143057,163577,1789999581731204046,1789999581731374535,92926,170489,0.000000,1,0
212,1,139317,159388,1789999581731629008,1789999581731777580,94385,148572,0.000000,1,0
213,1,141977,161967,1789999581732037782,1789999581732181814,94824,144032,0.000000,1,0
214,1,138218,158097,1789999581732437085,1789999581732615089,92341,178004,0.000000,1,0
215,1,140667,160177,1789999581732869507,1789999581733022103,94540,152596,0.000000,1,0
216,1,137668,157597,1789999581733276110,1789999581733421968,95427,145858,0.782762,1,1
217,1,140227,160387,1789999581733679472,1789999581733832343,92835,152871,0.000000,1,0
218,1,137887,164217,1789999581734084625,1789999581734231247,95564,146622,0.000000,1,0
219,1,143178,163137,1789999581734491998,1789999581734629422,96553,137424,0.000000,1,0
220,1,142148,161687,1789999581734889562,1789999581735062796,93951,173234,0.000000,1,0
221,1,139158,158838,1789999581735317354,1789999581735463201,93659,145847,0.781112,1,1
222,1,137648,157287,1789999581735716627,1789999581735894195,93447,177568,0.000000,1,0
223,1,139438,159398,1789999581736148369,1789999581736299830,92265,151461,0.000000,1,0
224,1,137178,156897,1789999581736550752,1789999581736704854,95093,154102,0.000000,1,0
225,1,141517,160287,1789999581736962374,1789999581737112799,92571,150425,0.000000,1,0
226,1,139117,158897,1789999581737366927,1789999581737541503,97720,174576,0.000000,1,0
227,1,152767,172657,1789999581737814230,1789999581737949838,92868,135608,0.000000,1,0
228,1,138548,158208,1789999581738202853,1789999581738378982,93516,176129,0.000000,1,0
229,1,137907,157827,1789999581738631985,1789999581738814986,92804,183001,0.752905,1,1
230,1,138087,157887,1789999581739067427,1789999581739244571,93011,177144,0.758557,1,1
231,1,138367,158117,1789999581739497459,1789999581739680905,94199,183446,0.000000,1,0
232,1,141867,161447,1789999581739939501,1789999581740084939,94168,145438,0.000000,1,0
233,1,141037,160157,1789999581740341914,1789999581740492324,93046,150410,0.776377,1,1
234,1,156779,176558,1789999581740762898,1789999581740926928,106375,164030,0.000000,1,0
235,1,144408,164797,1789999581741198550,1789999581741356022,91613,157472,0.772028,1,1
236,1,144767,164897,1789999581741613792,1789999581741784227,92230,170435,0.000000,1,0
237,1,139347,159087,1789999581742038054,1789999581742216071,93379,178017,0.000000,1,0
238,1,138138,158007,1789999581742469127,1789999581742613036,93206,143909,0.000000,1,0
239,1,140438,160267,1789999581742868450,1789999581743020460,93875,152010,0.000000,1,0
240,1,139647,159587,1789999581743277912,1789999581743431145,95103,153233,0.000000,1,0
241,1,142819,162528,1789999581743690556,1789999581743837690,92221,147134,0.000000,1,0
242,1,138248,164457,1789999581744090149,1789999581744289894,93629,199745,0.000000,1,0
243,1,144367,163207,1789999581744548490,1789999581744730438,93137,181948,0.752099,1,1
244,1,139547,158577,1789999581744984102,1789999581745159982,92376,175880,0.000000,1,0
245,1,139608,159757,1789999581745416725,1789999581745587166,93524,170441,0.762658,1,1
246,1,141037,160648,1789999581745843347,1789999581745989941,92962,146594,0.000000,1,0
247,1,140178,160657,1789999581746251460,1789999581746388256,93189,136796,0.788686,1,1
248,1,137289,156848,1789999581746640364,1789999581746787471,94328,147107,0.000000,1,0
249,1,139487,159757,1789999581747042526,1789999581747217595,96946,175069,0.758762,1,1
250,1,138657,158077,1789999581747474648,1789999581747615800,92404,141152,0.000000,1,0
251,1,144117,163437,1789999581747873711,1789999581748046754,92562,173043,0.000000,1,0
252,1,138687,157757,1789999581748300483,1789999581748473268,93481,172785,0.000000,1,0
253,1,137288,156527,1789999581748724556,1789999581748876143,92298,151587,0.000000,1,0
254,1,137897,158967,1789999581749127118,1789999581749303997,91607,176879,0.758748,1,1
255,1,151877,171427,1789999581749569020,1789999581749705062,91625,136042,0.000000,1,0
256,1,138737,158307,1789999581749956864,1789999581750131556,95644,174692,0.000000,1,0
257,1,140048,159987,1789999581750389327,1789999581750526391,92192,137064,0.000000,1,0
258,1,141288,161027,1789999581750781290,1789999581750954095,92880,172805,0.000000,1,0
259,1,141628,161838,1789999581751209992,1789999581751380120,95587,170128,0.000000,1,0
260,1,150487,170257,1789999581751647604,1789999581751779765,92545,132161,0.792377,1,1
261,1,138987,158827,1789999581752034677,1789999581752206649,94303,171972,0.762169,1,1
262,1,139257,159187,1789999581752462499,1789999581752607184,91702,144685,0.783004,1,1
263,1,139907,159597,1789999581752859983,1789999581753034478,95120,174495,0.000000,1,0
264,1,138147,158507,1789999581753288955,1789999581753432253,98928,143298,0.784125,1,1
265,1,141748,162518,1789999581753708408,1789999581753836477,92227,128069,0.000000,1,0
266,1,137837,164637,1789999581754087821,1789999581754263042,93644,175221,0.000000,1,0
267,1,140727,160397,1789999581754519403,1789999581754667186,93453,147783,0.000000,1,0
268,1,139268,159058,1789999581754921116,1789999581755067391,93471,146275,0.000000,1,0
269,1,138038,157717,1789999581755320609,1789999581755466016,92588,145407,0.000000,1,0
270,1,138268,157638,1789999581755718492,1789999581755865150,93628,146658,0.000000,1,0
271,1,137157,157327,1789999581756116335,1789999581756264545,92876,148210,0.000000,1,0
272,1,136787,156667,1789999581756515788,1789999581756664790,94604,149002,0.000000,1,0
273,1,140858,160447,1789999581756921381,1789999581757063975,93491,142594,0.000000,1,0
274,1,139078,158507,1789999581757317764,1789999581757461679,92940,143915,0.782934,1,1
275,1,140727,160547,1789999581757717526,1789999581757870884,92558,153358,0.000000,1,0
276,1,140238,159848,1789999581758124819,1789999581758306318,93656,181499,0.753282,1,1
277,1,139457,160227,1789999581758563191,1789999581758705063,92355,141872,0.000000,1,0
278,1,139388,158438,1789999581758958055,1789999581759138237,100713,180182,0.756233,1,1
279,1,139557,159007,1789999581759399667,1789999581759569171,96421,169504,0.000000,1,0
280,1,139997,159807,1789999581759827219,1789999581759967016,94849,139797,0.000000,1,0
281,1,145597,166167,1789999581760228742,1789999581760394841,92806,166099,0.763725,1,1
282,1,140108,160657,1789999581760648895,1789999581760804645,99665,155750,0.000000,1,0
283,1,142627,162437,1789999581761068817,1789999581761223860,93402,155043,0.000000,1,0
284,1,138918,158547,1789999581761477860,1789999581761617684,93042,139824,0.786017,1,1
285,1,140397,160057,1789999581761872963,1789999581762017039,95230,144076,0.000000,1,0
286,1,138697,157667,1789999581762272286,1789999581762441453,93039,169167,0.764025,1,1
287,1,138038,157507,1789999581762693199,1789999581762849208,91906,156009,0.000000,1,0
288,1,147717,169357,1789999581763109411,1789999581763277132,96774,167721,0.759120,1,1
289,1,142088,161577,1789999581763537294,1789999581763680637,93292,143343,0.000000,1,0
290,1,138127,157907,1789999581763933846,1789999581764081412,93090,147566,0.000000,1,0
291,1,141717,161117,1789999581764337519,1789999581764475417,92648,137898,0.000000,1,0
292,1,138158,157618,1789999581764727123,1789999581764905711,96107,178588,0.756436,1,1
293,1,151147,170947,1789999581765174155,1789999581765332665,91816,158510,0.000000,1,0
294,1,139998,159937,1789999581765586048,1789999581765730150,97763,144102,0.000000,1,0
295,1,138937,158907,1789999581765988200,1789999581766127485,93001,139285,0.000000,1,0
296,1,138567,158007,1789999581766380853,1789999581766551229,94579,170376,0.000000,1,0
297,1,142857,162847,1789999581766809755,1789999581766948994,93517,139239,0.000000,1,0
298,1,136927,156637,1789999581767201838,1789999581767343828,93286,141990,0.000000,1,0
299,1,139857,159587,1789999581767598021,1789999581767741583,93905,143562,0.000000,1,0
300,1,140068,160848,1789999581767996955,1789999581768135208,93023,138253,0.000000,1,0
301,1,139548,159137,1789999581768389278,1789999581768529862,91942,140584,0.000000,1,0
302,1,140508,160087,1789999581768783181,1789999581768927337,92139,144156,0.782942,1,1
303,1,137268,157647,1789999581769178394,1789999581769351992,93127,173598,0.000000,1,0
304,1,138948,158947,1789999581769606026,1789999581769748756,95056,142730,0.000000,1,0
305,1,142058,161827,1789999581770007109,1789999581770143311,92983,136202,0.000000,1,0
306,1,137348,156857,1789999581770394872,1789999581770554276,93142,159404,0.000000,1,0
307,1,143247,162647,1789999581770811745,1789999581770954760,93721,143015,0.000000,1,0
308,1,148818,169437,1789999581771221878,1789999581771363795,93998,141917,0.000000,1,0
309,1,143697,163367,1789999581771622940,1789999581771776299,96407,153359,0.772282,1,1
310,1,140697,160267,1789999581772034523,1789999581772173864,92685,139341,0.000000,1,0
311,1,137207,156707,1789999581772425366,1789999581772572219,92303,146853,0.000000,1,0
312,1,139948,159297,1789999581772825399,1789999581772971354,94921,145955,0.782566,1,1
313,1,143688,164497,1789999581773230882,1789999581773399468,91199,168586,0.000000,1,0
314,1,138249,157659,1789999581773650655,1789999581773802683,90658,152028,0.000000,1,0
315,1,139498,158777,1789999581774053448,1789999581774200717,92626,147269,0.000000,1,0
316,1,138447,158037,1789999581774454470,1789999581774598152,91004,143682,0.000000,1,0
317,1,141317,160927,1789999581774851443,1789999581774998627,92092,147184,0.000000,1,0
318,1,144268,165187,1789999581775260276,1789999581775398332,91970,138056,0.000000,1,0
319,1,138458,158147,1789999581775650639,1789999581775802396,92768,151757,0.000000,1,0
320,1,136777,156517,1789999581776053041,1789999581776201001,95776,147960,0.000000,1,0
321,1,139277,159477,1789999581776457844,1789999581776599206,92585,141362,0.000000,1,0
322,1,139897,159208,1789999581776853078,1789999581777000020,92514,146942,0.000000,1,0
323,1,142368,161527,1789999581777259821,1789999581777395645,92691,135824,0.000000,1,0
324,1,138058,157857,1789999581777647784,1789999581777797990,99149,150206,0.000000,1,0
325,1,138817,158237,1789999581778059256,1789999581778212214,95598,152958,0.777528,1,1
326,1,148938,169327,1789999581778478649,1789999581778607959,92516,129310,0.000000,1,0
327,1,139698,159727,1789999581778861392,1789999581779006494,91473,145102,0.000000,1,0
328,1,138688,157997,1789999581779258195,1789999581779434938,95182,176743,0.758467,1,1
329,1,141499,161188,1789999581779693988,1789999581779868662,93051,174674,0.758073,1,1
330,1,139107,158347,1789999581780121870,1789999581780296827,92548,174957,0.000000,1,0
331,1,139237,159957,1789999581780549772,1789999581780696481,91347,146709,0.000000,1,0
332,1,139417,159107,1789999581780948805,1789999581781098246,92265,149441,0.000000,1,0
333,1,137398,156548,1789999581781349058,1789999581781496791,94023,147733,0.781534,1,1
334,1,143778,163027,1789999581781755611,1789999581781896146,92860,140535,0.000000,1,0
335,1,137568,157877,1789999581782147634,1789999581782295480,93479,147846,0.000000,1,0
336,1,138887,158197,1789999581782549016,1789999581782694765,94608,145749,0.000000,1,0
337,1,139738,159308,1789999581782950480,1789999581783092090,93596,141610,0.784650,1,1
338,1,137348,156827,1789999581783343993,1789999581783495054,92924,151061,0.778897,1,1
339,1,147197,167157,1789999581783756355,1789999581783893919,97342,137564,0.788481,1,1
340,1,138857,159247,1789999581784154718,1789999581784293034,94060,138316,0.000000,1,0
341,1,139347,158717,1789999581784547881,1789999581784726658,92158,178777,0.000000,1,0
342,1,145227,165297,1789999581784985783,1789999581785166222,93276,180439,0.000000,1,0
343,1,139667,159527,1789999581785420795,1789999581785565217,93935,144422,0.000000,1,0
344,1,141848,162038,1789999581785822509,1789999581785963382,95823,140873,0.785451,1,1
345,1,141668,161497,1789999581786222492,1789999581786364096,92762,141604,0.000000,1,0
346,1,136648,156967,1789999581786617495,1789999581786761121,92799,143626,0.785239,1,1
347,1,141547,161757,1789999581787017137,1789999581787163676,93887,146539,0.782206,1,1
348,1,138567,158747,1789999581787417340,1789999581787561951,93365,144611,0.000000,1,0
349,1,141207,161327,1789999581787818193,1789999581787960895,92154,142702,0.000000,1,0
350,1,138768,159868,1789999581788213386,1789999581788358170,92032,144784,0.782863,1,1
351,1,138478,158397,1789999581788610399,1789999581788759015,94170,148616,0.000000,1,0
352,1,140187,160427,1789999581789014802,1789999581789157519,95419,142717,0.000000,1,0
353,1,140587,160647,1789999581789415155,1789999581789556304,93317,141149,0.000000,1,0
354,1,140377,160067,1789999581789812018,1789999581789955459,97235,143441,0.000000,1,0
355,1,139968,159898,1789999581790214861,1789999581790353974,93133,139113,0.000000,1,0
356,1,139028,158577,1789999581790607824,1789999581790753518,92782,145694,0.781737,1,1
357,1,141048,161277,1789999581791008537,1789999581791151593,92619,143056,0.785019,1,1
358,1,139397,158927,1789999581791405789,1789999581791558178,94688,152389,0.000000,1,0
359,1,148887,168377,1789999581791823433,1789999581791955692,93767,132259,0.000000,1,0
360,1,137878,157728,1789999581792209026,1789999581792352317,94465,143291,0.784078,1,1
361,1,141828,161117,1789999581792609559,1789999581792755542,91782,145983,0.000000,1,0
362,1,138518,157827,1789999581793006562,1789999581793183846,93271,177284,0.758801,1,1
363,1,140588,160187,1789999581793439724,1789999581793581841,93929,142117,0.000000,1,0
364,1,141908,161407,1789999581793838777,1789999581793986705,93417,147928,0.000000,1,0
365,1,139647,159887,1789999581794246879,1789999581794385690,92995,138811,0.000000,1,0
366,1,137718,156828,1789999581794637173,1789999581794784225,92904,147052,0.000000,1,0
367,1,140228,159648,1789999581795037926,1789999581795186139,92793,148213,0.780739,1,1
368,1,137708,157647,1789999581795442239,1789999581795593084,95850,150845,0.000000,1,0
369,1,144447,164057,1789999581795855141,1789999581795998239,96948,143098,0.000000,1,0
370,1,140088,159977,1789999581796258814,1789999581796405463,93166,146649,0.781940,1,1
371,1,139467,159027,1789999581796659966,1789999581796812148,91264,152182,0.000000,1,0
372,1,137877,157757,1789999581797064899,1789999581797242982,93412,178083,0.758755,1,1
373,1,138777,158767,1789999581797497381,1789999581797645887,99421,148506,0.000000,1,0
374,1,140948,160378,1789999581797907835,1789999581798049831,93660,141996,0.000000,1,0
375,1,142248,162017,1789999581798307438,1789999581798470476,93697,163038,0.000000,1,0
376,1,137247,156327,1789999581798722570,1789999581798871460,94696,148890,0.780403,1,1
377,1,138768,159178,1789999581799125693,1789999581799275485,91844,149792,0.000000,1,0
378,1,136568,156597,1789999581799526006,1789999581799679440,92241,153434,0.000000,1,0
379,1,143337,163247,1789999581799936108,1789999581800081754,93060,145646,0.000000,1,0
380,1,137237,156817,1789999581800333511,1789999581800479889,92068,146378,0.782785,1,1
381,1,140818,160428,1789999581800734875,1789999581800880444,91547,145569,0.000000,1,0
382,1,139008,158837,1789999581801132248,1789999581801310988,93635,178740,0.000000,1,0
383,1,145447,165937,1789999581801571240,1789999581801712863,92463,141623,0.000000,1,0
384,1,137688,157657,1789999581801963933,1789999581802112158,99380,148225,0.000000,1,0
385,1,140167,159917,1789999581802373215,1789999581802512322,91549,139107,0.000000,1,0
386,1,144717,164397,1789999581802770688,1789999581802912317,91087,141629,0.785875,1,1
387,1,140437,160217,1789999581803164771,1789999581803342541,92815,177770,0.000000,1,0
388,1,136737,156767,1789999581803593143,1789999581803739086,92774,145943,0.000000,1,0
389,1,138687,158567,1789999581803992917,1789999581804142971,94282,150054,0.000000,1,0
390,1,137398,156867,1789999581804396050,1789999581804541755,92290,145705,0.000000,1,0
391,1,138858,158737,1789999581804794753,1789999581804972610,95408,177857,0.000000,1,0
392,1,147658,167157,1789999581805237035,1789999581805382664,93836,145629,0.000000,1,0
393,1,141237,160977,1789999581805638697,1789999581805788719,91854,150022,0.776369,1,1
394,1,140437,159647,1789999581806042030,1789999581806219793,93132,177763,0.000000,1,0
395,1,140907,160447,1789999581806476202,1789999581806621108,92851,144906,0.783709,1,1
396,1,144777,165097,1789999581806880336,1789999581807024873,92749,144537,0.000000,1,0
397,1,139638,159237,1789999581807278419,1789999581807455117,90947,176698,0.000000,1,0
398,1,137347,157087,1789999581807705221,1789999581807883961,92315,178740,0.000000,1,0
399,1,139577,159497,1789999581808137633,1789999581808312886,96442,175253,0.759369,1,1
400,1,138828,157977,1789999581808569406,1789999581808711790,94351,142384,0.000000,1,0
401,1,141747,161367,1789999581808969478,1789999581809142535,93259,173057,0.760243,1,1
402,1,137378,156537,1789999581809395121,1789999581809574029,92708,178908,0.757435,1,1
403,1,144258,163697,1789999581809832184,1789999581810005553,92976,173369,0.760959,1,1
404,1,140018,160168,1789999581810268236,1789999581810406378,91454,138142,0.000000,1,0
405,1,136068,155978,1789999581810655259,1789999581810817012,91942,161753,0.000000,1,0
406,1,138648,159247,1789999581811069322,1789999581811247367,93040,178045,0.000000,1,0
407,1,138508,157907,1789999581811500634,1789999581811647471,98248,146837,0.000000,1,0
408,1,143557,163387,1789999581811910226,1789999581812062316,95776,152090,0.000000,1,0
409,1,140717,159817,1789999581812320239,1789999581812475770,93175,155531,0.000000,1,0
410,1,138119,158368,1789999581812729813,1789999581812885775,92743,155962,0.000000,1,0
411,1,141457,161957,1789999581813141315,1789999581813315889,92831,174574,0.000000,1,0
412,1,139417,159437,1789999581813569747,1789999581813717994,91849,148247,0.779723,1,1
413,1,137887,156937,1789999581813969090,1789999581814147408,93827,178318,0.000000,1,0
414,1,136327,156217,1789999581814399422,1789999581814549933,96185,150511,0.780050,1,1
415,1,140437,159967,1789999581814807285,1789999581814958198,94003,150913,0.000000,1,0
416,1,136158,156467,1789999581815209618,1789999581815357612,95181,147994,0.000000,1,0
417,1,139187,158577,1789999581815613500,1789999581815760007,93450,146507,0.780948,1,1
418,1,137607,157027,1789999581816012464,1789999581816160812,92598,148348,0.781034,1,1
419,1,141208,160988,1789999581816417307,1789999581816558596,92197,141289,0.786379,1,1
420,1,141178,161017,1789999581816813240,1789999581816963251,93234,150011,0.779052,1,1
421,1,136937,157047,1789999581817214902,1789999581817359826,92432,144924,0.000000,1,0
422,1,137257,157447,1789999581817611795,1789999581817763520,92261,151725,0.000000,1,0
423,1,138228,157968,1789999581818015198,1789999581818164365,93829,149167,0.000000,1,0
424,1,139258,158957,1789999581818418801,1789999581818563260,99517,144459,0.784195,1,1
425,1,148677,167887,1789999581818832454,1789999581818967464,92826,135010,0.000000,1,0
426,1,139237,159347,1789999581819220527,1789999581819374709,92474,154182,0.775531,1,1
427,1,141688,161448,1789999581819631370,1789999581819779713,92173,148343,0.780629,1,1
428,1,140198,159347,1789999581820033353,1789999581820211478,93480,178125,0.000000,1,0
429,1,137448,157658,1789999581820463635,1789999581820617452,97638,153817,0.000000,1,0
430,1,140737,160227,1789999581820877077,1789999581821027827,93656,150750,0.000000,1,0
431,1,139457,159747,1789999581821284910,1789999581821455631,91944,170721,0.000000,1,0
432,1,138498,158508,1789999581821709653,1789999581821891285,94483,181632,0.000000,1,0
433,1,141278,161117,1789999581822148296,1789999581822296240,99321,147944,0.000000,1,0
434,1,137047,156337,1789999581822553238,1789999581822707835,91939,154597,0.000000,1,0
435,1,141008,160747,1789999581822963931,1789999581823116899,92737,152968,0.000000,1,0
436,1,139587,159067,1789999581823371123,1789999581823523124,92035,152001,0.778040,1,1
437,1,141497,161257,1789999581823778236,1789999581823927518,92914,149282,0.000000,1,0
438,1,139328,159167,1789999581824181279,1789999581824330013,94101,148734,0.000000,1,0
439,1,138107,158337,1789999581824583821,1789999581824731118,92410,147297,0.781698,1,1
440,1,139537,159417,1789999581824984465,1789999581825163752,94698,179287,0.000000,1,0
441,1,143317,163747,1789999581825423107,1789999581825605806,93096,182699,0.750635,1,1
442,1,140007,159337,1789999581825861059,1789999581826035001,92063,173942,0.000000,1,0
443,1,141088,160377,1789999581826289052,1789999581826464795,94142,175743,0.000000,1,0
444,1,136388,156257,1789999581826716454,1789999581826867460,96349,151006,0.000000,1,0
445,1,137818,157967,1789999581827122467,1789999581827269474,90448,147007,0.000000,1,0
446,1,137437,156847,1789999581827518509,1789999581827699189,90777,180680,0.756467,1,1
447,1,136418,156037,1789999581827948273,1789999581828127493,92845,179220,0.758178,1,1
448,1,137908,157658,1789999581828379215,1789999581828554127,94193,174912,0.000000,1,0
449,1,144187,164547,1789999581828813787,1789999581828954792,91901,141005,0.000000,1,0
450,1,139267,158857,1789999581829207180,1789999581829383466,90909,176286,0.000000,1,0
451,1,141677,161527,1789999581829637122,1789999581829818580,92537,181458,0.000000,1,0
452,1,140317,159957,1789999581830073304,1789999581830251965,94464,178661,0.758421,1,1
453,1,139008,158357,1789999581830507287,1789999581830649939,98064,142652,0.785618,1,1
454,1,139827,159667,1789999581830908480,1789999581831085124,91481,176644,0.000000,1,0
455,1,138827,158707,1789999581831337652,1789999581831513538,91600,175886,0.000000,1,0
456,1,144248,164037,1789999581831771015,1789999581831915523,93257,144508,0.000000,1,0
457,1,139547,159547,1789999581832170297,1789999581832345247,95615,174950,0.000000,1,0
458,1,144027,163707,1789999581832606549,1789999581832743622,92153,137073,0.000000,1,0
459,1,141737,161387,1789999581832999052,1789999581833154936,97072,155884,0.000000,1,0
460,1,138668,158218,1789999581833412225,1789999581833551931,92771,139706,0.787724,1,1
461,1,141268,160597,1789999581833807279,1789999581833952436,91248,145157,0.000000,1,0
462,1,136458,156957,1789999581834201222,1789999581834378480,92357,177258,0.000000,1,0
463,1,137668,157108,1789999581834630174,1789999581834778055,92665,147881,0.000000,1,0
464,1,136758,156587,1789999581835028477,1789999581835176820,93882,148343,0.781393,1,1
465,1,139728,159857,1789999581835431920,1789999581835575764,91501,143844,0.000000,1,0
466,1,139067,158417,1789999581835827892,1789999581835979869,92879,151977,0.000000,1,0
467,1,146567,167417,1789999581836243395,1789999581836379054,91967,135659,0.000000,1,0
468,1,138418,157859,1789999581836630798,1789999581836780908,92427,150110,0.000000,1,0
469,1,140978,159907,1789999581837035172,1789999581837183903,91914,148731,0.000000,1,0
470,1,138077,157597,1789999581837436314,1789999581837610677,93913,174363,0.000000,1,0
471,1,140798,160617,1789999581837866797,1789999581838012552,94060,145755,0.000000,1,0
472,1,137197,157877,1789999581838265439,1789999581838409317,93638,143878,0.000000,1,0
473,1,143177,162947,1789999581838667902,1789999581838843701,92166,175799,0.757807,1,1
474,1,140697,165437,1789999581839098904,1789999581839281635,97134,182731,0.000000,1,0
475,1,141438,160707,1789999581839542687,1789999581839712220,91693,169533,0.000000,1,0
476,1,139708,158738,1789999581839964360,1789999581840125094,92931,160734,0.000000,1,0
477,1,139227,158747,1789999581840379372,1789999581840553398,90650,174026,0.761325,1,1
478,1,142098,161877,1789999581840807495,1789999581840983433,90647,175938,0.000000,1,0
479,1,145527,165577,1789999581841241037,1789999581841411307,91695,170270,0.000000,1,0
480,1,138027,157667,1789999581841663249,1789999581841814182,95473,150933,0.000000,1,0
481,1,138398,157988,1789999581842069052,1789999581842212226,92902,143174,0.000000,1,0
482,1,136698,156847,1789999581842463475,1789999581842607271,92381,143796,0.784745,1,1
483,1,144688,163737,1789999581842865519,1789999581843007786,91598,142267,0.000000,1,0
484,1,138897,158237,1789999581843265671,1789999581843435280,91197,169609,0.764032,1,1
485,1,137498,156727,1789999581843686144,1789999581843836115,91644,149971,0.779957,1,1
486,1,138017,161417,1789999581844086866,1789999581844236400,92512,149534,0.000000,1,0
487,1,137927,157927,1789999581844488709,1789999581844633354,92241,144645,0.000000,1,0
488,1,149948,169737,1789999581844896912,1789999581845033799,95489,136887,0.789538,1,1
489,1,139638,158987,1789999581845290225,1789999581845464353,97097,174128,0.000000,1,0
490,1,136919,156148,1789999581845719788,1789999581845863638,94256,143850,0.000000,1,0
491,1,151887,171947,1789999581846130850,1789999581846295282,91104,164432,0.000000,1,0
492,1,138058,158398,1789999581846546313,1789999581846698567,92722,152254,0.000000,1,0
493,1,137468,157197,1789999581846950336,1789999581847109971,93110,159635,0.000000,1,0
494,1,137287,156897,1789999581847361448,1789999581847508646,92218,147198,0.000000,1,0
495,1,143297,163317,1789999581847767961,1789999581847910871,91836,142910,0.000000,1,0
496,1,136798,157248,1789999581848160704,1789999581848308745,95045,148041,0.000000,1,0
497,1,139538,158777,1789999581848565007,1789999581848708480,92263,143473,0.783325,1,1
498,1,138497,158117,1789999581848961440,1789999581849117865,92281,156425,0.000000,1,0
499,1,141557,161607,1789999581849376113,1789999581849515609,92200,139496,0.000000,1,0
500,1,146848,166657,1789999581849776266,1789999581849917874,91128,141608,0.000000,1,0
501,1,139418,160067,1789999581850169519,1789999581850346908,92186,177389,0.758649,1,1
502,1,139008,158388,1789999581850599481,1789999581850747693,92924,148212,0.000000,1,0
503,1,138148,157567,1789999581851000954,1789999581851148868,92831,147914,0.781604,1,1
504,1,138837,158487,1789999581851402136,1789999581851545673,100830,143537,0.000000,1,0
505,1,141027,160787,1789999581851809010,1789999581851949097,90939,140087,0.000000,1,0
506,1,135908,156188,1789999581852196813,1789999581852376292,91386,179479,0.000000,1,0
507,1,142077,161707,1789999581852631515,1789999581852817846,93084,186331,0.751025,1,1
508,1,138127,157897,1789999581853071087,1789999581853246250,92582,175163,0.000000,1,0
509,1,137827,157627,1789999581853498289,1789999581853642435,97950,144146,0.784415,1,1
510,1,140877,161157,1789999581853902852,1789999581854048069,91789,145217,0.000000,1,0
511,1,144408,164187,1789999581854306515,1789999581854477194,98076,170679,0.759111,1,1
512,1,139008,158748,1789999581854737218,1789999581854875028,94946,137810,0.000000,1,0
513,1,138758,158608,1789999581855130771,1789999581855272343,91254,141572,0.000000,1,0
514,1,138248,157768,1789999581855523074,1789999581855675498,90252,152424,0.000000,1,0
515,1,139268,158127,1789999581855925687,1789999581856102532,92490,176845,0.759636,1,1
516,1,138328,158547,1789999581856358089,1789999581856498177,92378,140088,0.787669,1,1
517,1,144538,164207,1789999581856756182,1789999581856903992,91955,147810,0.000000,1,0
518,1,138427,158707,1789999581857156164,1789999581857330196,91144,174032,0.761331,1,1
519,1,138968,158197,1789999581857582167,1789999581857730661,95622,148494,0.000000,1,0
520,1,138068,157827,1789999581857985571,1789999581858157895,94711,172324,0.000000,1,0
521,1,139408,159437,1789999581858414743,1789999581858585989,91859,171246,0.762414,1,1
522,1,137787,157517,1789999581858836735,1789999581858984954,92577,148219,0.000000,1,0
523,1,148027,167816,1789999581859246758,1789999581859384339,93745,137581,0.000000,1,0
524,1,144618,163757,1789999581859643401,1789999581859781734,92233,138333,0.000000,1,0
525,1,137868,157457,1789999581860032914,1789999581860177978,92581,145064,0.783365,1,1
526,1,137658,157277,1789999581860430097,1789999581860572643,91630,142546,0.785734,1,1
527,1,140107,160217,1789999581860825800,1789999581860984018,92318,158218,0.773316,1,1
528,1,143277,163927,1789999581861240953,1789999581861381622,94497,140669,0.786890,1,1
529,1,139838,158927,1789999581861637426,1789999581861781657,90845,144231,0.000000,1,0
530,1,137678,156837,1789999581862030469,1789999581862212241,94573,181772,0.000000,1,0
531,1,141768,161997,1789999581862474211,1789999581862609366,90981,135155,0.000000,1,0
532,1,139978,159197,1789999581862861204,1789999581863013371,93598,152167,0.777270,1,1
533,1,140417,159917,1789999581863268956,1789999581863408526,92046,139570,0.000000,1,0
534,1,137518,157338,1789999581863660320,1789999581863807300,96496,146980,0.000000,1,0
535,1,135528,154568,1789999581864060143,1789999581864242944,92584,182801,0.000000,1,0
536,1,137127,157257,1789999581864494445,1789999581864640239,98772,145794,0.000000,1,0
537,1,153377,173427,1789999581864913067,1789999581865044154,92189,131087,0.793948,1,1
538,1,138087,157747,1789999581865298730,1789999581865447519,90887,148789,0.000000,1,0
539,1,137928,153928,1789999581865712653,1789999581865853443,91586,140790,0.787252,1,1
540,1,148448,164508,1789999581866111426,1789999581866261518,93203,150092,0.772366,1,1
541,1,137128,153007,1789999581866509299,1789999581866664032,91873,154733,0.000000,1,0
542,1,139477,154357,1789999581866912562,1789999581867067217,92071,154655,0.000000,1,0
543,1,137917,153417,1789999581867314745,1789999581867468322,91989,153577,0.777799,1,1
544,1,136658,151908,1789999581867714308,1789999581867879406,96107,165098,0.768438,1,1
545,1,139687,155147,1789999581868132040,1789999581868281391,90455,149351,0.000000,1,0
546,1,137507,152627,1789999581868526313,1789999581868685236,88773,158923,0.000000,1,0
547,1,139437,154577,1789999581868930906,1789999581869084420,91152,153514,0.000000,1,0
548,1,136588,151908,1789999581869329569,1789999581869483925,93069,154356,0.000000,1,0
549,1,142199,158018,1789999581869737693,1789999581869883140,95538,145447,0.780276,1,1
550,1,136717,152587,1789999581870132375,1789999581870311614,90976,179239,0.000000,1,0
551,1,135388,150287,1789999581870555058,1789999581870746978,92335,191920,0.000000,1,0
552,1,136518,151847,1789999581870994940,1789999581871183783,93424,188843,0.749412,1,1
553,1,145401,162171,1789999581871448048,1789999581871606187,91452,158139,0.000000,1,0
554,1,140991,157041,1789999581871856900,1789999581872034731,91050,177831,0.000000,1,0
555,1,146111,161861,1789999581872289852,1789999581872467316,91757,177464,0.756202,1,1
556,1,138982,154342,1789999581872715055,1789999581872875680,91586,160625,0.770138,1,1
557,1,142271,157921,1789999581873127377,1789999581873306485,91264,179108,0.000000,1,0
558,1,146800,165730,1789999581873562219,1789999581873735059,93182,172840,0.000000,1,0
559,1,138521,158571,1789999581873991142,1789999581874174473,95950,183331,0.000000,1,0
560,1,137821,157991,1789999581874430814,1789999581874575778,94677,144964,0.000000,1,0
561,1,137681,157571,1789999581874830036,1789999581874973342,92025,143306,0.784737,1,1
562,1,137291,158721,1789999581875227618,1789999581875392367,92852,164749,0.000000,1,0
563,1,142262,161602,1789999581875649371,1789999581875807131,92881,157760,0.000000,1,0
564,1,138731,158301,1789999581876060253,1789999581876207716,91788,147463,0.000000,1,0
565,1,136431,156481,1789999581876457895,1789999581876607110,91166,149215,0.779779,1,1
566,1,136361,156031,1789999581876856077,1789999581877007835,97503,151758,0.000000,1,0
567,1,136091,156421,1789999581877263889,1789999581877432459,93431,168570,0.000000,1,0
568,1,143111,162781,1789999581877690521,1789999581877838114,94448,147593,0.000000,1,0
569,1,133431,157541,1789999581878086783,1789999581878233359,91205,146576,0.000000,1,0
570,1,135401,154741,1789999581878481565,1789999581878627544,90753,145979,0.783459,1,1
571,1,138081,157241,1789999581878877018,1789999581879023998,94671,146980,0.000000,1,0
572,1,132771,152861,1789999581879273900,1789999581879417833,90368,143933,0.785514,1,1
573,1,133441,152771,1789999581879663062,1789999581879850087,91466,187025,0.751454,1,1
574,1,133211,153711,1789999581880096314,1789999581880270632,92133,174318,0.000000,1,0
575,1,134511,154251,1789999581880518916,1789999581880663687,93180,144771,0.000000,1,0
576,1,134251,153151,1789999581880912628,1789999581881068631,94708,156003,0.000000,1,0
577,1,134271,154831,1789999581881319600,1789999581881490026,94255,170426,0.000000,1,0
578,1,144292,164042,1789999581881750983,1789999581881890730,90954,139747,0.000000,1,0
579,1,137471,157551,1789999581882140195,1789999581882312185,91401,171990,0.000000,1,0
580,1,133721,153501,1789999581882561877,1789999581882707510,91308,145633,0.000000,1,0
581,1,132871,152311,1789999581882953089,1789999581883102814,93296,149725,0.000000,1,0
582,1,134911,155501,1789999581883353221,1789999581883502859,92553,149638,0.000000,1,0
583,1,146131,165621,1789999581883763273,1789999581883904244,93760,140971,0.000000,1,0
584,1,134351,154281,1789999581884153275,1789999581884301509,94867,148234,0.780862,1,1
585,1,134851,154421,1789999581884553697,1789999581884696883,92086,143186,0.000000,1,0
586,1,141171,160091,1789999581884950500,1789999581885095668,93793,145168,0.000000,1,0
587,1,139421,159161,1789999581885350482,1789999581885525182,92661,174700,0.000000,1,0
588,1,140561,156151,1789999581885779654,1789999581885926597,92348,146943,0.779941,1,1
589,1,134621,150301,1789999581886170846,1789999581886326562,92945,155716,0.000000,1,0
590,1,141621,157171,1789999581886578458,1789999581886724457,92722,145999,0.782934,1,1
591,1,134351,149891,1789999581886968480,1789999581887121081,95340,152601,0.000000,1,0
592,1,135471,150901,1789999581887369782,1789999581887518566,96007,148784,0.000000,1,0
593,1,138932,153982,1789999581887771415,1789999581887937810,92596,166395,0.000000,1,0
594,1,134171,150201,1789999581888184497,1789999581888339985,92203,155488,0.000000,1,0
595,1,136851,152851,1789999581888586289,1789999581888740510,90530,154221,0.000000,1,0
596,1,142051,157211,1789999581888990451,1789999581889147034,91588,156583,0.000000,1,0
597,1,137801,153171,1789999581889393863,1789999581889580609,92286,186746,0.000000,1,0
598,1,141830,162020,1789999581889839325,1789999581890012543,93114,173218,0.761926,1,1
599,1,137330,157371,1789999581890264307,1789999581890413208,94511,148901,0.000000,1,0
600,1,137161,157491,1789999581890666270,1789999581890820802,94180,154532,0.000000,1,0
601,1,138020,158210,1789999581891076522,1789999581891254197,92637,177675,0.759104,1,1
602,1,138400,158161,1789999581891507634,1789999581891652991,97845,145357,0.000000,1,0
603,1,140960,160411,1789999581891913986,1789999581892056016,93182,142030,0.000000,1,0
604,1,136730,156261,1789999581892307418,1789999581892456141,94679,148723,0.000000,1,0
605,1,136820,156070,1789999581892709770,1789999581892858415,91957,148645,0.000000,1,0
606,1,140200,160670,1789999581893111712,1789999581893265960,91734,154248,0.000000,1,0
607,1,137410,157360,1789999581893516874,1789999581893672375,98312,155501,0.775927,1,1
608,1,138090,157960,1789999581893931067,1789999581894082149,95100,151082,0.000000,1,0
609,1,137930,157770,1789999581894336689,1789999581894482714,92417,146025,0.783294,1,1
610,1,143060,163101,1789999581894739161,1789999581894899558,90815,160397,0.000000,1,0
611,1,139390,159101,1789999581895151763,1789999581895341003,93762,189240,0.000000,1,0
612,1,136851,156561,1789999581895592876,1789999581895744237,93320,151361,0.000000,1,0
613,1,136481,157141,1789999581895996108,1789999581896149112,93597,153004,0.000000,1,0
614,1,139101,158841,1789999581896403540,1789999581896552756,92845,149216,0.000000,1,0
615,1,137791,157871,1789999581896804283,1789999581896955031,94773,150748,0.000000,1,0
616,1,138381,159281,1789999581897210515,1789999581897358696,94460,148181,0.000000,1,0
617,1,137401,157801,1789999581897611787,1789999581897763340,94118,151553,0.778548,1,1
618,1,137951,158691,1789999581898016519,1789999581898169615,93275,153096,0.000000,1,0
619,1,142371,161931,1789999581898426571,1789999581898578420,93212,151849,0.000000,1,0
620,1,142221,162031,1789999581898835483,1789999581898982524,92280,147041,0.000000,1,0
621,1,146141,166611,1789999581899242805,1789999581899381849,92107,139044,0.785930,1,1
622,1,140641,160102,1789999581899635777,1789999581899785354,95105,149577,0.000000,1,0
623,1,144091,163681,1789999581900045630,1789999581900193458,95073,147828,0.781940,1,1
624,1,138521,158111,1789999581900449782,1789999581900596263,94660,146481,0.000000,1,0
625,1,139341,159101,1789999581900851594,1789999581901028327,94338,176733,0.758444,1,1
626,1,139021,159291,1789999581901287546,1789999581901444342,92885,156796,0.000000,1,0
627,1,144950,165690,1789999581901716748,1789999581901862846,92183,146098,0.000000,1,0
628,1,139840,159930,1789999581902116300,1789999581902263811,92310,147511,0.000000,1,0
629,1,137730,157180,1789999581902515122,1789999581902668945,92669,153823,0.776471,1,1
630,1,138040,157380,1789999581902921005,1789999581903072850,93356,151845,0.000000,1,0
631,1,137850,157360,1789999581903326097,1789999581903475565,93543,149468,0.000000,1,0
632,1,135721,154571,1789999581903725819,1789999581903885289,94571,159470,0.000000,1,0
633,1,137481,157761,1789999581904137841,1789999581904290214,91928,152373,0.000000,1,0
634,1,137641,157011,1789999581904541963,1789999581904696918,92776,154955,0.000000,1,0
635,1,143241,162651,1789999581904954145,1789999581905103973,92513,149828,0.000000,1,0
636,1,136591,156731,1789999581905354347,1789999581905505618,92620,151271,0.778819,1,1
637,1,150192,169642,1789999581905769890,1789999581905918782,98159,148892,0.000000,1,0
638,1,139641,159061,1789999581906177932,1789999581906327457,92016,149525,0.000000,1,0
639,1,143680,163660,1789999581906585034,1789999581906740121,95224,155087,0.770685,1,1
640,1,139700,159080,1789999581906996856,1789999581907146786,96752,149930,0.778873,1,1
641,1,138190,158120,1789999581907403188,1789999581907547531,91529,144343,0.000000,1,0
642,1,139750,159330,1789999581907800060,1789999581907955085,92627,155025,0.000000,1,0
643,1,138970,158950,1789999581908208192,1789999581908357730,92504,149538,0.000000,1,0
644,1,137510,157710,1789999581908610354,1789999581908776364,92093,166010,0.000000,1,0
645,1,138160,157651,1789999581909027887,1789999581909182299,92760,154412,0.000000,1,0
646,1,137800,157571,1789999581909434119,1789999581909579094,91227,144975,0.000000,1,0
647,1,140810,160441,1789999581909832991,1789999581909986428,93165,153437,0.000000,1,0
648,1,142421,161981,1789999581910250604,1789999581910390973,95482,140369,0.784227,1,1
649,1,137261,156531,1789999581910644496,1789999581910796428,92849,151932,0.000000,1,0
650,1,139061,157851,1789999581911049188,1789999581911203042,91447,153854,0.775973,1,1
651,1,141461,160931,1789999581911458080,1789999581911606207,92375,148127,0.000000,1,0
652,1,139951,159561,1789999581911860583,1789999581912007292,100412,146709,0.000000,1,0
653,1,138951,158621,1789999581912268415,1789999581912415316,92620,146901,0.000000,1,0
654,1,138331,158621,1789999581912667727,1789999581912820981,92437,153254,0.000000,1,0
655,1,137111,157031,1789999581913071839,1789999581913219485,94925,147646,0.000000,1,0
656,1,143051,163251,1789999581913479531,1789999581913619650,95862,140119,0.000000,1,0
657,1,140651,161191,1789999581913878603,1789999581914017825,95919,139222,0.000000,1,0
658,1,137611,157781,1789999581914275805,1789999581914418460,93326,142655,0.000000,1,0
659,1,141232,160402,1789999581914674018,1789999581914828254,92735,154236,0.775438,1,1
660,1,136711,156131,1789999581915078920,1789999581915229579,93662,150659,0.000000,1,0
661,1,137931,157481,1789999581915483502,1789999581915642683,98190,159181,0.000000,1,0
662,1,140641,160411,1789999581915903464,1789999581916045048,93167,141584,0.000000,1,0
663,1,138091,157621,1789999581916298686,1789999581916445253,94004,146567,0.000000,1,0
664,1,137691,157731,1789999581916698988,1789999581916853227,94392,154239,0.000000,1,0
665,1,141241,162251,1789999581917112910,1789999581917287422,92779,174512,0.000000,1,0
666,1,137241,165781,1789999581917538722,1789999581917694316,93388,155594,0.775237,1,1
667,1,140561,160921,1789999581917950435,1789999581918095701,97625,145266,0.783874,1,1
668,1,139591,159191,1789999581918354337,1789999581918526485,92423,172148,0.000000,1,0
669,1,139601,159051,1789999581918779679,1789999581918927800,93010,148121,0.780425,1,1
670,1,138711,158931,1789999581919180771,1789999581919347884,94248,167113,0.000000,1,0
671,1,140021,159561,1789999581919603883,1789999581919750119,95915,146236,0.000000,1,0
672,1,136831,157151,1789999581920004145,1789999581920157614,96192,153469,0.000000,1,0
673,1,140021,160371,1789999581920418237,1789999581920557688,92211,139451,0.000000,1,0
674,1,140251,160191,1789999581920811570,1789999581920959963,92918,148393,0.780425,1,1
675,1,139821,159821,1789999581921214192,1789999581921359898,92725,145706,0.782011,1,1
676,1,137471,157291,1789999581921611124,1789999581921760652,94483,149528,0.779506,1,1
677,1,137971,157601,1789999581922014286,1789999581922160797,92630,146511,0.782386,1,1
678,1,138601,158151,1789999581922414638,1789999581922570652,92967,156014,0.000000,1,0
679,1,138421,157931,1789999581922823130,1789999581922972126,93675,148996,0.000000,1,0
680,1,140001,160101,1789999581923227732,1789999581923377891,94992,150159,0.000000,1,0
681,1,138941,158462,1789999581923633484,1789999581923779416,93100,145932,0.000000,1,0
682,1,138591,158171,1789999581924032417,1789999581924178420,94848,146003,0.000000,1,0
683,1,139791,159561,1789999581924434989,1789999581924582845,91605,147856,0.000000,1,0
684,1,141041,160301,1789999581924836921,1789999581924983660,92412,146739,0.781542,1,1
685,1,143841,163821,1789999581925240913,1789999581925412354,92461,171441,0.762376,1,1
686,1,139540,159170,1789999581925668015,1789999581925819569,92888,151554,0.000000,1,0
687,1,140650,159850,1789999581926073667,1789999581926220173,96095,146506,0.779723,1,1
688,1,136920,155840,1789999581926475139,1789999581926616698,92923,141559,0.000000,1,0
689,1,146540,165710,1789999581926879212,1789999581927020133,94540,140921,0.000000,1,0
690,1,138611,158841,1789999581927275264,1789999581927440407,93008,165143,0.000000,1,0
691,1,140520,160400,1789999581927695506,1789999581927844362,92295,148856,0.779364,1,1
692,1,138431,159790,1789999581928096648,1789999581928275656,94634,179008,0.000000,1,0
693,1,137060,157310,1789999581928528750,1789999581928680450,94021,151700,0.000000,1,0
694,1,139700,159570,1789999581928935802,1789999581929080715,93438,144913,0.783443,1,1
695,1,137440,157390,1789999581929333844,1789999581929489370,94765,155526,0.000000,1,0
696,1,146411,165881,1789999581929753007,1789999581929893454,95554,140447,0.000000,1,0
697,1,138200,158620,1789999581930147919,1789999581930294189,94321,146270,0.000000,1,0
698,1,139230,159180,1789999581930548941,1789999581930700784,92459,151843,0.000000,1,0
699,1,139810,159240,1789999581930954043,1789999581931100328,93357,146285,0.000000,1,0
700,1,137150,156600,1789999581931352345,1789999581931497823,91783,145478,0.782331,1,1
701,1,141050,160870,1789999581931752137,1789999581931899818,92491,147681,0.781174,1,1
702,1,137350,156970,1789999581932150919,1789999581932299433,93118,148514,0.000000,1,0
703,1,138370,158380,1789999581932552001,1789999581932698737,96587,146736,0.780706,1,1
704,1,137490,156480,1789999581932954004,1789999581933101322,96034,147318,0.000000,1,0
705,1,141350,161100,1789999581933360656,1789999581933507337,93881,146681,0.000000,1,0
706,1,142570,162610,1789999581933765958,1789999581933911371,92439,145413,0.000000,1,0
707,1,143240,163451,1789999581934168170,1789999581934312326,92436,144156,0.000000,1,0
708,1,137820,157770,1789999581934566082,1789999581934744050,91974,177968,0.000000,1,0
709,1,137661,157271,1789999581934995585,1789999581935177574,92502,181989,0.755591,1,1
710,1,138471,157701,1789999581935430417,1789999581935577749,93890,147332,0.000000,1,0
711,1,139571,159191,1789999581935832970,1789999581935978924,94577,145954,0.000000,1,0
712,1,144141,164531,1789999581936239012,1789999581936393478,96875,154466,0.000000,1,0
713,1,137851,157561,1789999581936649664,1789999581936812533,91602,162869,0.000000,1,0
714,1,138261,157381,1789999581937064336,1789999581937243387,93440,179051,0.000000,1,0
715,1,140381,160161,1789999581937499428,1789999581937642392,100457,142964,0.000000,1,0
716,1,140561,159961,1789999581937905460,1789999581938043177,93524,137717,0.788725,1,1
717,1,138081,157661,1789999581938296062,1789999581938443331,92122,147269,0.000000,1,0
718,1,137162,157442,1789999581938693875,1789999581938845926,91990,152051,0.000000,1,0
719,1,136641,156801,1789999581939096727,1789999581939275550,95478,178823,0.000000,1,0
720,1,139951,159511,1789999581939532129,1789999581939679055,96445,146926,0.000000,1,0
721,1,138281,158671,1789999581939937781,1789999581940083640,94222,145859,0.782926,1,1
722,1,147061,166001,1789999581940346713,1789999581940491764,92580,145051,0.000000,1,0
723,1,146191,165381,1789999581940750865,1789999581940894229,93577,143364,0.000000,1,0
724,1,137801,158631,1789999581941147407,1789999581941294594,92524,147187,0.780542,1,1
725,1,138551,159411,1789999581941547329,1789999581941695358,92393,148029,0.781159,1,1
726,1,137071,156661,1789999581941945942,1789999581942095873,93770,149931,0.000000,1,0
727,1,137661,157111,1789999581942348604,1789999581942494998,95877,146394,0.000000,1,0
728,1,144291,164041,1789999581942756436,1789999581942904092,94835,147656,0.000000,1,0
729,1,138111,158331,1789999581943158718,1789999581943315197,92482,156479,0.000000,1,0
730,1,137871,157601,1789999581943567010,1789999581943719551,92450,152541,0.000000,1,0
731,1,140231,159661,1789999581943973882,1789999581944119286,93007,145404,0.000000,1,0
732,1,137911,157301,1789999581944372404,1789999581944518361,92374,145957,0.000000,1,0
733,1,140432,160052,1789999581944772057,1789999581944921516,93912,149459,0.000000,1,0
734,1,140911,160861,1789999581945177499,1789999581945320240,92590,142741,0.000000,1,0
735,1,142311,162291,1789999581945576541,1789999581945720045,93117,143504,0.781104,1,1
736,1,138441,158221,1789999581945973133,1789999581946116600,96524,143467,0.783803,1,1
737,1,137071,156591,1789999581946371725,1789999581946509375,92331,137650,0.000000,1,0
738,1,154531,173761,1789999581946777497,1789999581946908159,93319,130662,0.000000,1,0
739,1,140291,160741,1789999581947162739,1789999581947300144,92266,137405,0.789538,1,1
740,1,136721,156371,1789999581947551121,1789999581947697449,92914,146328,0.000000,1,0
741,1,137011,156471,1789999581947948754,1789999581948094274,93481,145520,0.000000,1,0
742,1,137501,157751,1789999581948347006,1789999581948487388,94219,140382,0.000000,1,0
743,1,145501,164751,1789999581948748458,1789999581948893643,92346,145185,0.000000,1,0
744,1,137031,156471,1789999581949143890,1789999581949289248,97663,145358,0.783091,1,1
745,1,137011,158191,1789999581949545412,1789999581949699522,95391,154110,0.776129,1,1
746,1,137841,157101,1789999581949956194,1789999581950103657,93288,147463,0.000000,1,0
747,1,140281,160121,1789999581950359086,1789999581950497992,92445,138906,0.000000,1,0
748,1,144662,164352,1789999581950756739,1789999581950894446,92744,137707,0.000000,1,0
749,1,137681,157411,1789999581951145961,1789999581951289331,92691,143370,0.000000,1,0
750,1,136861,157121,1789999581951541463,1789999581951692286,92428,150823,0.778694,1,1
751,1,140381,159921,1789999581951945735,1789999581952089931,93555,144196,0.000000,1,0
752,1,138461,157861,1789999581952343457,1789999581952482715,97613,139258,0.786758,1,1
753,1,140911,160901,1789999581952745819,1789999581952880870,92830,135051,0.787890,1,1
754,1,138290,158731,1789999581953133310,1789999581953294775,93557,161465,0.000000,1,0
755,1,140041,159921,1789999581953549783,1789999581953690889,91596,141106,0.000000,1,0
756,1,137350,156751,1789999581953941425,1789999581954087964,92593,146539,0.782104,1,1
757,1,136390,155801,1789999581954338287,1789999581954481749,93780,143462,0.000000,1,0
758,1,139790,159601,1789999581954736949,1789999581954883773,92738,146824,0.000000,1,0
759,1,139320,159071,1789999581955136801,1789999581955308578,91945,171777,0.000000,1,0
760,1,136961,156651,1789999581955558674,1789999581955706672,94643,147998,0.000000,1,0
761,1,136001,155611,1789999581955959646,1789999581956134327,92690,174681,0.000000,1,0
762,1,135631,155171,1789999581956383958,1789999581956538201,93658,154243,0.000000,1,0
763,1,140741,160411,1789999581956794001,1789999581956932986,91866,138985,0.000000,1,0
764,1,136881,156721,1789999581957182673,1789999581957356711,92893,174038,0.000000,1,0
765,1,136841,157051,1789999581957608165,1789999581957754325,92661,146160,0.000000,1,0
766,1,138451,158071,1789999581958006897,1789999581958148640,92978,141743,0.785271,1,1
767,1,145911,165431,1789999581958408849,1789999581958541135,92925,132286,0.786221,1,1
768,1,138271,157971,1789999581958793511,1789999581958935900,95502,142389,0.000000,1,0
769,1,138461,159121,1789999581959191243,1789999581959345144,92280,153901,0.774477,1,1
770,1,137501,157111,1789999581959596095,1789999581959749969,92998,153874,0.000000,1,0
771,1,146871,167111,1789999581960014988,1789999581960150854,92695,135866,0.790589,1,1
772,1,136941,156401,1789999581960401990,1789999581960552358,94363,150368,0.778811,1,1
773,1,139081,158531,1789999581960807202,1789999581960961993,91840,154791,0.000000,1,0
774,1,137141,156911,1789999581961212754,1789999581961391377,92438,178623,0.000000,1,0
775,1,139371,159221,1789999581961644426,1789999581961796372,94765,151946,0.775330,1,1
776,1,139081,158661,1789999581962052188,1789999581962200696,95793,148508,0.000000,1,0
777,1,138631,158111,1789999581962456150,1789999581962599711,93931,143561,0.784305,1,1
778,1,141481,161191,1789999581962856213,1789999581963000436,93058,144223,0.000000,1,0
779,1,145881,165691,1789999581963265925,1789999581963409450,93026,143525,0.000000,1,0
780,1,138271,157931,1789999581963661977,1789999581963818505,93793,156528,0.772667,1,1
781,1,136811,156921,1789999581964070069,1789999581964220180,93460,150111,0.000000,1,0
782,1,137331,157131,1789999581964472711,1789999581964618874,95618,146163,0.000000,1,0
783,1,141791,162171,1789999581964878183,1789999581965019559,96525,141376,0.000000,1,0
784,1,138491,157771,1789999581965277175,1789999581965452173,97473,174998,0.000000,1,0
785,1,138392,158112,1789999581965713218,1789999581965853758,96561,140540,0.000000,1,0
786,1,140981,162151,1789999581966111980,1789999581966258543,92758,146563,0.779255,1,1
787,1,139721,158931,1789999581966513122,1789999581966678007,93406,164885,0.000000,1,0
788,1,139641,159091,1789999581966932154,1789999581967086502,93243,154348,0.000000,1,0
789,1,137261,157041,1789999581967338306,1789999581967490416,92811,152110,0.000000,1,0
790,1,142781,161871,1789999581967746988,1789999581967894721,93578,147733,0.776548,1,1
791,1,141001,160941,1789999581968150250,1789999581968301286,93585,151036,0.000000,1,0
792,1,140171,160031,1789999581968556772,1789999581968708930,96184,152158,0.776906,1,1
793,1,138790,158940,1789999581968966285,1789999581969114425,94171,148140,0.780440,1,1
794,1,138660,158370,1789999581969370147,1789999581969515460,93528,145313,0.000000,1,0
795,1,148440,168000,1789999581969779039,1789999581969919134,93466,140095,0.785168,1,1
796,1,138420,158400,1789999581970171821,1789999581970329739,93414,157918,0.000000,1,0
797,1,137710,157120,1789999581970583363,1789999581970735173,93012,151810,0.777023,1,1
798,1,137320,156680,1789999581970986505,1789999581971136808,94369,150303,0.000000,1,0
799,1,138950,159230,1789999581971391297,1789999581971534693,93006,143396,0.782081,1,1
800,1,141371,160791,1789999581971790870,1789999581971931528,95504,140658,0.000000,1,0
801,1,136500,156610,1789999581972184852,1789999581972325122,96952,140270,0.000000,1,0
802,1,137560,157730,1789999581972581264,1789999581972722717,93378,141453,0.000000,1,0
803,1,140150,159490,1789999581972977246,1789999581973132242,93636,154996,0.000000,1,0
804,1,137360,157110,1789999581973384558,1789999581973528737,93253,144179,0.000000,1,0
805,1,138050,157960,1789999581973782320,1789999581973926021,91040,143701,0.000000,1,0
806,1,139050,158640,1789999581974177492,1789999581974323246,95767,145754,0.000000,1,0
807,1,136510,156330,1789999581974576584,1789999581974719081,92875,142497,0.784972,1,1
808,1,136961,156351,1789999581974970157,1789999581975117225,95513,147068,0.000000,1,0
809,1,138531,158031,1789999581975372349,1789999581975513990,93270,141641,0.000000,1,0
810,1,140791,160491,1789999581975769561,1789999581975912475,93467,142914,0.784627,1,1
811,1,137681,157151,1789999581976164053,1789999581976306610,92574,142557,0.784619,1,1
812,1,138911,158921,1789999581976558865,1789999581976711754,95252,152889,0.000000,1,0
813,1,137741,157601,1789999581976965547,1789999581977108639,93469,143092,0.000000,1,0
814,1,136931,156831,1789999581977361209,1789999581977502074,95406,140865,0.786119,1,1
815,1,145702,165352,1789999581977764842,1789999581977899799,93644,134957,0.000000,1,0
816,1,138311,159171,1789999581978155154,1789999581978296923,94892,141769,0.000000,1,0
817,1,137391,157121,1789999581978550526,1789999581978697898,94939,147372,0.000000,1,0
818,1,142721,162141,1789999581978957688,1789999581979116363,93916,158675,0.768690,1,1
819,1,136831,156621,1789999581979368270,1789999581979511077,94744,142807,0.785043,1,1
820,1,154331,173971,1789999581979781292,1789999581979909682,93331,128390,0.000000,1,0
821,1,137931,157781,1789999581980162154,1789999581980305807,93468,143653,0.000000,1,0
822,1,136731,156421,1789999581980556996,1789999581980704092,95736,147096,0.781229,1,1
823,1,138231,157941,1789999581980959779,1789999581981130966,93184,171187,0.000000,1,0
824,1,136791,156891,1789999581981382461,1789999581981528141,95081,145680,0.782746,1,1
825,1,140201,159721,1789999581981785633,1789999581981927015,92639,141382,0.000000,1,0
826,1,138771,158521,1789999581982179825,1789999581982324970,93346,145145,0.000000,1,0
827,1,136581,156451,1789999581982576107,1789999581982725245,94243,149138,0.779465,1,1
828,1,136841,157151,1789999581982977519,1789999581983120479,93071,142960,0.000000,1,0
829,1,136381,155821,1789999581983371471,1789999581983528754,92528,157283,0.000000,1,0
830,1,138512,157992,1789999581983780954,1789999581983923099,95886,142145,0.000000,1,0
831,1,135371,155731,1789999581984176606,1789999581984316523,90174,139917,0.000000,1,0
832,1,139151,158541,1789999581984567018,1789999581984716918,96341,149900,0.000000,1,0
833,1,138511,158631,1789999581984972920,1789999581985115853,94078,142933,0.000000,1,0
834,1,140621,160291,1789999581985372042,1789999581985512317,96866,140275,0.000000,1,0
835,1,140871,160831,1789999581985773554,1789999581985912522,94703,138968,0.786528,1,1
836,1,147591,167591,1789999581986176846,1789999581986308567,92950,131721,0.000000,1,0
837,1,137501,157141,1789999581986560098,1789999581986705452,93308,145354,0.000000,1,0
838,1,137411,156921,1789999581986957361,1789999581987101346,96356,143985,0.000000,1,0
839,1,137011,156711,1789999581987356943,1789999581987507181,91633,150238,0.000000,1,0
840,1,144661,164521,1789999581987764705,1789999581987919026,96590,154321,0.775082,1,1
841,1,138171,158551,1789999581988175037,1789999581988320440,94418,145403,0.000000,1,0
842,1,142831,162761,1789999581988579449,1789999581988725765,93765,146316,0.781018,1,1
843,1,137401,156871,1789999581988978021,1789999581989132880,94302,154859,0.000000,1,0
844,1,137011,157141,1789999581989385993,1789999581989537774,93680,151781,0.000000,1,0
845,1,139192,159242,1789999581989792316,1789999581989946909,91218,154593,0.774834,1,1
846,1,138351,159411,1789999581990198138,1789999581990362793,95506,164655,0.000000,1,0
847,1,138091,157831,1789999581990618670,1789999581990766298,98733,147628,0.780550,1,1
848,1,137561,158121,1789999581991027012,1789999581991207122,97471,180110,0.755817,1,1
849,1,136801,157061,1789999581991463534,1789999581991612167,94278,148633,0.000000,1,0
850,1,143131,162691,1789999581991870716,1789999581992021281,94886,150565,0.000000,1,0
851,1,140281,159841,1789999581992277158,1789999581992422746,94003,145588,0.000000,1,0
852,1,136832,156332,1789999581992675221,1789999581992840770,93522,165549,0.000000,1,0
853,1,136631,164581,1789999581993091533,1789999581993240515,96729,148982,0.000000,1,0
854,1,137751,157331,1789999581993496615,1789999581993636900,96006,140285,0.000000,1,0
855,1,140201,159221,1789999581993893957,1789999581994038375,94373,144418,0.782652,1,1
856,1,138531,158391,1789999581994296269,1789999581994439179,95401,142910,0.783067,1,1
857,1,138031,157921,1789999581994694611,1789999581994844774,93908,150163,0.000000,1,0
858,1,138481,158831,1789999581995098253,1789999581995244929,95215,146676,0.000000,1,0
859,1,137531,157791,1789999581995499265,1789999581995644873,97974,145608,0.000000,1,0
860,1,144671,164061,1789999581995908768,1789999581996046428,95551,137660,0.000000,1,0
861,1,137371,156971,1789999581996300150,1789999581996477752,93929,177602,0.757535,1,1
862,1,136030,155070,1789999581996729602,1789999581996874847,97616,145245,0.782613,1,1
863,1,139830,160370,1789999581997132784,1789999581997284642,94434,151858,0.000000,1,0
864,1,138590,167810,1789999581997538986,1789999581997685106,93971,146120,0.000000,1,0
865,1,140240,159810,1789999581997941728,1789999581998082281,94688,140553,0.000000,1,0
866,1,141930,161900,1789999581998340230,1789999581998479166,94665,138936,0.000000,1,0
867,1,140702,160662,1789999581998735963,1789999581998874541,97043,138578,0.000000,1,0
868,1,136881,156621,1789999581999129625,1789999581999271035,93721,141410,0.784989,1,1
869,1,145721,165661,1789999581999532017,1789999581999678840,93708,146823,0.000000,1,0
870,1,138431,158001,1789999581999932619,1789999582000081215,97005,148596,0.000000,1,0
871,1,138601,157741,1789999582000338601,1789999582000479669,92343,141068,0.000000,1,0
872,1,136701,156651,1789999582000729853,1789999582000891954,95540,162101,0.769814,1,1
873,1,138481,158061,1789999582001147195,1789999582001323438,93838,176243,0.757550,1,1
874,1,142451,162741,1789999582001580927,1789999582001730833,94526,149906,0.777558,1,1
875,1,137311,157261,1789999582001984310,1789999582002131508,94413,147198,0.000000,1,0
876,1,138881,159051,1789999582002385852,1789999582002530992,93941,145140,0.000000,1,0
877,1,142251,162621,1789999582002788864,1789999582002931447,95308,142583,0.000000,1,0
878,1,138391,159161,1789999582003188546,1789999582003353801,96576,165255,0.766473,1,1
879,1,137500,157310,1789999582003609768,1789999582003755556,94433,145788,0.000000,1,0
880,1,138120,159020,1789999582004012780,1789999582004169741,94551,156961,0.773278,1,1
881,1,138220,157840,1789999582004424092,1789999582004574235,94460,150143,0.000000,1,0
882,1,141230,161160,1789999582004831535,1789999582004991280,94477,159745,0.770507,1,1
883,1,140230,160461,1789999582005253857,1789999582005389354,91825,135497,0.788371,1,1
884,1,141170,160971,1789999582005643769,1789999582005796029,94862,152260,0.000000,1,0
885,1,136620,156400,1789999582006049091,1789999582006201894,94219,152803,0.776074,1,1
886,1,137430,157150,1789999582006456183,1789999582006600388,96117,144205,0.000000,1,0
887,1,138580,158740,1789999582006856825,1789999582007000963,92803,144138,0.782785,1,1
888,1,140420,160390,1789999582007260487,1789999582007403477,96021,142990,0.000000,1,0
889,1,137840,157851,1789999582007658509,1789999582007807222,94519,148713,0.000000,1,0
890,1,140870,160880,1789999582008064472,1789999582008205787,94136,141315,0.000000,1,0
891,1,137831,156910,1789999582008459774,1789999582008604681,93004,144907,0.000000,1,0
892,1,139601,158651,1789999582008857766,1789999582009005186,95321,147420,0.780175,1,1
893,1,139561,160341,1789999582009264168,1789999582009408061,93508,143893,0.000000,1,0
894,1,135481,155481,1789999582009657890,1789999582009814545,96266,156655,0.773674,1,1
895,1,142731,162331,1789999582010074732,1789999582010213660,94883,138928,0.000000,1,0
896,1,136511,156351,1789999582010467694,1789999582010612815,93741,145121,0.782699,1,1
897,1,143431,163321,1789999582010871507,1789999582011026159,95279,154652,0.000000,1,0
898,1,139591,159841,1789999582011282829,1789999582011421914,93446,139085,0.000000,1,0
899,1,135851,154711,1789999582011672601,1789999582011831249,93943,158648,0.000000,1,0
900,1,136611,155191,1789999582012083013,1789999582012233153,97911,150140,0.000000,1,0
901,1,136940,156400,1789999582012490295,1789999582012631708,93248,141413,0.785271,1,1
902,1,151841,171141,1789999582012898137,1789999582013033443,97805,135306,0.000000,1,0
903,1,138920,159600,1789999582013292579,1789999582013432068,90172,139489,0.000000,1,0
904,1,137622,158002,1789999582013681732,1789999582013843212,95681,161480,0.000000,1,0
905,1,136830,157520,1789999582014097394,1789999582014243107,95868,145713,0.000000,1,0
906,1,140490,159690,1789999582014501196,1789999582014641242,99205,140046,0.786095,1,1
907,1,138750,157660,1789999582014899578,1789999582015039856,96393,140278,0.000000,1,0
908,1,138640,158250,1789999582015296870,1789999582015446281,93590,149411,0.000000,1,0
909,1,136620,156400,1789999582015698402,1789999582015846096,93987,147694,0.000000,1,0
910,1,134690,159540,1789999582016095644,1789999582016243060,98915,147416,0.000000,1,0
911,1,136290,156040,1789999582016499806,1789999582016636495,94413,136689,0.000000,1,0
912,1,142270,161900,1789999582016897919,1789999582017038110,97830,140191,0.000000,1,0
913,1,137230,156910,1789999582017294631,1789999582017441024,95218,146393,0.000000,1,0
914,1,142070,162410,1789999582017711253,1789999582017857349,94266,146096,0.000000,1,0
915,1,141050,161010,1789999582018113775,1789999582018259654,95752,145879,0.000000,1,0
916,1,137410,157300,1789999582018514177,1789999582018663048,94480,148871,0.776029,1,1
917,1,138920,157670,1789999582018917209,1789999582019066593,94697,149384,0.000000,1,0
918,1,137860,157530,1789999582019321251,1789999582019474428,97764,153177,0.000000,1,0
919,1,136051,155771,1789999582019729974,1789999582019876142,93813,146168,0.781612,1,1
920,1,136391,156401,1789999582020129916,1789999582020281307,94470,151391,0.777356,1,1
921,1,138401,157591,1789999582020535668,1789999582020686652,94467,150984,0.000000,1,0
922,1,140381,159201,1789999582020943060,1789999582021090966,97405,147906,0.780518,1,1
923,1,138311,158261,1789999582021348352,1789999582021496951,93972,148599,0.000000,1,0
924,1,141421,161411,1789999582021753944,1789999582021897736,93569,143792,0.000000,1,0
925,1,136461,156341,1789999582022148996,1789999582022295390,91547,146394,0.000000,1,0
926,1,137921,157071,1789999582022545588,1789999582022695845,97385,150257,0.778375,1,1
927,1,135121,154311,1789999582022949611,1789999582023092000,94862,142389,0.785239,1,1
928,1,136081,155761,1789999582023344983,1789999582023492964,93580,147981,0.000000,1,0
929,1,140201,160191,1789999582023747655,1789999582023895059,93637,147404,0.776827,1,1
930,1,138891,158721,1789999582024149127,1789999582024298414,94294,149287,0.000000,1,0
931,1,135381,154381,1789999582024548819,1789999582024710348,93972,161529,0.000000,1,0
932,1,135951,155171,1789999582024961691,1789999582025110753,94169,149062,0.000000,1,0
933,1,135481,155490,1789999582025362543,1789999582025511048,93366,148505,0.000000,1,0
934,1,142752,161532,1789999582025768646,1789999582025912632,95745,143986,0.000000,1,0
935,1,143380,163420,1789999582026172968,1789999582026311757,90802,138789,0.000000,1,0
936,1,137891,157891,1789999582026561560,1789999582026718222,99059,156662,0.000000,1,0
937,1,138150,157240,1789999582026976092,1789999582027148126,95718,172034,0.000000,1,0
938,1,140640,160431,1789999582027406694,1789999582027555611,94085,148917,0.779684,1,1
939,1,137290,156371,1789999582027808166,1789999582027956075,93203,147909,0.780043,1,1
940,1,137330,157241,1789999582028208038,1789999582028387590,94180,179552,0.755265,1,1
941,1,138321,157842,1789999582028643861,1789999582028791974,114809,148113,0.000000,1,0
942,1,142831,162241,1789999582029070254,1789999582029222799,98196,152545,0.775299,1,1
943,1,140231,159621,1789999582029485146,1789999582029652683,100064,167537,0.000000,1,0
944,1,141151,160591,1789999582029914698,1789999582030090147,98062,175449,0.000000,1,0
945,1,139571,158861,1789999582030349490,1789999582030490062,94549,140572,0.000000,1,0
946,1,146601,165561,1789999582030751742,1789999582030906036,95807,154294,0.770184,1,1
947,1,136491,156391,1789999582031159364,1789999582031307771,93964,148407,0.000000,1,0
948,1,138281,157021,1789999582031561116,1789999582031717946,94262,156830,0.000000,1,0
949,1,136321,155341,1789999582031969309,1789999582032115940,95350,146631,0.781291,1,1
950,1,142611,162491,1789999582032376101,1789999582032518355,96967,142254,0.000000,1,0
951,1,140061,159461,1789999582032776283,1789999582032928810,94534,152527,0.000000,1,0
952,1,136731,158231,1789999582033180545,1789999582033330584,100282,150039,0.778865,1,1
953,1,139401,159081,1789999582033591937,1789999582033739839,93349,147902,0.779029,1,1
954,1,139701,159391,1789999582033993999,1789999582034139653,95577,145654,0.000000,1,0
955,1,137491,157361,1789999582034394131,1789999582034540218,94194,146087,0.000000,1,0
956,1,139782,159462,1789999582034795244,1789999582034940723,94302,145479,0.000000,1,0
957,1,138041,158171,1789999582035194226,1789999582035347107,93910,152881,0.000000,1,0
958,1,136981,156881,1789999582035599678,1789999582035747812,97267,148134,0.000000,1,0
959,1,138201,157891,1789999582036004310,1789999582036148837,92864,144527,0.000000,1,0
960,1,136861,157321,1789999582036400182,1789999582036550601,96832,150419,0.000000,1,0
961,1,140161,159051,1789999582036808934,1789999582036952196,93889,143262,0.000000,1,0
962,1,143041,164221,1789999582037209986,1789999582037356620,96147,146634,0.000000,1,0
963,1,138001,157951,1789999582037612928,1789999582037758525,95435,145597,0.780901,1,1
964,1,138171,157811,1789999582038013511,1789999582038160430,99872,146919,0.780979,1,1
965,1,137511,156841,1789999582038419903,1789999582038569364,92230,149461,0.000000,1,0
966,1,140971,160281,1789999582038823675,1789999582038972229,98887,148554,0.779582,1,1
967,1,142421,162591,1789999582039234577,1789999582039372804,96564,138227,0.000000,1,0
968,1,144821,164081,1789999582039635759,1789999582039789968,96292,154209,0.000000,1,0
969,1,138440,157930,1789999582040045831,1789999582040220013,95270,174182,0.000000,1,0
970,1,141690,161191,1789999582040478383,1789999582040620537,95289,142154,0.000000,1,0
971,1,139450,159010,1789999582040877406,1789999582041023842,95516,146436,0.000000,1,0
972,1,137090,157031,1789999582041277828,1789999582041423647,95673,145819,0.000000,1,0
973,1,137320,157830,1789999582041677870,1789999582041830281,93461,152411,0.000000,1,0
974,1,137700,157460,1789999582042082392,1789999582042230696,99218,148304,0.000000,1,0
975,1,138720,158510,1789999582042493174,1789999582042629591,97935,136417,0.000000,1,0
976,1,141340,160790,1789999582042890906,1789999582043034735,97803,143829,0.782903,1,1
977,1,136540,155940,1789999582043290428,1789999582043437440,94429,147012,0.000000,1,0
978,1,139221,158601,1789999582043691661,1789999582043844915,94177,153254,0.000000,1,0
979,1,137860,162900,1789999582044097793,1789999582044245089,96845,147296,0.780526,1,1
980,1,137560,157040,1789999582044500925,1789999582044644994,99612,144069,0.000000,1,0
981,1,139191,159381,1789999582044905927,1789999582045045519,95229,139592,0.786253,1,1
982,1,138841,158551,1789999582045301129,1789999582045456693,98067,155564,0.000000,1,0
983,1,141191,160941,1789999582045718991,1789999582045863458,93654,144467,0.000000,1,0
984,1,137521,157731,1789999582046116953,1789999582046271742,96832,154789,0.000000,1,0
985,1,137720,157310,1789999582046527995,1789999582046679017,92960,151022,0.000000,1,0
986,1,142070,162730,1789999582046935388,1789999582047083222,95187,147834,0.000000,1,0
987,1,137550,157050,1789999582047337930,1789999582047482946,94505,145016,0.781824,1,1
988,1,143150,161920,1789999582047741722,1789999582047886941,94532,145219,0.000000,1,0
989,1,137810,158670,1789999582048141224,1789999582048287006,94809,145782,0.000000,1,0
990,1,139420,158950,1789999582048542426,1789999582048689241,98077,146815,0.000000,1,0
991,1,140740,161050,1789999582048948768,1789999582049088905,95725,140137,0.000000,1,0
992,1,138000,157720,1789999582049344440,1789999582049488620,97992,144180,0.000000,1,0
993,1,145411,164731,1789999582049753533,1789999582049888815,92660,135282,0.000000,1,0
994,1,141940,162050,1789999582050144675,1789999582050290789,94008,146114,0.000000,1,0
995,1,138890,158560,1789999582050544917,1789999582050698964,94885,154047,0.000000,1,0
996,1,138220,157850,1789999582050953119,1789999582051104289,96762,151170,0.776773,1,1
997,1,139440,159201,1789999582051362931,1789999582051507133,96830,144202,0.782198,1,1
998,1,144280,164141,1789999582051769593,1789999582051916138,98147,146545,0.780503,1,1
999,1,138070,158541,1789999582052173685,1789999582052325382,97595,151697,0.000000,1,0
1000,1,137881,157561,1789999582052582048,1789999582052729797,97903,147749,0.000000,1,0
1001,1,145761,165511,1789999582052994111,1789999582053140012,95070,145901,0.000000,1,0
1002,1,141921,161561,1789999582053399363,1789999582053540516,94848,141153,0.000000,1,0
1003,1,140241,159571,1789999582053796995,1789999582053943151,96425,146156,0.000000,1,0
1004,1,138931,160321,1789999582054199127,1789999582054344856,96052,145729,0.000000,1,0
1005,1,139601,159581,1789999582054604399,1789999582054750160,94900,145761,0.000000,1,0
1006,1,137640,157281,1789999582055003960,1789999582055148595,98437,144635,0.000000,1,0
1007,1,138100,158441,1789999582055408472,1789999582055545360,95044,136888,0.000000,1,0
1008,1,140381,159841,1789999582055802365,1789999582055950474,97193,148109,0.000000,1,0
1009,1,138390,158350,1789999582056206997,1789999582056350849,94810,143852,0.781612,1,1
1010,1,139460,159030,1789999582056607089,1789999582056762554,96187,155465,0.000000,1,0
1011,1,137200,156260,1789999582057017031,1789999582057167138,97195,150107,0.000000,1,0
1012,1,137320,157460,1789999582057423713,1789999582057569393,96851,145680,0.000000,1,0
1013,1,141900,161510,1789999582057829625,1789999582057976418,95069,146793,0.000000,1,0
1014,1,141190,161210,1789999582058234507,1789999582058376072,96617,141565,0.000000,1,0
1015,1,138390,158400,1789999582058633009,1789999582058776277,97065,143268,0.000000,1,0
1016,1,140360,159880,1789999582059034672,1789999582059190662,98412,155990,0.000000,1,0
1017,1,137700,157341,1789999582059447774,1789999582059598086,94260,150312,0.000000,1,0
1018,1,145170,164001,1789999582059858626,1789999582059998201,94727,139575,0.000000,1,0
1019,1,138900,157961,1789999582060257238,1789999582060396596,95214,139358,0.785310,1,1
1020,1,137860,157141,1789999582060650670,1789999582060835960,94882,185290,0.750304,1,1
1021,1,138721,162111,1789999582061090053,1789999582061236434,95780,146381,0.780411,1,1
1022,1,138591,158591,1789999582061491965,1789999582061634779,97408,142814,0.000000,1,0
1023,1,148591,167861,1789999582061902148,1789999582062035744,96835,133596,0.785545,1,1
1024,1,138321,157751,1789999582062292610,1789999582062435108,98563,142498,0.000000,1,0
1025,1,137941,157931,1789999582062692672,1789999582062837823,96520,145151,0.000000,1,0
1026,1,141441,161981,1789999582063099754,1789999582063241658,96177,141904,0.784650,1,1
1027,1,137811,157301,1789999582063497206,1789999582063642292,101135,145086,0.000000,1,0
1028,1,139021,158351,1789999582063904588,1789999582064056107,96312,151519,0.000000,1,0
1029,1,138231,158091,1789999582064312450,1789999582064457911,95760,145461,0.780824,1,1
1030,1,136782,156812,1789999582064711653,1789999582064859336,98738,147683,0.000000,1,0
1031,1,139651,159861,1789999582065118765,1789999582065260241,95995,141476,0.783012,1,1
1032,1,137381,157141,1789999582065515217,1789999582065673025,102673,157808,0.771525,1,1
1033,1,138601,158341,1789999582065936279,1789999582066083290,95740,147011,0.000000,1,0
1034,1,148311,167941,1789999582066348791,1789999582066488235,94667,139444,0.785325,1,1
1035,1,137211,157291,1789999582066741403,1789999582066889259,95425,147856,0.779084,1,1
1036,1,137811,157571,1789999582067143825,1789999582067290004,94312,146179,0.780612,1,1
1037,1,136881,155781,1789999582067542257,1789999582067696069,95660,153812,0.000000,1,0
1038,1,137471,156531,1789999582067950100,1789999582068095983,98418,145883,0.000000,1,0
1039,1,139171,159151,1789999582068358122,1789999582068499088,95555,140966,0.784580,1,1
1040,1,143931,163541,1789999582068759584,1789999582068905623,97632,146039,0.779364,1,1
1041,1,137431,157241,1789999582069162366,1789999582069306737,94720,144371,0.781471,1,1
1042,1,141471,161521,1789999582069564338,1789999582069711542,97717,147204,0.778959,1,1
1043,1,136361,156341,1789999582069966560,1789999582070117546,96025,150986,0.778135,1,1
1044,1,136821,156951,1789999582070373062,1789999582070515981,95382,142919,0.000000,1,0
1045,1,141852,161742,1789999582070774495,1789999582070917666,96110,143171,0.782417,1,1
1046,1,138151,157441,1789999582071173657,1789999582071334560,97138,160903,0.000000,1,0
1047,1,140081,160391,1789999582071593189,1789999582071750685,96415,157496,0.000000,1,0
1048,1,136981,157251,1789999582072007401,1789999582072163389,98263,155988,0.000000,1,0
1049,1,139111,158401,1789999582072422233,1789999582072563854,91880,141621,0.783153,1,1
1050,1,144051,162961,1789999582072820405,1789999582072995328,95728,174923,0.000000,1,0
1051,1,141101,160961,1789999582073259127,1789999582073400363,101905,141236,0.000000,1,0
1052,1,140361,159772,1789999582073663329,1789999582073840067,96315,176738,0.756074,1,1
1053,1,136850,162370,1789999582074093992,1789999582074244312,95202,150320,0.000000,1,0
1054,1,139100,158240,1789999582074499964,1789999582074647557,99869,147593,0.000000,1,0
1055,1,138740,158020,1789999582074907086,1789999582075056161,97367,149075,0.000000,1,0
1056,1,137800,157741,1789999582075313478,1789999582075457226,97444,143748,0.000000,1,0
1057,1,137410,157141,1789999582075713470,1789999582075856641,98081,143171,0.000000,1,0
1058,1,143330,163571,1789999582076119462,1789999582076261075,95889,141613,0.000000,1,0
1059,1,138530,157561,1789999582076517274,1789999582076661580,99577,144306,0.000000,1,0
1060,1,140370,159461,1789999582076922147,1789999582077082584,96325,160437,0.000000,1,0
1061,1,138261,158511,1789999582077339250,1789999582077475479,95772,136229,0.000000,1,0
1062,1,139110,159131,1789999582077732301,1789999582077878494,97839,146193,0.000000,1,0
1063,1,139450,159101,1789999582078137163,1789999582078271759,96096,134596,0.000000,1,0
1064,1,137270,156640,1789999582078526665,1789999582078679213,97764,152548,0.775159,1,1
1065,1,138750,157830,1789999582078936597,1789999582079077488,98411,140891,0.000000,1,0
1066,1,142160,162480,1789999582079339979,1789999582079479523,95858,139544,0.785459,1,1
1067,1,145531,165381,1789999582079742862,1789999582079893817,95497,150955,0.000000,1,0
1068,1,137230,157120,1789999582080148014,1789999582080296172,95733,148158,0.000000,1,0
1069,1,137130,157350,1789999582080551276,1789999582080697056,95531,145780,0.780551,1,1
1070,1,139000,158550,1789999582080954828,1789999582081099441,97828,144613,0.000000,1,0
1071,1,138070,157920,1789999582081356990,1789999582081501636,93915,144646,0.000000,1,0
1072,1,144241,163871,1789999582081762102,1789999582081905410,99493,143308,0.000000,1,0
1073,1,138010,157880,1789999582082163864,1789999582082311025,96050,147161,0.779949,1,1
1074,1,144030,163400,1789999582082571906,1789999582082726250,95099,154344,0.770985,1,1
1075,1,137520,156850,1789999582082979769,1789999582083156864,96017,177095,0.000000,1,0
1076,1,144051,163841,1789999582083418832,1789999582083559849,94944,141017,0.000000,1,0
1077,1,138460,157981,1789999582083815133,1789999582083960173,95392,145040,0.000000,1,0
1078,1,141251,161011,1789999582084217776,1789999582084364728,97519,146952,0.778250,1,1
1079,1,139051,158691,1789999582084622358,1789999582084770863,95366,148505,0.778811,1,1
1080,1,141571,161451,1789999582085029140,1789999582085171207,97764,142067,0.783208,1,1
1081,1,134441,153971,1789999582085425212,1789999582085597052,97202,171840,0.000000,1,0
1082,1,140031,159681,1789999582085856335,1789999582085995406,94110,139071,0.784446,1,1
1083,1,137821,157501,1789999582086255767,1789999582086430011,95577,174244,0.000000,1,0
1084,1,135931,155561,1789999582086682069,1789999582086843075,95745,161006,0.000000,1,0
1085,1,133931,159141,1789999582087093741,1789999582087238960,95352,145219,0.000000,1,0
1086,1,133121,151951,1789999582087488383,1789999582087633305,96809,144922,0.000000,1,0
1087,1,134241,153821,1789999582087885335,1789999582088030789,99467,145454,0.000000,1,0
1088,1,135601,154551,1789999582088287447,1789999582088437764,97324,150317,0.000000,1,0
1089,1,135002,154032,1789999582088690450,1789999582088848489,94542,158039,0.000000,1,0
1090,1,145191,165331,1789999582089111462,1789999582089280943,96460,169481,0.761049,1,1
1091,1,139521,170271,1789999582089537704,1789999582089688517,96488,150813,0.776751,1,1
1092,1,139691,155711,1789999582089942766,1789999582090090242,95155,147476,0.779512,1,1
1093,1,139191,154681,1789999582090341878,1789999582090489107,94992,147229,0.000000,1,0
1094,1,141161,156951,1789999582090742420,1789999582090891371,97960,148951,0.000000,1,0
1095,1,137901,153451,1789999582091145102,1789999582091288566,95317,143464,0.000000,1,0
1096,1,137981,153331,1789999582091539124,1789999582091690341,98815,151217,0.776462,1,1
1097,1,137211,152551,1789999582091943407,1789999582092091105,95633,147698,0.000000,1,0
1098,1,140141,155611,1789999582092345279,1789999582092489690,98820,144411,0.000000,1,0
1099,1,136971,152011,1789999582092742111,1789999582092891365,95547,149254,0.000000,1,0
1100,1,144561,160391,1789999582093148983,1789999582093290959,95565,141976,0.000000,1,0
1101,1,138571,169391,1789999582093545115,1789999582093702494,96262,157379,0.000000,1,0
1102,1,138401,156871,1789999582093961537,1789999582094101619,99849,140082,0.000000,1,0
1103,1,138131,156931,1789999582094361369,1789999582094511943,95507,150574,0.000000,1,0
1104,1,142502,160112,1789999582094769362,1789999582094914778,98205,145416,0.000000,1,0
1105,1,138171,157551,1789999582095170334,1789999582095314163,95242,143829,0.781893,1,1
1106,1,141631,159251,1789999582095571046,1789999582095722217,95880,151171,0.000000,1,0
1107,1,138651,156281,1789999582095976048,1789999582096123682,95647,147634,0.000000,1,0
1108,1,137661,155491,1789999582096377380,1789999582096522117,95204,144737,0.781831,1,1
1109,1,143071,160521,1789999582096779572,1789999582096922811,95742,143239,0.000000,1,0
1110,1,137881,156861,1789999582097175674,1789999582097320986,98209,145312,0.000000,1,0
1111,1,139121,157721,1789999582097581106,1789999582097723791,96217,142685,0.000000,1,0
1112,1,137881,155811,1789999582097977159,1789999582098127655,98575,150496,0.000000,1,0
1113,1,136921,154971,1789999582098383331,1789999582098522580,95932,139249,0.000000,1,0
1114,1,145611,163131,1789999582098783653,1789999582098923375,95539,139722,0.784133,1,1
1115,1,139031,158271,1789999582099177375,1789999582099338819,92917,161444,0.000000,1,0
1116,1,137301,155181,1789999582099589737,1789999582099751324,92434,161587,0.769359,1,1
1117,1,138761,156821,1789999582100001739,1789999582100152529,97821,150790,0.000000,1,0
1118,1,138041,156511,1789999582100409551,1789999582100568383,96659,158832,0.771146,1,1
1119,1,139071,156741,1789999582100823304,1789999582100971418,94577,148114,0.000000,1,0
1120,1,137111,155161,1789999582101222066,1789999582101371922,95735,149856,0.000000,1,0
1121,1,136741,152751,1789999582101624758,1789999582101771307,94712,146549,0.780284,1,1
1122,1,140881,156401,1789999582102024540,1789999582102175092,95449,150552,0.000000,1,0
1123,1,136951,152981,1789999582102425452,1789999582102571877,94426,146425,0.000000,1,0
1124,1,138681,154201,1789999582102822624,1789999582102975591,94374,152967,0.000000,1,0
1125,1,137011,152571,1789999582103224546,1789999582103377336,95401,152790,0.000000,1,0
1126,1,136901,152971,1789999582103627358,1789999582103777961,95029,150603,0.000000,1,0
1127,1,138471,154101,1789999582104028891,1789999582104190295,99257,161404,0.767124,1,1
1128,1,140151,160231,1789999582104466803,1789999582104588000,97204,121197,0.000000,1,0
1129,1,138441,158461,1789999582104845675,1789999582105024744,94842,179069,0.755039,1,1
1130,1,140511,160081,1789999582105281357,1789999582105453638,96620,172281,0.000000,1,0
1131,1,140361,160841,1789999582105712639,1789999582105857113,96027,144474,0.779348,1,1
1132,1,145811,166201,1789999582106120181,1789999582106299357,97066,179176,0.751701,1,1
1133,1,140850,160081,1789999582106559083,1789999582106705102,96404,146019,0.000000,1,0
1134,1,142490,162331,1789999582106967866,1789999582107107707,95201,139841,0.783357,1,1
1135,1,138350,157731,1789999582107362758,1789999582107520161,95919,157403,0.000000,1,0
1136,1,140851,160711,1789999582107778001,1789999582107924296,98186,146295,0.000000,1,0
1137,1,139001,159401,1789999582108182673,1789999582108329070,95614,146397,0.000000,1,0
1138,1,138981,158781,1789999582108585255,1789999582108743135,96321,157880,0.770237,1,1
1139,1,138971,158691,1789999582109000627,1789999582109144310,96588,143683,0.000000,1,0
1140,1,139761,159071,1789999582109401909,1789999582109545094,95966,143185,0.781229,1,1
1141,1,140442,161042,1789999582109803482,1789999582109976609,96264,173127,0.000000,1,0
1142,1,144121,163771,1789999582110238334,1789999582110376053,95922,137719,0.000000,1,0
1143,1,137951,157901,1789999582110631166,1789999582110775798,96259,144632,0.780838,1,1
1144,1,138091,158041,1789999582111031658,1789999582111179893,98426,148235,0.778702,1,1
1145,1,138071,157871,1789999582111438370,1789999582111583787,94754,145417,0.781206,1,1
1146,1,140301,160551,1789999582111840172,1789999582111982892,94341,142720,0.000000,1,0
1147,1,139991,160191,1789999582112238244,1789999582112413506,98529,175262,0.756740,1,1
1148,1,138152,157782,1789999582112671977,1789999582112825761,96267,153784,0.000000,1,0
1149,1,144101,171051,1789999582113087709,1789999582113255435,96665,167726,0.000000,1,0
1150,1,140810,160620,1789999582113514771,1789999582113652930,103072,138159,0.000000,1,0
1151,1,147450,167480,1789999582113924763,1789999582114085034,96741,160271,0.000000,1,0
1152,1,137630,157200,1789999582114340845,1789999582114493999,97768,153154,0.000000,1,0
1153,1,144520,163880,1789999582114757377,1789999582114899313,96606,141936,0.000000,1,0
1154,1,137620,158290,1789999582115155209,1789999582115308918,95583,153709,0.000000,1,0
1155,1,139440,159040,1789999582115565301,1789999582115712372,95411,147071,0.000000,1,0
1156,1,137190,156470,1789999582115966054,1789999582116117317,96138,151263,0.000000,1,0
1157,1,136380,156070,1789999582116371506,1789999582116515732,96055,144226,0.000000,1,0
1158,1,149770,169350,1789999582116782608,1789999582116919836,96513,137228,0.781948,1,1
1159,1,138231,159301,1789999582117176120,1789999582117319541,94950,143421,0.000000,1,0
1160,1,138651,158871,1789999582117574432,1789999582117726516,99157,152084,0.000000,1,0
1161,1,138991,158601,1789999582117986074,1789999582118129720,96175,143646,0.000000,1,0
1162,1,138131,157781,1789999582118386586,1789999582118530325,96692,143739,0.781729,1,1
1163,1,140732,160242,1789999582118789629,1789999582118937130,96490,147501,0.779084,1,1
1164,1,139300,159830,1789999582119194091,1789999582119345804,96358,151713,0.000000,1,0
1165,1,138260,157960,1789999582119601783,1789999582119752599,95805,150816,0.776191,1,1
1166,1,142490,162640,1789999582120015765,1789999582120151413,97714,135648,0.785743,1,1
1167,1,137480,157230,1789999582120408757,1789999582120553678,98431,144921,0.781385,1,1
1168,1,142070,161700,1789999582120815519,1789999582120957283,99888,141764,0.000000,1,0
1169,1,140000,160840,1789999582121218751,1789999582121369837,96006,151086,0.000000,1,0
1170,1,138920,158700,1789999582121626723,1789999582121773512,96834,146789,0.000000,1,0
1171,1,138130,157660,1789999582122029746,1789999582122174607,97051,144861,0.781315,1,1
1172,1,136940,157510,1789999582122430178,1789999582122571971,95728,141793,0.000000,1,0
1173,1,140590,160190,1789999582122829900,1789999582122971866,95275,141966,0.000000,1,0
1174,1,142260,162250,1789999582123230882,1789999582123369231,96572,138349,0.000000,1,0
1175,1,137470,157050,1789999582123627604,1789999582123770876,95609,143272,0.000000,1,0
1176,1,139891,158881,1789999582124027826,1789999582124170140,99487,142314,0.000000,1,0
1177,1,138511,158891,1789999582124430188,1789999582124566135,96704,135947,0.000000,1,0
1178,1,142231,162021,1789999582124826481,1789999582124969140,95802,142659,0.000000,1,0
1179,1,137301,157421,1789999582125223173,1789999582125362004,96060,138831,0.000000,1,0
1180,1,137751,158281,1789999582125617715,1789999582125762319,98247,144604,0.000000,1,0
1181,1,138721,158491,1789999582126020547,1789999582126158564,95784,138017,0.000000,1,0
1182,1,147461,167071,1789999582126423089,1789999582126550599,94951,127510,0.000000,1,0
1183,1,138931,158941,1789999582126806521,1789999582126947664,95308,141143,0.000000,1,0
1184,1,136741,157371,1789999582127200923,1789999582127368238,99306,167315,0.000000,1,0
1185,1,137811,157901,1789999582127627055,1789999582127773033,95654,145978,0.000000,1,0
1186,1,139841,159571,1789999582128029558,1789999582128185637,96992,156079,0.000000,1,0
1187,1,138681,158331,1789999582128442350,1789999582128584192,95669,141842,0.000000,1,0
1188,1,139761,159701,1789999582128841122,1789999582128988367,95786,147245,0.779208,1,1
1189,1,143571,158331,1789999582129249164,1789999582129388051,92904,138887,0.000000,1,0
1190,1,141601,163211,1789999582129643866,1789999582129790596,100281,146730,0.777403,1,1
1191,1,149181,169031,1789999582130062788,1789999582130191731,98048,128943,0.000000,1,0
1192,1,137991,157351,1789999582130449790,1789999582130593155,100957,143365,0.781713,1,1
1193,1,139681,158781,1789999582130854093,1789999582131002500,95914,148407,0.000000,1,0
1194,1,140441,159491,1789999582131265635,1789999582131403085,96271,137450,0.000000,1,0
1195,1,138531,157641,1789999582131658517,1789999582131809329,95719,150812,0.774872,1,1
1196,1,138460,157840,1789999582132067799,1789999582132208814,96066,141015,0.000000,1,0
1197,1,141760,162130,1789999582132472211,1789999582132605439,96303,133228,0.000000,1,0
1198,1,141931,162201,1789999582132865253,1789999582133017183,95751,151930,0.000000,1,0
1199,1,139260,159040,1789999582133274245,1789999582133448707,96680,174462,0.000000,1,0
1200,1,138201,158361,1789999582133707008,1789999582133851662,99058,144654,0.000000,1,0
1201,1,140810,160570,1789999582134113580,1789999582134250727,96445,137147,0.000000,1,0
1202,1,136500,156310,1789999582134505502,1789999582134664291,96483,158789,0.767118,1,1
1203,1,137090,157280,1789999582134919344,1789999582135077256,96970,157912,0.000000,1,0
1204,1,138690,158590,1789999582135334666,1789999582135482701,96547,148035,0.000000,1,0
1205,1,141180,160910,1789999582135741728,1789999582135892045,97065,150317,0.000000,1,0
1206,1,140850,160950,1789999582136151950,1789999582136289960,95911,138010,0.000000,1,0
1207,1,139930,160270,1789999582136547372,1789999582136690635,97729,143263,0.000000,1,0
1208,1,137940,157670,1789999582136947405,1789999582137102219,98607,154814,0.773634,1,1
1209,1,136880,156820,1789999582137360067,1789999582137504874,97214,144807,0.000000,1,0
1210,1,142470,162040,1789999582137765939,1789999582137908038,95962,142099,0.000000,1,0
1211,1,136530,157520,1789999582138161781,1789999582138307403,94959,145622,0.000000,1,0
1212,1,138130,157870,1789999582138562263,1789999582138706968,95396,144705,0.780917,1,1
1213,1,135690,155200,1789999582138959275,1789999582139107733,102283,148458,0.000000,1,0
1214,1,140110,159930,1789999582139372957,1789999582139507457,96001,134500,0.000000,1,0
1215,1,151811,171871,1789999582139776670,1789999582139908172,98039,131502,0.790146,1,1
1216,1,136760,157510,1789999582140164632,1789999582140308547,98696,143915,0.781526,1,1
1217,1,140850,161310,1789999582140569794,1789999582140711451,96654,141657,0.000000,1,0
1218,1,139780,160020,1789999582140971806,1789999582141122136,97272,150330,0.000000,1,0
1219,1,138270,158680,1789999582141380798,1789999582141524281,96879,143483,0.782237,1,1
1220,1,142500,162150,1789999582141785770,1789999582141939175,95997,153405,0.000000,1,0
1221,1,139390,159451,1789999582142195742,1789999582142340060,95514,144318,0.000000,1,0
1222,1,140690,160681,1789999582142598314,1789999582142744264,97243,145950,0.000000,1,0
1223,1,138820,158271,1789999582143000937,1789999582143153019,96640,152082,0.000000,1,0
1224,1,136790,156771,1789999582143408239,1789999582143555503,98748,147264,0.000000,1,0
1225,1,139691,159451,1789999582143815232,1789999582143958308,96125,143076,0.782018,1,1
1226,1,137531,157821,1789999582144213014,1789999582144358723,96172,145709,0.000000,1,0
1227,1,137501,157111,1789999582144614906,1789999582144757747,97050,142841,0.000000,1,0
1228,1,139501,158781,1789999582145015278,1789999582145158472,96907,143194,0.000000,1,0
1229,1,137971,158361,1789999582145417450,1789999582145555597,97104,138147,0.000000,1,0
1230,1,146862,166641,1789999582145821253,1789999582145961611,96583,140358,0.000000,1,0
1231,1,138650,158811,1789999582146218394,1789999582146369236,96150,150842,0.000000,1,0
1232,1,137510,157461,1789999582146624816,1789999582146771141,99297,146325,0.000000,1,0
1233,1,139900,159441,1789999582147031508,1789999582147176605,97495,145097,0.779575,1,1
1234,1,138180,157781,1789999582147433760,1789999582147581220,96342,147460,0.777970,1,1
1235,1,138430,157881,1789999582147837912,1789999582147983775,96609,145863,0.780152,1,1
1236,1,142480,162811,1789999582148244104,1789999582148386509,96837,142405,0.782347,1,1
1237,1,137300,157330,1789999582148641866,1789999582148811034,96705,169168,0.753010,1,1
1238,1,143830,163511,1789999582149072929,1789999582149216208,95983,143279,0.000000,1,0
1239,1,138380,158171,1789999582149472921,1789999582149624143,96870,151222,0.000000,1,0
1240,1,138900,158351,1789999582149882273,1789999582150031508,99027,149235,0.000000,1,0
1241,1,138970,158551,1789999582150291545,1789999582150441452,96895,149907,0.000000,1,0
1242,1,137821,158201,1789999582150697368,1789999582150844427,96302,147059,0.000000,1,0
1243,1,140811,161111,1789999582151103290,1789999582151246341,97720,143051,0.000000,1,0
1244,1,137671,157201,1789999582151503312,1789999582151647536,99798,144224,0.781627,1,1
1245,1,139971,160011,1789999582151909245,1789999582152051401,97835,142156,0.000000,1,0
1246,1,140591,160071,1789999582152311357,1789999582152456325,97803,144968,0.000000,1,0
1247,1,136221,155631,1789999582152712709,1789999582152860580,95060,147871,0.778118,1,1
1248,1,146131,166001,1789999582153123161,1789999582153261705,98317,138544,0.000000,1,0
1249,1,137911,157321,1789999582153518993,1789999582153702199,98305,183206,0.000000,1,0
1250,1,138371,157961,1789999582153960705,1789999582154108174,94092,147469,0.000000,1,0
1251,1,138571,158351,1789999582154361747,1789999582154510568,92930,148821,0.777225,1,1
1252,1,143512,162942,1789999582154768020,1789999582154914643,97808,146623,0.000000,1,0
1253,1,140001,159811,1789999582155174552,1789999582155338347,93636,163795,0.765408,1,1
1254,1,141931,161591,1789999582155595484,1789999582155760872,96153,165388,0.762474,1,1
1255,1,137471,157271,1789999582156016166,1789999582156168046,97261,151880,0.775811,1,1
1256,1,138021,157551,1789999582156425078,1789999582156581841,99358,156763,0.771524,1,1
1257,1,139700,159690,1789999582156842540,1789999582156992105,97057,149565,0.000000,1,0
1258,1,141080,161470,1789999582157259112,1789999582157399390,96784,140278,0.000000,1,0
1259,1,138650,158651,1789999582157656034,1789999582157813225,97642,157191,0.769852,1,1
1260,1,137520,158060,1789999582158071667,1789999582158219799,96910,148132,0.778305,1,1
1261,1,138240,158200,1789999582158477979,1789999582158626394,93307,148415,0.000000,1,0
1262,1,141700,161130,1789999582158883171,1789999582159035048,97295,151877,0.000000,1,0
1263,1,139890,159010,1789999582159293853,1789999582159439323,96052,145470,0.000000,1,0
1264,1,136520,155630,1789999582159692395,1789999582159854038,98219,161643,0.768567,1,1
1265,1,140500,161460,1789999582160113557,1789999582160256252,96457,142695,0.000000,1,0
1266,1,138190,157810,1789999582160512569,1789999582160678157,97165,165588,0.764528,1,1
1267,1,137930,157710,1789999582160934292,1789999582161080061,99573,145769,0.000000,1,0
1268,1,138540,158570,1789999582161340184,1789999582161488116,96690,147932,0.000000,1,0
1269,1,139280,159180,1789999582161745456,1789999582161892891,95897,147435,0.000000,1,0
1270,1,141100,160580,1789999582162151188,1789999582162292625,95415,141437,0.000000,1,0
1271,1,137730,158270,1789999582162547000,1789999582162708560,95422,161560,0.000000,1,0
1272,1,136990,156451,1789999582162962252,1789999582163116234,99660,153982,0.000000,1,0
1273,1,138071,158061,1789999582163376825,1789999582163518579,96107,141754,0.000000,1,0
1274,1,147222,166582,1789999582163783488,1789999582163922804,94355,139316,0.000000,1,0
1275,1,137021,156911,1789999582164175560,1789999582164352708,97013,177148,0.000000,1,0
1276,1,138161,157761,1789999582164609922,1789999582164754893,96920,144971,0.000000,1,0
1277,1,138671,158311,1789999582165011764,1789999582165156187,97608,144423,0.000000,1,0
1278,1,138931,159411,1789999582165414316,1789999582165554502,97055,140186,0.782997,1,1
1279,1,147281,167061,1789999582165820528,1789999582165956187,98442,135659,0.000000,1,0
1280,1,137491,158121,1789999582166213430,1789999582166357652,98269,144222,0.000000,1,0
1281,1,143581,163571,1789999582166624072,1789999582166761086,96448,137014,0.000000,1,0
1282,1,138691,158661,1789999582167017605,1789999582167171881,98585,154276,0.773270,1,1
1283,1,138701,158601,1789999582167430177,1789999582167580455,96833,150278,0.000000,1,0
1284,1,139411,159171,1789999582167838039,1789999582167981940,98930,143901,0.000000,1,0
1285,1,144371,164751,1789999582168246771,1789999582168409424,97258,162653,0.000000,1,0
1286,1,140651,160731,1789999582168669233,1789999582168817469,96775,148236,0.000000,1,0
1287,1,138071,157961,1789999582169073975,1789999582169216524,97142,142549,0.000000,1,0
1288,1,137741,157471,1789999582169473037,1789999582169628838,99081,155801,0.000000,1,0
1289,1,141921,161951,1789999582169891750,1789999582170027483,94748,135733,0.000000,1,0
1290,1,133481,153411,1789999582170277092,1789999582170447697,96686,170605,0.000000,1,0
1291,1,135751,155681,1789999582170702224,1789999582170844142,95833,141918,0.000000,1,0
1292,1,136401,160631,1789999582171097706,1789999582171238687,98040,140981,0.000000,1,0
1293,1,137551,157951,1789999582171498578,1789999582171633321,98398,134743,0.000000,1,0
1294,1,140731,160351,1789999582171894170,1789999582172031066,96935,136896,0.000000,1,0
1295,1,138381,157681,1789999582172288152,1789999582172424451,95832,136299,0.000000,1,0
1296,1,134171,154052,1789999582172675854,1789999582172851225,98531,175371,0.757694,1,1
1297,1,143171,164301,1789999582173114097,1789999582173245890,98818,131793,0.000000,1,0
1298,1,137421,157231,1789999582173503729,1789999582173648425,104115,144696,0.781143,1,1
1299,1,139401,159331,1789999582173915091,1789999582174049109,93933,134018,0.000000,1,0
1300,1,138081,157581,1789999582174302573,1789999582174444794,96260,142221,0.000000,1,0
1301,1,139291,159301,1789999582174702205,1789999582174843129,94847,140924,0.000000,1,0
1302,1,140121,163651,1789999582175099687,1789999582175270663,96325,170976,0.760860,1,1
1303,1,138271,157991,1789999582175527209,1789999582175679048,98023,151839,0.000000,1,0
1304,1,137681,157831,1789999582175936322,1789999582176089082,99091,152760,0.000000,1,0
1305,1,138551,158601,1789999582176348924,1789999582176483177,95938,134253,0.788158,1,1
1306,1,139951,159621,1789999582176740716,1789999582176879372,95475,138656,0.782777,1,1
1307,1,135741,155341,1789999582177132638,1789999582177310676,96463,178038,0.000000,1,0
1308,1,137551,157611,1789999582177566360,1789999582177706651,97410,140291,0.000000,1,0
1309,1,138921,159041,1789999582177964512,1789999582178099646,96307,135134,0.786945,1,1
1310,1,138731,158501,1789999582178356234,1789999582178493560,96825,137326,0.000000,1,0
1311,1,143402,162962,1789999582178755327,1789999582178889695,100603,134368,0.000000,1,0
1312,1,136471,156941,1789999582179148789,1789999582179285830,100110,137041,0.787071,1,1
1313,1,144811,165691,1789999582179552221,1789999582179693875,96647,141654,0.782144,1,1
1314,1,137451,157401,1789999582179949633,1789999582180091139,96055,141506,0.000000,1,0
1315,1,136811,156231,1789999582180346295,1789999582180485054,94022,138759,0.785247,1,1
1316,1,141071,160631,1789999582180741577,1789999582180885789,97889,144212,0.000000,1,0
1317,1,138931,159521,1789999582181144049,1789999582181278484,95936,134435,0.000000,1,0
1318,1,137511,168721,1789999582181533331,1789999582181677878,97585,144547,0.780963,1,1
1319,1,137791,157201,1789999582181935614,1789999582182071343,94552,135729,0.000000,1,0
1320,1,137591,157431,1789999582182325746,1789999582182472578,100229,146832,0.000000,1,0
1321,1,137491,157461,1789999582182731648,1789999582182879202,96027,147554,0.000000,1,0
1322,1,141431,161341,1789999582183137860,1789999582183272337,97074,134477,0.000000,1,0
1323,1,137541,157301,1789999582183528262,1789999582183677532,93161,149270,0.000000,1,0
1324,1,139771,160111,1789999582183933674,1789999582184073907,98548,140233,0.000000,1,0
1325,1,140341,160721,1789999582184334226,1789999582184471261,96876,137035,0.000000,1,0
1326,1,136882,156512,1789999582184726189,1789999582184868726,96274,142537,0.000000,1,0
1327,1,137341,158061,1789999582185123741,1789999582185262261,98051,138520,0.000000,1,0
1328,1,142600,162691,1789999582185525332,1789999582185674855,101119,149523,0.000000,1,0
1329,1,141081,160841,1789999582185938815,1789999582186107300,97546,168485,0.761438,1,1
1330,1,138811,158811,1789999582186365167,1789999582186514314,96234,149147,0.000000,1,0
1331,1,145801,165371,1789999582186777559,1789999582186912729,96561,135170,0.786614,1,1
1332,1,144091,164021,1789999582187174591,1789999582187307614,97628,133023,0.000000,1,0
1333,1,139281,158931,1789999582187565893,1789999582187711248,96737,145355,0.000000,1,0
1334,1,138091,157541,1789999582187967226,1789999582188107493,97104,140267,0.000000,1,0
1335,1,138321,158121,1789999582188364818,1789999582188499558,96181,134740,0.000000,1,0
1336,1,145391,165081,1789999582188762800,1789999582188902023,99678,139223,0.000000,1,0
1337,1,136801,156441,1789999582189159542,1789999582189297198,97115,137656,0.000000,1,0
1338,1,142501,163261,1789999582189558314,1789999582189705142,96793,146828,0.000000,1,0
1339,1,136361,156181,1789999582189960146,1789999582190100137,96660,139991,0.784980,1,1
1340,1,137491,157321,1789999582190355488,1789999582190491442,95757,135954,0.787173,1,1
1341,1,138572,158202,1789999582190748101,1789999582190884217,96265,136116,0.000000,1,0
1342,1,136781,157551,1789999582191138813,1789999582191277771,99133,138958,0.000000,1,0
1343,1,137281,157411,1789999582191535625,1789999582191682336,97590,146711,0.000000,1,0
1344,1,137121,156951,1789999582191938497,1789999582192080921,102567,142424,0.000000,1,0
1345,1,136731,156931,1789999582192344149,1789999582192479105,97795,134956,0.788663,1,1
1346,1,144561,164431,1789999582192743531,1789999582192876640,97702,133109,0.000000,1,0
1347,1,136501,156311,1789999582193131643,1789999582193272745,95989,141102,0.000000,1,0
1348,1,136431,156241,1789999582193526205,1789999582193672530,93297,146325,0.000000,1,0
1349,1,141290,160911,1789999582193929157,1789999582194067854,97125,138697,0.000000,1,0
1350,1,138950,158701,1789999582194325839,1789999582194461779,97472,135940,0.000000,1,0
1351,1,137990,158230,1789999582194718651,1789999582194856844,97119,138193,0.000000,1,0
1352,1,137480,157190,1789999582195112933,1789999582195255948,99476,143015,0.000000,1,0
1353,1,137900,157350,1789999582195514075,1789999582195650373,100173,136298,0.787134,1,1
1354,1,138590,158260,1789999582195910707,1789999582196049058,97840,138351,0.785302,1,1
1355,1,137731,157321,1789999582196305999,1789999582196453802,96608,147803,0.778134,1,1
1356,1,136922,156912,1789999582196711022,1789999582196851807,96806,140785,0.000000,1,0
1357,1,145001,166071,1789999582197116084,1789999582197250692,98603,134608,0.000000,1,0
1358,1,139091,159191,1789999582197510036,1789999582197653006,103181,142970,0.000000,1,0
1359,1,138111,158591,1789999582197915598,1789999582198049701,97618,134103,0.788915,1,1
1360,1,137891,157551,1789999582198306570,1789999582198447576,98705,141006,0.000000,1,0
1361,1,139901,159431,1789999582198707762,1789999582198844531,97922,136769,0.784141,1,1
1362,1,137291,161771,1789999582199101174,1789999582199248125,100720,146951,0.000000,1,0
1363,1,139241,158891,1789999582199509336,1789999582199647300,100658,137964,0.000000,1,0
1364,1,139701,159951,1789999582199909019,1789999582200050455,97215,141436,0.000000,1,0
1365,1,140541,160101,1789999582200309381,1789999582200450679,96813,141298,0.000000,1,0
1366,1,136981,156771,1789999582200708793,1789999582200855144,96890,146351,0.000000,1,0
1367,1,140651,161571,1789999582201114145,1789999582201254589,97607,140444,0.000000,1,0
1368,1,137451,157181,1789999582201510697,1789999582201671453,100085,160756,0.000000,1,0
1369,1,139241,158361,1789999582201931849,1789999582202071448,97392,139599,0.000000,1,0
1370,1,138541,158411,1789999582202329361,1789999582202471693,96809,142332,0.000000,1,0
1371,1,137352,156702,1789999582202727484,1789999582202873347,97408,145863,0.000000,1,0
1372,1,136941,156721,1789999582203128896,1789999582203283832,97495,154936,0.000000,1,0
1373,1,140791,160591,1789999582203543658,1789999582203692727,96652,149069,0.000000,1,0
1374,1,138130,157950,1789999582203948740,1789999582204091361,98350,142621,0.000000,1,0
1375,1,137540,157290,1789999582204348642,1789999582204491236,94307,142594,0.000000,1,0
1376,1,139171,158880,1789999582204745914,1789999582204901261,99364,155347,0.000000,1,0
1377,1,137840,158430,1789999582205159916,1789999582205300765,98802,140849,0.782715,1,1
1378,1,139470,159150,1789999582205561318,1789999582205700490,97360,139172,0.783498,1,1
1379,1,143300,163230,1789999582205962841,1789999582206100435,96267,137594,0.000000,1,0
1380,1,137921,158031,1789999582206356333,1789999582206498679,96445,142346,0.000000,1,0
1381,1,145461,165181,1789999582206761585,1789999582206896694,97552,135109,0.785875,1,1
1382,1,138821,159461,1789999582207154347,1789999582207296229,96689,141882,0.000000,1,0
1383,1,136871,156771,1789999582207551849,1789999582207698404,97396,146555,0.778554,1,1
1384,1,138011,157791,1789999582207955011,1789999582208104298,100064,149287,0.000000,1,0
1385,1,138221,158001,1789999582208364703,1789999582208497653,97911,132950,0.000000,1,0
1386,1,146682,166282,1789999582208763766,1789999582208893958,97529,130192,0.790731,1,1
1387,1,139861,160291,1789999582209152698,1789999582209288713,99586,136015,0.000000,1,0
1388,1,136071,156471,1789999582209549040,1789999582209702277,97464,153237,0.000000,1,0
1389,1,139881,159381,1789999582209961032,1789999582210130131,96392,169099,0.000000,1,0
1390,1,138181,157901,1789999582210386114,1789999582210522746,96979,136632,0.000000,1,0
1391,1,141961,161511,1789999582210783346,1789999582210914981,94536,131635,0.000000,1,0
1392,1,137261,157911,1789999582211168098,1789999582211313636,100283,145538,0.000000,1,0
1393,1,136431,156331,1789999582211571570,1789999582211710860,99032,139290,0.000000,1,0
1394,1,136851,156891,1789999582211968293,1789999582212114335,97199,146042,0.779723,1,1
1395,1,144051,163631,1789999582212376885,1789999582212506580,97266,129695,0.000000,1,0
1396,1,141881,161811,1789999582212767617,1789999582212900445,97183,132828,0.000000,1,0
1397,1,139061,158611,1789999582213158329,1789999582213295189,94261,136860,0.784825,1,1
1398,1,135751,157201,1789999582213546511,1789999582213691304,97698,144793,0.000000,1,0
1399,1,136621,156171,1789999582213947743,1789999582214084999,96335,137256,0.000000,1,0
1400,1,136161,155831,1789999582214339755,1789999582214481354,99592,141599,0.783498,1,1
1401,1,138932,158842,1789999582214741138,1789999582214873959,96500,132821,0.000000,1,0
1402,1,136681,156441,1789999582215128300,1789999582215267363,97268,139063,0.784776,1,1
1403,1,139061,158531,1789999582215524602,1789999582215674408,96865,149806,0.775880,1,1
1404,1,137211,156971,1789999582215930514,1789999582216069993,97942,139479,0.000000,1,0
1405,1,139061,158831,1789999582216328546,1789999582216479767,96950,151221,0.000000,1,0
1406,1,136211,156271,1789999582216734238,1789999582216875562,97307,141324,0.000000,1,0
1407,1,142981,162711,1789999582217137470,1789999582217268827,98064,131357,0.786323,1,1
1408,1,136051,156021,1789999582217523962,1789999582217670662,99032,146700,0.000000,1,0
1409,1,138121,158001,1789999582217930835,1789999582218068216,97810,137381,0.000000,1,0
1410,1,140081,160061,1789999582218327297,1789999582218462761,96987,135464,0.000000,1,0
1411,1,136851,156381,1789999582218718109,1789999582218867486,97794,149377,0.776734,1,1
1412,1,136351,155881,1789999582219123631,1789999582219265500,97622,141869,0.000000,1,0
1413,1,138590,158321,1789999582219522772,1789999582219668985,97749,146213,0.000000,1,0
1414,1,142350,162781,1789999582219930204,1789999582220061460,96976,131256,0.000000,1,0
1415,1,137740,157520,1789999582220317996,1789999582220454615,96542,136619,0.000000,1,0
1416,1,136121,155741,1789999582220708629,1789999582220856729,99791,148100,0.000000,1,0
1417,1,141010,161360,1789999582221119201,1789999582221249584,98708,130383,0.000000,1,0
1418,1,136791,156191,1789999582221506143,1789999582221650039,100065,143896,0.000000,1,0
1419,1,138241,158101,1789999582221910525,1789999582222049873,98033,139348,0.784362,1,1
1420,1,138061,158241,1789999582222310157,1789999582222442588,94560,132431,0.789317,1,1
1421,1,140211,159671,1789999582222698479,1789999582222842353,98527,143874,0.000000,1,0
1422,1,135431,164721,1789999582223097341,1789999582223243218,96404,145877,0.000000,1,0
1423,1,138561,157461,1789999582223499163,1789999582223639642,100193,140479,0.783615,1,1
1424,1,141851,160821,1789999582223901906,1789999582224039687,100410,137781,0.000000,1,0
1425,1,138061,157491,1789999582224300668,1789999582224434762,97787,134094,0.000000,1,0
1426,1,137021,156551,1789999582224690760,1789999582224840766,100235,150006,0.000000,1,0
1427,1,135771,160531,1789999582225098122,1789999582225236571,99192,138449,0.000000,1,0
1428,1,145431,165231,1789999582225502834,1789999582225629796,98039,126962,0.794147,1,1
1429,1,143091,162501,1789999582225892586,1789999582226024051,99106,131465,0.000000,1,0
1430,1,137281,157441,1789999582226284838,1789999582226422185,97654,137347,0.000000,1,0
1431,1,136361,156032,1789999582226677090,1789999582226827140,97702,150050,0.776369,1,1
1432,1,137661,156751,1789999582227083873,1789999582227227385,102649,143512,0.781284,1,1
1433,1,137251,156411,1789999582227489355,1789999582227635959,97477,146604,0.000000,1,0
1434,1,140081,158751,1789999582227894207,1789999582228037534,98694,143327,0.000000,1,0
1435,1,136761,156511,1789999582228295019,1789999582228441249,94851,146230,0.000000,1,0
1436,1,136811,156571,1789999582228694711,1789999582228846553,96849,151842,0.000000,1,0
1437,1,138870,159540,1789999582229103493,1789999582229245478,99946,141985,0.000000,1,0
1438,1,136390,156460,1789999582229503245,1789999582229644453,102804,141208,0.000000,1,0
1439,1,140820,160580,1789999582229909648,1789999582230054847,98322,145199,0.000000,1,0
1440,1,138080,158120,1789999582230312720,1789999582230458282,99609,145562,0.779146,1,1
1441,1,136651,156361,1789999582230715992,1789999582230861067,100016,145075,0.000000,1,0
1442,1,138271,158251,1789999582231120324,1789999582231293161,98334,172837,0.000000,1,0
1443,1,138980,159370,1789999582231552236,1789999582231699165,94262,146929,0.000000,1,0
1444,1,138840,158710,1789999582231953858,1789999582232114400,97389,160542,0.768007,1,1
1445,1,139430,159170,1789999582232372540,1789999582232513945,97436,141405,0.780323,1,1
1446,1,143901,163111,1789999582232777043,1789999582232916629,97655,139586,0.000000,1,0
1447,1,137231,157001,1789999582233173225,1789999582233319074,97992,145849,0.779271,1,1
1448,1,137671,158461,1789999582233576307,1789999582233738049,100509,161742,0.766855,1,1
1449,1,138050,157770,1789999582233997999,1789999582234144593,98317,146594,0.000000,1,0
1450,1,139980,159750,1789999582234404871,1789999582234544968,97024,140097,0.000000,1,0
1451,1,139120,158970,1789999582234807363,1789999582234947143,98531,139780,0.783850,1,1
1452,1,138390,158330,1789999582235205345,1789999582235354417,98820,149072,0.000000,1,0
1453,1,138720,159130,1789999582235613307,1789999582235755932,98088,142625,0.000000,1,0
1454,1,137650,157640,1789999582236012910,1789999582236157986,97726,145076,0.000000,1,0
1455,1,137120,156600,1789999582236413792,1789999582236556311,99073,142519,0.000000,1,0
1456,1,140610,160710,1789999582236817674,1789999582236973366,99940,155692,0.770453,1,1
1457,1,141510,161271,1789999582237236016,1789999582237375250,97758,139234,0.000000,1,0
1458,1,137950,157541,1789999582237631808,1789999582237791595,98025,159787,0.000000,1,0
1459,1,138991,157921,1789999582238049251,1789999582238197749,100583,148498,0.000000,1,0
1460,1,138241,158081,1789999582238458473,1789999582238605044,94731,146571,0.000000,1,0
1461,1,147681,167791,1789999582238869266,1789999582239013939,102768,144673,0.000000,1,0
1462,1,140181,159451,1789999582239278888,1789999582239421493,99206,142605,0.000000,1,0
1463,1,138071,158061,1789999582239679840,1789999582239839058,96913,159218,0.000000,1,0
1464,1,137081,161891,1789999582240095232,1789999582240247972,100391,152740,0.000000,1,0
1465,1,138401,158181,1789999582240508364,1789999582240655267,110308,146903,0.778095,1,1
1466,1,140921,161011,1789999582240927226,1789999582241087241,98966,160015,0.768092,1,1
1467,1,137601,156931,1789999582241345248,1789999582241497716,97323,152468,0.773881,1,1
1468,1,146642,165452,1789999582241762451,1789999582241900500,97122,138049,0.000000,1,0
1469,1,138391,159071,1789999582242157323,1789999582242304455,97599,147132,0.776913,1,1
1470,1,137601,157181,1789999582242561035,1789999582242709500,97926,148465,0.776944,1,1
1471,1,137081,157471,1789999582242966067,1789999582243109944,97464,143877,0.000000,1,0
1472,1,140391,160491,1789999582243369719,1789999582243524119,99681,154400,0.000000,1,0
1473,1,140041,159641,1789999582243785951,1789999582243937164,97438,151213,0.000000,1,0
1474,1,137631,157321,1789999582244195133,1789999582244342178,97916,147045,0.777675,1,1
1475,1,136851,156461,1789999582244598085,1789999582244748213,97084,150128,0.000000,1,0
1476,1,141431,161751,1789999582245007968,1789999582245147438,98221,139470,0.000000,1,0
1477,1,140671,160621,1789999582245408750,1789999582245558632,98579,149882,0.000000,1,0
1478,1,143071,163001,1789999582245821842,1789999582245964297,98086,142455,0.000000,1,0
1479,1,136161,156141,1789999582246219684,1789999582246365001,97524,145317,0.000000,1,0
1480,1,141781,161591,1789999582246625026,1789999582246777146,99261,152120,0.000000,1,0
1481,1,138491,157711,1789999582247035788,1789999582247179621,98758,143833,0.000000,1,0
1482,1,136351,155791,1789999582247436750,1789999582247581185,97996,144435,0.000000,1,0
1483,1,137841,157011,1789999582247840683,1789999582247984200,97974,143517,0.000000,1,0
1484,1,142111,162351,1789999582248244835,1789999582248388485,96911,143650,0.780292,1,1
1485,1,139261,158781,1789999582248645147,1789999582248788129,97999,142982,0.000000,1,0
1486,1,138511,157631,1789999582249045019,1789999582249193474,99246,148455,0.000000,1,0
1487,1,137061,156641,1789999582249452331,1789999582249592239,97923,139908,0.783929,1,1
1488,1,139271,158941,1789999582249850683,1789999582249998713,99961,148030,0.776726,1,1
1489,1,141001,161161,1789999582250267075,1789999582250397598,98048,130523,0.000000,1,0
1490,1,137041,156201,1789999582250654327,1789999582250818032,98067,163705,0.764804,1,1
1491,1,136181,155891,1789999582251073550,1789999582251223687,98284,150137,0.000000,1,0
1492,1,136211,156311,1789999582251480012,1789999582251623391,100412,143379,0.000000,1,0
1493,1,145021,164961,1789999582251890194,1789999582252030746,98239,140552,0.000000,1,0
1494,1,146371,166081,1789999582252297996,1789999582252460460,97987,162464,0.765355,1,1
1495,1,136001,155911,1789999582252716448,1789999582252865385,97974,148937,0.000000,1,0
1496,1,139951,159561,1789999582253124450,1789999582253274230,100781,149780,0.000000,1,0
1497,1,138921,171641,1789999582253535182,1789999582253680384,98520,145202,0.778180,1,1
1498,1,142191,162091,1789999582253943315,1789999582254083849,99707,140534,0.000000,1,0
1499,1,138051,157601,1789999582254343277,1789999582254484163,97735,140886,0.000000,1,0
1500,1,140201,160161,1789999582254744119,1789999582254886498,98012,142379,0.778390,1,1
1501,1,140451,161021,1789999582255145901,1789999582255334602,98631,188701,0.744289,1,1
1502,1,138180,158691,1789999582255592743,1789999582255735097,99168,142354,0.000000,1,0
1503,1,139080,158541,1789999582255994585,1789999582256138872,98625,144287,0.779762,1,1
1504,1,138360,158041,1789999582256397087,1789999582256542286,99363,145199,0.000000,1,0
1505,1,139201,158802,1789999582256802320,1789999582256944321,97851,142001,0.782065,1,1
1506,1,137640,157221,1789999582257200792,1789999582257346956,98468,146164,0.778141,1,1
1507,1,136200,156601,1789999582257603024,1789999582257757580,99166,154556,0.000000,1,0
1508,1,140331,159881,1789999582258018007,1789999582258163295,98203,145288,0.000000,1,0
1509,1,139941,159871,1789999582258422929,1789999582258560320,98890,137391,0.000000,1,0
1510,1,139461,159471,1789999582258820581,1789999582258968704,96558,148123,0.000000,1,0
1511,1,138691,158231,1789999582259225443,1789999582259373109,97165,147666,0.776284,1,1
1512,1,137271,156901,1789999582259628675,1789999582259776663,100374,147988,0.000000,1,0
1513,1,137281,157071,1789999582260036318,1789999582260175078,99231,138760,0.000000,1,0
1514,1,138171,158001,1789999582260433660,1789999582260571683,99288,138023,0.784862,1,1
1515,1,139921,160471,1789999582260834952,1789999582260976378,98725,141426,0.781760,1,1
1516,1,143491,163121,1789999582261239624,1789999582261379122,98173,139498,0.000000,1,0
1517,1,139771,159351,1789999582261638096,1789999582261778157,101100,140061,0.000000,1,0
1518,1,137731,156521,1789999582262038488,1789999582262205451,99128,166963,0.000000,1,0
1519,1,137501,157271,1789999582262464360,1789999582262603526,97876,139166,0.000000,1,0
1520,1,140471,160681,1789999582262863053,1789999582263004991,100763,141938,0.781252,1,1
1521,1,138051,157731,1789999582263266505,1789999582263405105,98591,138600,0.000000,1,0
1522,1,136471,156221,1789999582263661327,1789999582263828140,100748,166813,0.000000,1,0
1523,1,137941,157651,1789999582264088749,1789999582264235244,99686,146495,0.000000,1,0
1524,1,137691,157061,1789999582264494121,1789999582264642759,102843,148638,0.000000,1,0
1525,1,140551,159891,1789999582264907073,1789999582265043884,100290,136811,0.000000,1,0
1526,1,139081,159031,1789999582265305855,1789999582265441469,95267,135614,0.000000,1,0
1527,1,145872,166082,1789999582265713528,1789999582265845133,98326,131605,0.000000,1,0
1528,1,136611,161351,1789999582266101470,1789999582266249358,101693,147888,0.777908,1,1
1529,1,138041,157731,1789999582266510152,1789999582266647943,102230,137791,0.000000,1,0
1530,1,138781,158001,1789999582266910244,1789999582267051167,98458,140923,0.782112,1,1
1531,1,138471,158031,1789999582267309896,1789999582267451912,97895,142016,0.000000,1,0
1532,1,137371,155961,1789999582267708778,1789999582267855017,98352,146239,0.000000,1,0
1533,1,143391,163941,1789999582268117080,1789999582268255351,99000,138271,0.000000,1,0
1534,1,136861,156311,1789999582268512862,1789999582268654546,104028,141684,0.000000,1,0
1535,1,145281,165181,1789999582268924865,1789999582269087790,98526,162925,0.000000,1,0
1536,1,136491,157071,1789999582269346657,1789999582269490585,100873,143928,0.780362,1,1
1537,1,144181,163561,1789999582269757369,1789999582269896550,98860,139181,0.000000,1,0
1538,1,138461,157971,1789999582270155211,1789999582270299344,98018,144133,0.000000,1,0
1539,1,137931,157121,1789999582270557163,1789999582270700079,98685,142916,0.000000,1,0
1540,1,136651,155321,1789999582270955835,1789999582271100734,98352,144899,0.000000,1,0
1541,1,138481,158661,1789999582271359137,1789999582271509928,95510,150791,0.000000,1,0
1542,1,146682,167002,1789999582271772990,1789999582271914953,98188,141963,0.000000,1,0
1543,1,137871,157471,1789999582272172122,1789999582272320187,95236,148065,0.000000,1,0
1544,1,138671,158091,1789999582272575654,1789999582272730802,100253,155148,0.770784,1,1
1545,1,139411,158871,1789999582272991686,1789999582273131157,98540,139471,0.000000,1,0
1546,1,137301,156741,1789999582273388518,1789999582273529131,98848,140613,0.000000,1,0
1547,1,146521,165881,1789999582273798360,1789999582273933576,98865,135216,0.000000,1,0
1548,1,140791,161551,1789999582274193712,1789999582274368020,98223,174308,0.000000,1,0
1549,1,140941,160571,1789999582274629464,1789999582274770145,97201,140681,0.000000,1,0
1550,1,139261,158631,1789999582275027597,1789999582275169070,99208,141473,0.000000,1,0
1551,1,137241,157251,1789999582275426679,1789999582275567075,99035,140396,0.000000,1,0
1552,1,140481,160251,1789999582275828031,1789999582275972109,101313,144078,0.000000,1,0
1553,1,143121,163271,1789999582276237903,1789999582276376144,99340,138241,0.000000,1,0
1554,1,137181,156381,1789999582276633605,1789999582276781288,98208,147683,0.000000,1,0
1555,1,139151,158471,1789999582277038917,1789999582277183203,97725,144286,0.000000,1,0
1556,1,138961,158521,1789999582277442069,1789999582277580138,98512,138069,0.783984,1,1
1557,1,145151,165161,1789999582277846132,1789999582277981182,98281,135050,0.000000,1,0
1558,1,149301,169791,1789999582278251934,1789999582278396197,100628,144263,0.000000,1,0
1559,1,136451,156571,1789999582278655136,1789999582278808091,98456,152955,0.000000,1,0
1560,1,145441,164221,1789999582279073028,1789999582279218016,100993,144988,0.000000,1,0
1561,1,137431,157121,1789999582279478910,1789999582279645360,102191,166450,0.000000,1,0
1562,1,140430,159960,1789999582279909892,1789999582280051055,98558,141163,0.000000,1,0
1563,1,136760,156570,1789999582280307964,1789999582280451469,96226,143505,0.000000,1,0
1564,1,137421,157321,1789999582280707227,1789999582280857464,98804,150237,0.000000,1,0
1565,1,142410,162720,1789999582281120339,1789999582281257009,97121,136670,0.000000,1,0
1566,1,138080,157720,1789999582281513671,1789999582281655473,104369,141802,0.781997,1,1
1567,1,138860,158770,1789999582281920693,1789999582282086578,99957,165885,0.000000,1,0
1568,1,138890,158441,1789999582282347045,1789999582282492952,99725,145907,0.000000,1,0
1569,1,141630,161311,1789999582282755677,1789999582282892597,97792,136920,0.781627,1,1
1570,1,137560,158141,1789999582283148939,1789999582283293162,98569,144223,0.779084,1,1
1571,1,136200,156261,1789999582283549091,1789999582283697126,97018,148035,0.000000,1,0
1572,1,136620,156661,1789999582283952464,1789999582284092761,99305,140297,0.783404,1,1
1573,1,141060,160371,1789999582284354416,1789999582284487586,97462,133170,0.000000,1,0
1574,1,141090,159991,1789999582284746678,1789999582284884871,98429,138193,0.000000,1,0
1575,1,139950,160591,1789999582285144180,1789999582285288455,98667,144275,0.000000,1,0
1576,1,136920,157751,1789999582285545492,1789999582285713670,103434,168178,0.000000,1,0
1577,1,138901,159211,1789999582285977345,1789999582286113034,99082,135689,0.000000,1,0
1578,1,140301,159721,1789999582286376617,1789999582286506549,95509,129932,0.000000,1,0
1579,1,143201,162262,1789999582286766599,1789999582286908684,99147,142085,0.000000,1,0
1580,1,136480,157080,1789999582287165461,1789999582287303549,95623,138088,0.000000,1,0
1581,1,140750,160200,1789999582287561733,1789999582287709443,96081,147710,0.000000,1,0
1582,1,138100,157410,1789999582287964865,1789999582288112248,100558,147383,0.777745,1,1
1583,1,141550,161140,1789999582288375747,1789999582288518753,97855,143006,0.779629,1,1
1584,1,145010,164140,1789999582288782239,1789999582288925707,101333,143468,0.000000,1,0
1585,1,135200,156200,1789999582289185271,1789999582289323512,97690,138241,0.000000,1,0
1586,1,135551,156561,1789999582289578273,1789999582289734257,98508,155984,0.000000,1,0
1587,1,133670,152690,1789999582289987926,1789999582290161031,98207,173105,0.757784,1,1
1588,1,140680,160490,1789999582290421898,1789999582290557856,97914,135958,0.000000,1,0
1589,1,138250,158130,1789999582290815600,1789999582290955750,96332,140150,0.781778,1,1
1590,1,135750,156480,1789999582291208652,1789999582291355795,98019,147143,0.778071,1,1
1591,1,134980,154660,1789999582291610234,1789999582291753050,100306,142816,0.000000,1,0
1592,1,134970,154270,1789999582292009056,1789999582292166774,100874,157718,0.000000,1,0
1593,1,141690,161591,1789999582292431608,1789999582292562639,97651,131031,0.000000,1,0
1594,1,135681,154751,1789999582292816771,1789999582292968974,97269,152203,0.772219,1,1
1595,1,138970,159501,1789999582293225623,1789999582293399178,97517,173555,0.000000,1,0
1596,1,139301,158661,1789999582293657166,1789999582293834162,98295,176996,0.000000,1,0
1597,1,141451,157091,1789999582294091148,1789999582294264107,101082,172959,0.000000,1,0
1598,1,140771,156251,1789999582294523860,1789999582294673411,99580,149551,0.000000,1,0
1599,1,138511,153951,1789999582294928272,1789999582295073576,99307,145304,0.000000,1,0
1600,1,141071,157431,1789999582295333374,1789999582295481571,100884,148197,0.775337,1,1
1601,1,137912,152982,1789999582295738077,1789999582295881515,97953,143438,0.780027,1,1
1602,1,138761,154011,1789999582296134879,1789999582296313040,101300,178161,0.000000,1,0
1603,1,137661,152891,1789999582296569581,1789999582296713594,99638,144013,0.000000,1,0
1604,1,138961,154131,1789999582296969203,1789999582297114829,98905,145626,0.000000,1,0
1605,1,140881,156161,1789999582297371855,1789999582297514314,98052,142459,0.000000,1,0
1606,1,145241,165211,1789999582297782117,1789999582297913038,98550,130921,0.000000,1,0
1607,1,138581,158281,1789999582298171839,1789999582298313213,95617,141374,0.000000,1,0
1608,1,139601,160651,1789999582298569581,1789999582298722218,101545,152637,0.000000,1,0
1609,1,138411,157971,1789999582298983564,1789999582299137602,99333,154038,0.000000,1,0
1610,1,138321,158301,1789999582299398756,1789999582299535997,97990,137241,0.000000,1,0
1611,1,140341,160171,1789999582299796488,1789999582299941102,98727,144614,0.778865,1,1
1612,1,138291,158171,1789999582300199480,1789999582300340126,99845,140646,0.000000,1,0
1613,1,139591,159531,1789999582300600872,1789999582300754471,99122,153599,0.000000,1,0
1614,1,138601,157451,1789999582301013164,1789999582301153005,97920,139841,0.783633,1,1
1615,1,136441,156171,1789999582301409496,1789999582301547820,95757,138324,0.000000,1,0
1616,1,142472,162202,1789999582301808749,1789999582301944395,100785,135646,0.000000,1,0
1617,1,137221,156531,1789999582302203251,1789999582302338680,98592,135429,0.786182,1,1
1618,1,136721,156201,1789999582302594883,1789999582302739574,98400,144691,0.000000,1,0
1619,1,137881,157851,1789999582302998115,1789999582303163879,99557,165764,0.000000,1,0
1620,1,136631,156131,1789999582303420977,1789999582303562743,101125,141766,0.000000,1,0
1621,1,138801,159421,1789999582303826749,1789999582303956168,98622,129419,0.000000,1,0
1622,1,137361,157151,1789999582304213621,1789999582304350323,95979,136702,0.786001,1,1
1623,1,138041,157381,1789999582304605423,1789999582304749167,100738,143744,0.000000,1,0
1624,1,142881,162561,1789999582305014396,1789999582305147752,102325,133356,0.000000,1,0
1625,1,137811,157371,1789999582305409338,1789999582305559057,98092,149719,0.000000,1,0
1626,1,140881,160621,1789999582305819480,1789999582305956141,98430,136661,0.000000,1,0
1627,1,136291,155521,1789999582306211962,1789999582306352116,98687,140154,0.000000,1,0
1628,1,137171,157131,1789999582306608984,1789999582306751961,100674,142977,0.000000,1,0
1629,1,136251,156211,1789999582307010316,1789999582307145406,99791,135090,0.000000,1,0
1630,1,136581,156501,1789999582307404028,1789999582307540160,99559,136132,0.786191,1,1
1631,1,138682,158422,1789999582307800001,1789999582307934835,98157,134834,0.000000,1,0
1632,1,138021,157751,1789999582308193013,1789999582308327970,100674,134957,0.787173,1,1
1633,1,137031,157081,1789999582308586565,1789999582308725225,98581,138660,0.783576,1,1
1634,1,139011,159001,1789999582308983787,1789999582309153219,98559,169432,0.000000,1,0
1635,1,138421,158191,1789999582309411919,1789999582309547614,98766,135695,0.785451,1,1
1636,1,140511,160391,1789999582309808761,1789999582309945199,102153,136438,0.000000,1,0
1637,1,139101,159541,1789999582310208163,1789999582310341043,98241,132880,0.000000,1,0
1638,1,139191,158911,1789999582310599635,1789999582310737558,98209,137923,0.000000,1,0
1639,1,137601,157081,1789999582310994598,1789999582311138123,99366,143525,0.000000,1,0
1640,1,140771,160341,1789999582311399890,1789999582311535408,100013,135518,0.000000,1,0
1641,1,139081,159011,1789999582311795712,1789999582311933202,99451,137490,0.000000,1,0
1642,1,146171,166861,1789999582312203214,1789999582312342667,100288,139453,0.000000,1,0
1643,1,138811,158251,1789999582312603836,1789999582312747652,98955,143816,0.780011,1,1
1644,1,140141,159781,1789999582313007608,1789999582313143646,98773,136038,0.000000,1,0
1645,1,136730,156471,1789999582313400659,1789999582313536951,98730,136292,0.000000,1,0
1646,1,141031,159652,1789999582313798662,1789999582313933566,98348,134904,0.000000,1,0
1647,1,137000,157141,1789999582314189584,1789999582314329461,98275,139877,0.000000,1,0
1648,1,136390,155741,1789999582314586036,1789999582314728155,102263,142119,0.000000,1,0
1649,1,137570,157591,1789999582314989058,1789999582315124160,99300,135102,0.786882,1,1
1650,1,137280,157030,1789999582315382050,1789999582315534705,98997,152655,0.000000,1,0
1651,1,139100,158561,1789999582315793902,1789999582315931959,98465,138057,0.000000,1,0
1652,1,139680,159811,1789999582316191164,1789999582316325624,98412,134460,0.784188,1,1
1653,1,136030,156511,1789999582316581646,1789999582316718609,99030,136963,0.000000,1,0
1654,1,137770,157310,1789999582316977239,1789999582317116804,99497,139565,0.783561,1,1
1655,1,140350,160070,1789999582317378311,1789999582317513959,98294,135648,0.786536,1,1
1656,1,148310,167281,1789999582317782173,1789999582317913913,101402,131740,0.000000,1,0
1657,1,135960,156180,1789999582318171915,1789999582318315888,99469,143973,0.000000,1,0
1658,1,138750,158780,1789999582318576057,1789999582318727462,98427,151405,0.773179,1,1
1659,1,137830,157701,1789999582318985059,1789999582319124117,101324,139058,0.000000,1,0
1660,1,137780,157681,1789999582319384721,1789999582319519612,97921,134891,0.000000,1,0
1661,1,141041,160872,1789999582319780574,1789999582319913187,98189,132613,0.000000,1,0
1662,1,136430,155970,1789999582320169276,1789999582320308652,99276,139376,0.000000,1,0
1663,1,143330,163980,1789999582320571998,1789999582320704896,98534,132898,0.783341,1,1
1664,1,140480,159700,1789999582320966210,1789999582321112761,101201,146551,0.000000,1,0
1665,1,136230,155880,1789999582321372262,1789999582321508166,98938,135904,0.000000,1,0
1666,1,143610,163300,1789999582321773344,1789999582321908490,99216,135146,0.785773,1,1
1667,1,138160,157660,1789999582322167176,1789999582322304895,100642,137719,0.784101,1,1
1668,1,139700,159260,1789999582322566118,1789999582322730779,99892,164661,0.760381,1,1
1669,1,137150,156340,1789999582322989691,1789999582323131674,99218,141983,0.000000,1,0
1670,1,137900,157460,1789999582323389923,1789999582323532209,99455,142286,0.000000,1,0
1671,1,141630,161160,1789999582323794435,1789999582323936594,98852,142159,0.000000,1,0
1672,1,137620,157800,1789999582324194357,1789999582324339248,105270,144891,0.779239,1,1
1673,1,136490,156300,1789999582324602769,1789999582324742883,99077,140114,0.782433,1,1
1674,1,144750,165080,1789999582325017861,1789999582325146388,100264,128527,0.792654,1,1
1675,1,138671,158441,1789999582325406903,1789999582325565202,101702,158299,0.000000,1,0
1676,1,138971,158911,1789999582325828186,1789999582325961227,98580,133041,0.000000,1,0
1677,1,136661,156021,1789999582326217338,1789999582326359491,98288,142153,0.781293,1,1
1678,1,136121,155991,1789999582326615120,1789999582326757086,98235,141966,0.780698,1,1
1679,1,142151,161591,1789999582327019182,1789999582327153551,99002,134369,0.000000,1,0
1680,1,136911,156531,1789999582327410984,1789999582327552446,100539,141462,0.000000,1,0
1681,1,137991,157751,1789999582327812576,1789999582327948550,98657,135974,0.785822,1,1
1682,1,136051,155941,1789999582328204688,1789999582328350185,96854,145497,0.778499,1,1
1683,1,137971,157251,1789999582328606120,1789999582328746680,102732,140560,0.000000,1,0
1684,1,138691,158961,1789999582329009303,1789999582329142575,100299,133272,0.000000,1,0
1685,1,139011,158951,1789999582329405125,1789999582329543409,98437,138284,0.783388,1,1
1686,1,140071,159831,1789999582329804027,1789999582329940534,99254,136507,0.000000,1,0
1687,1,137871,157671,1789999582330200129,1789999582330336929,99201,136800,0.785718,1,1
1688,1,138791,157821,1789999582330595171,1789999582330744763,101359,149592,0.774803,1,1
1689,1,139271,158771,1789999582331005673,1789999582331141198,98956,135525,0.783749,1,1
1690,1,137041,156451,1789999582331399135,1789999582331548382,98164,149247,0.000000,1,0
1691,1,139462,159142,1789999582331806968,1789999582331948307,101682,141339,0.000000,1,0
1692,1,135731,155351,1789999582332207340,1789999582332353792,95759,146452,0.000000,1,0
1693,1,139031,158321,1789999582332609382,1789999582332753076,99107,143694,0.000000,1,0
1694,1,140431,159931,1789999582333013574,1789999582333147261,99624,133687,0.000000,1,0
1695,1,140361,159981,1789999582333409466,1789999582333540906,98891,131440,0.000000,1,0
1696,1,141111,160661,1789999582333802438,1789999582333938921,103128,136483,0.000000,1,0
1697,1,137131,157441,1789999582334200660,1789999582334334375,98406,133715,0.000000,1,0
1698,1,138361,157731,1789999582334592512,1789999582334735970,99054,143458,0.000000,1,0
1699,1,136471,155841,1789999582334992735,1789999582335135535,99501,142800,0.000000,1,0
1700,1,136661,156631,1789999582335393257,1789999582335539480,98798,146223,0.000000,1,0
1701,1,139881,159191,1789999582335799569,1789999582335942794,98386,143225,0.000000,1,0
1702,1,137821,157691,1789999582336200291,1789999582336341829,100593,141538,0.781635,1,1
1703,1,140261,159651,1789999582336604373,1789999582336748624,98810,144251,0.000000,1,0
1704,1,138251,157911,1789999582337006545,1789999582337152328,102418,145783,0.000000,1,0
1705,1,137001,157251,1789999582337416167,1789999582337550183,100935,134016,0.000000,1,0
1706,1,143222,163332,1789999582337818490,1789999582337957128,99723,138638,0.000000,1,0
1707,1,145691,165201,1789999582338223782,1789999582338357312,101631,133530,0.786512,1,1
1708,1,138051,157921,1789999582338619024,1789999582338757337,98578,138313,0.000000,1,0
1709,1,138391,157811,1789999582339015606,1789999582339164362,100785,148756,0.775873,1,1
1710,1,137381,157481,1789999582339423348,1789999582339564036,99093,140688,0.000000,1,0
1711,1,143261,162521,1789999582339827390,1789999582339965101,98700,137711,0.000000,1,0
1712,1,139081,160261,1789999582340223962,1789999582340364156,99527,140194,0.000000,1,0
1713,1,137081,156421,1789999582340622064,1789999582340761950,100196,139886,0.000000,1,0
1714,1,139071,158831,1789999582341022237,1789999582341170175,99583,147938,0.000000,1,0
1715,1,139861,159461,1789999582341431159,1789999582341567270,99060,136111,0.782910,1,1
1716,1,140401,160301,1789999582341829111,1789999582341962375,99607,133264,0.000000,1,0
1717,1,137261,156661,1789999582342220523,1789999582342355689,100165,135166,0.000000,1,0
1718,1,136171,156451,1789999582342612795,1789999582342760034,98452,147239,0.777099,1,1
1719,1,138301,158151,1789999582343018037,1789999582343152389,97789,134352,0.000000,1,0
1720,1,137341,156891,1789999582343409369,1789999582343549534,101006,140165,0.782417,1,1
1721,1,140802,160312,1789999582343812912,1789999582343945878,101585,132966,0.787165,1,1
1722,1,135831,155741,1789999582344204514,1789999582344340873,98252,136359,0.000000,1,0
1723,1,145351,164711,1789999582344605546,1789999582344734568,98749,129022,0.000000,1,0
1724,1,137071,156991,1789999582344991408,1789999582345128513,99196,137105,0.000000,1,0
1725,1,137831,157381,1789999582345386610,1789999582345531877,98334,145267,0.000000,1,0
1726,1,138161,157891,1789999582345789962,1789999582345928142,99321,138180,0.000000,1,0
1727,1,138571,158821,1789999582346187174,1789999582346321557,96478,134383,0.000000,1,0
1728,1,137741,157591,1789999582346579266,1789999582346724542,100226,145276,0.000000,1,0
1729,1,137520,156861,1789999582346984598,1789999582347150526,100134,165928,0.000000,1,0
1730,1,137801,157281,1789999582347410391,1789999582347548761,99201,138370,0.000000,1,0
1731,1,141051,161011,1789999582347810273,1789999582347945195,98849,134922,0.785011,1,1
1732,1,137700,157621,1789999582348203354,1789999582348339020,100226,135666,0.000000,1,0
1733,1,136610,155950,1789999582348597106,1789999582348739245,99993,142139,0.000000,1,0
1734,1,138240,158090,1789999582348999398,1789999582349138290,99540,138892,0.000000,1,0
1735,1,137860,157440,1789999582349397930,1789999582349531404,98547,133474,0.787276,1,1
1736,1,139961,159761,1789999582349792233,1789999582349927489,101115,135256,0.000000,1,0
1737,1,136590,156700,1789999582350189565,1789999582350321384,99512,131819,0.788891,1,1
1738,1,138541,157820,1789999582350580697,1789999582350722249,99189,141552,0.779598,1,1
1739,1,139070,159300,1789999582350981369,1789999582351121543,99857,140174,0.780831,1,1
1740,1,139220,159160,1789999582351382061,1789999582351514598,98654,132537,0.788150,1,1
1741,1,143461,162671,1789999582351777943,1789999582351913813,99331,135870,0.000000,1,0
1742,1,136511,156441,1789999582352170935,1789999582352318837,96519,147902,0.000000,1,0
1743,1,139771,159611,1789999582352576607,1789999582352717092,98477,140485,0.000000,1,0
1744,1,138921,158531,1789999582352975320,1789999582353111017,102134,135697,0.785915,1,1
1745,1,136641,156411,1789999582353371532,1789999582353504212,98691,132680,0.788134,1,1
1746,1,141661,161061,1789999582353765944,1789999582353906236,99959,140292,0.000000,1,0
1747,1,134601,155011,1789999582354161976,1789999582354300881,100276,138905,0.000000,1,0
1748,1,138281,158141,1789999582354561138,1789999582354707826,98223,146688,0.776618,1,1
1749,1,138111,157561,1789999582354966080,1789999582355102921,99280,136841,0.000000,1,0
1750,1,140781,160351,1789999582355365192,1789999582355500075,96458,134883,0.000000,1,0
1751,1,144472,163862,1789999582355762055,1789999582355901350,98716,139295,0.000000,1,0
1752,1,136911,157141,1789999582356157857,1789999582356297945,102043,140088,0.000000,1,0
1753,1,136591,156291,1789999582356557579,1789999582356695490,96860,137911,0.783898,1,1
1754,1,145151,164751,1789999582356958591,1789999582357093344,100058,134753,0.000000,1,0
1755,1,138971,158631,1789999582357354453,1789999582357493719,99505,139266,0.000000,1,0
1756,1,144141,163441,1789999582357759405,1789999582357887904,98822,128499,0.000000,1,0
1757,1,136121,156211,1789999582358143667,1789999582358280568,99400,136901,0.000000,1,0
1758,1,138661,158811,1789999582358540749,1789999582358689823,99858,149074,0.000000,1,0
1759,1,138381,157721,1789999582358949202,1789999582359085968,100245,136766,0.000000,1,0
1760,1,137151,157801,1789999582359344814,1789999582359481932,100563,137118,0.000000,1,0
1761,1,139111,158321,1789999582359743076,1789999582359880537,98870,137461,0.000000,1,0
1762,1,137571,157851,1789999582360138058,1789999582360276772,100407,138714,0.000000,1,0
1763,1,140831,160511,1789999582360539830,1789999582360680476,96465,140646,0.000000,1,0
1764,1,138091,158021,1789999582360936212,1789999582361076071,99302,139859,0.782832,1,1
1765,1,137321,157141,1789999582361334424,1789999582361468826,96189,134402,0.000000,1,0
1766,1,139172,159162,1789999582361727337,1789999582361866251,99697,138914,0.000000,1,0
1767,1,136861,156601,1789999582362123839,1789999582362260365,99485,136526,0.000000,1,0
1768,1,136860,156881,1789999582362518170,1789999582362655790,110552,137620,0.000000,1,0
1769,1,139611,159801,1789999582362929743,1789999582363082035,99919,152292,0.000000,1,0
1770,1,139291,158941,1789999582363345525,1789999582363484509,100797,138984,0.782370,1,1
1771,1,140661,159981,1789999582363747687,1789999582363879834,100084,132147,0.784611,1,1
1772,1,142641,162921,1789999582364143089,1789999582364274479,98881,131390,0.000000,1,0
1773,1,136801,156551,1789999582364531201,1789999582364675004,97299,143803,0.000000,1,0
1774,1,138541,157841,1789999582364932114,1789999582365072138,99507,140024,0.782715,1,1
1775,1,135001,154861,1789999582365327876,1789999582365475553,97694,147677,0.000000,1,0
1776,1,135851,155981,1789999582365730768,1789999582365871668,102111,140900,0.781573,1,1
1777,1,136451,156061,1789999582366131280,1789999582366267132,100699,135852,0.000000,1,0
1778,1,138380,158021,1789999582366527311,1789999582366682927,99506,155616,0.769860,1,1
1779,1,140820,160401,1789999582366945233,1789999582367078522,97863,133289,0.000000,1,0
1780,1,137640,157430,1789999582367335935,1789999582367477466,99461,141531,0.781137,1,1
1781,1,135951,155901,1789999582367733948,1789999582367873811,99259,139863,0.000000,1,0
1782,1,140690,160510,1789999582368135580,1789999582368267656,98805,132076,0.000000,1,0
1783,1,136680,156560,1789999582368524802,1789999582368665251,99612,140449,0.778406,1,1
1784,1,137011,156771,1789999582368923744,1789999582369065125,102410,141381,0.781621,1,1
1785,1,137521,157371,1789999582369326486,1789999582369461320,103977,134834,0.786009,1,1
1786,1,138611,158621,1789999582369725688,1789999582369906084,99485,180396,0.000000,1,0
1787,1,141930,162500,1789999582370169140,1789999582370305889,99572,136749,0.000000,1,0
1788,1,137770,157410,1789999582370564382,1789999582370714544,99661,150162,0.774075,1,1
1789,1,137580,157660,1789999582370973015,1789999582371119638,99619,146623,0.000000,1,0
1790,1,139450,158790,1789999582371380237,1789999582371522213,106356,141976,0.000000,1,0
1791,1,146650,166341,1789999582371801099,1789999582371920398,99763,119299,0.000000,1,0
1792,1,136910,156760,1789999582372179411,1789999582372335462,103131,156051,0.000000,1,0
1793,1,138440,157751,1789999582372598323,1789999582372743537,99258,145214,0.000000,1,0
1794,1,139001,158901,1789999582373002776,1789999582373173321,100526,170545,0.000000,1,0
1795,1,141561,161451,1789999582373437368,1789999582373571356,99683,133988,0.000000,1,0
1796,1,140702,160402,1789999582373833251,1789999582373973340,99242,140089,0.000000,1,0
1797,1,137421,157711,1789999582374232123,1789999582374371825,98499,139702,0.000000,1,0
1798,1,141341,160881,1789999582374633365,1789999582374773390,99746,140025,0.000000,1,0
1799,1,137321,157321,1789999582375031957,1789999582375173045,100573,141088,0.000000,1,0
1800,1,138141,157771,1789999582375433449,1789999582375576329,101561,142880,0.000000,1,0
1801,1,139651,159651,1789999582375841751,1789999582375979354,101018,137603,0.000000,1,0
1802,1,138391,158581,1789999582376239893,1789999582376394938,99376,155045,0.000000,1,0
1803,1,140381,159521,1789999582376656125,1789999582376812913,101684,156788,0.000000,1,0
1804,1,140161,159041,1789999582377075438,1789999582377242217,99182,166779,0.760624,1,1
1805,1,144781,164171,1789999582377508960,1789999582377640112,104129,131152,0.000000,1,0
1806,1,146641,166121,1789999582377912292,1789999582378041407,101066,129115,0.000000,1,0
1807,1,136301,156511,1789999582378299974,1789999582378438151,100174,138177,0.000000,1,0
1808,1,138111,157731,1789999582378697056,1789999582378845956,102351,148900,0.775182,1,1
1809,1,137481,157861,1789999582379106948,1789999582379275760,100179,168812,0.000000,1,0
1810,1,137091,156871,1789999582379534760,1789999582379682015,97117,147255,0.000000,1,0
1811,1,143021,162461,1789999582379943173,1789999582380086980,100864,143807,0.777636,1,1
1812,1,138871,158821,1789999582380347815,1789999582380488344,96482,140529,0.000000,1,0
1813,1,141131,160561,1789999582380747597,1789999582380893959,98719,146362,0.000000,1,0
1814,1,140111,160611,1789999582381153739,1789999582381323193,100327,169454,0.759355,1,1
1815,1,137141,157311,1789999582381583191,1789999582381727808,100614,144617,0.000000,1,0
1816,1,137491,157051,1789999582381986783,1789999582382131352,104122,144569,0.000000,1,0
1817,1,136901,157071,1789999582382393475,1789999582382533227,98969,139752,0.000000,1,0
1818,1,139212,158992,1789999582382792738,1789999582382936042,99667,143304,0.000000,1,0
1819,1,139711,159481,1789999582383196390,1789999582383344236,101695,147846,0.773425,1,1
1820,1,137951,157831,1789999582383605852,1789999582383745671,100292,139819,0.781143,1,1
1821,1,137991,157631,1789999582384005114,1789999582384153505,100760,148391,0.775548,1,1
1822,1,141081,161081,1789999582384417356,1789999582384550790,100887,133434,0.785954,1,1
1823,1,139541,159071,1789999582384813188,1789999582384957655,99694,144467,0.000000,1,0
1824,1,136670,156840,1789999582385215200,1789999582385356359,103212,141159,0.780316,1,1
1825,1,137830,158400,1789999582385618162,1789999582385763904,100190,145742,0.776206,1,1
1826,1,137930,157900,1789999582386023195,1789999582386167179,100657,143984,0.778702,1,1
1827,1,139700,159310,1789999582386429167,1789999582386565663,97495,136496,0.000000,1,0
1828,1,140100,159450,1789999582386825009,1789999582386971658,99602,146649,0.000000,1,0
1829,1,138210,159230,1789999582387230441,1789999582387371613,100259,141172,0.000000,1,0
1830,1,142790,163250,1789999582387635863,1789999582387765047,99537,129184,0.000000,1,0
1831,1,137610,157390,1789999582388024135,1789999582388159102,97714,134967,0.000000,1,0
1832,1,137610,157840,1789999582388419377,1789999582388558837,102371,139460,0.781815,1,1
1833,1,140771,160941,1789999582388824060,1789999582388964132,100889,140072,0.781073,1,1
1834,1,141670,162100,1789999582389228602,1789999582389360876,100487,132274,0.000000,1,0
1835,1,141380,161480,1789999582389624844,1789999582389756351,100564,131507,0.000000,1,0
1836,1,137630,156580,1789999582390016506,1789999582390150326,103181,133820,0.000000,1,0
1837,1,139171,158991,1789999582390414548,1789999582390543371,101228,128823,0.790099,1,1
1838,1,150121,170361,1789999582390815610,1789999582390943485,99236,127875,0.000000,1,0
1839,1,136991,157181,1789999582391201792,1789999582391354760,100193,152968,0.000000,1,0
1840,1,137111,157191,1789999582391613414,1789999582391760555,102441,147141,0.000000,1,0
1841,1,137021,156921,1789999582392021447,1789999582392160379,100109,138932,0.782793,1,1
1842,1,136381,156451,1789999582392418419,1789999582392581994,99296,163575,0.000000,1,0
1843,1,142471,162761,1789999582392845111,1789999582392991068,100704,145957,0.000000,1,0
1844,1,145931,165591,1789999582393265933,1789999582393390693,99881,124760,0.000000,1,0
1845,1,137831,157211,1789999582393649435,1789999582393792988,101718,143553,0.778141,1,1
1846,1,142281,161431,1789999582394057777,1789999582394196792,100266,139015,0.000000,1,0
1847,1,137161,156761,1789999582394456359,1789999582394594987,99673,138628,0.000000,1,0
1848,1,139311,158931,1789999582394855262,1789999582394998132,102721,142870,0.000000,1,0
1849,1,139131,158881,1789999582395266504,1789999582395398046,99499,131542,0.000000,1,0
1850,1,136991,156541,1789999582395655706,1789999582395800751,100906,145045,0.777714,1,1
1851,1,139741,159681,1789999582396062588,1789999582396196976,100593,134388,0.000000,1,0
1852,1,137771,157491,1789999582396456710,1789999582396594081,100110,137371,0.783756,1,1
1853,1,141491,161081,1789999582396856402,1789999582397000465,99818,144063,0.000000,1,0
1854,1,139951,159411,1789999582397266544,1789999582397405220,99495,138676,0.782331,1,1
1855,1,137031,156881,1789999582397664156,1789999582397814805,99923,150649,0.000000,1,0
1856,1,136821,155571,1789999582398072179,1789999582398215289,102821,143110,0.000000,1,0
1857,1,136361,156211,1789999582398477161,1789999582398615564,96798,138403,0.000000,1,0
1858,1,140061,159781,1789999582398873753,1789999582399019449,106165,145696,0.000000,1,0
1859,1,138751,158581,1789999582399285935,1789999582399432733,99793,146798,0.000000,1,0
1860,1,137251,157130,1789999582399690997,1789999582399844198,100410,153201,0.770884,1,1
1861,1,138630,163860,1789999582400104579,1789999582400243342,101118,138763,0.000000,1,0
1862,1,141360,161040,1789999582400508131,1789999582400643077,102376,134946,0.000000,1,0
1863,1,141960,161820,1789999582400908614,1789999582401046832,98153,138218,0.000000,1,0
1864,1,138380,159160,1789999582401307806,1789999582401454646,104782,146840,0.000000,1,0
1865,1,136710,156450,1789999582401717638,1789999582401865941,97409,148303,0.774865,1,1
1866,1,141840,162410,1789999582402126350,1789999582402271996,97685,145646,0.000000,1,0
1867,1,139800,159940,1789999582402531192,1789999582402680770,101364,149578,0.772922,1,1
1868,1,139570,159460,1789999582402943094,1789999582403091685,100591,148591,0.000000,1,0
1869,1,137650,157850,1789999582403351016,1789999582403490059,102918,139043,0.000000,1,0
1870,1,147351,166921,1789999582403762039,1789999582403892964,99286,130925,0.000000,1,0
1871,1,144180,164260,1789999582404157661,1789999582404292679,97863,135018,0.000000,1,0
1872,1,139191,159821,1789999582404551583,1789999582404699983,102761,148400,0.000000,1,0
1873,1,138261,158001,1789999582404962135,1789999582405103508,100428,141373,0.000000,1,0
1874,1,137301,157421,1789999582405362457,1789999582405505513,97115,143056,0.779504,1,1
1875,1,147641,167001,1789999582405772279,1789999582405909357,99993,137078,0.000000,1,0
1876,1,137491,158691,1789999582406170001,1789999582406320022,100920,150021,0.000000,1,0
1877,1,138210,158860,1789999582406580553,1789999582406723237,100588,142684,0.000000,1,0
1878,1,141000,160910,1789999582406986086,1789999582407130581,101546,144495,0.779185,1,1
1879,1,138230,157840,1789999582407392038,1789999582407533856,99463,141818,0.779613,1,1
1880,1,139080,158840,1789999582407795260,1789999582407943200,103282,147940,0.000000,1,0
1881,1,137630,157720,1789999582408205712,1789999582408347975,100469,142263,0.778577,1,1
1882,1,134700,155060,1789999582408604624,1789999582408752260,101236,147636,0.775973,1,1
1883,1,140570,160260,1789999582409015496,1789999582409166264,100284,150768,0.000000,1,0
1884,1,137130,156771,1789999582409425498,1789999582409571229,100401,145731,0.000000,1,0
1885,1,139621,159472,1789999582409833251,1789999582409974603,100370,141352,0.000000,1,0
1886,1,145411,166111,1789999582410241414,1789999582410377988,99967,136574,0.782089,1,1
1887,1,136290,156151,1789999582410635555,1789999582410788183,100134,152628,0.000000,1,0
1888,1,139201,158801,1789999582411049698,1789999582411193207,104132,143509,0.000000,1,0
1889,1,138091,157561,1789999582411456610,1789999582411599082,98219,142472,0.000000,1,0
1890,1,138911,159441,1789999582411857622,1789999582412008346,100017,150724,0.000000,1,0
1891,1,140551,160001,1789999582412271094,1789999582412410581,100864,139487,0.000000,1,0
1892,1,136741,155981,1789999582412669236,1789999582412814886,100342,145650,0.776501,1,1
1893,1,137441,156711,1789999582413074489,1789999582413225840,97800,151351,0.000000,1,0
1894,1,141571,161571,1789999582413487251,1789999582413632255,100867,145004,0.000000,1,0
1895,1,139261,159591,1789999582413894283,1789999582414031139,101165,136856,0.000000,1,0
1896,1,138351,158541,1789999582414294945,1789999582414431714,100082,136769,0.000000,1,0
1897,1,138161,158341,1789999582414691357,1789999582414842329,102259,150972,0.772644,1,1
1898,1,138381,160381,1789999582415107379,1789999582415247323,101437,139944,0.000000,1,0
1899,1,140241,159661,1789999582415510781,1789999582415650978,104735,140197,0.000000,1,0
1900,1,140271,160671,1789999582415917264,1789999582416057243,100552,139979,0.000000,1,0
1901,1,137901,156701,1789999582416317606,1789999582416457677,100560,140071,0.000000,1,0
1902,1,138861,157681,1789999582416717748,1789999582416858292,103787,140544,0.000000,1,0
1903,1,137551,158691,1789999582417120770,1789999582417256417,102484,135647,0.784376,1,1
1904,1,145101,164681,1789999582417525582,1789999582417657251,114112,131669,0.000000,1,0
1905,1,138331,158291,1789999582417931354,1789999582418089306,101339,157952,0.000000,1,0
1906,1,137031,156901,1789999582418349736,1789999582418504320,100157,154584,0.000000,1,0
1907,1,144482,164092,1789999582418769869,1789999582418908075,102855,138206,0.000000,1,0
1908,1,137481,157951,1789999582419169571,1789999582419308410,100472,138839,0.000000,1,0
1909,1,137981,157511,1789999582419568273,1789999582419711944,100520,143671,0.000000,1,0
1910,1,141111,161271,1789999582419974725,1789999582420122169,99827,147444,0.000000,1,0
1911,1,135881,155711,1789999582420380417,1789999582420523824,98584,143407,0.000000,1,0
1912,1,139391,159031,1789999582420783099,1789999582420929708,105412,146609,0.776431,1,1
1913,1,137021,157371,1789999582421193101,1789999582421339113,100449,146012,0.776626,1,1
1914,1,137321,157291,1789999582421598203,1789999582421743637,99648,145434,0.000000,1,0
1915,1,140911,160951,1789999582422005626,1789999582422173242,101585,167616,0.000000,1,0
1916,1,136261,156131,1789999582422432508,1789999582422570666,99583,138158,0.782826,1,1
1917,1,138481,158181,1789999582422829870,1789999582422974201,100200,144331,0.000000,1,0
1918,1,140871,161271,1789999582423236622,1789999582423373686,100417,137064,0.783067,1,1
1919,1,144751,164961,1789999582423641364,1789999582423781890,99995,140526,0.000000,1,0
1920,1,137061,156901,1789999582424040206,1789999582424190135,104982,149929,0.774113,1,1
1921,1,135650,155990,1789999582424451918,1789999582424591080,99779,139162,0.000000,1,0
1922,1,139031,158731,1789999582424851051,1789999582424995084,100538,144033,0.000000,1,0
1923,1,143530,164140,1789999582425267733,1789999582425394379,100075,126646,0.000000,1,0
1924,1,136820,156850,1789999582425653365,1789999582425799854,101232,146489,0.000000,1,0
1925,1,137090,156910,1789999582426059267,1789999582426203038,101750,143771,0.779233,1,1
1926,1,140640,161140,1789999582426467429,1789999582426601593,99017,134164,0.000000,1,0
1927,1,138531,158301,1789999582426860981,1789999582427012428,100324,151447,0.772968,1,1
1928,1,137241,157511,1789999582427279533,1789999582427420062,102892,140529,0.000000,1,0
1929,1,137411,157421,1789999582427682535,1789999582427833897,100270,151362,0.772157,1,1
1930,1,137331,156861,1789999582428092898,1789999582428235252,101927,142354,0.000000,1,0
1931,1,140601,160801,1789999582428499570,1789999582428632246,100285,132676,0.785271,1,1
1932,1,151391,171451,1789999582428905202,1789999582429033881,101422,128679,0.000000,1,0
1933,1,137011,156401,1789999582429294134,1789999582429432926,100319,138792,0.000000,1,0
1934,1,138541,159081,1789999582429709686,1789999582429838010,100067,128324,0.791277,1,1
1935,1,135141,161581,1789999582430094208,1789999582430236445,103454,142237,0.780472,1,1
1936,1,138001,156731,1789999582430499570,1789999582430633770,103122,134200,0.785585,1,1
1937,1,144821,164191,1789999582430902993,1789999582431034874,101050,131881,0.787521,1,1
1938,1,137081,157431,1789999582431295455,1789999582431441529,100867,146074,0.000000,1,0
1939,1,138841,159371,1789999582431703307,1789999582431845024,100254,141717,0.000000,1,0
1940,1,137291,162011,1789999582432106099,1789999582432248608,101712,142509,0.000000,1,0
1941,1,137061,156891,1789999582432509021,1789999582432648703,104999,139682,0.781463,1,1
1942,1,144241,164051,1789999582432919863,1789999582433053548,102696,133685,0.000000,1,0
1943,1,139771,159631,1789999582433317615,1789999582433460532,100914,142917,0.000000,1,0
1944,1,137422,157502,1789999582433721238,1789999582433874637,103362,153399,0.770468,1,1
1945,1,139120,159130,1789999582434138510,1789999582434277992,102819,139482,0.000000,1,0
1946,1,137560,157330,1789999582434539922,1789999582434709036,100958,169114,0.758322,1,1
1947,1,139400,159510,1789999582434971234,1789999582435108361,100825,137127,0.000000,1,0
1948,1,137420,157460,1789999582435368006,1789999582435506405,100803,138399,0.000000,1,0
1949,1,144780,164481,1789999582435773378,1789999582435906620,99360,133242,0.000000,1,0
1950,1,138660,158670,1789999582436166650,1789999582436305455,101447,138805,0.781925,1,1
1951,1,137910,157880,1789999582436566082,1789999582436707559,100976,141477,0.000000,1,0
1952,1,140180,160211,1789999582436969935,1789999582437107144,103873,137209,0.781573,1,1
1953,1,137550,157441,1789999582437371347,1789999582437514219,100870,142872,0.779442,1,1
1954,1,144050,163541,1789999582437780949,1789999582437916083,101118,135134,0.000000,1,0
1955,1,138510,158380,1789999582438177541,1789999582438314448,100285,136907,0.000000,1,0
1956,1,136220,155620,1789999582438572153,1789999582438716593,100162,144440,0.777628,1,1
1957,1,136170,155730,1789999582438974315,1789999582439117817,102169,143502,0.000000,1,0
1958,1,142960,162540,1789999582439385267,1789999582439522482,99576,137215,0.000000,1,0
1959,1,141301,161321,1789999582439787290,1789999582439922656,101625,135366,0.000000,1,0
1960,1,136170,157050,1789999582440181832,1789999582440329731,103162,147899,0.000000,1,0
1961,1,137440,157240,1789999582440594094,1789999582440743556,100349,149462,0.000000,1,0
1962,1,139990,159910,1789999582441005296,1789999582441141900,100827,136604,0.784274,1,1
1963,1,139741,159801,1789999582441404538,1789999582441539725,100464,135187,0.782832,1,1
1964,1,138051,157651,1789999582441800410,1789999582441938580,101371,138170,0.000000,1,0
1965,1,135421,155571,1789999582442196942,1789999582442336864,99709,139922,0.000000,1,0
1966,1,140341,160211,1789999582442598684,1789999582442735539,100877,136855,0.783905,1,1
1967,1,136021,156041,1789999582442994127,1789999582443140124,101724,145997,0.776967,1,1
1968,1,136821,156711,1789999582443401569,1789999582443541398,106062,139829,0.781418,1,1
1969,1,142671,162231,1789999582443811821,1789999582443941893,101179,130072,0.000000,1,0
1970,1,146081,165981,1789999582444210203,1789999582444358028,100866,147825,0.000000,1,0
1971,1,138420,158190,1789999582444619085,1789999582444760472,99734,141387,0.000000,1,0
1972,1,136920,157050,1789999582445018667,1789999582445161837,102271,143170,0.000000,1,0
1973,1,136770,156460,1789999582445422309,1789999582445564682,99928,142373,0.000000,1,0
1974,1,141621,161761,1789999582445827692,1789999582445964916,100057,137224,0.000000,1,0
1975,1,138940,160550,1789999582446225434,1789999582446361191,100194,135757,0.000000,1,0
1976,1,135400,155370,1789999582446619016,1789999582446764306,103401,145290,0.777628,1,1
1977,1,137310,157470,1789999582447026308,1789999582447163751,101088,137443,0.000000,1,0
1978,1,135840,156300,1789999582447421700,1789999582447571135,98607,149435,0.774640,1,1
1979,1,139330,159550,1789999582447830892,1789999582447970480,98784,139588,0.780136,1,1
1980,1,134800,154610,1789999582448225584,1789999582448397474,98652,171890,0.000000,1,0
1981,1,135890,156131,1789999582448654216,1789999582448833328,98801,179112,0.000000,1,0
1982,1,140311,165381,1789999582449093920,1789999582449265933,101038,172013,0.757898,1,1
1983,1,136581,156211,1789999582449525782,1789999582449666857,100366,141075,0.000000,1,0
1984,1,136951,156111,1789999582449926064,1789999582450095482,104813,169418,0.759309,1,1
1985,1,138091,158081,1789999582450360556,1789999582450492697,100490,132141,0.786646,1,1
1986,1,136751,156921,1789999582450751418,1789999582450931331,98908,179913,0.000000,1,0
1987,1,138721,158551,1789999582451190720,1789999582451360195,101376,169475,0.757770,1,1
1988,1,136931,157641,1789999582451619732,1789999582451764370,100784,144638,0.000000,1,0
1989,1,135741,155351,1789999582452022825,1789999582452194624,100692,171799,0.000000,1,0
1990,1,140251,160251,1789999582452457267,1789999582452620528,100870,163261,0.763948,1,1
1991,1,138450,158400,1789999582452884439,1789999582453023133,102737,138694,0.000000,1,0
1992,1,138160,157040,1789999582453286221,1789999582453424708,102474,138487,0.000000,1,0
1993,1,144291,164861,1789999582453692113,1789999582453859872,99143,167759,0.760053,1,1
1994,1,142380,162640,1789999582454122395,1789999582454284716,100701,162321,0.000000,1,0
1995,1,136720,156691,1789999582454543617,1789999582454716601,101409,172984,0.000000,1,0
1996,1,138301,158061,1789999582454978461,1789999582455121795,102227,143334,0.778897,1,1
1997,1,137081,156991,1789999582455382643,1789999582455523600,101504,140957,0.780276,1,1
1998,1,143611,163621,1789999582455789485,1789999582455923595,100931,134110,0.000000,1,0
1999,1,138161,158291,1789999582456184187,1789999582456323599,100659,139412,0.781089,1,1
